
 /----------------------------------------------------------------------------\
 |  yosys -- Yosys Open SYnthesis Suite                                       |
 |  Copyright (C) 2012 - 2026  Claire Xenia Wolf <claire@yosyshq.com>         |
 |  Distributed under an ISC-like license, type "license" to see terms        |
 \----------------------------------------------------------------------------/
 Yosys 0.62 (git sha1 7326bb7d6, g++ 9.4.0-1ubuntu1~20.04.2 -fPIC -O3)

-- Running command `
    read_verilog bench/bench007/rtl/bench_meter.v bench/bench007/rtl/bench007_probe_ax7203.v;
    synth_xilinx -flatten -abc9 -arch xc7 -top bench007_probe_ax7203;
    write_json build/bench007/bench007_probe_ax7203.json' --

1. Executing Verilog-2005 frontend: bench/bench007/rtl/bench_meter.v
Parsing Verilog input from `bench/bench007/rtl/bench_meter.v' to AST representation.
Generating RTLIL representation for module `\bench_meter'.
Successfully finished Verilog frontend.

2. Executing Verilog-2005 frontend: bench/bench007/rtl/bench007_probe_ax7203.v
Parsing Verilog input from `bench/bench007/rtl/bench007_probe_ax7203.v' to AST representation.
Generating RTLIL representation for module `\bench007_probe_ax7203'.
bench/bench007/rtl/bench007_probe_ax7203.v:38: Warning: Replacing floating point parameter startup.SIM_CCLK_FREQ = 10.000000 with string.
Successfully finished Verilog frontend.

3. Executing SYNTH_XILINX pass.

3.1. Executing Verilog-2005 frontend: /usr/local/bin/../share/yosys/xilinx/cells_sim.v
Parsing Verilog input from `/usr/local/bin/../share/yosys/xilinx/cells_sim.v' to AST representation.
Generating RTLIL representation for module `\VCC'.
Generating RTLIL representation for module `\GND'.
Generating RTLIL representation for module `\IBUF'.
Generating RTLIL representation for module `\IBUFG'.
Generating RTLIL representation for module `\OBUF'.
Generating RTLIL representation for module `\IOBUF'.
Generating RTLIL representation for module `\OBUFT'.
Generating RTLIL representation for module `\BUFG'.
Generating RTLIL representation for module `\BUFGCTRL'.
Generating RTLIL representation for module `\BUFHCE'.
Generating RTLIL representation for module `\INV'.
Generating RTLIL representation for module `\LUT1'.
Generating RTLIL representation for module `\LUT2'.
Generating RTLIL representation for module `\LUT3'.
Generating RTLIL representation for module `\LUT4'.
Generating RTLIL representation for module `\LUT5'.
Generating RTLIL representation for module `\LUT6'.
Generating RTLIL representation for module `\LUT6_2'.
Generating RTLIL representation for module `\$__ABC9_LUT7'.
Generating RTLIL representation for module `\$__ABC9_LUT8'.
Generating RTLIL representation for module `\MUXCY'.
Generating RTLIL representation for module `\MUXF5'.
Generating RTLIL representation for module `\MUXF6'.
Generating RTLIL representation for module `\MUXF7'.
Generating RTLIL representation for module `\MUXF8'.
Generating RTLIL representation for module `\MUXF9'.
Generating RTLIL representation for module `\XORCY'.
Generating RTLIL representation for module `\CARRY4'.
Generating RTLIL representation for module `\CARRY8'.
Generating RTLIL representation for module `\ORCY'.
Generating RTLIL representation for module `\MULT_AND'.
Generating RTLIL representation for module `\FDRE'.
Generating RTLIL representation for module `\FDRE_1'.
Generating RTLIL representation for module `\FDSE'.
Generating RTLIL representation for module `\FDSE_1'.
Generating RTLIL representation for module `\FDRSE'.
Generating RTLIL representation for module `\FDRSE_1'.
Generating RTLIL representation for module `\FDCE'.
Generating RTLIL representation for module `\FDCE_1'.
Generating RTLIL representation for module `\FDPE'.
Generating RTLIL representation for module `\FDPE_1'.
Generating RTLIL representation for module `\FDCPE'.
Generating RTLIL representation for module `\FDCPE_1'.
Generating RTLIL representation for module `\LDCE'.
Generating RTLIL representation for module `\LDPE'.
Generating RTLIL representation for module `\LDCPE'.
Generating RTLIL representation for module `\AND2B1L'.
Generating RTLIL representation for module `\OR2L'.
Generating RTLIL representation for module `\RAM16X1S'.
Generating RTLIL representation for module `\RAM16X1S_1'.
Generating RTLIL representation for module `\RAM32X1S'.
Generating RTLIL representation for module `\RAM32X1S_1'.
Generating RTLIL representation for module `\RAM64X1S'.
Generating RTLIL representation for module `\RAM64X1S_1'.
Generating RTLIL representation for module `\RAM128X1S'.
Generating RTLIL representation for module `\RAM128X1S_1'.
Generating RTLIL representation for module `\RAM256X1S'.
Generating RTLIL representation for module `\RAM512X1S'.
Generating RTLIL representation for module `\RAM16X2S'.
Generating RTLIL representation for module `\RAM32X2S'.
Generating RTLIL representation for module `\RAM64X2S'.
Generating RTLIL representation for module `\RAM16X4S'.
Generating RTLIL representation for module `\RAM32X4S'.
Generating RTLIL representation for module `\RAM16X8S'.
Generating RTLIL representation for module `\RAM32X8S'.
Generating RTLIL representation for module `\RAM16X1D'.
Generating RTLIL representation for module `\RAM16X1D_1'.
Generating RTLIL representation for module `\RAM32X1D'.
Generating RTLIL representation for module `\RAM32X1D_1'.
Generating RTLIL representation for module `\RAM64X1D'.
Generating RTLIL representation for module `\RAM64X1D_1'.
Generating RTLIL representation for module `\RAM128X1D'.
Generating RTLIL representation for module `\RAM256X1D'.
Generating RTLIL representation for module `\RAM32M'.
Generating RTLIL representation for module `\RAM32M16'.
Generating RTLIL representation for module `\RAM64M'.
Generating RTLIL representation for module `\RAM64M8'.
Generating RTLIL representation for module `\RAM32X16DR8'.
Generating RTLIL representation for module `\RAM64X8SW'.
Generating RTLIL representation for module `\ROM16X1'.
Generating RTLIL representation for module `\ROM32X1'.
Generating RTLIL representation for module `\ROM64X1'.
Generating RTLIL representation for module `\ROM128X1'.
Generating RTLIL representation for module `\ROM256X1'.
Generating RTLIL representation for module `\SRL16'.
Generating RTLIL representation for module `\SRL16E'.
Generating RTLIL representation for module `\SRLC16'.
Generating RTLIL representation for module `\SRLC16E'.
Generating RTLIL representation for module `\SRLC32E'.
Generating RTLIL representation for module `\CFGLUT5'.
Generating RTLIL representation for module `\MULT18X18'.
Generating RTLIL representation for module `\MULT18X18S'.
Generating RTLIL representation for module `\MULT18X18SIO'.
Generating RTLIL representation for module `\DSP48A'.
Generating RTLIL representation for module `\DSP48A1'.
Generating RTLIL representation for module `\DSP48'.
Generating RTLIL representation for module `\DSP48E1'.
Generating RTLIL representation for module `\RAMB18E1'.
Generating RTLIL representation for module `\RAMB36E1'.
Successfully finished Verilog frontend.

3.2. Executing Verilog-2005 frontend: /usr/local/bin/../share/yosys/xilinx/cells_xtra.v
Parsing Verilog input from `/usr/local/bin/../share/yosys/xilinx/cells_xtra.v' to AST representation.
Generating RTLIL representation for module `\RAMB4_S1'.
Generating RTLIL representation for module `\RAMB4_S2'.
Generating RTLIL representation for module `\RAMB4_S4'.
Generating RTLIL representation for module `\RAMB4_S8'.
Generating RTLIL representation for module `\RAMB4_S16'.
Generating RTLIL representation for module `\RAMB4_S1_S1'.
Generating RTLIL representation for module `\RAMB4_S1_S2'.
Generating RTLIL representation for module `\RAMB4_S1_S4'.
Generating RTLIL representation for module `\RAMB4_S1_S8'.
Generating RTLIL representation for module `\RAMB4_S1_S16'.
Generating RTLIL representation for module `\RAMB4_S2_S2'.
Generating RTLIL representation for module `\RAMB4_S2_S4'.
Generating RTLIL representation for module `\RAMB4_S2_S8'.
Generating RTLIL representation for module `\RAMB4_S2_S16'.
Generating RTLIL representation for module `\RAMB4_S4_S4'.
Generating RTLIL representation for module `\RAMB4_S4_S8'.
Generating RTLIL representation for module `\RAMB4_S4_S16'.
Generating RTLIL representation for module `\RAMB4_S8_S8'.
Generating RTLIL representation for module `\RAMB4_S8_S16'.
Generating RTLIL representation for module `\RAMB4_S16_S16'.
Generating RTLIL representation for module `\RAMB16_S1'.
Generating RTLIL representation for module `\RAMB16_S2'.
Generating RTLIL representation for module `\RAMB16_S4'.
Generating RTLIL representation for module `\RAMB16_S9'.
Generating RTLIL representation for module `\RAMB16_S18'.
Generating RTLIL representation for module `\RAMB16_S36'.
Generating RTLIL representation for module `\RAMB16_S1_S1'.
Generating RTLIL representation for module `\RAMB16_S1_S2'.
Generating RTLIL representation for module `\RAMB16_S1_S4'.
Generating RTLIL representation for module `\RAMB16_S1_S9'.
Generating RTLIL representation for module `\RAMB16_S1_S18'.
Generating RTLIL representation for module `\RAMB16_S1_S36'.
Generating RTLIL representation for module `\RAMB16_S2_S2'.
Generating RTLIL representation for module `\RAMB16_S2_S4'.
Generating RTLIL representation for module `\RAMB16_S2_S9'.
Generating RTLIL representation for module `\RAMB16_S2_S18'.
Generating RTLIL representation for module `\RAMB16_S2_S36'.
Generating RTLIL representation for module `\RAMB16_S4_S4'.
Generating RTLIL representation for module `\RAMB16_S4_S9'.
Generating RTLIL representation for module `\RAMB16_S4_S18'.
Generating RTLIL representation for module `\RAMB16_S4_S36'.
Generating RTLIL representation for module `\RAMB16_S9_S9'.
Generating RTLIL representation for module `\RAMB16_S9_S18'.
Generating RTLIL representation for module `\RAMB16_S9_S36'.
Generating RTLIL representation for module `\RAMB16_S18_S18'.
Generating RTLIL representation for module `\RAMB16_S18_S36'.
Generating RTLIL representation for module `\RAMB16_S36_S36'.
Generating RTLIL representation for module `\RAMB16BWE_S18'.
Generating RTLIL representation for module `\RAMB16BWE_S36'.
Generating RTLIL representation for module `\RAMB16BWE_S18_S9'.
Generating RTLIL representation for module `\RAMB16BWE_S18_S18'.
Generating RTLIL representation for module `\RAMB16BWE_S36_S9'.
Generating RTLIL representation for module `\RAMB16BWE_S36_S18'.
Generating RTLIL representation for module `\RAMB16BWE_S36_S36'.
Generating RTLIL representation for module `\RAMB16BWER'.
Generating RTLIL representation for module `\RAMB8BWER'.
Generating RTLIL representation for module `\FIFO16'.
Generating RTLIL representation for module `\RAMB16'.
Generating RTLIL representation for module `\RAMB32_S64_ECC'.
Generating RTLIL representation for module `\FIFO18'.
Generating RTLIL representation for module `\FIFO18_36'.
Generating RTLIL representation for module `\FIFO36'.
Generating RTLIL representation for module `\FIFO36_72'.
Generating RTLIL representation for module `\RAMB18'.
Generating RTLIL representation for module `\RAMB36'.
Generating RTLIL representation for module `\RAMB18SDP'.
Generating RTLIL representation for module `\RAMB36SDP'.
Generating RTLIL representation for module `\FIFO18E1'.
Generating RTLIL representation for module `\FIFO36E1'.
Generating RTLIL representation for module `\FIFO18E2'.
Generating RTLIL representation for module `\FIFO36E2'.
Generating RTLIL representation for module `\RAMB18E2'.
Generating RTLIL representation for module `\RAMB36E2'.
Generating RTLIL representation for module `\URAM288'.
Generating RTLIL representation for module `\URAM288_BASE'.
Generating RTLIL representation for module `\DSP48E'.
Generating RTLIL representation for module `\DSP48E2'.
Generating RTLIL representation for module `\FDDRCPE'.
Generating RTLIL representation for module `\FDDRRSE'.
Generating RTLIL representation for module `\IFDDRCPE'.
Generating RTLIL representation for module `\IFDDRRSE'.
Generating RTLIL representation for module `\OFDDRCPE'.
Generating RTLIL representation for module `\OFDDRRSE'.
Generating RTLIL representation for module `\OFDDRTCPE'.
Generating RTLIL representation for module `\OFDDRTRSE'.
Generating RTLIL representation for module `\IDDR2'.
Generating RTLIL representation for module `\ODDR2'.
Generating RTLIL representation for module `\IDDR'.
Generating RTLIL representation for module `\IDDR_2CLK'.
Generating RTLIL representation for module `\ODDR'.
Generating RTLIL representation for module `\IDELAYCTRL'.
Generating RTLIL representation for module `\IDELAY'.
Generating RTLIL representation for module `\ISERDES'.
Generating RTLIL representation for module `\OSERDES'.
Generating RTLIL representation for module `\IODELAY'.
Generating RTLIL representation for module `\ISERDES_NODELAY'.
Generating RTLIL representation for module `\IODELAYE1'.
Generating RTLIL representation for module `\ISERDESE1'.
Generating RTLIL representation for module `\OSERDESE1'.
Generating RTLIL representation for module `\IDELAYE2'.
Generating RTLIL representation for module `\ODELAYE2'.
Generating RTLIL representation for module `\ISERDESE2'.
Generating RTLIL representation for module `\OSERDESE2'.
Generating RTLIL representation for module `\PHASER_IN'.
Generating RTLIL representation for module `\PHASER_IN_PHY'.
Generating RTLIL representation for module `\PHASER_OUT'.
Generating RTLIL representation for module `\PHASER_OUT_PHY'.
Generating RTLIL representation for module `\PHASER_REF'.
Generating RTLIL representation for module `\PHY_CONTROL'.
Generating RTLIL representation for module `\IDDRE1'.
Generating RTLIL representation for module `\ODDRE1'.
Generating RTLIL representation for module `\IDELAYE3'.
Generating RTLIL representation for module `\ODELAYE3'.
Generating RTLIL representation for module `\ISERDESE3'.
Generating RTLIL representation for module `\OSERDESE3'.
Generating RTLIL representation for module `\BITSLICE_CONTROL'.
Generating RTLIL representation for module `\RIU_OR'.
Generating RTLIL representation for module `\RX_BITSLICE'.
Generating RTLIL representation for module `\RXTX_BITSLICE'.
Generating RTLIL representation for module `\TX_BITSLICE'.
Generating RTLIL representation for module `\TX_BITSLICE_TRI'.
Generating RTLIL representation for module `\IODELAY2'.
Generating RTLIL representation for module `\IODRP2'.
Generating RTLIL representation for module `\IODRP2_MCB'.
Generating RTLIL representation for module `\ISERDES2'.
Generating RTLIL representation for module `\OSERDES2'.
Generating RTLIL representation for module `\IBUF_DLY_ADJ'.
Generating RTLIL representation for module `\IBUF_IBUFDISABLE'.
Generating RTLIL representation for module `\IBUF_INTERMDISABLE'.
Generating RTLIL representation for module `\IBUF_ANALOG'.
Generating RTLIL representation for module `\IBUFE3'.
Generating RTLIL representation for module `\IBUFDS'.
Generating RTLIL representation for module `\IBUFDS_DLY_ADJ'.
Generating RTLIL representation for module `\IBUFDS_IBUFDISABLE'.
Generating RTLIL representation for module `\IBUFDS_INTERMDISABLE'.
Generating RTLIL representation for module `\IBUFDS_DIFF_OUT'.
Generating RTLIL representation for module `\IBUFDS_DIFF_OUT_IBUFDISABLE'.
Generating RTLIL representation for module `\IBUFDS_DIFF_OUT_INTERMDISABLE'.
Generating RTLIL representation for module `\IBUFDSE3'.
Generating RTLIL representation for module `\IBUFDS_DPHY'.
Generating RTLIL representation for module `\IBUFGDS'.
Generating RTLIL representation for module `\IBUFGDS_DIFF_OUT'.
Generating RTLIL representation for module `\IOBUF_DCIEN'.
Generating RTLIL representation for module `\IOBUF_INTERMDISABLE'.
Generating RTLIL representation for module `\IOBUFE3'.
Generating RTLIL representation for module `\IOBUFDS'.
Generating RTLIL representation for module `\IOBUFDS_DCIEN'.
Generating RTLIL representation for module `\IOBUFDS_INTERMDISABLE'.
Generating RTLIL representation for module `\IOBUFDS_DIFF_OUT'.
Generating RTLIL representation for module `\IOBUFDS_DIFF_OUT_DCIEN'.
Generating RTLIL representation for module `\IOBUFDS_DIFF_OUT_INTERMDISABLE'.
Generating RTLIL representation for module `\IOBUFDSE3'.
Generating RTLIL representation for module `\OBUFDS'.
Generating RTLIL representation for module `\OBUFDS_DPHY'.
Generating RTLIL representation for module `\OBUFTDS'.
Generating RTLIL representation for module `\KEEPER'.
Generating RTLIL representation for module `\PULLDOWN'.
Generating RTLIL representation for module `\PULLUP'.
Generating RTLIL representation for module `\DCIRESET'.
Generating RTLIL representation for module `\HPIO_VREF'.
Generating RTLIL representation for module `\BUFGCE'.
Generating RTLIL representation for module `\BUFGCE_1'.
Generating RTLIL representation for module `\BUFGMUX'.
Generating RTLIL representation for module `\BUFGMUX_1'.
Generating RTLIL representation for module `\BUFGMUX_CTRL'.
Generating RTLIL representation for module `\BUFGMUX_VIRTEX4'.
Generating RTLIL representation for module `\BUFG_GT'.
Generating RTLIL representation for module `\BUFG_GT_SYNC'.
Generating RTLIL representation for module `\BUFG_PS'.
Generating RTLIL representation for module `\BUFGCE_DIV'.
Generating RTLIL representation for module `\BUFH'.
Generating RTLIL representation for module `\BUFIO2'.
Generating RTLIL representation for module `\BUFIO2_2CLK'.
Generating RTLIL representation for module `\BUFIO2FB'.
Generating RTLIL representation for module `\BUFPLL'.
Generating RTLIL representation for module `\BUFPLL_MCB'.
Generating RTLIL representation for module `\BUFIO'.
Generating RTLIL representation for module `\BUFIODQS'.
Generating RTLIL representation for module `\BUFR'.
Generating RTLIL representation for module `\BUFMR'.
Generating RTLIL representation for module `\BUFMRCE'.
Generating RTLIL representation for module `\DCM'.
Generating RTLIL representation for module `\DCM_SP'.
Generating RTLIL representation for module `\DCM_CLKGEN'.
Generating RTLIL representation for module `\DCM_ADV'.
Generating RTLIL representation for module `\DCM_BASE'.
Generating RTLIL representation for module `\DCM_PS'.
Generating RTLIL representation for module `\PMCD'.
Generating RTLIL representation for module `\PLL_ADV'.
Generating RTLIL representation for module `\PLL_BASE'.
Generating RTLIL representation for module `\MMCM_ADV'.
Generating RTLIL representation for module `\MMCM_BASE'.
Generating RTLIL representation for module `\MMCME2_ADV'.
Generating RTLIL representation for module `\MMCME2_BASE'.
Generating RTLIL representation for module `\PLLE2_ADV'.
Generating RTLIL representation for module `\PLLE2_BASE'.
Generating RTLIL representation for module `\MMCME3_ADV'.
Generating RTLIL representation for module `\MMCME3_BASE'.
Generating RTLIL representation for module `\PLLE3_ADV'.
Generating RTLIL representation for module `\PLLE3_BASE'.
Generating RTLIL representation for module `\MMCME4_ADV'.
Generating RTLIL representation for module `\MMCME4_BASE'.
Generating RTLIL representation for module `\PLLE4_ADV'.
Generating RTLIL representation for module `\PLLE4_BASE'.
Generating RTLIL representation for module `\BUFT'.
Generating RTLIL representation for module `\IN_FIFO'.
Generating RTLIL representation for module `\OUT_FIFO'.
Generating RTLIL representation for module `\HARD_SYNC'.
Generating RTLIL representation for module `\STARTUP_SPARTAN3'.
Generating RTLIL representation for module `\STARTUP_SPARTAN3E'.
Generating RTLIL representation for module `\STARTUP_SPARTAN3A'.
Generating RTLIL representation for module `\STARTUP_SPARTAN6'.
Generating RTLIL representation for module `\STARTUP_VIRTEX4'.
Generating RTLIL representation for module `\STARTUP_VIRTEX5'.
Generating RTLIL representation for module `\STARTUP_VIRTEX6'.
Generating RTLIL representation for module `\STARTUPE2'.
Generating RTLIL representation for module `\STARTUPE3'.
Generating RTLIL representation for module `\CAPTURE_SPARTAN3'.
Generating RTLIL representation for module `\CAPTURE_SPARTAN3A'.
Generating RTLIL representation for module `\CAPTURE_VIRTEX4'.
Generating RTLIL representation for module `\CAPTURE_VIRTEX5'.
Generating RTLIL representation for module `\CAPTURE_VIRTEX6'.
Generating RTLIL representation for module `\CAPTUREE2'.
Generating RTLIL representation for module `\ICAP_SPARTAN3A'.
Generating RTLIL representation for module `\ICAP_SPARTAN6'.
Generating RTLIL representation for module `\ICAP_VIRTEX4'.
Generating RTLIL representation for module `\ICAP_VIRTEX5'.
Generating RTLIL representation for module `\ICAP_VIRTEX6'.
Generating RTLIL representation for module `\ICAPE2'.
Generating RTLIL representation for module `\ICAPE3'.
Generating RTLIL representation for module `\BSCAN_SPARTAN3'.
Generating RTLIL representation for module `\BSCAN_SPARTAN3A'.
Generating RTLIL representation for module `\BSCAN_SPARTAN6'.
Generating RTLIL representation for module `\BSCAN_VIRTEX4'.
Generating RTLIL representation for module `\BSCAN_VIRTEX5'.
Generating RTLIL representation for module `\BSCAN_VIRTEX6'.
Generating RTLIL representation for module `\BSCANE2'.
Generating RTLIL representation for module `\DNA_PORT'.
Generating RTLIL representation for module `\DNA_PORTE2'.
Generating RTLIL representation for module `\FRAME_ECC_VIRTEX4'.
Generating RTLIL representation for module `\FRAME_ECC_VIRTEX5'.
Generating RTLIL representation for module `\FRAME_ECC_VIRTEX6'.
Generating RTLIL representation for module `\FRAME_ECCE2'.
Generating RTLIL representation for module `\FRAME_ECCE3'.
Generating RTLIL representation for module `\FRAME_ECCE4'.
Generating RTLIL representation for module `\USR_ACCESS_VIRTEX4'.
Generating RTLIL representation for module `\USR_ACCESS_VIRTEX5'.
Generating RTLIL representation for module `\USR_ACCESS_VIRTEX6'.
Generating RTLIL representation for module `\USR_ACCESSE2'.
Generating RTLIL representation for module `\POST_CRC_INTERNAL'.
Generating RTLIL representation for module `\SUSPEND_SYNC'.
Generating RTLIL representation for module `\KEY_CLEAR'.
Generating RTLIL representation for module `\MASTER_JTAG'.
Generating RTLIL representation for module `\SPI_ACCESS'.
Generating RTLIL representation for module `\EFUSE_USR'.
Generating RTLIL representation for module `\SYSMON'.
Generating RTLIL representation for module `\XADC'.
Generating RTLIL representation for module `\SYSMONE1'.
Generating RTLIL representation for module `\SYSMONE4'.
Generating RTLIL representation for module `\GTPA1_DUAL'.
Generating RTLIL representation for module `\GT11_CUSTOM'.
Generating RTLIL representation for module `\GT11_DUAL'.
Generating RTLIL representation for module `\GT11CLK'.
Generating RTLIL representation for module `\GT11CLK_MGT'.
Generating RTLIL representation for module `\GTP_DUAL'.
Generating RTLIL representation for module `\GTX_DUAL'.
Generating RTLIL representation for module `\CRC32'.
Generating RTLIL representation for module `\CRC64'.
Generating RTLIL representation for module `\GTHE1_QUAD'.
Generating RTLIL representation for module `\GTXE1'.
Generating RTLIL representation for module `\IBUFDS_GTXE1'.
Generating RTLIL representation for module `\IBUFDS_GTHE1'.
Generating RTLIL representation for module `\GTHE2_CHANNEL'.
Generating RTLIL representation for module `\GTHE2_COMMON'.
Generating RTLIL representation for module `\GTPE2_CHANNEL'.
Generating RTLIL representation for module `\GTPE2_COMMON'.
Generating RTLIL representation for module `\GTXE2_CHANNEL'.
Generating RTLIL representation for module `\GTXE2_COMMON'.
Generating RTLIL representation for module `\IBUFDS_GTE2'.
Generating RTLIL representation for module `\GTHE3_CHANNEL'.
Generating RTLIL representation for module `\GTHE3_COMMON'.
Generating RTLIL representation for module `\GTYE3_CHANNEL'.
Generating RTLIL representation for module `\GTYE3_COMMON'.
Generating RTLIL representation for module `\IBUFDS_GTE3'.
Generating RTLIL representation for module `\OBUFDS_GTE3'.
Generating RTLIL representation for module `\OBUFDS_GTE3_ADV'.
Generating RTLIL representation for module `\GTHE4_CHANNEL'.
Generating RTLIL representation for module `\GTHE4_COMMON'.
Generating RTLIL representation for module `\GTYE4_CHANNEL'.
Generating RTLIL representation for module `\GTYE4_COMMON'.
Generating RTLIL representation for module `\IBUFDS_GTE4'.
Generating RTLIL representation for module `\OBUFDS_GTE4'.
Generating RTLIL representation for module `\OBUFDS_GTE4_ADV'.
Generating RTLIL representation for module `\GTM_DUAL'.
Generating RTLIL representation for module `\IBUFDS_GTM'.
Generating RTLIL representation for module `\OBUFDS_GTM'.
Generating RTLIL representation for module `\OBUFDS_GTM_ADV'.
Generating RTLIL representation for module `\HSDAC'.
Generating RTLIL representation for module `\HSADC'.
Generating RTLIL representation for module `\RFDAC'.
Generating RTLIL representation for module `\RFADC'.
Generating RTLIL representation for module `\PCIE_A1'.
Generating RTLIL representation for module `\PCIE_EP'.
Generating RTLIL representation for module `\PCIE_2_0'.
Generating RTLIL representation for module `\PCIE_2_1'.
Generating RTLIL representation for module `\PCIE_3_0'.
Generating RTLIL representation for module `\PCIE_3_1'.
Generating RTLIL representation for module `\PCIE40E4'.
Generating RTLIL representation for module `\PCIE4CE4'.
Generating RTLIL representation for module `\EMAC'.
Generating RTLIL representation for module `\TEMAC'.
Generating RTLIL representation for module `\TEMAC_SINGLE'.
Generating RTLIL representation for module `\CMAC'.
Generating RTLIL representation for module `\CMACE4'.
Generating RTLIL representation for module `\MCB'.
Generating RTLIL representation for module `\HBM_REF_CLK'.
Generating RTLIL representation for module `\HBM_SNGLBLI_INTF_APB'.
Generating RTLIL representation for module `\HBM_SNGLBLI_INTF_AXI'.
Generating RTLIL representation for module `\HBM_ONE_STACK_INTF'.
Generating RTLIL representation for module `\HBM_TWO_STACK_INTF'.
Generating RTLIL representation for module `\PPC405_ADV'.
Generating RTLIL representation for module `\PPC440'.
Generating RTLIL representation for module `\PS7'.
Generating RTLIL representation for module `\PS8'.
Generating RTLIL representation for module `\ILKN'.
Generating RTLIL representation for module `\ILKNE4'.
Generating RTLIL representation for module `\VCU'.
Generating RTLIL representation for module `\FE'.
Successfully finished Verilog frontend.

3.3. Executing HIERARCHY pass (managing design hierarchy).

3.3.1. Analyzing design hierarchy..
Top module:  \bench007_probe_ax7203
Used module:     \bench_meter
Parameter \GATE = 100000000
Parameter \BAUD_DIV = 868

3.3.2. Executing AST frontend in derive mode using pre-parsed AST for module `\bench_meter'.
Parameter \GATE = 100000000
Parameter \BAUD_DIV = 868
Generating RTLIL representation for module `$paramod$1d96dce734c209d2c6ba0a39b0768d97f9c623de\bench_meter'.

3.3.3. Analyzing design hierarchy..
Top module:  \bench007_probe_ax7203
Used module:     $paramod$1d96dce734c209d2c6ba0a39b0768d97f9c623de\bench_meter

3.3.4. Analyzing design hierarchy..
Top module:  \bench007_probe_ax7203
Used module:     $paramod$1d96dce734c209d2c6ba0a39b0768d97f9c623de\bench_meter
Removing unused module `\bench_meter'.
Removed 1 unused modules.

3.4. Executing PROC pass (convert processes to netlists).

3.4.1. Executing PROC_CLEAN pass (remove empty switches from decision trees).
Cleaned up 0 empty switches.

3.4.2. Executing PROC_RMDEAD pass (remove dead branches from decision trees).
Marked 4 switch rules as full_case in process $proc$bench/bench007/rtl/bench_meter.v:116$1481 in module $paramod$1d96dce734c209d2c6ba0a39b0768d97f9c623de\bench_meter.
Marked 1 switch rules as full_case in process $proc$bench/bench007/rtl/bench_meter.v:66$1473 in module $paramod$1d96dce734c209d2c6ba0a39b0768d97f9c623de\bench_meter.
Marked 1 switch rules as full_case in process $proc$bench/bench007/rtl/bench_meter.v:50$1468 in module $paramod$1d96dce734c209d2c6ba0a39b0768d97f9c623de\bench_meter.
Removed a total of 0 dead cases.

3.4.3. Executing PROC_PRUNE pass (remove redundant assignments in processes).
Removed 3 redundant assignments.
Promoted 106 assignments to connections.

3.4.4. Executing PROC_INIT pass (extract init attributes).
Found init rule in `\bench007_probe_ax7203.$proc$bench/bench007/rtl/bench007_probe_ax7203.v:54$336'.
  Set init value: \hb_dut = 27'000000000000000000000000000
Found init rule in `\bench007_probe_ax7203.$proc$bench/bench007/rtl/bench007_probe_ax7203.v:52$335'.
  Set init value: \hb_ref = 27'000000000000000000000000000
Found init rule in `\bench007_probe_ax7203.$proc$bench/bench007/rtl/bench007_probe_ax7203.v:45$334'.
  Set init value: \div = 10'0000000000
Found init rule in `\bench007_probe_ax7203.$proc$bench/bench007/rtl/bench007_probe_ax7203.v:32$333'.
  Set init value: \half = 1'0
Found init rule in `$paramod$1d96dce734c209d2c6ba0a39b0768d97f9c623de\bench_meter.$proc$bench/bench007/rtl/bench_meter.v:101$1754'.
  Set init value: \cur = 8'11111111
Found init rule in `$paramod$1d96dce734c209d2c6ba0a39b0768d97f9c623de\bench_meter.$proc$bench/bench007/rtl/bench_meter.v:100$1753'.
  Set init value: \baud = 16'0000000000000000
Found init rule in `$paramod$1d96dce734c209d2c6ba0a39b0768d97f9c623de\bench_meter.$proc$bench/bench007/rtl/bench_meter.v:99$1752'.
  Set init value: \bi = 4'0000
Found init rule in `$paramod$1d96dce734c209d2c6ba0a39b0768d97f9c623de\bench_meter.$proc$bench/bench007/rtl/bench_meter.v:98$1751'.
  Set init value: \ci = 6'000000
Found init rule in `$paramod$1d96dce734c209d2c6ba0a39b0768d97f9c623de\bench_meter.$proc$bench/bench007/rtl/bench_meter.v:97$1750'.
  Set init value: \line = 272'00001010000010100000101000001010000010100000101000001010000010100000101000001010000010100000101000001010000010100000101000001010000010100000101000001010000010100000101000001010000010100000101000001010000010100000101000001010000010100000101000001010000010100000101000001010
Found init rule in `$paramod$1d96dce734c209d2c6ba0a39b0768d97f9c623de\bench_meter.$proc$bench/bench007/rtl/bench_meter.v:95$1749'.
  Set init value: \stage = 2'00
Found init rule in `$paramod$1d96dce734c209d2c6ba0a39b0768d97f9c623de\bench_meter.$proc$bench/bench007/rtl/bench_meter.v:94$1748'.
  Set init value: \stp_l = 0
Found init rule in `$paramod$1d96dce734c209d2c6ba0a39b0768d97f9c623de\bench_meter.$proc$bench/bench007/rtl/bench_meter.v:94$1747'.
  Set init value: \cyc_l = 0
Found init rule in `$paramod$1d96dce734c209d2c6ba0a39b0768d97f9c623de\bench_meter.$proc$bench/bench007/rtl/bench_meter.v:94$1746'.
  Set init value: \seq_l = 0
Found init rule in `$paramod$1d96dce734c209d2c6ba0a39b0768d97f9c623de\bench_meter.$proc$bench/bench007/rtl/bench_meter.v:94$1745'.
  Set init value: \seq = 0
Found init rule in `$paramod$1d96dce734c209d2c6ba0a39b0768d97f9c623de\bench_meter.$proc$bench/bench007/rtl/bench_meter.v:93$1744'.
  Set init value: \pending = 1'0
Found init rule in `$paramod$1d96dce734c209d2c6ba0a39b0768d97f9c623de\bench_meter.$proc$bench/bench007/rtl/bench_meter.v:92$1743'.
  Set init value: \s_s3 = 1'0
Found init rule in `$paramod$1d96dce734c209d2c6ba0a39b0768d97f9c623de\bench_meter.$proc$bench/bench007/rtl/bench_meter.v:91$1742'.
  Set init value: \s_s2 = 1'0
Found init rule in `$paramod$1d96dce734c209d2c6ba0a39b0768d97f9c623de\bench_meter.$proc$bench/bench007/rtl/bench_meter.v:91$1741'.
  Set init value: \s_s1 = 1'0
Found init rule in `$paramod$1d96dce734c209d2c6ba0a39b0768d97f9c623de\bench_meter.$proc$bench/bench007/rtl/bench_meter.v:64$1740'.
  Set init value: \snap_tgl = 1'0
Found init rule in `$paramod$1d96dce734c209d2c6ba0a39b0768d97f9c623de\bench_meter.$proc$bench/bench007/rtl/bench_meter.v:63$1739'.
  Set init value: \stp_snap = 0
Found init rule in `$paramod$1d96dce734c209d2c6ba0a39b0768d97f9c623de\bench_meter.$proc$bench/bench007/rtl/bench_meter.v:63$1738'.
  Set init value: \cyc_snap = 0
Found init rule in `$paramod$1d96dce734c209d2c6ba0a39b0768d97f9c623de\bench_meter.$proc$bench/bench007/rtl/bench_meter.v:62$1737'.
  Set init value: \stp_cnt = 0
Found init rule in `$paramod$1d96dce734c209d2c6ba0a39b0768d97f9c623de\bench_meter.$proc$bench/bench007/rtl/bench_meter.v:62$1736'.
  Set init value: \cyc_cnt = 0
Found init rule in `$paramod$1d96dce734c209d2c6ba0a39b0768d97f9c623de\bench_meter.$proc$bench/bench007/rtl/bench_meter.v:61$1735'.
  Set init value: \g_s3 = 1'0
Found init rule in `$paramod$1d96dce734c209d2c6ba0a39b0768d97f9c623de\bench_meter.$proc$bench/bench007/rtl/bench_meter.v:60$1734'.
  Set init value: \g_s2 = 1'0
Found init rule in `$paramod$1d96dce734c209d2c6ba0a39b0768d97f9c623de\bench_meter.$proc$bench/bench007/rtl/bench_meter.v:60$1733'.
  Set init value: \g_s1 = 1'0
Found init rule in `$paramod$1d96dce734c209d2c6ba0a39b0768d97f9c623de\bench_meter.$proc$bench/bench007/rtl/bench_meter.v:49$1732'.
  Set init value: \gate_tgl = 1'0
Found init rule in `$paramod$1d96dce734c209d2c6ba0a39b0768d97f9c623de\bench_meter.$proc$bench/bench007/rtl/bench_meter.v:48$1731'.
  Set init value: \gate_cnt = 0
Found init rule in `$paramod$1d96dce734c209d2c6ba0a39b0768d97f9c623de\bench_meter.$proc$bench/bench007/rtl/bench_meter.v:45$1730'.
  Set init value: \uart_tx = 1'1

3.4.5. Executing PROC_ARST pass (detect async resets in processes).

3.4.6. Executing PROC_ROM pass (convert switches to ROMs).
Converted 0 switches.
<suppressed ~8 debug messages>

3.4.7. Executing PROC_MUX pass (convert decision trees to multiplexers).
Creating decoders for process `\bench007_probe_ax7203.$proc$bench/bench007/rtl/bench007_probe_ax7203.v:54$336'.
Creating decoders for process `\bench007_probe_ax7203.$proc$bench/bench007/rtl/bench007_probe_ax7203.v:52$335'.
Creating decoders for process `\bench007_probe_ax7203.$proc$bench/bench007/rtl/bench007_probe_ax7203.v:45$334'.
Creating decoders for process `\bench007_probe_ax7203.$proc$bench/bench007/rtl/bench007_probe_ax7203.v:32$333'.
Creating decoders for process `\bench007_probe_ax7203.$proc$bench/bench007/rtl/bench007_probe_ax7203.v:55$330'.
Creating decoders for process `\bench007_probe_ax7203.$proc$bench/bench007/rtl/bench007_probe_ax7203.v:53$328'.
Creating decoders for process `\bench007_probe_ax7203.$proc$bench/bench007/rtl/bench007_probe_ax7203.v:46$325'.
Creating decoders for process `\bench007_probe_ax7203.$proc$bench/bench007/rtl/bench007_probe_ax7203.v:33$323'.
Creating decoders for process `$paramod$1d96dce734c209d2c6ba0a39b0768d97f9c623de\bench_meter.$proc$bench/bench007/rtl/bench_meter.v:101$1754'.
Creating decoders for process `$paramod$1d96dce734c209d2c6ba0a39b0768d97f9c623de\bench_meter.$proc$bench/bench007/rtl/bench_meter.v:100$1753'.
Creating decoders for process `$paramod$1d96dce734c209d2c6ba0a39b0768d97f9c623de\bench_meter.$proc$bench/bench007/rtl/bench_meter.v:99$1752'.
Creating decoders for process `$paramod$1d96dce734c209d2c6ba0a39b0768d97f9c623de\bench_meter.$proc$bench/bench007/rtl/bench_meter.v:98$1751'.
Creating decoders for process `$paramod$1d96dce734c209d2c6ba0a39b0768d97f9c623de\bench_meter.$proc$bench/bench007/rtl/bench_meter.v:97$1750'.
Creating decoders for process `$paramod$1d96dce734c209d2c6ba0a39b0768d97f9c623de\bench_meter.$proc$bench/bench007/rtl/bench_meter.v:95$1749'.
Creating decoders for process `$paramod$1d96dce734c209d2c6ba0a39b0768d97f9c623de\bench_meter.$proc$bench/bench007/rtl/bench_meter.v:94$1748'.
Creating decoders for process `$paramod$1d96dce734c209d2c6ba0a39b0768d97f9c623de\bench_meter.$proc$bench/bench007/rtl/bench_meter.v:94$1747'.
Creating decoders for process `$paramod$1d96dce734c209d2c6ba0a39b0768d97f9c623de\bench_meter.$proc$bench/bench007/rtl/bench_meter.v:94$1746'.
Creating decoders for process `$paramod$1d96dce734c209d2c6ba0a39b0768d97f9c623de\bench_meter.$proc$bench/bench007/rtl/bench_meter.v:94$1745'.
Creating decoders for process `$paramod$1d96dce734c209d2c6ba0a39b0768d97f9c623de\bench_meter.$proc$bench/bench007/rtl/bench_meter.v:93$1744'.
Creating decoders for process `$paramod$1d96dce734c209d2c6ba0a39b0768d97f9c623de\bench_meter.$proc$bench/bench007/rtl/bench_meter.v:92$1743'.
Creating decoders for process `$paramod$1d96dce734c209d2c6ba0a39b0768d97f9c623de\bench_meter.$proc$bench/bench007/rtl/bench_meter.v:91$1742'.
Creating decoders for process `$paramod$1d96dce734c209d2c6ba0a39b0768d97f9c623de\bench_meter.$proc$bench/bench007/rtl/bench_meter.v:91$1741'.
Creating decoders for process `$paramod$1d96dce734c209d2c6ba0a39b0768d97f9c623de\bench_meter.$proc$bench/bench007/rtl/bench_meter.v:64$1740'.
Creating decoders for process `$paramod$1d96dce734c209d2c6ba0a39b0768d97f9c623de\bench_meter.$proc$bench/bench007/rtl/bench_meter.v:63$1739'.
Creating decoders for process `$paramod$1d96dce734c209d2c6ba0a39b0768d97f9c623de\bench_meter.$proc$bench/bench007/rtl/bench_meter.v:63$1738'.
Creating decoders for process `$paramod$1d96dce734c209d2c6ba0a39b0768d97f9c623de\bench_meter.$proc$bench/bench007/rtl/bench_meter.v:62$1737'.
Creating decoders for process `$paramod$1d96dce734c209d2c6ba0a39b0768d97f9c623de\bench_meter.$proc$bench/bench007/rtl/bench_meter.v:62$1736'.
Creating decoders for process `$paramod$1d96dce734c209d2c6ba0a39b0768d97f9c623de\bench_meter.$proc$bench/bench007/rtl/bench_meter.v:61$1735'.
Creating decoders for process `$paramod$1d96dce734c209d2c6ba0a39b0768d97f9c623de\bench_meter.$proc$bench/bench007/rtl/bench_meter.v:60$1734'.
Creating decoders for process `$paramod$1d96dce734c209d2c6ba0a39b0768d97f9c623de\bench_meter.$proc$bench/bench007/rtl/bench_meter.v:60$1733'.
Creating decoders for process `$paramod$1d96dce734c209d2c6ba0a39b0768d97f9c623de\bench_meter.$proc$bench/bench007/rtl/bench_meter.v:49$1732'.
Creating decoders for process `$paramod$1d96dce734c209d2c6ba0a39b0768d97f9c623de\bench_meter.$proc$bench/bench007/rtl/bench_meter.v:48$1731'.
Creating decoders for process `$paramod$1d96dce734c209d2c6ba0a39b0768d97f9c623de\bench_meter.$proc$bench/bench007/rtl/bench_meter.v:45$1730'.
Creating decoders for process `$paramod$1d96dce734c209d2c6ba0a39b0768d97f9c623de\bench_meter.$proc$bench/bench007/rtl/bench_meter.v:114$1723'.
Creating decoders for process `$paramod$1d96dce734c209d2c6ba0a39b0768d97f9c623de\bench_meter.$proc$bench/bench007/rtl/bench_meter.v:114$1716'.
Creating decoders for process `$paramod$1d96dce734c209d2c6ba0a39b0768d97f9c623de\bench_meter.$proc$bench/bench007/rtl/bench_meter.v:114$1709'.
Creating decoders for process `$paramod$1d96dce734c209d2c6ba0a39b0768d97f9c623de\bench_meter.$proc$bench/bench007/rtl/bench_meter.v:116$1481'.
     1/70: $1\hexc$func$bench/bench007/rtl/bench_meter.v:107$1464.n[3:0]$1598
     2/70: $1\hexc$func$bench/bench007/rtl/bench_meter.v:107$1464.$result[7:0]$1597
     3/70: $1\hexc$func$bench/bench007/rtl/bench_meter.v:107$1463.n[3:0]$1596
     4/70: $1\hexc$func$bench/bench007/rtl/bench_meter.v:107$1463.$result[7:0]$1595
     5/70: $1\hexc$func$bench/bench007/rtl/bench_meter.v:107$1462.n[3:0]$1594
     6/70: $1\hexc$func$bench/bench007/rtl/bench_meter.v:107$1462.$result[7:0]$1593
     7/70: $1\hexc$func$bench/bench007/rtl/bench_meter.v:107$1461.n[3:0]$1592
     8/70: $1\hexc$func$bench/bench007/rtl/bench_meter.v:107$1461.$result[7:0]$1591
     9/70: $1\hexc$func$bench/bench007/rtl/bench_meter.v:108$1460.n[3:0]$1590
    10/70: $1\hexc$func$bench/bench007/rtl/bench_meter.v:108$1460.$result[7:0]$1589
    11/70: $1\hexc$func$bench/bench007/rtl/bench_meter.v:108$1459.n[3:0]$1588
    12/70: $1\hexc$func$bench/bench007/rtl/bench_meter.v:108$1459.$result[7:0]$1587
    13/70: $1\hexc$func$bench/bench007/rtl/bench_meter.v:108$1458.n[3:0]$1586
    14/70: $1\hexc$func$bench/bench007/rtl/bench_meter.v:108$1458.$result[7:0]$1585
    15/70: $1\hexc$func$bench/bench007/rtl/bench_meter.v:108$1457.n[3:0]$1584
    16/70: $1\hexc$func$bench/bench007/rtl/bench_meter.v:108$1457.$result[7:0]$1583
    17/70: $1\hexc$func$bench/bench007/rtl/bench_meter.v:107$1456.n[3:0]$1582
    18/70: $1\hexc$func$bench/bench007/rtl/bench_meter.v:107$1456.$result[7:0]$1581
    19/70: $1\hexc$func$bench/bench007/rtl/bench_meter.v:107$1455.n[3:0]$1580
    20/70: $1\hexc$func$bench/bench007/rtl/bench_meter.v:107$1455.$result[7:0]$1579
    21/70: $1\hexc$func$bench/bench007/rtl/bench_meter.v:107$1454.n[3:0]$1578
    22/70: $1\hexc$func$bench/bench007/rtl/bench_meter.v:107$1454.$result[7:0]$1577
    23/70: $1\hexc$func$bench/bench007/rtl/bench_meter.v:107$1453.n[3:0]$1576
    24/70: $1\hexc$func$bench/bench007/rtl/bench_meter.v:107$1453.$result[7:0]$1575
    25/70: $1\hexc$func$bench/bench007/rtl/bench_meter.v:108$1452.n[3:0]$1574
    26/70: $1\hexc$func$bench/bench007/rtl/bench_meter.v:108$1452.$result[7:0]$1573
    27/70: $1\hexc$func$bench/bench007/rtl/bench_meter.v:108$1451.n[3:0]$1572
    28/70: $1\hexc$func$bench/bench007/rtl/bench_meter.v:108$1451.$result[7:0]$1571
    29/70: $1\hexc$func$bench/bench007/rtl/bench_meter.v:108$1450.n[3:0]$1570
    30/70: $1\hexc$func$bench/bench007/rtl/bench_meter.v:108$1450.$result[7:0]$1569
    31/70: $1\hexc$func$bench/bench007/rtl/bench_meter.v:108$1449.n[3:0]$1568
    32/70: $1\hexc$func$bench/bench007/rtl/bench_meter.v:108$1449.$result[7:0]$1567
    33/70: $1\hexc$func$bench/bench007/rtl/bench_meter.v:107$1448.n[3:0]$1566
    34/70: $1\hexc$func$bench/bench007/rtl/bench_meter.v:107$1448.$result[7:0]$1565
    35/70: $1\hexc$func$bench/bench007/rtl/bench_meter.v:107$1447.n[3:0]$1564
    36/70: $1\hexc$func$bench/bench007/rtl/bench_meter.v:107$1447.$result[7:0]$1563
    37/70: $1\hexc$func$bench/bench007/rtl/bench_meter.v:107$1446.n[3:0]$1562
    38/70: $1\hexc$func$bench/bench007/rtl/bench_meter.v:107$1446.$result[7:0]$1561
    39/70: $1\hexc$func$bench/bench007/rtl/bench_meter.v:107$1445.n[3:0]$1560
    40/70: $1\hexc$func$bench/bench007/rtl/bench_meter.v:107$1445.$result[7:0]$1559
    41/70: $1\hexc$func$bench/bench007/rtl/bench_meter.v:108$1444.n[3:0]$1558
    42/70: $1\hexc$func$bench/bench007/rtl/bench_meter.v:108$1444.$result[7:0]$1557
    43/70: $1\hexc$func$bench/bench007/rtl/bench_meter.v:108$1443.n[3:0]$1556
    44/70: $1\hexc$func$bench/bench007/rtl/bench_meter.v:108$1443.$result[7:0]$1555
    45/70: $1\hexc$func$bench/bench007/rtl/bench_meter.v:108$1442.n[3:0]$1554
    46/70: $1\hexc$func$bench/bench007/rtl/bench_meter.v:108$1442.$result[7:0]$1553
    47/70: $1\hexc$func$bench/bench007/rtl/bench_meter.v:108$1441.n[3:0]$1552
    48/70: $1\hexc$func$bench/bench007/rtl/bench_meter.v:108$1441.$result[7:0]$1551
    49/70: $1\hex32$func$bench/bench007/rtl/bench_meter.v:137$1440.w[31:0]$1550
    50/70: $1\hex32$func$bench/bench007/rtl/bench_meter.v:137$1440.$result[63:0]$1549
    51/70: $1\hex32$func$bench/bench007/rtl/bench_meter.v:137$1439.w[31:0]$1548
    52/70: $1\hex32$func$bench/bench007/rtl/bench_meter.v:137$1439.$result[63:0]$1547
    53/70: $1\hex32$func$bench/bench007/rtl/bench_meter.v:137$1438.w[31:0]$1546
    54/70: $1\hex32$func$bench/bench007/rtl/bench_meter.v:137$1438.$result[63:0]$1545
    55/70: $1\hexc$func$bench/bench007/rtl/bench_meter.v:138$1437.n[3:0]$1544
    56/70: $1\hexc$func$bench/bench007/rtl/bench_meter.v:138$1437.$result[7:0]$1543
    57/70: $1\hexc$func$bench/bench007/rtl/bench_meter.v:138$1436.n[3:0]$1542
    58/70: $1\hexc$func$bench/bench007/rtl/bench_meter.v:138$1436.$result[7:0]$1541
    59/70: $0\cur[7:0]
    60/70: $0\baud[15:0]
    61/70: $0\bi[3:0]
    62/70: $0\ci[5:0]
    63/70: $0\line[271:0]
    64/70: $0\stage[1:0]
    65/70: $0\stp_l[31:0]
    66/70: $0\cyc_l[31:0]
    67/70: $0\seq_l[31:0]
    68/70: $0\seq[31:0]
    69/70: $0\pending[0:0]
    70/70: $0\uart_tx[0:0]
Creating decoders for process `$paramod$1d96dce734c209d2c6ba0a39b0768d97f9c623de\bench_meter.$proc$bench/bench007/rtl/bench_meter.v:66$1473'.
     1/5: $0\stp_cnt[31:0]
     2/5: $0\cyc_cnt[31:0]
     3/5: $0\snap_tgl[0:0]
     4/5: $0\stp_snap[31:0]
     5/5: $0\cyc_snap[31:0]
Creating decoders for process `$paramod$1d96dce734c209d2c6ba0a39b0768d97f9c623de\bench_meter.$proc$bench/bench007/rtl/bench_meter.v:50$1468'.
     1/2: $0\gate_cnt[31:0]
     2/2: $0\gate_tgl[0:0]

3.4.8. Executing PROC_DLATCH pass (convert process syncs to latches).
No latch inferred for signal `$paramod$1d96dce734c209d2c6ba0a39b0768d97f9c623de\bench_meter.\x4$func$bench/bench007/rtl/bench_meter.v:114$1435.$result' from process `$paramod$1d96dce734c209d2c6ba0a39b0768d97f9c623de\bench_meter.$proc$bench/bench007/rtl/bench_meter.v:114$1723'.
No latch inferred for signal `$paramod$1d96dce734c209d2c6ba0a39b0768d97f9c623de\bench_meter.\x4$func$bench/bench007/rtl/bench_meter.v:114$1467.$result' from process `$paramod$1d96dce734c209d2c6ba0a39b0768d97f9c623de\bench_meter.$proc$bench/bench007/rtl/bench_meter.v:114$1723'.
No latch inferred for signal `$paramod$1d96dce734c209d2c6ba0a39b0768d97f9c623de\bench_meter.\x4$func$bench/bench007/rtl/bench_meter.v:114$1467.w' from process `$paramod$1d96dce734c209d2c6ba0a39b0768d97f9c623de\bench_meter.$proc$bench/bench007/rtl/bench_meter.v:114$1723'.
No latch inferred for signal `$paramod$1d96dce734c209d2c6ba0a39b0768d97f9c623de\bench_meter.\x4$func$bench/bench007/rtl/bench_meter.v:114$1434.$result' from process `$paramod$1d96dce734c209d2c6ba0a39b0768d97f9c623de\bench_meter.$proc$bench/bench007/rtl/bench_meter.v:114$1716'.
No latch inferred for signal `$paramod$1d96dce734c209d2c6ba0a39b0768d97f9c623de\bench_meter.\x4$func$bench/bench007/rtl/bench_meter.v:114$1466.$result' from process `$paramod$1d96dce734c209d2c6ba0a39b0768d97f9c623de\bench_meter.$proc$bench/bench007/rtl/bench_meter.v:114$1716'.
No latch inferred for signal `$paramod$1d96dce734c209d2c6ba0a39b0768d97f9c623de\bench_meter.\x4$func$bench/bench007/rtl/bench_meter.v:114$1466.w' from process `$paramod$1d96dce734c209d2c6ba0a39b0768d97f9c623de\bench_meter.$proc$bench/bench007/rtl/bench_meter.v:114$1716'.
No latch inferred for signal `$paramod$1d96dce734c209d2c6ba0a39b0768d97f9c623de\bench_meter.\x4$func$bench/bench007/rtl/bench_meter.v:114$1433.$result' from process `$paramod$1d96dce734c209d2c6ba0a39b0768d97f9c623de\bench_meter.$proc$bench/bench007/rtl/bench_meter.v:114$1709'.
No latch inferred for signal `$paramod$1d96dce734c209d2c6ba0a39b0768d97f9c623de\bench_meter.\x4$func$bench/bench007/rtl/bench_meter.v:114$1465.$result' from process `$paramod$1d96dce734c209d2c6ba0a39b0768d97f9c623de\bench_meter.$proc$bench/bench007/rtl/bench_meter.v:114$1709'.
No latch inferred for signal `$paramod$1d96dce734c209d2c6ba0a39b0768d97f9c623de\bench_meter.\x4$func$bench/bench007/rtl/bench_meter.v:114$1465.w' from process `$paramod$1d96dce734c209d2c6ba0a39b0768d97f9c623de\bench_meter.$proc$bench/bench007/rtl/bench_meter.v:114$1709'.

3.4.9. Executing PROC_DFF pass (convert process syncs to FFs).
Creating register for signal `\bench007_probe_ax7203.\hb_dut' using process `\bench007_probe_ax7203.$proc$bench/bench007/rtl/bench007_probe_ax7203.v:55$330'.
  created $dff cell `$procdff$2073' with positive edge clock.
Creating register for signal `\bench007_probe_ax7203.\hb_ref' using process `\bench007_probe_ax7203.$proc$bench/bench007/rtl/bench007_probe_ax7203.v:53$328'.
  created $dff cell `$procdff$2074' with positive edge clock.
Creating register for signal `\bench007_probe_ax7203.\div' using process `\bench007_probe_ax7203.$proc$bench/bench007/rtl/bench007_probe_ax7203.v:46$325'.
  created $dff cell `$procdff$2075' with positive edge clock.
Creating register for signal `\bench007_probe_ax7203.\half' using process `\bench007_probe_ax7203.$proc$bench/bench007/rtl/bench007_probe_ax7203.v:33$323'.
  created $dff cell `$procdff$2076' with positive edge clock.
Creating register for signal `$paramod$1d96dce734c209d2c6ba0a39b0768d97f9c623de\bench_meter.\uart_tx' using process `$paramod$1d96dce734c209d2c6ba0a39b0768d97f9c623de\bench_meter.$proc$bench/bench007/rtl/bench_meter.v:116$1481'.
  created $dff cell `$procdff$2077' with positive edge clock.
Creating register for signal `$paramod$1d96dce734c209d2c6ba0a39b0768d97f9c623de\bench_meter.\s_s1' using process `$paramod$1d96dce734c209d2c6ba0a39b0768d97f9c623de\bench_meter.$proc$bench/bench007/rtl/bench_meter.v:116$1481'.
  created $dff cell `$procdff$2078' with positive edge clock.
Creating register for signal `$paramod$1d96dce734c209d2c6ba0a39b0768d97f9c623de\bench_meter.\s_s2' using process `$paramod$1d96dce734c209d2c6ba0a39b0768d97f9c623de\bench_meter.$proc$bench/bench007/rtl/bench_meter.v:116$1481'.
  created $dff cell `$procdff$2079' with positive edge clock.
Creating register for signal `$paramod$1d96dce734c209d2c6ba0a39b0768d97f9c623de\bench_meter.\s_s3' using process `$paramod$1d96dce734c209d2c6ba0a39b0768d97f9c623de\bench_meter.$proc$bench/bench007/rtl/bench_meter.v:116$1481'.
  created $dff cell `$procdff$2080' with positive edge clock.
Creating register for signal `$paramod$1d96dce734c209d2c6ba0a39b0768d97f9c623de\bench_meter.\pending' using process `$paramod$1d96dce734c209d2c6ba0a39b0768d97f9c623de\bench_meter.$proc$bench/bench007/rtl/bench_meter.v:116$1481'.
  created $dff cell `$procdff$2081' with positive edge clock.
Creating register for signal `$paramod$1d96dce734c209d2c6ba0a39b0768d97f9c623de\bench_meter.\seq' using process `$paramod$1d96dce734c209d2c6ba0a39b0768d97f9c623de\bench_meter.$proc$bench/bench007/rtl/bench_meter.v:116$1481'.
  created $dff cell `$procdff$2082' with positive edge clock.
Creating register for signal `$paramod$1d96dce734c209d2c6ba0a39b0768d97f9c623de\bench_meter.\seq_l' using process `$paramod$1d96dce734c209d2c6ba0a39b0768d97f9c623de\bench_meter.$proc$bench/bench007/rtl/bench_meter.v:116$1481'.
  created $dff cell `$procdff$2083' with positive edge clock.
Creating register for signal `$paramod$1d96dce734c209d2c6ba0a39b0768d97f9c623de\bench_meter.\cyc_l' using process `$paramod$1d96dce734c209d2c6ba0a39b0768d97f9c623de\bench_meter.$proc$bench/bench007/rtl/bench_meter.v:116$1481'.
  created $dff cell `$procdff$2084' with positive edge clock.
Creating register for signal `$paramod$1d96dce734c209d2c6ba0a39b0768d97f9c623de\bench_meter.\stp_l' using process `$paramod$1d96dce734c209d2c6ba0a39b0768d97f9c623de\bench_meter.$proc$bench/bench007/rtl/bench_meter.v:116$1481'.
  created $dff cell `$procdff$2085' with positive edge clock.
Creating register for signal `$paramod$1d96dce734c209d2c6ba0a39b0768d97f9c623de\bench_meter.\stage' using process `$paramod$1d96dce734c209d2c6ba0a39b0768d97f9c623de\bench_meter.$proc$bench/bench007/rtl/bench_meter.v:116$1481'.
  created $dff cell `$procdff$2086' with positive edge clock.
Creating register for signal `$paramod$1d96dce734c209d2c6ba0a39b0768d97f9c623de\bench_meter.\line' using process `$paramod$1d96dce734c209d2c6ba0a39b0768d97f9c623de\bench_meter.$proc$bench/bench007/rtl/bench_meter.v:116$1481'.
  created $dff cell `$procdff$2087' with positive edge clock.
Creating register for signal `$paramod$1d96dce734c209d2c6ba0a39b0768d97f9c623de\bench_meter.\ci' using process `$paramod$1d96dce734c209d2c6ba0a39b0768d97f9c623de\bench_meter.$proc$bench/bench007/rtl/bench_meter.v:116$1481'.
  created $dff cell `$procdff$2088' with positive edge clock.
Creating register for signal `$paramod$1d96dce734c209d2c6ba0a39b0768d97f9c623de\bench_meter.\bi' using process `$paramod$1d96dce734c209d2c6ba0a39b0768d97f9c623de\bench_meter.$proc$bench/bench007/rtl/bench_meter.v:116$1481'.
  created $dff cell `$procdff$2089' with positive edge clock.
Creating register for signal `$paramod$1d96dce734c209d2c6ba0a39b0768d97f9c623de\bench_meter.\baud' using process `$paramod$1d96dce734c209d2c6ba0a39b0768d97f9c623de\bench_meter.$proc$bench/bench007/rtl/bench_meter.v:116$1481'.
  created $dff cell `$procdff$2090' with positive edge clock.
Creating register for signal `$paramod$1d96dce734c209d2c6ba0a39b0768d97f9c623de\bench_meter.\cur' using process `$paramod$1d96dce734c209d2c6ba0a39b0768d97f9c623de\bench_meter.$proc$bench/bench007/rtl/bench_meter.v:116$1481'.
  created $dff cell `$procdff$2091' with positive edge clock.
Creating register for signal `$paramod$1d96dce734c209d2c6ba0a39b0768d97f9c623de\bench_meter.\hexc$func$bench/bench007/rtl/bench_meter.v:138$1436.$result' using process `$paramod$1d96dce734c209d2c6ba0a39b0768d97f9c623de\bench_meter.$proc$bench/bench007/rtl/bench_meter.v:116$1481'.
  created $dff cell `$procdff$2092' with positive edge clock.
Creating register for signal `$paramod$1d96dce734c209d2c6ba0a39b0768d97f9c623de\bench_meter.\hexc$func$bench/bench007/rtl/bench_meter.v:138$1436.n' using process `$paramod$1d96dce734c209d2c6ba0a39b0768d97f9c623de\bench_meter.$proc$bench/bench007/rtl/bench_meter.v:116$1481'.
  created $dff cell `$procdff$2093' with positive edge clock.
Creating register for signal `$paramod$1d96dce734c209d2c6ba0a39b0768d97f9c623de\bench_meter.\hexc$func$bench/bench007/rtl/bench_meter.v:138$1437.$result' using process `$paramod$1d96dce734c209d2c6ba0a39b0768d97f9c623de\bench_meter.$proc$bench/bench007/rtl/bench_meter.v:116$1481'.
  created $dff cell `$procdff$2094' with positive edge clock.
Creating register for signal `$paramod$1d96dce734c209d2c6ba0a39b0768d97f9c623de\bench_meter.\hexc$func$bench/bench007/rtl/bench_meter.v:138$1437.n' using process `$paramod$1d96dce734c209d2c6ba0a39b0768d97f9c623de\bench_meter.$proc$bench/bench007/rtl/bench_meter.v:116$1481'.
  created $dff cell `$procdff$2095' with positive edge clock.
Creating register for signal `$paramod$1d96dce734c209d2c6ba0a39b0768d97f9c623de\bench_meter.\hex32$func$bench/bench007/rtl/bench_meter.v:137$1438.$result' using process `$paramod$1d96dce734c209d2c6ba0a39b0768d97f9c623de\bench_meter.$proc$bench/bench007/rtl/bench_meter.v:116$1481'.
  created $dff cell `$procdff$2096' with positive edge clock.
Creating register for signal `$paramod$1d96dce734c209d2c6ba0a39b0768d97f9c623de\bench_meter.\hex32$func$bench/bench007/rtl/bench_meter.v:137$1438.w' using process `$paramod$1d96dce734c209d2c6ba0a39b0768d97f9c623de\bench_meter.$proc$bench/bench007/rtl/bench_meter.v:116$1481'.
  created $dff cell `$procdff$2097' with positive edge clock.
Creating register for signal `$paramod$1d96dce734c209d2c6ba0a39b0768d97f9c623de\bench_meter.\hex32$func$bench/bench007/rtl/bench_meter.v:137$1439.$result' using process `$paramod$1d96dce734c209d2c6ba0a39b0768d97f9c623de\bench_meter.$proc$bench/bench007/rtl/bench_meter.v:116$1481'.
  created $dff cell `$procdff$2098' with positive edge clock.
Creating register for signal `$paramod$1d96dce734c209d2c6ba0a39b0768d97f9c623de\bench_meter.\hex32$func$bench/bench007/rtl/bench_meter.v:137$1439.w' using process `$paramod$1d96dce734c209d2c6ba0a39b0768d97f9c623de\bench_meter.$proc$bench/bench007/rtl/bench_meter.v:116$1481'.
  created $dff cell `$procdff$2099' with positive edge clock.
Creating register for signal `$paramod$1d96dce734c209d2c6ba0a39b0768d97f9c623de\bench_meter.\hex32$func$bench/bench007/rtl/bench_meter.v:137$1440.$result' using process `$paramod$1d96dce734c209d2c6ba0a39b0768d97f9c623de\bench_meter.$proc$bench/bench007/rtl/bench_meter.v:116$1481'.
  created $dff cell `$procdff$2100' with positive edge clock.
Creating register for signal `$paramod$1d96dce734c209d2c6ba0a39b0768d97f9c623de\bench_meter.\hex32$func$bench/bench007/rtl/bench_meter.v:137$1440.w' using process `$paramod$1d96dce734c209d2c6ba0a39b0768d97f9c623de\bench_meter.$proc$bench/bench007/rtl/bench_meter.v:116$1481'.
  created $dff cell `$procdff$2101' with positive edge clock.
Creating register for signal `$paramod$1d96dce734c209d2c6ba0a39b0768d97f9c623de\bench_meter.\hexc$func$bench/bench007/rtl/bench_meter.v:108$1441.$result' using process `$paramod$1d96dce734c209d2c6ba0a39b0768d97f9c623de\bench_meter.$proc$bench/bench007/rtl/bench_meter.v:116$1481'.
  created $dff cell `$procdff$2102' with positive edge clock.
Creating register for signal `$paramod$1d96dce734c209d2c6ba0a39b0768d97f9c623de\bench_meter.\hexc$func$bench/bench007/rtl/bench_meter.v:108$1441.n' using process `$paramod$1d96dce734c209d2c6ba0a39b0768d97f9c623de\bench_meter.$proc$bench/bench007/rtl/bench_meter.v:116$1481'.
  created $dff cell `$procdff$2103' with positive edge clock.
Creating register for signal `$paramod$1d96dce734c209d2c6ba0a39b0768d97f9c623de\bench_meter.\hexc$func$bench/bench007/rtl/bench_meter.v:108$1442.$result' using process `$paramod$1d96dce734c209d2c6ba0a39b0768d97f9c623de\bench_meter.$proc$bench/bench007/rtl/bench_meter.v:116$1481'.
  created $dff cell `$procdff$2104' with positive edge clock.
Creating register for signal `$paramod$1d96dce734c209d2c6ba0a39b0768d97f9c623de\bench_meter.\hexc$func$bench/bench007/rtl/bench_meter.v:108$1442.n' using process `$paramod$1d96dce734c209d2c6ba0a39b0768d97f9c623de\bench_meter.$proc$bench/bench007/rtl/bench_meter.v:116$1481'.
  created $dff cell `$procdff$2105' with positive edge clock.
Creating register for signal `$paramod$1d96dce734c209d2c6ba0a39b0768d97f9c623de\bench_meter.\hexc$func$bench/bench007/rtl/bench_meter.v:108$1443.$result' using process `$paramod$1d96dce734c209d2c6ba0a39b0768d97f9c623de\bench_meter.$proc$bench/bench007/rtl/bench_meter.v:116$1481'.
  created $dff cell `$procdff$2106' with positive edge clock.
Creating register for signal `$paramod$1d96dce734c209d2c6ba0a39b0768d97f9c623de\bench_meter.\hexc$func$bench/bench007/rtl/bench_meter.v:108$1443.n' using process `$paramod$1d96dce734c209d2c6ba0a39b0768d97f9c623de\bench_meter.$proc$bench/bench007/rtl/bench_meter.v:116$1481'.
  created $dff cell `$procdff$2107' with positive edge clock.
Creating register for signal `$paramod$1d96dce734c209d2c6ba0a39b0768d97f9c623de\bench_meter.\hexc$func$bench/bench007/rtl/bench_meter.v:108$1444.$result' using process `$paramod$1d96dce734c209d2c6ba0a39b0768d97f9c623de\bench_meter.$proc$bench/bench007/rtl/bench_meter.v:116$1481'.
  created $dff cell `$procdff$2108' with positive edge clock.
Creating register for signal `$paramod$1d96dce734c209d2c6ba0a39b0768d97f9c623de\bench_meter.\hexc$func$bench/bench007/rtl/bench_meter.v:108$1444.n' using process `$paramod$1d96dce734c209d2c6ba0a39b0768d97f9c623de\bench_meter.$proc$bench/bench007/rtl/bench_meter.v:116$1481'.
  created $dff cell `$procdff$2109' with positive edge clock.
Creating register for signal `$paramod$1d96dce734c209d2c6ba0a39b0768d97f9c623de\bench_meter.\hexc$func$bench/bench007/rtl/bench_meter.v:107$1445.$result' using process `$paramod$1d96dce734c209d2c6ba0a39b0768d97f9c623de\bench_meter.$proc$bench/bench007/rtl/bench_meter.v:116$1481'.
  created $dff cell `$procdff$2110' with positive edge clock.
Creating register for signal `$paramod$1d96dce734c209d2c6ba0a39b0768d97f9c623de\bench_meter.\hexc$func$bench/bench007/rtl/bench_meter.v:107$1445.n' using process `$paramod$1d96dce734c209d2c6ba0a39b0768d97f9c623de\bench_meter.$proc$bench/bench007/rtl/bench_meter.v:116$1481'.
  created $dff cell `$procdff$2111' with positive edge clock.
Creating register for signal `$paramod$1d96dce734c209d2c6ba0a39b0768d97f9c623de\bench_meter.\hexc$func$bench/bench007/rtl/bench_meter.v:107$1446.$result' using process `$paramod$1d96dce734c209d2c6ba0a39b0768d97f9c623de\bench_meter.$proc$bench/bench007/rtl/bench_meter.v:116$1481'.
  created $dff cell `$procdff$2112' with positive edge clock.
Creating register for signal `$paramod$1d96dce734c209d2c6ba0a39b0768d97f9c623de\bench_meter.\hexc$func$bench/bench007/rtl/bench_meter.v:107$1446.n' using process `$paramod$1d96dce734c209d2c6ba0a39b0768d97f9c623de\bench_meter.$proc$bench/bench007/rtl/bench_meter.v:116$1481'.
  created $dff cell `$procdff$2113' with positive edge clock.
Creating register for signal `$paramod$1d96dce734c209d2c6ba0a39b0768d97f9c623de\bench_meter.\hexc$func$bench/bench007/rtl/bench_meter.v:107$1447.$result' using process `$paramod$1d96dce734c209d2c6ba0a39b0768d97f9c623de\bench_meter.$proc$bench/bench007/rtl/bench_meter.v:116$1481'.
  created $dff cell `$procdff$2114' with positive edge clock.
Creating register for signal `$paramod$1d96dce734c209d2c6ba0a39b0768d97f9c623de\bench_meter.\hexc$func$bench/bench007/rtl/bench_meter.v:107$1447.n' using process `$paramod$1d96dce734c209d2c6ba0a39b0768d97f9c623de\bench_meter.$proc$bench/bench007/rtl/bench_meter.v:116$1481'.
  created $dff cell `$procdff$2115' with positive edge clock.
Creating register for signal `$paramod$1d96dce734c209d2c6ba0a39b0768d97f9c623de\bench_meter.\hexc$func$bench/bench007/rtl/bench_meter.v:107$1448.$result' using process `$paramod$1d96dce734c209d2c6ba0a39b0768d97f9c623de\bench_meter.$proc$bench/bench007/rtl/bench_meter.v:116$1481'.
  created $dff cell `$procdff$2116' with positive edge clock.
Creating register for signal `$paramod$1d96dce734c209d2c6ba0a39b0768d97f9c623de\bench_meter.\hexc$func$bench/bench007/rtl/bench_meter.v:107$1448.n' using process `$paramod$1d96dce734c209d2c6ba0a39b0768d97f9c623de\bench_meter.$proc$bench/bench007/rtl/bench_meter.v:116$1481'.
  created $dff cell `$procdff$2117' with positive edge clock.
Creating register for signal `$paramod$1d96dce734c209d2c6ba0a39b0768d97f9c623de\bench_meter.\hexc$func$bench/bench007/rtl/bench_meter.v:108$1449.$result' using process `$paramod$1d96dce734c209d2c6ba0a39b0768d97f9c623de\bench_meter.$proc$bench/bench007/rtl/bench_meter.v:116$1481'.
  created $dff cell `$procdff$2118' with positive edge clock.
Creating register for signal `$paramod$1d96dce734c209d2c6ba0a39b0768d97f9c623de\bench_meter.\hexc$func$bench/bench007/rtl/bench_meter.v:108$1449.n' using process `$paramod$1d96dce734c209d2c6ba0a39b0768d97f9c623de\bench_meter.$proc$bench/bench007/rtl/bench_meter.v:116$1481'.
  created $dff cell `$procdff$2119' with positive edge clock.
Creating register for signal `$paramod$1d96dce734c209d2c6ba0a39b0768d97f9c623de\bench_meter.\hexc$func$bench/bench007/rtl/bench_meter.v:108$1450.$result' using process `$paramod$1d96dce734c209d2c6ba0a39b0768d97f9c623de\bench_meter.$proc$bench/bench007/rtl/bench_meter.v:116$1481'.
  created $dff cell `$procdff$2120' with positive edge clock.
Creating register for signal `$paramod$1d96dce734c209d2c6ba0a39b0768d97f9c623de\bench_meter.\hexc$func$bench/bench007/rtl/bench_meter.v:108$1450.n' using process `$paramod$1d96dce734c209d2c6ba0a39b0768d97f9c623de\bench_meter.$proc$bench/bench007/rtl/bench_meter.v:116$1481'.
  created $dff cell `$procdff$2121' with positive edge clock.
Creating register for signal `$paramod$1d96dce734c209d2c6ba0a39b0768d97f9c623de\bench_meter.\hexc$func$bench/bench007/rtl/bench_meter.v:108$1451.$result' using process `$paramod$1d96dce734c209d2c6ba0a39b0768d97f9c623de\bench_meter.$proc$bench/bench007/rtl/bench_meter.v:116$1481'.
  created $dff cell `$procdff$2122' with positive edge clock.
Creating register for signal `$paramod$1d96dce734c209d2c6ba0a39b0768d97f9c623de\bench_meter.\hexc$func$bench/bench007/rtl/bench_meter.v:108$1451.n' using process `$paramod$1d96dce734c209d2c6ba0a39b0768d97f9c623de\bench_meter.$proc$bench/bench007/rtl/bench_meter.v:116$1481'.
  created $dff cell `$procdff$2123' with positive edge clock.
Creating register for signal `$paramod$1d96dce734c209d2c6ba0a39b0768d97f9c623de\bench_meter.\hexc$func$bench/bench007/rtl/bench_meter.v:108$1452.$result' using process `$paramod$1d96dce734c209d2c6ba0a39b0768d97f9c623de\bench_meter.$proc$bench/bench007/rtl/bench_meter.v:116$1481'.
  created $dff cell `$procdff$2124' with positive edge clock.
Creating register for signal `$paramod$1d96dce734c209d2c6ba0a39b0768d97f9c623de\bench_meter.\hexc$func$bench/bench007/rtl/bench_meter.v:108$1452.n' using process `$paramod$1d96dce734c209d2c6ba0a39b0768d97f9c623de\bench_meter.$proc$bench/bench007/rtl/bench_meter.v:116$1481'.
  created $dff cell `$procdff$2125' with positive edge clock.
Creating register for signal `$paramod$1d96dce734c209d2c6ba0a39b0768d97f9c623de\bench_meter.\hexc$func$bench/bench007/rtl/bench_meter.v:107$1453.$result' using process `$paramod$1d96dce734c209d2c6ba0a39b0768d97f9c623de\bench_meter.$proc$bench/bench007/rtl/bench_meter.v:116$1481'.
  created $dff cell `$procdff$2126' with positive edge clock.
Creating register for signal `$paramod$1d96dce734c209d2c6ba0a39b0768d97f9c623de\bench_meter.\hexc$func$bench/bench007/rtl/bench_meter.v:107$1453.n' using process `$paramod$1d96dce734c209d2c6ba0a39b0768d97f9c623de\bench_meter.$proc$bench/bench007/rtl/bench_meter.v:116$1481'.
  created $dff cell `$procdff$2127' with positive edge clock.
Creating register for signal `$paramod$1d96dce734c209d2c6ba0a39b0768d97f9c623de\bench_meter.\hexc$func$bench/bench007/rtl/bench_meter.v:107$1454.$result' using process `$paramod$1d96dce734c209d2c6ba0a39b0768d97f9c623de\bench_meter.$proc$bench/bench007/rtl/bench_meter.v:116$1481'.
  created $dff cell `$procdff$2128' with positive edge clock.
Creating register for signal `$paramod$1d96dce734c209d2c6ba0a39b0768d97f9c623de\bench_meter.\hexc$func$bench/bench007/rtl/bench_meter.v:107$1454.n' using process `$paramod$1d96dce734c209d2c6ba0a39b0768d97f9c623de\bench_meter.$proc$bench/bench007/rtl/bench_meter.v:116$1481'.
  created $dff cell `$procdff$2129' with positive edge clock.
Creating register for signal `$paramod$1d96dce734c209d2c6ba0a39b0768d97f9c623de\bench_meter.\hexc$func$bench/bench007/rtl/bench_meter.v:107$1455.$result' using process `$paramod$1d96dce734c209d2c6ba0a39b0768d97f9c623de\bench_meter.$proc$bench/bench007/rtl/bench_meter.v:116$1481'.
  created $dff cell `$procdff$2130' with positive edge clock.
Creating register for signal `$paramod$1d96dce734c209d2c6ba0a39b0768d97f9c623de\bench_meter.\hexc$func$bench/bench007/rtl/bench_meter.v:107$1455.n' using process `$paramod$1d96dce734c209d2c6ba0a39b0768d97f9c623de\bench_meter.$proc$bench/bench007/rtl/bench_meter.v:116$1481'.
  created $dff cell `$procdff$2131' with positive edge clock.
Creating register for signal `$paramod$1d96dce734c209d2c6ba0a39b0768d97f9c623de\bench_meter.\hexc$func$bench/bench007/rtl/bench_meter.v:107$1456.$result' using process `$paramod$1d96dce734c209d2c6ba0a39b0768d97f9c623de\bench_meter.$proc$bench/bench007/rtl/bench_meter.v:116$1481'.
  created $dff cell `$procdff$2132' with positive edge clock.
Creating register for signal `$paramod$1d96dce734c209d2c6ba0a39b0768d97f9c623de\bench_meter.\hexc$func$bench/bench007/rtl/bench_meter.v:107$1456.n' using process `$paramod$1d96dce734c209d2c6ba0a39b0768d97f9c623de\bench_meter.$proc$bench/bench007/rtl/bench_meter.v:116$1481'.
  created $dff cell `$procdff$2133' with positive edge clock.
Creating register for signal `$paramod$1d96dce734c209d2c6ba0a39b0768d97f9c623de\bench_meter.\hexc$func$bench/bench007/rtl/bench_meter.v:108$1457.$result' using process `$paramod$1d96dce734c209d2c6ba0a39b0768d97f9c623de\bench_meter.$proc$bench/bench007/rtl/bench_meter.v:116$1481'.
  created $dff cell `$procdff$2134' with positive edge clock.
Creating register for signal `$paramod$1d96dce734c209d2c6ba0a39b0768d97f9c623de\bench_meter.\hexc$func$bench/bench007/rtl/bench_meter.v:108$1457.n' using process `$paramod$1d96dce734c209d2c6ba0a39b0768d97f9c623de\bench_meter.$proc$bench/bench007/rtl/bench_meter.v:116$1481'.
  created $dff cell `$procdff$2135' with positive edge clock.
Creating register for signal `$paramod$1d96dce734c209d2c6ba0a39b0768d97f9c623de\bench_meter.\hexc$func$bench/bench007/rtl/bench_meter.v:108$1458.$result' using process `$paramod$1d96dce734c209d2c6ba0a39b0768d97f9c623de\bench_meter.$proc$bench/bench007/rtl/bench_meter.v:116$1481'.
  created $dff cell `$procdff$2136' with positive edge clock.
Creating register for signal `$paramod$1d96dce734c209d2c6ba0a39b0768d97f9c623de\bench_meter.\hexc$func$bench/bench007/rtl/bench_meter.v:108$1458.n' using process `$paramod$1d96dce734c209d2c6ba0a39b0768d97f9c623de\bench_meter.$proc$bench/bench007/rtl/bench_meter.v:116$1481'.
  created $dff cell `$procdff$2137' with positive edge clock.
Creating register for signal `$paramod$1d96dce734c209d2c6ba0a39b0768d97f9c623de\bench_meter.\hexc$func$bench/bench007/rtl/bench_meter.v:108$1459.$result' using process `$paramod$1d96dce734c209d2c6ba0a39b0768d97f9c623de\bench_meter.$proc$bench/bench007/rtl/bench_meter.v:116$1481'.
  created $dff cell `$procdff$2138' with positive edge clock.
Creating register for signal `$paramod$1d96dce734c209d2c6ba0a39b0768d97f9c623de\bench_meter.\hexc$func$bench/bench007/rtl/bench_meter.v:108$1459.n' using process `$paramod$1d96dce734c209d2c6ba0a39b0768d97f9c623de\bench_meter.$proc$bench/bench007/rtl/bench_meter.v:116$1481'.
  created $dff cell `$procdff$2139' with positive edge clock.
Creating register for signal `$paramod$1d96dce734c209d2c6ba0a39b0768d97f9c623de\bench_meter.\hexc$func$bench/bench007/rtl/bench_meter.v:108$1460.$result' using process `$paramod$1d96dce734c209d2c6ba0a39b0768d97f9c623de\bench_meter.$proc$bench/bench007/rtl/bench_meter.v:116$1481'.
  created $dff cell `$procdff$2140' with positive edge clock.
Creating register for signal `$paramod$1d96dce734c209d2c6ba0a39b0768d97f9c623de\bench_meter.\hexc$func$bench/bench007/rtl/bench_meter.v:108$1460.n' using process `$paramod$1d96dce734c209d2c6ba0a39b0768d97f9c623de\bench_meter.$proc$bench/bench007/rtl/bench_meter.v:116$1481'.
  created $dff cell `$procdff$2141' with positive edge clock.
Creating register for signal `$paramod$1d96dce734c209d2c6ba0a39b0768d97f9c623de\bench_meter.\hexc$func$bench/bench007/rtl/bench_meter.v:107$1461.$result' using process `$paramod$1d96dce734c209d2c6ba0a39b0768d97f9c623de\bench_meter.$proc$bench/bench007/rtl/bench_meter.v:116$1481'.
  created $dff cell `$procdff$2142' with positive edge clock.
Creating register for signal `$paramod$1d96dce734c209d2c6ba0a39b0768d97f9c623de\bench_meter.\hexc$func$bench/bench007/rtl/bench_meter.v:107$1461.n' using process `$paramod$1d96dce734c209d2c6ba0a39b0768d97f9c623de\bench_meter.$proc$bench/bench007/rtl/bench_meter.v:116$1481'.
  created $dff cell `$procdff$2143' with positive edge clock.
Creating register for signal `$paramod$1d96dce734c209d2c6ba0a39b0768d97f9c623de\bench_meter.\hexc$func$bench/bench007/rtl/bench_meter.v:107$1462.$result' using process `$paramod$1d96dce734c209d2c6ba0a39b0768d97f9c623de\bench_meter.$proc$bench/bench007/rtl/bench_meter.v:116$1481'.
  created $dff cell `$procdff$2144' with positive edge clock.
Creating register for signal `$paramod$1d96dce734c209d2c6ba0a39b0768d97f9c623de\bench_meter.\hexc$func$bench/bench007/rtl/bench_meter.v:107$1462.n' using process `$paramod$1d96dce734c209d2c6ba0a39b0768d97f9c623de\bench_meter.$proc$bench/bench007/rtl/bench_meter.v:116$1481'.
  created $dff cell `$procdff$2145' with positive edge clock.
Creating register for signal `$paramod$1d96dce734c209d2c6ba0a39b0768d97f9c623de\bench_meter.\hexc$func$bench/bench007/rtl/bench_meter.v:107$1463.$result' using process `$paramod$1d96dce734c209d2c6ba0a39b0768d97f9c623de\bench_meter.$proc$bench/bench007/rtl/bench_meter.v:116$1481'.
  created $dff cell `$procdff$2146' with positive edge clock.
Creating register for signal `$paramod$1d96dce734c209d2c6ba0a39b0768d97f9c623de\bench_meter.\hexc$func$bench/bench007/rtl/bench_meter.v:107$1463.n' using process `$paramod$1d96dce734c209d2c6ba0a39b0768d97f9c623de\bench_meter.$proc$bench/bench007/rtl/bench_meter.v:116$1481'.
  created $dff cell `$procdff$2147' with positive edge clock.
Creating register for signal `$paramod$1d96dce734c209d2c6ba0a39b0768d97f9c623de\bench_meter.\hexc$func$bench/bench007/rtl/bench_meter.v:107$1464.$result' using process `$paramod$1d96dce734c209d2c6ba0a39b0768d97f9c623de\bench_meter.$proc$bench/bench007/rtl/bench_meter.v:116$1481'.
  created $dff cell `$procdff$2148' with positive edge clock.
Creating register for signal `$paramod$1d96dce734c209d2c6ba0a39b0768d97f9c623de\bench_meter.\hexc$func$bench/bench007/rtl/bench_meter.v:107$1464.n' using process `$paramod$1d96dce734c209d2c6ba0a39b0768d97f9c623de\bench_meter.$proc$bench/bench007/rtl/bench_meter.v:116$1481'.
  created $dff cell `$procdff$2149' with positive edge clock.
Creating register for signal `$paramod$1d96dce734c209d2c6ba0a39b0768d97f9c623de\bench_meter.\g_s1' using process `$paramod$1d96dce734c209d2c6ba0a39b0768d97f9c623de\bench_meter.$proc$bench/bench007/rtl/bench_meter.v:66$1473'.
  created $dff cell `$procdff$2150' with positive edge clock.
Creating register for signal `$paramod$1d96dce734c209d2c6ba0a39b0768d97f9c623de\bench_meter.\g_s2' using process `$paramod$1d96dce734c209d2c6ba0a39b0768d97f9c623de\bench_meter.$proc$bench/bench007/rtl/bench_meter.v:66$1473'.
  created $dff cell `$procdff$2151' with positive edge clock.
Creating register for signal `$paramod$1d96dce734c209d2c6ba0a39b0768d97f9c623de\bench_meter.\g_s3' using process `$paramod$1d96dce734c209d2c6ba0a39b0768d97f9c623de\bench_meter.$proc$bench/bench007/rtl/bench_meter.v:66$1473'.
  created $dff cell `$procdff$2152' with positive edge clock.
Creating register for signal `$paramod$1d96dce734c209d2c6ba0a39b0768d97f9c623de\bench_meter.\cyc_cnt' using process `$paramod$1d96dce734c209d2c6ba0a39b0768d97f9c623de\bench_meter.$proc$bench/bench007/rtl/bench_meter.v:66$1473'.
  created $dff cell `$procdff$2153' with positive edge clock.
Creating register for signal `$paramod$1d96dce734c209d2c6ba0a39b0768d97f9c623de\bench_meter.\stp_cnt' using process `$paramod$1d96dce734c209d2c6ba0a39b0768d97f9c623de\bench_meter.$proc$bench/bench007/rtl/bench_meter.v:66$1473'.
  created $dff cell `$procdff$2154' with positive edge clock.
Creating register for signal `$paramod$1d96dce734c209d2c6ba0a39b0768d97f9c623de\bench_meter.\cyc_snap' using process `$paramod$1d96dce734c209d2c6ba0a39b0768d97f9c623de\bench_meter.$proc$bench/bench007/rtl/bench_meter.v:66$1473'.
  created $dff cell `$procdff$2155' with positive edge clock.
Creating register for signal `$paramod$1d96dce734c209d2c6ba0a39b0768d97f9c623de\bench_meter.\stp_snap' using process `$paramod$1d96dce734c209d2c6ba0a39b0768d97f9c623de\bench_meter.$proc$bench/bench007/rtl/bench_meter.v:66$1473'.
  created $dff cell `$procdff$2156' with positive edge clock.
Creating register for signal `$paramod$1d96dce734c209d2c6ba0a39b0768d97f9c623de\bench_meter.\snap_tgl' using process `$paramod$1d96dce734c209d2c6ba0a39b0768d97f9c623de\bench_meter.$proc$bench/bench007/rtl/bench_meter.v:66$1473'.
  created $dff cell `$procdff$2157' with positive edge clock.
Creating register for signal `$paramod$1d96dce734c209d2c6ba0a39b0768d97f9c623de\bench_meter.\gate_cnt' using process `$paramod$1d96dce734c209d2c6ba0a39b0768d97f9c623de\bench_meter.$proc$bench/bench007/rtl/bench_meter.v:50$1468'.
  created $dff cell `$procdff$2158' with positive edge clock.
Creating register for signal `$paramod$1d96dce734c209d2c6ba0a39b0768d97f9c623de\bench_meter.\gate_tgl' using process `$paramod$1d96dce734c209d2c6ba0a39b0768d97f9c623de\bench_meter.$proc$bench/bench007/rtl/bench_meter.v:50$1468'.
  created $dff cell `$procdff$2159' with positive edge clock.

3.4.10. Executing PROC_MEMWR pass (convert process memory writes to cells).

3.4.11. Executing PROC_CLEAN pass (remove empty switches from decision trees).
Removing empty process `bench007_probe_ax7203.$proc$bench/bench007/rtl/bench007_probe_ax7203.v:54$336'.
Removing empty process `bench007_probe_ax7203.$proc$bench/bench007/rtl/bench007_probe_ax7203.v:52$335'.
Removing empty process `bench007_probe_ax7203.$proc$bench/bench007/rtl/bench007_probe_ax7203.v:45$334'.
Removing empty process `bench007_probe_ax7203.$proc$bench/bench007/rtl/bench007_probe_ax7203.v:32$333'.
Removing empty process `bench007_probe_ax7203.$proc$bench/bench007/rtl/bench007_probe_ax7203.v:55$330'.
Removing empty process `bench007_probe_ax7203.$proc$bench/bench007/rtl/bench007_probe_ax7203.v:53$328'.
Removing empty process `bench007_probe_ax7203.$proc$bench/bench007/rtl/bench007_probe_ax7203.v:46$325'.
Removing empty process `bench007_probe_ax7203.$proc$bench/bench007/rtl/bench007_probe_ax7203.v:33$323'.
Removing empty process `$paramod$1d96dce734c209d2c6ba0a39b0768d97f9c623de\bench_meter.$proc$bench/bench007/rtl/bench_meter.v:101$1754'.
Removing empty process `$paramod$1d96dce734c209d2c6ba0a39b0768d97f9c623de\bench_meter.$proc$bench/bench007/rtl/bench_meter.v:100$1753'.
Removing empty process `$paramod$1d96dce734c209d2c6ba0a39b0768d97f9c623de\bench_meter.$proc$bench/bench007/rtl/bench_meter.v:99$1752'.
Removing empty process `$paramod$1d96dce734c209d2c6ba0a39b0768d97f9c623de\bench_meter.$proc$bench/bench007/rtl/bench_meter.v:98$1751'.
Removing empty process `$paramod$1d96dce734c209d2c6ba0a39b0768d97f9c623de\bench_meter.$proc$bench/bench007/rtl/bench_meter.v:97$1750'.
Removing empty process `$paramod$1d96dce734c209d2c6ba0a39b0768d97f9c623de\bench_meter.$proc$bench/bench007/rtl/bench_meter.v:95$1749'.
Removing empty process `$paramod$1d96dce734c209d2c6ba0a39b0768d97f9c623de\bench_meter.$proc$bench/bench007/rtl/bench_meter.v:94$1748'.
Removing empty process `$paramod$1d96dce734c209d2c6ba0a39b0768d97f9c623de\bench_meter.$proc$bench/bench007/rtl/bench_meter.v:94$1747'.
Removing empty process `$paramod$1d96dce734c209d2c6ba0a39b0768d97f9c623de\bench_meter.$proc$bench/bench007/rtl/bench_meter.v:94$1746'.
Removing empty process `$paramod$1d96dce734c209d2c6ba0a39b0768d97f9c623de\bench_meter.$proc$bench/bench007/rtl/bench_meter.v:94$1745'.
Removing empty process `$paramod$1d96dce734c209d2c6ba0a39b0768d97f9c623de\bench_meter.$proc$bench/bench007/rtl/bench_meter.v:93$1744'.
Removing empty process `$paramod$1d96dce734c209d2c6ba0a39b0768d97f9c623de\bench_meter.$proc$bench/bench007/rtl/bench_meter.v:92$1743'.
Removing empty process `$paramod$1d96dce734c209d2c6ba0a39b0768d97f9c623de\bench_meter.$proc$bench/bench007/rtl/bench_meter.v:91$1742'.
Removing empty process `$paramod$1d96dce734c209d2c6ba0a39b0768d97f9c623de\bench_meter.$proc$bench/bench007/rtl/bench_meter.v:91$1741'.
Removing empty process `$paramod$1d96dce734c209d2c6ba0a39b0768d97f9c623de\bench_meter.$proc$bench/bench007/rtl/bench_meter.v:64$1740'.
Removing empty process `$paramod$1d96dce734c209d2c6ba0a39b0768d97f9c623de\bench_meter.$proc$bench/bench007/rtl/bench_meter.v:63$1739'.
Removing empty process `$paramod$1d96dce734c209d2c6ba0a39b0768d97f9c623de\bench_meter.$proc$bench/bench007/rtl/bench_meter.v:63$1738'.
Removing empty process `$paramod$1d96dce734c209d2c6ba0a39b0768d97f9c623de\bench_meter.$proc$bench/bench007/rtl/bench_meter.v:62$1737'.
Removing empty process `$paramod$1d96dce734c209d2c6ba0a39b0768d97f9c623de\bench_meter.$proc$bench/bench007/rtl/bench_meter.v:62$1736'.
Removing empty process `$paramod$1d96dce734c209d2c6ba0a39b0768d97f9c623de\bench_meter.$proc$bench/bench007/rtl/bench_meter.v:61$1735'.
Removing empty process `$paramod$1d96dce734c209d2c6ba0a39b0768d97f9c623de\bench_meter.$proc$bench/bench007/rtl/bench_meter.v:60$1734'.
Removing empty process `$paramod$1d96dce734c209d2c6ba0a39b0768d97f9c623de\bench_meter.$proc$bench/bench007/rtl/bench_meter.v:60$1733'.
Removing empty process `$paramod$1d96dce734c209d2c6ba0a39b0768d97f9c623de\bench_meter.$proc$bench/bench007/rtl/bench_meter.v:49$1732'.
Removing empty process `$paramod$1d96dce734c209d2c6ba0a39b0768d97f9c623de\bench_meter.$proc$bench/bench007/rtl/bench_meter.v:48$1731'.
Removing empty process `$paramod$1d96dce734c209d2c6ba0a39b0768d97f9c623de\bench_meter.$proc$bench/bench007/rtl/bench_meter.v:45$1730'.
Removing empty process `$paramod$1d96dce734c209d2c6ba0a39b0768d97f9c623de\bench_meter.$proc$bench/bench007/rtl/bench_meter.v:114$1723'.
Removing empty process `$paramod$1d96dce734c209d2c6ba0a39b0768d97f9c623de\bench_meter.$proc$bench/bench007/rtl/bench_meter.v:114$1716'.
Removing empty process `$paramod$1d96dce734c209d2c6ba0a39b0768d97f9c623de\bench_meter.$proc$bench/bench007/rtl/bench_meter.v:114$1709'.
Found and cleaned up 6 empty switches in `$paramod$1d96dce734c209d2c6ba0a39b0768d97f9c623de\bench_meter.$proc$bench/bench007/rtl/bench_meter.v:116$1481'.
Removing empty process `$paramod$1d96dce734c209d2c6ba0a39b0768d97f9c623de\bench_meter.$proc$bench/bench007/rtl/bench_meter.v:116$1481'.
Found and cleaned up 1 empty switch in `$paramod$1d96dce734c209d2c6ba0a39b0768d97f9c623de\bench_meter.$proc$bench/bench007/rtl/bench_meter.v:66$1473'.
Removing empty process `$paramod$1d96dce734c209d2c6ba0a39b0768d97f9c623de\bench_meter.$proc$bench/bench007/rtl/bench_meter.v:66$1473'.
Found and cleaned up 1 empty switch in `$paramod$1d96dce734c209d2c6ba0a39b0768d97f9c623de\bench_meter.$proc$bench/bench007/rtl/bench_meter.v:50$1468'.
Removing empty process `$paramod$1d96dce734c209d2c6ba0a39b0768d97f9c623de\bench_meter.$proc$bench/bench007/rtl/bench_meter.v:50$1468'.
Cleaned up 8 empty switches.

3.4.12. Executing OPT_EXPR pass (perform const folding).
Optimizing module bench007_probe_ax7203.
Optimizing module $paramod$1d96dce734c209d2c6ba0a39b0768d97f9c623de\bench_meter.
<suppressed ~17 debug messages>

3.5. Executing FLATTEN pass (flatten design).
Deleting now unused module $paramod$1d96dce734c209d2c6ba0a39b0768d97f9c623de\bench_meter.
<suppressed ~1 debug messages>

3.6. Executing TRIBUF pass.

3.7. Executing DEMINOUT pass (demote inout ports to input or output).

3.8. Executing OPT_EXPR pass (perform const folding).
Optimizing module bench007_probe_ax7203.

3.9. Executing OPT_CLEAN pass (remove unused cells and wires).
Finding unused cells or wires in module \bench007_probe_ax7203..
Removed 174 unused cells and 395 unused wires.
<suppressed ~204 debug messages>

3.10. Executing CHECK pass (checking for obvious problems).
Checking module bench007_probe_ax7203...
Found and reported 0 problems.

3.11. Executing OPT pass (performing simple optimizations).

3.11.1. Executing OPT_EXPR pass (perform const folding).
Optimizing module bench007_probe_ax7203.

3.11.2. Executing OPT_MERGE pass (detect identical cells).
Finding identical cells in module `\bench007_probe_ax7203'.
Computing hashes of 244 cells of `\bench007_probe_ax7203'.
Finding duplicate cells in `\bench007_probe_ax7203'.
Computing hashes of 219 cells of `\bench007_probe_ax7203'.
Finding duplicate cells in `\bench007_probe_ax7203'.
<suppressed ~75 debug messages>
Removed a total of 25 cells.

3.11.3. Executing OPT_MUXTREE pass (detect dead branches in mux trees).
Running muxtree optimizer on module \bench007_probe_ax7203..
  Creating internal representation of mux trees.
  Evaluating internal representation of mux trees.
  Analyzing evaluation results.
Removed 0 multiplexer ports.
<suppressed ~93 debug messages>

3.11.4. Executing OPT_REDUCE pass (consolidate $*mux and $reduce_* inputs).
  Optimizing cells in module \bench007_probe_ax7203.
    New ctrl vector for $pmux cell $flatten\meter.$procmux$1940: $auto$opt_reduce.cc:137:opt_pmux$2162
  Optimizing cells in module \bench007_probe_ax7203.
Performed a total of 1 changes.

3.11.5. Executing OPT_MERGE pass (detect identical cells).
Finding identical cells in module `\bench007_probe_ax7203'.
Computing hashes of 220 cells of `\bench007_probe_ax7203'.
Finding duplicate cells in `\bench007_probe_ax7203'.
Removed a total of 0 cells.

3.11.6. Executing OPT_DFF pass (perform DFF optimizations).

3.11.7. Executing OPT_CLEAN pass (remove unused cells and wires).
Finding unused cells or wires in module \bench007_probe_ax7203..
Removed 0 unused cells and 25 unused wires.
<suppressed ~1 debug messages>

3.11.8. Executing OPT_EXPR pass (perform const folding).
Optimizing module bench007_probe_ax7203.

3.11.9. Rerunning OPT passes. (Maybe there is more to do..)

3.11.10. Executing OPT_MUXTREE pass (detect dead branches in mux trees).
Running muxtree optimizer on module \bench007_probe_ax7203..
  Creating internal representation of mux trees.
  Evaluating internal representation of mux trees.
  Analyzing evaluation results.
Removed 0 multiplexer ports.
<suppressed ~93 debug messages>

3.11.11. Executing OPT_REDUCE pass (consolidate $*mux and $reduce_* inputs).
  Optimizing cells in module \bench007_probe_ax7203.
Performed a total of 0 changes.

3.11.12. Executing OPT_MERGE pass (detect identical cells).
Finding identical cells in module `\bench007_probe_ax7203'.
Computing hashes of 220 cells of `\bench007_probe_ax7203'.
Finding duplicate cells in `\bench007_probe_ax7203'.
Removed a total of 0 cells.

3.11.13. Executing OPT_DFF pass (perform DFF optimizations).

3.11.14. Executing OPT_CLEAN pass (remove unused cells and wires).
Finding unused cells or wires in module \bench007_probe_ax7203..

3.11.15. Executing OPT_EXPR pass (perform const folding).
Optimizing module bench007_probe_ax7203.

3.11.16. Finished fast OPT passes. (There is nothing left to do.)

3.12. Executing FSM pass (extract and optimize FSM).

3.12.1. Executing FSM_DETECT pass (finding FSMs in design).
Not marking bench007_probe_ax7203.meter.stage as FSM state register:
    Register has an initialization value.

3.12.2. Executing FSM_EXTRACT pass (extracting FSM from design).

3.12.3. Executing FSM_OPT pass (simple optimizations of FSMs).

3.12.4. Executing OPT_CLEAN pass (remove unused cells and wires).
Finding unused cells or wires in module \bench007_probe_ax7203..

3.12.5. Executing FSM_OPT pass (simple optimizations of FSMs).

3.12.6. Executing FSM_RECODE pass (re-assigning FSM state encoding).

3.12.7. Executing FSM_INFO pass (dumping all available information on FSM cells).

3.12.8. Executing FSM_MAP pass (mapping FSMs to basic logic).

3.13. Executing OPT pass (performing simple optimizations).

3.13.1. Executing OPT_EXPR pass (perform const folding).
Optimizing module bench007_probe_ax7203.

3.13.2. Executing OPT_MERGE pass (detect identical cells).
Finding identical cells in module `\bench007_probe_ax7203'.
Computing hashes of 220 cells of `\bench007_probe_ax7203'.
Finding duplicate cells in `\bench007_probe_ax7203'.
Removed a total of 0 cells.

3.13.3. Executing OPT_MUXTREE pass (detect dead branches in mux trees).
Running muxtree optimizer on module \bench007_probe_ax7203..
  Creating internal representation of mux trees.
  Evaluating internal representation of mux trees.
  Analyzing evaluation results.
Removed 0 multiplexer ports.
<suppressed ~93 debug messages>

3.13.4. Executing OPT_REDUCE pass (consolidate $*mux and $reduce_* inputs).
  Optimizing cells in module \bench007_probe_ax7203.
Performed a total of 0 changes.

3.13.5. Executing OPT_MERGE pass (detect identical cells).
Finding identical cells in module `\bench007_probe_ax7203'.
Computing hashes of 220 cells of `\bench007_probe_ax7203'.
Finding duplicate cells in `\bench007_probe_ax7203'.
Removed a total of 0 cells.

3.13.6. Executing OPT_DFF pass (perform DFF optimizations).
Adding EN signal on $flatten\meter.$procdff$2159 ($dff) from module bench007_probe_ax7203 (D = $flatten\meter.$not$bench/bench007/rtl/bench_meter.v:53$1470_Y, Q = \meter.gate_tgl).
Adding SRST signal on $flatten\meter.$procdff$2158 ($dff) from module bench007_probe_ax7203 (D = $flatten\meter.$add$bench/bench007/rtl/bench_meter.v:55$1471_Y, Q = \meter.gate_cnt, rval = 0).
Adding EN signal on $flatten\meter.$procdff$2157 ($dff) from module bench007_probe_ax7203 (D = $flatten\meter.$not$bench/bench007/rtl/bench_meter.v:76$1476_Y, Q = \meter.snap_tgl).
Adding EN signal on $flatten\meter.$procdff$2156 ($dff) from module bench007_probe_ax7203 (D = $flatten\meter.$add$bench/bench007/rtl/bench_meter.v:73$1475_Y, Q = \meter.stp_snap).
Adding EN signal on $flatten\meter.$procdff$2155 ($dff) from module bench007_probe_ax7203 (D = $flatten\meter.$add$bench/bench007/rtl/bench_meter.v:72$1474_Y, Q = \meter.cyc_snap).
Adding SRST signal on $flatten\meter.$procdff$2154 ($dff) from module bench007_probe_ax7203 (D = $flatten\meter.$add$bench/bench007/rtl/bench_meter.v:73$1475_Y, Q = \meter.stp_cnt, rval = 0).
Adding SRST signal on $flatten\meter.$procdff$2153 ($dff) from module bench007_probe_ax7203 (D = $flatten\meter.$add$bench/bench007/rtl/bench_meter.v:72$1474_Y, Q = \meter.cyc_cnt, rval = 0).
Adding EN signal on $flatten\meter.$procdff$2091 ($dff) from module bench007_probe_ax7203 (D = $flatten\meter.$procmux$1930_Y, Q = \meter.cur).
Adding EN signal on $flatten\meter.$procdff$2090 ($dff) from module bench007_probe_ax7203 (D = $flatten\meter.$0\baud[15:0], Q = \meter.baud).
Adding EN signal on $flatten\meter.$procdff$2089 ($dff) from module bench007_probe_ax7203 (D = $flatten\meter.$0\bi[3:0], Q = \meter.bi).
Adding EN signal on $flatten\meter.$procdff$2088 ($dff) from module bench007_probe_ax7203 (D = $flatten\meter.$0\ci[5:0], Q = \meter.ci).
Adding EN signal on $flatten\meter.$procdff$2087 ($dff) from module bench007_probe_ax7203 (D = $flatten\meter.$0\line[271:0], Q = \meter.line).
Adding EN signal on $flatten\meter.$procdff$2086 ($dff) from module bench007_probe_ax7203 (D = $flatten\meter.$0\stage[1:0], Q = \meter.stage).
Adding EN signal on $flatten\meter.$procdff$2085 ($dff) from module bench007_probe_ax7203 (D = \meter.stp_snap, Q = \meter.stp_l).
Adding EN signal on $flatten\meter.$procdff$2084 ($dff) from module bench007_probe_ax7203 (D = \meter.cyc_snap, Q = \meter.cyc_l).
Adding EN signal on $flatten\meter.$procdff$2083 ($dff) from module bench007_probe_ax7203 (D = \meter.seq, Q = \meter.seq_l).
Adding EN signal on $flatten\meter.$procdff$2082 ($dff) from module bench007_probe_ax7203 (D = $flatten\meter.$add$bench/bench007/rtl/bench_meter.v:132$1599_Y, Q = \meter.seq).
Adding EN signal on $flatten\meter.$procdff$2077 ($dff) from module bench007_probe_ax7203 (D = $flatten\meter.$0\uart_tx[0:0], Q = \meter.uart_tx).

3.13.7. Executing OPT_CLEAN pass (remove unused cells and wires).
Finding unused cells or wires in module \bench007_probe_ax7203..
Removed 18 unused cells and 18 unused wires.
<suppressed ~19 debug messages>

3.13.8. Executing OPT_EXPR pass (perform const folding).
Optimizing module bench007_probe_ax7203.
<suppressed ~9 debug messages>

3.13.9. Rerunning OPT passes. (Maybe there is more to do..)

3.13.10. Executing OPT_MUXTREE pass (detect dead branches in mux trees).
Running muxtree optimizer on module \bench007_probe_ax7203..
  Creating internal representation of mux trees.
  Evaluating internal representation of mux trees.
  Analyzing evaluation results.
Removed 0 multiplexer ports.
<suppressed ~64 debug messages>

3.13.11. Executing OPT_REDUCE pass (consolidate $*mux and $reduce_* inputs).
  Optimizing cells in module \bench007_probe_ax7203.
Performed a total of 0 changes.

3.13.12. Executing OPT_MERGE pass (detect identical cells).
Finding identical cells in module `\bench007_probe_ax7203'.
Computing hashes of 235 cells of `\bench007_probe_ax7203'.
Finding duplicate cells in `\bench007_probe_ax7203'.
Computing hashes of 225 cells of `\bench007_probe_ax7203'.
Finding duplicate cells in `\bench007_probe_ax7203'.
<suppressed ~30 debug messages>
Removed a total of 10 cells.

3.13.13. Executing OPT_DFF pass (perform DFF optimizations).

3.13.14. Executing OPT_CLEAN pass (remove unused cells and wires).
Finding unused cells or wires in module \bench007_probe_ax7203..
Removed 0 unused cells and 10 unused wires.
<suppressed ~1 debug messages>

3.13.15. Executing OPT_EXPR pass (perform const folding).
Optimizing module bench007_probe_ax7203.

3.13.16. Rerunning OPT passes. (Maybe there is more to do..)

3.13.17. Executing OPT_MUXTREE pass (detect dead branches in mux trees).
Running muxtree optimizer on module \bench007_probe_ax7203..
  Creating internal representation of mux trees.
  Evaluating internal representation of mux trees.
  Analyzing evaluation results.
Removed 0 multiplexer ports.
<suppressed ~64 debug messages>

3.13.18. Executing OPT_REDUCE pass (consolidate $*mux and $reduce_* inputs).
  Optimizing cells in module \bench007_probe_ax7203.
Performed a total of 0 changes.

3.13.19. Executing OPT_MERGE pass (detect identical cells).
Finding identical cells in module `\bench007_probe_ax7203'.
Computing hashes of 225 cells of `\bench007_probe_ax7203'.
Finding duplicate cells in `\bench007_probe_ax7203'.
Removed a total of 0 cells.

3.13.20. Executing OPT_DFF pass (perform DFF optimizations).

3.13.21. Executing OPT_CLEAN pass (remove unused cells and wires).
Finding unused cells or wires in module \bench007_probe_ax7203..

3.13.22. Executing OPT_EXPR pass (perform const folding).
Optimizing module bench007_probe_ax7203.

3.13.23. Finished fast OPT passes. (There is nothing left to do.)

3.14. Executing WREDUCE pass (reducing word size of cells).
Removed top 1 bits (of 2) from port B of cell bench007_probe_ax7203.$auto$opt_dff.cc:235:make_patterns_logic$2225 ($ne).
Removed top 1 bits (of 3) from port B of cell bench007_probe_ax7203.$auto$opt_dff.cc:235:make_patterns_logic$2185 ($ne).
Removed top 9 bits (of 10) from port B of cell bench007_probe_ax7203.$add$bench/bench007/rtl/bench007_probe_ax7203.v:46$326 ($add).
Removed top 26 bits (of 27) from port B of cell bench007_probe_ax7203.$add$bench/bench007/rtl/bench007_probe_ax7203.v:53$329 ($add).
Removed top 26 bits (of 27) from port B of cell bench007_probe_ax7203.$add$bench/bench007/rtl/bench007_probe_ax7203.v:55$331 ($add).
Removed top 1 bits (of 2) from port B of cell bench007_probe_ax7203.$flatten\meter.$procmux$1941_CMP0 ($eq).
Removed top 3 bits (of 4) from port B of cell bench007_probe_ax7203.$flatten\meter.$add$bench/bench007/rtl/bench_meter.v:168$1708 ($add).
Removed top 5 bits (of 6) from port B of cell bench007_probe_ax7203.$flatten\meter.$add$bench/bench007/rtl/bench_meter.v:163$1707 ($add).
Removed top 15 bits (of 16) from port B of cell bench007_probe_ax7203.$flatten\meter.$sub$bench/bench007/rtl/bench_meter.v:146$1705 ($sub).
Removed top 2 bits (of 8) from port A of cell bench007_probe_ax7203.$flatten\meter.$add$bench/bench007/rtl/bench_meter.v:104$1702 ($add).
Removed top 4 bits (of 8) from port B of cell bench007_probe_ax7203.$flatten\meter.$add$bench/bench007/rtl/bench_meter.v:104$1702 ($add).
Removed top 1 bits (of 8) from port Y of cell bench007_probe_ax7203.$flatten\meter.$add$bench/bench007/rtl/bench_meter.v:104$1702 ($add).
Removed top 2 bits (of 8) from port A of cell bench007_probe_ax7203.$flatten\meter.$add$bench/bench007/rtl/bench_meter.v:104$1701 ($add).
Removed top 4 bits (of 8) from port B of cell bench007_probe_ax7203.$flatten\meter.$add$bench/bench007/rtl/bench_meter.v:104$1701 ($add).
Removed top 1 bits (of 8) from port Y of cell bench007_probe_ax7203.$flatten\meter.$add$bench/bench007/rtl/bench_meter.v:104$1701 ($add).
Removed top 2 bits (of 8) from port A of cell bench007_probe_ax7203.$flatten\meter.$add$bench/bench007/rtl/bench_meter.v:104$1698 ($add).
Removed top 4 bits (of 8) from port B of cell bench007_probe_ax7203.$flatten\meter.$add$bench/bench007/rtl/bench_meter.v:104$1698 ($add).
Removed top 1 bits (of 8) from port Y of cell bench007_probe_ax7203.$flatten\meter.$add$bench/bench007/rtl/bench_meter.v:104$1698 ($add).
Removed top 2 bits (of 8) from port A of cell bench007_probe_ax7203.$flatten\meter.$add$bench/bench007/rtl/bench_meter.v:104$1697 ($add).
Removed top 4 bits (of 8) from port B of cell bench007_probe_ax7203.$flatten\meter.$add$bench/bench007/rtl/bench_meter.v:104$1697 ($add).
Removed top 1 bits (of 8) from port Y of cell bench007_probe_ax7203.$flatten\meter.$add$bench/bench007/rtl/bench_meter.v:104$1697 ($add).
Removed top 2 bits (of 8) from port A of cell bench007_probe_ax7203.$flatten\meter.$add$bench/bench007/rtl/bench_meter.v:104$1694 ($add).
Removed top 4 bits (of 8) from port B of cell bench007_probe_ax7203.$flatten\meter.$add$bench/bench007/rtl/bench_meter.v:104$1694 ($add).
Removed top 1 bits (of 8) from port Y of cell bench007_probe_ax7203.$flatten\meter.$add$bench/bench007/rtl/bench_meter.v:104$1694 ($add).
Removed top 2 bits (of 8) from port A of cell bench007_probe_ax7203.$flatten\meter.$add$bench/bench007/rtl/bench_meter.v:104$1693 ($add).
Removed top 4 bits (of 8) from port B of cell bench007_probe_ax7203.$flatten\meter.$add$bench/bench007/rtl/bench_meter.v:104$1693 ($add).
Removed top 1 bits (of 8) from port Y of cell bench007_probe_ax7203.$flatten\meter.$add$bench/bench007/rtl/bench_meter.v:104$1693 ($add).
Removed top 2 bits (of 8) from port A of cell bench007_probe_ax7203.$flatten\meter.$add$bench/bench007/rtl/bench_meter.v:104$1690 ($add).
Removed top 4 bits (of 8) from port B of cell bench007_probe_ax7203.$flatten\meter.$add$bench/bench007/rtl/bench_meter.v:104$1690 ($add).
Removed top 1 bits (of 8) from port Y of cell bench007_probe_ax7203.$flatten\meter.$add$bench/bench007/rtl/bench_meter.v:104$1690 ($add).
Removed top 2 bits (of 8) from port A of cell bench007_probe_ax7203.$flatten\meter.$add$bench/bench007/rtl/bench_meter.v:104$1689 ($add).
Removed top 4 bits (of 8) from port B of cell bench007_probe_ax7203.$flatten\meter.$add$bench/bench007/rtl/bench_meter.v:104$1689 ($add).
Removed top 1 bits (of 8) from port Y of cell bench007_probe_ax7203.$flatten\meter.$add$bench/bench007/rtl/bench_meter.v:104$1689 ($add).
Removed top 2 bits (of 8) from port A of cell bench007_probe_ax7203.$flatten\meter.$add$bench/bench007/rtl/bench_meter.v:104$1686 ($add).
Removed top 4 bits (of 8) from port B of cell bench007_probe_ax7203.$flatten\meter.$add$bench/bench007/rtl/bench_meter.v:104$1686 ($add).
Removed top 1 bits (of 8) from port Y of cell bench007_probe_ax7203.$flatten\meter.$add$bench/bench007/rtl/bench_meter.v:104$1686 ($add).
Removed top 2 bits (of 8) from port A of cell bench007_probe_ax7203.$flatten\meter.$add$bench/bench007/rtl/bench_meter.v:104$1685 ($add).
Removed top 4 bits (of 8) from port B of cell bench007_probe_ax7203.$flatten\meter.$add$bench/bench007/rtl/bench_meter.v:104$1685 ($add).
Removed top 1 bits (of 8) from port Y of cell bench007_probe_ax7203.$flatten\meter.$add$bench/bench007/rtl/bench_meter.v:104$1685 ($add).
Removed top 2 bits (of 8) from port A of cell bench007_probe_ax7203.$flatten\meter.$add$bench/bench007/rtl/bench_meter.v:104$1682 ($add).
Removed top 4 bits (of 8) from port B of cell bench007_probe_ax7203.$flatten\meter.$add$bench/bench007/rtl/bench_meter.v:104$1682 ($add).
Removed top 1 bits (of 8) from port Y of cell bench007_probe_ax7203.$flatten\meter.$add$bench/bench007/rtl/bench_meter.v:104$1682 ($add).
Removed top 2 bits (of 8) from port A of cell bench007_probe_ax7203.$flatten\meter.$add$bench/bench007/rtl/bench_meter.v:104$1681 ($add).
Removed top 4 bits (of 8) from port B of cell bench007_probe_ax7203.$flatten\meter.$add$bench/bench007/rtl/bench_meter.v:104$1681 ($add).
Removed top 1 bits (of 8) from port Y of cell bench007_probe_ax7203.$flatten\meter.$add$bench/bench007/rtl/bench_meter.v:104$1681 ($add).
Removed top 2 bits (of 8) from port A of cell bench007_probe_ax7203.$flatten\meter.$add$bench/bench007/rtl/bench_meter.v:104$1678 ($add).
Removed top 4 bits (of 8) from port B of cell bench007_probe_ax7203.$flatten\meter.$add$bench/bench007/rtl/bench_meter.v:104$1678 ($add).
Removed top 1 bits (of 8) from port Y of cell bench007_probe_ax7203.$flatten\meter.$add$bench/bench007/rtl/bench_meter.v:104$1678 ($add).
Removed top 2 bits (of 8) from port A of cell bench007_probe_ax7203.$flatten\meter.$add$bench/bench007/rtl/bench_meter.v:104$1677 ($add).
Removed top 4 bits (of 8) from port B of cell bench007_probe_ax7203.$flatten\meter.$add$bench/bench007/rtl/bench_meter.v:104$1677 ($add).
Removed top 1 bits (of 8) from port Y of cell bench007_probe_ax7203.$flatten\meter.$add$bench/bench007/rtl/bench_meter.v:104$1677 ($add).
Removed top 2 bits (of 8) from port A of cell bench007_probe_ax7203.$flatten\meter.$add$bench/bench007/rtl/bench_meter.v:104$1674 ($add).
Removed top 4 bits (of 8) from port B of cell bench007_probe_ax7203.$flatten\meter.$add$bench/bench007/rtl/bench_meter.v:104$1674 ($add).
Removed top 1 bits (of 8) from port Y of cell bench007_probe_ax7203.$flatten\meter.$add$bench/bench007/rtl/bench_meter.v:104$1674 ($add).
Removed top 2 bits (of 8) from port A of cell bench007_probe_ax7203.$flatten\meter.$add$bench/bench007/rtl/bench_meter.v:104$1673 ($add).
Removed top 4 bits (of 8) from port B of cell bench007_probe_ax7203.$flatten\meter.$add$bench/bench007/rtl/bench_meter.v:104$1673 ($add).
Removed top 1 bits (of 8) from port Y of cell bench007_probe_ax7203.$flatten\meter.$add$bench/bench007/rtl/bench_meter.v:104$1673 ($add).
Removed top 2 bits (of 8) from port A of cell bench007_probe_ax7203.$flatten\meter.$add$bench/bench007/rtl/bench_meter.v:104$1670 ($add).
Removed top 4 bits (of 8) from port B of cell bench007_probe_ax7203.$flatten\meter.$add$bench/bench007/rtl/bench_meter.v:104$1670 ($add).
Removed top 1 bits (of 8) from port Y of cell bench007_probe_ax7203.$flatten\meter.$add$bench/bench007/rtl/bench_meter.v:104$1670 ($add).
Removed top 2 bits (of 8) from port A of cell bench007_probe_ax7203.$flatten\meter.$add$bench/bench007/rtl/bench_meter.v:104$1669 ($add).
Removed top 4 bits (of 8) from port B of cell bench007_probe_ax7203.$flatten\meter.$add$bench/bench007/rtl/bench_meter.v:104$1669 ($add).
Removed top 1 bits (of 8) from port Y of cell bench007_probe_ax7203.$flatten\meter.$add$bench/bench007/rtl/bench_meter.v:104$1669 ($add).
Removed top 2 bits (of 8) from port A of cell bench007_probe_ax7203.$flatten\meter.$add$bench/bench007/rtl/bench_meter.v:104$1666 ($add).
Removed top 4 bits (of 8) from port B of cell bench007_probe_ax7203.$flatten\meter.$add$bench/bench007/rtl/bench_meter.v:104$1666 ($add).
Removed top 1 bits (of 8) from port Y of cell bench007_probe_ax7203.$flatten\meter.$add$bench/bench007/rtl/bench_meter.v:104$1666 ($add).
Removed top 2 bits (of 8) from port A of cell bench007_probe_ax7203.$flatten\meter.$add$bench/bench007/rtl/bench_meter.v:104$1665 ($add).
Removed top 4 bits (of 8) from port B of cell bench007_probe_ax7203.$flatten\meter.$add$bench/bench007/rtl/bench_meter.v:104$1665 ($add).
Removed top 1 bits (of 8) from port Y of cell bench007_probe_ax7203.$flatten\meter.$add$bench/bench007/rtl/bench_meter.v:104$1665 ($add).
Removed top 2 bits (of 8) from port A of cell bench007_probe_ax7203.$flatten\meter.$add$bench/bench007/rtl/bench_meter.v:104$1662 ($add).
Removed top 4 bits (of 8) from port B of cell bench007_probe_ax7203.$flatten\meter.$add$bench/bench007/rtl/bench_meter.v:104$1662 ($add).
Removed top 1 bits (of 8) from port Y of cell bench007_probe_ax7203.$flatten\meter.$add$bench/bench007/rtl/bench_meter.v:104$1662 ($add).
Removed top 2 bits (of 8) from port A of cell bench007_probe_ax7203.$flatten\meter.$add$bench/bench007/rtl/bench_meter.v:104$1661 ($add).
Removed top 4 bits (of 8) from port B of cell bench007_probe_ax7203.$flatten\meter.$add$bench/bench007/rtl/bench_meter.v:104$1661 ($add).
Removed top 1 bits (of 8) from port Y of cell bench007_probe_ax7203.$flatten\meter.$add$bench/bench007/rtl/bench_meter.v:104$1661 ($add).
Removed top 2 bits (of 8) from port A of cell bench007_probe_ax7203.$flatten\meter.$add$bench/bench007/rtl/bench_meter.v:104$1658 ($add).
Removed top 4 bits (of 8) from port B of cell bench007_probe_ax7203.$flatten\meter.$add$bench/bench007/rtl/bench_meter.v:104$1658 ($add).
Removed top 1 bits (of 8) from port Y of cell bench007_probe_ax7203.$flatten\meter.$add$bench/bench007/rtl/bench_meter.v:104$1658 ($add).
Removed top 2 bits (of 8) from port A of cell bench007_probe_ax7203.$flatten\meter.$add$bench/bench007/rtl/bench_meter.v:104$1657 ($add).
Removed top 4 bits (of 8) from port B of cell bench007_probe_ax7203.$flatten\meter.$add$bench/bench007/rtl/bench_meter.v:104$1657 ($add).
Removed top 1 bits (of 8) from port Y of cell bench007_probe_ax7203.$flatten\meter.$add$bench/bench007/rtl/bench_meter.v:104$1657 ($add).
Removed top 2 bits (of 8) from port A of cell bench007_probe_ax7203.$flatten\meter.$add$bench/bench007/rtl/bench_meter.v:104$1654 ($add).
Removed top 4 bits (of 8) from port B of cell bench007_probe_ax7203.$flatten\meter.$add$bench/bench007/rtl/bench_meter.v:104$1654 ($add).
Removed top 1 bits (of 8) from port Y of cell bench007_probe_ax7203.$flatten\meter.$add$bench/bench007/rtl/bench_meter.v:104$1654 ($add).
Removed top 2 bits (of 8) from port A of cell bench007_probe_ax7203.$flatten\meter.$add$bench/bench007/rtl/bench_meter.v:104$1653 ($add).
Removed top 4 bits (of 8) from port B of cell bench007_probe_ax7203.$flatten\meter.$add$bench/bench007/rtl/bench_meter.v:104$1653 ($add).
Removed top 1 bits (of 8) from port Y of cell bench007_probe_ax7203.$flatten\meter.$add$bench/bench007/rtl/bench_meter.v:104$1653 ($add).
Removed top 2 bits (of 8) from port A of cell bench007_probe_ax7203.$flatten\meter.$add$bench/bench007/rtl/bench_meter.v:104$1650 ($add).
Removed top 4 bits (of 8) from port B of cell bench007_probe_ax7203.$flatten\meter.$add$bench/bench007/rtl/bench_meter.v:104$1650 ($add).
Removed top 1 bits (of 8) from port Y of cell bench007_probe_ax7203.$flatten\meter.$add$bench/bench007/rtl/bench_meter.v:104$1650 ($add).
Removed top 2 bits (of 8) from port A of cell bench007_probe_ax7203.$flatten\meter.$add$bench/bench007/rtl/bench_meter.v:104$1649 ($add).
Removed top 4 bits (of 8) from port B of cell bench007_probe_ax7203.$flatten\meter.$add$bench/bench007/rtl/bench_meter.v:104$1649 ($add).
Removed top 1 bits (of 8) from port Y of cell bench007_probe_ax7203.$flatten\meter.$add$bench/bench007/rtl/bench_meter.v:104$1649 ($add).
Removed top 2 bits (of 8) from port A of cell bench007_probe_ax7203.$flatten\meter.$add$bench/bench007/rtl/bench_meter.v:104$1646 ($add).
Removed top 4 bits (of 8) from port B of cell bench007_probe_ax7203.$flatten\meter.$add$bench/bench007/rtl/bench_meter.v:104$1646 ($add).
Removed top 1 bits (of 8) from port Y of cell bench007_probe_ax7203.$flatten\meter.$add$bench/bench007/rtl/bench_meter.v:104$1646 ($add).
Removed top 2 bits (of 8) from port A of cell bench007_probe_ax7203.$flatten\meter.$add$bench/bench007/rtl/bench_meter.v:104$1645 ($add).
Removed top 4 bits (of 8) from port B of cell bench007_probe_ax7203.$flatten\meter.$add$bench/bench007/rtl/bench_meter.v:104$1645 ($add).
Removed top 1 bits (of 8) from port Y of cell bench007_probe_ax7203.$flatten\meter.$add$bench/bench007/rtl/bench_meter.v:104$1645 ($add).
Removed top 2 bits (of 8) from port A of cell bench007_probe_ax7203.$flatten\meter.$add$bench/bench007/rtl/bench_meter.v:104$1642 ($add).
Removed top 4 bits (of 8) from port B of cell bench007_probe_ax7203.$flatten\meter.$add$bench/bench007/rtl/bench_meter.v:104$1642 ($add).
Removed top 1 bits (of 8) from port Y of cell bench007_probe_ax7203.$flatten\meter.$add$bench/bench007/rtl/bench_meter.v:104$1642 ($add).
Removed top 2 bits (of 8) from port A of cell bench007_probe_ax7203.$flatten\meter.$add$bench/bench007/rtl/bench_meter.v:104$1641 ($add).
Removed top 4 bits (of 8) from port B of cell bench007_probe_ax7203.$flatten\meter.$add$bench/bench007/rtl/bench_meter.v:104$1641 ($add).
Removed top 1 bits (of 8) from port Y of cell bench007_probe_ax7203.$flatten\meter.$add$bench/bench007/rtl/bench_meter.v:104$1641 ($add).
Removed top 2 bits (of 8) from port A of cell bench007_probe_ax7203.$flatten\meter.$add$bench/bench007/rtl/bench_meter.v:104$1638 ($add).
Removed top 4 bits (of 8) from port B of cell bench007_probe_ax7203.$flatten\meter.$add$bench/bench007/rtl/bench_meter.v:104$1638 ($add).
Removed top 1 bits (of 8) from port Y of cell bench007_probe_ax7203.$flatten\meter.$add$bench/bench007/rtl/bench_meter.v:104$1638 ($add).
Removed top 2 bits (of 8) from port A of cell bench007_probe_ax7203.$flatten\meter.$add$bench/bench007/rtl/bench_meter.v:104$1637 ($add).
Removed top 4 bits (of 8) from port B of cell bench007_probe_ax7203.$flatten\meter.$add$bench/bench007/rtl/bench_meter.v:104$1637 ($add).
Removed top 1 bits (of 8) from port Y of cell bench007_probe_ax7203.$flatten\meter.$add$bench/bench007/rtl/bench_meter.v:104$1637 ($add).
Removed top 2 bits (of 8) from port A of cell bench007_probe_ax7203.$flatten\meter.$add$bench/bench007/rtl/bench_meter.v:104$1634 ($add).
Removed top 4 bits (of 8) from port B of cell bench007_probe_ax7203.$flatten\meter.$add$bench/bench007/rtl/bench_meter.v:104$1634 ($add).
Removed top 1 bits (of 8) from port Y of cell bench007_probe_ax7203.$flatten\meter.$add$bench/bench007/rtl/bench_meter.v:104$1634 ($add).
Removed top 2 bits (of 8) from port A of cell bench007_probe_ax7203.$flatten\meter.$add$bench/bench007/rtl/bench_meter.v:104$1633 ($add).
Removed top 4 bits (of 8) from port B of cell bench007_probe_ax7203.$flatten\meter.$add$bench/bench007/rtl/bench_meter.v:104$1633 ($add).
Removed top 1 bits (of 8) from port Y of cell bench007_probe_ax7203.$flatten\meter.$add$bench/bench007/rtl/bench_meter.v:104$1633 ($add).
Removed top 2 bits (of 8) from port A of cell bench007_probe_ax7203.$flatten\meter.$add$bench/bench007/rtl/bench_meter.v:104$1630 ($add).
Removed top 4 bits (of 8) from port B of cell bench007_probe_ax7203.$flatten\meter.$add$bench/bench007/rtl/bench_meter.v:104$1630 ($add).
Removed top 1 bits (of 8) from port Y of cell bench007_probe_ax7203.$flatten\meter.$add$bench/bench007/rtl/bench_meter.v:104$1630 ($add).
Removed top 2 bits (of 8) from port A of cell bench007_probe_ax7203.$flatten\meter.$add$bench/bench007/rtl/bench_meter.v:104$1629 ($add).
Removed top 4 bits (of 8) from port B of cell bench007_probe_ax7203.$flatten\meter.$add$bench/bench007/rtl/bench_meter.v:104$1629 ($add).
Removed top 1 bits (of 8) from port Y of cell bench007_probe_ax7203.$flatten\meter.$add$bench/bench007/rtl/bench_meter.v:104$1629 ($add).
Removed top 2 bits (of 8) from port A of cell bench007_probe_ax7203.$flatten\meter.$add$bench/bench007/rtl/bench_meter.v:104$1626 ($add).
Removed top 4 bits (of 8) from port B of cell bench007_probe_ax7203.$flatten\meter.$add$bench/bench007/rtl/bench_meter.v:104$1626 ($add).
Removed top 1 bits (of 8) from port Y of cell bench007_probe_ax7203.$flatten\meter.$add$bench/bench007/rtl/bench_meter.v:104$1626 ($add).
Removed top 2 bits (of 8) from port A of cell bench007_probe_ax7203.$flatten\meter.$add$bench/bench007/rtl/bench_meter.v:104$1625 ($add).
Removed top 4 bits (of 8) from port B of cell bench007_probe_ax7203.$flatten\meter.$add$bench/bench007/rtl/bench_meter.v:104$1625 ($add).
Removed top 1 bits (of 8) from port Y of cell bench007_probe_ax7203.$flatten\meter.$add$bench/bench007/rtl/bench_meter.v:104$1625 ($add).
Removed top 2 bits (of 8) from port A of cell bench007_probe_ax7203.$flatten\meter.$add$bench/bench007/rtl/bench_meter.v:104$1622 ($add).
Removed top 4 bits (of 8) from port B of cell bench007_probe_ax7203.$flatten\meter.$add$bench/bench007/rtl/bench_meter.v:104$1622 ($add).
Removed top 1 bits (of 8) from port Y of cell bench007_probe_ax7203.$flatten\meter.$add$bench/bench007/rtl/bench_meter.v:104$1622 ($add).
Removed top 2 bits (of 8) from port A of cell bench007_probe_ax7203.$flatten\meter.$add$bench/bench007/rtl/bench_meter.v:104$1621 ($add).
Removed top 4 bits (of 8) from port B of cell bench007_probe_ax7203.$flatten\meter.$add$bench/bench007/rtl/bench_meter.v:104$1621 ($add).
Removed top 1 bits (of 8) from port Y of cell bench007_probe_ax7203.$flatten\meter.$add$bench/bench007/rtl/bench_meter.v:104$1621 ($add).
Removed top 2 bits (of 8) from port A of cell bench007_probe_ax7203.$flatten\meter.$add$bench/bench007/rtl/bench_meter.v:104$1618 ($add).
Removed top 4 bits (of 8) from port B of cell bench007_probe_ax7203.$flatten\meter.$add$bench/bench007/rtl/bench_meter.v:104$1618 ($add).
Removed top 1 bits (of 8) from port Y of cell bench007_probe_ax7203.$flatten\meter.$add$bench/bench007/rtl/bench_meter.v:104$1618 ($add).
Removed top 2 bits (of 8) from port A of cell bench007_probe_ax7203.$flatten\meter.$add$bench/bench007/rtl/bench_meter.v:104$1617 ($add).
Removed top 4 bits (of 8) from port B of cell bench007_probe_ax7203.$flatten\meter.$add$bench/bench007/rtl/bench_meter.v:104$1617 ($add).
Removed top 1 bits (of 8) from port Y of cell bench007_probe_ax7203.$flatten\meter.$add$bench/bench007/rtl/bench_meter.v:104$1617 ($add).
Removed top 2 bits (of 8) from port A of cell bench007_probe_ax7203.$flatten\meter.$add$bench/bench007/rtl/bench_meter.v:104$1614 ($add).
Removed top 4 bits (of 8) from port B of cell bench007_probe_ax7203.$flatten\meter.$add$bench/bench007/rtl/bench_meter.v:104$1614 ($add).
Removed top 1 bits (of 8) from port Y of cell bench007_probe_ax7203.$flatten\meter.$add$bench/bench007/rtl/bench_meter.v:104$1614 ($add).
Removed top 2 bits (of 8) from port A of cell bench007_probe_ax7203.$flatten\meter.$add$bench/bench007/rtl/bench_meter.v:104$1613 ($add).
Removed top 4 bits (of 8) from port B of cell bench007_probe_ax7203.$flatten\meter.$add$bench/bench007/rtl/bench_meter.v:104$1613 ($add).
Removed top 1 bits (of 8) from port Y of cell bench007_probe_ax7203.$flatten\meter.$add$bench/bench007/rtl/bench_meter.v:104$1613 ($add).
Removed top 2 bits (of 8) from port A of cell bench007_probe_ax7203.$flatten\meter.$add$bench/bench007/rtl/bench_meter.v:104$1610 ($add).
Removed top 4 bits (of 8) from port B of cell bench007_probe_ax7203.$flatten\meter.$add$bench/bench007/rtl/bench_meter.v:104$1610 ($add).
Removed top 1 bits (of 8) from port Y of cell bench007_probe_ax7203.$flatten\meter.$add$bench/bench007/rtl/bench_meter.v:104$1610 ($add).
Removed top 2 bits (of 8) from port A of cell bench007_probe_ax7203.$flatten\meter.$add$bench/bench007/rtl/bench_meter.v:104$1609 ($add).
Removed top 4 bits (of 8) from port B of cell bench007_probe_ax7203.$flatten\meter.$add$bench/bench007/rtl/bench_meter.v:104$1609 ($add).
Removed top 1 bits (of 8) from port Y of cell bench007_probe_ax7203.$flatten\meter.$add$bench/bench007/rtl/bench_meter.v:104$1609 ($add).
Removed top 2 bits (of 8) from port A of cell bench007_probe_ax7203.$flatten\meter.$add$bench/bench007/rtl/bench_meter.v:104$1606 ($add).
Removed top 4 bits (of 8) from port B of cell bench007_probe_ax7203.$flatten\meter.$add$bench/bench007/rtl/bench_meter.v:104$1606 ($add).
Removed top 1 bits (of 8) from port Y of cell bench007_probe_ax7203.$flatten\meter.$add$bench/bench007/rtl/bench_meter.v:104$1606 ($add).
Removed top 2 bits (of 8) from port A of cell bench007_probe_ax7203.$flatten\meter.$add$bench/bench007/rtl/bench_meter.v:104$1605 ($add).
Removed top 4 bits (of 8) from port B of cell bench007_probe_ax7203.$flatten\meter.$add$bench/bench007/rtl/bench_meter.v:104$1605 ($add).
Removed top 1 bits (of 8) from port Y of cell bench007_probe_ax7203.$flatten\meter.$add$bench/bench007/rtl/bench_meter.v:104$1605 ($add).
Removed top 2 bits (of 8) from port A of cell bench007_probe_ax7203.$flatten\meter.$add$bench/bench007/rtl/bench_meter.v:104$1602 ($add).
Removed top 4 bits (of 8) from port B of cell bench007_probe_ax7203.$flatten\meter.$add$bench/bench007/rtl/bench_meter.v:104$1602 ($add).
Removed top 1 bits (of 8) from port Y of cell bench007_probe_ax7203.$flatten\meter.$add$bench/bench007/rtl/bench_meter.v:104$1602 ($add).
Removed top 2 bits (of 8) from port A of cell bench007_probe_ax7203.$flatten\meter.$add$bench/bench007/rtl/bench_meter.v:104$1601 ($add).
Removed top 4 bits (of 8) from port B of cell bench007_probe_ax7203.$flatten\meter.$add$bench/bench007/rtl/bench_meter.v:104$1601 ($add).
Removed top 1 bits (of 8) from port Y of cell bench007_probe_ax7203.$flatten\meter.$add$bench/bench007/rtl/bench_meter.v:104$1601 ($add).
Removed top 31 bits (of 32) from port B of cell bench007_probe_ax7203.$flatten\meter.$add$bench/bench007/rtl/bench_meter.v:132$1599 ($add).
Removed top 31 bits (of 32) from port B of cell bench007_probe_ax7203.$flatten\meter.$add$bench/bench007/rtl/bench_meter.v:73$1475 ($add).
Removed top 31 bits (of 32) from port B of cell bench007_probe_ax7203.$flatten\meter.$add$bench/bench007/rtl/bench_meter.v:72$1474 ($add).
Removed top 31 bits (of 32) from port B of cell bench007_probe_ax7203.$flatten\meter.$add$bench/bench007/rtl/bench_meter.v:55$1471 ($add).
Removed top 5 bits (of 32) from port B of cell bench007_probe_ax7203.$flatten\meter.$eq$bench/bench007/rtl/bench_meter.v:51$1469 ($eq).
Removed top 1 bits (of 8) from wire bench007_probe_ax7203.$flatten\meter.$add$bench/bench007/rtl/bench_meter.v:104$1601_Y.
Removed top 4 bits (of 8) from wire bench007_probe_ax7203.$flatten\meter.$add$bench/bench007/rtl/bench_meter.v:104$1602_Y.
Removed top 1 bits (of 8) from wire bench007_probe_ax7203.$flatten\meter.$add$bench/bench007/rtl/bench_meter.v:104$1605_Y.
Removed top 4 bits (of 8) from wire bench007_probe_ax7203.$flatten\meter.$add$bench/bench007/rtl/bench_meter.v:104$1606_Y.
Removed top 1 bits (of 8) from wire bench007_probe_ax7203.$flatten\meter.$add$bench/bench007/rtl/bench_meter.v:104$1609_Y.
Removed top 4 bits (of 8) from wire bench007_probe_ax7203.$flatten\meter.$add$bench/bench007/rtl/bench_meter.v:104$1610_Y.
Removed top 1 bits (of 8) from wire bench007_probe_ax7203.$flatten\meter.$add$bench/bench007/rtl/bench_meter.v:104$1613_Y.
Removed top 4 bits (of 8) from wire bench007_probe_ax7203.$flatten\meter.$add$bench/bench007/rtl/bench_meter.v:104$1614_Y.
Removed top 1 bits (of 8) from wire bench007_probe_ax7203.$flatten\meter.$add$bench/bench007/rtl/bench_meter.v:104$1617_Y.
Removed top 4 bits (of 8) from wire bench007_probe_ax7203.$flatten\meter.$add$bench/bench007/rtl/bench_meter.v:104$1618_Y.
Removed top 1 bits (of 8) from wire bench007_probe_ax7203.$flatten\meter.$add$bench/bench007/rtl/bench_meter.v:104$1621_Y.
Removed top 4 bits (of 8) from wire bench007_probe_ax7203.$flatten\meter.$add$bench/bench007/rtl/bench_meter.v:104$1622_Y.
Removed top 1 bits (of 8) from wire bench007_probe_ax7203.$flatten\meter.$add$bench/bench007/rtl/bench_meter.v:104$1625_Y.
Removed top 4 bits (of 8) from wire bench007_probe_ax7203.$flatten\meter.$add$bench/bench007/rtl/bench_meter.v:104$1626_Y.
Removed top 1 bits (of 8) from wire bench007_probe_ax7203.$flatten\meter.$add$bench/bench007/rtl/bench_meter.v:104$1629_Y.
Removed top 4 bits (of 8) from wire bench007_probe_ax7203.$flatten\meter.$add$bench/bench007/rtl/bench_meter.v:104$1630_Y.
Removed top 1 bits (of 8) from wire bench007_probe_ax7203.$flatten\meter.$add$bench/bench007/rtl/bench_meter.v:104$1633_Y.
Removed top 4 bits (of 8) from wire bench007_probe_ax7203.$flatten\meter.$add$bench/bench007/rtl/bench_meter.v:104$1634_Y.
Removed top 1 bits (of 8) from wire bench007_probe_ax7203.$flatten\meter.$add$bench/bench007/rtl/bench_meter.v:104$1637_Y.
Removed top 4 bits (of 8) from wire bench007_probe_ax7203.$flatten\meter.$add$bench/bench007/rtl/bench_meter.v:104$1638_Y.
Removed top 1 bits (of 8) from wire bench007_probe_ax7203.$flatten\meter.$add$bench/bench007/rtl/bench_meter.v:104$1641_Y.
Removed top 4 bits (of 8) from wire bench007_probe_ax7203.$flatten\meter.$add$bench/bench007/rtl/bench_meter.v:104$1642_Y.
Removed top 1 bits (of 8) from wire bench007_probe_ax7203.$flatten\meter.$add$bench/bench007/rtl/bench_meter.v:104$1645_Y.
Removed top 4 bits (of 8) from wire bench007_probe_ax7203.$flatten\meter.$add$bench/bench007/rtl/bench_meter.v:104$1646_Y.
Removed top 1 bits (of 8) from wire bench007_probe_ax7203.$flatten\meter.$add$bench/bench007/rtl/bench_meter.v:104$1649_Y.
Removed top 4 bits (of 8) from wire bench007_probe_ax7203.$flatten\meter.$add$bench/bench007/rtl/bench_meter.v:104$1650_Y.
Removed top 1 bits (of 8) from wire bench007_probe_ax7203.$flatten\meter.$add$bench/bench007/rtl/bench_meter.v:104$1653_Y.
Removed top 4 bits (of 8) from wire bench007_probe_ax7203.$flatten\meter.$add$bench/bench007/rtl/bench_meter.v:104$1654_Y.
Removed top 1 bits (of 8) from wire bench007_probe_ax7203.$flatten\meter.$add$bench/bench007/rtl/bench_meter.v:104$1657_Y.
Removed top 4 bits (of 8) from wire bench007_probe_ax7203.$flatten\meter.$add$bench/bench007/rtl/bench_meter.v:104$1658_Y.
Removed top 1 bits (of 8) from wire bench007_probe_ax7203.$flatten\meter.$add$bench/bench007/rtl/bench_meter.v:104$1661_Y.
Removed top 4 bits (of 8) from wire bench007_probe_ax7203.$flatten\meter.$add$bench/bench007/rtl/bench_meter.v:104$1662_Y.
Removed top 1 bits (of 8) from wire bench007_probe_ax7203.$flatten\meter.$add$bench/bench007/rtl/bench_meter.v:104$1665_Y.
Removed top 4 bits (of 8) from wire bench007_probe_ax7203.$flatten\meter.$add$bench/bench007/rtl/bench_meter.v:104$1666_Y.
Removed top 1 bits (of 8) from wire bench007_probe_ax7203.$flatten\meter.$add$bench/bench007/rtl/bench_meter.v:104$1669_Y.
Removed top 4 bits (of 8) from wire bench007_probe_ax7203.$flatten\meter.$add$bench/bench007/rtl/bench_meter.v:104$1670_Y.
Removed top 1 bits (of 8) from wire bench007_probe_ax7203.$flatten\meter.$add$bench/bench007/rtl/bench_meter.v:104$1673_Y.
Removed top 4 bits (of 8) from wire bench007_probe_ax7203.$flatten\meter.$add$bench/bench007/rtl/bench_meter.v:104$1674_Y.
Removed top 1 bits (of 8) from wire bench007_probe_ax7203.$flatten\meter.$add$bench/bench007/rtl/bench_meter.v:104$1677_Y.
Removed top 4 bits (of 8) from wire bench007_probe_ax7203.$flatten\meter.$add$bench/bench007/rtl/bench_meter.v:104$1678_Y.
Removed top 1 bits (of 8) from wire bench007_probe_ax7203.$flatten\meter.$add$bench/bench007/rtl/bench_meter.v:104$1681_Y.
Removed top 4 bits (of 8) from wire bench007_probe_ax7203.$flatten\meter.$add$bench/bench007/rtl/bench_meter.v:104$1682_Y.
Removed top 1 bits (of 8) from wire bench007_probe_ax7203.$flatten\meter.$add$bench/bench007/rtl/bench_meter.v:104$1685_Y.
Removed top 4 bits (of 8) from wire bench007_probe_ax7203.$flatten\meter.$add$bench/bench007/rtl/bench_meter.v:104$1686_Y.
Removed top 1 bits (of 8) from wire bench007_probe_ax7203.$flatten\meter.$add$bench/bench007/rtl/bench_meter.v:104$1689_Y.
Removed top 4 bits (of 8) from wire bench007_probe_ax7203.$flatten\meter.$add$bench/bench007/rtl/bench_meter.v:104$1690_Y.
Removed top 1 bits (of 8) from wire bench007_probe_ax7203.$flatten\meter.$add$bench/bench007/rtl/bench_meter.v:104$1693_Y.
Removed top 4 bits (of 8) from wire bench007_probe_ax7203.$flatten\meter.$add$bench/bench007/rtl/bench_meter.v:104$1694_Y.
Removed top 1 bits (of 8) from wire bench007_probe_ax7203.$flatten\meter.$add$bench/bench007/rtl/bench_meter.v:104$1697_Y.
Removed top 4 bits (of 8) from wire bench007_probe_ax7203.$flatten\meter.$add$bench/bench007/rtl/bench_meter.v:104$1698_Y.
Removed top 1 bits (of 8) from wire bench007_probe_ax7203.$flatten\meter.$add$bench/bench007/rtl/bench_meter.v:104$1701_Y.
Removed top 4 bits (of 8) from wire bench007_probe_ax7203.$flatten\meter.$add$bench/bench007/rtl/bench_meter.v:104$1702_Y.
Removed top 1 bits (of 8) from wire bench007_probe_ax7203.$flatten\meter.$ternary$bench/bench007/rtl/bench_meter.v:104$1603_Y.
Removed top 1 bits (of 8) from wire bench007_probe_ax7203.$flatten\meter.$ternary$bench/bench007/rtl/bench_meter.v:104$1607_Y.
Removed top 1 bits (of 8) from wire bench007_probe_ax7203.$flatten\meter.$ternary$bench/bench007/rtl/bench_meter.v:104$1611_Y.
Removed top 1 bits (of 8) from wire bench007_probe_ax7203.$flatten\meter.$ternary$bench/bench007/rtl/bench_meter.v:104$1615_Y.
Removed top 1 bits (of 8) from wire bench007_probe_ax7203.$flatten\meter.$ternary$bench/bench007/rtl/bench_meter.v:104$1619_Y.
Removed top 1 bits (of 8) from wire bench007_probe_ax7203.$flatten\meter.$ternary$bench/bench007/rtl/bench_meter.v:104$1623_Y.
Removed top 1 bits (of 8) from wire bench007_probe_ax7203.$flatten\meter.$ternary$bench/bench007/rtl/bench_meter.v:104$1627_Y.
Removed top 1 bits (of 8) from wire bench007_probe_ax7203.$flatten\meter.$ternary$bench/bench007/rtl/bench_meter.v:104$1631_Y.
Removed top 1 bits (of 8) from wire bench007_probe_ax7203.$flatten\meter.$ternary$bench/bench007/rtl/bench_meter.v:104$1635_Y.
Removed top 1 bits (of 8) from wire bench007_probe_ax7203.$flatten\meter.$ternary$bench/bench007/rtl/bench_meter.v:104$1639_Y.
Removed top 1 bits (of 8) from wire bench007_probe_ax7203.$flatten\meter.$ternary$bench/bench007/rtl/bench_meter.v:104$1643_Y.
Removed top 1 bits (of 8) from wire bench007_probe_ax7203.$flatten\meter.$ternary$bench/bench007/rtl/bench_meter.v:104$1647_Y.
Removed top 1 bits (of 8) from wire bench007_probe_ax7203.$flatten\meter.$ternary$bench/bench007/rtl/bench_meter.v:104$1651_Y.
Removed top 1 bits (of 8) from wire bench007_probe_ax7203.$flatten\meter.$ternary$bench/bench007/rtl/bench_meter.v:104$1655_Y.
Removed top 1 bits (of 8) from wire bench007_probe_ax7203.$flatten\meter.$ternary$bench/bench007/rtl/bench_meter.v:104$1659_Y.
Removed top 1 bits (of 8) from wire bench007_probe_ax7203.$flatten\meter.$ternary$bench/bench007/rtl/bench_meter.v:104$1663_Y.
Removed top 1 bits (of 8) from wire bench007_probe_ax7203.$flatten\meter.$ternary$bench/bench007/rtl/bench_meter.v:104$1667_Y.
Removed top 1 bits (of 8) from wire bench007_probe_ax7203.$flatten\meter.$ternary$bench/bench007/rtl/bench_meter.v:104$1671_Y.
Removed top 1 bits (of 8) from wire bench007_probe_ax7203.$flatten\meter.$ternary$bench/bench007/rtl/bench_meter.v:104$1675_Y.
Removed top 1 bits (of 8) from wire bench007_probe_ax7203.$flatten\meter.$ternary$bench/bench007/rtl/bench_meter.v:104$1679_Y.
Removed top 1 bits (of 8) from wire bench007_probe_ax7203.$flatten\meter.$ternary$bench/bench007/rtl/bench_meter.v:104$1683_Y.
Removed top 1 bits (of 8) from wire bench007_probe_ax7203.$flatten\meter.$ternary$bench/bench007/rtl/bench_meter.v:104$1687_Y.
Removed top 1 bits (of 8) from wire bench007_probe_ax7203.$flatten\meter.$ternary$bench/bench007/rtl/bench_meter.v:104$1691_Y.
Removed top 1 bits (of 8) from wire bench007_probe_ax7203.$flatten\meter.$ternary$bench/bench007/rtl/bench_meter.v:104$1695_Y.
Removed top 1 bits (of 8) from wire bench007_probe_ax7203.$flatten\meter.$ternary$bench/bench007/rtl/bench_meter.v:104$1699_Y.

3.15. Executing PEEPOPT pass (run peephole optimizers).

3.16. Executing OPT_CLEAN pass (remove unused cells and wires).
Finding unused cells or wires in module \bench007_probe_ax7203..
Removed 0 unused cells and 77 unused wires.
<suppressed ~1 debug messages>

3.17. Executing PMUX2SHIFTX pass.

3.18. Executing MEMORY_DFF pass (merging $dff cells to $memrd).

3.19. Executing TECHMAP pass (map to technology primitives).

3.19.1. Executing Verilog-2005 frontend: /usr/local/bin/../share/yosys/mul2dsp.v
Parsing Verilog input from `/usr/local/bin/../share/yosys/mul2dsp.v' to AST representation.
Generating RTLIL representation for module `\_80_mul'.
Generating RTLIL representation for module `\_90_soft_mul'.
Successfully finished Verilog frontend.

3.19.2. Executing Verilog-2005 frontend: /usr/local/bin/../share/yosys/xilinx/xc7_dsp_map.v
Parsing Verilog input from `/usr/local/bin/../share/yosys/xilinx/xc7_dsp_map.v' to AST representation.
Generating RTLIL representation for module `$__MUL25X18'.
Successfully finished Verilog frontend.

3.19.3. Continuing TECHMAP pass.
No more expansions possible.
<suppressed ~5 debug messages>

3.20. Executing OPT_EXPR pass (perform const folding).

3.21. Executing WREDUCE pass (reducing word size of cells).

3.22. Executing XILINX_DSP pass (pack resources into DSPs).

3.23. Executing TECHMAP pass (map to technology primitives).

3.23.1. Executing Verilog-2005 frontend: /usr/local/bin/../share/yosys/cmp2lut.v
Parsing Verilog input from `/usr/local/bin/../share/yosys/cmp2lut.v' to AST representation.
Generating RTLIL representation for module `\_90_lut_cmp_'.
Successfully finished Verilog frontend.

3.23.2. Executing Verilog-2005 frontend: /usr/local/bin/../share/yosys/cmp2lcu.v
Parsing Verilog input from `/usr/local/bin/../share/yosys/cmp2lcu.v' to AST representation.
Generating RTLIL representation for module `\_80_lcu_cmp_'.
Generating RTLIL representation for module `$__CMP2LCU'.
Successfully finished Verilog frontend.

3.23.3. Continuing TECHMAP pass.
Using template $paramod$d8a8e5762defe90e659a6be8dee4b5ead1706e5b\_80_lcu_cmp_ for cells of type $lt.
Using template $paramod$51c3f858cbd57f5e7357fcbdbed8cec97fb3da61\_80_lcu_cmp_ for cells of type $gt.
Using template $paramod$412580fbecc4ffa89226da87698fd0a360ff0ba9$__CMP2LCU for cells of type $__CMP2LCU.
Using template $paramod$5a4d77ac66e2ba111de43452349a1937831fcbbb$__CMP2LCU for cells of type $__CMP2LCU.
Using template $paramod$d97874404b82ffd5befcf56f882c444d64ec9fa5$__CMP2LCU for cells of type $__CMP2LCU.
Using template $paramod$4cd940e5db376015060af75b10fbc225ed3011be$__CMP2LCU for cells of type $__CMP2LCU.
Using template $paramod$db02a46a286ea895edb5c4502c36f849ae1fd15a$__CMP2LCU for cells of type $__CMP2LCU.
No more expansions possible.
<suppressed ~356 debug messages>

3.24. Executing ALUMACC pass (create $alu and $macc cells).
Extracting $alu and $macc cells in module bench007_probe_ax7203:
  creating $macc model for $add$bench/bench007/rtl/bench007_probe_ax7203.v:53$329 ($add).
  creating $macc model for $add$bench/bench007/rtl/bench007_probe_ax7203.v:55$331 ($add).
  creating $macc model for $flatten\meter.$add$bench/bench007/rtl/bench_meter.v:104$1601 ($add).
  creating $macc model for $flatten\meter.$add$bench/bench007/rtl/bench_meter.v:104$1602 ($add).
  creating $macc model for $flatten\meter.$add$bench/bench007/rtl/bench_meter.v:104$1605 ($add).
  creating $macc model for $flatten\meter.$add$bench/bench007/rtl/bench_meter.v:104$1606 ($add).
  creating $macc model for $flatten\meter.$add$bench/bench007/rtl/bench_meter.v:104$1609 ($add).
  creating $macc model for $flatten\meter.$add$bench/bench007/rtl/bench_meter.v:104$1610 ($add).
  creating $macc model for $flatten\meter.$add$bench/bench007/rtl/bench_meter.v:104$1613 ($add).
  creating $macc model for $flatten\meter.$add$bench/bench007/rtl/bench_meter.v:104$1614 ($add).
  creating $macc model for $flatten\meter.$add$bench/bench007/rtl/bench_meter.v:104$1617 ($add).
  creating $macc model for $flatten\meter.$add$bench/bench007/rtl/bench_meter.v:104$1618 ($add).
  creating $macc model for $flatten\meter.$add$bench/bench007/rtl/bench_meter.v:104$1621 ($add).
  creating $macc model for $flatten\meter.$add$bench/bench007/rtl/bench_meter.v:104$1622 ($add).
  creating $macc model for $flatten\meter.$add$bench/bench007/rtl/bench_meter.v:104$1625 ($add).
  creating $macc model for $flatten\meter.$add$bench/bench007/rtl/bench_meter.v:104$1626 ($add).
  creating $macc model for $flatten\meter.$add$bench/bench007/rtl/bench_meter.v:104$1629 ($add).
  creating $macc model for $flatten\meter.$add$bench/bench007/rtl/bench_meter.v:104$1630 ($add).
  creating $macc model for $flatten\meter.$add$bench/bench007/rtl/bench_meter.v:104$1633 ($add).
  creating $macc model for $flatten\meter.$add$bench/bench007/rtl/bench_meter.v:104$1634 ($add).
  creating $macc model for $flatten\meter.$add$bench/bench007/rtl/bench_meter.v:104$1637 ($add).
  creating $macc model for $flatten\meter.$add$bench/bench007/rtl/bench_meter.v:104$1638 ($add).
  creating $macc model for $flatten\meter.$add$bench/bench007/rtl/bench_meter.v:104$1641 ($add).
  creating $macc model for $flatten\meter.$add$bench/bench007/rtl/bench_meter.v:104$1642 ($add).
  creating $macc model for $flatten\meter.$add$bench/bench007/rtl/bench_meter.v:104$1645 ($add).
  creating $macc model for $flatten\meter.$add$bench/bench007/rtl/bench_meter.v:104$1646 ($add).
  creating $macc model for $flatten\meter.$add$bench/bench007/rtl/bench_meter.v:104$1649 ($add).
  creating $macc model for $flatten\meter.$add$bench/bench007/rtl/bench_meter.v:104$1650 ($add).
  creating $macc model for $flatten\meter.$add$bench/bench007/rtl/bench_meter.v:104$1653 ($add).
  creating $macc model for $flatten\meter.$add$bench/bench007/rtl/bench_meter.v:104$1654 ($add).
  creating $macc model for $flatten\meter.$add$bench/bench007/rtl/bench_meter.v:104$1657 ($add).
  creating $macc model for $flatten\meter.$add$bench/bench007/rtl/bench_meter.v:104$1658 ($add).
  creating $macc model for $flatten\meter.$add$bench/bench007/rtl/bench_meter.v:104$1661 ($add).
  creating $macc model for $flatten\meter.$add$bench/bench007/rtl/bench_meter.v:104$1662 ($add).
  creating $macc model for $flatten\meter.$add$bench/bench007/rtl/bench_meter.v:104$1665 ($add).
  creating $macc model for $flatten\meter.$add$bench/bench007/rtl/bench_meter.v:104$1666 ($add).
  creating $macc model for $flatten\meter.$add$bench/bench007/rtl/bench_meter.v:104$1669 ($add).
  creating $macc model for $flatten\meter.$add$bench/bench007/rtl/bench_meter.v:104$1670 ($add).
  creating $macc model for $flatten\meter.$add$bench/bench007/rtl/bench_meter.v:104$1673 ($add).
  creating $macc model for $flatten\meter.$add$bench/bench007/rtl/bench_meter.v:104$1674 ($add).
  creating $macc model for $flatten\meter.$add$bench/bench007/rtl/bench_meter.v:104$1677 ($add).
  creating $macc model for $flatten\meter.$add$bench/bench007/rtl/bench_meter.v:104$1678 ($add).
  creating $macc model for $flatten\meter.$add$bench/bench007/rtl/bench_meter.v:104$1681 ($add).
  creating $macc model for $flatten\meter.$add$bench/bench007/rtl/bench_meter.v:104$1682 ($add).
  creating $macc model for $flatten\meter.$add$bench/bench007/rtl/bench_meter.v:104$1685 ($add).
  creating $macc model for $flatten\meter.$add$bench/bench007/rtl/bench_meter.v:104$1686 ($add).
  creating $macc model for $flatten\meter.$add$bench/bench007/rtl/bench_meter.v:104$1689 ($add).
  creating $macc model for $flatten\meter.$add$bench/bench007/rtl/bench_meter.v:104$1690 ($add).
  creating $macc model for $flatten\meter.$add$bench/bench007/rtl/bench_meter.v:104$1693 ($add).
  creating $macc model for $flatten\meter.$add$bench/bench007/rtl/bench_meter.v:104$1694 ($add).
  creating $macc model for $flatten\meter.$add$bench/bench007/rtl/bench_meter.v:104$1697 ($add).
  creating $macc model for $flatten\meter.$add$bench/bench007/rtl/bench_meter.v:104$1698 ($add).
  creating $macc model for $flatten\meter.$add$bench/bench007/rtl/bench_meter.v:104$1701 ($add).
  creating $macc model for $flatten\meter.$add$bench/bench007/rtl/bench_meter.v:104$1702 ($add).
  creating $macc model for $flatten\meter.$add$bench/bench007/rtl/bench_meter.v:132$1599 ($add).
  creating $macc model for $flatten\meter.$add$bench/bench007/rtl/bench_meter.v:163$1707 ($add).
  creating $macc model for $flatten\meter.$add$bench/bench007/rtl/bench_meter.v:168$1708 ($add).
  creating $macc model for $flatten\meter.$add$bench/bench007/rtl/bench_meter.v:55$1471 ($add).
  creating $macc model for $flatten\meter.$add$bench/bench007/rtl/bench_meter.v:72$1474 ($add).
  creating $macc model for $flatten\meter.$add$bench/bench007/rtl/bench_meter.v:73$1475 ($add).
  creating $macc model for $add$bench/bench007/rtl/bench007_probe_ax7203.v:46$326 ($add).
  creating $macc model for $flatten\meter.$sub$bench/bench007/rtl/bench_meter.v:146$1705 ($sub).
  creating $alu model for $macc $flatten\meter.$sub$bench/bench007/rtl/bench_meter.v:146$1705.
  creating $alu model for $macc $add$bench/bench007/rtl/bench007_probe_ax7203.v:46$326.
  creating $alu model for $macc $flatten\meter.$add$bench/bench007/rtl/bench_meter.v:73$1475.
  creating $alu model for $macc $flatten\meter.$add$bench/bench007/rtl/bench_meter.v:72$1474.
  creating $alu model for $macc $flatten\meter.$add$bench/bench007/rtl/bench_meter.v:55$1471.
  creating $alu model for $macc $flatten\meter.$add$bench/bench007/rtl/bench_meter.v:168$1708.
  creating $alu model for $macc $flatten\meter.$add$bench/bench007/rtl/bench_meter.v:163$1707.
  creating $alu model for $macc $flatten\meter.$add$bench/bench007/rtl/bench_meter.v:132$1599.
  creating $alu model for $macc $flatten\meter.$add$bench/bench007/rtl/bench_meter.v:104$1702.
  creating $alu model for $macc $flatten\meter.$add$bench/bench007/rtl/bench_meter.v:104$1701.
  creating $alu model for $macc $flatten\meter.$add$bench/bench007/rtl/bench_meter.v:104$1698.
  creating $alu model for $macc $flatten\meter.$add$bench/bench007/rtl/bench_meter.v:104$1697.
  creating $alu model for $macc $flatten\meter.$add$bench/bench007/rtl/bench_meter.v:104$1694.
  creating $alu model for $macc $flatten\meter.$add$bench/bench007/rtl/bench_meter.v:104$1693.
  creating $alu model for $macc $flatten\meter.$add$bench/bench007/rtl/bench_meter.v:104$1690.
  creating $alu model for $macc $flatten\meter.$add$bench/bench007/rtl/bench_meter.v:104$1689.
  creating $alu model for $macc $flatten\meter.$add$bench/bench007/rtl/bench_meter.v:104$1686.
  creating $alu model for $macc $flatten\meter.$add$bench/bench007/rtl/bench_meter.v:104$1685.
  creating $alu model for $macc $flatten\meter.$add$bench/bench007/rtl/bench_meter.v:104$1682.
  creating $alu model for $macc $flatten\meter.$add$bench/bench007/rtl/bench_meter.v:104$1681.
  creating $alu model for $macc $flatten\meter.$add$bench/bench007/rtl/bench_meter.v:104$1678.
  creating $alu model for $macc $flatten\meter.$add$bench/bench007/rtl/bench_meter.v:104$1677.
  creating $alu model for $macc $flatten\meter.$add$bench/bench007/rtl/bench_meter.v:104$1674.
  creating $alu model for $macc $flatten\meter.$add$bench/bench007/rtl/bench_meter.v:104$1673.
  creating $alu model for $macc $flatten\meter.$add$bench/bench007/rtl/bench_meter.v:104$1670.
  creating $alu model for $macc $flatten\meter.$add$bench/bench007/rtl/bench_meter.v:104$1669.
  creating $alu model for $macc $flatten\meter.$add$bench/bench007/rtl/bench_meter.v:104$1666.
  creating $alu model for $macc $flatten\meter.$add$bench/bench007/rtl/bench_meter.v:104$1665.
  creating $alu model for $macc $flatten\meter.$add$bench/bench007/rtl/bench_meter.v:104$1662.
  creating $alu model for $macc $flatten\meter.$add$bench/bench007/rtl/bench_meter.v:104$1661.
  creating $alu model for $macc $flatten\meter.$add$bench/bench007/rtl/bench_meter.v:104$1658.
  creating $alu model for $macc $flatten\meter.$add$bench/bench007/rtl/bench_meter.v:104$1657.
  creating $alu model for $macc $flatten\meter.$add$bench/bench007/rtl/bench_meter.v:104$1654.
  creating $alu model for $macc $flatten\meter.$add$bench/bench007/rtl/bench_meter.v:104$1653.
  creating $alu model for $macc $flatten\meter.$add$bench/bench007/rtl/bench_meter.v:104$1650.
  creating $alu model for $macc $flatten\meter.$add$bench/bench007/rtl/bench_meter.v:104$1649.
  creating $alu model for $macc $flatten\meter.$add$bench/bench007/rtl/bench_meter.v:104$1646.
  creating $alu model for $macc $flatten\meter.$add$bench/bench007/rtl/bench_meter.v:104$1645.
  creating $alu model for $macc $flatten\meter.$add$bench/bench007/rtl/bench_meter.v:104$1642.
  creating $alu model for $macc $flatten\meter.$add$bench/bench007/rtl/bench_meter.v:104$1641.
  creating $alu model for $macc $flatten\meter.$add$bench/bench007/rtl/bench_meter.v:104$1638.
  creating $alu model for $macc $flatten\meter.$add$bench/bench007/rtl/bench_meter.v:104$1637.
  creating $alu model for $macc $flatten\meter.$add$bench/bench007/rtl/bench_meter.v:104$1634.
  creating $alu model for $macc $flatten\meter.$add$bench/bench007/rtl/bench_meter.v:104$1633.
  creating $alu model for $macc $flatten\meter.$add$bench/bench007/rtl/bench_meter.v:104$1630.
  creating $alu model for $macc $flatten\meter.$add$bench/bench007/rtl/bench_meter.v:104$1629.
  creating $alu model for $macc $flatten\meter.$add$bench/bench007/rtl/bench_meter.v:104$1626.
  creating $alu model for $macc $flatten\meter.$add$bench/bench007/rtl/bench_meter.v:104$1625.
  creating $alu model for $macc $flatten\meter.$add$bench/bench007/rtl/bench_meter.v:104$1622.
  creating $alu model for $macc $flatten\meter.$add$bench/bench007/rtl/bench_meter.v:104$1621.
  creating $alu model for $macc $flatten\meter.$add$bench/bench007/rtl/bench_meter.v:104$1618.
  creating $alu model for $macc $flatten\meter.$add$bench/bench007/rtl/bench_meter.v:104$1617.
  creating $alu model for $macc $flatten\meter.$add$bench/bench007/rtl/bench_meter.v:104$1614.
  creating $alu model for $macc $flatten\meter.$add$bench/bench007/rtl/bench_meter.v:104$1613.
  creating $alu model for $macc $flatten\meter.$add$bench/bench007/rtl/bench_meter.v:104$1610.
  creating $alu model for $macc $flatten\meter.$add$bench/bench007/rtl/bench_meter.v:104$1609.
  creating $alu model for $macc $flatten\meter.$add$bench/bench007/rtl/bench_meter.v:104$1606.
  creating $alu model for $macc $flatten\meter.$add$bench/bench007/rtl/bench_meter.v:104$1605.
  creating $alu model for $macc $flatten\meter.$add$bench/bench007/rtl/bench_meter.v:104$1602.
  creating $alu model for $macc $flatten\meter.$add$bench/bench007/rtl/bench_meter.v:104$1601.
  creating $alu model for $macc $add$bench/bench007/rtl/bench007_probe_ax7203.v:55$331.
  creating $alu model for $macc $add$bench/bench007/rtl/bench007_probe_ax7203.v:53$329.
  creating $alu cell for $add$bench/bench007/rtl/bench007_probe_ax7203.v:53$329: $auto$alumacc.cc:512:replace_alu$2531
  creating $alu cell for $add$bench/bench007/rtl/bench007_probe_ax7203.v:55$331: $auto$alumacc.cc:512:replace_alu$2534
  creating $alu cell for $flatten\meter.$add$bench/bench007/rtl/bench_meter.v:104$1601: $auto$alumacc.cc:512:replace_alu$2537
  creating $alu cell for $flatten\meter.$add$bench/bench007/rtl/bench_meter.v:104$1602: $auto$alumacc.cc:512:replace_alu$2540
  creating $alu cell for $flatten\meter.$add$bench/bench007/rtl/bench_meter.v:104$1605: $auto$alumacc.cc:512:replace_alu$2543
  creating $alu cell for $flatten\meter.$add$bench/bench007/rtl/bench_meter.v:104$1606: $auto$alumacc.cc:512:replace_alu$2546
  creating $alu cell for $flatten\meter.$add$bench/bench007/rtl/bench_meter.v:104$1609: $auto$alumacc.cc:512:replace_alu$2549
  creating $alu cell for $flatten\meter.$add$bench/bench007/rtl/bench_meter.v:104$1610: $auto$alumacc.cc:512:replace_alu$2552
  creating $alu cell for $flatten\meter.$add$bench/bench007/rtl/bench_meter.v:104$1613: $auto$alumacc.cc:512:replace_alu$2555
  creating $alu cell for $flatten\meter.$add$bench/bench007/rtl/bench_meter.v:104$1614: $auto$alumacc.cc:512:replace_alu$2558
  creating $alu cell for $flatten\meter.$add$bench/bench007/rtl/bench_meter.v:104$1617: $auto$alumacc.cc:512:replace_alu$2561
  creating $alu cell for $flatten\meter.$add$bench/bench007/rtl/bench_meter.v:104$1618: $auto$alumacc.cc:512:replace_alu$2564
  creating $alu cell for $flatten\meter.$add$bench/bench007/rtl/bench_meter.v:104$1621: $auto$alumacc.cc:512:replace_alu$2567
  creating $alu cell for $flatten\meter.$add$bench/bench007/rtl/bench_meter.v:104$1622: $auto$alumacc.cc:512:replace_alu$2570
  creating $alu cell for $flatten\meter.$add$bench/bench007/rtl/bench_meter.v:104$1625: $auto$alumacc.cc:512:replace_alu$2573
  creating $alu cell for $flatten\meter.$add$bench/bench007/rtl/bench_meter.v:104$1626: $auto$alumacc.cc:512:replace_alu$2576
  creating $alu cell for $flatten\meter.$add$bench/bench007/rtl/bench_meter.v:104$1629: $auto$alumacc.cc:512:replace_alu$2579
  creating $alu cell for $flatten\meter.$add$bench/bench007/rtl/bench_meter.v:104$1630: $auto$alumacc.cc:512:replace_alu$2582
  creating $alu cell for $flatten\meter.$add$bench/bench007/rtl/bench_meter.v:104$1633: $auto$alumacc.cc:512:replace_alu$2585
  creating $alu cell for $flatten\meter.$add$bench/bench007/rtl/bench_meter.v:104$1634: $auto$alumacc.cc:512:replace_alu$2588
  creating $alu cell for $flatten\meter.$add$bench/bench007/rtl/bench_meter.v:104$1637: $auto$alumacc.cc:512:replace_alu$2591
  creating $alu cell for $flatten\meter.$add$bench/bench007/rtl/bench_meter.v:104$1638: $auto$alumacc.cc:512:replace_alu$2594
  creating $alu cell for $flatten\meter.$add$bench/bench007/rtl/bench_meter.v:104$1641: $auto$alumacc.cc:512:replace_alu$2597
  creating $alu cell for $flatten\meter.$add$bench/bench007/rtl/bench_meter.v:104$1642: $auto$alumacc.cc:512:replace_alu$2600
  creating $alu cell for $flatten\meter.$add$bench/bench007/rtl/bench_meter.v:104$1645: $auto$alumacc.cc:512:replace_alu$2603
  creating $alu cell for $flatten\meter.$add$bench/bench007/rtl/bench_meter.v:104$1646: $auto$alumacc.cc:512:replace_alu$2606
  creating $alu cell for $flatten\meter.$add$bench/bench007/rtl/bench_meter.v:104$1649: $auto$alumacc.cc:512:replace_alu$2609
  creating $alu cell for $flatten\meter.$add$bench/bench007/rtl/bench_meter.v:104$1650: $auto$alumacc.cc:512:replace_alu$2612
  creating $alu cell for $flatten\meter.$add$bench/bench007/rtl/bench_meter.v:104$1653: $auto$alumacc.cc:512:replace_alu$2615
  creating $alu cell for $flatten\meter.$add$bench/bench007/rtl/bench_meter.v:104$1654: $auto$alumacc.cc:512:replace_alu$2618
  creating $alu cell for $flatten\meter.$add$bench/bench007/rtl/bench_meter.v:104$1657: $auto$alumacc.cc:512:replace_alu$2621
  creating $alu cell for $flatten\meter.$add$bench/bench007/rtl/bench_meter.v:104$1658: $auto$alumacc.cc:512:replace_alu$2624
  creating $alu cell for $flatten\meter.$add$bench/bench007/rtl/bench_meter.v:104$1661: $auto$alumacc.cc:512:replace_alu$2627
  creating $alu cell for $flatten\meter.$add$bench/bench007/rtl/bench_meter.v:104$1662: $auto$alumacc.cc:512:replace_alu$2630
  creating $alu cell for $flatten\meter.$add$bench/bench007/rtl/bench_meter.v:104$1665: $auto$alumacc.cc:512:replace_alu$2633
  creating $alu cell for $flatten\meter.$add$bench/bench007/rtl/bench_meter.v:104$1666: $auto$alumacc.cc:512:replace_alu$2636
  creating $alu cell for $flatten\meter.$add$bench/bench007/rtl/bench_meter.v:104$1669: $auto$alumacc.cc:512:replace_alu$2639
  creating $alu cell for $flatten\meter.$add$bench/bench007/rtl/bench_meter.v:104$1670: $auto$alumacc.cc:512:replace_alu$2642
  creating $alu cell for $flatten\meter.$add$bench/bench007/rtl/bench_meter.v:104$1673: $auto$alumacc.cc:512:replace_alu$2645
  creating $alu cell for $flatten\meter.$add$bench/bench007/rtl/bench_meter.v:104$1674: $auto$alumacc.cc:512:replace_alu$2648
  creating $alu cell for $flatten\meter.$add$bench/bench007/rtl/bench_meter.v:104$1677: $auto$alumacc.cc:512:replace_alu$2651
  creating $alu cell for $flatten\meter.$add$bench/bench007/rtl/bench_meter.v:104$1678: $auto$alumacc.cc:512:replace_alu$2654
  creating $alu cell for $flatten\meter.$add$bench/bench007/rtl/bench_meter.v:104$1681: $auto$alumacc.cc:512:replace_alu$2657
  creating $alu cell for $flatten\meter.$add$bench/bench007/rtl/bench_meter.v:104$1682: $auto$alumacc.cc:512:replace_alu$2660
  creating $alu cell for $flatten\meter.$add$bench/bench007/rtl/bench_meter.v:104$1685: $auto$alumacc.cc:512:replace_alu$2663
  creating $alu cell for $flatten\meter.$add$bench/bench007/rtl/bench_meter.v:104$1686: $auto$alumacc.cc:512:replace_alu$2666
  creating $alu cell for $flatten\meter.$add$bench/bench007/rtl/bench_meter.v:104$1689: $auto$alumacc.cc:512:replace_alu$2669
  creating $alu cell for $flatten\meter.$add$bench/bench007/rtl/bench_meter.v:104$1690: $auto$alumacc.cc:512:replace_alu$2672
  creating $alu cell for $flatten\meter.$add$bench/bench007/rtl/bench_meter.v:104$1693: $auto$alumacc.cc:512:replace_alu$2675
  creating $alu cell for $flatten\meter.$add$bench/bench007/rtl/bench_meter.v:104$1694: $auto$alumacc.cc:512:replace_alu$2678
  creating $alu cell for $flatten\meter.$add$bench/bench007/rtl/bench_meter.v:104$1697: $auto$alumacc.cc:512:replace_alu$2681
  creating $alu cell for $flatten\meter.$add$bench/bench007/rtl/bench_meter.v:104$1698: $auto$alumacc.cc:512:replace_alu$2684
  creating $alu cell for $flatten\meter.$add$bench/bench007/rtl/bench_meter.v:104$1701: $auto$alumacc.cc:512:replace_alu$2687
  creating $alu cell for $flatten\meter.$add$bench/bench007/rtl/bench_meter.v:104$1702: $auto$alumacc.cc:512:replace_alu$2690
  creating $alu cell for $flatten\meter.$add$bench/bench007/rtl/bench_meter.v:132$1599: $auto$alumacc.cc:512:replace_alu$2693
  creating $alu cell for $flatten\meter.$add$bench/bench007/rtl/bench_meter.v:163$1707: $auto$alumacc.cc:512:replace_alu$2696
  creating $alu cell for $flatten\meter.$add$bench/bench007/rtl/bench_meter.v:168$1708: $auto$alumacc.cc:512:replace_alu$2699
  creating $alu cell for $flatten\meter.$add$bench/bench007/rtl/bench_meter.v:55$1471: $auto$alumacc.cc:512:replace_alu$2702
  creating $alu cell for $flatten\meter.$add$bench/bench007/rtl/bench_meter.v:72$1474: $auto$alumacc.cc:512:replace_alu$2705
  creating $alu cell for $flatten\meter.$add$bench/bench007/rtl/bench_meter.v:73$1475: $auto$alumacc.cc:512:replace_alu$2708
  creating $alu cell for $add$bench/bench007/rtl/bench007_probe_ax7203.v:46$326: $auto$alumacc.cc:512:replace_alu$2711
  creating $alu cell for $flatten\meter.$sub$bench/bench007/rtl/bench_meter.v:146$1705: $auto$alumacc.cc:512:replace_alu$2714
  created 62 $alu and 0 $macc cells.

3.25. Executing SHARE pass (SAT-based resource sharing).

3.26. Executing OPT pass (performing simple optimizations).

3.26.1. Executing OPT_EXPR pass (perform const folding).
Optimizing module bench007_probe_ax7203.
<suppressed ~364 debug messages>

3.26.2. Executing OPT_MERGE pass (detect identical cells).
Finding identical cells in module `\bench007_probe_ax7203'.
Computing hashes of 511 cells of `\bench007_probe_ax7203'.
Finding duplicate cells in `\bench007_probe_ax7203'.
Computing hashes of 459 cells of `\bench007_probe_ax7203'.
Finding duplicate cells in `\bench007_probe_ax7203'.
<suppressed ~156 debug messages>
Removed a total of 52 cells.

3.26.3. Executing OPT_MUXTREE pass (detect dead branches in mux trees).
Running muxtree optimizer on module \bench007_probe_ax7203..
  Creating internal representation of mux trees.
  Evaluating internal representation of mux trees.
  Analyzing evaluation results.
Removed 0 multiplexer ports.
<suppressed ~64 debug messages>

3.26.4. Executing OPT_REDUCE pass (consolidate $*mux and $reduce_* inputs).
  Optimizing cells in module \bench007_probe_ax7203.
Performed a total of 0 changes.

3.26.5. Executing OPT_MERGE pass (detect identical cells).
Finding identical cells in module `\bench007_probe_ax7203'.
Computing hashes of 459 cells of `\bench007_probe_ax7203'.
Finding duplicate cells in `\bench007_probe_ax7203'.
Removed a total of 0 cells.

3.26.6. Executing OPT_DFF pass (perform DFF optimizations).

3.26.7. Executing OPT_CLEAN pass (remove unused cells and wires).
Finding unused cells or wires in module \bench007_probe_ax7203..
Removed 0 unused cells and 1716 unused wires.
<suppressed ~1 debug messages>

3.26.8. Executing OPT_EXPR pass (perform const folding).
Optimizing module bench007_probe_ax7203.

3.26.9. Rerunning OPT passes. (Maybe there is more to do..)

3.26.10. Executing OPT_MUXTREE pass (detect dead branches in mux trees).
Running muxtree optimizer on module \bench007_probe_ax7203..
  Creating internal representation of mux trees.
  Evaluating internal representation of mux trees.
  Analyzing evaluation results.
Removed 0 multiplexer ports.
<suppressed ~64 debug messages>

3.26.11. Executing OPT_REDUCE pass (consolidate $*mux and $reduce_* inputs).
  Optimizing cells in module \bench007_probe_ax7203.
Performed a total of 0 changes.

3.26.12. Executing OPT_MERGE pass (detect identical cells).
Finding identical cells in module `\bench007_probe_ax7203'.
Computing hashes of 459 cells of `\bench007_probe_ax7203'.
Finding duplicate cells in `\bench007_probe_ax7203'.
Removed a total of 0 cells.

3.26.13. Executing OPT_DFF pass (perform DFF optimizations).

3.26.14. Executing OPT_CLEAN pass (remove unused cells and wires).
Finding unused cells or wires in module \bench007_probe_ax7203..

3.26.15. Executing OPT_EXPR pass (perform const folding).
Optimizing module bench007_probe_ax7203.

3.26.16. Finished fast OPT passes. (There is nothing left to do.)

3.27. Executing MEMORY pass.

3.27.1. Executing OPT_MEM pass (optimize memories).
Performed a total of 0 transformations.

3.27.2. Executing OPT_MEM_PRIORITY pass (removing unnecessary memory write priority relations).
Performed a total of 0 transformations.

3.27.3. Executing OPT_MEM_FEEDBACK pass (finding memory read-to-write feedback paths).

3.27.4. Executing MEMORY_BMUX2ROM pass (converting muxes to ROMs).

3.27.5. Executing MEMORY_DFF pass (merging $dff cells to $memrd).

3.27.6. Executing OPT_CLEAN pass (remove unused cells and wires).
Finding unused cells or wires in module \bench007_probe_ax7203..

3.27.7. Executing MEMORY_SHARE pass (consolidating $memrd/$memwr cells).

3.27.8. Executing OPT_MEM_WIDEN pass (optimize memories where all ports are wide).
Performed a total of 0 transformations.

3.27.9. Executing OPT_CLEAN pass (remove unused cells and wires).
Finding unused cells or wires in module \bench007_probe_ax7203..

3.27.10. Executing MEMORY_COLLECT pass (generating $mem cells).

3.28. Executing OPT_CLEAN pass (remove unused cells and wires).
Finding unused cells or wires in module \bench007_probe_ax7203..

3.29. Executing MEMORY_LIBMAP pass (mapping memories to cells).

3.30. Executing TECHMAP pass (map to technology primitives).

3.30.1. Executing Verilog-2005 frontend: /usr/local/bin/../share/yosys/xilinx/lutrams_xc5v_map.v
Parsing Verilog input from `/usr/local/bin/../share/yosys/xilinx/lutrams_xc5v_map.v' to AST representation.
Generating RTLIL representation for module `$__XILINX_LUTRAM_SP_'.
Generating RTLIL representation for module `$__XILINX_LUTRAM_DP_'.
Generating RTLIL representation for module `$__XILINX_LUTRAM_QP_'.
Generating RTLIL representation for module `$__XILINX_LUTRAM_OP_'.
Generating RTLIL representation for module `$__XILINX_LUTRAM_SDP_'.
Generating RTLIL representation for module `$__XILINX_LUTRAM_64X8SW_'.
Generating RTLIL representation for module `$__XILINX_LUTRAM_32X16DR8_'.
Successfully finished Verilog frontend.

3.30.2. Continuing TECHMAP pass.
No more expansions possible.
<suppressed ~9 debug messages>

3.31. Executing TECHMAP pass (map to technology primitives).

3.31.1. Executing Verilog-2005 frontend: /usr/local/bin/../share/yosys/xilinx/brams_xc6v_map.v
Parsing Verilog input from `/usr/local/bin/../share/yosys/xilinx/brams_xc6v_map.v' to AST representation.
Generating RTLIL representation for module `$__XILINX_BLOCKRAM_TDP_'.
Generating RTLIL representation for module `$__XILINX_BLOCKRAM_SDP_'.
Successfully finished Verilog frontend.

3.31.2. Continuing TECHMAP pass.
No more expansions possible.
<suppressed ~4 debug messages>

3.32. Executing OPT pass (performing simple optimizations).

3.32.1. Executing OPT_EXPR pass (perform const folding).
Optimizing module bench007_probe_ax7203.
<suppressed ~178 debug messages>

3.32.2. Executing OPT_MERGE pass (detect identical cells).
Finding identical cells in module `\bench007_probe_ax7203'.
Computing hashes of 420 cells of `\bench007_probe_ax7203'.
Finding duplicate cells in `\bench007_probe_ax7203'.
Removed a total of 0 cells.

3.32.3. Executing OPT_DFF pass (perform DFF optimizations).
Adding SRST signal on $auto$ff.cc:337:slice$2208 ($dffe) from module bench007_probe_ax7203 (D = { $flatten\meter.$procmux$1988_Y [271:248] $flatten\meter.$procmux$1988_Y [183:176] $flatten\meter.$procmux$1988_Y [111:104] $flatten\meter.$procmux$1988_Y [39:32] $flatten\meter.$procmux$1988_Y [15:0] }, Q = { \meter.line [271:248] \meter.line [183:176] \meter.line [111:104] \meter.line [39:32] \meter.line [15:0] }, rval = 64'0100001000110111001011000010110000101100001011000000110100001010).
Adding SRST signal on $auto$ff.cc:337:slice$2197 ($dffe) from module bench007_probe_ax7203 (D = $flatten\meter.$procmux$1974_Y, Q = \meter.ci, rval = 6'000000).
Adding SRST signal on $auto$ff.cc:337:slice$2188 ($dffe) from module bench007_probe_ax7203 (D = $flatten\meter.$procmux$1961_Y, Q = \meter.bi, rval = 4'0000).
Adding SRST signal on $auto$ff.cc:337:slice$2181 ($dffe) from module bench007_probe_ax7203 (D = { $flatten\meter.$procmux$1947_Y [9:8] $flatten\meter.$procmux$1947_Y [6:5] $flatten\meter.$procmux$1947_Y [1:0] }, Q = { \meter.baud [9:8] \meter.baud [6:5] \meter.baud [1:0] }, rval = 6'000000).
Adding SRST signal on $auto$ff.cc:337:slice$2181 ($dffe) from module bench007_probe_ax7203 (D = { $flatten\meter.$sub$bench/bench007/rtl/bench_meter.v:146$1705_Y [15:10] $flatten\meter.$sub$bench/bench007/rtl/bench_meter.v:146$1705_Y [7] $flatten\meter.$sub$bench/bench007/rtl/bench_meter.v:146$1705_Y [4:2] }, Q = { \meter.baud [15:10] \meter.baud [7] \meter.baud [4:2] }, rval = 10'0000000000).
Adding SRST signal on $auto$ff.cc:337:slice$2170 ($dffe) from module bench007_probe_ax7203 (D = \meter.line [271], Q = \meter.cur [7], rval = 1'1).

3.32.4. Executing OPT_CLEAN pass (remove unused cells and wires).
Finding unused cells or wires in module \bench007_probe_ax7203..
Removed 3 unused cells and 120 unused wires.
<suppressed ~4 debug messages>

3.32.5. Rerunning OPT passes. (Removed registers in this run.)

3.32.6. Executing OPT_EXPR pass (perform const folding).
Optimizing module bench007_probe_ax7203.

3.32.7. Executing OPT_MERGE pass (detect identical cells).
Finding identical cells in module `\bench007_probe_ax7203'.
Computing hashes of 422 cells of `\bench007_probe_ax7203'.
Finding duplicate cells in `\bench007_probe_ax7203'.
Computing hashes of 421 cells of `\bench007_probe_ax7203'.
Finding duplicate cells in `\bench007_probe_ax7203'.
<suppressed ~3 debug messages>
Removed a total of 1 cells.

3.32.8. Executing OPT_DFF pass (perform DFF optimizations).
Setting constant 0-bit at position 0 on $auto$ff.cc:337:slice$3208 ($sdffce) from module bench007_probe_ax7203.
Setting constant 1-bit at position 1 on $auto$ff.cc:337:slice$3208 ($sdffce) from module bench007_probe_ax7203.
Setting constant 0-bit at position 2 on $auto$ff.cc:337:slice$3208 ($sdffce) from module bench007_probe_ax7203.
Setting constant 1-bit at position 3 on $auto$ff.cc:337:slice$3208 ($sdffce) from module bench007_probe_ax7203.
Setting constant 0-bit at position 4 on $auto$ff.cc:337:slice$3208 ($sdffce) from module bench007_probe_ax7203.
Setting constant 0-bit at position 5 on $auto$ff.cc:337:slice$3208 ($sdffce) from module bench007_probe_ax7203.
Setting constant 0-bit at position 6 on $auto$ff.cc:337:slice$3208 ($sdffce) from module bench007_probe_ax7203.
Setting constant 0-bit at position 7 on $auto$ff.cc:337:slice$3208 ($sdffce) from module bench007_probe_ax7203.

3.32.9. Executing OPT_CLEAN pass (remove unused cells and wires).
Finding unused cells or wires in module \bench007_probe_ax7203..
Removed 0 unused cells and 1 unused wires.
<suppressed ~1 debug messages>

3.32.10. Rerunning OPT passes. (Removed registers in this run.)

3.32.11. Executing OPT_EXPR pass (perform const folding).
Optimizing module bench007_probe_ax7203.

3.32.12. Executing OPT_MERGE pass (detect identical cells).
Finding identical cells in module `\bench007_probe_ax7203'.
Computing hashes of 421 cells of `\bench007_probe_ax7203'.
Finding duplicate cells in `\bench007_probe_ax7203'.
Removed a total of 0 cells.

3.32.13. Executing OPT_DFF pass (perform DFF optimizations).
Setting constant 1-bit at position 3 on $auto$ff.cc:337:slice$3220 ($sdffce) from module bench007_probe_ax7203.
Setting constant 0-bit at position 4 on $auto$ff.cc:337:slice$3220 ($sdffce) from module bench007_probe_ax7203.
Setting constant 0-bit at position 5 on $auto$ff.cc:337:slice$3220 ($sdffce) from module bench007_probe_ax7203.
Setting constant 0-bit at position 6 on $auto$ff.cc:337:slice$3220 ($sdffce) from module bench007_probe_ax7203.
Setting constant 0-bit at position 7 on $auto$ff.cc:337:slice$3220 ($sdffce) from module bench007_probe_ax7203.

3.32.14. Executing OPT_CLEAN pass (remove unused cells and wires).
Finding unused cells or wires in module \bench007_probe_ax7203..

3.32.15. Rerunning OPT passes. (Removed registers in this run.)

3.32.16. Executing OPT_EXPR pass (perform const folding).
Optimizing module bench007_probe_ax7203.

3.32.17. Executing OPT_MERGE pass (detect identical cells).
Finding identical cells in module `\bench007_probe_ax7203'.
Computing hashes of 421 cells of `\bench007_probe_ax7203'.
Finding duplicate cells in `\bench007_probe_ax7203'.
Removed a total of 0 cells.

3.32.18. Executing OPT_DFF pass (perform DFF optimizations).
Adding SRST signal on $auto$ff.cc:337:slice$3209 ($dffe) from module bench007_probe_ax7203 (D = { $auto$wreduce.cc:514:run$2299 [7] $auto$wreduce.cc:514:run$2299 [5:3] }, Q = { \meter.line [23] \meter.line [21:19] }, rval = 4'0001).
Adding SRST signal on $auto$ff.cc:337:slice$3209 ($dffe) from module bench007_probe_ax7203 (D = $auto$wreduce.cc:514:run$2248 [6], Q = \meter.line [22], rval = 1'0).

3.32.19. Executing OPT_CLEAN pass (remove unused cells and wires).
Finding unused cells or wires in module \bench007_probe_ax7203..

3.32.20. Rerunning OPT passes. (Removed registers in this run.)

3.32.21. Executing OPT_EXPR pass (perform const folding).
Optimizing module bench007_probe_ax7203.

3.32.22. Executing OPT_MERGE pass (detect identical cells).
Finding identical cells in module `\bench007_probe_ax7203'.
Computing hashes of 425 cells of `\bench007_probe_ax7203'.
Finding duplicate cells in `\bench007_probe_ax7203'.
Computing hashes of 424 cells of `\bench007_probe_ax7203'.
Finding duplicate cells in `\bench007_probe_ax7203'.
<suppressed ~3 debug messages>
Removed a total of 1 cells.

3.32.23. Executing OPT_DFF pass (perform DFF optimizations).

3.32.24. Executing OPT_CLEAN pass (remove unused cells and wires).
Finding unused cells or wires in module \bench007_probe_ax7203..
Removed 0 unused cells and 1 unused wires.
<suppressed ~1 debug messages>

3.32.25. Finished fast OPT passes.

3.33. Executing MEMORY_MAP pass (converting memories to logic and flip-flops).

3.34. Executing OPT pass (performing simple optimizations).

3.34.1. Executing OPT_EXPR pass (perform const folding).
Optimizing module bench007_probe_ax7203.

3.34.2. Executing OPT_MERGE pass (detect identical cells).
Finding identical cells in module `\bench007_probe_ax7203'.
Computing hashes of 424 cells of `\bench007_probe_ax7203'.
Finding duplicate cells in `\bench007_probe_ax7203'.
Removed a total of 0 cells.

3.34.3. Executing OPT_MUXTREE pass (detect dead branches in mux trees).
Running muxtree optimizer on module \bench007_probe_ax7203..
  Creating internal representation of mux trees.
  Evaluating internal representation of mux trees.
  Analyzing evaluation results.
Removed 0 multiplexer ports.
<suppressed ~42 debug messages>

3.34.4. Executing OPT_REDUCE pass (consolidate $*mux and $reduce_* inputs).
  Optimizing cells in module \bench007_probe_ax7203.
    Consolidated identical input bits for $mux cell $flatten\meter.$procmux$1991:
      Old ports: A={ \meter.line [263:16] 5'00001 \meter.line [10:8] 16'0000101000001010 }, B={ 24'010000100011011100101100 $flatten\meter.$ternary$bench/bench007/rtl/bench_meter.v:104$1703_Y $auto$wreduce.cc:514:run$2323 $auto$wreduce.cc:514:run$2322 $auto$wreduce.cc:514:run$2321 $auto$wreduce.cc:514:run$2320 $auto$wreduce.cc:514:run$2319 $auto$wreduce.cc:514:run$2318 $auto$wreduce.cc:514:run$2317 8'00101100 $auto$wreduce.cc:514:run$2316 $auto$wreduce.cc:514:run$2315 $auto$wreduce.cc:514:run$2314 $auto$wreduce.cc:514:run$2313 $auto$wreduce.cc:514:run$2312 $auto$wreduce.cc:514:run$2311 $auto$wreduce.cc:514:run$2310 $auto$wreduce.cc:514:run$2309 8'00101100 $auto$wreduce.cc:514:run$2308 $auto$wreduce.cc:514:run$2307 $auto$wreduce.cc:514:run$2306 $auto$wreduce.cc:514:run$2305 $auto$wreduce.cc:514:run$2304 $auto$wreduce.cc:514:run$2303 $auto$wreduce.cc:514:run$2302 $auto$wreduce.cc:514:run$2301 8'00101100 $auto$wreduce.cc:514:run$2300 $auto$wreduce.cc:514:run$2299 16'0000110100001010 }, Y=$flatten\meter.$0\line[271:0]
      New ports: A={ \meter.line [263:16] 5'00001 \meter.line [10:8] 2'10 }, B={ 24'010000100011011100101100 $flatten\meter.$ternary$bench/bench007/rtl/bench_meter.v:104$1703_Y $auto$wreduce.cc:514:run$2323 $auto$wreduce.cc:514:run$2322 $auto$wreduce.cc:514:run$2321 $auto$wreduce.cc:514:run$2320 $auto$wreduce.cc:514:run$2319 $auto$wreduce.cc:514:run$2318 $auto$wreduce.cc:514:run$2317 8'00101100 $auto$wreduce.cc:514:run$2316 $auto$wreduce.cc:514:run$2315 $auto$wreduce.cc:514:run$2314 $auto$wreduce.cc:514:run$2313 $auto$wreduce.cc:514:run$2312 $auto$wreduce.cc:514:run$2311 $auto$wreduce.cc:514:run$2310 $auto$wreduce.cc:514:run$2309 8'00101100 $auto$wreduce.cc:514:run$2308 $auto$wreduce.cc:514:run$2307 $auto$wreduce.cc:514:run$2306 $auto$wreduce.cc:514:run$2305 $auto$wreduce.cc:514:run$2304 $auto$wreduce.cc:514:run$2303 $auto$wreduce.cc:514:run$2302 $auto$wreduce.cc:514:run$2301 8'00101100 $auto$wreduce.cc:514:run$2300 $auto$wreduce.cc:514:run$2299 2'01 }, Y={ $flatten\meter.$0\line[271:0] [271:16] $flatten\meter.$0\line[271:0] [9:8] }
      New connections: { $flatten\meter.$0\line[271:0] [15:10] $flatten\meter.$0\line[271:0] [7:0] } = { 5'00001 $flatten\meter.$0\line[271:0] [8] 8'00001010 }
    Consolidated identical input bits for $mux cell $flatten\meter.$ternary$bench/bench007/rtl/bench_meter.v:104$1603:
      Old ports: A={ 1'0 $auto$wreduce.cc:514:run$2248 [6:0] }, B={ 4'0011 \meter.chk [3:0] }, Y=$auto$wreduce.cc:514:run$2299
      New ports: A=$auto$wreduce.cc:514:run$2248 [6:0], B={ 3'011 \meter.chk [3:0] }, Y=$auto$wreduce.cc:514:run$2299 [6:0]
      New connections: $auto$wreduce.cc:514:run$2299 [7] = 1'0
    Consolidated identical input bits for $mux cell $flatten\meter.$ternary$bench/bench007/rtl/bench_meter.v:104$1607:
      Old ports: A={ 1'0 $auto$wreduce.cc:514:run$2250 [6:0] }, B={ 4'0011 \meter.chk [7:4] }, Y=$auto$wreduce.cc:514:run$2300
      New ports: A=$auto$wreduce.cc:514:run$2250 [6:0], B={ 3'011 \meter.chk [7:4] }, Y=$auto$wreduce.cc:514:run$2300 [6:0]
      New connections: $auto$wreduce.cc:514:run$2300 [7] = 1'0
    Consolidated identical input bits for $mux cell $flatten\meter.$ternary$bench/bench007/rtl/bench_meter.v:104$1611:
      Old ports: A={ 1'0 $auto$wreduce.cc:514:run$2252 [6:0] }, B={ 4'0011 \meter.stp_l [3:0] }, Y=$auto$wreduce.cc:514:run$2301
      New ports: A=$auto$wreduce.cc:514:run$2252 [6:0], B={ 3'011 \meter.stp_l [3:0] }, Y=$auto$wreduce.cc:514:run$2301 [6:0]
      New connections: $auto$wreduce.cc:514:run$2301 [7] = 1'0
    Consolidated identical input bits for $mux cell $flatten\meter.$ternary$bench/bench007/rtl/bench_meter.v:104$1615:
      Old ports: A={ 1'0 $auto$wreduce.cc:514:run$2254 [6:0] }, B={ 4'0011 \meter.stp_l [7:4] }, Y=$auto$wreduce.cc:514:run$2302
      New ports: A=$auto$wreduce.cc:514:run$2254 [6:0], B={ 3'011 \meter.stp_l [7:4] }, Y=$auto$wreduce.cc:514:run$2302 [6:0]
      New connections: $auto$wreduce.cc:514:run$2302 [7] = 1'0
    Consolidated identical input bits for $mux cell $flatten\meter.$ternary$bench/bench007/rtl/bench_meter.v:104$1619:
      Old ports: A={ 1'0 $auto$wreduce.cc:514:run$2256 [6:0] }, B={ 4'0011 \meter.stp_l [11:8] }, Y=$auto$wreduce.cc:514:run$2303
      New ports: A=$auto$wreduce.cc:514:run$2256 [6:0], B={ 3'011 \meter.stp_l [11:8] }, Y=$auto$wreduce.cc:514:run$2303 [6:0]
      New connections: $auto$wreduce.cc:514:run$2303 [7] = 1'0
    Consolidated identical input bits for $mux cell $flatten\meter.$ternary$bench/bench007/rtl/bench_meter.v:104$1623:
      Old ports: A={ 1'0 $auto$wreduce.cc:514:run$2258 [6:0] }, B={ 4'0011 \meter.stp_l [15:12] }, Y=$auto$wreduce.cc:514:run$2304
      New ports: A=$auto$wreduce.cc:514:run$2258 [6:0], B={ 3'011 \meter.stp_l [15:12] }, Y=$auto$wreduce.cc:514:run$2304 [6:0]
      New connections: $auto$wreduce.cc:514:run$2304 [7] = 1'0
    Consolidated identical input bits for $mux cell $flatten\meter.$ternary$bench/bench007/rtl/bench_meter.v:104$1627:
      Old ports: A={ 1'0 $auto$wreduce.cc:514:run$2260 [6:0] }, B={ 4'0011 \meter.stp_l [19:16] }, Y=$auto$wreduce.cc:514:run$2305
      New ports: A=$auto$wreduce.cc:514:run$2260 [6:0], B={ 3'011 \meter.stp_l [19:16] }, Y=$auto$wreduce.cc:514:run$2305 [6:0]
      New connections: $auto$wreduce.cc:514:run$2305 [7] = 1'0
    Consolidated identical input bits for $mux cell $flatten\meter.$ternary$bench/bench007/rtl/bench_meter.v:104$1631:
      Old ports: A={ 1'0 $auto$wreduce.cc:514:run$2262 [6:0] }, B={ 4'0011 \meter.stp_l [23:20] }, Y=$auto$wreduce.cc:514:run$2306
      New ports: A=$auto$wreduce.cc:514:run$2262 [6:0], B={ 3'011 \meter.stp_l [23:20] }, Y=$auto$wreduce.cc:514:run$2306 [6:0]
      New connections: $auto$wreduce.cc:514:run$2306 [7] = 1'0
    Consolidated identical input bits for $mux cell $flatten\meter.$ternary$bench/bench007/rtl/bench_meter.v:104$1635:
      Old ports: A={ 1'0 $auto$wreduce.cc:514:run$2264 [6:0] }, B={ 4'0011 \meter.stp_l [27:24] }, Y=$auto$wreduce.cc:514:run$2307
      New ports: A=$auto$wreduce.cc:514:run$2264 [6:0], B={ 3'011 \meter.stp_l [27:24] }, Y=$auto$wreduce.cc:514:run$2307 [6:0]
      New connections: $auto$wreduce.cc:514:run$2307 [7] = 1'0
    Consolidated identical input bits for $mux cell $flatten\meter.$ternary$bench/bench007/rtl/bench_meter.v:104$1639:
      Old ports: A={ 1'0 $auto$wreduce.cc:514:run$2266 [6:0] }, B={ 4'0011 \meter.stp_l [31:28] }, Y=$auto$wreduce.cc:514:run$2308
      New ports: A=$auto$wreduce.cc:514:run$2266 [6:0], B={ 3'011 \meter.stp_l [31:28] }, Y=$auto$wreduce.cc:514:run$2308 [6:0]
      New connections: $auto$wreduce.cc:514:run$2308 [7] = 1'0
    Consolidated identical input bits for $mux cell $flatten\meter.$ternary$bench/bench007/rtl/bench_meter.v:104$1643:
      Old ports: A={ 1'0 $auto$wreduce.cc:514:run$2268 [6:0] }, B={ 4'0011 \meter.cyc_l [3:0] }, Y=$auto$wreduce.cc:514:run$2309
      New ports: A=$auto$wreduce.cc:514:run$2268 [6:0], B={ 3'011 \meter.cyc_l [3:0] }, Y=$auto$wreduce.cc:514:run$2309 [6:0]
      New connections: $auto$wreduce.cc:514:run$2309 [7] = 1'0
    Consolidated identical input bits for $mux cell $flatten\meter.$ternary$bench/bench007/rtl/bench_meter.v:104$1647:
      Old ports: A={ 1'0 $auto$wreduce.cc:514:run$2270 [6:0] }, B={ 4'0011 \meter.cyc_l [7:4] }, Y=$auto$wreduce.cc:514:run$2310
      New ports: A=$auto$wreduce.cc:514:run$2270 [6:0], B={ 3'011 \meter.cyc_l [7:4] }, Y=$auto$wreduce.cc:514:run$2310 [6:0]
      New connections: $auto$wreduce.cc:514:run$2310 [7] = 1'0
    Consolidated identical input bits for $mux cell $flatten\meter.$ternary$bench/bench007/rtl/bench_meter.v:104$1651:
      Old ports: A={ 1'0 $auto$wreduce.cc:514:run$2272 [6:0] }, B={ 4'0011 \meter.cyc_l [11:8] }, Y=$auto$wreduce.cc:514:run$2311
      New ports: A=$auto$wreduce.cc:514:run$2272 [6:0], B={ 3'011 \meter.cyc_l [11:8] }, Y=$auto$wreduce.cc:514:run$2311 [6:0]
      New connections: $auto$wreduce.cc:514:run$2311 [7] = 1'0
    Consolidated identical input bits for $mux cell $flatten\meter.$ternary$bench/bench007/rtl/bench_meter.v:104$1655:
      Old ports: A={ 1'0 $auto$wreduce.cc:514:run$2274 [6:0] }, B={ 4'0011 \meter.cyc_l [15:12] }, Y=$auto$wreduce.cc:514:run$2312
      New ports: A=$auto$wreduce.cc:514:run$2274 [6:0], B={ 3'011 \meter.cyc_l [15:12] }, Y=$auto$wreduce.cc:514:run$2312 [6:0]
      New connections: $auto$wreduce.cc:514:run$2312 [7] = 1'0
    Consolidated identical input bits for $mux cell $flatten\meter.$ternary$bench/bench007/rtl/bench_meter.v:104$1659:
      Old ports: A={ 1'0 $auto$wreduce.cc:514:run$2276 [6:0] }, B={ 4'0011 \meter.cyc_l [19:16] }, Y=$auto$wreduce.cc:514:run$2313
      New ports: A=$auto$wreduce.cc:514:run$2276 [6:0], B={ 3'011 \meter.cyc_l [19:16] }, Y=$auto$wreduce.cc:514:run$2313 [6:0]
      New connections: $auto$wreduce.cc:514:run$2313 [7] = 1'0
    Consolidated identical input bits for $mux cell $flatten\meter.$ternary$bench/bench007/rtl/bench_meter.v:104$1663:
      Old ports: A={ 1'0 $auto$wreduce.cc:514:run$2278 [6:0] }, B={ 4'0011 \meter.cyc_l [23:20] }, Y=$auto$wreduce.cc:514:run$2314
      New ports: A=$auto$wreduce.cc:514:run$2278 [6:0], B={ 3'011 \meter.cyc_l [23:20] }, Y=$auto$wreduce.cc:514:run$2314 [6:0]
      New connections: $auto$wreduce.cc:514:run$2314 [7] = 1'0
    Consolidated identical input bits for $mux cell $flatten\meter.$ternary$bench/bench007/rtl/bench_meter.v:104$1667:
      Old ports: A={ 1'0 $auto$wreduce.cc:514:run$2280 [6:0] }, B={ 4'0011 \meter.cyc_l [27:24] }, Y=$auto$wreduce.cc:514:run$2315
      New ports: A=$auto$wreduce.cc:514:run$2280 [6:0], B={ 3'011 \meter.cyc_l [27:24] }, Y=$auto$wreduce.cc:514:run$2315 [6:0]
      New connections: $auto$wreduce.cc:514:run$2315 [7] = 1'0
    Consolidated identical input bits for $mux cell $flatten\meter.$ternary$bench/bench007/rtl/bench_meter.v:104$1671:
      Old ports: A={ 1'0 $auto$wreduce.cc:514:run$2282 [6:0] }, B={ 4'0011 \meter.cyc_l [31:28] }, Y=$auto$wreduce.cc:514:run$2316
      New ports: A=$auto$wreduce.cc:514:run$2282 [6:0], B={ 3'011 \meter.cyc_l [31:28] }, Y=$auto$wreduce.cc:514:run$2316 [6:0]
      New connections: $auto$wreduce.cc:514:run$2316 [7] = 1'0
    Consolidated identical input bits for $mux cell $flatten\meter.$ternary$bench/bench007/rtl/bench_meter.v:104$1675:
      Old ports: A={ 1'0 $auto$wreduce.cc:514:run$2284 [6:0] }, B={ 4'0011 \meter.seq_l [3:0] }, Y=$auto$wreduce.cc:514:run$2317
      New ports: A=$auto$wreduce.cc:514:run$2284 [6:0], B={ 3'011 \meter.seq_l [3:0] }, Y=$auto$wreduce.cc:514:run$2317 [6:0]
      New connections: $auto$wreduce.cc:514:run$2317 [7] = 1'0
    Consolidated identical input bits for $mux cell $flatten\meter.$ternary$bench/bench007/rtl/bench_meter.v:104$1679:
      Old ports: A={ 1'0 $auto$wreduce.cc:514:run$2286 [6:0] }, B={ 4'0011 \meter.seq_l [7:4] }, Y=$auto$wreduce.cc:514:run$2318
      New ports: A=$auto$wreduce.cc:514:run$2286 [6:0], B={ 3'011 \meter.seq_l [7:4] }, Y=$auto$wreduce.cc:514:run$2318 [6:0]
      New connections: $auto$wreduce.cc:514:run$2318 [7] = 1'0
    Consolidated identical input bits for $mux cell $flatten\meter.$ternary$bench/bench007/rtl/bench_meter.v:104$1683:
      Old ports: A={ 1'0 $auto$wreduce.cc:514:run$2288 [6:0] }, B={ 4'0011 \meter.seq_l [11:8] }, Y=$auto$wreduce.cc:514:run$2319
      New ports: A=$auto$wreduce.cc:514:run$2288 [6:0], B={ 3'011 \meter.seq_l [11:8] }, Y=$auto$wreduce.cc:514:run$2319 [6:0]
      New connections: $auto$wreduce.cc:514:run$2319 [7] = 1'0
    Consolidated identical input bits for $mux cell $flatten\meter.$ternary$bench/bench007/rtl/bench_meter.v:104$1687:
      Old ports: A={ 1'0 $auto$wreduce.cc:514:run$2290 [6:0] }, B={ 4'0011 \meter.seq_l [15:12] }, Y=$auto$wreduce.cc:514:run$2320
      New ports: A=$auto$wreduce.cc:514:run$2290 [6:0], B={ 3'011 \meter.seq_l [15:12] }, Y=$auto$wreduce.cc:514:run$2320 [6:0]
      New connections: $auto$wreduce.cc:514:run$2320 [7] = 1'0
    Consolidated identical input bits for $mux cell $flatten\meter.$ternary$bench/bench007/rtl/bench_meter.v:104$1691:
      Old ports: A={ 1'0 $auto$wreduce.cc:514:run$2292 [6:0] }, B={ 4'0011 \meter.seq_l [19:16] }, Y=$auto$wreduce.cc:514:run$2321
      New ports: A=$auto$wreduce.cc:514:run$2292 [6:0], B={ 3'011 \meter.seq_l [19:16] }, Y=$auto$wreduce.cc:514:run$2321 [6:0]
      New connections: $auto$wreduce.cc:514:run$2321 [7] = 1'0
    Consolidated identical input bits for $mux cell $flatten\meter.$ternary$bench/bench007/rtl/bench_meter.v:104$1695:
      Old ports: A={ 1'0 $auto$wreduce.cc:514:run$2294 [6:0] }, B={ 4'0011 \meter.seq_l [23:20] }, Y=$auto$wreduce.cc:514:run$2322
      New ports: A=$auto$wreduce.cc:514:run$2294 [6:0], B={ 3'011 \meter.seq_l [23:20] }, Y=$auto$wreduce.cc:514:run$2322 [6:0]
      New connections: $auto$wreduce.cc:514:run$2322 [7] = 1'0
    Consolidated identical input bits for $mux cell $flatten\meter.$ternary$bench/bench007/rtl/bench_meter.v:104$1699:
      Old ports: A={ 1'0 $auto$wreduce.cc:514:run$2296 [6:0] }, B={ 4'0011 \meter.seq_l [27:24] }, Y=$auto$wreduce.cc:514:run$2323
      New ports: A=$auto$wreduce.cc:514:run$2296 [6:0], B={ 3'011 \meter.seq_l [27:24] }, Y=$auto$wreduce.cc:514:run$2323 [6:0]
      New connections: $auto$wreduce.cc:514:run$2323 [7] = 1'0
    Consolidated identical input bits for $mux cell $flatten\meter.$ternary$bench/bench007/rtl/bench_meter.v:104$1703:
      Old ports: A={ 1'0 $auto$wreduce.cc:514:run$2298 [6:0] }, B={ 4'0011 \meter.seq_l [31:28] }, Y=$flatten\meter.$ternary$bench/bench007/rtl/bench_meter.v:104$1703_Y
      New ports: A=$auto$wreduce.cc:514:run$2298 [6:0], B={ 3'011 \meter.seq_l [31:28] }, Y=$flatten\meter.$ternary$bench/bench007/rtl/bench_meter.v:104$1703_Y [6:0]
      New connections: $flatten\meter.$ternary$bench/bench007/rtl/bench_meter.v:104$1703_Y [7] = 1'0
  Optimizing cells in module \bench007_probe_ax7203.
    Consolidated identical input bits for $mux cell $flatten\meter.$procmux$1991:
      Old ports: A={ \meter.line [263:16] 5'00001 \meter.line [10:8] 2'10 }, B={ 24'010000100011011100101100 $flatten\meter.$ternary$bench/bench007/rtl/bench_meter.v:104$1703_Y $auto$wreduce.cc:514:run$2323 $auto$wreduce.cc:514:run$2322 $auto$wreduce.cc:514:run$2321 $auto$wreduce.cc:514:run$2320 $auto$wreduce.cc:514:run$2319 $auto$wreduce.cc:514:run$2318 $auto$wreduce.cc:514:run$2317 8'00101100 $auto$wreduce.cc:514:run$2316 $auto$wreduce.cc:514:run$2315 $auto$wreduce.cc:514:run$2314 $auto$wreduce.cc:514:run$2313 $auto$wreduce.cc:514:run$2312 $auto$wreduce.cc:514:run$2311 $auto$wreduce.cc:514:run$2310 $auto$wreduce.cc:514:run$2309 8'00101100 $auto$wreduce.cc:514:run$2308 $auto$wreduce.cc:514:run$2307 $auto$wreduce.cc:514:run$2306 $auto$wreduce.cc:514:run$2305 $auto$wreduce.cc:514:run$2304 $auto$wreduce.cc:514:run$2303 $auto$wreduce.cc:514:run$2302 $auto$wreduce.cc:514:run$2301 8'00101100 $auto$wreduce.cc:514:run$2300 $auto$wreduce.cc:514:run$2299 2'01 }, Y={ $flatten\meter.$0\line[271:0] [271:16] $flatten\meter.$0\line[271:0] [9:8] }
      New ports: A={ \meter.line [263:16] 4'0001 \meter.line [10:8] 2'10 }, B={ 25'0100001000110111001011000 $flatten\meter.$ternary$bench/bench007/rtl/bench_meter.v:104$1703_Y [6:0] 1'0 $auto$wreduce.cc:514:run$2323 [6:0] 1'0 $auto$wreduce.cc:514:run$2322 [6:0] 1'0 $auto$wreduce.cc:514:run$2321 [6:0] 1'0 $auto$wreduce.cc:514:run$2320 [6:0] 1'0 $auto$wreduce.cc:514:run$2319 [6:0] 1'0 $auto$wreduce.cc:514:run$2318 [6:0] 1'0 $auto$wreduce.cc:514:run$2317 [6:0] 9'001011000 $auto$wreduce.cc:514:run$2316 [6:0] 1'0 $auto$wreduce.cc:514:run$2315 [6:0] 1'0 $auto$wreduce.cc:514:run$2314 [6:0] 1'0 $auto$wreduce.cc:514:run$2313 [6:0] 1'0 $auto$wreduce.cc:514:run$2312 [6:0] 1'0 $auto$wreduce.cc:514:run$2311 [6:0] 1'0 $auto$wreduce.cc:514:run$2310 [6:0] 1'0 $auto$wreduce.cc:514:run$2309 [6:0] 9'001011000 $auto$wreduce.cc:514:run$2308 [6:0] 1'0 $auto$wreduce.cc:514:run$2307 [6:0] 1'0 $auto$wreduce.cc:514:run$2306 [6:0] 1'0 $auto$wreduce.cc:514:run$2305 [6:0] 1'0 $auto$wreduce.cc:514:run$2304 [6:0] 1'0 $auto$wreduce.cc:514:run$2303 [6:0] 1'0 $auto$wreduce.cc:514:run$2302 [6:0] 1'0 $auto$wreduce.cc:514:run$2301 [6:0] 9'001011000 $auto$wreduce.cc:514:run$2300 [6:0] $auto$wreduce.cc:514:run$2299 [6:0] 2'01 }, Y={ $flatten\meter.$0\line[271:0] [271:24] $flatten\meter.$0\line[271:0] [22:16] $flatten\meter.$0\line[271:0] [9:8] }
      New connections: $flatten\meter.$0\line[271:0] [23] = 1'0
  Optimizing cells in module \bench007_probe_ax7203.
Performed a total of 28 changes.

3.34.5. Executing OPT_MERGE pass (detect identical cells).
Finding identical cells in module `\bench007_probe_ax7203'.
Computing hashes of 424 cells of `\bench007_probe_ax7203'.
Finding duplicate cells in `\bench007_probe_ax7203'.
Removed a total of 0 cells.

3.34.6. Executing OPT_SHARE pass.

3.34.7. Executing OPT_DFF pass (perform DFF optimizations).
Adding SRST signal on $auto$ff.cc:337:slice$3228 ($dffe) from module bench007_probe_ax7203 (D = { \meter.line [239] \meter.line [231] \meter.line [223] \meter.line [215] \meter.line [207] \meter.line [199] \meter.line [191] \meter.line [183] \meter.line [167] \meter.line [159] \meter.line [151] \meter.line [143] \meter.line [135] \meter.line [127] \meter.line [119] \meter.line [111] \meter.line [95] \meter.line [87] \meter.line [79] \meter.line [71] \meter.line [63] \meter.line [55] \meter.line [47] \meter.line [39] \meter.line [23] }, Q = { \meter.line [247] \meter.line [239] \meter.line [231] \meter.line [223] \meter.line [215] \meter.line [207] \meter.line [199] \meter.line [191] \meter.line [175] \meter.line [167] \meter.line [159] \meter.line [151] \meter.line [143] \meter.line [135] \meter.line [127] \meter.line [119] \meter.line [103] \meter.line [95] \meter.line [87] \meter.line [79] \meter.line [71] \meter.line [63] \meter.line [55] \meter.line [47] \meter.line [31] }, rval = 25'0000000000000000000000000).

3.34.8. Executing OPT_CLEAN pass (remove unused cells and wires).
Finding unused cells or wires in module \bench007_probe_ax7203..

3.34.9. Executing OPT_EXPR pass (perform const folding).
Optimizing module bench007_probe_ax7203.

3.34.10. Rerunning OPT passes. (Maybe there is more to do..)

3.34.11. Executing OPT_MUXTREE pass (detect dead branches in mux trees).
Running muxtree optimizer on module \bench007_probe_ax7203..
  Creating internal representation of mux trees.
  Evaluating internal representation of mux trees.
  Analyzing evaluation results.
Removed 0 multiplexer ports.
<suppressed ~42 debug messages>

3.34.12. Executing OPT_REDUCE pass (consolidate $*mux and $reduce_* inputs).
  Optimizing cells in module \bench007_probe_ax7203.
Performed a total of 0 changes.

3.34.13. Executing OPT_MERGE pass (detect identical cells).
Finding identical cells in module `\bench007_probe_ax7203'.
Computing hashes of 425 cells of `\bench007_probe_ax7203'.
Finding duplicate cells in `\bench007_probe_ax7203'.
Removed a total of 0 cells.

3.34.14. Executing OPT_SHARE pass.

3.34.15. Executing OPT_DFF pass (perform DFF optimizations).
Setting constant 0-bit at position 3 on $auto$ff.cc:337:slice$3222 ($sdffce) from module bench007_probe_ax7203.

3.34.16. Executing OPT_CLEAN pass (remove unused cells and wires).
Finding unused cells or wires in module \bench007_probe_ax7203..

3.34.17. Executing OPT_EXPR pass (perform const folding).
Optimizing module bench007_probe_ax7203.

3.34.18. Rerunning OPT passes. (Maybe there is more to do..)

3.34.19. Executing OPT_MUXTREE pass (detect dead branches in mux trees).
Running muxtree optimizer on module \bench007_probe_ax7203..
  Creating internal representation of mux trees.
  Evaluating internal representation of mux trees.
  Analyzing evaluation results.
Removed 0 multiplexer ports.
<suppressed ~42 debug messages>

3.34.20. Executing OPT_REDUCE pass (consolidate $*mux and $reduce_* inputs).
  Optimizing cells in module \bench007_probe_ax7203.
    Consolidated identical input bits for $mux cell $flatten\meter.$procmux$1991:
      Old ports: A={ \meter.line [263:24] 1'0 \meter.line [22:16] 4'0001 \meter.line [10:8] 2'10 }, B={ 25'0100001000110111001011000 $flatten\meter.$ternary$bench/bench007/rtl/bench_meter.v:104$1703_Y [6:0] 1'0 $auto$wreduce.cc:514:run$2323 [6:0] 1'0 $auto$wreduce.cc:514:run$2322 [6:0] 1'0 $auto$wreduce.cc:514:run$2321 [6:0] 1'0 $auto$wreduce.cc:514:run$2320 [6:0] 1'0 $auto$wreduce.cc:514:run$2319 [6:0] 1'0 $auto$wreduce.cc:514:run$2318 [6:0] 1'0 $auto$wreduce.cc:514:run$2317 [6:0] 9'001011000 $auto$wreduce.cc:514:run$2316 [6:0] 1'0 $auto$wreduce.cc:514:run$2315 [6:0] 1'0 $auto$wreduce.cc:514:run$2314 [6:0] 1'0 $auto$wreduce.cc:514:run$2313 [6:0] 1'0 $auto$wreduce.cc:514:run$2312 [6:0] 1'0 $auto$wreduce.cc:514:run$2311 [6:0] 1'0 $auto$wreduce.cc:514:run$2310 [6:0] 1'0 $auto$wreduce.cc:514:run$2309 [6:0] 9'001011000 $auto$wreduce.cc:514:run$2308 [6:0] 1'0 $auto$wreduce.cc:514:run$2307 [6:0] 1'0 $auto$wreduce.cc:514:run$2306 [6:0] 1'0 $auto$wreduce.cc:514:run$2305 [6:0] 1'0 $auto$wreduce.cc:514:run$2304 [6:0] 1'0 $auto$wreduce.cc:514:run$2303 [6:0] 1'0 $auto$wreduce.cc:514:run$2302 [6:0] 1'0 $auto$wreduce.cc:514:run$2301 [6:0] 9'001011000 $auto$wreduce.cc:514:run$2300 [6:0] $auto$wreduce.cc:514:run$2299 [6:0] 2'01 }, Y={ $flatten\meter.$0\line[271:0] [271:24] $flatten\meter.$0\line[271:0] [22:16] $flatten\meter.$0\line[271:0] [9] $flatten\meter.$0\line[271:0] [10] }
      New ports: A={ \meter.line [263:24] \meter.line [22:16] 4'0001 \meter.line [10:8] 2'10 }, B={ 25'0100001000110111001011000 $flatten\meter.$ternary$bench/bench007/rtl/bench_meter.v:104$1703_Y [6:0] 1'0 $auto$wreduce.cc:514:run$2323 [6:0] 1'0 $auto$wreduce.cc:514:run$2322 [6:0] 1'0 $auto$wreduce.cc:514:run$2321 [6:0] 1'0 $auto$wreduce.cc:514:run$2320 [6:0] 1'0 $auto$wreduce.cc:514:run$2319 [6:0] 1'0 $auto$wreduce.cc:514:run$2318 [6:0] 1'0 $auto$wreduce.cc:514:run$2317 [6:0] 9'001011000 $auto$wreduce.cc:514:run$2316 [6:0] 1'0 $auto$wreduce.cc:514:run$2315 [6:0] 1'0 $auto$wreduce.cc:514:run$2314 [6:0] 1'0 $auto$wreduce.cc:514:run$2313 [6:0] 1'0 $auto$wreduce.cc:514:run$2312 [6:0] 1'0 $auto$wreduce.cc:514:run$2311 [6:0] 1'0 $auto$wreduce.cc:514:run$2310 [6:0] 1'0 $auto$wreduce.cc:514:run$2309 [6:0] 9'001011000 $auto$wreduce.cc:514:run$2308 [6:0] 1'0 $auto$wreduce.cc:514:run$2307 [6:0] 1'0 $auto$wreduce.cc:514:run$2306 [6:0] 1'0 $auto$wreduce.cc:514:run$2305 [6:0] 1'0 $auto$wreduce.cc:514:run$2304 [6:0] 1'0 $auto$wreduce.cc:514:run$2303 [6:0] 1'0 $auto$wreduce.cc:514:run$2302 [6:0] 1'0 $auto$wreduce.cc:514:run$2301 [6:0] 8'00101100 $auto$wreduce.cc:514:run$2300 [6:0] $auto$wreduce.cc:514:run$2299 [6:0] 2'01 }, Y={ $flatten\meter.$0\line[271:0] [271:32] $flatten\meter.$0\line[271:0] [30:24] $flatten\meter.$0\line[271:0] [22:16] $flatten\meter.$0\line[271:0] [9] $flatten\meter.$0\line[271:0] [10] }
      New connections: $flatten\meter.$0\line[271:0] [31] = 1'0
  Optimizing cells in module \bench007_probe_ax7203.
Performed a total of 1 changes.

3.34.21. Executing OPT_MERGE pass (detect identical cells).
Finding identical cells in module `\bench007_probe_ax7203'.
Computing hashes of 425 cells of `\bench007_probe_ax7203'.
Finding duplicate cells in `\bench007_probe_ax7203'.
Removed a total of 0 cells.

3.34.22. Executing OPT_SHARE pass.

3.34.23. Executing OPT_DFF pass (perform DFF optimizations).
Setting constant 0-bit at position 0 on $auto$ff.cc:337:slice$3229 ($sdffce) from module bench007_probe_ax7203.

3.34.24. Executing OPT_CLEAN pass (remove unused cells and wires).
Finding unused cells or wires in module \bench007_probe_ax7203..

3.34.25. Executing OPT_EXPR pass (perform const folding).
Optimizing module bench007_probe_ax7203.

3.34.26. Rerunning OPT passes. (Maybe there is more to do..)

3.34.27. Executing OPT_MUXTREE pass (detect dead branches in mux trees).
Running muxtree optimizer on module \bench007_probe_ax7203..
  Creating internal representation of mux trees.
  Evaluating internal representation of mux trees.
  Analyzing evaluation results.
Removed 0 multiplexer ports.
<suppressed ~42 debug messages>

3.34.28. Executing OPT_REDUCE pass (consolidate $*mux and $reduce_* inputs).
  Optimizing cells in module \bench007_probe_ax7203.
    Consolidated identical input bits for $mux cell $flatten\meter.$procmux$1991:
      Old ports: A={ \meter.line [263:32] 1'0 \meter.line [30:24] \meter.line [22:16] 4'0001 \meter.line [10:8] 2'10 }, B={ 25'0100001000110111001011000 $flatten\meter.$ternary$bench/bench007/rtl/bench_meter.v:104$1703_Y [6:0] 1'0 $auto$wreduce.cc:514:run$2323 [6:0] 1'0 $auto$wreduce.cc:514:run$2322 [6:0] 1'0 $auto$wreduce.cc:514:run$2321 [6:0] 1'0 $auto$wreduce.cc:514:run$2320 [6:0] 1'0 $auto$wreduce.cc:514:run$2319 [6:0] 1'0 $auto$wreduce.cc:514:run$2318 [6:0] 1'0 $auto$wreduce.cc:514:run$2317 [6:0] 9'001011000 $auto$wreduce.cc:514:run$2316 [6:0] 1'0 $auto$wreduce.cc:514:run$2315 [6:0] 1'0 $auto$wreduce.cc:514:run$2314 [6:0] 1'0 $auto$wreduce.cc:514:run$2313 [6:0] 1'0 $auto$wreduce.cc:514:run$2312 [6:0] 1'0 $auto$wreduce.cc:514:run$2311 [6:0] 1'0 $auto$wreduce.cc:514:run$2310 [6:0] 1'0 $auto$wreduce.cc:514:run$2309 [6:0] 9'001011000 $auto$wreduce.cc:514:run$2308 [6:0] 1'0 $auto$wreduce.cc:514:run$2307 [6:0] 1'0 $auto$wreduce.cc:514:run$2306 [6:0] 1'0 $auto$wreduce.cc:514:run$2305 [6:0] 1'0 $auto$wreduce.cc:514:run$2304 [6:0] 1'0 $auto$wreduce.cc:514:run$2303 [6:0] 1'0 $auto$wreduce.cc:514:run$2302 [6:0] 1'0 $auto$wreduce.cc:514:run$2301 [6:0] 8'00101100 $auto$wreduce.cc:514:run$2300 [6:0] $auto$wreduce.cc:514:run$2299 [6:0] 2'01 }, Y={ $flatten\meter.$0\line[271:0] [271:32] $flatten\meter.$0\line[271:0] [30:24] $flatten\meter.$0\line[271:0] [22:16] $flatten\meter.$0\line[271:0] [9] $flatten\meter.$0\line[271:0] [10] }
      New ports: A={ \meter.line [263:32] \meter.line [30:24] \meter.line [22:16] 4'0001 \meter.line [10:8] 2'10 }, B={ 25'0100001000110111001011000 $flatten\meter.$ternary$bench/bench007/rtl/bench_meter.v:104$1703_Y [6:0] 1'0 $auto$wreduce.cc:514:run$2323 [6:0] 1'0 $auto$wreduce.cc:514:run$2322 [6:0] 1'0 $auto$wreduce.cc:514:run$2321 [6:0] 1'0 $auto$wreduce.cc:514:run$2320 [6:0] 1'0 $auto$wreduce.cc:514:run$2319 [6:0] 1'0 $auto$wreduce.cc:514:run$2318 [6:0] 1'0 $auto$wreduce.cc:514:run$2317 [6:0] 9'001011000 $auto$wreduce.cc:514:run$2316 [6:0] 1'0 $auto$wreduce.cc:514:run$2315 [6:0] 1'0 $auto$wreduce.cc:514:run$2314 [6:0] 1'0 $auto$wreduce.cc:514:run$2313 [6:0] 1'0 $auto$wreduce.cc:514:run$2312 [6:0] 1'0 $auto$wreduce.cc:514:run$2311 [6:0] 1'0 $auto$wreduce.cc:514:run$2310 [6:0] 1'0 $auto$wreduce.cc:514:run$2309 [6:0] 9'001011000 $auto$wreduce.cc:514:run$2308 [6:0] 1'0 $auto$wreduce.cc:514:run$2307 [6:0] 1'0 $auto$wreduce.cc:514:run$2306 [6:0] 1'0 $auto$wreduce.cc:514:run$2305 [6:0] 1'0 $auto$wreduce.cc:514:run$2304 [6:0] 1'0 $auto$wreduce.cc:514:run$2303 [6:0] 1'0 $auto$wreduce.cc:514:run$2302 [6:0] 1'0 $auto$wreduce.cc:514:run$2301 [6:0] 7'0101100 $auto$wreduce.cc:514:run$2300 [6:0] $auto$wreduce.cc:514:run$2299 [6:0] 2'01 }, Y={ $flatten\meter.$0\line[271:0] [271:40] $flatten\meter.$0\line[271:0] [38:32] $flatten\meter.$0\line[271:0] [30:24] $flatten\meter.$0\line[271:0] [22:16] $flatten\meter.$0\line[271:0] [9] $flatten\meter.$0\line[271:0] [10] }
      New connections: $flatten\meter.$0\line[271:0] [39] = 1'0
  Optimizing cells in module \bench007_probe_ax7203.
Performed a total of 1 changes.

3.34.29. Executing OPT_MERGE pass (detect identical cells).
Finding identical cells in module `\bench007_probe_ax7203'.
Computing hashes of 425 cells of `\bench007_probe_ax7203'.
Finding duplicate cells in `\bench007_probe_ax7203'.
Removed a total of 0 cells.

3.34.30. Executing OPT_SHARE pass.

3.34.31. Executing OPT_DFF pass (perform DFF optimizations).
Setting constant 0-bit at position 10 on $auto$ff.cc:337:slice$3221 ($sdffce) from module bench007_probe_ax7203.

3.34.32. Executing OPT_CLEAN pass (remove unused cells and wires).
Finding unused cells or wires in module \bench007_probe_ax7203..

3.34.33. Executing OPT_EXPR pass (perform const folding).
Optimizing module bench007_probe_ax7203.

3.34.34. Rerunning OPT passes. (Maybe there is more to do..)

3.34.35. Executing OPT_MUXTREE pass (detect dead branches in mux trees).
Running muxtree optimizer on module \bench007_probe_ax7203..
  Creating internal representation of mux trees.
  Evaluating internal representation of mux trees.
  Analyzing evaluation results.
Removed 0 multiplexer ports.
<suppressed ~42 debug messages>

3.34.36. Executing OPT_REDUCE pass (consolidate $*mux and $reduce_* inputs).
  Optimizing cells in module \bench007_probe_ax7203.
    Consolidated identical input bits for $mux cell $flatten\meter.$procmux$1991:
      Old ports: A={ \meter.line [263:40] 1'0 \meter.line [38:32] \meter.line [30:24] \meter.line [22:16] 4'0001 \meter.line [10:8] 2'10 }, B={ 25'0100001000110111001011000 $flatten\meter.$ternary$bench/bench007/rtl/bench_meter.v:104$1703_Y [6:0] 1'0 $auto$wreduce.cc:514:run$2323 [6:0] 1'0 $auto$wreduce.cc:514:run$2322 [6:0] 1'0 $auto$wreduce.cc:514:run$2321 [6:0] 1'0 $auto$wreduce.cc:514:run$2320 [6:0] 1'0 $auto$wreduce.cc:514:run$2319 [6:0] 1'0 $auto$wreduce.cc:514:run$2318 [6:0] 1'0 $auto$wreduce.cc:514:run$2317 [6:0] 9'001011000 $auto$wreduce.cc:514:run$2316 [6:0] 1'0 $auto$wreduce.cc:514:run$2315 [6:0] 1'0 $auto$wreduce.cc:514:run$2314 [6:0] 1'0 $auto$wreduce.cc:514:run$2313 [6:0] 1'0 $auto$wreduce.cc:514:run$2312 [6:0] 1'0 $auto$wreduce.cc:514:run$2311 [6:0] 1'0 $auto$wreduce.cc:514:run$2310 [6:0] 1'0 $auto$wreduce.cc:514:run$2309 [6:0] 9'001011000 $auto$wreduce.cc:514:run$2308 [6:0] 1'0 $auto$wreduce.cc:514:run$2307 [6:0] 1'0 $auto$wreduce.cc:514:run$2306 [6:0] 1'0 $auto$wreduce.cc:514:run$2305 [6:0] 1'0 $auto$wreduce.cc:514:run$2304 [6:0] 1'0 $auto$wreduce.cc:514:run$2303 [6:0] 1'0 $auto$wreduce.cc:514:run$2302 [6:0] 1'0 $auto$wreduce.cc:514:run$2301 [6:0] 7'0101100 $auto$wreduce.cc:514:run$2300 [6:0] $auto$wreduce.cc:514:run$2299 [6:0] 2'01 }, Y={ $flatten\meter.$0\line[271:0] [271:40] $flatten\meter.$0\line[271:0] [38:32] $flatten\meter.$0\line[271:0] [30:24] $flatten\meter.$0\line[271:0] [22:16] $flatten\meter.$0\line[271:0] [9] $flatten\meter.$0\line[271:0] [10] }
      New ports: A={ \meter.line [263:40] \meter.line [38:32] \meter.line [30:24] \meter.line [22:16] 4'0001 \meter.line [10:8] 2'10 }, B={ 25'0100001000110111001011000 $flatten\meter.$ternary$bench/bench007/rtl/bench_meter.v:104$1703_Y [6:0] 1'0 $auto$wreduce.cc:514:run$2323 [6:0] 1'0 $auto$wreduce.cc:514:run$2322 [6:0] 1'0 $auto$wreduce.cc:514:run$2321 [6:0] 1'0 $auto$wreduce.cc:514:run$2320 [6:0] 1'0 $auto$wreduce.cc:514:run$2319 [6:0] 1'0 $auto$wreduce.cc:514:run$2318 [6:0] 1'0 $auto$wreduce.cc:514:run$2317 [6:0] 9'001011000 $auto$wreduce.cc:514:run$2316 [6:0] 1'0 $auto$wreduce.cc:514:run$2315 [6:0] 1'0 $auto$wreduce.cc:514:run$2314 [6:0] 1'0 $auto$wreduce.cc:514:run$2313 [6:0] 1'0 $auto$wreduce.cc:514:run$2312 [6:0] 1'0 $auto$wreduce.cc:514:run$2311 [6:0] 1'0 $auto$wreduce.cc:514:run$2310 [6:0] 1'0 $auto$wreduce.cc:514:run$2309 [6:0] 9'001011000 $auto$wreduce.cc:514:run$2308 [6:0] 1'0 $auto$wreduce.cc:514:run$2307 [6:0] 1'0 $auto$wreduce.cc:514:run$2306 [6:0] 1'0 $auto$wreduce.cc:514:run$2305 [6:0] 1'0 $auto$wreduce.cc:514:run$2304 [6:0] 1'0 $auto$wreduce.cc:514:run$2303 [6:0] 1'0 $auto$wreduce.cc:514:run$2302 [6:0] $auto$wreduce.cc:514:run$2301 [6:0] 7'0101100 $auto$wreduce.cc:514:run$2300 [6:0] $auto$wreduce.cc:514:run$2299 [6:0] 2'01 }, Y={ $flatten\meter.$0\line[271:0] [271:48] $flatten\meter.$0\line[271:0] [46:40] $flatten\meter.$0\line[271:0] [38:32] $flatten\meter.$0\line[271:0] [30:24] $flatten\meter.$0\line[271:0] [22:16] $flatten\meter.$0\line[271:0] [9] $flatten\meter.$0\line[271:0] [10] }
      New connections: $flatten\meter.$0\line[271:0] [47] = 1'0
  Optimizing cells in module \bench007_probe_ax7203.
Performed a total of 1 changes.

3.34.37. Executing OPT_MERGE pass (detect identical cells).
Finding identical cells in module `\bench007_probe_ax7203'.
Computing hashes of 425 cells of `\bench007_probe_ax7203'.
Finding duplicate cells in `\bench007_probe_ax7203'.
Removed a total of 0 cells.

3.34.38. Executing OPT_SHARE pass.

3.34.39. Executing OPT_DFF pass (perform DFF optimizations).
Setting constant 0-bit at position 0 on $auto$ff.cc:337:slice$3232 ($sdffce) from module bench007_probe_ax7203.

3.34.40. Executing OPT_CLEAN pass (remove unused cells and wires).
Finding unused cells or wires in module \bench007_probe_ax7203..

3.34.41. Executing OPT_EXPR pass (perform const folding).
Optimizing module bench007_probe_ax7203.

3.34.42. Rerunning OPT passes. (Maybe there is more to do..)

3.34.43. Executing OPT_MUXTREE pass (detect dead branches in mux trees).
Running muxtree optimizer on module \bench007_probe_ax7203..
  Creating internal representation of mux trees.
  Evaluating internal representation of mux trees.
  Analyzing evaluation results.
Removed 0 multiplexer ports.
<suppressed ~42 debug messages>

3.34.44. Executing OPT_REDUCE pass (consolidate $*mux and $reduce_* inputs).
  Optimizing cells in module \bench007_probe_ax7203.
    Consolidated identical input bits for $mux cell $flatten\meter.$procmux$1991:
      Old ports: A={ \meter.line [263:48] 1'0 \meter.line [46:40] \meter.line [38:32] \meter.line [30:24] \meter.line [22:16] 4'0001 \meter.line [10:8] 2'10 }, B={ 25'0100001000110111001011000 $flatten\meter.$ternary$bench/bench007/rtl/bench_meter.v:104$1703_Y [6:0] 1'0 $auto$wreduce.cc:514:run$2323 [6:0] 1'0 $auto$wreduce.cc:514:run$2322 [6:0] 1'0 $auto$wreduce.cc:514:run$2321 [6:0] 1'0 $auto$wreduce.cc:514:run$2320 [6:0] 1'0 $auto$wreduce.cc:514:run$2319 [6:0] 1'0 $auto$wreduce.cc:514:run$2318 [6:0] 1'0 $auto$wreduce.cc:514:run$2317 [6:0] 9'001011000 $auto$wreduce.cc:514:run$2316 [6:0] 1'0 $auto$wreduce.cc:514:run$2315 [6:0] 1'0 $auto$wreduce.cc:514:run$2314 [6:0] 1'0 $auto$wreduce.cc:514:run$2313 [6:0] 1'0 $auto$wreduce.cc:514:run$2312 [6:0] 1'0 $auto$wreduce.cc:514:run$2311 [6:0] 1'0 $auto$wreduce.cc:514:run$2310 [6:0] 1'0 $auto$wreduce.cc:514:run$2309 [6:0] 9'001011000 $auto$wreduce.cc:514:run$2308 [6:0] 1'0 $auto$wreduce.cc:514:run$2307 [6:0] 1'0 $auto$wreduce.cc:514:run$2306 [6:0] 1'0 $auto$wreduce.cc:514:run$2305 [6:0] 1'0 $auto$wreduce.cc:514:run$2304 [6:0] 1'0 $auto$wreduce.cc:514:run$2303 [6:0] 1'0 $auto$wreduce.cc:514:run$2302 [6:0] $auto$wreduce.cc:514:run$2301 [6:0] 7'0101100 $auto$wreduce.cc:514:run$2300 [6:0] $auto$wreduce.cc:514:run$2299 [6:0] 2'01 }, Y={ $flatten\meter.$0\line[271:0] [271:48] $flatten\meter.$0\line[271:0] [46:40] $flatten\meter.$0\line[271:0] [38:32] $flatten\meter.$0\line[271:0] [30:24] $flatten\meter.$0\line[271:0] [22:16] $flatten\meter.$0\line[271:0] [9] $flatten\meter.$0\line[271:0] [10] }
      New ports: A={ \meter.line [263:48] \meter.line [46:40] \meter.line [38:32] \meter.line [30:24] \meter.line [22:16] 4'0001 \meter.line [10:8] 2'10 }, B={ 25'0100001000110111001011000 $flatten\meter.$ternary$bench/bench007/rtl/bench_meter.v:104$1703_Y [6:0] 1'0 $auto$wreduce.cc:514:run$2323 [6:0] 1'0 $auto$wreduce.cc:514:run$2322 [6:0] 1'0 $auto$wreduce.cc:514:run$2321 [6:0] 1'0 $auto$wreduce.cc:514:run$2320 [6:0] 1'0 $auto$wreduce.cc:514:run$2319 [6:0] 1'0 $auto$wreduce.cc:514:run$2318 [6:0] 1'0 $auto$wreduce.cc:514:run$2317 [6:0] 9'001011000 $auto$wreduce.cc:514:run$2316 [6:0] 1'0 $auto$wreduce.cc:514:run$2315 [6:0] 1'0 $auto$wreduce.cc:514:run$2314 [6:0] 1'0 $auto$wreduce.cc:514:run$2313 [6:0] 1'0 $auto$wreduce.cc:514:run$2312 [6:0] 1'0 $auto$wreduce.cc:514:run$2311 [6:0] 1'0 $auto$wreduce.cc:514:run$2310 [6:0] 1'0 $auto$wreduce.cc:514:run$2309 [6:0] 9'001011000 $auto$wreduce.cc:514:run$2308 [6:0] 1'0 $auto$wreduce.cc:514:run$2307 [6:0] 1'0 $auto$wreduce.cc:514:run$2306 [6:0] 1'0 $auto$wreduce.cc:514:run$2305 [6:0] 1'0 $auto$wreduce.cc:514:run$2304 [6:0] 1'0 $auto$wreduce.cc:514:run$2303 [6:0] $auto$wreduce.cc:514:run$2302 [6:0] $auto$wreduce.cc:514:run$2301 [6:0] 7'0101100 $auto$wreduce.cc:514:run$2300 [6:0] $auto$wreduce.cc:514:run$2299 [6:0] 2'01 }, Y={ $flatten\meter.$0\line[271:0] [271:56] $flatten\meter.$0\line[271:0] [54:48] $flatten\meter.$0\line[271:0] [46:40] $flatten\meter.$0\line[271:0] [38:32] $flatten\meter.$0\line[271:0] [30:24] $flatten\meter.$0\line[271:0] [22:16] $flatten\meter.$0\line[271:0] [9] $flatten\meter.$0\line[271:0] [10] }
      New connections: $flatten\meter.$0\line[271:0] [55] = 1'0
  Optimizing cells in module \bench007_probe_ax7203.
Performed a total of 1 changes.

3.34.45. Executing OPT_MERGE pass (detect identical cells).
Finding identical cells in module `\bench007_probe_ax7203'.
Computing hashes of 425 cells of `\bench007_probe_ax7203'.
Finding duplicate cells in `\bench007_probe_ax7203'.
Removed a total of 0 cells.

3.34.46. Executing OPT_SHARE pass.

3.34.47. Executing OPT_DFF pass (perform DFF optimizations).
Setting constant 0-bit at position 0 on $auto$ff.cc:337:slice$3234 ($sdffce) from module bench007_probe_ax7203.

3.34.48. Executing OPT_CLEAN pass (remove unused cells and wires).
Finding unused cells or wires in module \bench007_probe_ax7203..

3.34.49. Executing OPT_EXPR pass (perform const folding).
Optimizing module bench007_probe_ax7203.

3.34.50. Rerunning OPT passes. (Maybe there is more to do..)

3.34.51. Executing OPT_MUXTREE pass (detect dead branches in mux trees).
Running muxtree optimizer on module \bench007_probe_ax7203..
  Creating internal representation of mux trees.
  Evaluating internal representation of mux trees.
  Analyzing evaluation results.
Removed 0 multiplexer ports.
<suppressed ~42 debug messages>

3.34.52. Executing OPT_REDUCE pass (consolidate $*mux and $reduce_* inputs).
  Optimizing cells in module \bench007_probe_ax7203.
    Consolidated identical input bits for $mux cell $flatten\meter.$procmux$1991:
      Old ports: A={ \meter.line [263:56] 1'0 \meter.line [54:48] \meter.line [46:40] \meter.line [38:32] \meter.line [30:24] \meter.line [22:16] 4'0001 \meter.line [10:8] 2'10 }, B={ 25'0100001000110111001011000 $flatten\meter.$ternary$bench/bench007/rtl/bench_meter.v:104$1703_Y [6:0] 1'0 $auto$wreduce.cc:514:run$2323 [6:0] 1'0 $auto$wreduce.cc:514:run$2322 [6:0] 1'0 $auto$wreduce.cc:514:run$2321 [6:0] 1'0 $auto$wreduce.cc:514:run$2320 [6:0] 1'0 $auto$wreduce.cc:514:run$2319 [6:0] 1'0 $auto$wreduce.cc:514:run$2318 [6:0] 1'0 $auto$wreduce.cc:514:run$2317 [6:0] 9'001011000 $auto$wreduce.cc:514:run$2316 [6:0] 1'0 $auto$wreduce.cc:514:run$2315 [6:0] 1'0 $auto$wreduce.cc:514:run$2314 [6:0] 1'0 $auto$wreduce.cc:514:run$2313 [6:0] 1'0 $auto$wreduce.cc:514:run$2312 [6:0] 1'0 $auto$wreduce.cc:514:run$2311 [6:0] 1'0 $auto$wreduce.cc:514:run$2310 [6:0] 1'0 $auto$wreduce.cc:514:run$2309 [6:0] 9'001011000 $auto$wreduce.cc:514:run$2308 [6:0] 1'0 $auto$wreduce.cc:514:run$2307 [6:0] 1'0 $auto$wreduce.cc:514:run$2306 [6:0] 1'0 $auto$wreduce.cc:514:run$2305 [6:0] 1'0 $auto$wreduce.cc:514:run$2304 [6:0] 1'0 $auto$wreduce.cc:514:run$2303 [6:0] $auto$wreduce.cc:514:run$2302 [6:0] $auto$wreduce.cc:514:run$2301 [6:0] 7'0101100 $auto$wreduce.cc:514:run$2300 [6:0] $auto$wreduce.cc:514:run$2299 [6:0] 2'01 }, Y={ $flatten\meter.$0\line[271:0] [271:56] $flatten\meter.$0\line[271:0] [54:48] $flatten\meter.$0\line[271:0] [46:40] $flatten\meter.$0\line[271:0] [38:32] $flatten\meter.$0\line[271:0] [30:24] $flatten\meter.$0\line[271:0] [22:16] $flatten\meter.$0\line[271:0] [9] $flatten\meter.$0\line[271:0] [10] }
      New ports: A={ \meter.line [263:56] \meter.line [54:48] \meter.line [46:40] \meter.line [38:32] \meter.line [30:24] \meter.line [22:16] 4'0001 \meter.line [10:8] 2'10 }, B={ 25'0100001000110111001011000 $flatten\meter.$ternary$bench/bench007/rtl/bench_meter.v:104$1703_Y [6:0] 1'0 $auto$wreduce.cc:514:run$2323 [6:0] 1'0 $auto$wreduce.cc:514:run$2322 [6:0] 1'0 $auto$wreduce.cc:514:run$2321 [6:0] 1'0 $auto$wreduce.cc:514:run$2320 [6:0] 1'0 $auto$wreduce.cc:514:run$2319 [6:0] 1'0 $auto$wreduce.cc:514:run$2318 [6:0] 1'0 $auto$wreduce.cc:514:run$2317 [6:0] 9'001011000 $auto$wreduce.cc:514:run$2316 [6:0] 1'0 $auto$wreduce.cc:514:run$2315 [6:0] 1'0 $auto$wreduce.cc:514:run$2314 [6:0] 1'0 $auto$wreduce.cc:514:run$2313 [6:0] 1'0 $auto$wreduce.cc:514:run$2312 [6:0] 1'0 $auto$wreduce.cc:514:run$2311 [6:0] 1'0 $auto$wreduce.cc:514:run$2310 [6:0] 1'0 $auto$wreduce.cc:514:run$2309 [6:0] 9'001011000 $auto$wreduce.cc:514:run$2308 [6:0] 1'0 $auto$wreduce.cc:514:run$2307 [6:0] 1'0 $auto$wreduce.cc:514:run$2306 [6:0] 1'0 $auto$wreduce.cc:514:run$2305 [6:0] 1'0 $auto$wreduce.cc:514:run$2304 [6:0] $auto$wreduce.cc:514:run$2303 [6:0] $auto$wreduce.cc:514:run$2302 [6:0] $auto$wreduce.cc:514:run$2301 [6:0] 7'0101100 $auto$wreduce.cc:514:run$2300 [6:0] $auto$wreduce.cc:514:run$2299 [6:0] 2'01 }, Y={ $flatten\meter.$0\line[271:0] [271:64] $flatten\meter.$0\line[271:0] [62:56] $flatten\meter.$0\line[271:0] [54:48] $flatten\meter.$0\line[271:0] [46:40] $flatten\meter.$0\line[271:0] [38:32] $flatten\meter.$0\line[271:0] [30:24] $flatten\meter.$0\line[271:0] [22:16] $flatten\meter.$0\line[271:0] [9] $flatten\meter.$0\line[271:0] [10] }
      New connections: $flatten\meter.$0\line[271:0] [63] = 1'0
  Optimizing cells in module \bench007_probe_ax7203.
Performed a total of 1 changes.

3.34.53. Executing OPT_MERGE pass (detect identical cells).
Finding identical cells in module `\bench007_probe_ax7203'.
Computing hashes of 425 cells of `\bench007_probe_ax7203'.
Finding duplicate cells in `\bench007_probe_ax7203'.
Removed a total of 0 cells.

3.34.54. Executing OPT_SHARE pass.

3.34.55. Executing OPT_DFF pass (perform DFF optimizations).
Setting constant 0-bit at position 0 on $auto$ff.cc:337:slice$3235 ($sdffce) from module bench007_probe_ax7203.

3.34.56. Executing OPT_CLEAN pass (remove unused cells and wires).
Finding unused cells or wires in module \bench007_probe_ax7203..

3.34.57. Executing OPT_EXPR pass (perform const folding).
Optimizing module bench007_probe_ax7203.

3.34.58. Rerunning OPT passes. (Maybe there is more to do..)

3.34.59. Executing OPT_MUXTREE pass (detect dead branches in mux trees).
Running muxtree optimizer on module \bench007_probe_ax7203..
  Creating internal representation of mux trees.
  Evaluating internal representation of mux trees.
  Analyzing evaluation results.
Removed 0 multiplexer ports.
<suppressed ~42 debug messages>

3.34.60. Executing OPT_REDUCE pass (consolidate $*mux and $reduce_* inputs).
  Optimizing cells in module \bench007_probe_ax7203.
    Consolidated identical input bits for $mux cell $flatten\meter.$procmux$1991:
      Old ports: A={ \meter.line [263:64] 1'0 \meter.line [62:56] \meter.line [54:48] \meter.line [46:40] \meter.line [38:32] \meter.line [30:24] \meter.line [22:16] 4'0001 \meter.line [10:8] 2'10 }, B={ 25'0100001000110111001011000 $flatten\meter.$ternary$bench/bench007/rtl/bench_meter.v:104$1703_Y [6:0] 1'0 $auto$wreduce.cc:514:run$2323 [6:0] 1'0 $auto$wreduce.cc:514:run$2322 [6:0] 1'0 $auto$wreduce.cc:514:run$2321 [6:0] 1'0 $auto$wreduce.cc:514:run$2320 [6:0] 1'0 $auto$wreduce.cc:514:run$2319 [6:0] 1'0 $auto$wreduce.cc:514:run$2318 [6:0] 1'0 $auto$wreduce.cc:514:run$2317 [6:0] 9'001011000 $auto$wreduce.cc:514:run$2316 [6:0] 1'0 $auto$wreduce.cc:514:run$2315 [6:0] 1'0 $auto$wreduce.cc:514:run$2314 [6:0] 1'0 $auto$wreduce.cc:514:run$2313 [6:0] 1'0 $auto$wreduce.cc:514:run$2312 [6:0] 1'0 $auto$wreduce.cc:514:run$2311 [6:0] 1'0 $auto$wreduce.cc:514:run$2310 [6:0] 1'0 $auto$wreduce.cc:514:run$2309 [6:0] 9'001011000 $auto$wreduce.cc:514:run$2308 [6:0] 1'0 $auto$wreduce.cc:514:run$2307 [6:0] 1'0 $auto$wreduce.cc:514:run$2306 [6:0] 1'0 $auto$wreduce.cc:514:run$2305 [6:0] 1'0 $auto$wreduce.cc:514:run$2304 [6:0] $auto$wreduce.cc:514:run$2303 [6:0] $auto$wreduce.cc:514:run$2302 [6:0] $auto$wreduce.cc:514:run$2301 [6:0] 7'0101100 $auto$wreduce.cc:514:run$2300 [6:0] $auto$wreduce.cc:514:run$2299 [6:0] 2'01 }, Y={ $flatten\meter.$0\line[271:0] [271:64] $flatten\meter.$0\line[271:0] [62:56] $flatten\meter.$0\line[271:0] [54:48] $flatten\meter.$0\line[271:0] [46:40] $flatten\meter.$0\line[271:0] [38:32] $flatten\meter.$0\line[271:0] [30:24] $flatten\meter.$0\line[271:0] [22:16] $flatten\meter.$0\line[271:0] [9] $flatten\meter.$0\line[271:0] [10] }
      New ports: A={ \meter.line [263:64] \meter.line [62:56] \meter.line [54:48] \meter.line [46:40] \meter.line [38:32] \meter.line [30:24] \meter.line [22:16] 4'0001 \meter.line [10:8] 2'10 }, B={ 25'0100001000110111001011000 $flatten\meter.$ternary$bench/bench007/rtl/bench_meter.v:104$1703_Y [6:0] 1'0 $auto$wreduce.cc:514:run$2323 [6:0] 1'0 $auto$wreduce.cc:514:run$2322 [6:0] 1'0 $auto$wreduce.cc:514:run$2321 [6:0] 1'0 $auto$wreduce.cc:514:run$2320 [6:0] 1'0 $auto$wreduce.cc:514:run$2319 [6:0] 1'0 $auto$wreduce.cc:514:run$2318 [6:0] 1'0 $auto$wreduce.cc:514:run$2317 [6:0] 9'001011000 $auto$wreduce.cc:514:run$2316 [6:0] 1'0 $auto$wreduce.cc:514:run$2315 [6:0] 1'0 $auto$wreduce.cc:514:run$2314 [6:0] 1'0 $auto$wreduce.cc:514:run$2313 [6:0] 1'0 $auto$wreduce.cc:514:run$2312 [6:0] 1'0 $auto$wreduce.cc:514:run$2311 [6:0] 1'0 $auto$wreduce.cc:514:run$2310 [6:0] 1'0 $auto$wreduce.cc:514:run$2309 [6:0] 9'001011000 $auto$wreduce.cc:514:run$2308 [6:0] 1'0 $auto$wreduce.cc:514:run$2307 [6:0] 1'0 $auto$wreduce.cc:514:run$2306 [6:0] 1'0 $auto$wreduce.cc:514:run$2305 [6:0] $auto$wreduce.cc:514:run$2304 [6:0] $auto$wreduce.cc:514:run$2303 [6:0] $auto$wreduce.cc:514:run$2302 [6:0] $auto$wreduce.cc:514:run$2301 [6:0] 7'0101100 $auto$wreduce.cc:514:run$2300 [6:0] $auto$wreduce.cc:514:run$2299 [6:0] 2'01 }, Y={ $flatten\meter.$0\line[271:0] [271:72] $flatten\meter.$0\line[271:0] [70:64] $flatten\meter.$0\line[271:0] [62:56] $flatten\meter.$0\line[271:0] [54:48] $flatten\meter.$0\line[271:0] [46:40] $flatten\meter.$0\line[271:0] [38:32] $flatten\meter.$0\line[271:0] [30:24] $flatten\meter.$0\line[271:0] [22:16] $flatten\meter.$0\line[271:0] [9] $flatten\meter.$0\line[271:0] [10] }
      New connections: $flatten\meter.$0\line[271:0] [71] = 1'0
  Optimizing cells in module \bench007_probe_ax7203.
Performed a total of 1 changes.

3.34.61. Executing OPT_MERGE pass (detect identical cells).
Finding identical cells in module `\bench007_probe_ax7203'.
Computing hashes of 425 cells of `\bench007_probe_ax7203'.
Finding duplicate cells in `\bench007_probe_ax7203'.
Removed a total of 0 cells.

3.34.62. Executing OPT_SHARE pass.

3.34.63. Executing OPT_DFF pass (perform DFF optimizations).
Setting constant 0-bit at position 0 on $auto$ff.cc:337:slice$3236 ($sdffce) from module bench007_probe_ax7203.

3.34.64. Executing OPT_CLEAN pass (remove unused cells and wires).
Finding unused cells or wires in module \bench007_probe_ax7203..

3.34.65. Executing OPT_EXPR pass (perform const folding).
Optimizing module bench007_probe_ax7203.

3.34.66. Rerunning OPT passes. (Maybe there is more to do..)

3.34.67. Executing OPT_MUXTREE pass (detect dead branches in mux trees).
Running muxtree optimizer on module \bench007_probe_ax7203..
  Creating internal representation of mux trees.
  Evaluating internal representation of mux trees.
  Analyzing evaluation results.
Removed 0 multiplexer ports.
<suppressed ~42 debug messages>

3.34.68. Executing OPT_REDUCE pass (consolidate $*mux and $reduce_* inputs).
  Optimizing cells in module \bench007_probe_ax7203.
    Consolidated identical input bits for $mux cell $flatten\meter.$procmux$1991:
      Old ports: A={ \meter.line [263:72] 1'0 \meter.line [70:64] \meter.line [62:56] \meter.line [54:48] \meter.line [46:40] \meter.line [38:32] \meter.line [30:24] \meter.line [22:16] 4'0001 \meter.line [10:8] 2'10 }, B={ 25'0100001000110111001011000 $flatten\meter.$ternary$bench/bench007/rtl/bench_meter.v:104$1703_Y [6:0] 1'0 $auto$wreduce.cc:514:run$2323 [6:0] 1'0 $auto$wreduce.cc:514:run$2322 [6:0] 1'0 $auto$wreduce.cc:514:run$2321 [6:0] 1'0 $auto$wreduce.cc:514:run$2320 [6:0] 1'0 $auto$wreduce.cc:514:run$2319 [6:0] 1'0 $auto$wreduce.cc:514:run$2318 [6:0] 1'0 $auto$wreduce.cc:514:run$2317 [6:0] 9'001011000 $auto$wreduce.cc:514:run$2316 [6:0] 1'0 $auto$wreduce.cc:514:run$2315 [6:0] 1'0 $auto$wreduce.cc:514:run$2314 [6:0] 1'0 $auto$wreduce.cc:514:run$2313 [6:0] 1'0 $auto$wreduce.cc:514:run$2312 [6:0] 1'0 $auto$wreduce.cc:514:run$2311 [6:0] 1'0 $auto$wreduce.cc:514:run$2310 [6:0] 1'0 $auto$wreduce.cc:514:run$2309 [6:0] 9'001011000 $auto$wreduce.cc:514:run$2308 [6:0] 1'0 $auto$wreduce.cc:514:run$2307 [6:0] 1'0 $auto$wreduce.cc:514:run$2306 [6:0] 1'0 $auto$wreduce.cc:514:run$2305 [6:0] $auto$wreduce.cc:514:run$2304 [6:0] $auto$wreduce.cc:514:run$2303 [6:0] $auto$wreduce.cc:514:run$2302 [6:0] $auto$wreduce.cc:514:run$2301 [6:0] 7'0101100 $auto$wreduce.cc:514:run$2300 [6:0] $auto$wreduce.cc:514:run$2299 [6:0] 2'01 }, Y={ $flatten\meter.$0\line[271:0] [271:72] $flatten\meter.$0\line[271:0] [70:64] $flatten\meter.$0\line[271:0] [62:56] $flatten\meter.$0\line[271:0] [54:48] $flatten\meter.$0\line[271:0] [46:40] $flatten\meter.$0\line[271:0] [38:32] $flatten\meter.$0\line[271:0] [30:24] $flatten\meter.$0\line[271:0] [22:16] $flatten\meter.$0\line[271:0] [9] $flatten\meter.$0\line[271:0] [10] }
      New ports: A={ \meter.line [263:72] \meter.line [70:64] \meter.line [62:56] \meter.line [54:48] \meter.line [46:40] \meter.line [38:32] \meter.line [30:24] \meter.line [22:16] 4'0001 \meter.line [10:8] 2'10 }, B={ 25'0100001000110111001011000 $flatten\meter.$ternary$bench/bench007/rtl/bench_meter.v:104$1703_Y [6:0] 1'0 $auto$wreduce.cc:514:run$2323 [6:0] 1'0 $auto$wreduce.cc:514:run$2322 [6:0] 1'0 $auto$wreduce.cc:514:run$2321 [6:0] 1'0 $auto$wreduce.cc:514:run$2320 [6:0] 1'0 $auto$wreduce.cc:514:run$2319 [6:0] 1'0 $auto$wreduce.cc:514:run$2318 [6:0] 1'0 $auto$wreduce.cc:514:run$2317 [6:0] 9'001011000 $auto$wreduce.cc:514:run$2316 [6:0] 1'0 $auto$wreduce.cc:514:run$2315 [6:0] 1'0 $auto$wreduce.cc:514:run$2314 [6:0] 1'0 $auto$wreduce.cc:514:run$2313 [6:0] 1'0 $auto$wreduce.cc:514:run$2312 [6:0] 1'0 $auto$wreduce.cc:514:run$2311 [6:0] 1'0 $auto$wreduce.cc:514:run$2310 [6:0] 1'0 $auto$wreduce.cc:514:run$2309 [6:0] 9'001011000 $auto$wreduce.cc:514:run$2308 [6:0] 1'0 $auto$wreduce.cc:514:run$2307 [6:0] 1'0 $auto$wreduce.cc:514:run$2306 [6:0] $auto$wreduce.cc:514:run$2305 [6:0] $auto$wreduce.cc:514:run$2304 [6:0] $auto$wreduce.cc:514:run$2303 [6:0] $auto$wreduce.cc:514:run$2302 [6:0] $auto$wreduce.cc:514:run$2301 [6:0] 7'0101100 $auto$wreduce.cc:514:run$2300 [6:0] $auto$wreduce.cc:514:run$2299 [6:0] 2'01 }, Y={ $flatten\meter.$0\line[271:0] [271:80] $flatten\meter.$0\line[271:0] [78:72] $flatten\meter.$0\line[271:0] [70:64] $flatten\meter.$0\line[271:0] [62:56] $flatten\meter.$0\line[271:0] [54:48] $flatten\meter.$0\line[271:0] [46:40] $flatten\meter.$0\line[271:0] [38:32] $flatten\meter.$0\line[271:0] [30:24] $flatten\meter.$0\line[271:0] [22:16] $flatten\meter.$0\line[271:0] [9] $flatten\meter.$0\line[271:0] [10] }
      New connections: $flatten\meter.$0\line[271:0] [79] = 1'0
  Optimizing cells in module \bench007_probe_ax7203.
Performed a total of 1 changes.

3.34.69. Executing OPT_MERGE pass (detect identical cells).
Finding identical cells in module `\bench007_probe_ax7203'.
Computing hashes of 425 cells of `\bench007_probe_ax7203'.
Finding duplicate cells in `\bench007_probe_ax7203'.
Removed a total of 0 cells.

3.34.70. Executing OPT_SHARE pass.

3.34.71. Executing OPT_DFF pass (perform DFF optimizations).
Setting constant 0-bit at position 0 on $auto$ff.cc:337:slice$3237 ($sdffce) from module bench007_probe_ax7203.

3.34.72. Executing OPT_CLEAN pass (remove unused cells and wires).
Finding unused cells or wires in module \bench007_probe_ax7203..

3.34.73. Executing OPT_EXPR pass (perform const folding).
Optimizing module bench007_probe_ax7203.

3.34.74. Rerunning OPT passes. (Maybe there is more to do..)

3.34.75. Executing OPT_MUXTREE pass (detect dead branches in mux trees).
Running muxtree optimizer on module \bench007_probe_ax7203..
  Creating internal representation of mux trees.
  Evaluating internal representation of mux trees.
  Analyzing evaluation results.
Removed 0 multiplexer ports.
<suppressed ~42 debug messages>

3.34.76. Executing OPT_REDUCE pass (consolidate $*mux and $reduce_* inputs).
  Optimizing cells in module \bench007_probe_ax7203.
    Consolidated identical input bits for $mux cell $flatten\meter.$procmux$1991:
      Old ports: A={ \meter.line [263:80] 1'0 \meter.line [78:72] \meter.line [70:64] \meter.line [62:56] \meter.line [54:48] \meter.line [46:40] \meter.line [38:32] \meter.line [30:24] \meter.line [22:16] 4'0001 \meter.line [10:8] 2'10 }, B={ 25'0100001000110111001011000 $flatten\meter.$ternary$bench/bench007/rtl/bench_meter.v:104$1703_Y [6:0] 1'0 $auto$wreduce.cc:514:run$2323 [6:0] 1'0 $auto$wreduce.cc:514:run$2322 [6:0] 1'0 $auto$wreduce.cc:514:run$2321 [6:0] 1'0 $auto$wreduce.cc:514:run$2320 [6:0] 1'0 $auto$wreduce.cc:514:run$2319 [6:0] 1'0 $auto$wreduce.cc:514:run$2318 [6:0] 1'0 $auto$wreduce.cc:514:run$2317 [6:0] 9'001011000 $auto$wreduce.cc:514:run$2316 [6:0] 1'0 $auto$wreduce.cc:514:run$2315 [6:0] 1'0 $auto$wreduce.cc:514:run$2314 [6:0] 1'0 $auto$wreduce.cc:514:run$2313 [6:0] 1'0 $auto$wreduce.cc:514:run$2312 [6:0] 1'0 $auto$wreduce.cc:514:run$2311 [6:0] 1'0 $auto$wreduce.cc:514:run$2310 [6:0] 1'0 $auto$wreduce.cc:514:run$2309 [6:0] 9'001011000 $auto$wreduce.cc:514:run$2308 [6:0] 1'0 $auto$wreduce.cc:514:run$2307 [6:0] 1'0 $auto$wreduce.cc:514:run$2306 [6:0] $auto$wreduce.cc:514:run$2305 [6:0] $auto$wreduce.cc:514:run$2304 [6:0] $auto$wreduce.cc:514:run$2303 [6:0] $auto$wreduce.cc:514:run$2302 [6:0] $auto$wreduce.cc:514:run$2301 [6:0] 7'0101100 $auto$wreduce.cc:514:run$2300 [6:0] $auto$wreduce.cc:514:run$2299 [6:0] 2'01 }, Y={ $flatten\meter.$0\line[271:0] [271:80] $flatten\meter.$0\line[271:0] [78:72] $flatten\meter.$0\line[271:0] [70:64] $flatten\meter.$0\line[271:0] [62:56] $flatten\meter.$0\line[271:0] [54:48] $flatten\meter.$0\line[271:0] [46:40] $flatten\meter.$0\line[271:0] [38:32] $flatten\meter.$0\line[271:0] [30:24] $flatten\meter.$0\line[271:0] [22:16] $flatten\meter.$0\line[271:0] [9] $flatten\meter.$0\line[271:0] [10] }
      New ports: A={ \meter.line [263:80] \meter.line [78:72] \meter.line [70:64] \meter.line [62:56] \meter.line [54:48] \meter.line [46:40] \meter.line [38:32] \meter.line [30:24] \meter.line [22:16] 4'0001 \meter.line [10:8] 2'10 }, B={ 25'0100001000110111001011000 $flatten\meter.$ternary$bench/bench007/rtl/bench_meter.v:104$1703_Y [6:0] 1'0 $auto$wreduce.cc:514:run$2323 [6:0] 1'0 $auto$wreduce.cc:514:run$2322 [6:0] 1'0 $auto$wreduce.cc:514:run$2321 [6:0] 1'0 $auto$wreduce.cc:514:run$2320 [6:0] 1'0 $auto$wreduce.cc:514:run$2319 [6:0] 1'0 $auto$wreduce.cc:514:run$2318 [6:0] 1'0 $auto$wreduce.cc:514:run$2317 [6:0] 9'001011000 $auto$wreduce.cc:514:run$2316 [6:0] 1'0 $auto$wreduce.cc:514:run$2315 [6:0] 1'0 $auto$wreduce.cc:514:run$2314 [6:0] 1'0 $auto$wreduce.cc:514:run$2313 [6:0] 1'0 $auto$wreduce.cc:514:run$2312 [6:0] 1'0 $auto$wreduce.cc:514:run$2311 [6:0] 1'0 $auto$wreduce.cc:514:run$2310 [6:0] 1'0 $auto$wreduce.cc:514:run$2309 [6:0] 9'001011000 $auto$wreduce.cc:514:run$2308 [6:0] 1'0 $auto$wreduce.cc:514:run$2307 [6:0] $auto$wreduce.cc:514:run$2306 [6:0] $auto$wreduce.cc:514:run$2305 [6:0] $auto$wreduce.cc:514:run$2304 [6:0] $auto$wreduce.cc:514:run$2303 [6:0] $auto$wreduce.cc:514:run$2302 [6:0] $auto$wreduce.cc:514:run$2301 [6:0] 7'0101100 $auto$wreduce.cc:514:run$2300 [6:0] $auto$wreduce.cc:514:run$2299 [6:0] 2'01 }, Y={ $flatten\meter.$0\line[271:0] [271:88] $flatten\meter.$0\line[271:0] [86:80] $flatten\meter.$0\line[271:0] [78:72] $flatten\meter.$0\line[271:0] [70:64] $flatten\meter.$0\line[271:0] [62:56] $flatten\meter.$0\line[271:0] [54:48] $flatten\meter.$0\line[271:0] [46:40] $flatten\meter.$0\line[271:0] [38:32] $flatten\meter.$0\line[271:0] [30:24] $flatten\meter.$0\line[271:0] [22:16] $flatten\meter.$0\line[271:0] [9] $flatten\meter.$0\line[271:0] [10] }
      New connections: $flatten\meter.$0\line[271:0] [87] = 1'0
  Optimizing cells in module \bench007_probe_ax7203.
Performed a total of 1 changes.

3.34.77. Executing OPT_MERGE pass (detect identical cells).
Finding identical cells in module `\bench007_probe_ax7203'.
Computing hashes of 425 cells of `\bench007_probe_ax7203'.
Finding duplicate cells in `\bench007_probe_ax7203'.
Removed a total of 0 cells.

3.34.78. Executing OPT_SHARE pass.

3.34.79. Executing OPT_DFF pass (perform DFF optimizations).
Setting constant 0-bit at position 0 on $auto$ff.cc:337:slice$3238 ($sdffce) from module bench007_probe_ax7203.

3.34.80. Executing OPT_CLEAN pass (remove unused cells and wires).
Finding unused cells or wires in module \bench007_probe_ax7203..

3.34.81. Executing OPT_EXPR pass (perform const folding).
Optimizing module bench007_probe_ax7203.

3.34.82. Rerunning OPT passes. (Maybe there is more to do..)

3.34.83. Executing OPT_MUXTREE pass (detect dead branches in mux trees).
Running muxtree optimizer on module \bench007_probe_ax7203..
  Creating internal representation of mux trees.
  Evaluating internal representation of mux trees.
  Analyzing evaluation results.
Removed 0 multiplexer ports.
<suppressed ~42 debug messages>

3.34.84. Executing OPT_REDUCE pass (consolidate $*mux and $reduce_* inputs).
  Optimizing cells in module \bench007_probe_ax7203.
    Consolidated identical input bits for $mux cell $flatten\meter.$procmux$1991:
      Old ports: A={ \meter.line [263:88] 1'0 \meter.line [86:80] \meter.line [78:72] \meter.line [70:64] \meter.line [62:56] \meter.line [54:48] \meter.line [46:40] \meter.line [38:32] \meter.line [30:24] \meter.line [22:16] 4'0001 \meter.line [10:8] 2'10 }, B={ 25'0100001000110111001011000 $flatten\meter.$ternary$bench/bench007/rtl/bench_meter.v:104$1703_Y [6:0] 1'0 $auto$wreduce.cc:514:run$2323 [6:0] 1'0 $auto$wreduce.cc:514:run$2322 [6:0] 1'0 $auto$wreduce.cc:514:run$2321 [6:0] 1'0 $auto$wreduce.cc:514:run$2320 [6:0] 1'0 $auto$wreduce.cc:514:run$2319 [6:0] 1'0 $auto$wreduce.cc:514:run$2318 [6:0] 1'0 $auto$wreduce.cc:514:run$2317 [6:0] 9'001011000 $auto$wreduce.cc:514:run$2316 [6:0] 1'0 $auto$wreduce.cc:514:run$2315 [6:0] 1'0 $auto$wreduce.cc:514:run$2314 [6:0] 1'0 $auto$wreduce.cc:514:run$2313 [6:0] 1'0 $auto$wreduce.cc:514:run$2312 [6:0] 1'0 $auto$wreduce.cc:514:run$2311 [6:0] 1'0 $auto$wreduce.cc:514:run$2310 [6:0] 1'0 $auto$wreduce.cc:514:run$2309 [6:0] 9'001011000 $auto$wreduce.cc:514:run$2308 [6:0] 1'0 $auto$wreduce.cc:514:run$2307 [6:0] $auto$wreduce.cc:514:run$2306 [6:0] $auto$wreduce.cc:514:run$2305 [6:0] $auto$wreduce.cc:514:run$2304 [6:0] $auto$wreduce.cc:514:run$2303 [6:0] $auto$wreduce.cc:514:run$2302 [6:0] $auto$wreduce.cc:514:run$2301 [6:0] 7'0101100 $auto$wreduce.cc:514:run$2300 [6:0] $auto$wreduce.cc:514:run$2299 [6:0] 2'01 }, Y={ $flatten\meter.$0\line[271:0] [271:88] $flatten\meter.$0\line[271:0] [86:80] $flatten\meter.$0\line[271:0] [78:72] $flatten\meter.$0\line[271:0] [70:64] $flatten\meter.$0\line[271:0] [62:56] $flatten\meter.$0\line[271:0] [54:48] $flatten\meter.$0\line[271:0] [46:40] $flatten\meter.$0\line[271:0] [38:32] $flatten\meter.$0\line[271:0] [30:24] $flatten\meter.$0\line[271:0] [22:16] $flatten\meter.$0\line[271:0] [9] $flatten\meter.$0\line[271:0] [10] }
      New ports: A={ \meter.line [263:88] \meter.line [86:80] \meter.line [78:72] \meter.line [70:64] \meter.line [62:56] \meter.line [54:48] \meter.line [46:40] \meter.line [38:32] \meter.line [30:24] \meter.line [22:16] 4'0001 \meter.line [10:8] 2'10 }, B={ 25'0100001000110111001011000 $flatten\meter.$ternary$bench/bench007/rtl/bench_meter.v:104$1703_Y [6:0] 1'0 $auto$wreduce.cc:514:run$2323 [6:0] 1'0 $auto$wreduce.cc:514:run$2322 [6:0] 1'0 $auto$wreduce.cc:514:run$2321 [6:0] 1'0 $auto$wreduce.cc:514:run$2320 [6:0] 1'0 $auto$wreduce.cc:514:run$2319 [6:0] 1'0 $auto$wreduce.cc:514:run$2318 [6:0] 1'0 $auto$wreduce.cc:514:run$2317 [6:0] 9'001011000 $auto$wreduce.cc:514:run$2316 [6:0] 1'0 $auto$wreduce.cc:514:run$2315 [6:0] 1'0 $auto$wreduce.cc:514:run$2314 [6:0] 1'0 $auto$wreduce.cc:514:run$2313 [6:0] 1'0 $auto$wreduce.cc:514:run$2312 [6:0] 1'0 $auto$wreduce.cc:514:run$2311 [6:0] 1'0 $auto$wreduce.cc:514:run$2310 [6:0] 1'0 $auto$wreduce.cc:514:run$2309 [6:0] 9'001011000 $auto$wreduce.cc:514:run$2308 [6:0] $auto$wreduce.cc:514:run$2307 [6:0] $auto$wreduce.cc:514:run$2306 [6:0] $auto$wreduce.cc:514:run$2305 [6:0] $auto$wreduce.cc:514:run$2304 [6:0] $auto$wreduce.cc:514:run$2303 [6:0] $auto$wreduce.cc:514:run$2302 [6:0] $auto$wreduce.cc:514:run$2301 [6:0] 7'0101100 $auto$wreduce.cc:514:run$2300 [6:0] $auto$wreduce.cc:514:run$2299 [6:0] 2'01 }, Y={ $flatten\meter.$0\line[271:0] [271:96] $flatten\meter.$0\line[271:0] [94:88] $flatten\meter.$0\line[271:0] [86:80] $flatten\meter.$0\line[271:0] [78:72] $flatten\meter.$0\line[271:0] [70:64] $flatten\meter.$0\line[271:0] [62:56] $flatten\meter.$0\line[271:0] [54:48] $flatten\meter.$0\line[271:0] [46:40] $flatten\meter.$0\line[271:0] [38:32] $flatten\meter.$0\line[271:0] [30:24] $flatten\meter.$0\line[271:0] [22:16] $flatten\meter.$0\line[271:0] [9] $flatten\meter.$0\line[271:0] [10] }
      New connections: $flatten\meter.$0\line[271:0] [95] = 1'0
  Optimizing cells in module \bench007_probe_ax7203.
Performed a total of 1 changes.

3.34.85. Executing OPT_MERGE pass (detect identical cells).
Finding identical cells in module `\bench007_probe_ax7203'.
Computing hashes of 425 cells of `\bench007_probe_ax7203'.
Finding duplicate cells in `\bench007_probe_ax7203'.
Removed a total of 0 cells.

3.34.86. Executing OPT_SHARE pass.

3.34.87. Executing OPT_DFF pass (perform DFF optimizations).
Setting constant 0-bit at position 0 on $auto$ff.cc:337:slice$3239 ($sdffce) from module bench007_probe_ax7203.

3.34.88. Executing OPT_CLEAN pass (remove unused cells and wires).
Finding unused cells or wires in module \bench007_probe_ax7203..

3.34.89. Executing OPT_EXPR pass (perform const folding).
Optimizing module bench007_probe_ax7203.

3.34.90. Rerunning OPT passes. (Maybe there is more to do..)

3.34.91. Executing OPT_MUXTREE pass (detect dead branches in mux trees).
Running muxtree optimizer on module \bench007_probe_ax7203..
  Creating internal representation of mux trees.
  Evaluating internal representation of mux trees.
  Analyzing evaluation results.
Removed 0 multiplexer ports.
<suppressed ~42 debug messages>

3.34.92. Executing OPT_REDUCE pass (consolidate $*mux and $reduce_* inputs).
  Optimizing cells in module \bench007_probe_ax7203.
    Consolidated identical input bits for $mux cell $flatten\meter.$procmux$1991:
      Old ports: A={ \meter.line [263:96] 1'0 \meter.line [94:88] \meter.line [86:80] \meter.line [78:72] \meter.line [70:64] \meter.line [62:56] \meter.line [54:48] \meter.line [46:40] \meter.line [38:32] \meter.line [30:24] \meter.line [22:16] 4'0001 \meter.line [10:8] 2'10 }, B={ 25'0100001000110111001011000 $flatten\meter.$ternary$bench/bench007/rtl/bench_meter.v:104$1703_Y [6:0] 1'0 $auto$wreduce.cc:514:run$2323 [6:0] 1'0 $auto$wreduce.cc:514:run$2322 [6:0] 1'0 $auto$wreduce.cc:514:run$2321 [6:0] 1'0 $auto$wreduce.cc:514:run$2320 [6:0] 1'0 $auto$wreduce.cc:514:run$2319 [6:0] 1'0 $auto$wreduce.cc:514:run$2318 [6:0] 1'0 $auto$wreduce.cc:514:run$2317 [6:0] 9'001011000 $auto$wreduce.cc:514:run$2316 [6:0] 1'0 $auto$wreduce.cc:514:run$2315 [6:0] 1'0 $auto$wreduce.cc:514:run$2314 [6:0] 1'0 $auto$wreduce.cc:514:run$2313 [6:0] 1'0 $auto$wreduce.cc:514:run$2312 [6:0] 1'0 $auto$wreduce.cc:514:run$2311 [6:0] 1'0 $auto$wreduce.cc:514:run$2310 [6:0] 1'0 $auto$wreduce.cc:514:run$2309 [6:0] 9'001011000 $auto$wreduce.cc:514:run$2308 [6:0] $auto$wreduce.cc:514:run$2307 [6:0] $auto$wreduce.cc:514:run$2306 [6:0] $auto$wreduce.cc:514:run$2305 [6:0] $auto$wreduce.cc:514:run$2304 [6:0] $auto$wreduce.cc:514:run$2303 [6:0] $auto$wreduce.cc:514:run$2302 [6:0] $auto$wreduce.cc:514:run$2301 [6:0] 7'0101100 $auto$wreduce.cc:514:run$2300 [6:0] $auto$wreduce.cc:514:run$2299 [6:0] 2'01 }, Y={ $flatten\meter.$0\line[271:0] [271:96] $flatten\meter.$0\line[271:0] [94:88] $flatten\meter.$0\line[271:0] [86:80] $flatten\meter.$0\line[271:0] [78:72] $flatten\meter.$0\line[271:0] [70:64] $flatten\meter.$0\line[271:0] [62:56] $flatten\meter.$0\line[271:0] [54:48] $flatten\meter.$0\line[271:0] [46:40] $flatten\meter.$0\line[271:0] [38:32] $flatten\meter.$0\line[271:0] [30:24] $flatten\meter.$0\line[271:0] [22:16] $flatten\meter.$0\line[271:0] [9] $flatten\meter.$0\line[271:0] [10] }
      New ports: A={ \meter.line [263:96] \meter.line [94:88] \meter.line [86:80] \meter.line [78:72] \meter.line [70:64] \meter.line [62:56] \meter.line [54:48] \meter.line [46:40] \meter.line [38:32] \meter.line [30:24] \meter.line [22:16] 4'0001 \meter.line [10:8] 2'10 }, B={ 25'0100001000110111001011000 $flatten\meter.$ternary$bench/bench007/rtl/bench_meter.v:104$1703_Y [6:0] 1'0 $auto$wreduce.cc:514:run$2323 [6:0] 1'0 $auto$wreduce.cc:514:run$2322 [6:0] 1'0 $auto$wreduce.cc:514:run$2321 [6:0] 1'0 $auto$wreduce.cc:514:run$2320 [6:0] 1'0 $auto$wreduce.cc:514:run$2319 [6:0] 1'0 $auto$wreduce.cc:514:run$2318 [6:0] 1'0 $auto$wreduce.cc:514:run$2317 [6:0] 9'001011000 $auto$wreduce.cc:514:run$2316 [6:0] 1'0 $auto$wreduce.cc:514:run$2315 [6:0] 1'0 $auto$wreduce.cc:514:run$2314 [6:0] 1'0 $auto$wreduce.cc:514:run$2313 [6:0] 1'0 $auto$wreduce.cc:514:run$2312 [6:0] 1'0 $auto$wreduce.cc:514:run$2311 [6:0] 1'0 $auto$wreduce.cc:514:run$2310 [6:0] 1'0 $auto$wreduce.cc:514:run$2309 [6:0] 8'00101100 $auto$wreduce.cc:514:run$2308 [6:0] $auto$wreduce.cc:514:run$2307 [6:0] $auto$wreduce.cc:514:run$2306 [6:0] $auto$wreduce.cc:514:run$2305 [6:0] $auto$wreduce.cc:514:run$2304 [6:0] $auto$wreduce.cc:514:run$2303 [6:0] $auto$wreduce.cc:514:run$2302 [6:0] $auto$wreduce.cc:514:run$2301 [6:0] 7'0101100 $auto$wreduce.cc:514:run$2300 [6:0] $auto$wreduce.cc:514:run$2299 [6:0] 2'01 }, Y={ $flatten\meter.$0\line[271:0] [271:104] $flatten\meter.$0\line[271:0] [102:96] $flatten\meter.$0\line[271:0] [94:88] $flatten\meter.$0\line[271:0] [86:80] $flatten\meter.$0\line[271:0] [78:72] $flatten\meter.$0\line[271:0] [70:64] $flatten\meter.$0\line[271:0] [62:56] $flatten\meter.$0\line[271:0] [54:48] $flatten\meter.$0\line[271:0] [46:40] $flatten\meter.$0\line[271:0] [38:32] $flatten\meter.$0\line[271:0] [30:24] $flatten\meter.$0\line[271:0] [22:16] $flatten\meter.$0\line[271:0] [9] $flatten\meter.$0\line[271:0] [10] }
      New connections: $flatten\meter.$0\line[271:0] [103] = 1'0
  Optimizing cells in module \bench007_probe_ax7203.
Performed a total of 1 changes.

3.34.93. Executing OPT_MERGE pass (detect identical cells).
Finding identical cells in module `\bench007_probe_ax7203'.
Computing hashes of 425 cells of `\bench007_probe_ax7203'.
Finding duplicate cells in `\bench007_probe_ax7203'.
Removed a total of 0 cells.

3.34.94. Executing OPT_SHARE pass.

3.34.95. Executing OPT_DFF pass (perform DFF optimizations).
Setting constant 0-bit at position 0 on $auto$ff.cc:337:slice$3240 ($sdffce) from module bench007_probe_ax7203.

3.34.96. Executing OPT_CLEAN pass (remove unused cells and wires).
Finding unused cells or wires in module \bench007_probe_ax7203..

3.34.97. Executing OPT_EXPR pass (perform const folding).
Optimizing module bench007_probe_ax7203.

3.34.98. Rerunning OPT passes. (Maybe there is more to do..)

3.34.99. Executing OPT_MUXTREE pass (detect dead branches in mux trees).
Running muxtree optimizer on module \bench007_probe_ax7203..
  Creating internal representation of mux trees.
  Evaluating internal representation of mux trees.
  Analyzing evaluation results.
Removed 0 multiplexer ports.
<suppressed ~42 debug messages>

3.34.100. Executing OPT_REDUCE pass (consolidate $*mux and $reduce_* inputs).
  Optimizing cells in module \bench007_probe_ax7203.
    Consolidated identical input bits for $mux cell $flatten\meter.$procmux$1991:
      Old ports: A={ \meter.line [263:104] 1'0 \meter.line [102:96] \meter.line [94:88] \meter.line [86:80] \meter.line [78:72] \meter.line [70:64] \meter.line [62:56] \meter.line [54:48] \meter.line [46:40] \meter.line [38:32] \meter.line [30:24] \meter.line [22:16] 4'0001 \meter.line [10:8] 2'10 }, B={ 25'0100001000110111001011000 $flatten\meter.$ternary$bench/bench007/rtl/bench_meter.v:104$1703_Y [6:0] 1'0 $auto$wreduce.cc:514:run$2323 [6:0] 1'0 $auto$wreduce.cc:514:run$2322 [6:0] 1'0 $auto$wreduce.cc:514:run$2321 [6:0] 1'0 $auto$wreduce.cc:514:run$2320 [6:0] 1'0 $auto$wreduce.cc:514:run$2319 [6:0] 1'0 $auto$wreduce.cc:514:run$2318 [6:0] 1'0 $auto$wreduce.cc:514:run$2317 [6:0] 9'001011000 $auto$wreduce.cc:514:run$2316 [6:0] 1'0 $auto$wreduce.cc:514:run$2315 [6:0] 1'0 $auto$wreduce.cc:514:run$2314 [6:0] 1'0 $auto$wreduce.cc:514:run$2313 [6:0] 1'0 $auto$wreduce.cc:514:run$2312 [6:0] 1'0 $auto$wreduce.cc:514:run$2311 [6:0] 1'0 $auto$wreduce.cc:514:run$2310 [6:0] 1'0 $auto$wreduce.cc:514:run$2309 [6:0] 8'00101100 $auto$wreduce.cc:514:run$2308 [6:0] $auto$wreduce.cc:514:run$2307 [6:0] $auto$wreduce.cc:514:run$2306 [6:0] $auto$wreduce.cc:514:run$2305 [6:0] $auto$wreduce.cc:514:run$2304 [6:0] $auto$wreduce.cc:514:run$2303 [6:0] $auto$wreduce.cc:514:run$2302 [6:0] $auto$wreduce.cc:514:run$2301 [6:0] 7'0101100 $auto$wreduce.cc:514:run$2300 [6:0] $auto$wreduce.cc:514:run$2299 [6:0] 2'01 }, Y={ $flatten\meter.$0\line[271:0] [271:104] $flatten\meter.$0\line[271:0] [102:96] $flatten\meter.$0\line[271:0] [94:88] $flatten\meter.$0\line[271:0] [86:80] $flatten\meter.$0\line[271:0] [78:72] $flatten\meter.$0\line[271:0] [70:64] $flatten\meter.$0\line[271:0] [62:56] $flatten\meter.$0\line[271:0] [54:48] $flatten\meter.$0\line[271:0] [46:40] $flatten\meter.$0\line[271:0] [38:32] $flatten\meter.$0\line[271:0] [30:24] $flatten\meter.$0\line[271:0] [22:16] $flatten\meter.$0\line[271:0] [9] $flatten\meter.$0\line[271:0] [10] }
      New ports: A={ \meter.line [263:104] \meter.line [102:96] \meter.line [94:88] \meter.line [86:80] \meter.line [78:72] \meter.line [70:64] \meter.line [62:56] \meter.line [54:48] \meter.line [46:40] \meter.line [38:32] \meter.line [30:24] \meter.line [22:16] 4'0001 \meter.line [10:8] 2'10 }, B={ 25'0100001000110111001011000 $flatten\meter.$ternary$bench/bench007/rtl/bench_meter.v:104$1703_Y [6:0] 1'0 $auto$wreduce.cc:514:run$2323 [6:0] 1'0 $auto$wreduce.cc:514:run$2322 [6:0] 1'0 $auto$wreduce.cc:514:run$2321 [6:0] 1'0 $auto$wreduce.cc:514:run$2320 [6:0] 1'0 $auto$wreduce.cc:514:run$2319 [6:0] 1'0 $auto$wreduce.cc:514:run$2318 [6:0] 1'0 $auto$wreduce.cc:514:run$2317 [6:0] 9'001011000 $auto$wreduce.cc:514:run$2316 [6:0] 1'0 $auto$wreduce.cc:514:run$2315 [6:0] 1'0 $auto$wreduce.cc:514:run$2314 [6:0] 1'0 $auto$wreduce.cc:514:run$2313 [6:0] 1'0 $auto$wreduce.cc:514:run$2312 [6:0] 1'0 $auto$wreduce.cc:514:run$2311 [6:0] 1'0 $auto$wreduce.cc:514:run$2310 [6:0] 1'0 $auto$wreduce.cc:514:run$2309 [6:0] 7'0101100 $auto$wreduce.cc:514:run$2308 [6:0] $auto$wreduce.cc:514:run$2307 [6:0] $auto$wreduce.cc:514:run$2306 [6:0] $auto$wreduce.cc:514:run$2305 [6:0] $auto$wreduce.cc:514:run$2304 [6:0] $auto$wreduce.cc:514:run$2303 [6:0] $auto$wreduce.cc:514:run$2302 [6:0] $auto$wreduce.cc:514:run$2301 [6:0] 7'0101100 $auto$wreduce.cc:514:run$2300 [6:0] $auto$wreduce.cc:514:run$2299 [6:0] 2'01 }, Y={ $flatten\meter.$0\line[271:0] [271:112] $flatten\meter.$0\line[271:0] [110:104] $flatten\meter.$0\line[271:0] [102:96] $flatten\meter.$0\line[271:0] [94:88] $flatten\meter.$0\line[271:0] [86:80] $flatten\meter.$0\line[271:0] [78:72] $flatten\meter.$0\line[271:0] [70:64] $flatten\meter.$0\line[271:0] [62:56] $flatten\meter.$0\line[271:0] [54:48] $flatten\meter.$0\line[271:0] [46:40] $flatten\meter.$0\line[271:0] [38:32] $flatten\meter.$0\line[271:0] [30:24] $flatten\meter.$0\line[271:0] [22:16] $flatten\meter.$0\line[271:0] [9] $flatten\meter.$0\line[271:0] [10] }
      New connections: $flatten\meter.$0\line[271:0] [111] = 1'0
  Optimizing cells in module \bench007_probe_ax7203.
Performed a total of 1 changes.

3.34.101. Executing OPT_MERGE pass (detect identical cells).
Finding identical cells in module `\bench007_probe_ax7203'.
Computing hashes of 425 cells of `\bench007_probe_ax7203'.
Finding duplicate cells in `\bench007_probe_ax7203'.
Removed a total of 0 cells.

3.34.102. Executing OPT_SHARE pass.

3.34.103. Executing OPT_DFF pass (perform DFF optimizations).
Setting constant 0-bit at position 17 on $auto$ff.cc:337:slice$3233 ($sdffce) from module bench007_probe_ax7203.

3.34.104. Executing OPT_CLEAN pass (remove unused cells and wires).
Finding unused cells or wires in module \bench007_probe_ax7203..

3.34.105. Executing OPT_EXPR pass (perform const folding).
Optimizing module bench007_probe_ax7203.

3.34.106. Rerunning OPT passes. (Maybe there is more to do..)

3.34.107. Executing OPT_MUXTREE pass (detect dead branches in mux trees).
Running muxtree optimizer on module \bench007_probe_ax7203..
  Creating internal representation of mux trees.
  Evaluating internal representation of mux trees.
  Analyzing evaluation results.
Removed 0 multiplexer ports.
<suppressed ~42 debug messages>

3.34.108. Executing OPT_REDUCE pass (consolidate $*mux and $reduce_* inputs).
  Optimizing cells in module \bench007_probe_ax7203.
    Consolidated identical input bits for $mux cell $flatten\meter.$procmux$1991:
      Old ports: A={ \meter.line [263:112] 1'0 \meter.line [110:104] \meter.line [102:96] \meter.line [94:88] \meter.line [86:80] \meter.line [78:72] \meter.line [70:64] \meter.line [62:56] \meter.line [54:48] \meter.line [46:40] \meter.line [38:32] \meter.line [30:24] \meter.line [22:16] 4'0001 \meter.line [10:8] 2'10 }, B={ 25'0100001000110111001011000 $flatten\meter.$ternary$bench/bench007/rtl/bench_meter.v:104$1703_Y [6:0] 1'0 $auto$wreduce.cc:514:run$2323 [6:0] 1'0 $auto$wreduce.cc:514:run$2322 [6:0] 1'0 $auto$wreduce.cc:514:run$2321 [6:0] 1'0 $auto$wreduce.cc:514:run$2320 [6:0] 1'0 $auto$wreduce.cc:514:run$2319 [6:0] 1'0 $auto$wreduce.cc:514:run$2318 [6:0] 1'0 $auto$wreduce.cc:514:run$2317 [6:0] 9'001011000 $auto$wreduce.cc:514:run$2316 [6:0] 1'0 $auto$wreduce.cc:514:run$2315 [6:0] 1'0 $auto$wreduce.cc:514:run$2314 [6:0] 1'0 $auto$wreduce.cc:514:run$2313 [6:0] 1'0 $auto$wreduce.cc:514:run$2312 [6:0] 1'0 $auto$wreduce.cc:514:run$2311 [6:0] 1'0 $auto$wreduce.cc:514:run$2310 [6:0] 1'0 $auto$wreduce.cc:514:run$2309 [6:0] 7'0101100 $auto$wreduce.cc:514:run$2308 [6:0] $auto$wreduce.cc:514:run$2307 [6:0] $auto$wreduce.cc:514:run$2306 [6:0] $auto$wreduce.cc:514:run$2305 [6:0] $auto$wreduce.cc:514:run$2304 [6:0] $auto$wreduce.cc:514:run$2303 [6:0] $auto$wreduce.cc:514:run$2302 [6:0] $auto$wreduce.cc:514:run$2301 [6:0] 7'0101100 $auto$wreduce.cc:514:run$2300 [6:0] $auto$wreduce.cc:514:run$2299 [6:0] 2'01 }, Y={ $flatten\meter.$0\line[271:0] [271:112] $flatten\meter.$0\line[271:0] [110:104] $flatten\meter.$0\line[271:0] [102:96] $flatten\meter.$0\line[271:0] [94:88] $flatten\meter.$0\line[271:0] [86:80] $flatten\meter.$0\line[271:0] [78:72] $flatten\meter.$0\line[271:0] [70:64] $flatten\meter.$0\line[271:0] [62:56] $flatten\meter.$0\line[271:0] [54:48] $flatten\meter.$0\line[271:0] [46:40] $flatten\meter.$0\line[271:0] [38:32] $flatten\meter.$0\line[271:0] [30:24] $flatten\meter.$0\line[271:0] [22:16] $flatten\meter.$0\line[271:0] [9] $flatten\meter.$0\line[271:0] [10] }
      New ports: A={ \meter.line [263:112] \meter.line [110:104] \meter.line [102:96] \meter.line [94:88] \meter.line [86:80] \meter.line [78:72] \meter.line [70:64] \meter.line [62:56] \meter.line [54:48] \meter.line [46:40] \meter.line [38:32] \meter.line [30:24] \meter.line [22:16] 4'0001 \meter.line [10:8] 2'10 }, B={ 25'0100001000110111001011000 $flatten\meter.$ternary$bench/bench007/rtl/bench_meter.v:104$1703_Y [6:0] 1'0 $auto$wreduce.cc:514:run$2323 [6:0] 1'0 $auto$wreduce.cc:514:run$2322 [6:0] 1'0 $auto$wreduce.cc:514:run$2321 [6:0] 1'0 $auto$wreduce.cc:514:run$2320 [6:0] 1'0 $auto$wreduce.cc:514:run$2319 [6:0] 1'0 $auto$wreduce.cc:514:run$2318 [6:0] 1'0 $auto$wreduce.cc:514:run$2317 [6:0] 9'001011000 $auto$wreduce.cc:514:run$2316 [6:0] 1'0 $auto$wreduce.cc:514:run$2315 [6:0] 1'0 $auto$wreduce.cc:514:run$2314 [6:0] 1'0 $auto$wreduce.cc:514:run$2313 [6:0] 1'0 $auto$wreduce.cc:514:run$2312 [6:0] 1'0 $auto$wreduce.cc:514:run$2311 [6:0] 1'0 $auto$wreduce.cc:514:run$2310 [6:0] $auto$wreduce.cc:514:run$2309 [6:0] 7'0101100 $auto$wreduce.cc:514:run$2308 [6:0] $auto$wreduce.cc:514:run$2307 [6:0] $auto$wreduce.cc:514:run$2306 [6:0] $auto$wreduce.cc:514:run$2305 [6:0] $auto$wreduce.cc:514:run$2304 [6:0] $auto$wreduce.cc:514:run$2303 [6:0] $auto$wreduce.cc:514:run$2302 [6:0] $auto$wreduce.cc:514:run$2301 [6:0] 7'0101100 $auto$wreduce.cc:514:run$2300 [6:0] $auto$wreduce.cc:514:run$2299 [6:0] 2'01 }, Y={ $flatten\meter.$0\line[271:0] [271:120] $flatten\meter.$0\line[271:0] [118:112] $flatten\meter.$0\line[271:0] [110:104] $flatten\meter.$0\line[271:0] [102:96] $flatten\meter.$0\line[271:0] [94:88] $flatten\meter.$0\line[271:0] [86:80] $flatten\meter.$0\line[271:0] [78:72] $flatten\meter.$0\line[271:0] [70:64] $flatten\meter.$0\line[271:0] [62:56] $flatten\meter.$0\line[271:0] [54:48] $flatten\meter.$0\line[271:0] [46:40] $flatten\meter.$0\line[271:0] [38:32] $flatten\meter.$0\line[271:0] [30:24] $flatten\meter.$0\line[271:0] [22:16] $flatten\meter.$0\line[271:0] [9] $flatten\meter.$0\line[271:0] [10] }
      New connections: $flatten\meter.$0\line[271:0] [119] = 1'0
  Optimizing cells in module \bench007_probe_ax7203.
Performed a total of 1 changes.

3.34.109. Executing OPT_MERGE pass (detect identical cells).
Finding identical cells in module `\bench007_probe_ax7203'.
Computing hashes of 425 cells of `\bench007_probe_ax7203'.
Finding duplicate cells in `\bench007_probe_ax7203'.
Removed a total of 0 cells.

3.34.110. Executing OPT_SHARE pass.

3.34.111. Executing OPT_DFF pass (perform DFF optimizations).
Setting constant 0-bit at position 0 on $auto$ff.cc:337:slice$3241 ($sdffce) from module bench007_probe_ax7203.

3.34.112. Executing OPT_CLEAN pass (remove unused cells and wires).
Finding unused cells or wires in module \bench007_probe_ax7203..

3.34.113. Executing OPT_EXPR pass (perform const folding).
Optimizing module bench007_probe_ax7203.

3.34.114. Rerunning OPT passes. (Maybe there is more to do..)

3.34.115. Executing OPT_MUXTREE pass (detect dead branches in mux trees).
Running muxtree optimizer on module \bench007_probe_ax7203..
  Creating internal representation of mux trees.
  Evaluating internal representation of mux trees.
  Analyzing evaluation results.
Removed 0 multiplexer ports.
<suppressed ~42 debug messages>

3.34.116. Executing OPT_REDUCE pass (consolidate $*mux and $reduce_* inputs).
  Optimizing cells in module \bench007_probe_ax7203.
    Consolidated identical input bits for $mux cell $flatten\meter.$procmux$1991:
      Old ports: A={ \meter.line [263:120] 1'0 \meter.line [118:112] \meter.line [110:104] \meter.line [102:96] \meter.line [94:88] \meter.line [86:80] \meter.line [78:72] \meter.line [70:64] \meter.line [62:56] \meter.line [54:48] \meter.line [46:40] \meter.line [38:32] \meter.line [30:24] \meter.line [22:16] 4'0001 \meter.line [10:8] 2'10 }, B={ 25'0100001000110111001011000 $flatten\meter.$ternary$bench/bench007/rtl/bench_meter.v:104$1703_Y [6:0] 1'0 $auto$wreduce.cc:514:run$2323 [6:0] 1'0 $auto$wreduce.cc:514:run$2322 [6:0] 1'0 $auto$wreduce.cc:514:run$2321 [6:0] 1'0 $auto$wreduce.cc:514:run$2320 [6:0] 1'0 $auto$wreduce.cc:514:run$2319 [6:0] 1'0 $auto$wreduce.cc:514:run$2318 [6:0] 1'0 $auto$wreduce.cc:514:run$2317 [6:0] 9'001011000 $auto$wreduce.cc:514:run$2316 [6:0] 1'0 $auto$wreduce.cc:514:run$2315 [6:0] 1'0 $auto$wreduce.cc:514:run$2314 [6:0] 1'0 $auto$wreduce.cc:514:run$2313 [6:0] 1'0 $auto$wreduce.cc:514:run$2312 [6:0] 1'0 $auto$wreduce.cc:514:run$2311 [6:0] 1'0 $auto$wreduce.cc:514:run$2310 [6:0] $auto$wreduce.cc:514:run$2309 [6:0] 7'0101100 $auto$wreduce.cc:514:run$2308 [6:0] $auto$wreduce.cc:514:run$2307 [6:0] $auto$wreduce.cc:514:run$2306 [6:0] $auto$wreduce.cc:514:run$2305 [6:0] $auto$wreduce.cc:514:run$2304 [6:0] $auto$wreduce.cc:514:run$2303 [6:0] $auto$wreduce.cc:514:run$2302 [6:0] $auto$wreduce.cc:514:run$2301 [6:0] 7'0101100 $auto$wreduce.cc:514:run$2300 [6:0] $auto$wreduce.cc:514:run$2299 [6:0] 2'01 }, Y={ $flatten\meter.$0\line[271:0] [271:120] $flatten\meter.$0\line[271:0] [118:112] $flatten\meter.$0\line[271:0] [110:104] $flatten\meter.$0\line[271:0] [102:96] $flatten\meter.$0\line[271:0] [94:88] $flatten\meter.$0\line[271:0] [86:80] $flatten\meter.$0\line[271:0] [78:72] $flatten\meter.$0\line[271:0] [70:64] $flatten\meter.$0\line[271:0] [62:56] $flatten\meter.$0\line[271:0] [54:48] $flatten\meter.$0\line[271:0] [46:40] $flatten\meter.$0\line[271:0] [38:32] $flatten\meter.$0\line[271:0] [30:24] $flatten\meter.$0\line[271:0] [22:16] $flatten\meter.$0\line[271:0] [9] $flatten\meter.$0\line[271:0] [10] }
      New ports: A={ \meter.line [263:120] \meter.line [118:112] \meter.line [110:104] \meter.line [102:96] \meter.line [94:88] \meter.line [86:80] \meter.line [78:72] \meter.line [70:64] \meter.line [62:56] \meter.line [54:48] \meter.line [46:40] \meter.line [38:32] \meter.line [30:24] \meter.line [22:16] 4'0001 \meter.line [10:8] 2'10 }, B={ 25'0100001000110111001011000 $flatten\meter.$ternary$bench/bench007/rtl/bench_meter.v:104$1703_Y [6:0] 1'0 $auto$wreduce.cc:514:run$2323 [6:0] 1'0 $auto$wreduce.cc:514:run$2322 [6:0] 1'0 $auto$wreduce.cc:514:run$2321 [6:0] 1'0 $auto$wreduce.cc:514:run$2320 [6:0] 1'0 $auto$wreduce.cc:514:run$2319 [6:0] 1'0 $auto$wreduce.cc:514:run$2318 [6:0] 1'0 $auto$wreduce.cc:514:run$2317 [6:0] 9'001011000 $auto$wreduce.cc:514:run$2316 [6:0] 1'0 $auto$wreduce.cc:514:run$2315 [6:0] 1'0 $auto$wreduce.cc:514:run$2314 [6:0] 1'0 $auto$wreduce.cc:514:run$2313 [6:0] 1'0 $auto$wreduce.cc:514:run$2312 [6:0] 1'0 $auto$wreduce.cc:514:run$2311 [6:0] $auto$wreduce.cc:514:run$2310 [6:0] $auto$wreduce.cc:514:run$2309 [6:0] 7'0101100 $auto$wreduce.cc:514:run$2308 [6:0] $auto$wreduce.cc:514:run$2307 [6:0] $auto$wreduce.cc:514:run$2306 [6:0] $auto$wreduce.cc:514:run$2305 [6:0] $auto$wreduce.cc:514:run$2304 [6:0] $auto$wreduce.cc:514:run$2303 [6:0] $auto$wreduce.cc:514:run$2302 [6:0] $auto$wreduce.cc:514:run$2301 [6:0] 7'0101100 $auto$wreduce.cc:514:run$2300 [6:0] $auto$wreduce.cc:514:run$2299 [6:0] 2'01 }, Y={ $flatten\meter.$0\line[271:0] [271:128] $flatten\meter.$0\line[271:0] [126:120] $flatten\meter.$0\line[271:0] [118:112] $flatten\meter.$0\line[271:0] [110:104] $flatten\meter.$0\line[271:0] [102:96] $flatten\meter.$0\line[271:0] [94:88] $flatten\meter.$0\line[271:0] [86:80] $flatten\meter.$0\line[271:0] [78:72] $flatten\meter.$0\line[271:0] [70:64] $flatten\meter.$0\line[271:0] [62:56] $flatten\meter.$0\line[271:0] [54:48] $flatten\meter.$0\line[271:0] [46:40] $flatten\meter.$0\line[271:0] [38:32] $flatten\meter.$0\line[271:0] [30:24] $flatten\meter.$0\line[271:0] [22:16] $flatten\meter.$0\line[271:0] [9] $flatten\meter.$0\line[271:0] [10] }
      New connections: $flatten\meter.$0\line[271:0] [127] = 1'0
  Optimizing cells in module \bench007_probe_ax7203.
Performed a total of 1 changes.

3.34.117. Executing OPT_MERGE pass (detect identical cells).
Finding identical cells in module `\bench007_probe_ax7203'.
Computing hashes of 425 cells of `\bench007_probe_ax7203'.
Finding duplicate cells in `\bench007_probe_ax7203'.
Removed a total of 0 cells.

3.34.118. Executing OPT_SHARE pass.

3.34.119. Executing OPT_DFF pass (perform DFF optimizations).
Setting constant 0-bit at position 0 on $auto$ff.cc:337:slice$3243 ($sdffce) from module bench007_probe_ax7203.

3.34.120. Executing OPT_CLEAN pass (remove unused cells and wires).
Finding unused cells or wires in module \bench007_probe_ax7203..

3.34.121. Executing OPT_EXPR pass (perform const folding).
Optimizing module bench007_probe_ax7203.

3.34.122. Rerunning OPT passes. (Maybe there is more to do..)

3.34.123. Executing OPT_MUXTREE pass (detect dead branches in mux trees).
Running muxtree optimizer on module \bench007_probe_ax7203..
  Creating internal representation of mux trees.
  Evaluating internal representation of mux trees.
  Analyzing evaluation results.
Removed 0 multiplexer ports.
<suppressed ~42 debug messages>

3.34.124. Executing OPT_REDUCE pass (consolidate $*mux and $reduce_* inputs).
  Optimizing cells in module \bench007_probe_ax7203.
    Consolidated identical input bits for $mux cell $flatten\meter.$procmux$1991:
      Old ports: A={ \meter.line [263:128] 1'0 \meter.line [126:120] \meter.line [118:112] \meter.line [110:104] \meter.line [102:96] \meter.line [94:88] \meter.line [86:80] \meter.line [78:72] \meter.line [70:64] \meter.line [62:56] \meter.line [54:48] \meter.line [46:40] \meter.line [38:32] \meter.line [30:24] \meter.line [22:16] 4'0001 \meter.line [10:8] 2'10 }, B={ 25'0100001000110111001011000 $flatten\meter.$ternary$bench/bench007/rtl/bench_meter.v:104$1703_Y [6:0] 1'0 $auto$wreduce.cc:514:run$2323 [6:0] 1'0 $auto$wreduce.cc:514:run$2322 [6:0] 1'0 $auto$wreduce.cc:514:run$2321 [6:0] 1'0 $auto$wreduce.cc:514:run$2320 [6:0] 1'0 $auto$wreduce.cc:514:run$2319 [6:0] 1'0 $auto$wreduce.cc:514:run$2318 [6:0] 1'0 $auto$wreduce.cc:514:run$2317 [6:0] 9'001011000 $auto$wreduce.cc:514:run$2316 [6:0] 1'0 $auto$wreduce.cc:514:run$2315 [6:0] 1'0 $auto$wreduce.cc:514:run$2314 [6:0] 1'0 $auto$wreduce.cc:514:run$2313 [6:0] 1'0 $auto$wreduce.cc:514:run$2312 [6:0] 1'0 $auto$wreduce.cc:514:run$2311 [6:0] $auto$wreduce.cc:514:run$2310 [6:0] $auto$wreduce.cc:514:run$2309 [6:0] 7'0101100 $auto$wreduce.cc:514:run$2308 [6:0] $auto$wreduce.cc:514:run$2307 [6:0] $auto$wreduce.cc:514:run$2306 [6:0] $auto$wreduce.cc:514:run$2305 [6:0] $auto$wreduce.cc:514:run$2304 [6:0] $auto$wreduce.cc:514:run$2303 [6:0] $auto$wreduce.cc:514:run$2302 [6:0] $auto$wreduce.cc:514:run$2301 [6:0] 7'0101100 $auto$wreduce.cc:514:run$2300 [6:0] $auto$wreduce.cc:514:run$2299 [6:0] 2'01 }, Y={ $flatten\meter.$0\line[271:0] [271:128] $flatten\meter.$0\line[271:0] [126:120] $flatten\meter.$0\line[271:0] [118:112] $flatten\meter.$0\line[271:0] [110:104] $flatten\meter.$0\line[271:0] [102:96] $flatten\meter.$0\line[271:0] [94:88] $flatten\meter.$0\line[271:0] [86:80] $flatten\meter.$0\line[271:0] [78:72] $flatten\meter.$0\line[271:0] [70:64] $flatten\meter.$0\line[271:0] [62:56] $flatten\meter.$0\line[271:0] [54:48] $flatten\meter.$0\line[271:0] [46:40] $flatten\meter.$0\line[271:0] [38:32] $flatten\meter.$0\line[271:0] [30:24] $flatten\meter.$0\line[271:0] [22:16] $flatten\meter.$0\line[271:0] [9] $flatten\meter.$0\line[271:0] [10] }
      New ports: A={ \meter.line [263:128] \meter.line [126:120] \meter.line [118:112] \meter.line [110:104] \meter.line [102:96] \meter.line [94:88] \meter.line [86:80] \meter.line [78:72] \meter.line [70:64] \meter.line [62:56] \meter.line [54:48] \meter.line [46:40] \meter.line [38:32] \meter.line [30:24] \meter.line [22:16] 4'0001 \meter.line [10:8] 2'10 }, B={ 25'0100001000110111001011000 $flatten\meter.$ternary$bench/bench007/rtl/bench_meter.v:104$1703_Y [6:0] 1'0 $auto$wreduce.cc:514:run$2323 [6:0] 1'0 $auto$wreduce.cc:514:run$2322 [6:0] 1'0 $auto$wreduce.cc:514:run$2321 [6:0] 1'0 $auto$wreduce.cc:514:run$2320 [6:0] 1'0 $auto$wreduce.cc:514:run$2319 [6:0] 1'0 $auto$wreduce.cc:514:run$2318 [6:0] 1'0 $auto$wreduce.cc:514:run$2317 [6:0] 9'001011000 $auto$wreduce.cc:514:run$2316 [6:0] 1'0 $auto$wreduce.cc:514:run$2315 [6:0] 1'0 $auto$wreduce.cc:514:run$2314 [6:0] 1'0 $auto$wreduce.cc:514:run$2313 [6:0] 1'0 $auto$wreduce.cc:514:run$2312 [6:0] $auto$wreduce.cc:514:run$2311 [6:0] $auto$wreduce.cc:514:run$2310 [6:0] $auto$wreduce.cc:514:run$2309 [6:0] 7'0101100 $auto$wreduce.cc:514:run$2308 [6:0] $auto$wreduce.cc:514:run$2307 [6:0] $auto$wreduce.cc:514:run$2306 [6:0] $auto$wreduce.cc:514:run$2305 [6:0] $auto$wreduce.cc:514:run$2304 [6:0] $auto$wreduce.cc:514:run$2303 [6:0] $auto$wreduce.cc:514:run$2302 [6:0] $auto$wreduce.cc:514:run$2301 [6:0] 7'0101100 $auto$wreduce.cc:514:run$2300 [6:0] $auto$wreduce.cc:514:run$2299 [6:0] 2'01 }, Y={ $flatten\meter.$0\line[271:0] [271:136] $flatten\meter.$0\line[271:0] [134:128] $flatten\meter.$0\line[271:0] [126:120] $flatten\meter.$0\line[271:0] [118:112] $flatten\meter.$0\line[271:0] [110:104] $flatten\meter.$0\line[271:0] [102:96] $flatten\meter.$0\line[271:0] [94:88] $flatten\meter.$0\line[271:0] [86:80] $flatten\meter.$0\line[271:0] [78:72] $flatten\meter.$0\line[271:0] [70:64] $flatten\meter.$0\line[271:0] [62:56] $flatten\meter.$0\line[271:0] [54:48] $flatten\meter.$0\line[271:0] [46:40] $flatten\meter.$0\line[271:0] [38:32] $flatten\meter.$0\line[271:0] [30:24] $flatten\meter.$0\line[271:0] [22:16] $flatten\meter.$0\line[271:0] [9] $flatten\meter.$0\line[271:0] [10] }
      New connections: $flatten\meter.$0\line[271:0] [135] = 1'0
  Optimizing cells in module \bench007_probe_ax7203.
Performed a total of 1 changes.

3.34.125. Executing OPT_MERGE pass (detect identical cells).
Finding identical cells in module `\bench007_probe_ax7203'.
Computing hashes of 425 cells of `\bench007_probe_ax7203'.
Finding duplicate cells in `\bench007_probe_ax7203'.
Removed a total of 0 cells.

3.34.126. Executing OPT_SHARE pass.

3.34.127. Executing OPT_DFF pass (perform DFF optimizations).
Setting constant 0-bit at position 0 on $auto$ff.cc:337:slice$3244 ($sdffce) from module bench007_probe_ax7203.

3.34.128. Executing OPT_CLEAN pass (remove unused cells and wires).
Finding unused cells or wires in module \bench007_probe_ax7203..

3.34.129. Executing OPT_EXPR pass (perform const folding).
Optimizing module bench007_probe_ax7203.

3.34.130. Rerunning OPT passes. (Maybe there is more to do..)

3.34.131. Executing OPT_MUXTREE pass (detect dead branches in mux trees).
Running muxtree optimizer on module \bench007_probe_ax7203..
  Creating internal representation of mux trees.
  Evaluating internal representation of mux trees.
  Analyzing evaluation results.
Removed 0 multiplexer ports.
<suppressed ~42 debug messages>

3.34.132. Executing OPT_REDUCE pass (consolidate $*mux and $reduce_* inputs).
  Optimizing cells in module \bench007_probe_ax7203.
    Consolidated identical input bits for $mux cell $flatten\meter.$procmux$1991:
      Old ports: A={ \meter.line [263:136] 1'0 \meter.line [134:128] \meter.line [126:120] \meter.line [118:112] \meter.line [110:104] \meter.line [102:96] \meter.line [94:88] \meter.line [86:80] \meter.line [78:72] \meter.line [70:64] \meter.line [62:56] \meter.line [54:48] \meter.line [46:40] \meter.line [38:32] \meter.line [30:24] \meter.line [22:16] 4'0001 \meter.line [10:8] 2'10 }, B={ 25'0100001000110111001011000 $flatten\meter.$ternary$bench/bench007/rtl/bench_meter.v:104$1703_Y [6:0] 1'0 $auto$wreduce.cc:514:run$2323 [6:0] 1'0 $auto$wreduce.cc:514:run$2322 [6:0] 1'0 $auto$wreduce.cc:514:run$2321 [6:0] 1'0 $auto$wreduce.cc:514:run$2320 [6:0] 1'0 $auto$wreduce.cc:514:run$2319 [6:0] 1'0 $auto$wreduce.cc:514:run$2318 [6:0] 1'0 $auto$wreduce.cc:514:run$2317 [6:0] 9'001011000 $auto$wreduce.cc:514:run$2316 [6:0] 1'0 $auto$wreduce.cc:514:run$2315 [6:0] 1'0 $auto$wreduce.cc:514:run$2314 [6:0] 1'0 $auto$wreduce.cc:514:run$2313 [6:0] 1'0 $auto$wreduce.cc:514:run$2312 [6:0] $auto$wreduce.cc:514:run$2311 [6:0] $auto$wreduce.cc:514:run$2310 [6:0] $auto$wreduce.cc:514:run$2309 [6:0] 7'0101100 $auto$wreduce.cc:514:run$2308 [6:0] $auto$wreduce.cc:514:run$2307 [6:0] $auto$wreduce.cc:514:run$2306 [6:0] $auto$wreduce.cc:514:run$2305 [6:0] $auto$wreduce.cc:514:run$2304 [6:0] $auto$wreduce.cc:514:run$2303 [6:0] $auto$wreduce.cc:514:run$2302 [6:0] $auto$wreduce.cc:514:run$2301 [6:0] 7'0101100 $auto$wreduce.cc:514:run$2300 [6:0] $auto$wreduce.cc:514:run$2299 [6:0] 2'01 }, Y={ $flatten\meter.$0\line[271:0] [271:136] $flatten\meter.$0\line[271:0] [134:128] $flatten\meter.$0\line[271:0] [126:120] $flatten\meter.$0\line[271:0] [118:112] $flatten\meter.$0\line[271:0] [110:104] $flatten\meter.$0\line[271:0] [102:96] $flatten\meter.$0\line[271:0] [94:88] $flatten\meter.$0\line[271:0] [86:80] $flatten\meter.$0\line[271:0] [78:72] $flatten\meter.$0\line[271:0] [70:64] $flatten\meter.$0\line[271:0] [62:56] $flatten\meter.$0\line[271:0] [54:48] $flatten\meter.$0\line[271:0] [46:40] $flatten\meter.$0\line[271:0] [38:32] $flatten\meter.$0\line[271:0] [30:24] $flatten\meter.$0\line[271:0] [22:16] $flatten\meter.$0\line[271:0] [9] $flatten\meter.$0\line[271:0] [10] }
      New ports: A={ \meter.line [263:136] \meter.line [134:128] \meter.line [126:120] \meter.line [118:112] \meter.line [110:104] \meter.line [102:96] \meter.line [94:88] \meter.line [86:80] \meter.line [78:72] \meter.line [70:64] \meter.line [62:56] \meter.line [54:48] \meter.line [46:40] \meter.line [38:32] \meter.line [30:24] \meter.line [22:16] 4'0001 \meter.line [10:8] 2'10 }, B={ 25'0100001000110111001011000 $flatten\meter.$ternary$bench/bench007/rtl/bench_meter.v:104$1703_Y [6:0] 1'0 $auto$wreduce.cc:514:run$2323 [6:0] 1'0 $auto$wreduce.cc:514:run$2322 [6:0] 1'0 $auto$wreduce.cc:514:run$2321 [6:0] 1'0 $auto$wreduce.cc:514:run$2320 [6:0] 1'0 $auto$wreduce.cc:514:run$2319 [6:0] 1'0 $auto$wreduce.cc:514:run$2318 [6:0] 1'0 $auto$wreduce.cc:514:run$2317 [6:0] 9'001011000 $auto$wreduce.cc:514:run$2316 [6:0] 1'0 $auto$wreduce.cc:514:run$2315 [6:0] 1'0 $auto$wreduce.cc:514:run$2314 [6:0] 1'0 $auto$wreduce.cc:514:run$2313 [6:0] $auto$wreduce.cc:514:run$2312 [6:0] $auto$wreduce.cc:514:run$2311 [6:0] $auto$wreduce.cc:514:run$2310 [6:0] $auto$wreduce.cc:514:run$2309 [6:0] 7'0101100 $auto$wreduce.cc:514:run$2308 [6:0] $auto$wreduce.cc:514:run$2307 [6:0] $auto$wreduce.cc:514:run$2306 [6:0] $auto$wreduce.cc:514:run$2305 [6:0] $auto$wreduce.cc:514:run$2304 [6:0] $auto$wreduce.cc:514:run$2303 [6:0] $auto$wreduce.cc:514:run$2302 [6:0] $auto$wreduce.cc:514:run$2301 [6:0] 7'0101100 $auto$wreduce.cc:514:run$2300 [6:0] $auto$wreduce.cc:514:run$2299 [6:0] 2'01 }, Y={ $flatten\meter.$0\line[271:0] [271:144] $flatten\meter.$0\line[271:0] [142:136] $flatten\meter.$0\line[271:0] [134:128] $flatten\meter.$0\line[271:0] [126:120] $flatten\meter.$0\line[271:0] [118:112] $flatten\meter.$0\line[271:0] [110:104] $flatten\meter.$0\line[271:0] [102:96] $flatten\meter.$0\line[271:0] [94:88] $flatten\meter.$0\line[271:0] [86:80] $flatten\meter.$0\line[271:0] [78:72] $flatten\meter.$0\line[271:0] [70:64] $flatten\meter.$0\line[271:0] [62:56] $flatten\meter.$0\line[271:0] [54:48] $flatten\meter.$0\line[271:0] [46:40] $flatten\meter.$0\line[271:0] [38:32] $flatten\meter.$0\line[271:0] [30:24] $flatten\meter.$0\line[271:0] [22:16] $flatten\meter.$0\line[271:0] [9] $flatten\meter.$0\line[271:0] [10] }
      New connections: $flatten\meter.$0\line[271:0] [143] = 1'0
  Optimizing cells in module \bench007_probe_ax7203.
Performed a total of 1 changes.

3.34.133. Executing OPT_MERGE pass (detect identical cells).
Finding identical cells in module `\bench007_probe_ax7203'.
Computing hashes of 425 cells of `\bench007_probe_ax7203'.
Finding duplicate cells in `\bench007_probe_ax7203'.
Removed a total of 0 cells.

3.34.134. Executing OPT_SHARE pass.

3.34.135. Executing OPT_DFF pass (perform DFF optimizations).
Setting constant 0-bit at position 0 on $auto$ff.cc:337:slice$3245 ($sdffce) from module bench007_probe_ax7203.

3.34.136. Executing OPT_CLEAN pass (remove unused cells and wires).
Finding unused cells or wires in module \bench007_probe_ax7203..

3.34.137. Executing OPT_EXPR pass (perform const folding).
Optimizing module bench007_probe_ax7203.

3.34.138. Rerunning OPT passes. (Maybe there is more to do..)

3.34.139. Executing OPT_MUXTREE pass (detect dead branches in mux trees).
Running muxtree optimizer on module \bench007_probe_ax7203..
  Creating internal representation of mux trees.
  Evaluating internal representation of mux trees.
  Analyzing evaluation results.
Removed 0 multiplexer ports.
<suppressed ~42 debug messages>

3.34.140. Executing OPT_REDUCE pass (consolidate $*mux and $reduce_* inputs).
  Optimizing cells in module \bench007_probe_ax7203.
    Consolidated identical input bits for $mux cell $flatten\meter.$procmux$1991:
      Old ports: A={ \meter.line [263:144] 1'0 \meter.line [142:136] \meter.line [134:128] \meter.line [126:120] \meter.line [118:112] \meter.line [110:104] \meter.line [102:96] \meter.line [94:88] \meter.line [86:80] \meter.line [78:72] \meter.line [70:64] \meter.line [62:56] \meter.line [54:48] \meter.line [46:40] \meter.line [38:32] \meter.line [30:24] \meter.line [22:16] 4'0001 \meter.line [10:8] 2'10 }, B={ 25'0100001000110111001011000 $flatten\meter.$ternary$bench/bench007/rtl/bench_meter.v:104$1703_Y [6:0] 1'0 $auto$wreduce.cc:514:run$2323 [6:0] 1'0 $auto$wreduce.cc:514:run$2322 [6:0] 1'0 $auto$wreduce.cc:514:run$2321 [6:0] 1'0 $auto$wreduce.cc:514:run$2320 [6:0] 1'0 $auto$wreduce.cc:514:run$2319 [6:0] 1'0 $auto$wreduce.cc:514:run$2318 [6:0] 1'0 $auto$wreduce.cc:514:run$2317 [6:0] 9'001011000 $auto$wreduce.cc:514:run$2316 [6:0] 1'0 $auto$wreduce.cc:514:run$2315 [6:0] 1'0 $auto$wreduce.cc:514:run$2314 [6:0] 1'0 $auto$wreduce.cc:514:run$2313 [6:0] $auto$wreduce.cc:514:run$2312 [6:0] $auto$wreduce.cc:514:run$2311 [6:0] $auto$wreduce.cc:514:run$2310 [6:0] $auto$wreduce.cc:514:run$2309 [6:0] 7'0101100 $auto$wreduce.cc:514:run$2308 [6:0] $auto$wreduce.cc:514:run$2307 [6:0] $auto$wreduce.cc:514:run$2306 [6:0] $auto$wreduce.cc:514:run$2305 [6:0] $auto$wreduce.cc:514:run$2304 [6:0] $auto$wreduce.cc:514:run$2303 [6:0] $auto$wreduce.cc:514:run$2302 [6:0] $auto$wreduce.cc:514:run$2301 [6:0] 7'0101100 $auto$wreduce.cc:514:run$2300 [6:0] $auto$wreduce.cc:514:run$2299 [6:0] 2'01 }, Y={ $flatten\meter.$0\line[271:0] [271:144] $flatten\meter.$0\line[271:0] [142:136] $flatten\meter.$0\line[271:0] [134:128] $flatten\meter.$0\line[271:0] [126:120] $flatten\meter.$0\line[271:0] [118:112] $flatten\meter.$0\line[271:0] [110:104] $flatten\meter.$0\line[271:0] [102:96] $flatten\meter.$0\line[271:0] [94:88] $flatten\meter.$0\line[271:0] [86:80] $flatten\meter.$0\line[271:0] [78:72] $flatten\meter.$0\line[271:0] [70:64] $flatten\meter.$0\line[271:0] [62:56] $flatten\meter.$0\line[271:0] [54:48] $flatten\meter.$0\line[271:0] [46:40] $flatten\meter.$0\line[271:0] [38:32] $flatten\meter.$0\line[271:0] [30:24] $flatten\meter.$0\line[271:0] [22:16] $flatten\meter.$0\line[271:0] [9] $flatten\meter.$0\line[271:0] [10] }
      New ports: A={ \meter.line [263:144] \meter.line [142:136] \meter.line [134:128] \meter.line [126:120] \meter.line [118:112] \meter.line [110:104] \meter.line [102:96] \meter.line [94:88] \meter.line [86:80] \meter.line [78:72] \meter.line [70:64] \meter.line [62:56] \meter.line [54:48] \meter.line [46:40] \meter.line [38:32] \meter.line [30:24] \meter.line [22:16] 4'0001 \meter.line [10:8] 2'10 }, B={ 25'0100001000110111001011000 $flatten\meter.$ternary$bench/bench007/rtl/bench_meter.v:104$1703_Y [6:0] 1'0 $auto$wreduce.cc:514:run$2323 [6:0] 1'0 $auto$wreduce.cc:514:run$2322 [6:0] 1'0 $auto$wreduce.cc:514:run$2321 [6:0] 1'0 $auto$wreduce.cc:514:run$2320 [6:0] 1'0 $auto$wreduce.cc:514:run$2319 [6:0] 1'0 $auto$wreduce.cc:514:run$2318 [6:0] 1'0 $auto$wreduce.cc:514:run$2317 [6:0] 9'001011000 $auto$wreduce.cc:514:run$2316 [6:0] 1'0 $auto$wreduce.cc:514:run$2315 [6:0] 1'0 $auto$wreduce.cc:514:run$2314 [6:0] $auto$wreduce.cc:514:run$2313 [6:0] $auto$wreduce.cc:514:run$2312 [6:0] $auto$wreduce.cc:514:run$2311 [6:0] $auto$wreduce.cc:514:run$2310 [6:0] $auto$wreduce.cc:514:run$2309 [6:0] 7'0101100 $auto$wreduce.cc:514:run$2308 [6:0] $auto$wreduce.cc:514:run$2307 [6:0] $auto$wreduce.cc:514:run$2306 [6:0] $auto$wreduce.cc:514:run$2305 [6:0] $auto$wreduce.cc:514:run$2304 [6:0] $auto$wreduce.cc:514:run$2303 [6:0] $auto$wreduce.cc:514:run$2302 [6:0] $auto$wreduce.cc:514:run$2301 [6:0] 7'0101100 $auto$wreduce.cc:514:run$2300 [6:0] $auto$wreduce.cc:514:run$2299 [6:0] 2'01 }, Y={ $flatten\meter.$0\line[271:0] [271:152] $flatten\meter.$0\line[271:0] [150:144] $flatten\meter.$0\line[271:0] [142:136] $flatten\meter.$0\line[271:0] [134:128] $flatten\meter.$0\line[271:0] [126:120] $flatten\meter.$0\line[271:0] [118:112] $flatten\meter.$0\line[271:0] [110:104] $flatten\meter.$0\line[271:0] [102:96] $flatten\meter.$0\line[271:0] [94:88] $flatten\meter.$0\line[271:0] [86:80] $flatten\meter.$0\line[271:0] [78:72] $flatten\meter.$0\line[271:0] [70:64] $flatten\meter.$0\line[271:0] [62:56] $flatten\meter.$0\line[271:0] [54:48] $flatten\meter.$0\line[271:0] [46:40] $flatten\meter.$0\line[271:0] [38:32] $flatten\meter.$0\line[271:0] [30:24] $flatten\meter.$0\line[271:0] [22:16] $flatten\meter.$0\line[271:0] [9] $flatten\meter.$0\line[271:0] [10] }
      New connections: $flatten\meter.$0\line[271:0] [151] = 1'0
  Optimizing cells in module \bench007_probe_ax7203.
Performed a total of 1 changes.

3.34.141. Executing OPT_MERGE pass (detect identical cells).
Finding identical cells in module `\bench007_probe_ax7203'.
Computing hashes of 425 cells of `\bench007_probe_ax7203'.
Finding duplicate cells in `\bench007_probe_ax7203'.
Removed a total of 0 cells.

3.34.142. Executing OPT_SHARE pass.

3.34.143. Executing OPT_DFF pass (perform DFF optimizations).
Setting constant 0-bit at position 0 on $auto$ff.cc:337:slice$3246 ($sdffce) from module bench007_probe_ax7203.

3.34.144. Executing OPT_CLEAN pass (remove unused cells and wires).
Finding unused cells or wires in module \bench007_probe_ax7203..

3.34.145. Executing OPT_EXPR pass (perform const folding).
Optimizing module bench007_probe_ax7203.

3.34.146. Rerunning OPT passes. (Maybe there is more to do..)

3.34.147. Executing OPT_MUXTREE pass (detect dead branches in mux trees).
Running muxtree optimizer on module \bench007_probe_ax7203..
  Creating internal representation of mux trees.
  Evaluating internal representation of mux trees.
  Analyzing evaluation results.
Removed 0 multiplexer ports.
<suppressed ~42 debug messages>

3.34.148. Executing OPT_REDUCE pass (consolidate $*mux and $reduce_* inputs).
  Optimizing cells in module \bench007_probe_ax7203.
    Consolidated identical input bits for $mux cell $flatten\meter.$procmux$1991:
      Old ports: A={ \meter.line [263:152] 1'0 \meter.line [150:144] \meter.line [142:136] \meter.line [134:128] \meter.line [126:120] \meter.line [118:112] \meter.line [110:104] \meter.line [102:96] \meter.line [94:88] \meter.line [86:80] \meter.line [78:72] \meter.line [70:64] \meter.line [62:56] \meter.line [54:48] \meter.line [46:40] \meter.line [38:32] \meter.line [30:24] \meter.line [22:16] 4'0001 \meter.line [10:8] 2'10 }, B={ 25'0100001000110111001011000 $flatten\meter.$ternary$bench/bench007/rtl/bench_meter.v:104$1703_Y [6:0] 1'0 $auto$wreduce.cc:514:run$2323 [6:0] 1'0 $auto$wreduce.cc:514:run$2322 [6:0] 1'0 $auto$wreduce.cc:514:run$2321 [6:0] 1'0 $auto$wreduce.cc:514:run$2320 [6:0] 1'0 $auto$wreduce.cc:514:run$2319 [6:0] 1'0 $auto$wreduce.cc:514:run$2318 [6:0] 1'0 $auto$wreduce.cc:514:run$2317 [6:0] 9'001011000 $auto$wreduce.cc:514:run$2316 [6:0] 1'0 $auto$wreduce.cc:514:run$2315 [6:0] 1'0 $auto$wreduce.cc:514:run$2314 [6:0] $auto$wreduce.cc:514:run$2313 [6:0] $auto$wreduce.cc:514:run$2312 [6:0] $auto$wreduce.cc:514:run$2311 [6:0] $auto$wreduce.cc:514:run$2310 [6:0] $auto$wreduce.cc:514:run$2309 [6:0] 7'0101100 $auto$wreduce.cc:514:run$2308 [6:0] $auto$wreduce.cc:514:run$2307 [6:0] $auto$wreduce.cc:514:run$2306 [6:0] $auto$wreduce.cc:514:run$2305 [6:0] $auto$wreduce.cc:514:run$2304 [6:0] $auto$wreduce.cc:514:run$2303 [6:0] $auto$wreduce.cc:514:run$2302 [6:0] $auto$wreduce.cc:514:run$2301 [6:0] 7'0101100 $auto$wreduce.cc:514:run$2300 [6:0] $auto$wreduce.cc:514:run$2299 [6:0] 2'01 }, Y={ $flatten\meter.$0\line[271:0] [271:152] $flatten\meter.$0\line[271:0] [150:144] $flatten\meter.$0\line[271:0] [142:136] $flatten\meter.$0\line[271:0] [134:128] $flatten\meter.$0\line[271:0] [126:120] $flatten\meter.$0\line[271:0] [118:112] $flatten\meter.$0\line[271:0] [110:104] $flatten\meter.$0\line[271:0] [102:96] $flatten\meter.$0\line[271:0] [94:88] $flatten\meter.$0\line[271:0] [86:80] $flatten\meter.$0\line[271:0] [78:72] $flatten\meter.$0\line[271:0] [70:64] $flatten\meter.$0\line[271:0] [62:56] $flatten\meter.$0\line[271:0] [54:48] $flatten\meter.$0\line[271:0] [46:40] $flatten\meter.$0\line[271:0] [38:32] $flatten\meter.$0\line[271:0] [30:24] $flatten\meter.$0\line[271:0] [22:16] $flatten\meter.$0\line[271:0] [9] $flatten\meter.$0\line[271:0] [10] }
      New ports: A={ \meter.line [263:152] \meter.line [150:144] \meter.line [142:136] \meter.line [134:128] \meter.line [126:120] \meter.line [118:112] \meter.line [110:104] \meter.line [102:96] \meter.line [94:88] \meter.line [86:80] \meter.line [78:72] \meter.line [70:64] \meter.line [62:56] \meter.line [54:48] \meter.line [46:40] \meter.line [38:32] \meter.line [30:24] \meter.line [22:16] 4'0001 \meter.line [10:8] 2'10 }, B={ 25'0100001000110111001011000 $flatten\meter.$ternary$bench/bench007/rtl/bench_meter.v:104$1703_Y [6:0] 1'0 $auto$wreduce.cc:514:run$2323 [6:0] 1'0 $auto$wreduce.cc:514:run$2322 [6:0] 1'0 $auto$wreduce.cc:514:run$2321 [6:0] 1'0 $auto$wreduce.cc:514:run$2320 [6:0] 1'0 $auto$wreduce.cc:514:run$2319 [6:0] 1'0 $auto$wreduce.cc:514:run$2318 [6:0] 1'0 $auto$wreduce.cc:514:run$2317 [6:0] 9'001011000 $auto$wreduce.cc:514:run$2316 [6:0] 1'0 $auto$wreduce.cc:514:run$2315 [6:0] $auto$wreduce.cc:514:run$2314 [6:0] $auto$wreduce.cc:514:run$2313 [6:0] $auto$wreduce.cc:514:run$2312 [6:0] $auto$wreduce.cc:514:run$2311 [6:0] $auto$wreduce.cc:514:run$2310 [6:0] $auto$wreduce.cc:514:run$2309 [6:0] 7'0101100 $auto$wreduce.cc:514:run$2308 [6:0] $auto$wreduce.cc:514:run$2307 [6:0] $auto$wreduce.cc:514:run$2306 [6:0] $auto$wreduce.cc:514:run$2305 [6:0] $auto$wreduce.cc:514:run$2304 [6:0] $auto$wreduce.cc:514:run$2303 [6:0] $auto$wreduce.cc:514:run$2302 [6:0] $auto$wreduce.cc:514:run$2301 [6:0] 7'0101100 $auto$wreduce.cc:514:run$2300 [6:0] $auto$wreduce.cc:514:run$2299 [6:0] 2'01 }, Y={ $flatten\meter.$0\line[271:0] [271:160] $flatten\meter.$0\line[271:0] [158:152] $flatten\meter.$0\line[271:0] [150:144] $flatten\meter.$0\line[271:0] [142:136] $flatten\meter.$0\line[271:0] [134:128] $flatten\meter.$0\line[271:0] [126:120] $flatten\meter.$0\line[271:0] [118:112] $flatten\meter.$0\line[271:0] [110:104] $flatten\meter.$0\line[271:0] [102:96] $flatten\meter.$0\line[271:0] [94:88] $flatten\meter.$0\line[271:0] [86:80] $flatten\meter.$0\line[271:0] [78:72] $flatten\meter.$0\line[271:0] [70:64] $flatten\meter.$0\line[271:0] [62:56] $flatten\meter.$0\line[271:0] [54:48] $flatten\meter.$0\line[271:0] [46:40] $flatten\meter.$0\line[271:0] [38:32] $flatten\meter.$0\line[271:0] [30:24] $flatten\meter.$0\line[271:0] [22:16] $flatten\meter.$0\line[271:0] [9] $flatten\meter.$0\line[271:0] [10] }
      New connections: $flatten\meter.$0\line[271:0] [159] = 1'0
  Optimizing cells in module \bench007_probe_ax7203.
Performed a total of 1 changes.

3.34.149. Executing OPT_MERGE pass (detect identical cells).
Finding identical cells in module `\bench007_probe_ax7203'.
Computing hashes of 425 cells of `\bench007_probe_ax7203'.
Finding duplicate cells in `\bench007_probe_ax7203'.
Removed a total of 0 cells.

3.34.150. Executing OPT_SHARE pass.

3.34.151. Executing OPT_DFF pass (perform DFF optimizations).
Setting constant 0-bit at position 0 on $auto$ff.cc:337:slice$3247 ($sdffce) from module bench007_probe_ax7203.

3.34.152. Executing OPT_CLEAN pass (remove unused cells and wires).
Finding unused cells or wires in module \bench007_probe_ax7203..

3.34.153. Executing OPT_EXPR pass (perform const folding).
Optimizing module bench007_probe_ax7203.

3.34.154. Rerunning OPT passes. (Maybe there is more to do..)

3.34.155. Executing OPT_MUXTREE pass (detect dead branches in mux trees).
Running muxtree optimizer on module \bench007_probe_ax7203..
  Creating internal representation of mux trees.
  Evaluating internal representation of mux trees.
  Analyzing evaluation results.
Removed 0 multiplexer ports.
<suppressed ~42 debug messages>

3.34.156. Executing OPT_REDUCE pass (consolidate $*mux and $reduce_* inputs).
  Optimizing cells in module \bench007_probe_ax7203.
    Consolidated identical input bits for $mux cell $flatten\meter.$procmux$1991:
      Old ports: A={ \meter.line [263:160] 1'0 \meter.line [158:152] \meter.line [150:144] \meter.line [142:136] \meter.line [134:128] \meter.line [126:120] \meter.line [118:112] \meter.line [110:104] \meter.line [102:96] \meter.line [94:88] \meter.line [86:80] \meter.line [78:72] \meter.line [70:64] \meter.line [62:56] \meter.line [54:48] \meter.line [46:40] \meter.line [38:32] \meter.line [30:24] \meter.line [22:16] 4'0001 \meter.line [10:8] 2'10 }, B={ 25'0100001000110111001011000 $flatten\meter.$ternary$bench/bench007/rtl/bench_meter.v:104$1703_Y [6:0] 1'0 $auto$wreduce.cc:514:run$2323 [6:0] 1'0 $auto$wreduce.cc:514:run$2322 [6:0] 1'0 $auto$wreduce.cc:514:run$2321 [6:0] 1'0 $auto$wreduce.cc:514:run$2320 [6:0] 1'0 $auto$wreduce.cc:514:run$2319 [6:0] 1'0 $auto$wreduce.cc:514:run$2318 [6:0] 1'0 $auto$wreduce.cc:514:run$2317 [6:0] 9'001011000 $auto$wreduce.cc:514:run$2316 [6:0] 1'0 $auto$wreduce.cc:514:run$2315 [6:0] $auto$wreduce.cc:514:run$2314 [6:0] $auto$wreduce.cc:514:run$2313 [6:0] $auto$wreduce.cc:514:run$2312 [6:0] $auto$wreduce.cc:514:run$2311 [6:0] $auto$wreduce.cc:514:run$2310 [6:0] $auto$wreduce.cc:514:run$2309 [6:0] 7'0101100 $auto$wreduce.cc:514:run$2308 [6:0] $auto$wreduce.cc:514:run$2307 [6:0] $auto$wreduce.cc:514:run$2306 [6:0] $auto$wreduce.cc:514:run$2305 [6:0] $auto$wreduce.cc:514:run$2304 [6:0] $auto$wreduce.cc:514:run$2303 [6:0] $auto$wreduce.cc:514:run$2302 [6:0] $auto$wreduce.cc:514:run$2301 [6:0] 7'0101100 $auto$wreduce.cc:514:run$2300 [6:0] $auto$wreduce.cc:514:run$2299 [6:0] 2'01 }, Y={ $flatten\meter.$0\line[271:0] [271:160] $flatten\meter.$0\line[271:0] [158:152] $flatten\meter.$0\line[271:0] [150:144] $flatten\meter.$0\line[271:0] [142:136] $flatten\meter.$0\line[271:0] [134:128] $flatten\meter.$0\line[271:0] [126:120] $flatten\meter.$0\line[271:0] [118:112] $flatten\meter.$0\line[271:0] [110:104] $flatten\meter.$0\line[271:0] [102:96] $flatten\meter.$0\line[271:0] [94:88] $flatten\meter.$0\line[271:0] [86:80] $flatten\meter.$0\line[271:0] [78:72] $flatten\meter.$0\line[271:0] [70:64] $flatten\meter.$0\line[271:0] [62:56] $flatten\meter.$0\line[271:0] [54:48] $flatten\meter.$0\line[271:0] [46:40] $flatten\meter.$0\line[271:0] [38:32] $flatten\meter.$0\line[271:0] [30:24] $flatten\meter.$0\line[271:0] [22:16] $flatten\meter.$0\line[271:0] [9] $flatten\meter.$0\line[271:0] [10] }
      New ports: A={ \meter.line [263:160] \meter.line [158:152] \meter.line [150:144] \meter.line [142:136] \meter.line [134:128] \meter.line [126:120] \meter.line [118:112] \meter.line [110:104] \meter.line [102:96] \meter.line [94:88] \meter.line [86:80] \meter.line [78:72] \meter.line [70:64] \meter.line [62:56] \meter.line [54:48] \meter.line [46:40] \meter.line [38:32] \meter.line [30:24] \meter.line [22:16] 4'0001 \meter.line [10:8] 2'10 }, B={ 25'0100001000110111001011000 $flatten\meter.$ternary$bench/bench007/rtl/bench_meter.v:104$1703_Y [6:0] 1'0 $auto$wreduce.cc:514:run$2323 [6:0] 1'0 $auto$wreduce.cc:514:run$2322 [6:0] 1'0 $auto$wreduce.cc:514:run$2321 [6:0] 1'0 $auto$wreduce.cc:514:run$2320 [6:0] 1'0 $auto$wreduce.cc:514:run$2319 [6:0] 1'0 $auto$wreduce.cc:514:run$2318 [6:0] 1'0 $auto$wreduce.cc:514:run$2317 [6:0] 9'001011000 $auto$wreduce.cc:514:run$2316 [6:0] $auto$wreduce.cc:514:run$2315 [6:0] $auto$wreduce.cc:514:run$2314 [6:0] $auto$wreduce.cc:514:run$2313 [6:0] $auto$wreduce.cc:514:run$2312 [6:0] $auto$wreduce.cc:514:run$2311 [6:0] $auto$wreduce.cc:514:run$2310 [6:0] $auto$wreduce.cc:514:run$2309 [6:0] 7'0101100 $auto$wreduce.cc:514:run$2308 [6:0] $auto$wreduce.cc:514:run$2307 [6:0] $auto$wreduce.cc:514:run$2306 [6:0] $auto$wreduce.cc:514:run$2305 [6:0] $auto$wreduce.cc:514:run$2304 [6:0] $auto$wreduce.cc:514:run$2303 [6:0] $auto$wreduce.cc:514:run$2302 [6:0] $auto$wreduce.cc:514:run$2301 [6:0] 7'0101100 $auto$wreduce.cc:514:run$2300 [6:0] $auto$wreduce.cc:514:run$2299 [6:0] 2'01 }, Y={ $flatten\meter.$0\line[271:0] [271:168] $flatten\meter.$0\line[271:0] [166:160] $flatten\meter.$0\line[271:0] [158:152] $flatten\meter.$0\line[271:0] [150:144] $flatten\meter.$0\line[271:0] [142:136] $flatten\meter.$0\line[271:0] [134:128] $flatten\meter.$0\line[271:0] [126:120] $flatten\meter.$0\line[271:0] [118:112] $flatten\meter.$0\line[271:0] [110:104] $flatten\meter.$0\line[271:0] [102:96] $flatten\meter.$0\line[271:0] [94:88] $flatten\meter.$0\line[271:0] [86:80] $flatten\meter.$0\line[271:0] [78:72] $flatten\meter.$0\line[271:0] [70:64] $flatten\meter.$0\line[271:0] [62:56] $flatten\meter.$0\line[271:0] [54:48] $flatten\meter.$0\line[271:0] [46:40] $flatten\meter.$0\line[271:0] [38:32] $flatten\meter.$0\line[271:0] [30:24] $flatten\meter.$0\line[271:0] [22:16] $flatten\meter.$0\line[271:0] [9] $flatten\meter.$0\line[271:0] [10] }
      New connections: $flatten\meter.$0\line[271:0] [167] = 1'0
  Optimizing cells in module \bench007_probe_ax7203.
Performed a total of 1 changes.

3.34.157. Executing OPT_MERGE pass (detect identical cells).
Finding identical cells in module `\bench007_probe_ax7203'.
Computing hashes of 425 cells of `\bench007_probe_ax7203'.
Finding duplicate cells in `\bench007_probe_ax7203'.
Removed a total of 0 cells.

3.34.158. Executing OPT_SHARE pass.

3.34.159. Executing OPT_DFF pass (perform DFF optimizations).
Setting constant 0-bit at position 0 on $auto$ff.cc:337:slice$3248 ($sdffce) from module bench007_probe_ax7203.

3.34.160. Executing OPT_CLEAN pass (remove unused cells and wires).
Finding unused cells or wires in module \bench007_probe_ax7203..

3.34.161. Executing OPT_EXPR pass (perform const folding).
Optimizing module bench007_probe_ax7203.

3.34.162. Rerunning OPT passes. (Maybe there is more to do..)

3.34.163. Executing OPT_MUXTREE pass (detect dead branches in mux trees).
Running muxtree optimizer on module \bench007_probe_ax7203..
  Creating internal representation of mux trees.
  Evaluating internal representation of mux trees.
  Analyzing evaluation results.
Removed 0 multiplexer ports.
<suppressed ~42 debug messages>

3.34.164. Executing OPT_REDUCE pass (consolidate $*mux and $reduce_* inputs).
  Optimizing cells in module \bench007_probe_ax7203.
    Consolidated identical input bits for $mux cell $flatten\meter.$procmux$1991:
      Old ports: A={ \meter.line [263:168] 1'0 \meter.line [166:160] \meter.line [158:152] \meter.line [150:144] \meter.line [142:136] \meter.line [134:128] \meter.line [126:120] \meter.line [118:112] \meter.line [110:104] \meter.line [102:96] \meter.line [94:88] \meter.line [86:80] \meter.line [78:72] \meter.line [70:64] \meter.line [62:56] \meter.line [54:48] \meter.line [46:40] \meter.line [38:32] \meter.line [30:24] \meter.line [22:16] 4'0001 \meter.line [10:8] 2'10 }, B={ 25'0100001000110111001011000 $flatten\meter.$ternary$bench/bench007/rtl/bench_meter.v:104$1703_Y [6:0] 1'0 $auto$wreduce.cc:514:run$2323 [6:0] 1'0 $auto$wreduce.cc:514:run$2322 [6:0] 1'0 $auto$wreduce.cc:514:run$2321 [6:0] 1'0 $auto$wreduce.cc:514:run$2320 [6:0] 1'0 $auto$wreduce.cc:514:run$2319 [6:0] 1'0 $auto$wreduce.cc:514:run$2318 [6:0] 1'0 $auto$wreduce.cc:514:run$2317 [6:0] 9'001011000 $auto$wreduce.cc:514:run$2316 [6:0] $auto$wreduce.cc:514:run$2315 [6:0] $auto$wreduce.cc:514:run$2314 [6:0] $auto$wreduce.cc:514:run$2313 [6:0] $auto$wreduce.cc:514:run$2312 [6:0] $auto$wreduce.cc:514:run$2311 [6:0] $auto$wreduce.cc:514:run$2310 [6:0] $auto$wreduce.cc:514:run$2309 [6:0] 7'0101100 $auto$wreduce.cc:514:run$2308 [6:0] $auto$wreduce.cc:514:run$2307 [6:0] $auto$wreduce.cc:514:run$2306 [6:0] $auto$wreduce.cc:514:run$2305 [6:0] $auto$wreduce.cc:514:run$2304 [6:0] $auto$wreduce.cc:514:run$2303 [6:0] $auto$wreduce.cc:514:run$2302 [6:0] $auto$wreduce.cc:514:run$2301 [6:0] 7'0101100 $auto$wreduce.cc:514:run$2300 [6:0] $auto$wreduce.cc:514:run$2299 [6:0] 2'01 }, Y={ $flatten\meter.$0\line[271:0] [271:168] $flatten\meter.$0\line[271:0] [166:160] $flatten\meter.$0\line[271:0] [158:152] $flatten\meter.$0\line[271:0] [150:144] $flatten\meter.$0\line[271:0] [142:136] $flatten\meter.$0\line[271:0] [134:128] $flatten\meter.$0\line[271:0] [126:120] $flatten\meter.$0\line[271:0] [118:112] $flatten\meter.$0\line[271:0] [110:104] $flatten\meter.$0\line[271:0] [102:96] $flatten\meter.$0\line[271:0] [94:88] $flatten\meter.$0\line[271:0] [86:80] $flatten\meter.$0\line[271:0] [78:72] $flatten\meter.$0\line[271:0] [70:64] $flatten\meter.$0\line[271:0] [62:56] $flatten\meter.$0\line[271:0] [54:48] $flatten\meter.$0\line[271:0] [46:40] $flatten\meter.$0\line[271:0] [38:32] $flatten\meter.$0\line[271:0] [30:24] $flatten\meter.$0\line[271:0] [22:16] $flatten\meter.$0\line[271:0] [9] $flatten\meter.$0\line[271:0] [10] }
      New ports: A={ \meter.line [263:168] \meter.line [166:160] \meter.line [158:152] \meter.line [150:144] \meter.line [142:136] \meter.line [134:128] \meter.line [126:120] \meter.line [118:112] \meter.line [110:104] \meter.line [102:96] \meter.line [94:88] \meter.line [86:80] \meter.line [78:72] \meter.line [70:64] \meter.line [62:56] \meter.line [54:48] \meter.line [46:40] \meter.line [38:32] \meter.line [30:24] \meter.line [22:16] 4'0001 \meter.line [10:8] 2'10 }, B={ 25'0100001000110111001011000 $flatten\meter.$ternary$bench/bench007/rtl/bench_meter.v:104$1703_Y [6:0] 1'0 $auto$wreduce.cc:514:run$2323 [6:0] 1'0 $auto$wreduce.cc:514:run$2322 [6:0] 1'0 $auto$wreduce.cc:514:run$2321 [6:0] 1'0 $auto$wreduce.cc:514:run$2320 [6:0] 1'0 $auto$wreduce.cc:514:run$2319 [6:0] 1'0 $auto$wreduce.cc:514:run$2318 [6:0] 1'0 $auto$wreduce.cc:514:run$2317 [6:0] 8'00101100 $auto$wreduce.cc:514:run$2316 [6:0] $auto$wreduce.cc:514:run$2315 [6:0] $auto$wreduce.cc:514:run$2314 [6:0] $auto$wreduce.cc:514:run$2313 [6:0] $auto$wreduce.cc:514:run$2312 [6:0] $auto$wreduce.cc:514:run$2311 [6:0] $auto$wreduce.cc:514:run$2310 [6:0] $auto$wreduce.cc:514:run$2309 [6:0] 7'0101100 $auto$wreduce.cc:514:run$2308 [6:0] $auto$wreduce.cc:514:run$2307 [6:0] $auto$wreduce.cc:514:run$2306 [6:0] $auto$wreduce.cc:514:run$2305 [6:0] $auto$wreduce.cc:514:run$2304 [6:0] $auto$wreduce.cc:514:run$2303 [6:0] $auto$wreduce.cc:514:run$2302 [6:0] $auto$wreduce.cc:514:run$2301 [6:0] 7'0101100 $auto$wreduce.cc:514:run$2300 [6:0] $auto$wreduce.cc:514:run$2299 [6:0] 2'01 }, Y={ $flatten\meter.$0\line[271:0] [271:176] $flatten\meter.$0\line[271:0] [174:168] $flatten\meter.$0\line[271:0] [166:160] $flatten\meter.$0\line[271:0] [158:152] $flatten\meter.$0\line[271:0] [150:144] $flatten\meter.$0\line[271:0] [142:136] $flatten\meter.$0\line[271:0] [134:128] $flatten\meter.$0\line[271:0] [126:120] $flatten\meter.$0\line[271:0] [118:112] $flatten\meter.$0\line[271:0] [110:104] $flatten\meter.$0\line[271:0] [102:96] $flatten\meter.$0\line[271:0] [94:88] $flatten\meter.$0\line[271:0] [86:80] $flatten\meter.$0\line[271:0] [78:72] $flatten\meter.$0\line[271:0] [70:64] $flatten\meter.$0\line[271:0] [62:56] $flatten\meter.$0\line[271:0] [54:48] $flatten\meter.$0\line[271:0] [46:40] $flatten\meter.$0\line[271:0] [38:32] $flatten\meter.$0\line[271:0] [30:24] $flatten\meter.$0\line[271:0] [22:16] $flatten\meter.$0\line[271:0] [9] $flatten\meter.$0\line[271:0] [10] }
      New connections: $flatten\meter.$0\line[271:0] [175] = 1'0
  Optimizing cells in module \bench007_probe_ax7203.
Performed a total of 1 changes.

3.34.165. Executing OPT_MERGE pass (detect identical cells).
Finding identical cells in module `\bench007_probe_ax7203'.
Computing hashes of 425 cells of `\bench007_probe_ax7203'.
Finding duplicate cells in `\bench007_probe_ax7203'.
Removed a total of 0 cells.

3.34.166. Executing OPT_SHARE pass.

3.34.167. Executing OPT_DFF pass (perform DFF optimizations).
Setting constant 0-bit at position 0 on $auto$ff.cc:337:slice$3249 ($sdffce) from module bench007_probe_ax7203.

3.34.168. Executing OPT_CLEAN pass (remove unused cells and wires).
Finding unused cells or wires in module \bench007_probe_ax7203..

3.34.169. Executing OPT_EXPR pass (perform const folding).
Optimizing module bench007_probe_ax7203.

3.34.170. Rerunning OPT passes. (Maybe there is more to do..)

3.34.171. Executing OPT_MUXTREE pass (detect dead branches in mux trees).
Running muxtree optimizer on module \bench007_probe_ax7203..
  Creating internal representation of mux trees.
  Evaluating internal representation of mux trees.
  Analyzing evaluation results.
Removed 0 multiplexer ports.
<suppressed ~42 debug messages>

3.34.172. Executing OPT_REDUCE pass (consolidate $*mux and $reduce_* inputs).
  Optimizing cells in module \bench007_probe_ax7203.
    Consolidated identical input bits for $mux cell $flatten\meter.$procmux$1991:
      Old ports: A={ \meter.line [263:176] 1'0 \meter.line [174:168] \meter.line [166:160] \meter.line [158:152] \meter.line [150:144] \meter.line [142:136] \meter.line [134:128] \meter.line [126:120] \meter.line [118:112] \meter.line [110:104] \meter.line [102:96] \meter.line [94:88] \meter.line [86:80] \meter.line [78:72] \meter.line [70:64] \meter.line [62:56] \meter.line [54:48] \meter.line [46:40] \meter.line [38:32] \meter.line [30:24] \meter.line [22:16] 4'0001 \meter.line [10:8] 2'10 }, B={ 25'0100001000110111001011000 $flatten\meter.$ternary$bench/bench007/rtl/bench_meter.v:104$1703_Y [6:0] 1'0 $auto$wreduce.cc:514:run$2323 [6:0] 1'0 $auto$wreduce.cc:514:run$2322 [6:0] 1'0 $auto$wreduce.cc:514:run$2321 [6:0] 1'0 $auto$wreduce.cc:514:run$2320 [6:0] 1'0 $auto$wreduce.cc:514:run$2319 [6:0] 1'0 $auto$wreduce.cc:514:run$2318 [6:0] 1'0 $auto$wreduce.cc:514:run$2317 [6:0] 8'00101100 $auto$wreduce.cc:514:run$2316 [6:0] $auto$wreduce.cc:514:run$2315 [6:0] $auto$wreduce.cc:514:run$2314 [6:0] $auto$wreduce.cc:514:run$2313 [6:0] $auto$wreduce.cc:514:run$2312 [6:0] $auto$wreduce.cc:514:run$2311 [6:0] $auto$wreduce.cc:514:run$2310 [6:0] $auto$wreduce.cc:514:run$2309 [6:0] 7'0101100 $auto$wreduce.cc:514:run$2308 [6:0] $auto$wreduce.cc:514:run$2307 [6:0] $auto$wreduce.cc:514:run$2306 [6:0] $auto$wreduce.cc:514:run$2305 [6:0] $auto$wreduce.cc:514:run$2304 [6:0] $auto$wreduce.cc:514:run$2303 [6:0] $auto$wreduce.cc:514:run$2302 [6:0] $auto$wreduce.cc:514:run$2301 [6:0] 7'0101100 $auto$wreduce.cc:514:run$2300 [6:0] $auto$wreduce.cc:514:run$2299 [6:0] 2'01 }, Y={ $flatten\meter.$0\line[271:0] [271:176] $flatten\meter.$0\line[271:0] [174:168] $flatten\meter.$0\line[271:0] [166:160] $flatten\meter.$0\line[271:0] [158:152] $flatten\meter.$0\line[271:0] [150:144] $flatten\meter.$0\line[271:0] [142:136] $flatten\meter.$0\line[271:0] [134:128] $flatten\meter.$0\line[271:0] [126:120] $flatten\meter.$0\line[271:0] [118:112] $flatten\meter.$0\line[271:0] [110:104] $flatten\meter.$0\line[271:0] [102:96] $flatten\meter.$0\line[271:0] [94:88] $flatten\meter.$0\line[271:0] [86:80] $flatten\meter.$0\line[271:0] [78:72] $flatten\meter.$0\line[271:0] [70:64] $flatten\meter.$0\line[271:0] [62:56] $flatten\meter.$0\line[271:0] [54:48] $flatten\meter.$0\line[271:0] [46:40] $flatten\meter.$0\line[271:0] [38:32] $flatten\meter.$0\line[271:0] [30:24] $flatten\meter.$0\line[271:0] [22:16] $flatten\meter.$0\line[271:0] [9] $flatten\meter.$0\line[271:0] [10] }
      New ports: A={ \meter.line [263:176] \meter.line [174:168] \meter.line [166:160] \meter.line [158:152] \meter.line [150:144] \meter.line [142:136] \meter.line [134:128] \meter.line [126:120] \meter.line [118:112] \meter.line [110:104] \meter.line [102:96] \meter.line [94:88] \meter.line [86:80] \meter.line [78:72] \meter.line [70:64] \meter.line [62:56] \meter.line [54:48] \meter.line [46:40] \meter.line [38:32] \meter.line [30:24] \meter.line [22:16] 4'0001 \meter.line [10:8] 2'10 }, B={ 25'0100001000110111001011000 $flatten\meter.$ternary$bench/bench007/rtl/bench_meter.v:104$1703_Y [6:0] 1'0 $auto$wreduce.cc:514:run$2323 [6:0] 1'0 $auto$wreduce.cc:514:run$2322 [6:0] 1'0 $auto$wreduce.cc:514:run$2321 [6:0] 1'0 $auto$wreduce.cc:514:run$2320 [6:0] 1'0 $auto$wreduce.cc:514:run$2319 [6:0] 1'0 $auto$wreduce.cc:514:run$2318 [6:0] 1'0 $auto$wreduce.cc:514:run$2317 [6:0] 7'0101100 $auto$wreduce.cc:514:run$2316 [6:0] $auto$wreduce.cc:514:run$2315 [6:0] $auto$wreduce.cc:514:run$2314 [6:0] $auto$wreduce.cc:514:run$2313 [6:0] $auto$wreduce.cc:514:run$2312 [6:0] $auto$wreduce.cc:514:run$2311 [6:0] $auto$wreduce.cc:514:run$2310 [6:0] $auto$wreduce.cc:514:run$2309 [6:0] 7'0101100 $auto$wreduce.cc:514:run$2308 [6:0] $auto$wreduce.cc:514:run$2307 [6:0] $auto$wreduce.cc:514:run$2306 [6:0] $auto$wreduce.cc:514:run$2305 [6:0] $auto$wreduce.cc:514:run$2304 [6:0] $auto$wreduce.cc:514:run$2303 [6:0] $auto$wreduce.cc:514:run$2302 [6:0] $auto$wreduce.cc:514:run$2301 [6:0] 7'0101100 $auto$wreduce.cc:514:run$2300 [6:0] $auto$wreduce.cc:514:run$2299 [6:0] 2'01 }, Y={ $flatten\meter.$0\line[271:0] [271:184] $flatten\meter.$0\line[271:0] [182:176] $flatten\meter.$0\line[271:0] [174:168] $flatten\meter.$0\line[271:0] [166:160] $flatten\meter.$0\line[271:0] [158:152] $flatten\meter.$0\line[271:0] [150:144] $flatten\meter.$0\line[271:0] [142:136] $flatten\meter.$0\line[271:0] [134:128] $flatten\meter.$0\line[271:0] [126:120] $flatten\meter.$0\line[271:0] [118:112] $flatten\meter.$0\line[271:0] [110:104] $flatten\meter.$0\line[271:0] [102:96] $flatten\meter.$0\line[271:0] [94:88] $flatten\meter.$0\line[271:0] [86:80] $flatten\meter.$0\line[271:0] [78:72] $flatten\meter.$0\line[271:0] [70:64] $flatten\meter.$0\line[271:0] [62:56] $flatten\meter.$0\line[271:0] [54:48] $flatten\meter.$0\line[271:0] [46:40] $flatten\meter.$0\line[271:0] [38:32] $flatten\meter.$0\line[271:0] [30:24] $flatten\meter.$0\line[271:0] [22:16] $flatten\meter.$0\line[271:0] [9] $flatten\meter.$0\line[271:0] [10] }
      New connections: $flatten\meter.$0\line[271:0] [183] = 1'0
  Optimizing cells in module \bench007_probe_ax7203.
Performed a total of 1 changes.

3.34.173. Executing OPT_MERGE pass (detect identical cells).
Finding identical cells in module `\bench007_probe_ax7203'.
Computing hashes of 425 cells of `\bench007_probe_ax7203'.
Finding duplicate cells in `\bench007_probe_ax7203'.
Removed a total of 0 cells.

3.34.174. Executing OPT_SHARE pass.

3.34.175. Executing OPT_DFF pass (perform DFF optimizations).
Setting constant 0-bit at position 24 on $auto$ff.cc:337:slice$3242 ($sdffce) from module bench007_probe_ax7203.

3.34.176. Executing OPT_CLEAN pass (remove unused cells and wires).
Finding unused cells or wires in module \bench007_probe_ax7203..

3.34.177. Executing OPT_EXPR pass (perform const folding).
Optimizing module bench007_probe_ax7203.

3.34.178. Rerunning OPT passes. (Maybe there is more to do..)

3.34.179. Executing OPT_MUXTREE pass (detect dead branches in mux trees).
Running muxtree optimizer on module \bench007_probe_ax7203..
  Creating internal representation of mux trees.
  Evaluating internal representation of mux trees.
  Analyzing evaluation results.
Removed 0 multiplexer ports.
<suppressed ~42 debug messages>

3.34.180. Executing OPT_REDUCE pass (consolidate $*mux and $reduce_* inputs).
  Optimizing cells in module \bench007_probe_ax7203.
    Consolidated identical input bits for $mux cell $flatten\meter.$procmux$1991:
      Old ports: A={ \meter.line [263:184] 1'0 \meter.line [182:176] \meter.line [174:168] \meter.line [166:160] \meter.line [158:152] \meter.line [150:144] \meter.line [142:136] \meter.line [134:128] \meter.line [126:120] \meter.line [118:112] \meter.line [110:104] \meter.line [102:96] \meter.line [94:88] \meter.line [86:80] \meter.line [78:72] \meter.line [70:64] \meter.line [62:56] \meter.line [54:48] \meter.line [46:40] \meter.line [38:32] \meter.line [30:24] \meter.line [22:16] 4'0001 \meter.line [10:8] 2'10 }, B={ 25'0100001000110111001011000 $flatten\meter.$ternary$bench/bench007/rtl/bench_meter.v:104$1703_Y [6:0] 1'0 $auto$wreduce.cc:514:run$2323 [6:0] 1'0 $auto$wreduce.cc:514:run$2322 [6:0] 1'0 $auto$wreduce.cc:514:run$2321 [6:0] 1'0 $auto$wreduce.cc:514:run$2320 [6:0] 1'0 $auto$wreduce.cc:514:run$2319 [6:0] 1'0 $auto$wreduce.cc:514:run$2318 [6:0] 1'0 $auto$wreduce.cc:514:run$2317 [6:0] 7'0101100 $auto$wreduce.cc:514:run$2316 [6:0] $auto$wreduce.cc:514:run$2315 [6:0] $auto$wreduce.cc:514:run$2314 [6:0] $auto$wreduce.cc:514:run$2313 [6:0] $auto$wreduce.cc:514:run$2312 [6:0] $auto$wreduce.cc:514:run$2311 [6:0] $auto$wreduce.cc:514:run$2310 [6:0] $auto$wreduce.cc:514:run$2309 [6:0] 7'0101100 $auto$wreduce.cc:514:run$2308 [6:0] $auto$wreduce.cc:514:run$2307 [6:0] $auto$wreduce.cc:514:run$2306 [6:0] $auto$wreduce.cc:514:run$2305 [6:0] $auto$wreduce.cc:514:run$2304 [6:0] $auto$wreduce.cc:514:run$2303 [6:0] $auto$wreduce.cc:514:run$2302 [6:0] $auto$wreduce.cc:514:run$2301 [6:0] 7'0101100 $auto$wreduce.cc:514:run$2300 [6:0] $auto$wreduce.cc:514:run$2299 [6:0] 2'01 }, Y={ $flatten\meter.$0\line[271:0] [271:184] $flatten\meter.$0\line[271:0] [182:176] $flatten\meter.$0\line[271:0] [174:168] $flatten\meter.$0\line[271:0] [166:160] $flatten\meter.$0\line[271:0] [158:152] $flatten\meter.$0\line[271:0] [150:144] $flatten\meter.$0\line[271:0] [142:136] $flatten\meter.$0\line[271:0] [134:128] $flatten\meter.$0\line[271:0] [126:120] $flatten\meter.$0\line[271:0] [118:112] $flatten\meter.$0\line[271:0] [110:104] $flatten\meter.$0\line[271:0] [102:96] $flatten\meter.$0\line[271:0] [94:88] $flatten\meter.$0\line[271:0] [86:80] $flatten\meter.$0\line[271:0] [78:72] $flatten\meter.$0\line[271:0] [70:64] $flatten\meter.$0\line[271:0] [62:56] $flatten\meter.$0\line[271:0] [54:48] $flatten\meter.$0\line[271:0] [46:40] $flatten\meter.$0\line[271:0] [38:32] $flatten\meter.$0\line[271:0] [30:24] $flatten\meter.$0\line[271:0] [22:16] $flatten\meter.$0\line[271:0] [9] $flatten\meter.$0\line[271:0] [10] }
      New ports: A={ \meter.line [263:184] \meter.line [182:176] \meter.line [174:168] \meter.line [166:160] \meter.line [158:152] \meter.line [150:144] \meter.line [142:136] \meter.line [134:128] \meter.line [126:120] \meter.line [118:112] \meter.line [110:104] \meter.line [102:96] \meter.line [94:88] \meter.line [86:80] \meter.line [78:72] \meter.line [70:64] \meter.line [62:56] \meter.line [54:48] \meter.line [46:40] \meter.line [38:32] \meter.line [30:24] \meter.line [22:16] 4'0001 \meter.line [10:8] 2'10 }, B={ 25'0100001000110111001011000 $flatten\meter.$ternary$bench/bench007/rtl/bench_meter.v:104$1703_Y [6:0] 1'0 $auto$wreduce.cc:514:run$2323 [6:0] 1'0 $auto$wreduce.cc:514:run$2322 [6:0] 1'0 $auto$wreduce.cc:514:run$2321 [6:0] 1'0 $auto$wreduce.cc:514:run$2320 [6:0] 1'0 $auto$wreduce.cc:514:run$2319 [6:0] 1'0 $auto$wreduce.cc:514:run$2318 [6:0] $auto$wreduce.cc:514:run$2317 [6:0] 7'0101100 $auto$wreduce.cc:514:run$2316 [6:0] $auto$wreduce.cc:514:run$2315 [6:0] $auto$wreduce.cc:514:run$2314 [6:0] $auto$wreduce.cc:514:run$2313 [6:0] $auto$wreduce.cc:514:run$2312 [6:0] $auto$wreduce.cc:514:run$2311 [6:0] $auto$wreduce.cc:514:run$2310 [6:0] $auto$wreduce.cc:514:run$2309 [6:0] 7'0101100 $auto$wreduce.cc:514:run$2308 [6:0] $auto$wreduce.cc:514:run$2307 [6:0] $auto$wreduce.cc:514:run$2306 [6:0] $auto$wreduce.cc:514:run$2305 [6:0] $auto$wreduce.cc:514:run$2304 [6:0] $auto$wreduce.cc:514:run$2303 [6:0] $auto$wreduce.cc:514:run$2302 [6:0] $auto$wreduce.cc:514:run$2301 [6:0] 7'0101100 $auto$wreduce.cc:514:run$2300 [6:0] $auto$wreduce.cc:514:run$2299 [6:0] 2'01 }, Y={ $flatten\meter.$0\line[271:0] [271:192] $flatten\meter.$0\line[271:0] [190:184] $flatten\meter.$0\line[271:0] [182:176] $flatten\meter.$0\line[271:0] [174:168] $flatten\meter.$0\line[271:0] [166:160] $flatten\meter.$0\line[271:0] [158:152] $flatten\meter.$0\line[271:0] [150:144] $flatten\meter.$0\line[271:0] [142:136] $flatten\meter.$0\line[271:0] [134:128] $flatten\meter.$0\line[271:0] [126:120] $flatten\meter.$0\line[271:0] [118:112] $flatten\meter.$0\line[271:0] [110:104] $flatten\meter.$0\line[271:0] [102:96] $flatten\meter.$0\line[271:0] [94:88] $flatten\meter.$0\line[271:0] [86:80] $flatten\meter.$0\line[271:0] [78:72] $flatten\meter.$0\line[271:0] [70:64] $flatten\meter.$0\line[271:0] [62:56] $flatten\meter.$0\line[271:0] [54:48] $flatten\meter.$0\line[271:0] [46:40] $flatten\meter.$0\line[271:0] [38:32] $flatten\meter.$0\line[271:0] [30:24] $flatten\meter.$0\line[271:0] [22:16] $flatten\meter.$0\line[271:0] [9] $flatten\meter.$0\line[271:0] [10] }
      New connections: $flatten\meter.$0\line[271:0] [191] = 1'0
  Optimizing cells in module \bench007_probe_ax7203.
Performed a total of 1 changes.

3.34.181. Executing OPT_MERGE pass (detect identical cells).
Finding identical cells in module `\bench007_probe_ax7203'.
Computing hashes of 425 cells of `\bench007_probe_ax7203'.
Finding duplicate cells in `\bench007_probe_ax7203'.
Removed a total of 0 cells.

3.34.182. Executing OPT_SHARE pass.

3.34.183. Executing OPT_DFF pass (perform DFF optimizations).
Setting constant 0-bit at position 0 on $auto$ff.cc:337:slice$3250 ($sdffce) from module bench007_probe_ax7203.

3.34.184. Executing OPT_CLEAN pass (remove unused cells and wires).
Finding unused cells or wires in module \bench007_probe_ax7203..

3.34.185. Executing OPT_EXPR pass (perform const folding).
Optimizing module bench007_probe_ax7203.

3.34.186. Rerunning OPT passes. (Maybe there is more to do..)

3.34.187. Executing OPT_MUXTREE pass (detect dead branches in mux trees).
Running muxtree optimizer on module \bench007_probe_ax7203..
  Creating internal representation of mux trees.
  Evaluating internal representation of mux trees.
  Analyzing evaluation results.
Removed 0 multiplexer ports.
<suppressed ~42 debug messages>

3.34.188. Executing OPT_REDUCE pass (consolidate $*mux and $reduce_* inputs).
  Optimizing cells in module \bench007_probe_ax7203.
    Consolidated identical input bits for $mux cell $flatten\meter.$procmux$1991:
      Old ports: A={ \meter.line [263:192] 1'0 \meter.line [190:184] \meter.line [182:176] \meter.line [174:168] \meter.line [166:160] \meter.line [158:152] \meter.line [150:144] \meter.line [142:136] \meter.line [134:128] \meter.line [126:120] \meter.line [118:112] \meter.line [110:104] \meter.line [102:96] \meter.line [94:88] \meter.line [86:80] \meter.line [78:72] \meter.line [70:64] \meter.line [62:56] \meter.line [54:48] \meter.line [46:40] \meter.line [38:32] \meter.line [30:24] \meter.line [22:16] 4'0001 \meter.line [10:8] 2'10 }, B={ 25'0100001000110111001011000 $flatten\meter.$ternary$bench/bench007/rtl/bench_meter.v:104$1703_Y [6:0] 1'0 $auto$wreduce.cc:514:run$2323 [6:0] 1'0 $auto$wreduce.cc:514:run$2322 [6:0] 1'0 $auto$wreduce.cc:514:run$2321 [6:0] 1'0 $auto$wreduce.cc:514:run$2320 [6:0] 1'0 $auto$wreduce.cc:514:run$2319 [6:0] 1'0 $auto$wreduce.cc:514:run$2318 [6:0] $auto$wreduce.cc:514:run$2317 [6:0] 7'0101100 $auto$wreduce.cc:514:run$2316 [6:0] $auto$wreduce.cc:514:run$2315 [6:0] $auto$wreduce.cc:514:run$2314 [6:0] $auto$wreduce.cc:514:run$2313 [6:0] $auto$wreduce.cc:514:run$2312 [6:0] $auto$wreduce.cc:514:run$2311 [6:0] $auto$wreduce.cc:514:run$2310 [6:0] $auto$wreduce.cc:514:run$2309 [6:0] 7'0101100 $auto$wreduce.cc:514:run$2308 [6:0] $auto$wreduce.cc:514:run$2307 [6:0] $auto$wreduce.cc:514:run$2306 [6:0] $auto$wreduce.cc:514:run$2305 [6:0] $auto$wreduce.cc:514:run$2304 [6:0] $auto$wreduce.cc:514:run$2303 [6:0] $auto$wreduce.cc:514:run$2302 [6:0] $auto$wreduce.cc:514:run$2301 [6:0] 7'0101100 $auto$wreduce.cc:514:run$2300 [6:0] $auto$wreduce.cc:514:run$2299 [6:0] 2'01 }, Y={ $flatten\meter.$0\line[271:0] [271:192] $flatten\meter.$0\line[271:0] [190:184] $flatten\meter.$0\line[271:0] [182:176] $flatten\meter.$0\line[271:0] [174:168] $flatten\meter.$0\line[271:0] [166:160] $flatten\meter.$0\line[271:0] [158:152] $flatten\meter.$0\line[271:0] [150:144] $flatten\meter.$0\line[271:0] [142:136] $flatten\meter.$0\line[271:0] [134:128] $flatten\meter.$0\line[271:0] [126:120] $flatten\meter.$0\line[271:0] [118:112] $flatten\meter.$0\line[271:0] [110:104] $flatten\meter.$0\line[271:0] [102:96] $flatten\meter.$0\line[271:0] [94:88] $flatten\meter.$0\line[271:0] [86:80] $flatten\meter.$0\line[271:0] [78:72] $flatten\meter.$0\line[271:0] [70:64] $flatten\meter.$0\line[271:0] [62:56] $flatten\meter.$0\line[271:0] [54:48] $flatten\meter.$0\line[271:0] [46:40] $flatten\meter.$0\line[271:0] [38:32] $flatten\meter.$0\line[271:0] [30:24] $flatten\meter.$0\line[271:0] [22:16] $flatten\meter.$0\line[271:0] [9] $flatten\meter.$0\line[271:0] [10] }
      New ports: A={ \meter.line [263:192] \meter.line [190:184] \meter.line [182:176] \meter.line [174:168] \meter.line [166:160] \meter.line [158:152] \meter.line [150:144] \meter.line [142:136] \meter.line [134:128] \meter.line [126:120] \meter.line [118:112] \meter.line [110:104] \meter.line [102:96] \meter.line [94:88] \meter.line [86:80] \meter.line [78:72] \meter.line [70:64] \meter.line [62:56] \meter.line [54:48] \meter.line [46:40] \meter.line [38:32] \meter.line [30:24] \meter.line [22:16] 4'0001 \meter.line [10:8] 2'10 }, B={ 25'0100001000110111001011000 $flatten\meter.$ternary$bench/bench007/rtl/bench_meter.v:104$1703_Y [6:0] 1'0 $auto$wreduce.cc:514:run$2323 [6:0] 1'0 $auto$wreduce.cc:514:run$2322 [6:0] 1'0 $auto$wreduce.cc:514:run$2321 [6:0] 1'0 $auto$wreduce.cc:514:run$2320 [6:0] 1'0 $auto$wreduce.cc:514:run$2319 [6:0] $auto$wreduce.cc:514:run$2318 [6:0] $auto$wreduce.cc:514:run$2317 [6:0] 7'0101100 $auto$wreduce.cc:514:run$2316 [6:0] $auto$wreduce.cc:514:run$2315 [6:0] $auto$wreduce.cc:514:run$2314 [6:0] $auto$wreduce.cc:514:run$2313 [6:0] $auto$wreduce.cc:514:run$2312 [6:0] $auto$wreduce.cc:514:run$2311 [6:0] $auto$wreduce.cc:514:run$2310 [6:0] $auto$wreduce.cc:514:run$2309 [6:0] 7'0101100 $auto$wreduce.cc:514:run$2308 [6:0] $auto$wreduce.cc:514:run$2307 [6:0] $auto$wreduce.cc:514:run$2306 [6:0] $auto$wreduce.cc:514:run$2305 [6:0] $auto$wreduce.cc:514:run$2304 [6:0] $auto$wreduce.cc:514:run$2303 [6:0] $auto$wreduce.cc:514:run$2302 [6:0] $auto$wreduce.cc:514:run$2301 [6:0] 7'0101100 $auto$wreduce.cc:514:run$2300 [6:0] $auto$wreduce.cc:514:run$2299 [6:0] 2'01 }, Y={ $flatten\meter.$0\line[271:0] [271:200] $flatten\meter.$0\line[271:0] [198:192] $flatten\meter.$0\line[271:0] [190:184] $flatten\meter.$0\line[271:0] [182:176] $flatten\meter.$0\line[271:0] [174:168] $flatten\meter.$0\line[271:0] [166:160] $flatten\meter.$0\line[271:0] [158:152] $flatten\meter.$0\line[271:0] [150:144] $flatten\meter.$0\line[271:0] [142:136] $flatten\meter.$0\line[271:0] [134:128] $flatten\meter.$0\line[271:0] [126:120] $flatten\meter.$0\line[271:0] [118:112] $flatten\meter.$0\line[271:0] [110:104] $flatten\meter.$0\line[271:0] [102:96] $flatten\meter.$0\line[271:0] [94:88] $flatten\meter.$0\line[271:0] [86:80] $flatten\meter.$0\line[271:0] [78:72] $flatten\meter.$0\line[271:0] [70:64] $flatten\meter.$0\line[271:0] [62:56] $flatten\meter.$0\line[271:0] [54:48] $flatten\meter.$0\line[271:0] [46:40] $flatten\meter.$0\line[271:0] [38:32] $flatten\meter.$0\line[271:0] [30:24] $flatten\meter.$0\line[271:0] [22:16] $flatten\meter.$0\line[271:0] [9] $flatten\meter.$0\line[271:0] [10] }
      New connections: $flatten\meter.$0\line[271:0] [199] = 1'0
  Optimizing cells in module \bench007_probe_ax7203.
Performed a total of 1 changes.

3.34.189. Executing OPT_MERGE pass (detect identical cells).
Finding identical cells in module `\bench007_probe_ax7203'.
Computing hashes of 425 cells of `\bench007_probe_ax7203'.
Finding duplicate cells in `\bench007_probe_ax7203'.
Removed a total of 0 cells.

3.34.190. Executing OPT_SHARE pass.

3.34.191. Executing OPT_DFF pass (perform DFF optimizations).
Setting constant 0-bit at position 0 on $auto$ff.cc:337:slice$3252 ($sdffce) from module bench007_probe_ax7203.

3.34.192. Executing OPT_CLEAN pass (remove unused cells and wires).
Finding unused cells or wires in module \bench007_probe_ax7203..

3.34.193. Executing OPT_EXPR pass (perform const folding).
Optimizing module bench007_probe_ax7203.

3.34.194. Rerunning OPT passes. (Maybe there is more to do..)

3.34.195. Executing OPT_MUXTREE pass (detect dead branches in mux trees).
Running muxtree optimizer on module \bench007_probe_ax7203..
  Creating internal representation of mux trees.
  Evaluating internal representation of mux trees.
  Analyzing evaluation results.
Removed 0 multiplexer ports.
<suppressed ~42 debug messages>

3.34.196. Executing OPT_REDUCE pass (consolidate $*mux and $reduce_* inputs).
  Optimizing cells in module \bench007_probe_ax7203.
    Consolidated identical input bits for $mux cell $flatten\meter.$procmux$1991:
      Old ports: A={ \meter.line [263:200] 1'0 \meter.line [198:192] \meter.line [190:184] \meter.line [182:176] \meter.line [174:168] \meter.line [166:160] \meter.line [158:152] \meter.line [150:144] \meter.line [142:136] \meter.line [134:128] \meter.line [126:120] \meter.line [118:112] \meter.line [110:104] \meter.line [102:96] \meter.line [94:88] \meter.line [86:80] \meter.line [78:72] \meter.line [70:64] \meter.line [62:56] \meter.line [54:48] \meter.line [46:40] \meter.line [38:32] \meter.line [30:24] \meter.line [22:16] 4'0001 \meter.line [10:8] 2'10 }, B={ 25'0100001000110111001011000 $flatten\meter.$ternary$bench/bench007/rtl/bench_meter.v:104$1703_Y [6:0] 1'0 $auto$wreduce.cc:514:run$2323 [6:0] 1'0 $auto$wreduce.cc:514:run$2322 [6:0] 1'0 $auto$wreduce.cc:514:run$2321 [6:0] 1'0 $auto$wreduce.cc:514:run$2320 [6:0] 1'0 $auto$wreduce.cc:514:run$2319 [6:0] $auto$wreduce.cc:514:run$2318 [6:0] $auto$wreduce.cc:514:run$2317 [6:0] 7'0101100 $auto$wreduce.cc:514:run$2316 [6:0] $auto$wreduce.cc:514:run$2315 [6:0] $auto$wreduce.cc:514:run$2314 [6:0] $auto$wreduce.cc:514:run$2313 [6:0] $auto$wreduce.cc:514:run$2312 [6:0] $auto$wreduce.cc:514:run$2311 [6:0] $auto$wreduce.cc:514:run$2310 [6:0] $auto$wreduce.cc:514:run$2309 [6:0] 7'0101100 $auto$wreduce.cc:514:run$2308 [6:0] $auto$wreduce.cc:514:run$2307 [6:0] $auto$wreduce.cc:514:run$2306 [6:0] $auto$wreduce.cc:514:run$2305 [6:0] $auto$wreduce.cc:514:run$2304 [6:0] $auto$wreduce.cc:514:run$2303 [6:0] $auto$wreduce.cc:514:run$2302 [6:0] $auto$wreduce.cc:514:run$2301 [6:0] 7'0101100 $auto$wreduce.cc:514:run$2300 [6:0] $auto$wreduce.cc:514:run$2299 [6:0] 2'01 }, Y={ $flatten\meter.$0\line[271:0] [271:200] $flatten\meter.$0\line[271:0] [198:192] $flatten\meter.$0\line[271:0] [190:184] $flatten\meter.$0\line[271:0] [182:176] $flatten\meter.$0\line[271:0] [174:168] $flatten\meter.$0\line[271:0] [166:160] $flatten\meter.$0\line[271:0] [158:152] $flatten\meter.$0\line[271:0] [150:144] $flatten\meter.$0\line[271:0] [142:136] $flatten\meter.$0\line[271:0] [134:128] $flatten\meter.$0\line[271:0] [126:120] $flatten\meter.$0\line[271:0] [118:112] $flatten\meter.$0\line[271:0] [110:104] $flatten\meter.$0\line[271:0] [102:96] $flatten\meter.$0\line[271:0] [94:88] $flatten\meter.$0\line[271:0] [86:80] $flatten\meter.$0\line[271:0] [78:72] $flatten\meter.$0\line[271:0] [70:64] $flatten\meter.$0\line[271:0] [62:56] $flatten\meter.$0\line[271:0] [54:48] $flatten\meter.$0\line[271:0] [46:40] $flatten\meter.$0\line[271:0] [38:32] $flatten\meter.$0\line[271:0] [30:24] $flatten\meter.$0\line[271:0] [22:16] $flatten\meter.$0\line[271:0] [9] $flatten\meter.$0\line[271:0] [10] }
      New ports: A={ \meter.line [263:200] \meter.line [198:192] \meter.line [190:184] \meter.line [182:176] \meter.line [174:168] \meter.line [166:160] \meter.line [158:152] \meter.line [150:144] \meter.line [142:136] \meter.line [134:128] \meter.line [126:120] \meter.line [118:112] \meter.line [110:104] \meter.line [102:96] \meter.line [94:88] \meter.line [86:80] \meter.line [78:72] \meter.line [70:64] \meter.line [62:56] \meter.line [54:48] \meter.line [46:40] \meter.line [38:32] \meter.line [30:24] \meter.line [22:16] 4'0001 \meter.line [10:8] 2'10 }, B={ 25'0100001000110111001011000 $flatten\meter.$ternary$bench/bench007/rtl/bench_meter.v:104$1703_Y [6:0] 1'0 $auto$wreduce.cc:514:run$2323 [6:0] 1'0 $auto$wreduce.cc:514:run$2322 [6:0] 1'0 $auto$wreduce.cc:514:run$2321 [6:0] 1'0 $auto$wreduce.cc:514:run$2320 [6:0] $auto$wreduce.cc:514:run$2319 [6:0] $auto$wreduce.cc:514:run$2318 [6:0] $auto$wreduce.cc:514:run$2317 [6:0] 7'0101100 $auto$wreduce.cc:514:run$2316 [6:0] $auto$wreduce.cc:514:run$2315 [6:0] $auto$wreduce.cc:514:run$2314 [6:0] $auto$wreduce.cc:514:run$2313 [6:0] $auto$wreduce.cc:514:run$2312 [6:0] $auto$wreduce.cc:514:run$2311 [6:0] $auto$wreduce.cc:514:run$2310 [6:0] $auto$wreduce.cc:514:run$2309 [6:0] 7'0101100 $auto$wreduce.cc:514:run$2308 [6:0] $auto$wreduce.cc:514:run$2307 [6:0] $auto$wreduce.cc:514:run$2306 [6:0] $auto$wreduce.cc:514:run$2305 [6:0] $auto$wreduce.cc:514:run$2304 [6:0] $auto$wreduce.cc:514:run$2303 [6:0] $auto$wreduce.cc:514:run$2302 [6:0] $auto$wreduce.cc:514:run$2301 [6:0] 7'0101100 $auto$wreduce.cc:514:run$2300 [6:0] $auto$wreduce.cc:514:run$2299 [6:0] 2'01 }, Y={ $flatten\meter.$0\line[271:0] [271:208] $flatten\meter.$0\line[271:0] [206:200] $flatten\meter.$0\line[271:0] [198:192] $flatten\meter.$0\line[271:0] [190:184] $flatten\meter.$0\line[271:0] [182:176] $flatten\meter.$0\line[271:0] [174:168] $flatten\meter.$0\line[271:0] [166:160] $flatten\meter.$0\line[271:0] [158:152] $flatten\meter.$0\line[271:0] [150:144] $flatten\meter.$0\line[271:0] [142:136] $flatten\meter.$0\line[271:0] [134:128] $flatten\meter.$0\line[271:0] [126:120] $flatten\meter.$0\line[271:0] [118:112] $flatten\meter.$0\line[271:0] [110:104] $flatten\meter.$0\line[271:0] [102:96] $flatten\meter.$0\line[271:0] [94:88] $flatten\meter.$0\line[271:0] [86:80] $flatten\meter.$0\line[271:0] [78:72] $flatten\meter.$0\line[271:0] [70:64] $flatten\meter.$0\line[271:0] [62:56] $flatten\meter.$0\line[271:0] [54:48] $flatten\meter.$0\line[271:0] [46:40] $flatten\meter.$0\line[271:0] [38:32] $flatten\meter.$0\line[271:0] [30:24] $flatten\meter.$0\line[271:0] [22:16] $flatten\meter.$0\line[271:0] [9] $flatten\meter.$0\line[271:0] [10] }
      New connections: $flatten\meter.$0\line[271:0] [207] = 1'0
  Optimizing cells in module \bench007_probe_ax7203.
Performed a total of 1 changes.

3.34.197. Executing OPT_MERGE pass (detect identical cells).
Finding identical cells in module `\bench007_probe_ax7203'.
Computing hashes of 425 cells of `\bench007_probe_ax7203'.
Finding duplicate cells in `\bench007_probe_ax7203'.
Removed a total of 0 cells.

3.34.198. Executing OPT_SHARE pass.

3.34.199. Executing OPT_DFF pass (perform DFF optimizations).
Setting constant 0-bit at position 0 on $auto$ff.cc:337:slice$3253 ($sdffce) from module bench007_probe_ax7203.

3.34.200. Executing OPT_CLEAN pass (remove unused cells and wires).
Finding unused cells or wires in module \bench007_probe_ax7203..

3.34.201. Executing OPT_EXPR pass (perform const folding).
Optimizing module bench007_probe_ax7203.

3.34.202. Rerunning OPT passes. (Maybe there is more to do..)

3.34.203. Executing OPT_MUXTREE pass (detect dead branches in mux trees).
Running muxtree optimizer on module \bench007_probe_ax7203..
  Creating internal representation of mux trees.
  Evaluating internal representation of mux trees.
  Analyzing evaluation results.
Removed 0 multiplexer ports.
<suppressed ~42 debug messages>

3.34.204. Executing OPT_REDUCE pass (consolidate $*mux and $reduce_* inputs).
  Optimizing cells in module \bench007_probe_ax7203.
    Consolidated identical input bits for $mux cell $flatten\meter.$procmux$1991:
      Old ports: A={ \meter.line [263:208] 1'0 \meter.line [206:200] \meter.line [198:192] \meter.line [190:184] \meter.line [182:176] \meter.line [174:168] \meter.line [166:160] \meter.line [158:152] \meter.line [150:144] \meter.line [142:136] \meter.line [134:128] \meter.line [126:120] \meter.line [118:112] \meter.line [110:104] \meter.line [102:96] \meter.line [94:88] \meter.line [86:80] \meter.line [78:72] \meter.line [70:64] \meter.line [62:56] \meter.line [54:48] \meter.line [46:40] \meter.line [38:32] \meter.line [30:24] \meter.line [22:16] 4'0001 \meter.line [10:8] 2'10 }, B={ 25'0100001000110111001011000 $flatten\meter.$ternary$bench/bench007/rtl/bench_meter.v:104$1703_Y [6:0] 1'0 $auto$wreduce.cc:514:run$2323 [6:0] 1'0 $auto$wreduce.cc:514:run$2322 [6:0] 1'0 $auto$wreduce.cc:514:run$2321 [6:0] 1'0 $auto$wreduce.cc:514:run$2320 [6:0] $auto$wreduce.cc:514:run$2319 [6:0] $auto$wreduce.cc:514:run$2318 [6:0] $auto$wreduce.cc:514:run$2317 [6:0] 7'0101100 $auto$wreduce.cc:514:run$2316 [6:0] $auto$wreduce.cc:514:run$2315 [6:0] $auto$wreduce.cc:514:run$2314 [6:0] $auto$wreduce.cc:514:run$2313 [6:0] $auto$wreduce.cc:514:run$2312 [6:0] $auto$wreduce.cc:514:run$2311 [6:0] $auto$wreduce.cc:514:run$2310 [6:0] $auto$wreduce.cc:514:run$2309 [6:0] 7'0101100 $auto$wreduce.cc:514:run$2308 [6:0] $auto$wreduce.cc:514:run$2307 [6:0] $auto$wreduce.cc:514:run$2306 [6:0] $auto$wreduce.cc:514:run$2305 [6:0] $auto$wreduce.cc:514:run$2304 [6:0] $auto$wreduce.cc:514:run$2303 [6:0] $auto$wreduce.cc:514:run$2302 [6:0] $auto$wreduce.cc:514:run$2301 [6:0] 7'0101100 $auto$wreduce.cc:514:run$2300 [6:0] $auto$wreduce.cc:514:run$2299 [6:0] 2'01 }, Y={ $flatten\meter.$0\line[271:0] [271:208] $flatten\meter.$0\line[271:0] [206:200] $flatten\meter.$0\line[271:0] [198:192] $flatten\meter.$0\line[271:0] [190:184] $flatten\meter.$0\line[271:0] [182:176] $flatten\meter.$0\line[271:0] [174:168] $flatten\meter.$0\line[271:0] [166:160] $flatten\meter.$0\line[271:0] [158:152] $flatten\meter.$0\line[271:0] [150:144] $flatten\meter.$0\line[271:0] [142:136] $flatten\meter.$0\line[271:0] [134:128] $flatten\meter.$0\line[271:0] [126:120] $flatten\meter.$0\line[271:0] [118:112] $flatten\meter.$0\line[271:0] [110:104] $flatten\meter.$0\line[271:0] [102:96] $flatten\meter.$0\line[271:0] [94:88] $flatten\meter.$0\line[271:0] [86:80] $flatten\meter.$0\line[271:0] [78:72] $flatten\meter.$0\line[271:0] [70:64] $flatten\meter.$0\line[271:0] [62:56] $flatten\meter.$0\line[271:0] [54:48] $flatten\meter.$0\line[271:0] [46:40] $flatten\meter.$0\line[271:0] [38:32] $flatten\meter.$0\line[271:0] [30:24] $flatten\meter.$0\line[271:0] [22:16] $flatten\meter.$0\line[271:0] [9] $flatten\meter.$0\line[271:0] [10] }
      New ports: A={ \meter.line [263:208] \meter.line [206:200] \meter.line [198:192] \meter.line [190:184] \meter.line [182:176] \meter.line [174:168] \meter.line [166:160] \meter.line [158:152] \meter.line [150:144] \meter.line [142:136] \meter.line [134:128] \meter.line [126:120] \meter.line [118:112] \meter.line [110:104] \meter.line [102:96] \meter.line [94:88] \meter.line [86:80] \meter.line [78:72] \meter.line [70:64] \meter.line [62:56] \meter.line [54:48] \meter.line [46:40] \meter.line [38:32] \meter.line [30:24] \meter.line [22:16] 4'0001 \meter.line [10:8] 2'10 }, B={ 25'0100001000110111001011000 $flatten\meter.$ternary$bench/bench007/rtl/bench_meter.v:104$1703_Y [6:0] 1'0 $auto$wreduce.cc:514:run$2323 [6:0] 1'0 $auto$wreduce.cc:514:run$2322 [6:0] 1'0 $auto$wreduce.cc:514:run$2321 [6:0] $auto$wreduce.cc:514:run$2320 [6:0] $auto$wreduce.cc:514:run$2319 [6:0] $auto$wreduce.cc:514:run$2318 [6:0] $auto$wreduce.cc:514:run$2317 [6:0] 7'0101100 $auto$wreduce.cc:514:run$2316 [6:0] $auto$wreduce.cc:514:run$2315 [6:0] $auto$wreduce.cc:514:run$2314 [6:0] $auto$wreduce.cc:514:run$2313 [6:0] $auto$wreduce.cc:514:run$2312 [6:0] $auto$wreduce.cc:514:run$2311 [6:0] $auto$wreduce.cc:514:run$2310 [6:0] $auto$wreduce.cc:514:run$2309 [6:0] 7'0101100 $auto$wreduce.cc:514:run$2308 [6:0] $auto$wreduce.cc:514:run$2307 [6:0] $auto$wreduce.cc:514:run$2306 [6:0] $auto$wreduce.cc:514:run$2305 [6:0] $auto$wreduce.cc:514:run$2304 [6:0] $auto$wreduce.cc:514:run$2303 [6:0] $auto$wreduce.cc:514:run$2302 [6:0] $auto$wreduce.cc:514:run$2301 [6:0] 7'0101100 $auto$wreduce.cc:514:run$2300 [6:0] $auto$wreduce.cc:514:run$2299 [6:0] 2'01 }, Y={ $flatten\meter.$0\line[271:0] [271:216] $flatten\meter.$0\line[271:0] [214:208] $flatten\meter.$0\line[271:0] [206:200] $flatten\meter.$0\line[271:0] [198:192] $flatten\meter.$0\line[271:0] [190:184] $flatten\meter.$0\line[271:0] [182:176] $flatten\meter.$0\line[271:0] [174:168] $flatten\meter.$0\line[271:0] [166:160] $flatten\meter.$0\line[271:0] [158:152] $flatten\meter.$0\line[271:0] [150:144] $flatten\meter.$0\line[271:0] [142:136] $flatten\meter.$0\line[271:0] [134:128] $flatten\meter.$0\line[271:0] [126:120] $flatten\meter.$0\line[271:0] [118:112] $flatten\meter.$0\line[271:0] [110:104] $flatten\meter.$0\line[271:0] [102:96] $flatten\meter.$0\line[271:0] [94:88] $flatten\meter.$0\line[271:0] [86:80] $flatten\meter.$0\line[271:0] [78:72] $flatten\meter.$0\line[271:0] [70:64] $flatten\meter.$0\line[271:0] [62:56] $flatten\meter.$0\line[271:0] [54:48] $flatten\meter.$0\line[271:0] [46:40] $flatten\meter.$0\line[271:0] [38:32] $flatten\meter.$0\line[271:0] [30:24] $flatten\meter.$0\line[271:0] [22:16] $flatten\meter.$0\line[271:0] [9] $flatten\meter.$0\line[271:0] [10] }
      New connections: $flatten\meter.$0\line[271:0] [215] = 1'0
  Optimizing cells in module \bench007_probe_ax7203.
Performed a total of 1 changes.

3.34.205. Executing OPT_MERGE pass (detect identical cells).
Finding identical cells in module `\bench007_probe_ax7203'.
Computing hashes of 425 cells of `\bench007_probe_ax7203'.
Finding duplicate cells in `\bench007_probe_ax7203'.
Removed a total of 0 cells.

3.34.206. Executing OPT_SHARE pass.

3.34.207. Executing OPT_DFF pass (perform DFF optimizations).
Setting constant 0-bit at position 0 on $auto$ff.cc:337:slice$3254 ($sdffce) from module bench007_probe_ax7203.

3.34.208. Executing OPT_CLEAN pass (remove unused cells and wires).
Finding unused cells or wires in module \bench007_probe_ax7203..

3.34.209. Executing OPT_EXPR pass (perform const folding).
Optimizing module bench007_probe_ax7203.

3.34.210. Rerunning OPT passes. (Maybe there is more to do..)

3.34.211. Executing OPT_MUXTREE pass (detect dead branches in mux trees).
Running muxtree optimizer on module \bench007_probe_ax7203..
  Creating internal representation of mux trees.
  Evaluating internal representation of mux trees.
  Analyzing evaluation results.
Removed 0 multiplexer ports.
<suppressed ~42 debug messages>

3.34.212. Executing OPT_REDUCE pass (consolidate $*mux and $reduce_* inputs).
  Optimizing cells in module \bench007_probe_ax7203.
    Consolidated identical input bits for $mux cell $flatten\meter.$procmux$1991:
      Old ports: A={ \meter.line [263:216] 1'0 \meter.line [214:208] \meter.line [206:200] \meter.line [198:192] \meter.line [190:184] \meter.line [182:176] \meter.line [174:168] \meter.line [166:160] \meter.line [158:152] \meter.line [150:144] \meter.line [142:136] \meter.line [134:128] \meter.line [126:120] \meter.line [118:112] \meter.line [110:104] \meter.line [102:96] \meter.line [94:88] \meter.line [86:80] \meter.line [78:72] \meter.line [70:64] \meter.line [62:56] \meter.line [54:48] \meter.line [46:40] \meter.line [38:32] \meter.line [30:24] \meter.line [22:16] 4'0001 \meter.line [10:8] 2'10 }, B={ 25'0100001000110111001011000 $flatten\meter.$ternary$bench/bench007/rtl/bench_meter.v:104$1703_Y [6:0] 1'0 $auto$wreduce.cc:514:run$2323 [6:0] 1'0 $auto$wreduce.cc:514:run$2322 [6:0] 1'0 $auto$wreduce.cc:514:run$2321 [6:0] $auto$wreduce.cc:514:run$2320 [6:0] $auto$wreduce.cc:514:run$2319 [6:0] $auto$wreduce.cc:514:run$2318 [6:0] $auto$wreduce.cc:514:run$2317 [6:0] 7'0101100 $auto$wreduce.cc:514:run$2316 [6:0] $auto$wreduce.cc:514:run$2315 [6:0] $auto$wreduce.cc:514:run$2314 [6:0] $auto$wreduce.cc:514:run$2313 [6:0] $auto$wreduce.cc:514:run$2312 [6:0] $auto$wreduce.cc:514:run$2311 [6:0] $auto$wreduce.cc:514:run$2310 [6:0] $auto$wreduce.cc:514:run$2309 [6:0] 7'0101100 $auto$wreduce.cc:514:run$2308 [6:0] $auto$wreduce.cc:514:run$2307 [6:0] $auto$wreduce.cc:514:run$2306 [6:0] $auto$wreduce.cc:514:run$2305 [6:0] $auto$wreduce.cc:514:run$2304 [6:0] $auto$wreduce.cc:514:run$2303 [6:0] $auto$wreduce.cc:514:run$2302 [6:0] $auto$wreduce.cc:514:run$2301 [6:0] 7'0101100 $auto$wreduce.cc:514:run$2300 [6:0] $auto$wreduce.cc:514:run$2299 [6:0] 2'01 }, Y={ $flatten\meter.$0\line[271:0] [271:216] $flatten\meter.$0\line[271:0] [214:208] $flatten\meter.$0\line[271:0] [206:200] $flatten\meter.$0\line[271:0] [198:192] $flatten\meter.$0\line[271:0] [190:184] $flatten\meter.$0\line[271:0] [182:176] $flatten\meter.$0\line[271:0] [174:168] $flatten\meter.$0\line[271:0] [166:160] $flatten\meter.$0\line[271:0] [158:152] $flatten\meter.$0\line[271:0] [150:144] $flatten\meter.$0\line[271:0] [142:136] $flatten\meter.$0\line[271:0] [134:128] $flatten\meter.$0\line[271:0] [126:120] $flatten\meter.$0\line[271:0] [118:112] $flatten\meter.$0\line[271:0] [110:104] $flatten\meter.$0\line[271:0] [102:96] $flatten\meter.$0\line[271:0] [94:88] $flatten\meter.$0\line[271:0] [86:80] $flatten\meter.$0\line[271:0] [78:72] $flatten\meter.$0\line[271:0] [70:64] $flatten\meter.$0\line[271:0] [62:56] $flatten\meter.$0\line[271:0] [54:48] $flatten\meter.$0\line[271:0] [46:40] $flatten\meter.$0\line[271:0] [38:32] $flatten\meter.$0\line[271:0] [30:24] $flatten\meter.$0\line[271:0] [22:16] $flatten\meter.$0\line[271:0] [9] $flatten\meter.$0\line[271:0] [10] }
      New ports: A={ \meter.line [263:216] \meter.line [214:208] \meter.line [206:200] \meter.line [198:192] \meter.line [190:184] \meter.line [182:176] \meter.line [174:168] \meter.line [166:160] \meter.line [158:152] \meter.line [150:144] \meter.line [142:136] \meter.line [134:128] \meter.line [126:120] \meter.line [118:112] \meter.line [110:104] \meter.line [102:96] \meter.line [94:88] \meter.line [86:80] \meter.line [78:72] \meter.line [70:64] \meter.line [62:56] \meter.line [54:48] \meter.line [46:40] \meter.line [38:32] \meter.line [30:24] \meter.line [22:16] 4'0001 \meter.line [10:8] 2'10 }, B={ 25'0100001000110111001011000 $flatten\meter.$ternary$bench/bench007/rtl/bench_meter.v:104$1703_Y [6:0] 1'0 $auto$wreduce.cc:514:run$2323 [6:0] 1'0 $auto$wreduce.cc:514:run$2322 [6:0] $auto$wreduce.cc:514:run$2321 [6:0] $auto$wreduce.cc:514:run$2320 [6:0] $auto$wreduce.cc:514:run$2319 [6:0] $auto$wreduce.cc:514:run$2318 [6:0] $auto$wreduce.cc:514:run$2317 [6:0] 7'0101100 $auto$wreduce.cc:514:run$2316 [6:0] $auto$wreduce.cc:514:run$2315 [6:0] $auto$wreduce.cc:514:run$2314 [6:0] $auto$wreduce.cc:514:run$2313 [6:0] $auto$wreduce.cc:514:run$2312 [6:0] $auto$wreduce.cc:514:run$2311 [6:0] $auto$wreduce.cc:514:run$2310 [6:0] $auto$wreduce.cc:514:run$2309 [6:0] 7'0101100 $auto$wreduce.cc:514:run$2308 [6:0] $auto$wreduce.cc:514:run$2307 [6:0] $auto$wreduce.cc:514:run$2306 [6:0] $auto$wreduce.cc:514:run$2305 [6:0] $auto$wreduce.cc:514:run$2304 [6:0] $auto$wreduce.cc:514:run$2303 [6:0] $auto$wreduce.cc:514:run$2302 [6:0] $auto$wreduce.cc:514:run$2301 [6:0] 7'0101100 $auto$wreduce.cc:514:run$2300 [6:0] $auto$wreduce.cc:514:run$2299 [6:0] 2'01 }, Y={ $flatten\meter.$0\line[271:0] [271:224] $flatten\meter.$0\line[271:0] [222:216] $flatten\meter.$0\line[271:0] [214:208] $flatten\meter.$0\line[271:0] [206:200] $flatten\meter.$0\line[271:0] [198:192] $flatten\meter.$0\line[271:0] [190:184] $flatten\meter.$0\line[271:0] [182:176] $flatten\meter.$0\line[271:0] [174:168] $flatten\meter.$0\line[271:0] [166:160] $flatten\meter.$0\line[271:0] [158:152] $flatten\meter.$0\line[271:0] [150:144] $flatten\meter.$0\line[271:0] [142:136] $flatten\meter.$0\line[271:0] [134:128] $flatten\meter.$0\line[271:0] [126:120] $flatten\meter.$0\line[271:0] [118:112] $flatten\meter.$0\line[271:0] [110:104] $flatten\meter.$0\line[271:0] [102:96] $flatten\meter.$0\line[271:0] [94:88] $flatten\meter.$0\line[271:0] [86:80] $flatten\meter.$0\line[271:0] [78:72] $flatten\meter.$0\line[271:0] [70:64] $flatten\meter.$0\line[271:0] [62:56] $flatten\meter.$0\line[271:0] [54:48] $flatten\meter.$0\line[271:0] [46:40] $flatten\meter.$0\line[271:0] [38:32] $flatten\meter.$0\line[271:0] [30:24] $flatten\meter.$0\line[271:0] [22:16] $flatten\meter.$0\line[271:0] [9] $flatten\meter.$0\line[271:0] [10] }
      New connections: $flatten\meter.$0\line[271:0] [223] = 1'0
  Optimizing cells in module \bench007_probe_ax7203.
Performed a total of 1 changes.

3.34.213. Executing OPT_MERGE pass (detect identical cells).
Finding identical cells in module `\bench007_probe_ax7203'.
Computing hashes of 425 cells of `\bench007_probe_ax7203'.
Finding duplicate cells in `\bench007_probe_ax7203'.
Removed a total of 0 cells.

3.34.214. Executing OPT_SHARE pass.

3.34.215. Executing OPT_DFF pass (perform DFF optimizations).
Setting constant 0-bit at position 0 on $auto$ff.cc:337:slice$3255 ($sdffce) from module bench007_probe_ax7203.

3.34.216. Executing OPT_CLEAN pass (remove unused cells and wires).
Finding unused cells or wires in module \bench007_probe_ax7203..

3.34.217. Executing OPT_EXPR pass (perform const folding).
Optimizing module bench007_probe_ax7203.

3.34.218. Rerunning OPT passes. (Maybe there is more to do..)

3.34.219. Executing OPT_MUXTREE pass (detect dead branches in mux trees).
Running muxtree optimizer on module \bench007_probe_ax7203..
  Creating internal representation of mux trees.
  Evaluating internal representation of mux trees.
  Analyzing evaluation results.
Removed 0 multiplexer ports.
<suppressed ~42 debug messages>

3.34.220. Executing OPT_REDUCE pass (consolidate $*mux and $reduce_* inputs).
  Optimizing cells in module \bench007_probe_ax7203.
    Consolidated identical input bits for $mux cell $flatten\meter.$procmux$1991:
      Old ports: A={ \meter.line [263:224] 1'0 \meter.line [222:216] \meter.line [214:208] \meter.line [206:200] \meter.line [198:192] \meter.line [190:184] \meter.line [182:176] \meter.line [174:168] \meter.line [166:160] \meter.line [158:152] \meter.line [150:144] \meter.line [142:136] \meter.line [134:128] \meter.line [126:120] \meter.line [118:112] \meter.line [110:104] \meter.line [102:96] \meter.line [94:88] \meter.line [86:80] \meter.line [78:72] \meter.line [70:64] \meter.line [62:56] \meter.line [54:48] \meter.line [46:40] \meter.line [38:32] \meter.line [30:24] \meter.line [22:16] 4'0001 \meter.line [10:8] 2'10 }, B={ 25'0100001000110111001011000 $flatten\meter.$ternary$bench/bench007/rtl/bench_meter.v:104$1703_Y [6:0] 1'0 $auto$wreduce.cc:514:run$2323 [6:0] 1'0 $auto$wreduce.cc:514:run$2322 [6:0] $auto$wreduce.cc:514:run$2321 [6:0] $auto$wreduce.cc:514:run$2320 [6:0] $auto$wreduce.cc:514:run$2319 [6:0] $auto$wreduce.cc:514:run$2318 [6:0] $auto$wreduce.cc:514:run$2317 [6:0] 7'0101100 $auto$wreduce.cc:514:run$2316 [6:0] $auto$wreduce.cc:514:run$2315 [6:0] $auto$wreduce.cc:514:run$2314 [6:0] $auto$wreduce.cc:514:run$2313 [6:0] $auto$wreduce.cc:514:run$2312 [6:0] $auto$wreduce.cc:514:run$2311 [6:0] $auto$wreduce.cc:514:run$2310 [6:0] $auto$wreduce.cc:514:run$2309 [6:0] 7'0101100 $auto$wreduce.cc:514:run$2308 [6:0] $auto$wreduce.cc:514:run$2307 [6:0] $auto$wreduce.cc:514:run$2306 [6:0] $auto$wreduce.cc:514:run$2305 [6:0] $auto$wreduce.cc:514:run$2304 [6:0] $auto$wreduce.cc:514:run$2303 [6:0] $auto$wreduce.cc:514:run$2302 [6:0] $auto$wreduce.cc:514:run$2301 [6:0] 7'0101100 $auto$wreduce.cc:514:run$2300 [6:0] $auto$wreduce.cc:514:run$2299 [6:0] 2'01 }, Y={ $flatten\meter.$0\line[271:0] [271:224] $flatten\meter.$0\line[271:0] [222:216] $flatten\meter.$0\line[271:0] [214:208] $flatten\meter.$0\line[271:0] [206:200] $flatten\meter.$0\line[271:0] [198:192] $flatten\meter.$0\line[271:0] [190:184] $flatten\meter.$0\line[271:0] [182:176] $flatten\meter.$0\line[271:0] [174:168] $flatten\meter.$0\line[271:0] [166:160] $flatten\meter.$0\line[271:0] [158:152] $flatten\meter.$0\line[271:0] [150:144] $flatten\meter.$0\line[271:0] [142:136] $flatten\meter.$0\line[271:0] [134:128] $flatten\meter.$0\line[271:0] [126:120] $flatten\meter.$0\line[271:0] [118:112] $flatten\meter.$0\line[271:0] [110:104] $flatten\meter.$0\line[271:0] [102:96] $flatten\meter.$0\line[271:0] [94:88] $flatten\meter.$0\line[271:0] [86:80] $flatten\meter.$0\line[271:0] [78:72] $flatten\meter.$0\line[271:0] [70:64] $flatten\meter.$0\line[271:0] [62:56] $flatten\meter.$0\line[271:0] [54:48] $flatten\meter.$0\line[271:0] [46:40] $flatten\meter.$0\line[271:0] [38:32] $flatten\meter.$0\line[271:0] [30:24] $flatten\meter.$0\line[271:0] [22:16] $flatten\meter.$0\line[271:0] [9] $flatten\meter.$0\line[271:0] [10] }
      New ports: A={ \meter.line [263:224] \meter.line [222:216] \meter.line [214:208] \meter.line [206:200] \meter.line [198:192] \meter.line [190:184] \meter.line [182:176] \meter.line [174:168] \meter.line [166:160] \meter.line [158:152] \meter.line [150:144] \meter.line [142:136] \meter.line [134:128] \meter.line [126:120] \meter.line [118:112] \meter.line [110:104] \meter.line [102:96] \meter.line [94:88] \meter.line [86:80] \meter.line [78:72] \meter.line [70:64] \meter.line [62:56] \meter.line [54:48] \meter.line [46:40] \meter.line [38:32] \meter.line [30:24] \meter.line [22:16] 4'0001 \meter.line [10:8] 2'10 }, B={ 25'0100001000110111001011000 $flatten\meter.$ternary$bench/bench007/rtl/bench_meter.v:104$1703_Y [6:0] 1'0 $auto$wreduce.cc:514:run$2323 [6:0] $auto$wreduce.cc:514:run$2322 [6:0] $auto$wreduce.cc:514:run$2321 [6:0] $auto$wreduce.cc:514:run$2320 [6:0] $auto$wreduce.cc:514:run$2319 [6:0] $auto$wreduce.cc:514:run$2318 [6:0] $auto$wreduce.cc:514:run$2317 [6:0] 7'0101100 $auto$wreduce.cc:514:run$2316 [6:0] $auto$wreduce.cc:514:run$2315 [6:0] $auto$wreduce.cc:514:run$2314 [6:0] $auto$wreduce.cc:514:run$2313 [6:0] $auto$wreduce.cc:514:run$2312 [6:0] $auto$wreduce.cc:514:run$2311 [6:0] $auto$wreduce.cc:514:run$2310 [6:0] $auto$wreduce.cc:514:run$2309 [6:0] 7'0101100 $auto$wreduce.cc:514:run$2308 [6:0] $auto$wreduce.cc:514:run$2307 [6:0] $auto$wreduce.cc:514:run$2306 [6:0] $auto$wreduce.cc:514:run$2305 [6:0] $auto$wreduce.cc:514:run$2304 [6:0] $auto$wreduce.cc:514:run$2303 [6:0] $auto$wreduce.cc:514:run$2302 [6:0] $auto$wreduce.cc:514:run$2301 [6:0] 7'0101100 $auto$wreduce.cc:514:run$2300 [6:0] $auto$wreduce.cc:514:run$2299 [6:0] 2'01 }, Y={ $flatten\meter.$0\line[271:0] [271:232] $flatten\meter.$0\line[271:0] [230:224] $flatten\meter.$0\line[271:0] [222:216] $flatten\meter.$0\line[271:0] [214:208] $flatten\meter.$0\line[271:0] [206:200] $flatten\meter.$0\line[271:0] [198:192] $flatten\meter.$0\line[271:0] [190:184] $flatten\meter.$0\line[271:0] [182:176] $flatten\meter.$0\line[271:0] [174:168] $flatten\meter.$0\line[271:0] [166:160] $flatten\meter.$0\line[271:0] [158:152] $flatten\meter.$0\line[271:0] [150:144] $flatten\meter.$0\line[271:0] [142:136] $flatten\meter.$0\line[271:0] [134:128] $flatten\meter.$0\line[271:0] [126:120] $flatten\meter.$0\line[271:0] [118:112] $flatten\meter.$0\line[271:0] [110:104] $flatten\meter.$0\line[271:0] [102:96] $flatten\meter.$0\line[271:0] [94:88] $flatten\meter.$0\line[271:0] [86:80] $flatten\meter.$0\line[271:0] [78:72] $flatten\meter.$0\line[271:0] [70:64] $flatten\meter.$0\line[271:0] [62:56] $flatten\meter.$0\line[271:0] [54:48] $flatten\meter.$0\line[271:0] [46:40] $flatten\meter.$0\line[271:0] [38:32] $flatten\meter.$0\line[271:0] [30:24] $flatten\meter.$0\line[271:0] [22:16] $flatten\meter.$0\line[271:0] [9] $flatten\meter.$0\line[271:0] [10] }
      New connections: $flatten\meter.$0\line[271:0] [231] = 1'0
  Optimizing cells in module \bench007_probe_ax7203.
Performed a total of 1 changes.

3.34.221. Executing OPT_MERGE pass (detect identical cells).
Finding identical cells in module `\bench007_probe_ax7203'.
Computing hashes of 425 cells of `\bench007_probe_ax7203'.
Finding duplicate cells in `\bench007_probe_ax7203'.
Removed a total of 0 cells.

3.34.222. Executing OPT_SHARE pass.

3.34.223. Executing OPT_DFF pass (perform DFF optimizations).
Setting constant 0-bit at position 0 on $auto$ff.cc:337:slice$3256 ($sdffce) from module bench007_probe_ax7203.

3.34.224. Executing OPT_CLEAN pass (remove unused cells and wires).
Finding unused cells or wires in module \bench007_probe_ax7203..

3.34.225. Executing OPT_EXPR pass (perform const folding).
Optimizing module bench007_probe_ax7203.

3.34.226. Rerunning OPT passes. (Maybe there is more to do..)

3.34.227. Executing OPT_MUXTREE pass (detect dead branches in mux trees).
Running muxtree optimizer on module \bench007_probe_ax7203..
  Creating internal representation of mux trees.
  Evaluating internal representation of mux trees.
  Analyzing evaluation results.
Removed 0 multiplexer ports.
<suppressed ~42 debug messages>

3.34.228. Executing OPT_REDUCE pass (consolidate $*mux and $reduce_* inputs).
  Optimizing cells in module \bench007_probe_ax7203.
    Consolidated identical input bits for $mux cell $flatten\meter.$procmux$1991:
      Old ports: A={ \meter.line [263:232] 1'0 \meter.line [230:224] \meter.line [222:216] \meter.line [214:208] \meter.line [206:200] \meter.line [198:192] \meter.line [190:184] \meter.line [182:176] \meter.line [174:168] \meter.line [166:160] \meter.line [158:152] \meter.line [150:144] \meter.line [142:136] \meter.line [134:128] \meter.line [126:120] \meter.line [118:112] \meter.line [110:104] \meter.line [102:96] \meter.line [94:88] \meter.line [86:80] \meter.line [78:72] \meter.line [70:64] \meter.line [62:56] \meter.line [54:48] \meter.line [46:40] \meter.line [38:32] \meter.line [30:24] \meter.line [22:16] 4'0001 \meter.line [10:8] 2'10 }, B={ 25'0100001000110111001011000 $flatten\meter.$ternary$bench/bench007/rtl/bench_meter.v:104$1703_Y [6:0] 1'0 $auto$wreduce.cc:514:run$2323 [6:0] $auto$wreduce.cc:514:run$2322 [6:0] $auto$wreduce.cc:514:run$2321 [6:0] $auto$wreduce.cc:514:run$2320 [6:0] $auto$wreduce.cc:514:run$2319 [6:0] $auto$wreduce.cc:514:run$2318 [6:0] $auto$wreduce.cc:514:run$2317 [6:0] 7'0101100 $auto$wreduce.cc:514:run$2316 [6:0] $auto$wreduce.cc:514:run$2315 [6:0] $auto$wreduce.cc:514:run$2314 [6:0] $auto$wreduce.cc:514:run$2313 [6:0] $auto$wreduce.cc:514:run$2312 [6:0] $auto$wreduce.cc:514:run$2311 [6:0] $auto$wreduce.cc:514:run$2310 [6:0] $auto$wreduce.cc:514:run$2309 [6:0] 7'0101100 $auto$wreduce.cc:514:run$2308 [6:0] $auto$wreduce.cc:514:run$2307 [6:0] $auto$wreduce.cc:514:run$2306 [6:0] $auto$wreduce.cc:514:run$2305 [6:0] $auto$wreduce.cc:514:run$2304 [6:0] $auto$wreduce.cc:514:run$2303 [6:0] $auto$wreduce.cc:514:run$2302 [6:0] $auto$wreduce.cc:514:run$2301 [6:0] 7'0101100 $auto$wreduce.cc:514:run$2300 [6:0] $auto$wreduce.cc:514:run$2299 [6:0] 2'01 }, Y={ $flatten\meter.$0\line[271:0] [271:232] $flatten\meter.$0\line[271:0] [230:224] $flatten\meter.$0\line[271:0] [222:216] $flatten\meter.$0\line[271:0] [214:208] $flatten\meter.$0\line[271:0] [206:200] $flatten\meter.$0\line[271:0] [198:192] $flatten\meter.$0\line[271:0] [190:184] $flatten\meter.$0\line[271:0] [182:176] $flatten\meter.$0\line[271:0] [174:168] $flatten\meter.$0\line[271:0] [166:160] $flatten\meter.$0\line[271:0] [158:152] $flatten\meter.$0\line[271:0] [150:144] $flatten\meter.$0\line[271:0] [142:136] $flatten\meter.$0\line[271:0] [134:128] $flatten\meter.$0\line[271:0] [126:120] $flatten\meter.$0\line[271:0] [118:112] $flatten\meter.$0\line[271:0] [110:104] $flatten\meter.$0\line[271:0] [102:96] $flatten\meter.$0\line[271:0] [94:88] $flatten\meter.$0\line[271:0] [86:80] $flatten\meter.$0\line[271:0] [78:72] $flatten\meter.$0\line[271:0] [70:64] $flatten\meter.$0\line[271:0] [62:56] $flatten\meter.$0\line[271:0] [54:48] $flatten\meter.$0\line[271:0] [46:40] $flatten\meter.$0\line[271:0] [38:32] $flatten\meter.$0\line[271:0] [30:24] $flatten\meter.$0\line[271:0] [22:16] $flatten\meter.$0\line[271:0] [9] $flatten\meter.$0\line[271:0] [10] }
      New ports: A={ \meter.line [263:232] \meter.line [230:224] \meter.line [222:216] \meter.line [214:208] \meter.line [206:200] \meter.line [198:192] \meter.line [190:184] \meter.line [182:176] \meter.line [174:168] \meter.line [166:160] \meter.line [158:152] \meter.line [150:144] \meter.line [142:136] \meter.line [134:128] \meter.line [126:120] \meter.line [118:112] \meter.line [110:104] \meter.line [102:96] \meter.line [94:88] \meter.line [86:80] \meter.line [78:72] \meter.line [70:64] \meter.line [62:56] \meter.line [54:48] \meter.line [46:40] \meter.line [38:32] \meter.line [30:24] \meter.line [22:16] 4'0001 \meter.line [10:8] 2'10 }, B={ 25'0100001000110111001011000 $flatten\meter.$ternary$bench/bench007/rtl/bench_meter.v:104$1703_Y [6:0] $auto$wreduce.cc:514:run$2323 [6:0] $auto$wreduce.cc:514:run$2322 [6:0] $auto$wreduce.cc:514:run$2321 [6:0] $auto$wreduce.cc:514:run$2320 [6:0] $auto$wreduce.cc:514:run$2319 [6:0] $auto$wreduce.cc:514:run$2318 [6:0] $auto$wreduce.cc:514:run$2317 [6:0] 7'0101100 $auto$wreduce.cc:514:run$2316 [6:0] $auto$wreduce.cc:514:run$2315 [6:0] $auto$wreduce.cc:514:run$2314 [6:0] $auto$wreduce.cc:514:run$2313 [6:0] $auto$wreduce.cc:514:run$2312 [6:0] $auto$wreduce.cc:514:run$2311 [6:0] $auto$wreduce.cc:514:run$2310 [6:0] $auto$wreduce.cc:514:run$2309 [6:0] 7'0101100 $auto$wreduce.cc:514:run$2308 [6:0] $auto$wreduce.cc:514:run$2307 [6:0] $auto$wreduce.cc:514:run$2306 [6:0] $auto$wreduce.cc:514:run$2305 [6:0] $auto$wreduce.cc:514:run$2304 [6:0] $auto$wreduce.cc:514:run$2303 [6:0] $auto$wreduce.cc:514:run$2302 [6:0] $auto$wreduce.cc:514:run$2301 [6:0] 7'0101100 $auto$wreduce.cc:514:run$2300 [6:0] $auto$wreduce.cc:514:run$2299 [6:0] 2'01 }, Y={ $flatten\meter.$0\line[271:0] [271:240] $flatten\meter.$0\line[271:0] [238:232] $flatten\meter.$0\line[271:0] [230:224] $flatten\meter.$0\line[271:0] [222:216] $flatten\meter.$0\line[271:0] [214:208] $flatten\meter.$0\line[271:0] [206:200] $flatten\meter.$0\line[271:0] [198:192] $flatten\meter.$0\line[271:0] [190:184] $flatten\meter.$0\line[271:0] [182:176] $flatten\meter.$0\line[271:0] [174:168] $flatten\meter.$0\line[271:0] [166:160] $flatten\meter.$0\line[271:0] [158:152] $flatten\meter.$0\line[271:0] [150:144] $flatten\meter.$0\line[271:0] [142:136] $flatten\meter.$0\line[271:0] [134:128] $flatten\meter.$0\line[271:0] [126:120] $flatten\meter.$0\line[271:0] [118:112] $flatten\meter.$0\line[271:0] [110:104] $flatten\meter.$0\line[271:0] [102:96] $flatten\meter.$0\line[271:0] [94:88] $flatten\meter.$0\line[271:0] [86:80] $flatten\meter.$0\line[271:0] [78:72] $flatten\meter.$0\line[271:0] [70:64] $flatten\meter.$0\line[271:0] [62:56] $flatten\meter.$0\line[271:0] [54:48] $flatten\meter.$0\line[271:0] [46:40] $flatten\meter.$0\line[271:0] [38:32] $flatten\meter.$0\line[271:0] [30:24] $flatten\meter.$0\line[271:0] [22:16] $flatten\meter.$0\line[271:0] [9] $flatten\meter.$0\line[271:0] [10] }
      New connections: $flatten\meter.$0\line[271:0] [239] = 1'0
  Optimizing cells in module \bench007_probe_ax7203.
Performed a total of 1 changes.

3.34.229. Executing OPT_MERGE pass (detect identical cells).
Finding identical cells in module `\bench007_probe_ax7203'.
Computing hashes of 425 cells of `\bench007_probe_ax7203'.
Finding duplicate cells in `\bench007_probe_ax7203'.
Removed a total of 0 cells.

3.34.230. Executing OPT_SHARE pass.

3.34.231. Executing OPT_DFF pass (perform DFF optimizations).
Setting constant 0-bit at position 0 on $auto$ff.cc:337:slice$3257 ($sdffce) from module bench007_probe_ax7203.

3.34.232. Executing OPT_CLEAN pass (remove unused cells and wires).
Finding unused cells or wires in module \bench007_probe_ax7203..

3.34.233. Executing OPT_EXPR pass (perform const folding).
Optimizing module bench007_probe_ax7203.

3.34.234. Rerunning OPT passes. (Maybe there is more to do..)

3.34.235. Executing OPT_MUXTREE pass (detect dead branches in mux trees).
Running muxtree optimizer on module \bench007_probe_ax7203..
  Creating internal representation of mux trees.
  Evaluating internal representation of mux trees.
  Analyzing evaluation results.
Removed 0 multiplexer ports.
<suppressed ~42 debug messages>

3.34.236. Executing OPT_REDUCE pass (consolidate $*mux and $reduce_* inputs).
  Optimizing cells in module \bench007_probe_ax7203.
    Consolidated identical input bits for $mux cell $flatten\meter.$procmux$1991:
      Old ports: A={ \meter.line [263:240] 1'0 \meter.line [238:232] \meter.line [230:224] \meter.line [222:216] \meter.line [214:208] \meter.line [206:200] \meter.line [198:192] \meter.line [190:184] \meter.line [182:176] \meter.line [174:168] \meter.line [166:160] \meter.line [158:152] \meter.line [150:144] \meter.line [142:136] \meter.line [134:128] \meter.line [126:120] \meter.line [118:112] \meter.line [110:104] \meter.line [102:96] \meter.line [94:88] \meter.line [86:80] \meter.line [78:72] \meter.line [70:64] \meter.line [62:56] \meter.line [54:48] \meter.line [46:40] \meter.line [38:32] \meter.line [30:24] \meter.line [22:16] 4'0001 \meter.line [10:8] 2'10 }, B={ 25'0100001000110111001011000 $flatten\meter.$ternary$bench/bench007/rtl/bench_meter.v:104$1703_Y [6:0] $auto$wreduce.cc:514:run$2323 [6:0] $auto$wreduce.cc:514:run$2322 [6:0] $auto$wreduce.cc:514:run$2321 [6:0] $auto$wreduce.cc:514:run$2320 [6:0] $auto$wreduce.cc:514:run$2319 [6:0] $auto$wreduce.cc:514:run$2318 [6:0] $auto$wreduce.cc:514:run$2317 [6:0] 7'0101100 $auto$wreduce.cc:514:run$2316 [6:0] $auto$wreduce.cc:514:run$2315 [6:0] $auto$wreduce.cc:514:run$2314 [6:0] $auto$wreduce.cc:514:run$2313 [6:0] $auto$wreduce.cc:514:run$2312 [6:0] $auto$wreduce.cc:514:run$2311 [6:0] $auto$wreduce.cc:514:run$2310 [6:0] $auto$wreduce.cc:514:run$2309 [6:0] 7'0101100 $auto$wreduce.cc:514:run$2308 [6:0] $auto$wreduce.cc:514:run$2307 [6:0] $auto$wreduce.cc:514:run$2306 [6:0] $auto$wreduce.cc:514:run$2305 [6:0] $auto$wreduce.cc:514:run$2304 [6:0] $auto$wreduce.cc:514:run$2303 [6:0] $auto$wreduce.cc:514:run$2302 [6:0] $auto$wreduce.cc:514:run$2301 [6:0] 7'0101100 $auto$wreduce.cc:514:run$2300 [6:0] $auto$wreduce.cc:514:run$2299 [6:0] 2'01 }, Y={ $flatten\meter.$0\line[271:0] [271:240] $flatten\meter.$0\line[271:0] [238:232] $flatten\meter.$0\line[271:0] [230:224] $flatten\meter.$0\line[271:0] [222:216] $flatten\meter.$0\line[271:0] [214:208] $flatten\meter.$0\line[271:0] [206:200] $flatten\meter.$0\line[271:0] [198:192] $flatten\meter.$0\line[271:0] [190:184] $flatten\meter.$0\line[271:0] [182:176] $flatten\meter.$0\line[271:0] [174:168] $flatten\meter.$0\line[271:0] [166:160] $flatten\meter.$0\line[271:0] [158:152] $flatten\meter.$0\line[271:0] [150:144] $flatten\meter.$0\line[271:0] [142:136] $flatten\meter.$0\line[271:0] [134:128] $flatten\meter.$0\line[271:0] [126:120] $flatten\meter.$0\line[271:0] [118:112] $flatten\meter.$0\line[271:0] [110:104] $flatten\meter.$0\line[271:0] [102:96] $flatten\meter.$0\line[271:0] [94:88] $flatten\meter.$0\line[271:0] [86:80] $flatten\meter.$0\line[271:0] [78:72] $flatten\meter.$0\line[271:0] [70:64] $flatten\meter.$0\line[271:0] [62:56] $flatten\meter.$0\line[271:0] [54:48] $flatten\meter.$0\line[271:0] [46:40] $flatten\meter.$0\line[271:0] [38:32] $flatten\meter.$0\line[271:0] [30:24] $flatten\meter.$0\line[271:0] [22:16] $flatten\meter.$0\line[271:0] [9] $flatten\meter.$0\line[271:0] [10] }
      New ports: A={ \meter.line [263:240] \meter.line [238:232] \meter.line [230:224] \meter.line [222:216] \meter.line [214:208] \meter.line [206:200] \meter.line [198:192] \meter.line [190:184] \meter.line [182:176] \meter.line [174:168] \meter.line [166:160] \meter.line [158:152] \meter.line [150:144] \meter.line [142:136] \meter.line [134:128] \meter.line [126:120] \meter.line [118:112] \meter.line [110:104] \meter.line [102:96] \meter.line [94:88] \meter.line [86:80] \meter.line [78:72] \meter.line [70:64] \meter.line [62:56] \meter.line [54:48] \meter.line [46:40] \meter.line [38:32] \meter.line [30:24] \meter.line [22:16] 4'0001 \meter.line [10:8] 2'10 }, B={ 24'010000100011011100101100 $flatten\meter.$ternary$bench/bench007/rtl/bench_meter.v:104$1703_Y [6:0] $auto$wreduce.cc:514:run$2323 [6:0] $auto$wreduce.cc:514:run$2322 [6:0] $auto$wreduce.cc:514:run$2321 [6:0] $auto$wreduce.cc:514:run$2320 [6:0] $auto$wreduce.cc:514:run$2319 [6:0] $auto$wreduce.cc:514:run$2318 [6:0] $auto$wreduce.cc:514:run$2317 [6:0] 7'0101100 $auto$wreduce.cc:514:run$2316 [6:0] $auto$wreduce.cc:514:run$2315 [6:0] $auto$wreduce.cc:514:run$2314 [6:0] $auto$wreduce.cc:514:run$2313 [6:0] $auto$wreduce.cc:514:run$2312 [6:0] $auto$wreduce.cc:514:run$2311 [6:0] $auto$wreduce.cc:514:run$2310 [6:0] $auto$wreduce.cc:514:run$2309 [6:0] 7'0101100 $auto$wreduce.cc:514:run$2308 [6:0] $auto$wreduce.cc:514:run$2307 [6:0] $auto$wreduce.cc:514:run$2306 [6:0] $auto$wreduce.cc:514:run$2305 [6:0] $auto$wreduce.cc:514:run$2304 [6:0] $auto$wreduce.cc:514:run$2303 [6:0] $auto$wreduce.cc:514:run$2302 [6:0] $auto$wreduce.cc:514:run$2301 [6:0] 7'0101100 $auto$wreduce.cc:514:run$2300 [6:0] $auto$wreduce.cc:514:run$2299 [6:0] 2'01 }, Y={ $flatten\meter.$0\line[271:0] [271:248] $flatten\meter.$0\line[271:0] [246:240] $flatten\meter.$0\line[271:0] [238:232] $flatten\meter.$0\line[271:0] [230:224] $flatten\meter.$0\line[271:0] [222:216] $flatten\meter.$0\line[271:0] [214:208] $flatten\meter.$0\line[271:0] [206:200] $flatten\meter.$0\line[271:0] [198:192] $flatten\meter.$0\line[271:0] [190:184] $flatten\meter.$0\line[271:0] [182:176] $flatten\meter.$0\line[271:0] [174:168] $flatten\meter.$0\line[271:0] [166:160] $flatten\meter.$0\line[271:0] [158:152] $flatten\meter.$0\line[271:0] [150:144] $flatten\meter.$0\line[271:0] [142:136] $flatten\meter.$0\line[271:0] [134:128] $flatten\meter.$0\line[271:0] [126:120] $flatten\meter.$0\line[271:0] [118:112] $flatten\meter.$0\line[271:0] [110:104] $flatten\meter.$0\line[271:0] [102:96] $flatten\meter.$0\line[271:0] [94:88] $flatten\meter.$0\line[271:0] [86:80] $flatten\meter.$0\line[271:0] [78:72] $flatten\meter.$0\line[271:0] [70:64] $flatten\meter.$0\line[271:0] [62:56] $flatten\meter.$0\line[271:0] [54:48] $flatten\meter.$0\line[271:0] [46:40] $flatten\meter.$0\line[271:0] [38:32] $flatten\meter.$0\line[271:0] [30:24] $flatten\meter.$0\line[271:0] [22:16] $flatten\meter.$0\line[271:0] [9] $flatten\meter.$0\line[271:0] [10] }
      New connections: $flatten\meter.$0\line[271:0] [247] = 1'0
  Optimizing cells in module \bench007_probe_ax7203.
Performed a total of 1 changes.

3.34.237. Executing OPT_MERGE pass (detect identical cells).
Finding identical cells in module `\bench007_probe_ax7203'.
Computing hashes of 425 cells of `\bench007_probe_ax7203'.
Finding duplicate cells in `\bench007_probe_ax7203'.
Removed a total of 0 cells.

3.34.238. Executing OPT_SHARE pass.

3.34.239. Executing OPT_DFF pass (perform DFF optimizations).
Setting constant 0-bit at position 0 on $auto$ff.cc:337:slice$3258 ($sdffce) from module bench007_probe_ax7203.

3.34.240. Executing OPT_CLEAN pass (remove unused cells and wires).
Finding unused cells or wires in module \bench007_probe_ax7203..

3.34.241. Executing OPT_EXPR pass (perform const folding).
Optimizing module bench007_probe_ax7203.

3.34.242. Rerunning OPT passes. (Maybe there is more to do..)

3.34.243. Executing OPT_MUXTREE pass (detect dead branches in mux trees).
Running muxtree optimizer on module \bench007_probe_ax7203..
  Creating internal representation of mux trees.
  Evaluating internal representation of mux trees.
  Analyzing evaluation results.
Removed 0 multiplexer ports.
<suppressed ~42 debug messages>

3.34.244. Executing OPT_REDUCE pass (consolidate $*mux and $reduce_* inputs).
  Optimizing cells in module \bench007_probe_ax7203.
    Consolidated identical input bits for $mux cell $flatten\meter.$procmux$1991:
      Old ports: A={ \meter.line [263:248] 1'0 \meter.line [246:240] \meter.line [238:232] \meter.line [230:224] \meter.line [222:216] \meter.line [214:208] \meter.line [206:200] \meter.line [198:192] \meter.line [190:184] \meter.line [182:176] \meter.line [174:168] \meter.line [166:160] \meter.line [158:152] \meter.line [150:144] \meter.line [142:136] \meter.line [134:128] \meter.line [126:120] \meter.line [118:112] \meter.line [110:104] \meter.line [102:96] \meter.line [94:88] \meter.line [86:80] \meter.line [78:72] \meter.line [70:64] \meter.line [62:56] \meter.line [54:48] \meter.line [46:40] \meter.line [38:32] \meter.line [30:24] \meter.line [22:16] 4'0001 \meter.line [10:8] 2'10 }, B={ 24'010000100011011100101100 $flatten\meter.$ternary$bench/bench007/rtl/bench_meter.v:104$1703_Y [6:0] $auto$wreduce.cc:514:run$2323 [6:0] $auto$wreduce.cc:514:run$2322 [6:0] $auto$wreduce.cc:514:run$2321 [6:0] $auto$wreduce.cc:514:run$2320 [6:0] $auto$wreduce.cc:514:run$2319 [6:0] $auto$wreduce.cc:514:run$2318 [6:0] $auto$wreduce.cc:514:run$2317 [6:0] 7'0101100 $auto$wreduce.cc:514:run$2316 [6:0] $auto$wreduce.cc:514:run$2315 [6:0] $auto$wreduce.cc:514:run$2314 [6:0] $auto$wreduce.cc:514:run$2313 [6:0] $auto$wreduce.cc:514:run$2312 [6:0] $auto$wreduce.cc:514:run$2311 [6:0] $auto$wreduce.cc:514:run$2310 [6:0] $auto$wreduce.cc:514:run$2309 [6:0] 7'0101100 $auto$wreduce.cc:514:run$2308 [6:0] $auto$wreduce.cc:514:run$2307 [6:0] $auto$wreduce.cc:514:run$2306 [6:0] $auto$wreduce.cc:514:run$2305 [6:0] $auto$wreduce.cc:514:run$2304 [6:0] $auto$wreduce.cc:514:run$2303 [6:0] $auto$wreduce.cc:514:run$2302 [6:0] $auto$wreduce.cc:514:run$2301 [6:0] 7'0101100 $auto$wreduce.cc:514:run$2300 [6:0] $auto$wreduce.cc:514:run$2299 [6:0] 2'01 }, Y={ $flatten\meter.$0\line[271:0] [271:248] $flatten\meter.$0\line[271:0] [246:240] $flatten\meter.$0\line[271:0] [238:232] $flatten\meter.$0\line[271:0] [230:224] $flatten\meter.$0\line[271:0] [222:216] $flatten\meter.$0\line[271:0] [214:208] $flatten\meter.$0\line[271:0] [206:200] $flatten\meter.$0\line[271:0] [198:192] $flatten\meter.$0\line[271:0] [190:184] $flatten\meter.$0\line[271:0] [182:176] $flatten\meter.$0\line[271:0] [174:168] $flatten\meter.$0\line[271:0] [166:160] $flatten\meter.$0\line[271:0] [158:152] $flatten\meter.$0\line[271:0] [150:144] $flatten\meter.$0\line[271:0] [142:136] $flatten\meter.$0\line[271:0] [134:128] $flatten\meter.$0\line[271:0] [126:120] $flatten\meter.$0\line[271:0] [118:112] $flatten\meter.$0\line[271:0] [110:104] $flatten\meter.$0\line[271:0] [102:96] $flatten\meter.$0\line[271:0] [94:88] $flatten\meter.$0\line[271:0] [86:80] $flatten\meter.$0\line[271:0] [78:72] $flatten\meter.$0\line[271:0] [70:64] $flatten\meter.$0\line[271:0] [62:56] $flatten\meter.$0\line[271:0] [54:48] $flatten\meter.$0\line[271:0] [46:40] $flatten\meter.$0\line[271:0] [38:32] $flatten\meter.$0\line[271:0] [30:24] $flatten\meter.$0\line[271:0] [22:16] $flatten\meter.$0\line[271:0] [9] $flatten\meter.$0\line[271:0] [10] }
      New ports: A={ \meter.line [263:248] \meter.line [246:240] \meter.line [238:232] \meter.line [230:224] \meter.line [222:216] \meter.line [214:208] \meter.line [206:200] \meter.line [198:192] \meter.line [190:184] \meter.line [182:176] \meter.line [174:168] \meter.line [166:160] \meter.line [158:152] \meter.line [150:144] \meter.line [142:136] \meter.line [134:128] \meter.line [126:120] \meter.line [118:112] \meter.line [110:104] \meter.line [102:96] \meter.line [94:88] \meter.line [86:80] \meter.line [78:72] \meter.line [70:64] \meter.line [62:56] \meter.line [54:48] \meter.line [46:40] \meter.line [38:32] \meter.line [30:24] \meter.line [22:16] 4'0001 \meter.line [10:8] 2'10 }, B={ 23'01000010001101110101100 $flatten\meter.$ternary$bench/bench007/rtl/bench_meter.v:104$1703_Y [6:0] $auto$wreduce.cc:514:run$2323 [6:0] $auto$wreduce.cc:514:run$2322 [6:0] $auto$wreduce.cc:514:run$2321 [6:0] $auto$wreduce.cc:514:run$2320 [6:0] $auto$wreduce.cc:514:run$2319 [6:0] $auto$wreduce.cc:514:run$2318 [6:0] $auto$wreduce.cc:514:run$2317 [6:0] 7'0101100 $auto$wreduce.cc:514:run$2316 [6:0] $auto$wreduce.cc:514:run$2315 [6:0] $auto$wreduce.cc:514:run$2314 [6:0] $auto$wreduce.cc:514:run$2313 [6:0] $auto$wreduce.cc:514:run$2312 [6:0] $auto$wreduce.cc:514:run$2311 [6:0] $auto$wreduce.cc:514:run$2310 [6:0] $auto$wreduce.cc:514:run$2309 [6:0] 7'0101100 $auto$wreduce.cc:514:run$2308 [6:0] $auto$wreduce.cc:514:run$2307 [6:0] $auto$wreduce.cc:514:run$2306 [6:0] $auto$wreduce.cc:514:run$2305 [6:0] $auto$wreduce.cc:514:run$2304 [6:0] $auto$wreduce.cc:514:run$2303 [6:0] $auto$wreduce.cc:514:run$2302 [6:0] $auto$wreduce.cc:514:run$2301 [6:0] 7'0101100 $auto$wreduce.cc:514:run$2300 [6:0] $auto$wreduce.cc:514:run$2299 [6:0] 2'01 }, Y={ $flatten\meter.$0\line[271:0] [271:256] $flatten\meter.$0\line[271:0] [254:248] $flatten\meter.$0\line[271:0] [246:240] $flatten\meter.$0\line[271:0] [238:232] $flatten\meter.$0\line[271:0] [230:224] $flatten\meter.$0\line[271:0] [222:216] $flatten\meter.$0\line[271:0] [214:208] $flatten\meter.$0\line[271:0] [206:200] $flatten\meter.$0\line[271:0] [198:192] $flatten\meter.$0\line[271:0] [190:184] $flatten\meter.$0\line[271:0] [182:176] $flatten\meter.$0\line[271:0] [174:168] $flatten\meter.$0\line[271:0] [166:160] $flatten\meter.$0\line[271:0] [158:152] $flatten\meter.$0\line[271:0] [150:144] $flatten\meter.$0\line[271:0] [142:136] $flatten\meter.$0\line[271:0] [134:128] $flatten\meter.$0\line[271:0] [126:120] $flatten\meter.$0\line[271:0] [118:112] $flatten\meter.$0\line[271:0] [110:104] $flatten\meter.$0\line[271:0] [102:96] $flatten\meter.$0\line[271:0] [94:88] $flatten\meter.$0\line[271:0] [86:80] $flatten\meter.$0\line[271:0] [78:72] $flatten\meter.$0\line[271:0] [70:64] $flatten\meter.$0\line[271:0] [62:56] $flatten\meter.$0\line[271:0] [54:48] $flatten\meter.$0\line[271:0] [46:40] $flatten\meter.$0\line[271:0] [38:32] $flatten\meter.$0\line[271:0] [30:24] $flatten\meter.$0\line[271:0] [22:16] $flatten\meter.$0\line[271:0] [9] $flatten\meter.$0\line[271:0] [10] }
      New connections: $flatten\meter.$0\line[271:0] [255] = 1'0
  Optimizing cells in module \bench007_probe_ax7203.
Performed a total of 1 changes.

3.34.245. Executing OPT_MERGE pass (detect identical cells).
Finding identical cells in module `\bench007_probe_ax7203'.
Computing hashes of 424 cells of `\bench007_probe_ax7203'.
Finding duplicate cells in `\bench007_probe_ax7203'.
Removed a total of 0 cells.

3.34.246. Executing OPT_SHARE pass.

3.34.247. Executing OPT_DFF pass (perform DFF optimizations).
Setting constant 0-bit at position 31 on $auto$ff.cc:337:slice$3251 ($sdffce) from module bench007_probe_ax7203.

3.34.248. Executing OPT_CLEAN pass (remove unused cells and wires).
Finding unused cells or wires in module \bench007_probe_ax7203..

3.34.249. Executing OPT_EXPR pass (perform const folding).
Optimizing module bench007_probe_ax7203.

3.34.250. Rerunning OPT passes. (Maybe there is more to do..)

3.34.251. Executing OPT_MUXTREE pass (detect dead branches in mux trees).
Running muxtree optimizer on module \bench007_probe_ax7203..
  Creating internal representation of mux trees.
  Evaluating internal representation of mux trees.
  Analyzing evaluation results.
Removed 0 multiplexer ports.
<suppressed ~42 debug messages>

3.34.252. Executing OPT_REDUCE pass (consolidate $*mux and $reduce_* inputs).
  Optimizing cells in module \bench007_probe_ax7203.
    Consolidated identical input bits for $mux cell $flatten\meter.$procmux$1991:
      Old ports: A={ \meter.line [263:256] 1'0 \meter.line [254:248] \meter.line [246:240] \meter.line [238:232] \meter.line [230:224] \meter.line [222:216] \meter.line [214:208] \meter.line [206:200] \meter.line [198:192] \meter.line [190:184] \meter.line [182:176] \meter.line [174:168] \meter.line [166:160] \meter.line [158:152] \meter.line [150:144] \meter.line [142:136] \meter.line [134:128] \meter.line [126:120] \meter.line [118:112] \meter.line [110:104] \meter.line [102:96] \meter.line [94:88] \meter.line [86:80] \meter.line [78:72] \meter.line [70:64] \meter.line [62:56] \meter.line [54:48] \meter.line [46:40] \meter.line [38:32] \meter.line [30:24] \meter.line [22:16] 4'0001 \meter.line [10:8] 2'10 }, B={ 23'01000010001101110101100 $flatten\meter.$ternary$bench/bench007/rtl/bench_meter.v:104$1703_Y [6:0] $auto$wreduce.cc:514:run$2323 [6:0] $auto$wreduce.cc:514:run$2322 [6:0] $auto$wreduce.cc:514:run$2321 [6:0] $auto$wreduce.cc:514:run$2320 [6:0] $auto$wreduce.cc:514:run$2319 [6:0] $auto$wreduce.cc:514:run$2318 [6:0] $auto$wreduce.cc:514:run$2317 [6:0] 7'0101100 $auto$wreduce.cc:514:run$2316 [6:0] $auto$wreduce.cc:514:run$2315 [6:0] $auto$wreduce.cc:514:run$2314 [6:0] $auto$wreduce.cc:514:run$2313 [6:0] $auto$wreduce.cc:514:run$2312 [6:0] $auto$wreduce.cc:514:run$2311 [6:0] $auto$wreduce.cc:514:run$2310 [6:0] $auto$wreduce.cc:514:run$2309 [6:0] 7'0101100 $auto$wreduce.cc:514:run$2308 [6:0] $auto$wreduce.cc:514:run$2307 [6:0] $auto$wreduce.cc:514:run$2306 [6:0] $auto$wreduce.cc:514:run$2305 [6:0] $auto$wreduce.cc:514:run$2304 [6:0] $auto$wreduce.cc:514:run$2303 [6:0] $auto$wreduce.cc:514:run$2302 [6:0] $auto$wreduce.cc:514:run$2301 [6:0] 7'0101100 $auto$wreduce.cc:514:run$2300 [6:0] $auto$wreduce.cc:514:run$2299 [6:0] 2'01 }, Y={ $flatten\meter.$0\line[271:0] [271:256] $flatten\meter.$0\line[271:0] [254:248] $flatten\meter.$0\line[271:0] [246:240] $flatten\meter.$0\line[271:0] [238:232] $flatten\meter.$0\line[271:0] [230:224] $flatten\meter.$0\line[271:0] [222:216] $flatten\meter.$0\line[271:0] [214:208] $flatten\meter.$0\line[271:0] [206:200] $flatten\meter.$0\line[271:0] [198:192] $flatten\meter.$0\line[271:0] [190:184] $flatten\meter.$0\line[271:0] [182:176] $flatten\meter.$0\line[271:0] [174:168] $flatten\meter.$0\line[271:0] [166:160] $flatten\meter.$0\line[271:0] [158:152] $flatten\meter.$0\line[271:0] [150:144] $flatten\meter.$0\line[271:0] [142:136] $flatten\meter.$0\line[271:0] [134:128] $flatten\meter.$0\line[271:0] [126:120] $flatten\meter.$0\line[271:0] [118:112] $flatten\meter.$0\line[271:0] [110:104] $flatten\meter.$0\line[271:0] [102:96] $flatten\meter.$0\line[271:0] [94:88] $flatten\meter.$0\line[271:0] [86:80] $flatten\meter.$0\line[271:0] [78:72] $flatten\meter.$0\line[271:0] [70:64] $flatten\meter.$0\line[271:0] [62:56] $flatten\meter.$0\line[271:0] [54:48] $flatten\meter.$0\line[271:0] [46:40] $flatten\meter.$0\line[271:0] [38:32] $flatten\meter.$0\line[271:0] [30:24] $flatten\meter.$0\line[271:0] [22:16] $flatten\meter.$0\line[271:0] [9] $flatten\meter.$0\line[271:0] [10] }
      New ports: A={ \meter.line [263:256] \meter.line [254:248] \meter.line [246:240] \meter.line [238:232] \meter.line [230:224] \meter.line [222:216] \meter.line [214:208] \meter.line [206:200] \meter.line [198:192] \meter.line [190:184] \meter.line [182:176] \meter.line [174:168] \meter.line [166:160] \meter.line [158:152] \meter.line [150:144] \meter.line [142:136] \meter.line [134:128] \meter.line [126:120] \meter.line [118:112] \meter.line [110:104] \meter.line [102:96] \meter.line [94:88] \meter.line [86:80] \meter.line [78:72] \meter.line [70:64] \meter.line [62:56] \meter.line [54:48] \meter.line [46:40] \meter.line [38:32] \meter.line [30:24] \meter.line [22:16] 4'0001 \meter.line [10:8] 2'10 }, B={ 22'0100001001101110101100 $flatten\meter.$ternary$bench/bench007/rtl/bench_meter.v:104$1703_Y [6:0] $auto$wreduce.cc:514:run$2323 [6:0] $auto$wreduce.cc:514:run$2322 [6:0] $auto$wreduce.cc:514:run$2321 [6:0] $auto$wreduce.cc:514:run$2320 [6:0] $auto$wreduce.cc:514:run$2319 [6:0] $auto$wreduce.cc:514:run$2318 [6:0] $auto$wreduce.cc:514:run$2317 [6:0] 7'0101100 $auto$wreduce.cc:514:run$2316 [6:0] $auto$wreduce.cc:514:run$2315 [6:0] $auto$wreduce.cc:514:run$2314 [6:0] $auto$wreduce.cc:514:run$2313 [6:0] $auto$wreduce.cc:514:run$2312 [6:0] $auto$wreduce.cc:514:run$2311 [6:0] $auto$wreduce.cc:514:run$2310 [6:0] $auto$wreduce.cc:514:run$2309 [6:0] 7'0101100 $auto$wreduce.cc:514:run$2308 [6:0] $auto$wreduce.cc:514:run$2307 [6:0] $auto$wreduce.cc:514:run$2306 [6:0] $auto$wreduce.cc:514:run$2305 [6:0] $auto$wreduce.cc:514:run$2304 [6:0] $auto$wreduce.cc:514:run$2303 [6:0] $auto$wreduce.cc:514:run$2302 [6:0] $auto$wreduce.cc:514:run$2301 [6:0] 7'0101100 $auto$wreduce.cc:514:run$2300 [6:0] $auto$wreduce.cc:514:run$2299 [6:0] 2'01 }, Y={ $flatten\meter.$0\line[271:0] [271:264] $flatten\meter.$0\line[271:0] [262:256] $flatten\meter.$0\line[271:0] [254:248] $flatten\meter.$0\line[271:0] [246:240] $flatten\meter.$0\line[271:0] [238:232] $flatten\meter.$0\line[271:0] [230:224] $flatten\meter.$0\line[271:0] [222:216] $flatten\meter.$0\line[271:0] [214:208] $flatten\meter.$0\line[271:0] [206:200] $flatten\meter.$0\line[271:0] [198:192] $flatten\meter.$0\line[271:0] [190:184] $flatten\meter.$0\line[271:0] [182:176] $flatten\meter.$0\line[271:0] [174:168] $flatten\meter.$0\line[271:0] [166:160] $flatten\meter.$0\line[271:0] [158:152] $flatten\meter.$0\line[271:0] [150:144] $flatten\meter.$0\line[271:0] [142:136] $flatten\meter.$0\line[271:0] [134:128] $flatten\meter.$0\line[271:0] [126:120] $flatten\meter.$0\line[271:0] [118:112] $flatten\meter.$0\line[271:0] [110:104] $flatten\meter.$0\line[271:0] [102:96] $flatten\meter.$0\line[271:0] [94:88] $flatten\meter.$0\line[271:0] [86:80] $flatten\meter.$0\line[271:0] [78:72] $flatten\meter.$0\line[271:0] [70:64] $flatten\meter.$0\line[271:0] [62:56] $flatten\meter.$0\line[271:0] [54:48] $flatten\meter.$0\line[271:0] [46:40] $flatten\meter.$0\line[271:0] [38:32] $flatten\meter.$0\line[271:0] [30:24] $flatten\meter.$0\line[271:0] [22:16] $flatten\meter.$0\line[271:0] [9] $flatten\meter.$0\line[271:0] [10] }
      New connections: $flatten\meter.$0\line[271:0] [263] = 1'0
  Optimizing cells in module \bench007_probe_ax7203.
Performed a total of 1 changes.

3.34.253. Executing OPT_MERGE pass (detect identical cells).
Finding identical cells in module `\bench007_probe_ax7203'.
Computing hashes of 424 cells of `\bench007_probe_ax7203'.
Finding duplicate cells in `\bench007_probe_ax7203'.
Removed a total of 0 cells.

3.34.254. Executing OPT_SHARE pass.

3.34.255. Executing OPT_DFF pass (perform DFF optimizations).
Setting constant 0-bit at position 38 on $auto$ff.cc:337:slice$3259 ($sdffce) from module bench007_probe_ax7203.

3.34.256. Executing OPT_CLEAN pass (remove unused cells and wires).
Finding unused cells or wires in module \bench007_probe_ax7203..

3.34.257. Executing OPT_EXPR pass (perform const folding).
Optimizing module bench007_probe_ax7203.

3.34.258. Rerunning OPT passes. (Maybe there is more to do..)

3.34.259. Executing OPT_MUXTREE pass (detect dead branches in mux trees).
Running muxtree optimizer on module \bench007_probe_ax7203..
  Creating internal representation of mux trees.
  Evaluating internal representation of mux trees.
  Analyzing evaluation results.
Removed 0 multiplexer ports.
<suppressed ~42 debug messages>

3.34.260. Executing OPT_REDUCE pass (consolidate $*mux and $reduce_* inputs).
  Optimizing cells in module \bench007_probe_ax7203.
    Consolidated identical input bits for $mux cell $flatten\meter.$procmux$1991:
      Old ports: A={ 1'0 \meter.line [262:256] \meter.line [254:248] \meter.line [246:240] \meter.line [238:232] \meter.line [230:224] \meter.line [222:216] \meter.line [214:208] \meter.line [206:200] \meter.line [198:192] \meter.line [190:184] \meter.line [182:176] \meter.line [174:168] \meter.line [166:160] \meter.line [158:152] \meter.line [150:144] \meter.line [142:136] \meter.line [134:128] \meter.line [126:120] \meter.line [118:112] \meter.line [110:104] \meter.line [102:96] \meter.line [94:88] \meter.line [86:80] \meter.line [78:72] \meter.line [70:64] \meter.line [62:56] \meter.line [54:48] \meter.line [46:40] \meter.line [38:32] \meter.line [30:24] \meter.line [22:16] 4'0001 \meter.line [10:8] 2'10 }, B={ 22'0100001001101110101100 $flatten\meter.$ternary$bench/bench007/rtl/bench_meter.v:104$1703_Y [6:0] $auto$wreduce.cc:514:run$2323 [6:0] $auto$wreduce.cc:514:run$2322 [6:0] $auto$wreduce.cc:514:run$2321 [6:0] $auto$wreduce.cc:514:run$2320 [6:0] $auto$wreduce.cc:514:run$2319 [6:0] $auto$wreduce.cc:514:run$2318 [6:0] $auto$wreduce.cc:514:run$2317 [6:0] 7'0101100 $auto$wreduce.cc:514:run$2316 [6:0] $auto$wreduce.cc:514:run$2315 [6:0] $auto$wreduce.cc:514:run$2314 [6:0] $auto$wreduce.cc:514:run$2313 [6:0] $auto$wreduce.cc:514:run$2312 [6:0] $auto$wreduce.cc:514:run$2311 [6:0] $auto$wreduce.cc:514:run$2310 [6:0] $auto$wreduce.cc:514:run$2309 [6:0] 7'0101100 $auto$wreduce.cc:514:run$2308 [6:0] $auto$wreduce.cc:514:run$2307 [6:0] $auto$wreduce.cc:514:run$2306 [6:0] $auto$wreduce.cc:514:run$2305 [6:0] $auto$wreduce.cc:514:run$2304 [6:0] $auto$wreduce.cc:514:run$2303 [6:0] $auto$wreduce.cc:514:run$2302 [6:0] $auto$wreduce.cc:514:run$2301 [6:0] 7'0101100 $auto$wreduce.cc:514:run$2300 [6:0] $auto$wreduce.cc:514:run$2299 [6:0] 2'01 }, Y={ $flatten\meter.$0\line[271:0] [271:264] $flatten\meter.$0\line[271:0] [262:256] $flatten\meter.$0\line[271:0] [254:248] $flatten\meter.$0\line[271:0] [246:240] $flatten\meter.$0\line[271:0] [238:232] $flatten\meter.$0\line[271:0] [230:224] $flatten\meter.$0\line[271:0] [222:216] $flatten\meter.$0\line[271:0] [214:208] $flatten\meter.$0\line[271:0] [206:200] $flatten\meter.$0\line[271:0] [198:192] $flatten\meter.$0\line[271:0] [190:184] $flatten\meter.$0\line[271:0] [182:176] $flatten\meter.$0\line[271:0] [174:168] $flatten\meter.$0\line[271:0] [166:160] $flatten\meter.$0\line[271:0] [158:152] $flatten\meter.$0\line[271:0] [150:144] $flatten\meter.$0\line[271:0] [142:136] $flatten\meter.$0\line[271:0] [134:128] $flatten\meter.$0\line[271:0] [126:120] $flatten\meter.$0\line[271:0] [118:112] $flatten\meter.$0\line[271:0] [110:104] $flatten\meter.$0\line[271:0] [102:96] $flatten\meter.$0\line[271:0] [94:88] $flatten\meter.$0\line[271:0] [86:80] $flatten\meter.$0\line[271:0] [78:72] $flatten\meter.$0\line[271:0] [70:64] $flatten\meter.$0\line[271:0] [62:56] $flatten\meter.$0\line[271:0] [54:48] $flatten\meter.$0\line[271:0] [46:40] $flatten\meter.$0\line[271:0] [38:32] $flatten\meter.$0\line[271:0] [30:24] $flatten\meter.$0\line[271:0] [22:16] $flatten\meter.$0\line[271:0] [9] $flatten\meter.$0\line[271:0] [10] }
      New ports: A={ \meter.line [262:256] \meter.line [254:248] \meter.line [246:240] \meter.line [238:232] \meter.line [230:224] \meter.line [222:216] \meter.line [214:208] \meter.line [206:200] \meter.line [198:192] \meter.line [190:184] \meter.line [182:176] \meter.line [174:168] \meter.line [166:160] \meter.line [158:152] \meter.line [150:144] \meter.line [142:136] \meter.line [134:128] \meter.line [126:120] \meter.line [118:112] \meter.line [110:104] \meter.line [102:96] \meter.line [94:88] \meter.line [86:80] \meter.line [78:72] \meter.line [70:64] \meter.line [62:56] \meter.line [54:48] \meter.line [46:40] \meter.line [38:32] \meter.line [30:24] \meter.line [22:16] 4'0001 \meter.line [10:8] 2'10 }, B={ 21'100001001101110101100 $flatten\meter.$ternary$bench/bench007/rtl/bench_meter.v:104$1703_Y [6:0] $auto$wreduce.cc:514:run$2323 [6:0] $auto$wreduce.cc:514:run$2322 [6:0] $auto$wreduce.cc:514:run$2321 [6:0] $auto$wreduce.cc:514:run$2320 [6:0] $auto$wreduce.cc:514:run$2319 [6:0] $auto$wreduce.cc:514:run$2318 [6:0] $auto$wreduce.cc:514:run$2317 [6:0] 7'0101100 $auto$wreduce.cc:514:run$2316 [6:0] $auto$wreduce.cc:514:run$2315 [6:0] $auto$wreduce.cc:514:run$2314 [6:0] $auto$wreduce.cc:514:run$2313 [6:0] $auto$wreduce.cc:514:run$2312 [6:0] $auto$wreduce.cc:514:run$2311 [6:0] $auto$wreduce.cc:514:run$2310 [6:0] $auto$wreduce.cc:514:run$2309 [6:0] 7'0101100 $auto$wreduce.cc:514:run$2308 [6:0] $auto$wreduce.cc:514:run$2307 [6:0] $auto$wreduce.cc:514:run$2306 [6:0] $auto$wreduce.cc:514:run$2305 [6:0] $auto$wreduce.cc:514:run$2304 [6:0] $auto$wreduce.cc:514:run$2303 [6:0] $auto$wreduce.cc:514:run$2302 [6:0] $auto$wreduce.cc:514:run$2301 [6:0] 7'0101100 $auto$wreduce.cc:514:run$2300 [6:0] $auto$wreduce.cc:514:run$2299 [6:0] 2'01 }, Y={ $flatten\meter.$0\line[271:0] [270:264] $flatten\meter.$0\line[271:0] [262:256] $flatten\meter.$0\line[271:0] [254:248] $flatten\meter.$0\line[271:0] [246:240] $flatten\meter.$0\line[271:0] [238:232] $flatten\meter.$0\line[271:0] [230:224] $flatten\meter.$0\line[271:0] [222:216] $flatten\meter.$0\line[271:0] [214:208] $flatten\meter.$0\line[271:0] [206:200] $flatten\meter.$0\line[271:0] [198:192] $flatten\meter.$0\line[271:0] [190:184] $flatten\meter.$0\line[271:0] [182:176] $flatten\meter.$0\line[271:0] [174:168] $flatten\meter.$0\line[271:0] [166:160] $flatten\meter.$0\line[271:0] [158:152] $flatten\meter.$0\line[271:0] [150:144] $flatten\meter.$0\line[271:0] [142:136] $flatten\meter.$0\line[271:0] [134:128] $flatten\meter.$0\line[271:0] [126:120] $flatten\meter.$0\line[271:0] [118:112] $flatten\meter.$0\line[271:0] [110:104] $flatten\meter.$0\line[271:0] [102:96] $flatten\meter.$0\line[271:0] [94:88] $flatten\meter.$0\line[271:0] [86:80] $flatten\meter.$0\line[271:0] [78:72] $flatten\meter.$0\line[271:0] [70:64] $flatten\meter.$0\line[271:0] [62:56] $flatten\meter.$0\line[271:0] [54:48] $flatten\meter.$0\line[271:0] [46:40] $flatten\meter.$0\line[271:0] [38:32] $flatten\meter.$0\line[271:0] [30:24] $flatten\meter.$0\line[271:0] [22:16] $flatten\meter.$0\line[271:0] [9] $flatten\meter.$0\line[271:0] [10] }
      New connections: $flatten\meter.$0\line[271:0] [271] = 1'0
  Optimizing cells in module \bench007_probe_ax7203.
Performed a total of 1 changes.

3.34.261. Executing OPT_MERGE pass (detect identical cells).
Finding identical cells in module `\bench007_probe_ax7203'.
Computing hashes of 424 cells of `\bench007_probe_ax7203'.
Finding duplicate cells in `\bench007_probe_ax7203'.
Removed a total of 0 cells.

3.34.262. Executing OPT_SHARE pass.

3.34.263. Executing OPT_DFF pass (perform DFF optimizations).
Setting constant 0-bit at position 45 on $auto$ff.cc:337:slice$3260 ($sdffce) from module bench007_probe_ax7203.

3.34.264. Executing OPT_CLEAN pass (remove unused cells and wires).
Finding unused cells or wires in module \bench007_probe_ax7203..

3.34.265. Executing OPT_EXPR pass (perform const folding).
Optimizing module bench007_probe_ax7203.

3.34.266. Rerunning OPT passes. (Maybe there is more to do..)

3.34.267. Executing OPT_MUXTREE pass (detect dead branches in mux trees).
Running muxtree optimizer on module \bench007_probe_ax7203..
  Creating internal representation of mux trees.
  Evaluating internal representation of mux trees.
  Analyzing evaluation results.
Removed 0 multiplexer ports.
<suppressed ~42 debug messages>

3.34.268. Executing OPT_REDUCE pass (consolidate $*mux and $reduce_* inputs).
  Optimizing cells in module \bench007_probe_ax7203.
Performed a total of 0 changes.

3.34.269. Executing OPT_MERGE pass (detect identical cells).
Finding identical cells in module `\bench007_probe_ax7203'.
Computing hashes of 424 cells of `\bench007_probe_ax7203'.
Finding duplicate cells in `\bench007_probe_ax7203'.
Removed a total of 0 cells.

3.34.270. Executing OPT_SHARE pass.

3.34.271. Executing OPT_DFF pass (perform DFF optimizations).

3.34.272. Executing OPT_CLEAN pass (remove unused cells and wires).
Finding unused cells or wires in module \bench007_probe_ax7203..

3.34.273. Executing OPT_EXPR pass (perform const folding).
Optimizing module bench007_probe_ax7203.

3.34.274. Finished fast OPT passes. (There is nothing left to do.)

3.35. Executing XILINX_SRL pass (Xilinx shift register extraction).

3.36. Executing TECHMAP pass (map to technology primitives).

3.36.1. Executing Verilog-2005 frontend: /usr/local/bin/../share/yosys/techmap.v
Parsing Verilog input from `/usr/local/bin/../share/yosys/techmap.v' to AST representation.
Generating RTLIL representation for module `\_90_simplemap_bool_ops'.
Generating RTLIL representation for module `\_90_simplemap_reduce_ops'.
Generating RTLIL representation for module `\_90_simplemap_logic_ops'.
Generating RTLIL representation for module `\_90_simplemap_compare_ops'.
Generating RTLIL representation for module `\_90_simplemap_various'.
Generating RTLIL representation for module `\_90_simplemap_registers'.
Generating RTLIL representation for module `\_90_shift_ops_shr_shl_sshl_sshr'.
Generating RTLIL representation for module `\_90_shift_shiftx'.
Generating RTLIL representation for module `\_90_fa'.
Generating RTLIL representation for module `\_90_lcu_brent_kung'.
Generating RTLIL representation for module `\_90_alu'.
Generating RTLIL representation for module `\_90_macc'.
Generating RTLIL representation for module `\_90_alumacc'.
Generating RTLIL representation for module `$__div_mod_u'.
Generating RTLIL representation for module `$__div_mod_trunc'.
Generating RTLIL representation for module `\_90_div'.
Generating RTLIL representation for module `\_90_mod'.
Generating RTLIL representation for module `$__div_mod_floor'.
Generating RTLIL representation for module `\_90_divfloor'.
Generating RTLIL representation for module `\_90_modfloor'.
Generating RTLIL representation for module `\_90_pow'.
Generating RTLIL representation for module `\_90_pmux'.
Generating RTLIL representation for module `\_90_demux'.
Generating RTLIL representation for module `\_90_lut'.
Generating RTLIL representation for module `$connect'.
Generating RTLIL representation for module `$input_port'.
Successfully finished Verilog frontend.

3.36.2. Executing Verilog-2005 frontend: /usr/local/bin/../share/yosys/xilinx/arith_map.v
Parsing Verilog input from `/usr/local/bin/../share/yosys/xilinx/arith_map.v' to AST representation.
Generating RTLIL representation for module `\_80_xilinx_lcu'.
Generating RTLIL representation for module `\_80_xilinx_alu'.
Successfully finished Verilog frontend.

3.36.3. Continuing TECHMAP pass.
Using extmapper simplemap for cells of type $sdffce.
Using extmapper simplemap for cells of type $dffe.
Using extmapper simplemap for cells of type $reduce_or.
Using extmapper simplemap for cells of type $not.
Using template $paramod$12970f0c6773674ac918a266872d394220d95a9b\_80_xilinx_alu for cells of type $alu.
Using template $paramod$16077e393cb7e5df01b28a3cd3d834212b700ba6\_80_xilinx_alu for cells of type $alu.
Using template $paramod$d735c1bd8e4aaeb55e846141d44dc1e2c1104582\_80_xilinx_alu for cells of type $alu.
Using template $paramod$674141544fade965cf052b5e9d5b65813fc4e151\_80_xilinx_alu for cells of type $alu.
Using template $paramod$ae13820812ed2d6e563f4300a97bbe8fd093d401\_80_xilinx_alu for cells of type $alu.
Using template $paramod$a09957fdd521c46da107fc1707e453eb9f0df92a\_80_xilinx_alu for cells of type $alu.
Using template $paramod$443fc5832139ffaa8431d4bfa74df0746ae55944\_80_xilinx_alu for cells of type $alu.
Using extmapper simplemap for cells of type $reduce_and.
Using extmapper simplemap for cells of type $ne.
Using extmapper simplemap for cells of type $reduce_bool.
Using extmapper simplemap for cells of type $sdff.
Using extmapper simplemap for cells of type $and.
Using extmapper simplemap for cells of type $or.
Using extmapper simplemap for cells of type $eq.
Using extmapper simplemap for cells of type $dff.
Using template $paramod$c5c783b17ab1d780abfad8cfe6563a0a7b47a3b0\_90_pmux for cells of type $pmux.
Using extmapper simplemap for cells of type $mux.
Using template $paramod$521ce43182eecb9f60c72393a788160d2c356bf5\_90_pmux for cells of type $pmux.
Using template $paramod$bf2533632d512eac76dd186c0da49367e29b8e98\_90_pmux for cells of type $pmux.
Using extmapper simplemap for cells of type $logic_not.
Using extmapper simplemap for cells of type $xor.
Using template $paramod\_90_lcu_brent_kung\WIDTH=s32'00000000000000000000000000000001 for cells of type $lcu.
Using extmapper simplemap for cells of type $pos.
No more expansions possible.
<suppressed ~1062 debug messages>

3.37. Executing OPT pass (performing simple optimizations).

3.37.1. Executing OPT_EXPR pass (perform const folding).
Optimizing module bench007_probe_ax7203.
<suppressed ~1480 debug messages>

3.37.2. Executing OPT_MERGE pass (detect identical cells).
Finding identical cells in module `\bench007_probe_ax7203'.
Computing hashes of 1962 cells of `\bench007_probe_ax7203'.
Finding duplicate cells in `\bench007_probe_ax7203'.
Computing hashes of 1832 cells of `\bench007_probe_ax7203'.
Finding duplicate cells in `\bench007_probe_ax7203'.
Computing hashes of 1831 cells of `\bench007_probe_ax7203'.
Finding duplicate cells in `\bench007_probe_ax7203'.
<suppressed ~393 debug messages>
Removed a total of 131 cells.

3.37.3. Executing OPT_DFF pass (perform DFF optimizations).

3.37.4. Executing OPT_CLEAN pass (remove unused cells and wires).
Finding unused cells or wires in module \bench007_probe_ax7203..
Removed 274 unused cells and 1224 unused wires.
<suppressed ~275 debug messages>

3.37.5. Finished fast OPT passes.

3.38. Executing IOPADMAP pass (mapping inputs/outputs to IO-PAD cells).
Marking already mapped port: IBUFDS.I[0].
Marking already mapped port: IBUFDS.IB[0].
Marking already mapped port: bench007_probe_ax7203.clk200_n[0].
Marking already mapped port: bench007_probe_ax7203.clk200_p[0].
Mapping port bench007_probe_ax7203.led using OBUF.
Mapping port bench007_probe_ax7203.uart_tx using OBUF.

3.39. Executing TECHMAP pass (map to technology primitives).

3.39.1. Executing Verilog-2005 frontend: /usr/local/bin/../share/yosys/techmap.v
Parsing Verilog input from `/usr/local/bin/../share/yosys/techmap.v' to AST representation.
Generating RTLIL representation for module `\_90_simplemap_bool_ops'.
Generating RTLIL representation for module `\_90_simplemap_reduce_ops'.
Generating RTLIL representation for module `\_90_simplemap_logic_ops'.
Generating RTLIL representation for module `\_90_simplemap_compare_ops'.
Generating RTLIL representation for module `\_90_simplemap_various'.
Generating RTLIL representation for module `\_90_simplemap_registers'.
Generating RTLIL representation for module `\_90_shift_ops_shr_shl_sshl_sshr'.
Generating RTLIL representation for module `\_90_shift_shiftx'.
Generating RTLIL representation for module `\_90_fa'.
Generating RTLIL representation for module `\_90_lcu_brent_kung'.
Generating RTLIL representation for module `\_90_alu'.
Generating RTLIL representation for module `\_90_macc'.
Generating RTLIL representation for module `\_90_alumacc'.
Generating RTLIL representation for module `$__div_mod_u'.
Generating RTLIL representation for module `$__div_mod_trunc'.
Generating RTLIL representation for module `\_90_div'.
Generating RTLIL representation for module `\_90_mod'.
Generating RTLIL representation for module `$__div_mod_floor'.
Generating RTLIL representation for module `\_90_divfloor'.
Generating RTLIL representation for module `\_90_modfloor'.
Generating RTLIL representation for module `\_90_pow'.
Generating RTLIL representation for module `\_90_pmux'.
Generating RTLIL representation for module `\_90_demux'.
Generating RTLIL representation for module `\_90_lut'.
Generating RTLIL representation for module `$connect'.
Generating RTLIL representation for module `$input_port'.
Successfully finished Verilog frontend.

3.39.2. Executing Verilog-2005 frontend: /usr/local/bin/../share/yosys/xilinx/cells_map.v
Parsing Verilog input from `/usr/local/bin/../share/yosys/xilinx/cells_map.v' to AST representation.
Generating RTLIL representation for module `$__SHREG_'.
Generating RTLIL representation for module `$__XILINX_SHREG_'.
Generating RTLIL representation for module `$__XILINX_MUXF78'.
Successfully finished Verilog frontend.

3.39.3. Continuing TECHMAP pass.
No more expansions possible.
<suppressed ~80 debug messages>
Removed 0 unused cells and 1 unused wires.

3.40. Executing DFFLEGALIZE pass (convert FFs to types supported by the target).

3.41. Executing TECHMAP pass (map to technology primitives).

3.41.1. Executing Verilog-2005 frontend: /usr/local/bin/../share/yosys/xilinx/ff_map.v
Parsing Verilog input from `/usr/local/bin/../share/yosys/xilinx/ff_map.v' to AST representation.
Generating RTLIL representation for module `$_DFFE_NP0P_'.
Generating RTLIL representation for module `$_DFFE_PP0P_'.
Generating RTLIL representation for module `$_DFFE_NP1P_'.
Generating RTLIL representation for module `$_DFFE_PP1P_'.
Generating RTLIL representation for module `$_DFFSRE_NPPP_'.
Generating RTLIL representation for module `$_DFFSRE_PPPP_'.
Generating RTLIL representation for module `$_SDFFE_NP0P_'.
Generating RTLIL representation for module `$_SDFFE_PP0P_'.
Generating RTLIL representation for module `$_SDFFE_NP1P_'.
Generating RTLIL representation for module `$_SDFFE_PP1P_'.
Generating RTLIL representation for module `$_DLATCH_NP0_'.
Generating RTLIL representation for module `$_DLATCH_PP0_'.
Generating RTLIL representation for module `$_DLATCH_NP1_'.
Generating RTLIL representation for module `$_DLATCH_PP1_'.
Generating RTLIL representation for module `$_DLATCH_NPP_'.
Generating RTLIL representation for module `$_DLATCH_PPP_'.
Successfully finished Verilog frontend.

3.41.2. Continuing TECHMAP pass.
Using template $paramod$_SDFFE_PP0P_\_TECHMAP_WIREINIT_Q_=1'0 for cells of type $_SDFFE_PP0P_.
Using template $paramod$_SDFFE_PP0P_\_TECHMAP_WIREINIT_Q_=1'1 for cells of type $_SDFFE_PP0P_.
Using template $paramod$_SDFFE_PP1P_\_TECHMAP_WIREINIT_Q_=1'1 for cells of type $_SDFFE_PP1P_.
Using template $paramod$_SDFFE_PP1P_\_TECHMAP_WIREINIT_Q_=1'0 for cells of type $_SDFFE_PP1P_.
No more expansions possible.
<suppressed ~687 debug messages>

3.42. Executing OPT_EXPR pass (perform const folding).
Optimizing module bench007_probe_ax7203.

3.43. Executing Verilog-2005 frontend: /usr/local/bin/../share/yosys/xilinx/abc9_model.v
Parsing Verilog input from `/usr/local/bin/../share/yosys/xilinx/abc9_model.v' to AST representation.
Generating RTLIL representation for module `$__XILINX_MUXF78'.
Successfully finished Verilog frontend.

3.44. Executing ABC9 pass.

3.44.1. Executing ABC9_OPS pass (helper functions for ABC9).

3.44.2. Executing ABC9_OPS pass (helper functions for ABC9).

3.44.3. Executing SCC pass (detecting logic loops).
Found 0 SCCs in module bench007_probe_ax7203.
Found 0 SCCs.

3.44.4. Executing ABC9_OPS pass (helper functions for ABC9).

3.44.5. Executing TECHMAP pass (map to technology primitives).

3.44.5.1. Executing Verilog-2005 frontend: /usr/local/bin/../share/yosys/techmap.v
Parsing Verilog input from `/usr/local/bin/../share/yosys/techmap.v' to AST representation.
Generating RTLIL representation for module `\_90_simplemap_bool_ops'.
Generating RTLIL representation for module `\_90_simplemap_reduce_ops'.
Generating RTLIL representation for module `\_90_simplemap_logic_ops'.
Generating RTLIL representation for module `\_90_simplemap_compare_ops'.
Generating RTLIL representation for module `\_90_simplemap_various'.
Generating RTLIL representation for module `\_90_simplemap_registers'.
Generating RTLIL representation for module `\_90_shift_ops_shr_shl_sshl_sshr'.
Generating RTLIL representation for module `\_90_shift_shiftx'.
Generating RTLIL representation for module `\_90_fa'.
Generating RTLIL representation for module `\_90_lcu_brent_kung'.
Generating RTLIL representation for module `\_90_alu'.
Generating RTLIL representation for module `\_90_macc'.
Generating RTLIL representation for module `\_90_alumacc'.
Generating RTLIL representation for module `$__div_mod_u'.
Generating RTLIL representation for module `$__div_mod_trunc'.
Generating RTLIL representation for module `\_90_div'.
Generating RTLIL representation for module `\_90_mod'.
Generating RTLIL representation for module `$__div_mod_floor'.
Generating RTLIL representation for module `\_90_divfloor'.
Generating RTLIL representation for module `\_90_modfloor'.
Generating RTLIL representation for module `\_90_pow'.
Generating RTLIL representation for module `\_90_pmux'.
Generating RTLIL representation for module `\_90_demux'.
Generating RTLIL representation for module `\_90_lut'.
Generating RTLIL representation for module `$connect'.
Generating RTLIL representation for module `$input_port'.
Successfully finished Verilog frontend.

3.44.5.2. Continuing TECHMAP pass.
No more expansions possible.
<suppressed ~506 debug messages>

3.44.6. Executing OPT pass (performing simple optimizations).

3.44.6.1. Executing OPT_EXPR pass (perform const folding).

3.44.6.2. Executing OPT_MERGE pass (detect identical cells).
Removed a total of 0 cells.

3.44.6.3. Executing OPT_MUXTREE pass (detect dead branches in mux trees).
Removed 0 multiplexer ports.

3.44.6.4. Executing OPT_REDUCE pass (consolidate $*mux and $reduce_* inputs).
Performed a total of 0 changes.

3.44.6.5. Executing OPT_MERGE pass (detect identical cells).
Removed a total of 0 cells.

3.44.6.6. Executing OPT_DFF pass (perform DFF optimizations).

3.44.6.7. Executing OPT_CLEAN pass (remove unused cells and wires).

3.44.6.8. Executing OPT_EXPR pass (perform const folding).

3.44.6.9. Finished fast OPT passes. (There is nothing left to do.)

3.44.7. Executing TECHMAP pass (map to technology primitives).

3.44.7.1. Executing Verilog-2005 frontend: /usr/local/bin/../share/yosys/abc9_map.v
Parsing Verilog input from `/usr/local/bin/../share/yosys/abc9_map.v' to AST representation.
Successfully finished Verilog frontend.

3.44.7.2. Continuing TECHMAP pass.
No more expansions possible.
<suppressed ~2 debug messages>

3.44.8. Executing Verilog-2005 frontend: /usr/local/bin/../share/yosys/abc9_model.v
Parsing Verilog input from `/usr/local/bin/../share/yosys/abc9_model.v' to AST representation.
Generating RTLIL representation for module `$__ABC9_DELAY'.
Generating RTLIL representation for module `$__ABC9_SCC_BREAKER'.
Generating RTLIL representation for module `$__DFF_N__$abc9_flop'.
Generating RTLIL representation for module `$__DFF_P__$abc9_flop'.
Successfully finished Verilog frontend.

3.44.9. Executing ABC9_OPS pass (helper functions for ABC9).
<suppressed ~2 debug messages>

3.44.10. Executing ABC9_OPS pass (helper functions for ABC9).

3.44.11. Executing ABC9_OPS pass (helper functions for ABC9).
<suppressed ~2 debug messages>

3.44.12. Executing TECHMAP pass (map to technology primitives).

3.44.12.1. Executing Verilog-2005 frontend: /usr/local/bin/../share/yosys/techmap.v
Parsing Verilog input from `/usr/local/bin/../share/yosys/techmap.v' to AST representation.
Generating RTLIL representation for module `\_90_simplemap_bool_ops'.
Generating RTLIL representation for module `\_90_simplemap_reduce_ops'.
Generating RTLIL representation for module `\_90_simplemap_logic_ops'.
Generating RTLIL representation for module `\_90_simplemap_compare_ops'.
Generating RTLIL representation for module `\_90_simplemap_various'.
Generating RTLIL representation for module `\_90_simplemap_registers'.
Generating RTLIL representation for module `\_90_shift_ops_shr_shl_sshl_sshr'.
Generating RTLIL representation for module `\_90_shift_shiftx'.
Generating RTLIL representation for module `\_90_fa'.
Generating RTLIL representation for module `\_90_lcu_brent_kung'.
Generating RTLIL representation for module `\_90_alu'.
Generating RTLIL representation for module `\_90_macc'.
Generating RTLIL representation for module `\_90_alumacc'.
Generating RTLIL representation for module `$__div_mod_u'.
Generating RTLIL representation for module `$__div_mod_trunc'.
Generating RTLIL representation for module `\_90_div'.
Generating RTLIL representation for module `\_90_mod'.
Generating RTLIL representation for module `$__div_mod_floor'.
Generating RTLIL representation for module `\_90_divfloor'.
Generating RTLIL representation for module `\_90_modfloor'.
Generating RTLIL representation for module `\_90_pow'.
Generating RTLIL representation for module `\_90_pmux'.
Generating RTLIL representation for module `\_90_demux'.
Generating RTLIL representation for module `\_90_lut'.
Generating RTLIL representation for module `$connect'.
Generating RTLIL representation for module `$input_port'.
Successfully finished Verilog frontend.

3.44.12.2. Continuing TECHMAP pass.
Using template CARRY4 for cells of type CARRY4.
Using extmapper simplemap for cells of type $xor.
Using extmapper simplemap for cells of type $mux.
Using extmapper simplemap for cells of type $or.
No more expansions possible.
<suppressed ~518 debug messages>

3.44.13. Executing OPT pass (performing simple optimizations).

3.44.13.1. Executing OPT_EXPR pass (perform const folding).
Optimizing module bench007_probe_ax7203.

3.44.13.2. Executing OPT_MERGE pass (detect identical cells).
Finding identical cells in module `\bench007_probe_ax7203'.
Computing hashes of 62 cells of `\bench007_probe_ax7203'.
Finding duplicate cells in `\bench007_probe_ax7203'.
Computing hashes of 61 cells of `\bench007_probe_ax7203'.
Finding duplicate cells in `\bench007_probe_ax7203'.
<suppressed ~3 debug messages>
Removed a total of 1 cells.

3.44.13.3. Executing OPT_MUXTREE pass (detect dead branches in mux trees).
Running muxtree optimizer on module \bench007_probe_ax7203..
  Creating internal representation of mux trees.
  No muxes found in this module.
Removed 0 multiplexer ports.

3.44.13.4. Executing OPT_REDUCE pass (consolidate $*mux and $reduce_* inputs).
  Optimizing cells in module \bench007_probe_ax7203.
Performed a total of 0 changes.

3.44.13.5. Executing OPT_MERGE pass (detect identical cells).
Finding identical cells in module `\bench007_probe_ax7203'.
Computing hashes of 61 cells of `\bench007_probe_ax7203'.
Finding duplicate cells in `\bench007_probe_ax7203'.
Removed a total of 0 cells.

3.44.13.6. Executing OPT_DFF pass (perform DFF optimizations).

3.44.13.7. Executing OPT_CLEAN pass (remove unused cells and wires).
Finding unused cells or wires in module \bench007_probe_ax7203..
Removed 0 unused cells and 14 unused wires.
<suppressed ~3 debug messages>

3.44.13.8. Executing OPT_EXPR pass (perform const folding).
Optimizing module bench007_probe_ax7203.

3.44.13.9. Rerunning OPT passes. (Maybe there is more to do..)

3.44.13.10. Executing OPT_MUXTREE pass (detect dead branches in mux trees).
Running muxtree optimizer on module \bench007_probe_ax7203..
  Creating internal representation of mux trees.
  No muxes found in this module.
Removed 0 multiplexer ports.

3.44.13.11. Executing OPT_REDUCE pass (consolidate $*mux and $reduce_* inputs).
  Optimizing cells in module \bench007_probe_ax7203.
Performed a total of 0 changes.

3.44.13.12. Executing OPT_MERGE pass (detect identical cells).
Finding identical cells in module `\bench007_probe_ax7203'.
Computing hashes of 61 cells of `\bench007_probe_ax7203'.
Finding duplicate cells in `\bench007_probe_ax7203'.
Removed a total of 0 cells.

3.44.13.13. Executing OPT_DFF pass (perform DFF optimizations).

3.44.13.14. Executing OPT_CLEAN pass (remove unused cells and wires).
Finding unused cells or wires in module \bench007_probe_ax7203..

3.44.13.15. Executing OPT_EXPR pass (perform const folding).
Optimizing module bench007_probe_ax7203.

3.44.13.16. Finished fast OPT passes. (There is nothing left to do.)

3.44.14. Executing AIGMAP pass (map logic to AIG).
Module bench007_probe_ax7203: replaced 9 cells with 60 new cells, skipped 52 cells.
  replaced 3 cell types:
       4 $_MUX_
       1 $_OR_
       4 $_XOR_
  not replaced 1 cell types:
      52 $specify2

3.44.15. Executing AIGMAP pass (map logic to AIG).
Module bench007_probe_ax7203: replaced 641 cells with 3920 new cells, skipped 1089 cells.
  replaced 4 cell types:
     381 $_MUX_
      60 $_ORNOT_
     109 $_OR_
      91 $_XOR_
  not replaced 10 cell types:
      82 $_AND_
     263 $_NOT_
       1 $scopeinfo
       3 BUFG
     603 FDRE
      22 FDSE
       1 IBUFDS
       1 STARTUPE2
       5 OBUF
     108 CARRY4

3.44.15.1. Executing ABC9_OPS pass (helper functions for ABC9).

3.44.15.2. Executing ABC9_OPS pass (helper functions for ABC9).

3.44.15.3. Executing XAIGER backend.
<suppressed ~636 debug messages>
Extracted 1667 AND gates and 5974 wires from module `bench007_probe_ax7203' to a netlist network with 637 inputs and 690 outputs.

3.44.15.4. Executing ABC9_EXE pass (technology mapping using ABC9).

3.44.15.5. Executing ABC9.
Running ABC command: "<yosys-exe-dir>/yosys-abc" -s -f <abc-temp-dir>/abc.script 2>&1
ABC: ======== ABC command line "source <abc-temp-dir>/abc.script"
ABC: + read_lut <abc-temp-dir>/input.lut 
ABC: + read_box <abc-temp-dir>/input.box 
ABC: + &read <abc-temp-dir>/input.xaig 
ABC: + &ps 
ABC: <abc-temp-dir>/input : i/o =    637/    690  and =    1479  lev =   17 (1.38)  mem = 0.07 MB  box = 108  bb = 0
ABC: + &scorr 
ABC: Warning: The network is combinational.
ABC: + &sweep 
ABC: + &dc2 
ABC: + &dch -f -r 
ABC: + &ps 
ABC: <abc-temp-dir>/input : i/o =    637/    690  and =    2034  lev =   15 (1.12)  mem = 0.07 MB  ch =  353  box = 83  bb = 0
ABC: cst =       0  cls =    315  lit =     353  unused =    2667  proof =     0
ABC: + &if -W 300 -v 
ABC: K = 8. Memory (bytes): Truth =    0. Cut =   68. Obj =  152. Set =  708. CutMin = no
ABC: Node =    2034.  Ch =   315.  Total mem =    0.78 MB. Peak cut mem =    0.02 MB.
ABC: P:  Del = 3212.00.  Ar =    1382.0.  Edge =     1524.  Cut =    41249.  T =     0.00 sec
ABC: P:  Del = 3074.00.  Ar =    1300.0.  Edge =     1508.  Cut =    41477.  T =     0.00 sec
ABC: P:  Del = 3074.00.  Ar =    1139.0.  Edge =     1558.  Cut =    48397.  T =     0.01 sec
ABC: F:  Del = 3074.00.  Ar =     858.0.  Edge =     1274.  Cut =    41012.  T =     0.01 sec
ABC: A:  Del = 3074.00.  Ar =     842.0.  Edge =     1087.  Cut =    41840.  T =     0.01 sec
ABC: A:  Del = 3074.00.  Ar =     839.0.  Edge =     1086.  Cut =    43485.  T =     0.01 sec
ABC: Total time =     0.03 sec
ABC: + &write -n <abc-temp-dir>/output.aig 
ABC: + &mfs 
ABC: + &ps -l 
ABC: <abc-temp-dir>/input : i/o =    637/    690  and =    1600  lev =   19 (1.12)  mem = 0.06 MB  box = 82  bb = 0
ABC: Mapping (K=6)  :  lut =    280  edge =    1078  lev =    5 (0.50)  levB =   11  mem = 0.02 MB
ABC: LUT = 280 : 2=18 6.4 %  3=113 40.4 %  4=47 16.8 %  5=97 34.6 %  6=5 1.8 %  Ave = 3.85
ABC: + &write -n <abc-temp-dir>/output.aig 
ABC: + time 
ABC: elapse: 0.41 seconds, total: 0.41 seconds

3.44.15.6. Executing AIGER frontend.
<suppressed ~2692 debug messages>
Removed 2802 unused cells and 5909 unused wires.

3.44.15.7. Executing ABC9_OPS pass (helper functions for ABC9).
ABC RESULTS:              $lut cells:      381
ABC RESULTS:           \CARRY4 cells:       82
ABC RESULTS:           input signals:       19
ABC RESULTS:          output signals:      160
Removing temp directory.

3.44.16. Executing TECHMAP pass (map to technology primitives).

3.44.16.1. Executing Verilog-2005 frontend: /usr/local/bin/../share/yosys/abc9_unmap.v
Parsing Verilog input from `/usr/local/bin/../share/yosys/abc9_unmap.v' to AST representation.
Generating RTLIL representation for module `$__DFF_x__$abc9_flop'.
Generating RTLIL representation for module `$__ABC9_SCC_BREAKER'.
Successfully finished Verilog frontend.

3.44.16.2. Continuing TECHMAP pass.
No more expansions possible.
<suppressed ~5 debug messages>
Removed 39 unused cells and 9053 unused wires.

3.45. Executing XILINX_SRL pass (Xilinx shift register extraction).

3.46. Executing TECHMAP pass (map to technology primitives).

3.46.1. Executing Verilog-2005 frontend: /usr/local/bin/../share/yosys/xilinx/lut_map.v
Parsing Verilog input from `/usr/local/bin/../share/yosys/xilinx/lut_map.v' to AST representation.
Generating RTLIL representation for module `$lut'.
Successfully finished Verilog frontend.

3.46.2. Executing Verilog-2005 frontend: /usr/local/bin/../share/yosys/xilinx/cells_map.v
Parsing Verilog input from `/usr/local/bin/../share/yosys/xilinx/cells_map.v' to AST representation.
Generating RTLIL representation for module `$__SHREG_'.
Generating RTLIL representation for module `$__XILINX_SHREG_'.
Generating RTLIL representation for module `$__XILINX_MUXF78'.
Successfully finished Verilog frontend.

3.46.3. Continuing TECHMAP pass.
Using template $paramod$fd904e9e35cfd343a9df248824bd3f1408724879$lut for cells of type $lut.
Using template $paramod$f5c97e291c8b48d9f1b4239d871ab7639e5a24ac$lut for cells of type $lut.
Using template $paramod$21a9cf1c7cffed4ea7970972274e8bcced7c7005$lut for cells of type $lut.
Using template $paramod$lut\WIDTH=32'00000000000000000000000000000010\LUT=4'1000 for cells of type $lut.
Using template $paramod$571404c0889eaf57f492cb5e37f8acb5df5852f9$lut for cells of type $lut.
Using template $paramod$33e58adf67c6b686a154c9ce8ebbc4b04b8cabc5$lut for cells of type $lut.
Using template $paramod$lut\WIDTH=32'00000000000000000000000000000010\LUT=4'0110 for cells of type $lut.
Using template $paramod$658b9ed803f0d3d335616d3858b53e0a2522f1e8$lut for cells of type $lut.
Using template $paramod$47a8214374025465e226fa66bee690ff33268a25$lut for cells of type $lut.
Using template $paramod$2618c14f50de9b2a6aa0ccab0156e07c638c5826$lut for cells of type $lut.
Using template $paramod$lut\WIDTH=32'00000000000000000000000000000010\LUT=4'0001 for cells of type $lut.
Using template $paramod$435428187cf875938e74e7d1eb5f0e510c00c191$lut for cells of type $lut.
Using template $paramod$lut\WIDTH=32'00000000000000000000000000000010\LUT=4'0010 for cells of type $lut.
Using template $paramod$eba7de026ff587370e320127e266317dae097a89$lut for cells of type $lut.
Using template $paramod$20f3f4b8e32f8a8b038b0056872dc94926194798$lut for cells of type $lut.
Using template $paramod$lut\WIDTH=32'00000000000000000000000000000010\LUT=4'0100 for cells of type $lut.
Using template $paramod$lut\WIDTH=32'00000000000000000000000000000011\LUT=8'11101010 for cells of type $lut.
Using template $paramod$lut\WIDTH=32'00000000000000000000000000000011\LUT=8'01010111 for cells of type $lut.
Using template $paramod$5dc745bb48e2cf535179547ba13f0fe5364d6d54$lut for cells of type $lut.
Using template $paramod$lut\WIDTH=32'00000000000000000000000000000010\LUT=4'1110 for cells of type $lut.
Using template $paramod$lut\WIDTH=32'00000000000000000000000000000011\LUT=8'11111110 for cells of type $lut.
Using template $paramod$804fe9d60b3e337236f37a5c9b5a3a06e1db10e3$lut for cells of type $lut.
Using template $paramod$762dcdf49521c1aa2145fa6746ab6d57dd5df22e$lut for cells of type $lut.
Using template $paramod$d3d95bfe62880522da67112e51d61eaee461472b$lut for cells of type $lut.
Using template $paramod$4282def8dbd6df3d1248ad282c629bee684502c2$lut for cells of type $lut.
Using template $paramod$lut\WIDTH=32'00000000000000000000000000000010\LUT=4'1001 for cells of type $lut.
Using template $paramod$10785df70b1592c4ae2da419ccb8c70c13be9f48$lut for cells of type $lut.
Using template $paramod$4a2d0e78765a8f5853344d68dee5d92a5ed25236$lut for cells of type $lut.
Using template $paramod$0138e105494ffaabc3f8030ad932239dc40e6d3d$lut for cells of type $lut.
Using template $paramod$lut\WIDTH=32'00000000000000000000000000000011\LUT=8'11110010 for cells of type $lut.
Using template $paramod$4048d62d27d07e7cef9e5d3b038a31f15d4b3d2d$lut for cells of type $lut.
Using template $paramod$lut\WIDTH=32'00000000000000000000000000000001\LUT=2'01 for cells of type $lut.
Using template $paramod$lut\WIDTH=32'00000000000000000000000000000011\LUT=8'10101000 for cells of type $lut.
Using template $paramod$lut\WIDTH=32'00000000000000000000000000000011\LUT=8'00101110 for cells of type $lut.
Using template $paramod$9411ab5f327581bfd24ad527703788c82debb01f$lut for cells of type $lut.
Using template $paramod$98a8df8f524a0a17ee918f3b2f62e5e996d695a5$lut for cells of type $lut.
Using template $paramod$3424fabeece44d50dc08b094e0e18cdd1ab2e035$lut for cells of type $lut.
Using template $paramod$lut\WIDTH=32'00000000000000000000000000000011\LUT=8'11100010 for cells of type $lut.
Using template $paramod$c25d36a7b9edc1185ab44ff6da6a1d19e0eb8d3d$lut for cells of type $lut.
Using template $paramod$8818f39741db1eea40d2546d9df40cb0e95d4e82$lut for cells of type $lut.
Using template $paramod$9ef96eb1574cee6defd7a49eccd815326aaacc0e$lut for cells of type $lut.
Using template $paramod$lut\WIDTH=32'00000000000000000000000000000011\LUT=8'10101100 for cells of type $lut.
Using template $paramod$lut\WIDTH=32'00000000000000000000000000000011\LUT=8'00000010 for cells of type $lut.
Using template $paramod$baa939b0bd5b3e0c8760492528669bd58f640542$lut for cells of type $lut.
Using template $paramod$a5516fc31d1e552de2435200bb732b4d4ad63a9c$lut for cells of type $lut.
Using template $paramod$8adf7fbd410d2cc654c288d5be5f7508ee8809b0$lut for cells of type $lut.
Using template $paramod$9bdc414229f06e785dc8fd97a243faa9336e164a$lut for cells of type $lut.
Using template $paramod$6e238df02989b317f10820a22773676e71120644$lut for cells of type $lut.
Using template $paramod$30305e55a780880b9c824fe3509a4d981acb0f2b$lut for cells of type $lut.
Using template $paramod$lut\WIDTH=32'00000000000000000000000000000011\LUT=8'10000000 for cells of type $lut.
No more expansions possible.
<suppressed ~1040 debug messages>

3.47. Executing XILINX_DFFOPT pass (optimize FF control signal usage).
Optimizing FFs in bench007_probe_ax7203.
  Merging D + CE LUTs for $auto$ff.cc:337:slice$3397/meter.line (3 -> 6)
  Merging D + CE LUTs for $auto$ff.cc:337:slice$3398/meter.line (3 -> 6)
  Merging D + CE LUTs for $auto$ff.cc:337:slice$3399/meter.line (3 -> 6)
  Merging D + CE LUTs for $auto$ff.cc:337:slice$3404/meter.line (3 -> 6)
  Merging D + CE LUTs for $auto$ff.cc:337:slice$3405/meter.line (3 -> 6)
  Merging D + CE LUTs for $auto$ff.cc:337:slice$3406/meter.line (3 -> 6)
  Merging D + CE LUTs for $auto$ff.cc:337:slice$3411/meter.line (3 -> 6)
  Merging D + CE LUTs for $auto$ff.cc:337:slice$3412/meter.line (3 -> 6)
  Merging D + CE LUTs for $auto$ff.cc:337:slice$3413/meter.line (3 -> 6)
  Merging D + CE LUTs for $auto$ff.cc:337:slice$3418/meter.line (3 -> 6)
  Merging D + CE LUTs for $auto$ff.cc:337:slice$3419/meter.line (3 -> 6)
  Merging D + CE LUTs for $auto$ff.cc:337:slice$3420/meter.line (3 -> 6)
  Merging D + CE LUTs for $auto$ff.cc:337:slice$3425/meter.line (3 -> 6)
  Merging D + CE LUTs for $auto$ff.cc:337:slice$3426/meter.line (3 -> 6)
  Merging D + CE LUTs for $auto$ff.cc:337:slice$3427/meter.line (3 -> 6)
  Merging D + CE LUTs for $auto$ff.cc:337:slice$3432/meter.line (3 -> 6)
  Merging D + CE LUTs for $auto$ff.cc:337:slice$3433/meter.line (3 -> 6)
  Merging D + CE LUTs for $auto$ff.cc:337:slice$3434/meter.line (3 -> 6)
  Merging D + CE LUTs for $auto$ff.cc:337:slice$3439/meter.line (3 -> 6)
  Merging D + CE LUTs for $auto$ff.cc:337:slice$3440/meter.line (3 -> 6)
  Merging D + CE LUTs for $auto$ff.cc:337:slice$3441/meter.line (3 -> 6)
  Merging D + CE LUTs for $auto$ff.cc:337:slice$3446/meter.line (3 -> 6)
  Merging D + CE LUTs for $auto$ff.cc:337:slice$3447/meter.line (3 -> 6)
  Merging D + CE LUTs for $auto$ff.cc:337:slice$3448/meter.line (3 -> 6)
  Merging D + CE LUTs for $auto$ff.cc:337:slice$3453/meter.line (3 -> 6)
  Merging D + CE LUTs for $auto$ff.cc:337:slice$3454/meter.line (3 -> 6)
  Merging D + CE LUTs for $auto$ff.cc:337:slice$3455/meter.line (3 -> 6)
  Merging D + CE LUTs for $auto$ff.cc:337:slice$3460/meter.line (3 -> 6)
  Merging D + CE LUTs for $auto$ff.cc:337:slice$3461/meter.line (3 -> 6)
  Merging D + CE LUTs for $auto$ff.cc:337:slice$3462/meter.line (3 -> 6)
  Merging D + CE LUTs for $auto$ff.cc:337:slice$3467/meter.line (3 -> 6)
  Merging D + CE LUTs for $auto$ff.cc:337:slice$3468/meter.line (3 -> 6)
  Merging D + CE LUTs for $auto$ff.cc:337:slice$3469/meter.line (3 -> 6)
  Merging D + CE LUTs for $auto$ff.cc:337:slice$3474/meter.line (3 -> 6)
  Merging D + CE LUTs for $auto$ff.cc:337:slice$3475/meter.line (3 -> 6)
  Merging D + CE LUTs for $auto$ff.cc:337:slice$3476/meter.line (3 -> 6)
  Merging D + CE LUTs for $auto$ff.cc:337:slice$3481/meter.line (3 -> 6)
  Merging D + CE LUTs for $auto$ff.cc:337:slice$3482/meter.line (3 -> 6)
  Merging D + CE LUTs for $auto$ff.cc:337:slice$3483/meter.line (3 -> 6)
  Merging D + CE LUTs for $auto$ff.cc:337:slice$3488/meter.line (3 -> 6)
  Merging D + CE LUTs for $auto$ff.cc:337:slice$3489/meter.line (3 -> 6)
  Merging D + CE LUTs for $auto$ff.cc:337:slice$3490/meter.line (3 -> 6)
  Merging D + CE LUTs for $auto$ff.cc:337:slice$3495/meter.line (3 -> 6)
  Merging D + CE LUTs for $auto$ff.cc:337:slice$3496/meter.line (3 -> 6)
  Merging D + CE LUTs for $auto$ff.cc:337:slice$3497/meter.line (3 -> 6)
  Merging D + CE LUTs for $auto$ff.cc:337:slice$3502/meter.line (3 -> 6)
  Merging D + CE LUTs for $auto$ff.cc:337:slice$3503/meter.line (3 -> 6)
  Merging D + CE LUTs for $auto$ff.cc:337:slice$3504/meter.line (3 -> 6)
  Merging D + CE LUTs for $auto$ff.cc:337:slice$3509/meter.line (3 -> 6)
  Merging D + CE LUTs for $auto$ff.cc:337:slice$3510/meter.line (3 -> 6)
  Merging D + CE LUTs for $auto$ff.cc:337:slice$3511/meter.line (3 -> 6)
  Merging D + CE LUTs for $auto$ff.cc:337:slice$3516/meter.line (3 -> 6)
  Merging D + CE LUTs for $auto$ff.cc:337:slice$3517/meter.line (3 -> 6)
  Merging D + CE LUTs for $auto$ff.cc:337:slice$3518/meter.line (3 -> 6)
  Merging D + CE LUTs for $auto$ff.cc:337:slice$3523/meter.line (3 -> 6)
  Merging D + CE LUTs for $auto$ff.cc:337:slice$3524/meter.line (3 -> 6)
  Merging D + CE LUTs for $auto$ff.cc:337:slice$3525/meter.line (3 -> 6)
  Merging D + CE LUTs for $auto$ff.cc:337:slice$3530/meter.line (3 -> 6)
  Merging D + CE LUTs for $auto$ff.cc:337:slice$3531/meter.line (3 -> 6)
  Merging D + CE LUTs for $auto$ff.cc:337:slice$3532/meter.line (3 -> 6)
  Merging D + CE LUTs for $auto$ff.cc:337:slice$3537/meter.line (3 -> 6)
  Merging D + CE LUTs for $auto$ff.cc:337:slice$3538/meter.line (3 -> 6)
  Merging D + CE LUTs for $auto$ff.cc:337:slice$3539/meter.line (3 -> 6)
  Merging D + CE LUTs for $auto$ff.cc:337:slice$3544/meter.line (3 -> 6)
  Merging D + CE LUTs for $auto$ff.cc:337:slice$3545/meter.line (3 -> 6)
  Merging D + CE LUTs for $auto$ff.cc:337:slice$3546/meter.line (3 -> 6)
  Merging D + CE LUTs for $auto$ff.cc:337:slice$3551/meter.line (3 -> 6)
  Merging D + CE LUTs for $auto$ff.cc:337:slice$3552/meter.line (3 -> 6)
  Merging D + CE LUTs for $auto$ff.cc:337:slice$3553/meter.line (3 -> 6)
  Merging D + CE LUTs for $auto$ff.cc:337:slice$3558/meter.line (3 -> 6)
  Merging D + CE LUTs for $auto$ff.cc:337:slice$3559/meter.line (3 -> 6)
  Merging D + CE LUTs for $auto$ff.cc:337:slice$3560/meter.line (3 -> 6)
  Merging D + CE LUTs for $auto$ff.cc:337:slice$3565/meter.line (3 -> 6)
  Merging D + CE LUTs for $auto$ff.cc:337:slice$3566/meter.line (3 -> 6)
  Merging D + CE LUTs for $auto$ff.cc:337:slice$3567/meter.line (3 -> 6)
  Merging D + R + CE LUTs for $auto$ff.cc:337:slice$3570/meter.line (1 -> 6)
  Merging D + CE LUTs for $auto$ff.cc:337:slice$3571/meter.cur (3 -> 6)
  Merging D + CE LUTs for $auto$ff.cc:337:slice$3572/meter.cur (3 -> 6)
  Merging D + CE LUTs for $auto$ff.cc:337:slice$3573/meter.cur (3 -> 6)
  Merging D + CE LUTs for $auto$ff.cc:337:slice$3574/meter.cur (3 -> 6)
  Merging D + CE LUTs for $auto$ff.cc:337:slice$3575/meter.cur (3 -> 6)
  Merging D + CE LUTs for $auto$ff.cc:337:slice$3576/meter.cur (3 -> 6)
  Merging D + CE LUTs for $auto$ff.cc:337:slice$3577/meter.cur (3 -> 6)
  Merging D + R + CE LUTs for $auto$ff.cc:337:slice$3591/meter.baud (1 -> 6)
  Merging D + CE LUTs for $auto$ff.cc:337:slice$3598/meter.bi (2 -> 5)
  Merging D + CE LUTs for $auto$ff.cc:337:slice$3600/meter.bi (2 -> 5)
  Merging D + CE LUTs for $auto$ff.cc:337:slice$4018/meter.snap_tgl (1 -> 3)
  Merging D + CE LUTs for $auto$ff.cc:337:slice$4051/meter.gate_tgl (1 -> 4)

3.48. Executing OPT_LUT_INS pass (discard unused LUT inputs).
Optimizing LUTs in bench007_probe_ax7203.

3.49. Executing CLKBUFMAP pass (inserting clock buffers).
Removed 89 unused cells and 788 unused wires.

3.50. Executing HIERARCHY pass (managing design hierarchy).
Attribute `top' found on module `bench007_probe_ax7203'. Setting top module to bench007_probe_ax7203.

3.50.1. Analyzing design hierarchy..
Top module:  \bench007_probe_ax7203

3.50.2. Analyzing design hierarchy..
Top module:  \bench007_probe_ax7203
Removed 0 unused modules.

3.51. Printing statistics.

=== bench007_probe_ax7203 ===

        +----------Local Count, excluding submodules.
        | 
      759 wires
     2212 wire bits
       44 public wires
      782 public wire bits
        4 ports
        7 port bits
      394 cells
        1   $scopeinfo
        3   BUFG
        1   IBUFDS
       97   INV
       16   LUT2
       32   LUT3
       47   LUT4
      102   LUT5
       89   LUT6
        5   OBUF
        1   STARTUPE2
      707 submodules
       82   CARRY4
      603   FDRE
       22   FDSE

   Estimated number of LCs:        270

=== design hierarchy ===

        +----------Count including submodules.
        | 
      394 bench007_probe_ax7203

        +----------Count including submodules.
        | 
      759 wires
     2212 wire bits
       44 public wires
      782 public wire bits
        4 ports
        7 port bits
        - memories
        - memory bits
        - processes
      394 cells
        1   $scopeinfo
        3   BUFG
        1   IBUFDS
       97   INV
       16   LUT2
       32   LUT3
       47   LUT4
      102   LUT5
       89   LUT6
        5   OBUF
        1   STARTUPE2
      707 submodules
       82   CARRY4
      603   FDRE
       22   FDSE

   Estimated number of LCs:        270

3.52. Executing CHECK pass (checking for obvious problems).
Checking module bench007_probe_ax7203...
Found and reported 0 problems.

4. Executing JSON backend.

Warnings: 1 unique messages, 1 total
End of script. Logfile hash: e28fa018d9, CPU: user 3.49s system 0.09s, MEM: 149.33 MB peak
Yosys 0.62 (git sha1 7326bb7d6, g++ 9.4.0-1ubuntu1~20.04.2 -fPIC -O3)
Time spent: 38% 28x read_verilog (1 sec), 13% 57x opt_clean (0 sec), ...
