0 00000000
1 00008000
2 00010000
3 00018000
4 00020000
5 00028000
6 00030000
7 00038000
8 00040000
9 00048000
10 00050000
11 00058000
12 00060000
13 00068000
14 00070000
15 00078000
16 00080000
17 00088000
18 00090000
19 00098000
20 000a0000
21 000a8000
22 000b0000
23 000b8000
24 000c0000
25 000c8000
26 000d0000
27 000d8000
28 000e0000
29 000e8000
30 000f0000
31 000f8000
32 00100000
33 00108000
34 00110000
35 00118000
36 00120000
37 00128000
38 00130000
39 00138000
40 00140000
41 00148000
42 00150000
43 00158000
44 00160000
45 00168000
46 00170000
47 00178000
48 00180000
49 00188000
50 00190000
51 00198000
52 001a0000
53 001a8000
54 001b0000
55 001b8000
56 001c0000
57 001c8000
58 001d0000
59 001d8000
60 001e0000
61 001e8000
62 001f0000
63 001f8000
64 00200000
65 00208000
66 00210000
67 00218000
68 00220000
69 00228000
70 00230000
71 00238000
72 00240000
73 00248000
74 00250000
75 00258000
76 00260000
77 00268000
78 00270000
79 00278000
80 00280000
81 00288000
82 00290000
83 00298000
84 002a0000
85 002a8000
86 002b0000
87 002b8000
88 002c0000
89 002c8000
90 002d0000
91 002d8000
92 002e0000
93 002e8000
94 002f0000
95 002f8000
96 00300000
97 00308000
98 00310000
99 00318000
100 00320000
101 00328000
102 00330000
103 00338000
104 00340000
105 00348000
106 00350000
107 00358000
108 00360000
109 00368000
110 00370000
111 00378000
112 00380000
113 00388000
114 00390000
115 00398000
116 003a0000
117 003a8000
118 003b0000
119 003b8000
120 003c0000
121 003c8000
122 003d0000
123 003d8000
124 003e0000
125 003e8000
126 003f0000
127 003f8000
128 00400000
129 00408000
130 00410000
131 00418000
132 00420000
133 00428000
134 00430000
135 00438000
136 00440000
137 00448000
138 00450000
139 00458000
140 00460000
141 00468000
142 00470000
143 00478000
144 00480000
145 00488000
146 00490000
147 00498000
148 004a0000
149 004a8000
150 004b0000
151 004b8000
152 004c0000
153 004c8000
154 004d0000
155 004d8000
156 004e0000
157 004e8000
158 004f0000
159 004f8000
160 00500000
161 00508000
162 00510000
163 00518000
164 00520000
165 00528000
166 00530000
167 00538000
168 00540000
169 00548000
170 00550000
171 00558000
172 00560000
173 00568000
174 00570000
175 00578000
176 00580000
177 00588000
178 00590000
179 00598000
180 005a0000
181 005a8000
182 005b0000
183 005b8000
184 005c0000
185 005c8000
186 005d0000
187 005d8000
188 005e0000
189 005e8000
190 005f0000
191 005f8000
192 00600000
193 00608000
194 00610000
195 00618000
196 00620000
197 00628000
198 00630000
199 00638000
200 00640000
201 00648000
202 00650000
203 00658000
204 00660000
205 00668000
206 00670000
207 00678000
208 00680000
209 00688000
210 00690000
211 00698000
212 006a0000
213 006a8000
214 006b0000
215 006b8000
216 006c0000
217 006c8000
218 006d0000
219 006d8000
220 006e0000
221 006e8000
222 006f0000
223 006f8000
224 00700000
225 00708000
226 00710000
227 00718000
228 00720000
229 00728000
230 00730000
231 00738000
232 00740000
233 00748000
234 00750000
235 00758000
236 00760000
237 00768000
238 00770000
239 00778000
240 00780000
241 00788000
242 00790000
243 00798000
244 007a0000
245 007a8000
246 007b0000
247 007b8000
248 007c0000
249 007c8000
250 007d0000
251 007d8000
252 007e0000
253 007e8000
254 007f0000
255 007f8000
256 20800000
257 20808000
258 20810000
259 20818000
260 20820000
261 20828000
262 20830000
263 20838000
264 20840000
265 20848000
266 20850000
267 20858000
268 20860000
269 20868000
270 20870000
271 20878000
272 20880000
273 20888000
274 20890000
275 20898000
276 208a0000
277 208a8000
278 208b0000
279 208b8000
280 208c0000
281 208c8000
282 208d0000
283 208d8000
284 208e0000
285 208e8000
286 208f0000
287 208f8000
288 20900000
289 20908000
290 20910000
291 20918000
292 20920000
293 20928000
294 20930000
295 20938000
296 20940000
297 20948000
298 20950000
299 20958000
300 20960000
301 20968000
302 20970000
303 20978000
304 20980000
305 20988000
306 20990000
307 20998000
308 209a0000
309 209a8000
310 209b0000
311 209b8000
312 209c0000
313 209c8000
314 209d0000
315 209d8000
316 209e0000
317 209e8000
318 209f0000
319 209f8000
320 20a00000
321 20a08000
322 20a10000
323 20a18000
324 20a20000
325 20a28000
326 20a30000
327 20a38000
328 20a40000
329 20a48000
330 20a50000
331 20a58000
332 20a60000
333 20a68000
334 20a70000
335 20a78000
336 20a80000
337 20a88000
338 20a90000
339 20a98000
340 20aa0000
341 20aa8000
342 20ab0000
343 20ab8000
344 20ac0000
345 20ac8000
346 20ad0000
347 20ad8000
348 20ae0000
349 20ae8000
350 20af0000
351 20af8000
352 20b00000
353 20b08000
354 20b10000
355 20b18000
356 20b20000
357 20b28000
358 20b30000
359 20b38000
360 20b40000
361 20b48000
362 20b50000
363 20b58000
364 20b60000
365 20b68000
366 20b70000
367 20b78000
368 20b80000
369 20b88000
370 20b90000
371 20b98000
372 20ba0000
373 20ba8000
374 20bb0000
375 20bb8000
376 20bc0000
377 20bc8000
378 20bd0000
379 20bd8000
380 20be0000
381 20be8000
382 20bf0000
383 20bf8000
384 20c00000
385 20c08000
386 20c10000
387 20c18000
388 20c20000
389 20c28000
390 20c30000
391 20c38000
392 20c40000
393 20c48000
394 20c50000
395 20c58000
396 20c60000
397 20c68000
398 20c70000
399 20c78000
400 20c80000
401 20c88000
402 20c90000
403 20c98000
404 20ca0000
405 20ca8000
406 20cb0000
407 20cb8000
408 20cc0000
409 20cc8000
410 20cd0000
411 20cd8000
412 20ce0000
413 20ce8000
414 20cf0000
415 20cf8000
416 20d00000
417 20d08000
418 20d10000
419 20d18000
420 20d20000
421 20d28000
422 20d30000
423 20d38000
424 20d40000
425 20d48000
426 20d50000
427 20d58000
428 20d60000
429 20d68000
430 20d70000
431 20d78000
432 20d80000
433 20d88000
434 20d90000
435 20d98000
436 20da0000
437 20da8000
438 20db0000
439 20db8000
440 20dc0000
441 20dc8000
442 20dd0000
443 20dd8000
444 20de0000
445 20de8000
446 20df0000
447 20df8000
448 20e00000
449 20e08000
450 20e10000
451 20e18000
452 20e20000
453 20e28000
454 20e30000
455 20e38000
456 20e40000
457 20e48000
458 20e50000
459 20e58000
460 20e60000
461 20e68000
462 20e70000
463 20e78000
464 20e80000
465 20e88000
466 20e90000
467 20e98000
468 20ea0000
469 20ea8000
470 20eb0000
471 20eb8000
472 20ec0000
473 20ec8000
474 20ed0000
475 20ed8000
476 20ee0000
477 20ee8000
478 20ef0000
479 20ef8000
480 20f00000
481 20f08000
482 20f10000
483 20f18000
484 20f20000
485 20f28000
486 20f30000
487 20f38000
488 20f40000
489 20f48000
490 20f50000
491 20f58000
492 20f60000
493 20f68000
494 20f70000
495 20f78000
496 20f80000
497 20f88000
498 20f90000
499 20f98000
500 20fa0000
501 20fa8000
502 20fb0000
503 20fb8000
504 20fc0000
505 20fc8000
506 20fd0000
507 20fd8000
508 20fe0000
509 20fe8000
510 20ff0000
511 20ff8000
512 21000000
513 21008000
514 21010000
515 21018000
516 21020000
517 21028000
518 21030000
519 21038000
520 21040000
521 21048000
522 21050000
523 21058000
524 21060000
525 21068000
526 21070000
527 21078000
528 21080000
529 21088000
530 21090000
531 21098000
532 210a0000
533 210a8000
534 210b0000
535 210b8000
536 210c0000
537 210c8000
538 210d0000
539 210d8000
540 210e0000
541 210e8000
542 210f0000
543 210f8000
544 21100000
545 21108000
546 21110000
547 21118000
548 21120000
549 21128000
550 21130000
551 21138000
552 21140000
553 21148000
554 21150000
555 21158000
556 21160000
557 21168000
558 21170000
559 21178000
560 21180000
561 21188000
562 21190000
563 21198000
564 211a0000
565 211a8000
566 211b0000
567 211b8000
568 211c0000
569 211c8000
570 211d0000
571 211d8000
572 211e0000
573 211e8000
574 211f0000
575 211f8000
576 21200000
577 21208000
578 21210000
579 21218000
580 21220000
581 21228000
582 21230000
583 21238000
584 21240000
585 21248000
586 21250000
587 21258000
588 21260000
589 21268000
590 21270000
591 21278000
592 21280000
593 21288000
594 21290000
595 21298000
596 212a0000
597 212a8000
598 212b0000
599 212b8000
600 212c0000
601 212c8000
602 212d0000
603 212d8000
604 212e0000
605 212e8000
606 212f0000
607 212f8000
608 21300000
609 21308000
610 21310000
611 21318000
612 21320000
613 21328000
614 21330000
615 21338000
616 21340000
617 21348000
618 21350000
619 21358000
620 21360000
621 21368000
622 21370000
623 21378000
624 21380000
625 21388000
626 21390000
627 21398000
628 213a0000
629 213a8000
630 213b0000
631 213b8000
632 213c0000
633 213c8000
634 213d0000
635 213d8000
636 213e0000
637 213e8000
638 213f0000
639 213f8000
640 21400000
641 21408000
642 21410000
643 21418000
644 21420000
645 21428000
646 21430000
647 21438000
648 21440000
649 21448000
650 21450000
651 21458000
652 21460000
653 21468000
654 21470000
655 21478000
656 21480000
657 21488000
658 21490000
659 21498000
660 214a0000
661 214a8000
662 214b0000
663 214b8000
664 214c0000
665 214c8000
666 214d0000
667 214d8000
668 214e0000
669 214e8000
670 214f0000
671 214f8000
672 21500000
673 21508000
674 21510000
675 21518000
676 21520000
677 21528000
678 21530000
679 21538000
680 21540000
681 21548000
682 21550000
683 21558000
684 21560000
685 21568000
686 21570000
687 21578000
688 21580000
689 21588000
690 21590000
691 21598000
692 215a0000
693 215a8000
694 215b0000
695 215b8000
696 215c0000
697 215c8000
698 215d0000
699 215d8000
700 215e0000
701 215e8000
702 215f0000
703 215f8000
704 21600000
705 21608000
706 21610000
707 21618000
708 21620000
709 21628000
710 21630000
711 21638000
712 21640000
713 21648000
714 21650000
715 21658000
716 21660000
717 21668000
718 21670000
719 21678000
720 21680000
721 21688000
722 21690000
723 21698000
724 216a0000
725 216a8000
726 216b0000
727 216b8000
728 216c0000
729 216c8000
730 216d0000
731 216d8000
732 216e0000
733 216e8000
734 216f0000
735 216f8000
736 21700000
737 21708000
738 21710000
739 21718000
740 21720000
741 21728000
742 21730000
743 21738000
744 21740000
745 21748000
746 21750000
747 21758000
748 21760000
749 21768000
750 21770000
751 21778000
752 21780000
753 21788000
754 21790000
755 21798000
756 217a0000
757 217a8000
758 217b0000
759 217b8000
760 217c0000
761 217c8000
762 217d0000
763 217d8000
764 217e0000
765 217e8000
766 217f0000
767 217f8000
768 21800000
769 21808000
770 21810000
771 21818000
772 21820000
773 21828000
774 21830000
775 21838000
776 21840000
777 21848000
778 21850000
779 21858000
780 21860000
781 21868000
782 21870000
783 21878000
784 21880000
785 21888000
786 21890000
787 21898000
788 218a0000
789 218a8000
790 218b0000
791 218b8000
792 218c0000
793 218c8000
794 218d0000
795 218d8000
796 218e0000
797 218e8000
798 218f0000
799 218f8000
800 21900000
801 21908000
802 21910000
803 21918000
804 21920000
805 21928000
806 21930000
807 21938000
808 21940000
809 21948000
810 21950000
811 21958000
812 21960000
813 21968000
814 21970000
815 21978000
816 21980000
817 21988000
818 21990000
819 21998000
820 219a0000
821 219a8000
822 219b0000
823 219b8000
824 219c0000
825 219c8000
826 219d0000
827 219d8000
828 219e0000
829 219e8000
830 219f0000
831 219f8000
832 21a00000
833 21a08000
834 21a10000
835 21a18000
836 21a20000
837 21a28000
838 21a30000
839 21a38000
840 21a40000
841 21a48000
842 21a50000
843 21a58000
844 21a60000
845 21a68000
846 21a70000
847 21a78000
848 21a80000
849 21a88000
850 21a90000
851 21a98000
852 21aa0000
853 21aa8000
854 21ab0000
855 21ab8000
856 21ac0000
857 21ac8000
858 21ad0000
859 21ad8000
860 21ae0000
861 21ae8000
862 21af0000
863 21af8000
864 21b00000
865 21b08000
866 21b10000
867 21b18000
868 21b20000
869 21b28000
870 21b30000
871 21b38000
872 21b40000
873 21b48000
874 21b50000
875 21b58000
876 21b60000
877 21b68000
878 21b70000
879 21b78000
880 21b80000
881 21b88000
882 21b90000
883 21b98000
884 21ba0000
885 21ba8000
886 21bb0000
887 21bb8000
888 21bc0000
889 21bc8000
890 21bd0000
891 21bd8000
892 21be0000
893 21be8000
894 21bf0000
895 21bf8000
896 21c00000
897 21c08000
898 21c10000
899 21c18000
900 21c20000
901 21c28000
902 21c30000
903 21c38000
904 21c40000
905 21c48000
906 21c50000
907 21c58000
908 21c60000
909 21c68000
910 21c70000
911 21c78000
912 21c80000
913 21c88000
914 21c90000
915 21c98000
916 21ca0000
917 21ca8000
918 21cb0000
919 21cb8000
920 21cc0000
921 21cc8000
922 21cd0000
923 21cd8000
924 21ce0000
925 21ce8000
926 21cf0000
927 21cf8000
928 21d00000
929 21d08000
930 21d10000
931 21d18000
932 21d20000
933 21d28000
934 21d30000
935 21d38000
936 21d40000
937 21d48000
938 21d50000
939 21d58000
940 21d60000
941 21d68000
942 21d70000
943 21d78000
944 21d80000
945 21d88000
946 21d90000
947 21d98000
948 21da0000
949 21da8000
950 21db0000
951 21db8000
952 21dc0000
953 21dc8000
954 21dd0000
955 21dd8000
956 21de0000
957 21de8000
958 21df0000
959 21df8000
960 21e00000
961 21e08000
962 21e10000
963 21e18000
964 21e20000
965 21e28000
966 21e30000
967 21e38000
968 21e40000
969 21e48000
970 21e50000
971 21e58000
972 21e60000
973 21e68000
974 21e70000
975 21e78000
976 21e80000
977 21e88000
978 21e90000
979 21e98000
980 21ea0000
981 21ea8000
982 21eb0000
983 21eb8000
984 21ec0000
985 21ec8000
986 21ed0000
987 21ed8000
988 21ee0000
989 21ee8000
990 21ef0000
991 21ef8000
992 21f00000
993 21f08000
994 21f10000
995 21f18000
996 21f20000
997 21f28000
998 21f30000
999 21f38000
1000 21f40000
1001 21f48000
1002 21f50000
1003 21f58000
1004 21f60000
1005 21f68000
1006 21f70000
1007 21f78000
1008 21f80000
1009 21f88000
1010 21f90000
1011 21f98000
1012 21fa0000
1013 21fa8000
1014 21fb0000
1015 21fb8000
1016 21fc0000
1017 21fc8000
1018 21fd0000
1019 21fd8000
1020 21fe0000
1021 21fe8000
1022 21ff0000
1023 21ff8000
1024 22000000
1025 22008000
1026 22010000
1027 22018000
1028 22020000
1029 22028000
1030 22030000
1031 22038000
1032 22040000
1033 22048000
1034 22050000
1035 22058000
1036 22060000
1037 22068000
1038 22070000
1039 22078000
1040 22080000
1041 22088000
1042 22090000
1043 22098000
1044 220a0000
1045 220a8000
1046 220b0000
1047 220b8000
1048 220c0000
1049 220c8000
1050 220d0000
1051 220d8000
1052 220e0000
1053 220e8000
1054 220f0000
1055 220f8000
1056 22100000
1057 22108000
1058 22110000
1059 22118000
1060 22120000
1061 22128000
1062 22130000
1063 22138000
1064 22140000
1065 22148000
1066 22150000
1067 22158000
1068 22160000
1069 22168000
1070 22170000
1071 22178000
1072 22180000
1073 22188000
1074 22190000
1075 22198000
1076 221a0000
1077 221a8000
1078 221b0000
1079 221b8000
1080 221c0000
1081 221c8000
1082 221d0000
1083 221d8000
1084 221e0000
1085 221e8000
1086 221f0000
1087 221f8000
1088 22200000
1089 22208000
1090 22210000
1091 22218000
1092 22220000
1093 22228000
1094 22230000
1095 22238000
1096 22240000
1097 22248000
1098 22250000
1099 22258000
1100 22260000
1101 22268000
1102 22270000
1103 22278000
1104 22280000
1105 22288000
1106 22290000
1107 22298000
1108 222a0000
1109 222a8000
1110 222b0000
1111 222b8000
1112 222c0000
1113 222c8000
1114 222d0000
1115 222d8000
1116 222e0000
1117 222e8000
1118 222f0000
1119 222f8000
1120 22300000
1121 22308000
1122 22310000
1123 22318000
1124 22320000
1125 22328000
1126 22330000
1127 22338000
1128 22340000
1129 22348000
1130 22350000
1131 22358000
1132 22360000
1133 22368000
1134 22370000
1135 22378000
1136 22380000
1137 22388000
1138 22390000
1139 22398000
1140 223a0000
1141 223a8000
1142 223b0000
1143 223b8000
1144 223c0000
1145 223c8000
1146 223d0000
1147 223d8000
1148 223e0000
1149 223e8000
1150 223f0000
1151 223f8000
1152 22400000
1153 22408000
1154 22410000
1155 22418000
1156 22420000
1157 22428000
1158 22430000
1159 22438000
1160 22440000
1161 22448000
1162 22450000
1163 22458000
1164 22460000
1165 22468000
1166 22470000
1167 22478000
1168 22480000
1169 22488000
1170 22490000
1171 22498000
1172 224a0000
1173 224a8000
1174 224b0000
1175 224b8000
1176 224c0000
1177 224c8000
1178 224d0000
1179 224d8000
1180 224e0000
1181 224e8000
1182 224f0000
1183 224f8000
1184 22500000
1185 22508000
1186 22510000
1187 22518000
1188 22520000
1189 22528000
1190 22530000
1191 22538000
1192 22540000
1193 22548000
1194 22550000
1195 22558000
1196 22560000
1197 22568000
1198 22570000
1199 22578000
1200 22580000
1201 22588000
1202 22590000
1203 22598000
1204 225a0000
1205 225a8000
1206 225b0000
1207 225b8000
1208 225c0000
1209 225c8000
1210 225d0000
1211 225d8000
1212 225e0000
1213 225e8000
1214 225f0000
1215 225f8000
1216 22600000
1217 22608000
1218 22610000
1219 22618000
1220 22620000
1221 22628000
1222 22630000
1223 22638000
1224 22640000
1225 22648000
1226 22650000
1227 22658000
1228 22660000
1229 22668000
1230 22670000
1231 22678000
1232 22680000
1233 22688000
1234 22690000
1235 22698000
1236 226a0000
1237 226a8000
1238 226b0000
1239 226b8000
1240 226c0000
1241 226c8000
1242 226d0000
1243 226d8000
1244 226e0000
1245 226e8000
1246 226f0000
1247 226f8000
1248 22700000
1249 22708000
1250 22710000
1251 22718000
1252 22720000
1253 22728000
1254 22730000
1255 22738000
1256 22740000
1257 22748000
1258 22750000
1259 22758000
1260 22760000
1261 22768000
1262 22770000
1263 22778000
1264 22780000
1265 22788000
1266 22790000
1267 22798000
1268 227a0000
1269 227a8000
1270 227b0000
1271 227b8000
1272 227c0000
1273 227c8000
1274 227d0000
1275 227d8000
1276 227e0000
1277 227e8000
1278 227f0000
1279 227f8000
1280 22800000
1281 22808000
1282 22810000
1283 22818000
1284 22820000
1285 22828000
1286 22830000
1287 22838000
1288 22840000
1289 22848000
1290 22850000
1291 22858000
1292 22860000
1293 22868000
1294 22870000
1295 22878000
1296 22880000
1297 22888000
1298 22890000
1299 22898000
1300 228a0000
1301 228a8000
1302 228b0000
1303 228b8000
1304 228c0000
1305 228c8000
1306 228d0000
1307 228d8000
1308 228e0000
1309 228e8000
1310 228f0000
1311 228f8000
1312 22900000
1313 22908000
1314 22910000
1315 22918000
1316 22920000
1317 22928000
1318 22930000
1319 22938000
1320 22940000
1321 22948000
1322 22950000
1323 22958000
1324 22960000
1325 22968000
1326 22970000
1327 22978000
1328 22980000
1329 22988000
1330 22990000
1331 22998000
1332 229a0000
1333 229a8000
1334 229b0000
1335 229b8000
1336 229c0000
1337 229c8000
1338 229d0000
1339 229d8000
1340 229e0000
1341 229e8000
1342 229f0000
1343 229f8000
1344 22a00000
1345 22a08000
1346 22a10000
1347 22a18000
1348 22a20000
1349 22a28000
1350 22a30000
1351 22a38000
1352 22a40000
1353 22a48000
1354 22a50000
1355 22a58000
1356 22a60000
1357 22a68000
1358 22a70000
1359 22a78000
1360 22a80000
1361 22a88000
1362 22a90000
1363 22a98000
1364 22aa0000
1365 22aa8000
1366 22ab0000
1367 22ab8000
1368 22ac0000
1369 22ac8000
1370 22ad0000
1371 22ad8000
1372 22ae0000
1373 22ae8000
1374 22af0000
1375 22af8000
1376 22b00000
1377 22b08000
1378 22b10000
1379 22b18000
1380 22b20000
1381 22b28000
1382 22b30000
1383 22b38000
1384 22b40000
1385 22b48000
1386 22b50000
1387 22b58000
1388 22b60000
1389 22b68000
1390 22b70000
1391 22b78000
1392 22b80000
1393 22b88000
1394 22b90000
1395 22b98000
1396 22ba0000
1397 22ba8000
1398 22bb0000
1399 22bb8000
1400 22bc0000
1401 22bc8000
1402 22bd0000
1403 22bd8000
1404 22be0000
1405 22be8000
1406 22bf0000
1407 22bf8000
1408 22c00000
1409 22c08000
1410 22c10000
1411 22c18000
1412 22c20000
1413 22c28000
1414 22c30000
1415 22c38000
1416 22c40000
1417 22c48000
1418 22c50000
1419 22c58000
1420 22c60000
1421 22c68000
1422 22c70000
1423 22c78000
1424 22c80000
1425 22c88000
1426 22c90000
1427 22c98000
1428 22ca0000
1429 22ca8000
1430 22cb0000
1431 22cb8000
1432 22cc0000
1433 22cc8000
1434 22cd0000
1435 22cd8000
1436 22ce0000
1437 22ce8000
1438 22cf0000
1439 22cf8000
1440 22d00000
1441 22d08000
1442 22d10000
1443 22d18000
1444 22d20000
1445 22d28000
1446 22d30000
1447 22d38000
1448 22d40000
1449 22d48000
1450 22d50000
1451 22d58000
1452 22d60000
1453 22d68000
1454 22d70000
1455 22d78000
1456 22d80000
1457 22d88000
1458 22d90000
1459 22d98000
1460 22da0000
1461 22da8000
1462 22db0000
1463 22db8000
1464 22dc0000
1465 22dc8000
1466 22dd0000
1467 22dd8000
1468 22de0000
1469 22de8000
1470 22df0000
1471 22df8000
1472 22e00000
1473 22e08000
1474 22e10000
1475 22e18000
1476 22e20000
1477 22e28000
1478 22e30000
1479 22e38000
1480 22e40000
1481 22e48000
1482 22e50000
1483 22e58000
1484 22e60000
1485 22e68000
1486 22e70000
1487 22e78000
1488 22e80000
1489 22e88000
1490 22e90000
1491 22e98000
1492 22ea0000
1493 22ea8000
1494 22eb0000
1495 22eb8000
1496 22ec0000
1497 22ec8000
1498 22ed0000
1499 22ed8000
1500 22ee0000
1501 22ee8000
1502 22ef0000
1503 22ef8000
1504 22f00000
1505 22f08000
1506 22f10000
1507 22f18000
1508 22f20000
1509 22f28000
1510 22f30000
1511 22f38000
1512 22f40000
1513 22f48000
1514 22f50000
1515 22f58000
1516 22f60000
1517 22f68000
1518 22f70000
1519 22f78000
1520 22f80000
1521 22f88000
1522 22f90000
1523 22f98000
1524 22fa0000
1525 22fa8000
1526 22fb0000
1527 22fb8000
1528 22fc0000
1529 22fc8000
1530 22fd0000
1531 22fd8000
1532 22fe0000
1533 22fe8000
1534 22ff0000
1535 22ff8000
1536 23000000
1537 23008000
1538 23010000
1539 23018000
1540 23020000
1541 23028000
1542 23030000
1543 23038000
1544 23040000
1545 23048000
1546 23050000
1547 23058000
1548 23060000
1549 23068000
1550 23070000
1551 23078000
1552 23080000
1553 23088000
1554 23090000
1555 23098000
1556 230a0000
1557 230a8000
1558 230b0000
1559 230b8000
1560 230c0000
1561 230c8000
1562 230d0000
1563 230d8000
1564 230e0000
1565 230e8000
1566 230f0000
1567 230f8000
1568 23100000
1569 23108000
1570 23110000
1571 23118000
1572 23120000
1573 23128000
1574 23130000
1575 23138000
1576 23140000
1577 23148000
1578 23150000
1579 23158000
1580 23160000
1581 23168000
1582 23170000
1583 23178000
1584 23180000
1585 23188000
1586 23190000
1587 23198000
1588 231a0000
1589 231a8000
1590 231b0000
1591 231b8000
1592 231c0000
1593 231c8000
1594 231d0000
1595 231d8000
1596 231e0000
1597 231e8000
1598 231f0000
1599 231f8000
1600 23200000
1601 23208000
1602 23210000
1603 23218000
1604 23220000
1605 23228000
1606 23230000
1607 23238000
1608 23240000
1609 23248000
1610 23250000
1611 23258000
1612 23260000
1613 23268000
1614 23270000
1615 23278000
1616 23280000
1617 23288000
1618 23290000
1619 23298000
1620 232a0000
1621 232a8000
1622 232b0000
1623 232b8000
1624 232c0000
1625 232c8000
1626 232d0000
1627 232d8000
1628 232e0000
1629 232e8000
1630 232f0000
1631 232f8000
1632 23300000
1633 23308000
1634 23310000
1635 23318000
1636 23320000
1637 23328000
1638 23330000
1639 23338000
1640 23340000
1641 23348000
1642 23350000
1643 23358000
1644 23360000
1645 23368000
1646 23370000
1647 23378000
1648 23380000
1649 23388000
1650 23390000
1651 23398000
1652 233a0000
1653 233a8000
1654 233b0000
1655 233b8000
1656 233c0000
1657 233c8000
1658 233d0000
1659 233d8000
1660 233e0000
1661 233e8000
1662 233f0000
1663 233f8000
1664 23400000
1665 23408000
1666 23410000
1667 23418000
1668 23420000
1669 23428000
1670 23430000
1671 23438000
1672 23440000
1673 23448000
1674 23450000
1675 23458000
1676 23460000
1677 23468000
1678 23470000
1679 23478000
1680 23480000
1681 23488000
1682 23490000
1683 23498000
1684 234a0000
1685 234a8000
1686 234b0000
1687 234b8000
1688 234c0000
1689 234c8000
1690 234d0000
1691 234d8000
1692 234e0000
1693 234e8000
1694 234f0000
1695 234f8000
1696 23500000
1697 23508000
1698 23510000
1699 23518000
1700 23520000
1701 23528000
1702 23530000
1703 23538000
1704 23540000
1705 23548000
1706 23550000
1707 23558000
1708 23560000
1709 23568000
1710 23570000
1711 23578000
1712 23580000
1713 23588000
1714 23590000
1715 23598000
1716 235a0000
1717 235a8000
1718 235b0000
1719 235b8000
1720 235c0000
1721 235c8000
1722 235d0000
1723 235d8000
1724 235e0000
1725 235e8000
1726 235f0000
1727 235f8000
1728 23600000
1729 23608000
1730 23610000
1731 23618000
1732 23620000
1733 23628000
1734 23630000
1735 23638000
1736 23640000
1737 23648000
1738 23650000
1739 23658000
1740 23660000
1741 23668000
1742 23670000
1743 23678000
1744 23680000
1745 23688000
1746 23690000
1747 23698000
1748 236a0000
1749 236a8000
1750 236b0000
1751 236b8000
1752 236c0000
1753 236c8000
1754 236d0000
1755 236d8000
1756 236e0000
1757 236e8000
1758 236f0000
1759 236f8000
1760 23700000
1761 23708000
1762 23710000
1763 23718000
1764 23720000
1765 23728000
1766 23730000
1767 23738000
1768 23740000
1769 23748000
1770 23750000
1771 23758000
1772 23760000
1773 23768000
1774 23770000
1775 23778000
1776 23780000
1777 23788000
1778 23790000
1779 23798000
1780 237a0000
1781 237a8000
1782 237b0000
1783 237b8000
1784 237c0000
1785 237c8000
1786 237d0000
1787 237d8000
1788 237e0000
1789 237e8000
1790 237f0000
1791 237f8000
1792 23800000
1793 23808000
1794 23810000
1795 23818000
1796 23820000
1797 23828000
1798 23830000
1799 23838000
1800 23840000
1801 23848000
1802 23850000
1803 23858000
1804 23860000
1805 23868000
1806 23870000
1807 23878000
1808 23880000
1809 23888000
1810 23890000
1811 23898000
1812 238a0000
1813 238a8000
1814 238b0000
1815 238b8000
1816 238c0000
1817 238c8000
1818 238d0000
1819 238d8000
1820 238e0000
1821 238e8000
1822 238f0000
1823 238f8000
1824 23900000
1825 23908000
1826 23910000
1827 23918000
1828 23920000
1829 23928000
1830 23930000
1831 23938000
1832 23940000
1833 23948000
1834 23950000
1835 23958000
1836 23960000
1837 23968000
1838 23970000
1839 23978000
1840 23980000
1841 23988000
1842 23990000
1843 23998000
1844 239a0000
1845 239a8000
1846 239b0000
1847 239b8000
1848 239c0000
1849 239c8000
1850 239d0000
1851 239d8000
1852 239e0000
1853 239e8000
1854 239f0000
1855 239f8000
1856 23a00000
1857 23a08000
1858 23a10000
1859 23a18000
1860 23a20000
1861 23a28000
1862 23a30000
1863 23a38000
1864 23a40000
1865 23a48000
1866 23a50000
1867 23a58000
1868 23a60000
1869 23a68000
1870 23a70000
1871 23a78000
1872 23a80000
1873 23a88000
1874 23a90000
1875 23a98000
1876 23aa0000
1877 23aa8000
1878 23ab0000
1879 23ab8000
1880 23ac0000
1881 23ac8000
1882 23ad0000
1883 23ad8000
1884 23ae0000
1885 23ae8000
1886 23af0000
1887 23af8000
1888 23b00000
1889 23b08000
1890 23b10000
1891 23b18000
1892 23b20000
1893 23b28000
1894 23b30000
1895 23b38000
1896 23b40000
1897 23b48000
1898 23b50000
1899 23b58000
1900 23b60000
1901 23b68000
1902 23b70000
1903 23b78000
1904 23b80000
1905 23b88000
1906 23b90000
1907 23b98000
1908 23ba0000
1909 23ba8000
1910 23bb0000
1911 23bb8000
1912 23bc0000
1913 23bc8000
1914 23bd0000
1915 23bd8000
1916 23be0000
1917 23be8000
1918 23bf0000
1919 23bf8000
1920 23c00000
1921 23c08000
1922 23c10000
1923 23c18000
1924 23c20000
1925 23c28000
1926 23c30000
1927 23c38000
1928 23c40000
1929 23c48000
1930 23c50000
1931 23c58000
1932 23c60000
1933 23c68000
1934 23c70000
1935 23c78000
1936 23c80000
1937 23c88000
1938 23c90000
1939 23c98000
1940 23ca0000
1941 23ca8000
1942 23cb0000
1943 23cb8000
1944 23cc0000
1945 23cc8000
1946 23cd0000
1947 23cd8000
1948 23ce0000
1949 23ce8000
1950 23cf0000
1951 23cf8000
1952 23d00000
1953 23d08000
1954 23d10000
1955 23d18000
1956 23d20000
1957 23d28000
1958 23d30000
1959 23d38000
1960 23d40000
1961 23d48000
1962 23d50000
1963 23d58000
1964 23d60000
1965 23d68000
1966 23d70000
1967 23d78000
1968 23d80000
1969 23d88000
1970 23d90000
1971 23d98000
1972 23da0000
1973 23da8000
1974 23db0000
1975 23db8000
1976 23dc0000
1977 23dc8000
1978 23dd0000
1979 23dd8000
1980 23de0000
1981 23de8000
1982 23df0000
1983 23df8000
1984 23e00000
1985 23e08000
1986 23e10000
1987 23e18000
1988 23e20000
1989 23e28000
1990 23e30000
1991 23e38000
1992 23e40000
1993 23e48000
1994 23e50000
1995 23e58000
1996 23e60000
1997 23e68000
1998 23e70000
1999 23e78000
2000 23e80000
2001 23e88000
2002 23e90000
2003 23e98000
2004 23ea0000
2005 23ea8000
2006 23eb0000
2007 23eb8000
2008 23ec0000
2009 23ec8000
2010 23ed0000
2011 23ed8000
2012 23ee0000
2013 23ee8000
2014 23ef0000
2015 23ef8000
2016 23f00000
2017 23f08000
2018 23f10000
2019 23f18000
2020 23f20000
2021 23f28000
2022 23f30000
2023 23f38000
2024 23f40000
2025 23f48000
2026 23f50000
2027 23f58000
2028 23f60000
2029 23f68000
2030 23f70000
2031 23f78000
2032 23f80000
2033 23f88000
2034 23f90000
2035 23f98000
2036 23fa0000
2037 23fa8000
2038 23fb0000
2039 23fb8000
2040 23fc0000
2041 23fc8000
2042 23fd0000
2043 23fd8000
2044 23fe0000
2045 23fe8000
2046 23ff0000
2047 23ff8000
2048 24000000
2049 24008000
2050 24010000
2051 24018000
2052 24020000
2053 24028000
2054 24030000
2055 24038000
2056 24040000
2057 24048000
2058 24050000
2059 24058000
2060 24060000
2061 24068000
2062 24070000
2063 24078000
2064 24080000
2065 24088000
2066 24090000
2067 24098000
2068 240a0000
2069 240a8000
2070 240b0000
2071 240b8000
2072 240c0000
2073 240c8000
2074 240d0000
2075 240d8000
2076 240e0000
2077 240e8000
2078 240f0000
2079 240f8000
2080 24100000
2081 24108000
2082 24110000
2083 24118000
2084 24120000
2085 24128000
2086 24130000
2087 24138000
2088 24140000
2089 24148000
2090 24150000
2091 24158000
2092 24160000
2093 24168000
2094 24170000
2095 24178000
2096 24180000
2097 24188000
2098 24190000
2099 24198000
2100 241a0000
2101 241a8000
2102 241b0000
2103 241b8000
2104 241c0000
2105 241c8000
2106 241d0000
2107 241d8000
2108 241e0000
2109 241e8000
2110 241f0000
2111 241f8000
2112 24200000
2113 24208000
2114 24210000
2115 24218000
2116 24220000
2117 24228000
2118 24230000
2119 24238000
2120 24240000
2121 24248000
2122 24250000
2123 24258000
2124 24260000
2125 24268000
2126 24270000
2127 24278000
2128 24280000
2129 24288000
2130 24290000
2131 24298000
2132 242a0000
2133 242a8000
2134 242b0000
2135 242b8000
2136 242c0000
2137 242c8000
2138 242d0000
2139 242d8000
2140 242e0000
2141 242e8000
2142 242f0000
2143 242f8000
2144 24300000
2145 24308000
2146 24310000
2147 24318000
2148 24320000
2149 24328000
2150 24330000
2151 24338000
2152 24340000
2153 24348000
2154 24350000
2155 24358000
2156 24360000
2157 24368000
2158 24370000
2159 24378000
2160 24380000
2161 24388000
2162 24390000
2163 24398000
2164 243a0000
2165 243a8000
2166 243b0000
2167 243b8000
2168 243c0000
2169 243c8000
2170 243d0000
2171 243d8000
2172 243e0000
2173 243e8000
2174 243f0000
2175 243f8000
2176 24400000
2177 24408000
2178 24410000
2179 24418000
2180 24420000
2181 24428000
2182 24430000
2183 24438000
2184 24440000
2185 24448000
2186 24450000
2187 24458000
2188 24460000
2189 24468000
2190 24470000
2191 24478000
2192 24480000
2193 24488000
2194 24490000
2195 24498000
2196 244a0000
2197 244a8000
2198 244b0000
2199 244b8000
2200 244c0000
2201 244c8000
2202 244d0000
2203 244d8000
2204 244e0000
2205 244e8000
2206 244f0000
2207 244f8000
2208 24500000
2209 24508000
2210 24510000
2211 24518000
2212 24520000
2213 24528000
2214 24530000
2215 24538000
2216 24540000
2217 24548000
2218 24550000
2219 24558000
2220 24560000
2221 24568000
2222 24570000
2223 24578000
2224 24580000
2225 24588000
2226 24590000
2227 24598000
2228 245a0000
2229 245a8000
2230 245b0000
2231 245b8000
2232 245c0000
2233 245c8000
2234 245d0000
2235 245d8000
2236 245e0000
2237 245e8000
2238 245f0000
2239 245f8000
2240 24600000
2241 24608000
2242 24610000
2243 24618000
2244 24620000
2245 24628000
2246 24630000
2247 24638000
2248 24640000
2249 24648000
2250 24650000
2251 24658000
2252 24660000
2253 24668000
2254 24670000
2255 24678000
2256 24680000
2257 24688000
2258 24690000
2259 24698000
2260 246a0000
2261 246a8000
2262 246b0000
2263 246b8000
2264 246c0000
2265 246c8000
2266 246d0000
2267 246d8000
2268 246e0000
2269 246e8000
2270 246f0000
2271 246f8000
2272 24700000
2273 24708000
2274 24710000
2275 24718000
2276 24720000
2277 24728000
2278 24730000
2279 24738000
2280 24740000
2281 24748000
2282 24750000
2283 24758000
2284 24760000
2285 24768000
2286 24770000
2287 24778000
2288 24780000
2289 24788000
2290 24790000
2291 24798000
2292 247a0000
2293 247a8000
2294 247b0000
2295 247b8000
2296 247c0000
2297 247c8000
2298 247d0000
2299 247d8000
2300 247e0000
2301 247e8000
2302 247f0000
2303 247f8000
2304 24800000
2305 24808000
2306 24810000
2307 24818000
2308 24820000
2309 24828000
2310 24830000
2311 24838000
2312 24840000
2313 24848000
2314 24850000
2315 24858000
2316 24860000
2317 24868000
2318 24870000
2319 24878000
2320 24880000
2321 24888000
2322 24890000
2323 24898000
2324 248a0000
2325 248a8000
2326 248b0000
2327 248b8000
2328 248c0000
2329 248c8000
2330 248d0000
2331 248d8000
2332 248e0000
2333 248e8000
2334 248f0000
2335 248f8000
2336 24900000
2337 24908000
2338 24910000
2339 24918000
2340 24920000
2341 24928000
2342 24930000
2343 24938000
2344 24940000
2345 24948000
2346 24950000
2347 24958000
2348 24960000
2349 24968000
2350 24970000
2351 24978000
2352 24980000
2353 24988000
2354 24990000
2355 24998000
2356 249a0000
2357 249a8000
2358 249b0000
2359 249b8000
2360 249c0000
2361 249c8000
2362 249d0000
2363 249d8000
2364 249e0000
2365 249e8000
2366 249f0000
2367 249f8000
2368 24a00000
2369 24a08000
2370 24a10000
2371 24a18000
2372 24a20000
2373 24a28000
2374 24a30000
2375 24a38000
2376 24a40000
2377 24a48000
2378 24a50000
2379 24a58000
2380 24a60000
2381 24a68000
2382 24a70000
2383 24a78000
2384 24a80000
2385 24a88000
2386 24a90000
2387 24a98000
2388 24aa0000
2389 24aa8000
2390 24ab0000
2391 24ab8000
2392 24ac0000
2393 24ac8000
2394 24ad0000
2395 24ad8000
2396 24ae0000
2397 24ae8000
2398 24af0000
2399 24af8000
2400 24b00000
2401 24b08000
2402 24b10000
2403 24b18000
2404 24b20000
2405 24b28000
2406 24b30000
2407 24b38000
2408 24b40000
2409 24b48000
2410 24b50000
2411 24b58000
2412 24b60000
2413 24b68000
2414 24b70000
2415 24b78000
2416 24b80000
2417 24b88000
2418 24b90000
2419 24b98000
2420 24ba0000
2421 24ba8000
2422 24bb0000
2423 24bb8000
2424 24bc0000
2425 24bc8000
2426 24bd0000
2427 24bd8000
2428 24be0000
2429 24be8000
2430 24bf0000
2431 24bf8000
2432 24c00000
2433 24c08000
2434 24c10000
2435 24c18000
2436 24c20000
2437 24c28000
2438 24c30000
2439 24c38000
2440 24c40000
2441 24c48000
2442 24c50000
2443 24c58000
2444 24c60000
2445 24c68000
2446 24c70000
2447 24c78000
2448 24c80000
2449 24c88000
2450 24c90000
2451 24c98000
2452 24ca0000
2453 24ca8000
2454 24cb0000
2455 24cb8000
2456 24cc0000
2457 24cc8000
2458 24cd0000
2459 24cd8000
2460 24ce0000
2461 24ce8000
2462 24cf0000
2463 24cf8000
2464 24d00000
2465 24d08000
2466 24d10000
2467 24d18000
2468 24d20000
2469 24d28000
2470 24d30000
2471 24d38000
2472 24d40000
2473 24d48000
2474 24d50000
2475 24d58000
2476 24d60000
2477 24d68000
2478 24d70000
2479 24d78000
2480 24d80000
2481 24d88000
2482 24d90000
2483 24d98000
2484 24da0000
2485 24da8000
2486 24db0000
2487 24db8000
2488 24dc0000
2489 24dc8000
2490 24dd0000
2491 24dd8000
2492 24de0000
2493 24de8000
2494 24df0000
2495 24df8000
2496 24e00000
2497 24e08000
2498 24e10000
2499 24e18000
2500 24e20000
2501 24e28000
2502 24e30000
2503 24e38000
2504 24e40000
2505 24e48000
2506 24e50000
2507 24e58000
2508 24e60000
2509 24e68000
2510 24e70000
2511 24e78000
2512 24e80000
2513 24e88000
2514 24e90000
2515 24e98000
2516 24ea0000
2517 24ea8000
2518 24eb0000
2519 24eb8000
2520 24ec0000
2521 24ec8000
2522 24ed0000
2523 24ed8000
2524 24ee0000
2525 24ee8000
2526 24ef0000
2527 24ef8000
2528 24f00000
2529 24f08000
2530 24f10000
2531 24f18000
2532 24f20000
2533 24f28000
2534 24f30000
2535 24f38000
2536 24f40000
2537 24f48000
2538 24f50000
2539 24f58000
2540 24f60000
2541 24f68000
2542 24f70000
2543 24f78000
2544 24f80000
2545 24f88000
2546 24f90000
2547 24f98000
2548 24fa0000
2549 24fa8000
2550 24fb0000
2551 24fb8000
2552 24fc0000
2553 24fc8000
2554 24fd0000
2555 24fd8000
2556 24fe0000
2557 24fe8000
2558 24ff0000
2559 24ff8000
2560 25000000
2561 25008000
2562 25010000
2563 25018000
2564 25020000
2565 25028000
2566 25030000
2567 25038000
2568 25040000
2569 25048000
2570 25050000
2571 25058000
2572 25060000
2573 25068000
2574 25070000
2575 25078000
2576 25080000
2577 25088000
2578 25090000
2579 25098000
2580 250a0000
2581 250a8000
2582 250b0000
2583 250b8000
2584 250c0000
2585 250c8000
2586 250d0000
2587 250d8000
2588 250e0000
2589 250e8000
2590 250f0000
2591 250f8000
2592 25100000
2593 25108000
2594 25110000
2595 25118000
2596 25120000
2597 25128000
2598 25130000
2599 25138000
2600 25140000
2601 25148000
2602 25150000
2603 25158000
2604 25160000
2605 25168000
2606 25170000
2607 25178000
2608 25180000
2609 25188000
2610 25190000
2611 25198000
2612 251a0000
2613 251a8000
2614 251b0000
2615 251b8000
2616 251c0000
2617 251c8000
2618 251d0000
2619 251d8000
2620 251e0000
2621 251e8000
2622 251f0000
2623 251f8000
2624 25200000
2625 25208000
2626 25210000
2627 25218000
2628 25220000
2629 25228000
2630 25230000
2631 25238000
2632 25240000
2633 25248000
2634 25250000
2635 25258000
2636 25260000
2637 25268000
2638 25270000
2639 25278000
2640 25280000
2641 25288000
2642 25290000
2643 25298000
2644 252a0000
2645 252a8000
2646 252b0000
2647 252b8000
2648 252c0000
2649 252c8000
2650 252d0000
2651 252d8000
2652 252e0000
2653 252e8000
2654 252f0000
2655 252f8000
2656 25300000
2657 25308000
2658 25310000
2659 25318000
2660 25320000
2661 25328000
2662 25330000
2663 25338000
2664 25340000
2665 25348000
2666 25350000
2667 25358000
2668 25360000
2669 25368000
2670 25370000
2671 25378000
2672 25380000
2673 25388000
2674 25390000
2675 25398000
2676 253a0000
2677 253a8000
2678 253b0000
2679 253b8000
2680 253c0000
2681 253c8000
2682 253d0000
2683 253d8000
2684 253e0000
2685 253e8000
2686 253f0000
2687 253f8000
2688 25400000
2689 25408000
2690 25410000
2691 25418000
2692 25420000
2693 25428000
2694 25430000
2695 25438000
2696 25440000
2697 25448000
2698 25450000
2699 25458000
2700 25460000
2701 25468000
2702 25470000
2703 25478000
2704 25480000
2705 25488000
2706 25490000
2707 25498000
2708 254a0000
2709 254a8000
2710 254b0000
2711 254b8000
2712 254c0000
2713 254c8000
2714 254d0000
2715 254d8000
2716 254e0000
2717 254e8000
2718 254f0000
2719 254f8000
2720 25500000
2721 25508000
2722 25510000
2723 25518000
2724 25520000
2725 25528000
2726 25530000
2727 25538000
2728 25540000
2729 25548000
2730 25550000
2731 25558000
2732 25560000
2733 25568000
2734 25570000
2735 25578000
2736 25580000
2737 25588000
2738 25590000
2739 25598000
2740 255a0000
2741 255a8000
2742 255b0000
2743 255b8000
2744 255c0000
2745 255c8000
2746 255d0000
2747 255d8000
2748 255e0000
2749 255e8000
2750 255f0000
2751 255f8000
2752 25600000
2753 25608000
2754 25610000
2755 25618000
2756 25620000
2757 25628000
2758 25630000
2759 25638000
2760 25640000
2761 25648000
2762 25650000
2763 25658000
2764 25660000
2765 25668000
2766 25670000
2767 25678000
2768 25680000
2769 25688000
2770 25690000
2771 25698000
2772 256a0000
2773 256a8000
2774 256b0000
2775 256b8000
2776 256c0000
2777 256c8000
2778 256d0000
2779 256d8000
2780 256e0000
2781 256e8000
2782 256f0000
2783 256f8000
2784 25700000
2785 25708000
2786 25710000
2787 25718000
2788 25720000
2789 25728000
2790 25730000
2791 25738000
2792 25740000
2793 25748000
2794 25750000
2795 25758000
2796 25760000
2797 25768000
2798 25770000
2799 25778000
2800 25780000
2801 25788000
2802 25790000
2803 25798000
2804 257a0000
2805 257a8000
2806 257b0000
2807 257b8000
2808 257c0000
2809 257c8000
2810 257d0000
2811 257d8000
2812 257e0000
2813 257e8000
2814 257f0000
2815 257f8000
2816 25800000
2817 25808000
2818 25810000
2819 25818000
2820 25820000
2821 25828000
2822 25830000
2823 25838000
2824 25840000
2825 25848000
2826 25850000
2827 25858000
2828 25860000
2829 25868000
2830 25870000
2831 25878000
2832 25880000
2833 25888000
2834 25890000
2835 25898000
2836 258a0000
2837 258a8000
2838 258b0000
2839 258b8000
2840 258c0000
2841 258c8000
2842 258d0000
2843 258d8000
2844 258e0000
2845 258e8000
2846 258f0000
2847 258f8000
2848 25900000
2849 25908000
2850 25910000
2851 25918000
2852 25920000
2853 25928000
2854 25930000
2855 25938000
2856 25940000
2857 25948000
2858 25950000
2859 25958000
2860 25960000
2861 25968000
2862 25970000
2863 25978000
2864 25980000
2865 25988000
2866 25990000
2867 25998000
2868 259a0000
2869 259a8000
2870 259b0000
2871 259b8000
2872 259c0000
2873 259c8000
2874 259d0000
2875 259d8000
2876 259e0000
2877 259e8000
2878 259f0000
2879 259f8000
2880 25a00000
2881 25a08000
2882 25a10000
2883 25a18000
2884 25a20000
2885 25a28000
2886 25a30000
2887 25a38000
2888 25a40000
2889 25a48000
2890 25a50000
2891 25a58000
2892 25a60000
2893 25a68000
2894 25a70000
2895 25a78000
2896 25a80000
2897 25a88000
2898 25a90000
2899 25a98000
2900 25aa0000
2901 25aa8000
2902 25ab0000
2903 25ab8000
2904 25ac0000
2905 25ac8000
2906 25ad0000
2907 25ad8000
2908 25ae0000
2909 25ae8000
2910 25af0000
2911 25af8000
2912 25b00000
2913 25b08000
2914 25b10000
2915 25b18000
2916 25b20000
2917 25b28000
2918 25b30000
2919 25b38000
2920 25b40000
2921 25b48000
2922 25b50000
2923 25b58000
2924 25b60000
2925 25b68000
2926 25b70000
2927 25b78000
2928 25b80000
2929 25b88000
2930 25b90000
2931 25b98000
2932 25ba0000
2933 25ba8000
2934 25bb0000
2935 25bb8000
2936 25bc0000
2937 25bc8000
2938 25bd0000
2939 25bd8000
2940 25be0000
2941 25be8000
2942 25bf0000
2943 25bf8000
2944 25c00000
2945 25c08000
2946 25c10000
2947 25c18000
2948 25c20000
2949 25c28000
2950 25c30000
2951 25c38000
2952 25c40000
2953 25c48000
2954 25c50000
2955 25c58000
2956 25c60000
2957 25c68000
2958 25c70000
2959 25c78000
2960 25c80000
2961 25c88000
2962 25c90000
2963 25c98000
2964 25ca0000
2965 25ca8000
2966 25cb0000
2967 25cb8000
2968 25cc0000
2969 25cc8000
2970 25cd0000
2971 25cd8000
2972 25ce0000
2973 25ce8000
2974 25cf0000
2975 25cf8000
2976 25d00000
2977 25d08000
2978 25d10000
2979 25d18000
2980 25d20000
2981 25d28000
2982 25d30000
2983 25d38000
2984 25d40000
2985 25d48000
2986 25d50000
2987 25d58000
2988 25d60000
2989 25d68000
2990 25d70000
2991 25d78000
2992 25d80000
2993 25d88000
2994 25d90000
2995 25d98000
2996 25da0000
2997 25da8000
2998 25db0000
2999 25db8000
3000 25dc0000
3001 25dc8000
3002 25dd0000
3003 25dd8000
3004 25de0000
3005 25de8000
3006 25df0000
3007 25df8000
3008 25e00000
3009 25e08000
3010 25e10000
3011 25e18000
3012 25e20000
3013 25e28000
3014 25e30000
3015 25e38000
3016 25e40000
3017 25e48000
3018 25e50000
3019 25e58000
3020 25e60000
3021 25e68000
3022 25e70000
3023 25e78000
3024 25e80000
3025 25e88000
3026 25e90000
3027 25e98000
3028 25ea0000
3029 25ea8000
3030 25eb0000
3031 25eb8000
3032 25ec0000
3033 25ec8000
3034 25ed0000
3035 25ed8000
3036 25ee0000
3037 25ee8000
3038 25ef0000
3039 25ef8000
3040 25f00000
3041 25f08000
3042 25f10000
3043 25f18000
3044 25f20000
3045 25f28000
3046 25f30000
3047 25f38000
3048 25f40000
3049 25f48000
3050 25f50000
3051 25f58000
3052 25f60000
3053 25f68000
3054 25f70000
3055 25f78000
3056 25f80000
3057 25f88000
3058 25f90000
3059 25f98000
3060 25fa0000
3061 25fa8000
3062 25fb0000
3063 25fb8000
3064 25fc0000
3065 25fc8000
3066 25fd0000
3067 25fd8000
3068 25fe0000
3069 25fe8000
3070 25ff0000
3071 25ff8000
3072 26000000
3073 26008000
3074 26010000
3075 26018000
3076 26020000
3077 26028000
3078 26030000
3079 26038000
3080 26040000
3081 26048000
3082 26050000
3083 26058000
3084 26060000
3085 26068000
3086 26070000
3087 26078000
3088 26080000
3089 26088000
3090 26090000
3091 26098000
3092 260a0000
3093 260a8000
3094 260b0000
3095 260b8000
3096 260c0000
3097 260c8000
3098 260d0000
3099 260d8000
3100 260e0000
3101 260e8000
3102 260f0000
3103 260f8000
3104 26100000
3105 26108000
3106 26110000
3107 26118000
3108 26120000
3109 26128000
3110 26130000
3111 26138000
3112 26140000
3113 26148000
3114 26150000
3115 26158000
3116 26160000
3117 26168000
3118 26170000
3119 26178000
3120 26180000
3121 26188000
3122 26190000
3123 26198000
3124 261a0000
3125 261a8000
3126 261b0000
3127 261b8000
3128 261c0000
3129 261c8000
3130 261d0000
3131 261d8000
3132 261e0000
3133 261e8000
3134 261f0000
3135 261f8000
3136 26200000
3137 26208000
3138 26210000
3139 26218000
3140 26220000
3141 26228000
3142 26230000
3143 26238000
3144 26240000
3145 26248000
3146 26250000
3147 26258000
3148 26260000
3149 26268000
3150 26270000
3151 26278000
3152 26280000
3153 26288000
3154 26290000
3155 26298000
3156 262a0000
3157 262a8000
3158 262b0000
3159 262b8000
3160 262c0000
3161 262c8000
3162 262d0000
3163 262d8000
3164 262e0000
3165 262e8000
3166 262f0000
3167 262f8000
3168 26300000
3169 26308000
3170 26310000
3171 26318000
3172 26320000
3173 26328000
3174 26330000
3175 26338000
3176 26340000
3177 26348000
3178 26350000
3179 26358000
3180 26360000
3181 26368000
3182 26370000
3183 26378000
3184 26380000
3185 26388000
3186 26390000
3187 26398000
3188 263a0000
3189 263a8000
3190 263b0000
3191 263b8000
3192 263c0000
3193 263c8000
3194 263d0000
3195 263d8000
3196 263e0000
3197 263e8000
3198 263f0000
3199 263f8000
3200 26400000
3201 26408000
3202 26410000
3203 26418000
3204 26420000
3205 26428000
3206 26430000
3207 26438000
3208 26440000
3209 26448000
3210 26450000
3211 26458000
3212 26460000
3213 26468000
3214 26470000
3215 26478000
3216 26480000
3217 26488000
3218 26490000
3219 26498000
3220 264a0000
3221 264a8000
3222 264b0000
3223 264b8000
3224 264c0000
3225 264c8000
3226 264d0000
3227 264d8000
3228 264e0000
3229 264e8000
3230 264f0000
3231 264f8000
3232 26500000
3233 26508000
3234 26510000
3235 26518000
3236 26520000
3237 26528000
3238 26530000
3239 26538000
3240 26540000
3241 26548000
3242 26550000
3243 26558000
3244 26560000
3245 26568000
3246 26570000
3247 26578000
3248 26580000
3249 26588000
3250 26590000
3251 26598000
3252 265a0000
3253 265a8000
3254 265b0000
3255 265b8000
3256 265c0000
3257 265c8000
3258 265d0000
3259 265d8000
3260 265e0000
3261 265e8000
3262 265f0000
3263 265f8000
3264 26600000
3265 26608000
3266 26610000
3267 26618000
3268 26620000
3269 26628000
3270 26630000
3271 26638000
3272 26640000
3273 26648000
3274 26650000
3275 26658000
3276 26660000
3277 26668000
3278 26670000
3279 26678000
3280 26680000
3281 26688000
3282 26690000
3283 26698000
3284 266a0000
3285 266a8000
3286 266b0000
3287 266b8000
3288 266c0000
3289 266c8000
3290 266d0000
3291 266d8000
3292 266e0000
3293 266e8000
3294 266f0000
3295 266f8000
3296 26700000
3297 26708000
3298 26710000
3299 26718000
3300 26720000
3301 26728000
3302 26730000
3303 26738000
3304 26740000
3305 26748000
3306 26750000
3307 26758000
3308 26760000
3309 26768000
3310 26770000
3311 26778000
3312 26780000
3313 26788000
3314 26790000
3315 26798000
3316 267a0000
3317 267a8000
3318 267b0000
3319 267b8000
3320 267c0000
3321 267c8000
3322 267d0000
3323 267d8000
3324 267e0000
3325 267e8000
3326 267f0000
3327 267f8000
3328 26800000
3329 26808000
3330 26810000
3331 26818000
3332 26820000
3333 26828000
3334 26830000
3335 26838000
3336 26840000
3337 26848000
3338 26850000
3339 26858000
3340 26860000
3341 26868000
3342 26870000
3343 26878000
3344 26880000
3345 26888000
3346 26890000
3347 26898000
3348 268a0000
3349 268a8000
3350 268b0000
3351 268b8000
3352 268c0000
3353 268c8000
3354 268d0000
3355 268d8000
3356 268e0000
3357 268e8000
3358 268f0000
3359 268f8000
3360 26900000
3361 26908000
3362 26910000
3363 26918000
3364 26920000
3365 26928000
3366 26930000
3367 26938000
3368 26940000
3369 26948000
3370 26950000
3371 26958000
3372 26960000
3373 26968000
3374 26970000
3375 26978000
3376 26980000
3377 26988000
3378 26990000
3379 26998000
3380 269a0000
3381 269a8000
3382 269b0000
3383 269b8000
3384 269c0000
3385 269c8000
3386 269d0000
3387 269d8000
3388 269e0000
3389 269e8000
3390 269f0000
3391 269f8000
3392 26a00000
3393 26a08000
3394 26a10000
3395 26a18000
3396 26a20000
3397 26a28000
3398 26a30000
3399 26a38000
3400 26a40000
3401 26a48000
3402 26a50000
3403 26a58000
3404 26a60000
3405 26a68000
3406 26a70000
3407 26a78000
3408 26a80000
3409 26a88000
3410 26a90000
3411 26a98000
3412 26aa0000
3413 26aa8000
3414 26ab0000
3415 26ab8000
3416 26ac0000
3417 26ac8000
3418 26ad0000
3419 26ad8000
3420 26ae0000
3421 26ae8000
3422 26af0000
3423 26af8000
3424 26b00000
3425 26b08000
3426 26b10000
3427 26b18000
3428 26b20000
3429 26b28000
3430 26b30000
3431 26b38000
3432 26b40000
3433 26b48000
3434 26b50000
3435 26b58000
3436 26b60000
3437 26b68000
3438 26b70000
3439 26b78000
3440 26b80000
3441 26b88000
3442 26b90000
3443 26b98000
3444 26ba0000
3445 26ba8000
3446 26bb0000
3447 26bb8000
3448 26bc0000
3449 26bc8000
3450 26bd0000
3451 26bd8000
3452 26be0000
3453 26be8000
3454 26bf0000
3455 26bf8000
3456 26c00000
3457 26c08000
3458 26c10000
3459 26c18000
3460 26c20000
3461 26c28000
3462 26c30000
3463 26c38000
3464 26c40000
3465 26c48000
3466 26c50000
3467 26c58000
3468 26c60000
3469 26c68000
3470 26c70000
3471 26c78000
3472 26c80000
3473 26c88000
3474 26c90000
3475 26c98000
3476 26ca0000
3477 26ca8000
3478 26cb0000
3479 26cb8000
3480 26cc0000
3481 26cc8000
3482 26cd0000
3483 26cd8000
3484 26ce0000
3485 26ce8000
3486 26cf0000
3487 26cf8000
3488 26d00000
3489 26d08000
3490 26d10000
3491 26d18000
3492 26d20000
3493 26d28000
3494 26d30000
3495 26d38000
3496 26d40000
3497 26d48000
3498 26d50000
3499 26d58000
3500 26d60000
3501 26d68000
3502 26d70000
3503 26d78000
3504 26d80000
3505 26d88000
3506 26d90000
3507 26d98000
3508 26da0000
3509 26da8000
3510 26db0000
3511 26db8000
3512 26dc0000
3513 26dc8000
3514 26dd0000
3515 26dd8000
3516 26de0000
3517 26de8000
3518 26df0000
3519 26df8000
3520 26e00000
3521 26e08000
3522 26e10000
3523 26e18000
3524 26e20000
3525 26e28000
3526 26e30000
3527 26e38000
3528 26e40000
3529 26e48000
3530 26e50000
3531 26e58000
3532 26e60000
3533 26e68000
3534 26e70000
3535 26e78000
3536 26e80000
3537 26e88000
3538 26e90000
3539 26e98000
3540 26ea0000
3541 26ea8000
3542 26eb0000
3543 26eb8000
3544 26ec0000
3545 26ec8000
3546 26ed0000
3547 26ed8000
3548 26ee0000
3549 26ee8000
3550 26ef0000
3551 26ef8000
3552 26f00000
3553 26f08000
3554 26f10000
3555 26f18000
3556 26f20000
3557 26f28000
3558 26f30000
3559 26f38000
3560 26f40000
3561 26f48000
3562 26f50000
3563 26f58000
3564 26f60000
3565 26f68000
3566 26f70000
3567 26f78000
3568 26f80000
3569 26f88000
3570 26f90000
3571 26f98000
3572 26fa0000
3573 26fa8000
3574 26fb0000
3575 26fb8000
3576 26fc0000
3577 26fc8000
3578 26fd0000
3579 26fd8000
3580 26fe0000
3581 26fe8000
3582 26ff0000
3583 26ff8000
3584 27000000
3585 27008000
3586 27010000
3587 27018000
3588 27020000
3589 27028000
3590 27030000
3591 27038000
3592 27040000
3593 27048000
3594 27050000
3595 27058000
3596 27060000
3597 27068000
3598 27070000
3599 27078000
3600 27080000
3601 27088000
3602 27090000
3603 27098000
3604 270a0000
3605 270a8000
3606 270b0000
3607 270b8000
3608 270c0000
3609 270c8000
3610 270d0000
3611 270d8000
3612 270e0000
3613 270e8000
3614 270f0000
3615 270f8000
3616 27100000
3617 27108000
3618 27110000
3619 27118000
3620 27120000
3621 27128000
3622 27130000
3623 27138000
3624 27140000
3625 27148000
3626 27150000
3627 27158000
3628 27160000
3629 27168000
3630 27170000
3631 27178000
3632 27180000
3633 27188000
3634 27190000
3635 27198000
3636 271a0000
3637 271a8000
3638 271b0000
3639 271b8000
3640 271c0000
3641 271c8000
3642 271d0000
3643 271d8000
3644 271e0000
3645 271e8000
3646 271f0000
3647 271f8000
3648 27200000
3649 27208000
3650 27210000
3651 27218000
3652 27220000
3653 27228000
3654 27230000
3655 27238000
3656 27240000
3657 27248000
3658 27250000
3659 27258000
3660 27260000
3661 27268000
3662 27270000
3663 27278000
3664 27280000
3665 27288000
3666 27290000
3667 27298000
3668 272a0000
3669 272a8000
3670 272b0000
3671 272b8000
3672 272c0000
3673 272c8000
3674 272d0000
3675 272d8000
3676 272e0000
3677 272e8000
3678 272f0000
3679 272f8000
3680 27300000
3681 27308000
3682 27310000
3683 27318000
3684 27320000
3685 27328000
3686 27330000
3687 27338000
3688 27340000
3689 27348000
3690 27350000
3691 27358000
3692 27360000
3693 27368000
3694 27370000
3695 27378000
3696 27380000
3697 27388000
3698 27390000
3699 27398000
3700 273a0000
3701 273a8000
3702 273b0000
3703 273b8000
3704 273c0000
3705 273c8000
3706 273d0000
3707 273d8000
3708 273e0000
3709 273e8000
3710 273f0000
3711 273f8000
3712 27400000
3713 27408000
3714 27410000
3715 27418000
3716 27420000
3717 27428000
3718 27430000
3719 27438000
3720 27440000
3721 27448000
3722 27450000
3723 27458000
3724 27460000
3725 27468000
3726 27470000
3727 27478000
3728 27480000
3729 27488000
3730 27490000
3731 27498000
3732 274a0000
3733 274a8000
3734 274b0000
3735 274b8000
3736 274c0000
3737 274c8000
3738 274d0000
3739 274d8000
3740 274e0000
3741 274e8000
3742 274f0000
3743 274f8000
3744 27500000
3745 27508000
3746 27510000
3747 27518000
3748 27520000
3749 27528000
3750 27530000
3751 27538000
3752 27540000
3753 27548000
3754 27550000
3755 27558000
3756 27560000
3757 27568000
3758 27570000
3759 27578000
3760 27580000
3761 27588000
3762 27590000
3763 27598000
3764 275a0000
3765 275a8000
3766 275b0000
3767 275b8000
3768 275c0000
3769 275c8000
3770 275d0000
3771 275d8000
3772 275e0000
3773 275e8000
3774 275f0000
3775 275f8000
3776 27600000
3777 27608000
3778 27610000
3779 27618000
3780 27620000
3781 27628000
3782 27630000
3783 27638000
3784 27640000
3785 27648000
3786 27650000
3787 27658000
3788 27660000
3789 27668000
3790 27670000
3791 27678000
3792 27680000
3793 27688000
3794 27690000
3795 27698000
3796 276a0000
3797 276a8000
3798 276b0000
3799 276b8000
3800 276c0000
3801 276c8000
3802 276d0000
3803 276d8000
3804 276e0000
3805 276e8000
3806 276f0000
3807 276f8000
3808 27700000
3809 27708000
3810 27710000
3811 27718000
3812 27720000
3813 27728000
3814 27730000
3815 27738000
3816 27740000
3817 27748000
3818 27750000
3819 27758000
3820 27760000
3821 27768000
3822 27770000
3823 27778000
3824 27780000
3825 27788000
3826 27790000
3827 27798000
3828 277a0000
3829 277a8000
3830 277b0000
3831 277b8000
3832 277c0000
3833 277c8000
3834 277d0000
3835 277d8000
3836 277e0000
3837 277e8000
3838 277f0000
3839 277f8000
3840 27800000
3841 27808000
3842 27810000
3843 27818000
3844 27820000
3845 27828000
3846 27830000
3847 27838000
3848 27840000
3849 27848000
3850 27850000
3851 27858000
3852 27860000
3853 27868000
3854 27870000
3855 27878000
3856 27880000
3857 27888000
3858 27890000
3859 27898000
3860 278a0000
3861 278a8000
3862 278b0000
3863 278b8000
3864 278c0000
3865 278c8000
3866 278d0000
3867 278d8000
3868 278e0000
3869 278e8000
3870 278f0000
3871 278f8000
3872 27900000
3873 27908000
3874 27910000
3875 27918000
3876 27920000
3877 27928000
3878 27930000
3879 27938000
3880 27940000
3881 27948000
3882 27950000
3883 27958000
3884 27960000
3885 27968000
3886 27970000
3887 27978000
3888 27980000
3889 27988000
3890 27990000
3891 27998000
3892 279a0000
3893 279a8000
3894 279b0000
3895 279b8000
3896 279c0000
3897 279c8000
3898 279d0000
3899 279d8000
3900 279e0000
3901 279e8000
3902 279f0000
3903 279f8000
3904 27a00000
3905 27a08000
3906 27a10000
3907 27a18000
3908 27a20000
3909 27a28000
3910 27a30000
3911 27a38000
3912 27a40000
3913 27a48000
3914 27a50000
3915 27a58000
3916 27a60000
3917 27a68000
3918 27a70000
3919 27a78000
3920 27a80000
3921 27a88000
3922 27a90000
3923 27a98000
3924 27aa0000
3925 27aa8000
3926 27ab0000
3927 27ab8000
3928 27ac0000
3929 27ac8000
3930 27ad0000
3931 27ad8000
3932 27ae0000
3933 27ae8000
3934 27af0000
3935 27af8000
3936 27b00000
3937 27b08000
3938 27b10000
3939 27b18000
3940 27b20000
3941 27b28000
3942 27b30000
3943 27b38000
3944 27b40000
3945 27b48000
3946 27b50000
3947 27b58000
3948 27b60000
3949 27b68000
3950 27b70000
3951 27b78000
3952 27b80000
3953 27b88000
3954 27b90000
3955 27b98000
3956 27ba0000
3957 27ba8000
3958 27bb0000
3959 27bb8000
3960 27bc0000
3961 27bc8000
3962 27bd0000
3963 27bd8000
3964 27be0000
3965 27be8000
3966 27bf0000
3967 27bf8000
3968 27c00000
3969 27c08000
3970 27c10000
3971 27c18000
3972 27c20000
3973 27c28000
3974 27c30000
3975 27c38000
3976 27c40000
3977 27c48000
3978 27c50000
3979 27c58000
3980 27c60000
3981 27c68000
3982 27c70000
3983 27c78000
3984 27c80000
3985 27c88000
3986 27c90000
3987 27c98000
3988 27ca0000
3989 27ca8000
3990 27cb0000
3991 27cb8000
3992 27cc0000
3993 27cc8000
3994 27cd0000
3995 27cd8000
3996 27ce0000
3997 27ce8000
3998 27cf0000
3999 27cf8000
4000 27d00000
4001 27d08000
4002 27d10000
4003 27d18000
4004 27d20000
4005 27d28000
4006 27d30000
4007 27d38000
4008 27d40000
4009 27d48000
4010 27d50000
4011 27d58000
4012 27d60000
4013 27d68000
4014 27d70000
4015 27d78000
4016 27d80000
4017 27d88000
4018 27d90000
4019 27d98000
4020 27da0000
4021 27da8000
4022 27db0000
4023 27db8000
4024 27dc0000
4025 27dc8000
4026 27dd0000
4027 27dd8000
4028 27de0000
4029 27de8000
4030 27df0000
4031 27df8000
4032 27e00000
4033 27e08000
4034 27e10000
4035 27e18000
4036 27e20000
4037 27e28000
4038 27e30000
4039 27e38000
4040 27e40000
4041 27e48000
4042 27e50000
4043 27e58000
4044 27e60000
4045 27e68000
4046 27e70000
4047 27e78000
4048 27e80000
4049 27e88000
4050 27e90000
4051 27e98000
4052 27ea0000
4053 27ea8000
4054 27eb0000
4055 27eb8000
4056 27ec0000
4057 27ec8000
4058 27ed0000
4059 27ed8000
4060 27ee0000
4061 27ee8000
4062 27ef0000
4063 27ef8000
4064 27f00000
4065 27f08000
4066 27f10000
4067 27f18000
4068 27f20000
4069 27f28000
4070 27f30000
4071 27f38000
4072 27f40000
4073 27f48000
4074 27f50000
4075 27f58000
4076 27f60000
4077 27f68000
4078 27f70000
4079 27f78000
4080 27f80000
4081 27f88000
4082 27f90000
4083 27f98000
4084 27fa0000
4085 27fa8000
4086 27fb0000
4087 27fb8000
4088 27fc0000
4089 27fc8000
4090 27fd0000
4091 27fd8000
4092 27fe0000
4093 27fe8000
4094 27ff0000
4095 27ff8000
4096 28000000
4097 28008000
4098 28010000
4099 28018000
4100 28020000
4101 28028000
4102 28030000
4103 28038000
4104 28040000
4105 28048000
4106 28050000
4107 28058000
4108 28060000
4109 28068000
4110 28070000
4111 28078000
4112 28080000
4113 28088000
4114 28090000
4115 28098000
4116 280a0000
4117 280a8000
4118 280b0000
4119 280b8000
4120 280c0000
4121 280c8000
4122 280d0000
4123 280d8000
4124 280e0000
4125 280e8000
4126 280f0000
4127 280f8000
4128 28100000
4129 28108000
4130 28110000
4131 28118000
4132 28120000
4133 28128000
4134 28130000
4135 28138000
4136 28140000
4137 28148000
4138 28150000
4139 28158000
4140 28160000
4141 28168000
4142 28170000
4143 28178000
4144 28180000
4145 28188000
4146 28190000
4147 28198000
4148 281a0000
4149 281a8000
4150 281b0000
4151 281b8000
4152 281c0000
4153 281c8000
4154 281d0000
4155 281d8000
4156 281e0000
4157 281e8000
4158 281f0000
4159 281f8000
4160 28200000
4161 28208000
4162 28210000
4163 28218000
4164 28220000
4165 28228000
4166 28230000
4167 28238000
4168 28240000
4169 28248000
4170 28250000
4171 28258000
4172 28260000
4173 28268000
4174 28270000
4175 28278000
4176 28280000
4177 28288000
4178 28290000
4179 28298000
4180 282a0000
4181 282a8000
4182 282b0000
4183 282b8000
4184 282c0000
4185 282c8000
4186 282d0000
4187 282d8000
4188 282e0000
4189 282e8000
4190 282f0000
4191 282f8000
4192 28300000
4193 28308000
4194 28310000
4195 28318000
4196 28320000
4197 28328000
4198 28330000
4199 28338000
4200 28340000
4201 28348000
4202 28350000
4203 28358000
4204 28360000
4205 28368000
4206 28370000
4207 28378000
4208 28380000
4209 28388000
4210 28390000
4211 28398000
4212 283a0000
4213 283a8000
4214 283b0000
4215 283b8000
4216 283c0000
4217 283c8000
4218 283d0000
4219 283d8000
4220 283e0000
4221 283e8000
4222 283f0000
4223 283f8000
4224 28400000
4225 28408000
4226 28410000
4227 28418000
4228 28420000
4229 28428000
4230 28430000
4231 28438000
4232 28440000
4233 28448000
4234 28450000
4235 28458000
4236 28460000
4237 28468000
4238 28470000
4239 28478000
4240 28480000
4241 28488000
4242 28490000
4243 28498000
4244 284a0000
4245 284a8000
4246 284b0000
4247 284b8000
4248 284c0000
4249 284c8000
4250 284d0000
4251 284d8000
4252 284e0000
4253 284e8000
4254 284f0000
4255 284f8000
4256 28500000
4257 28508000
4258 28510000
4259 28518000
4260 28520000
4261 28528000
4262 28530000
4263 28538000
4264 28540000
4265 28548000
4266 28550000
4267 28558000
4268 28560000
4269 28568000
4270 28570000
4271 28578000
4272 28580000
4273 28588000
4274 28590000
4275 28598000
4276 285a0000
4277 285a8000
4278 285b0000
4279 285b8000
4280 285c0000
4281 285c8000
4282 285d0000
4283 285d8000
4284 285e0000
4285 285e8000
4286 285f0000
4287 285f8000
4288 28600000
4289 28608000
4290 28610000
4291 28618000
4292 28620000
4293 28628000
4294 28630000
4295 28638000
4296 28640000
4297 28648000
4298 28650000
4299 28658000
4300 28660000
4301 28668000
4302 28670000
4303 28678000
4304 28680000
4305 28688000
4306 28690000
4307 28698000
4308 286a0000
4309 286a8000
4310 286b0000
4311 286b8000
4312 286c0000
4313 286c8000
4314 286d0000
4315 286d8000
4316 286e0000
4317 286e8000
4318 286f0000
4319 286f8000
4320 28700000
4321 28708000
4322 28710000
4323 28718000
4324 28720000
4325 28728000
4326 28730000
4327 28738000
4328 28740000
4329 28748000
4330 28750000
4331 28758000
4332 28760000
4333 28768000
4334 28770000
4335 28778000
4336 28780000
4337 28788000
4338 28790000
4339 28798000
4340 287a0000
4341 287a8000
4342 287b0000
4343 287b8000
4344 287c0000
4345 287c8000
4346 287d0000
4347 287d8000
4348 287e0000
4349 287e8000
4350 287f0000
4351 287f8000
4352 28800000
4353 28808000
4354 28810000
4355 28818000
4356 28820000
4357 28828000
4358 28830000
4359 28838000
4360 28840000
4361 28848000
4362 28850000
4363 28858000
4364 28860000
4365 28868000
4366 28870000
4367 28878000
4368 28880000
4369 28888000
4370 28890000
4371 28898000
4372 288a0000
4373 288a8000
4374 288b0000
4375 288b8000
4376 288c0000
4377 288c8000
4378 288d0000
4379 288d8000
4380 288e0000
4381 288e8000
4382 288f0000
4383 288f8000
4384 28900000
4385 28908000
4386 28910000
4387 28918000
4388 28920000
4389 28928000
4390 28930000
4391 28938000
4392 28940000
4393 28948000
4394 28950000
4395 28958000
4396 28960000
4397 28968000
4398 28970000
4399 28978000
4400 28980000
4401 28988000
4402 28990000
4403 28998000
4404 289a0000
4405 289a8000
4406 289b0000
4407 289b8000
4408 289c0000
4409 289c8000
4410 289d0000
4411 289d8000
4412 289e0000
4413 289e8000
4414 289f0000
4415 289f8000
4416 28a00000
4417 28a08000
4418 28a10000
4419 28a18000
4420 28a20000
4421 28a28000
4422 28a30000
4423 28a38000
4424 28a40000
4425 28a48000
4426 28a50000
4427 28a58000
4428 28a60000
4429 28a68000
4430 28a70000
4431 28a78000
4432 28a80000
4433 28a88000
4434 28a90000
4435 28a98000
4436 28aa0000
4437 28aa8000
4438 28ab0000
4439 28ab8000
4440 28ac0000
4441 28ac8000
4442 28ad0000
4443 28ad8000
4444 28ae0000
4445 28ae8000
4446 28af0000
4447 28af8000
4448 28b00000
4449 28b08000
4450 28b10000
4451 28b18000
4452 28b20000
4453 28b28000
4454 28b30000
4455 28b38000
4456 28b40000
4457 28b48000
4458 28b50000
4459 28b58000
4460 28b60000
4461 28b68000
4462 28b70000
4463 28b78000
4464 28b80000
4465 28b88000
4466 28b90000
4467 28b98000
4468 28ba0000
4469 28ba8000
4470 28bb0000
4471 28bb8000
4472 28bc0000
4473 28bc8000
4474 28bd0000
4475 28bd8000
4476 28be0000
4477 28be8000
4478 28bf0000
4479 28bf8000
4480 28c00000
4481 28c08000
4482 28c10000
4483 28c18000
4484 28c20000
4485 28c28000
4486 28c30000
4487 28c38000
4488 28c40000
4489 28c48000
4490 28c50000
4491 28c58000
4492 28c60000
4493 28c68000
4494 28c70000
4495 28c78000
4496 28c80000
4497 28c88000
4498 28c90000
4499 28c98000
4500 28ca0000
4501 28ca8000
4502 28cb0000
4503 28cb8000
4504 28cc0000
4505 28cc8000
4506 28cd0000
4507 28cd8000
4508 28ce0000
4509 28ce8000
4510 28cf0000
4511 28cf8000
4512 28d00000
4513 28d08000
4514 28d10000
4515 28d18000
4516 28d20000
4517 28d28000
4518 28d30000
4519 28d38000
4520 28d40000
4521 28d48000
4522 28d50000
4523 28d58000
4524 28d60000
4525 28d68000
4526 28d70000
4527 28d78000
4528 28d80000
4529 28d88000
4530 28d90000
4531 28d98000
4532 28da0000
4533 28da8000
4534 28db0000
4535 28db8000
4536 28dc0000
4537 28dc8000
4538 28dd0000
4539 28dd8000
4540 28de0000
4541 28de8000
4542 28df0000
4543 28df8000
4544 28e00000
4545 28e08000
4546 28e10000
4547 28e18000
4548 28e20000
4549 28e28000
4550 28e30000
4551 28e38000
4552 28e40000
4553 28e48000
4554 28e50000
4555 28e58000
4556 28e60000
4557 28e68000
4558 28e70000
4559 28e78000
4560 28e80000
4561 28e88000
4562 28e90000
4563 28e98000
4564 28ea0000
4565 28ea8000
4566 28eb0000
4567 28eb8000
4568 28ec0000
4569 28ec8000
4570 28ed0000
4571 28ed8000
4572 28ee0000
4573 28ee8000
4574 28ef0000
4575 28ef8000
4576 28f00000
4577 28f08000
4578 28f10000
4579 28f18000
4580 28f20000
4581 28f28000
4582 28f30000
4583 28f38000
4584 28f40000
4585 28f48000
4586 28f50000
4587 28f58000
4588 28f60000
4589 28f68000
4590 28f70000
4591 28f78000
4592 28f80000
4593 28f88000
4594 28f90000
4595 28f98000
4596 28fa0000
4597 28fa8000
4598 28fb0000
4599 28fb8000
4600 28fc0000
4601 28fc8000
4602 28fd0000
4603 28fd8000
4604 28fe0000
4605 28fe8000
4606 28ff0000
4607 28ff8000
4608 29000000
4609 29008000
4610 29010000
4611 29018000
4612 29020000
4613 29028000
4614 29030000
4615 29038000
4616 29040000
4617 29048000
4618 29050000
4619 29058000
4620 29060000
4621 29068000
4622 29070000
4623 29078000
4624 29080000
4625 29088000
4626 29090000
4627 29098000
4628 290a0000
4629 290a8000
4630 290b0000
4631 290b8000
4632 290c0000
4633 290c8000
4634 290d0000
4635 290d8000
4636 290e0000
4637 290e8000
4638 290f0000
4639 290f8000
4640 29100000
4641 29108000
4642 29110000
4643 29118000
4644 29120000
4645 29128000
4646 29130000
4647 29138000
4648 29140000
4649 29148000
4650 29150000
4651 29158000
4652 29160000
4653 29168000
4654 29170000
4655 29178000
4656 29180000
4657 29188000
4658 29190000
4659 29198000
4660 291a0000
4661 291a8000
4662 291b0000
4663 291b8000
4664 291c0000
4665 291c8000
4666 291d0000
4667 291d8000
4668 291e0000
4669 291e8000
4670 291f0000
4671 291f8000
4672 29200000
4673 29208000
4674 29210000
4675 29218000
4676 29220000
4677 29228000
4678 29230000
4679 29238000
4680 29240000
4681 29248000
4682 29250000
4683 29258000
4684 29260000
4685 29268000
4686 29270000
4687 29278000
4688 29280000
4689 29288000
4690 29290000
4691 29298000
4692 292a0000
4693 292a8000
4694 292b0000
4695 292b8000
4696 292c0000
4697 292c8000
4698 292d0000
4699 292d8000
4700 292e0000
4701 292e8000
4702 292f0000
4703 292f8000
4704 29300000
4705 29308000
4706 29310000
4707 29318000
4708 29320000
4709 29328000
4710 29330000
4711 29338000
4712 29340000
4713 29348000
4714 29350000
4715 29358000
4716 29360000
4717 29368000
4718 29370000
4719 29378000
4720 29380000
4721 29388000
4722 29390000
4723 29398000
4724 293a0000
4725 293a8000
4726 293b0000
4727 293b8000
4728 293c0000
4729 293c8000
4730 293d0000
4731 293d8000
4732 293e0000
4733 293e8000
4734 293f0000
4735 293f8000
4736 29400000
4737 29408000
4738 29410000
4739 29418000
4740 29420000
4741 29428000
4742 29430000
4743 29438000
4744 29440000
4745 29448000
4746 29450000
4747 29458000
4748 29460000
4749 29468000
4750 29470000
4751 29478000
4752 29480000
4753 29488000
4754 29490000
4755 29498000
4756 294a0000
4757 294a8000
4758 294b0000
4759 294b8000
4760 294c0000
4761 294c8000
4762 294d0000
4763 294d8000
4764 294e0000
4765 294e8000
4766 294f0000
4767 294f8000
4768 29500000
4769 29508000
4770 29510000
4771 29518000
4772 29520000
4773 29528000
4774 29530000
4775 29538000
4776 29540000
4777 29548000
4778 29550000
4779 29558000
4780 29560000
4781 29568000
4782 29570000
4783 29578000
4784 29580000
4785 29588000
4786 29590000
4787 29598000
4788 295a0000
4789 295a8000
4790 295b0000
4791 295b8000
4792 295c0000
4793 295c8000
4794 295d0000
4795 295d8000
4796 295e0000
4797 295e8000
4798 295f0000
4799 295f8000
4800 29600000
4801 29608000
4802 29610000
4803 29618000
4804 29620000
4805 29628000
4806 29630000
4807 29638000
4808 29640000
4809 29648000
4810 29650000
4811 29658000
4812 29660000
4813 29668000
4814 29670000
4815 29678000
4816 29680000
4817 29688000
4818 29690000
4819 29698000
4820 296a0000
4821 296a8000
4822 296b0000
4823 296b8000
4824 296c0000
4825 296c8000
4826 296d0000
4827 296d8000
4828 296e0000
4829 296e8000
4830 296f0000
4831 296f8000
4832 29700000
4833 29708000
4834 29710000
4835 29718000
4836 29720000
4837 29728000
4838 29730000
4839 29738000
4840 29740000
4841 29748000
4842 29750000
4843 29758000
4844 29760000
4845 29768000
4846 29770000
4847 29778000
4848 29780000
4849 29788000
4850 29790000
4851 29798000
4852 297a0000
4853 297a8000
4854 297b0000
4855 297b8000
4856 297c0000
4857 297c8000
4858 297d0000
4859 297d8000
4860 297e0000
4861 297e8000
4862 297f0000
4863 297f8000
4864 29800000
4865 29808000
4866 29810000
4867 29818000
4868 29820000
4869 29828000
4870 29830000
4871 29838000
4872 29840000
4873 29848000
4874 29850000
4875 29858000
4876 29860000
4877 29868000
4878 29870000
4879 29878000
4880 29880000
4881 29888000
4882 29890000
4883 29898000
4884 298a0000
4885 298a8000
4886 298b0000
4887 298b8000
4888 298c0000
4889 298c8000
4890 298d0000
4891 298d8000
4892 298e0000
4893 298e8000
4894 298f0000
4895 298f8000
4896 29900000
4897 29908000
4898 29910000
4899 29918000
4900 29920000
4901 29928000
4902 29930000
4903 29938000
4904 29940000
4905 29948000
4906 29950000
4907 29958000
4908 29960000
4909 29968000
4910 29970000
4911 29978000
4912 29980000
4913 29988000
4914 29990000
4915 29998000
4916 299a0000
4917 299a8000
4918 299b0000
4919 299b8000
4920 299c0000
4921 299c8000
4922 299d0000
4923 299d8000
4924 299e0000
4925 299e8000
4926 299f0000
4927 299f8000
4928 29a00000
4929 29a08000
4930 29a10000
4931 29a18000
4932 29a20000
4933 29a28000
4934 29a30000
4935 29a38000
4936 29a40000
4937 29a48000
4938 29a50000
4939 29a58000
4940 29a60000
4941 29a68000
4942 29a70000
4943 29a78000
4944 29a80000
4945 29a88000
4946 29a90000
4947 29a98000
4948 29aa0000
4949 29aa8000
4950 29ab0000
4951 29ab8000
4952 29ac0000
4953 29ac8000
4954 29ad0000
4955 29ad8000
4956 29ae0000
4957 29ae8000
4958 29af0000
4959 29af8000
4960 29b00000
4961 29b08000
4962 29b10000
4963 29b18000
4964 29b20000
4965 29b28000
4966 29b30000
4967 29b38000
4968 29b40000
4969 29b48000
4970 29b50000
4971 29b58000
4972 29b60000
4973 29b68000
4974 29b70000
4975 29b78000
4976 29b80000
4977 29b88000
4978 29b90000
4979 29b98000
4980 29ba0000
4981 29ba8000
4982 29bb0000
4983 29bb8000
4984 29bc0000
4985 29bc8000
4986 29bd0000
4987 29bd8000
4988 29be0000
4989 29be8000
4990 29bf0000
4991 29bf8000
4992 29c00000
4993 29c08000
4994 29c10000
4995 29c18000
4996 29c20000
4997 29c28000
4998 29c30000
4999 29c38000
5000 29c40000
5001 29c48000
5002 29c50000
5003 29c58000
5004 29c60000
5005 29c68000
5006 29c70000
5007 29c78000
5008 29c80000
5009 29c88000
5010 29c90000
5011 29c98000
5012 29ca0000
5013 29ca8000
5014 29cb0000
5015 29cb8000
5016 29cc0000
5017 29cc8000
5018 29cd0000
5019 29cd8000
5020 29ce0000
5021 29ce8000
5022 29cf0000
5023 29cf8000
5024 29d00000
5025 29d08000
5026 29d10000
5027 29d18000
5028 29d20000
5029 29d28000
5030 29d30000
5031 29d38000
5032 29d40000
5033 29d48000
5034 29d50000
5035 29d58000
5036 29d60000
5037 29d68000
5038 29d70000
5039 29d78000
5040 29d80000
5041 29d88000
5042 29d90000
5043 29d98000
5044 29da0000
5045 29da8000
5046 29db0000
5047 29db8000
5048 29dc0000
5049 29dc8000
5050 29dd0000
5051 29dd8000
5052 29de0000
5053 29de8000
5054 29df0000
5055 29df8000
5056 29e00000
5057 29e08000
5058 29e10000
5059 29e18000
5060 29e20000
5061 29e28000
5062 29e30000
5063 29e38000
5064 29e40000
5065 29e48000
5066 29e50000
5067 29e58000
5068 29e60000
5069 29e68000
5070 29e70000
5071 29e78000
5072 29e80000
5073 29e88000
5074 29e90000
5075 29e98000
5076 29ea0000
5077 29ea8000
5078 29eb0000
5079 29eb8000
5080 29ec0000
5081 29ec8000
5082 29ed0000
5083 29ed8000
5084 29ee0000
5085 29ee8000
5086 29ef0000
5087 29ef8000
5088 29f00000
5089 29f08000
5090 29f10000
5091 29f18000
5092 29f20000
5093 29f28000
5094 29f30000
5095 29f38000
5096 29f40000
5097 29f48000
5098 29f50000
5099 29f58000
5100 29f60000
5101 29f68000
5102 29f70000
5103 29f78000
5104 29f80000
5105 29f88000
5106 29f90000
5107 29f98000
5108 29fa0000
5109 29fa8000
5110 29fb0000
5111 29fb8000
5112 29fc0000
5113 29fc8000
5114 29fd0000
5115 29fd8000
5116 29fe0000
5117 29fe8000
5118 29ff0000
5119 29ff8000
5120 2a000000
5121 2a008000
5122 2a010000
5123 2a018000
5124 2a020000
5125 2a028000
5126 2a030000
5127 2a038000
5128 2a040000
5129 2a048000
5130 2a050000
5131 2a058000
5132 2a060000
5133 2a068000
5134 2a070000
5135 2a078000
5136 2a080000
5137 2a088000
5138 2a090000
5139 2a098000
5140 2a0a0000
5141 2a0a8000
5142 2a0b0000
5143 2a0b8000
5144 2a0c0000
5145 2a0c8000
5146 2a0d0000
5147 2a0d8000
5148 2a0e0000
5149 2a0e8000
5150 2a0f0000
5151 2a0f8000
5152 2a100000
5153 2a108000
5154 2a110000
5155 2a118000
5156 2a120000
5157 2a128000
5158 2a130000
5159 2a138000
5160 2a140000
5161 2a148000
5162 2a150000
5163 2a158000
5164 2a160000
5165 2a168000
5166 2a170000
5167 2a178000
5168 2a180000
5169 2a188000
5170 2a190000
5171 2a198000
5172 2a1a0000
5173 2a1a8000
5174 2a1b0000
5175 2a1b8000
5176 2a1c0000
5177 2a1c8000
5178 2a1d0000
5179 2a1d8000
5180 2a1e0000
5181 2a1e8000
5182 2a1f0000
5183 2a1f8000
5184 2a200000
5185 2a208000
5186 2a210000
5187 2a218000
5188 2a220000
5189 2a228000
5190 2a230000
5191 2a238000
5192 2a240000
5193 2a248000
5194 2a250000
5195 2a258000
5196 2a260000
5197 2a268000
5198 2a270000
5199 2a278000
5200 2a280000
5201 2a288000
5202 2a290000
5203 2a298000
5204 2a2a0000
5205 2a2a8000
5206 2a2b0000
5207 2a2b8000
5208 2a2c0000
5209 2a2c8000
5210 2a2d0000
5211 2a2d8000
5212 2a2e0000
5213 2a2e8000
5214 2a2f0000
5215 2a2f8000
5216 2a300000
5217 2a308000
5218 2a310000
5219 2a318000
5220 2a320000
5221 2a328000
5222 2a330000
5223 2a338000
5224 2a340000
5225 2a348000
5226 2a350000
5227 2a358000
5228 2a360000
5229 2a368000
5230 2a370000
5231 2a378000
5232 2a380000
5233 2a388000
5234 2a390000
5235 2a398000
5236 2a3a0000
5237 2a3a8000
5238 2a3b0000
5239 2a3b8000
5240 2a3c0000
5241 2a3c8000
5242 2a3d0000
5243 2a3d8000
5244 2a3e0000
5245 2a3e8000
5246 2a3f0000
5247 2a3f8000
5248 2a400000
5249 2a408000
5250 2a410000
5251 2a418000
5252 2a420000
5253 2a428000
5254 2a430000
5255 2a438000
5256 2a440000
5257 2a448000
5258 2a450000
5259 2a458000
5260 2a460000
5261 2a468000
5262 2a470000
5263 2a478000
5264 2a480000
5265 2a488000
5266 2a490000
5267 2a498000
5268 2a4a0000
5269 2a4a8000
5270 2a4b0000
5271 2a4b8000
5272 2a4c0000
5273 2a4c8000
5274 2a4d0000
5275 2a4d8000
5276 2a4e0000
5277 2a4e8000
5278 2a4f0000
5279 2a4f8000
5280 2a500000
5281 2a508000
5282 2a510000
5283 2a518000
5284 2a520000
5285 2a528000
5286 2a530000
5287 2a538000
5288 2a540000
5289 2a548000
5290 2a550000
5291 2a558000
5292 2a560000
5293 2a568000
5294 2a570000
5295 2a578000
5296 2a580000
5297 2a588000
5298 2a590000
5299 2a598000
5300 2a5a0000
5301 2a5a8000
5302 2a5b0000
5303 2a5b8000
5304 2a5c0000
5305 2a5c8000
5306 2a5d0000
5307 2a5d8000
5308 2a5e0000
5309 2a5e8000
5310 2a5f0000
5311 2a5f8000
5312 2a600000
5313 2a608000
5314 2a610000
5315 2a618000
5316 2a620000
5317 2a628000
5318 2a630000
5319 2a638000
5320 2a640000
5321 2a648000
5322 2a650000
5323 2a658000
5324 2a660000
5325 2a668000
5326 2a670000
5327 2a678000
5328 2a680000
5329 2a688000
5330 2a690000
5331 2a698000
5332 2a6a0000
5333 2a6a8000
5334 2a6b0000
5335 2a6b8000
5336 2a6c0000
5337 2a6c8000
5338 2a6d0000
5339 2a6d8000
5340 2a6e0000
5341 2a6e8000
5342 2a6f0000
5343 2a6f8000
5344 2a700000
5345 2a708000
5346 2a710000
5347 2a718000
5348 2a720000
5349 2a728000
5350 2a730000
5351 2a738000
5352 2a740000
5353 2a748000
5354 2a750000
5355 2a758000
5356 2a760000
5357 2a768000
5358 2a770000
5359 2a778000
5360 2a780000
5361 2a788000
5362 2a790000
5363 2a798000
5364 2a7a0000
5365 2a7a8000
5366 2a7b0000
5367 2a7b8000
5368 2a7c0000
5369 2a7c8000
5370 2a7d0000
5371 2a7d8000
5372 2a7e0000
5373 2a7e8000
5374 2a7f0000
5375 2a7f8000
5376 2a800000
5377 2a808000
5378 2a810000
5379 2a818000
5380 2a820000
5381 2a828000
5382 2a830000
5383 2a838000
5384 2a840000
5385 2a848000
5386 2a850000
5387 2a858000
5388 2a860000
5389 2a868000
5390 2a870000
5391 2a878000
5392 2a880000
5393 2a888000
5394 2a890000
5395 2a898000
5396 2a8a0000
5397 2a8a8000
5398 2a8b0000
5399 2a8b8000
5400 2a8c0000
5401 2a8c8000
5402 2a8d0000
5403 2a8d8000
5404 2a8e0000
5405 2a8e8000
5406 2a8f0000
5407 2a8f8000
5408 2a900000
5409 2a908000
5410 2a910000
5411 2a918000
5412 2a920000
5413 2a928000
5414 2a930000
5415 2a938000
5416 2a940000
5417 2a948000
5418 2a950000
5419 2a958000
5420 2a960000
5421 2a968000
5422 2a970000
5423 2a978000
5424 2a980000
5425 2a988000
5426 2a990000
5427 2a998000
5428 2a9a0000
5429 2a9a8000
5430 2a9b0000
5431 2a9b8000
5432 2a9c0000
5433 2a9c8000
5434 2a9d0000
5435 2a9d8000
5436 2a9e0000
5437 2a9e8000
5438 2a9f0000
5439 2a9f8000
5440 2aa00000
5441 2aa08000
5442 2aa10000
5443 2aa18000
5444 2aa20000
5445 2aa28000
5446 2aa30000
5447 2aa38000
5448 2aa40000
5449 2aa48000
5450 2aa50000
5451 2aa58000
5452 2aa60000
5453 2aa68000
5454 2aa70000
5455 2aa78000
5456 2aa80000
5457 2aa88000
5458 2aa90000
5459 2aa98000
5460 2aaa0000
5461 2aaa8000
5462 2aab0000
5463 2aab8000
5464 2aac0000
5465 2aac8000
5466 2aad0000
5467 2aad8000
5468 2aae0000
5469 2aae8000
5470 2aaf0000
5471 2aaf8000
5472 2ab00000
5473 2ab08000
5474 2ab10000
5475 2ab18000
5476 2ab20000
5477 2ab28000
5478 2ab30000
5479 2ab38000
5480 2ab40000
5481 2ab48000
5482 2ab50000
5483 2ab58000
5484 2ab60000
5485 2ab68000
5486 2ab70000
5487 2ab78000
5488 2ab80000
5489 2ab88000
5490 2ab90000
5491 2ab98000
5492 2aba0000
5493 2aba8000
5494 2abb0000
5495 2abb8000
5496 2abc0000
5497 2abc8000
5498 2abd0000
5499 2abd8000
5500 2abe0000
5501 2abe8000
5502 2abf0000
5503 2abf8000
5504 2ac00000
5505 2ac08000
5506 2ac10000
5507 2ac18000
5508 2ac20000
5509 2ac28000
5510 2ac30000
5511 2ac38000
5512 2ac40000
5513 2ac48000
5514 2ac50000
5515 2ac58000
5516 2ac60000
5517 2ac68000
5518 2ac70000
5519 2ac78000
5520 2ac80000
5521 2ac88000
5522 2ac90000
5523 2ac98000
5524 2aca0000
5525 2aca8000
5526 2acb0000
5527 2acb8000
5528 2acc0000
5529 2acc8000
5530 2acd0000
5531 2acd8000
5532 2ace0000
5533 2ace8000
5534 2acf0000
5535 2acf8000
5536 2ad00000
5537 2ad08000
5538 2ad10000
5539 2ad18000
5540 2ad20000
5541 2ad28000
5542 2ad30000
5543 2ad38000
5544 2ad40000
5545 2ad48000
5546 2ad50000
5547 2ad58000
5548 2ad60000
5549 2ad68000
5550 2ad70000
5551 2ad78000
5552 2ad80000
5553 2ad88000
5554 2ad90000
5555 2ad98000
5556 2ada0000
5557 2ada8000
5558 2adb0000
5559 2adb8000
5560 2adc0000
5561 2adc8000
5562 2add0000
5563 2add8000
5564 2ade0000
5565 2ade8000
5566 2adf0000
5567 2adf8000
5568 2ae00000
5569 2ae08000
5570 2ae10000
5571 2ae18000
5572 2ae20000
5573 2ae28000
5574 2ae30000
5575 2ae38000
5576 2ae40000
5577 2ae48000
5578 2ae50000
5579 2ae58000
5580 2ae60000
5581 2ae68000
5582 2ae70000
5583 2ae78000
5584 2ae80000
5585 2ae88000
5586 2ae90000
5587 2ae98000
5588 2aea0000
5589 2aea8000
5590 2aeb0000
5591 2aeb8000
5592 2aec0000
5593 2aec8000
5594 2aed0000
5595 2aed8000
5596 2aee0000
5597 2aee8000
5598 2aef0000
5599 2aef8000
5600 2af00000
5601 2af08000
5602 2af10000
5603 2af18000
5604 2af20000
5605 2af28000
5606 2af30000
5607 2af38000
5608 2af40000
5609 2af48000
5610 2af50000
5611 2af58000
5612 2af60000
5613 2af68000
5614 2af70000
5615 2af78000
5616 2af80000
5617 2af88000
5618 2af90000
5619 2af98000
5620 2afa0000
5621 2afa8000
5622 2afb0000
5623 2afb8000
5624 2afc0000
5625 2afc8000
5626 2afd0000
5627 2afd8000
5628 2afe0000
5629 2afe8000
5630 2aff0000
5631 2aff8000
5632 2b000000
5633 2b008000
5634 2b010000
5635 2b018000
5636 2b020000
5637 2b028000
5638 2b030000
5639 2b038000
5640 2b040000
5641 2b048000
5642 2b050000
5643 2b058000
5644 2b060000
5645 2b068000
5646 2b070000
5647 2b078000
5648 2b080000
5649 2b088000
5650 2b090000
5651 2b098000
5652 2b0a0000
5653 2b0a8000
5654 2b0b0000
5655 2b0b8000
5656 2b0c0000
5657 2b0c8000
5658 2b0d0000
5659 2b0d8000
5660 2b0e0000
5661 2b0e8000
5662 2b0f0000
5663 2b0f8000
5664 2b100000
5665 2b108000
5666 2b110000
5667 2b118000
5668 2b120000
5669 2b128000
5670 2b130000
5671 2b138000
5672 2b140000
5673 2b148000
5674 2b150000
5675 2b158000
5676 2b160000
5677 2b168000
5678 2b170000
5679 2b178000
5680 2b180000
5681 2b188000
5682 2b190000
5683 2b198000
5684 2b1a0000
5685 2b1a8000
5686 2b1b0000
5687 2b1b8000
5688 2b1c0000
5689 2b1c8000
5690 2b1d0000
5691 2b1d8000
5692 2b1e0000
5693 2b1e8000
5694 2b1f0000
5695 2b1f8000
5696 2b200000
5697 2b208000
5698 2b210000
5699 2b218000
5700 2b220000
5701 2b228000
5702 2b230000
5703 2b238000
5704 2b240000
5705 2b248000
5706 2b250000
5707 2b258000
5708 2b260000
5709 2b268000
5710 2b270000
5711 2b278000
5712 2b280000
5713 2b288000
5714 2b290000
5715 2b298000
5716 2b2a0000
5717 2b2a8000
5718 2b2b0000
5719 2b2b8000
5720 2b2c0000
5721 2b2c8000
5722 2b2d0000
5723 2b2d8000
5724 2b2e0000
5725 2b2e8000
5726 2b2f0000
5727 2b2f8000
5728 2b300000
5729 2b308000
5730 2b310000
5731 2b318000
5732 2b320000
5733 2b328000
5734 2b330000
5735 2b338000
5736 2b340000
5737 2b348000
5738 2b350000
5739 2b358000
5740 2b360000
5741 2b368000
5742 2b370000
5743 2b378000
5744 2b380000
5745 2b388000
5746 2b390000
5747 2b398000
5748 2b3a0000
5749 2b3a8000
5750 2b3b0000
5751 2b3b8000
5752 2b3c0000
5753 2b3c8000
5754 2b3d0000
5755 2b3d8000
5756 2b3e0000
5757 2b3e8000
5758 2b3f0000
5759 2b3f8000
5760 2b400000
5761 2b408000
5762 2b410000
5763 2b418000
5764 2b420000
5765 2b428000
5766 2b430000
5767 2b438000
5768 2b440000
5769 2b448000
5770 2b450000
5771 2b458000
5772 2b460000
5773 2b468000
5774 2b470000
5775 2b478000
5776 2b480000
5777 2b488000
5778 2b490000
5779 2b498000
5780 2b4a0000
5781 2b4a8000
5782 2b4b0000
5783 2b4b8000
5784 2b4c0000
5785 2b4c8000
5786 2b4d0000
5787 2b4d8000
5788 2b4e0000
5789 2b4e8000
5790 2b4f0000
5791 2b4f8000
5792 2b500000
5793 2b508000
5794 2b510000
5795 2b518000
5796 2b520000
5797 2b528000
5798 2b530000
5799 2b538000
5800 2b540000
5801 2b548000
5802 2b550000
5803 2b558000
5804 2b560000
5805 2b568000
5806 2b570000
5807 2b578000
5808 2b580000
5809 2b588000
5810 2b590000
5811 2b598000
5812 2b5a0000
5813 2b5a8000
5814 2b5b0000
5815 2b5b8000
5816 2b5c0000
5817 2b5c8000
5818 2b5d0000
5819 2b5d8000
5820 2b5e0000
5821 2b5e8000
5822 2b5f0000
5823 2b5f8000
5824 2b600000
5825 2b608000
5826 2b610000
5827 2b618000
5828 2b620000
5829 2b628000
5830 2b630000
5831 2b638000
5832 2b640000
5833 2b648000
5834 2b650000
5835 2b658000
5836 2b660000
5837 2b668000
5838 2b670000
5839 2b678000
5840 2b680000
5841 2b688000
5842 2b690000
5843 2b698000
5844 2b6a0000
5845 2b6a8000
5846 2b6b0000
5847 2b6b8000
5848 2b6c0000
5849 2b6c8000
5850 2b6d0000
5851 2b6d8000
5852 2b6e0000
5853 2b6e8000
5854 2b6f0000
5855 2b6f8000
5856 2b700000
5857 2b708000
5858 2b710000
5859 2b718000
5860 2b720000
5861 2b728000
5862 2b730000
5863 2b738000
5864 2b740000
5865 2b748000
5866 2b750000
5867 2b758000
5868 2b760000
5869 2b768000
5870 2b770000
5871 2b778000
5872 2b780000
5873 2b788000
5874 2b790000
5875 2b798000
5876 2b7a0000
5877 2b7a8000
5878 2b7b0000
5879 2b7b8000
5880 2b7c0000
5881 2b7c8000
5882 2b7d0000
5883 2b7d8000
5884 2b7e0000
5885 2b7e8000
5886 2b7f0000
5887 2b7f8000
5888 2b800000
5889 2b808000
5890 2b810000
5891 2b818000
5892 2b820000
5893 2b828000
5894 2b830000
5895 2b838000
5896 2b840000
5897 2b848000
5898 2b850000
5899 2b858000
5900 2b860000
5901 2b868000
5902 2b870000
5903 2b878000
5904 2b880000
5905 2b888000
5906 2b890000
5907 2b898000
5908 2b8a0000
5909 2b8a8000
5910 2b8b0000
5911 2b8b8000
5912 2b8c0000
5913 2b8c8000
5914 2b8d0000
5915 2b8d8000
5916 2b8e0000
5917 2b8e8000
5918 2b8f0000
5919 2b8f8000
5920 2b900000
5921 2b908000
5922 2b910000
5923 2b918000
5924 2b920000
5925 2b928000
5926 2b930000
5927 2b938000
5928 2b940000
5929 2b948000
5930 2b950000
5931 2b958000
5932 2b960000
5933 2b968000
5934 2b970000
5935 2b978000
5936 2b980000
5937 2b988000
5938 2b990000
5939 2b998000
5940 2b9a0000
5941 2b9a8000
5942 2b9b0000
5943 2b9b8000
5944 2b9c0000
5945 2b9c8000
5946 2b9d0000
5947 2b9d8000
5948 2b9e0000
5949 2b9e8000
5950 2b9f0000
5951 2b9f8000
5952 2ba00000
5953 2ba08000
5954 2ba10000
5955 2ba18000
5956 2ba20000
5957 2ba28000
5958 2ba30000
5959 2ba38000
5960 2ba40000
5961 2ba48000
5962 2ba50000
5963 2ba58000
5964 2ba60000
5965 2ba68000
5966 2ba70000
5967 2ba78000
5968 2ba80000
5969 2ba88000
5970 2ba90000
5971 2ba98000
5972 2baa0000
5973 2baa8000
5974 2bab0000
5975 2bab8000
5976 2bac0000
5977 2bac8000
5978 2bad0000
5979 2bad8000
5980 2bae0000
5981 2bae8000
5982 2baf0000
5983 2baf8000
5984 2bb00000
5985 2bb08000
5986 2bb10000
5987 2bb18000
5988 2bb20000
5989 2bb28000
5990 2bb30000
5991 2bb38000
5992 2bb40000
5993 2bb48000
5994 2bb50000
5995 2bb58000
5996 2bb60000
5997 2bb68000
5998 2bb70000
5999 2bb78000
6000 2bb80000
6001 2bb88000
6002 2bb90000
6003 2bb98000
6004 2bba0000
6005 2bba8000
6006 2bbb0000
6007 2bbb8000
6008 2bbc0000
6009 2bbc8000
6010 2bbd0000
6011 2bbd8000
6012 2bbe0000
6013 2bbe8000
6014 2bbf0000
6015 2bbf8000
6016 2bc00000
6017 2bc08000
6018 2bc10000
6019 2bc18000
6020 2bc20000
6021 2bc28000
6022 2bc30000
6023 2bc38000
6024 2bc40000
6025 2bc48000
6026 2bc50000
6027 2bc58000
6028 2bc60000
6029 2bc68000
6030 2bc70000
6031 2bc78000
6032 2bc80000
6033 2bc88000
6034 2bc90000
6035 2bc98000
6036 2bca0000
6037 2bca8000
6038 2bcb0000
6039 2bcb8000
6040 2bcc0000
6041 2bcc8000
6042 2bcd0000
6043 2bcd8000
6044 2bce0000
6045 2bce8000
6046 2bcf0000
6047 2bcf8000
6048 2bd00000
6049 2bd08000
6050 2bd10000
6051 2bd18000
6052 2bd20000
6053 2bd28000
6054 2bd30000
6055 2bd38000
6056 2bd40000
6057 2bd48000
6058 2bd50000
6059 2bd58000
6060 2bd60000
6061 2bd68000
6062 2bd70000
6063 2bd78000
6064 2bd80000
6065 2bd88000
6066 2bd90000
6067 2bd98000
6068 2bda0000
6069 2bda8000
6070 2bdb0000
6071 2bdb8000
6072 2bdc0000
6073 2bdc8000
6074 2bdd0000
6075 2bdd8000
6076 2bde0000
6077 2bde8000
6078 2bdf0000
6079 2bdf8000
6080 2be00000
6081 2be08000
6082 2be10000
6083 2be18000
6084 2be20000
6085 2be28000
6086 2be30000
6087 2be38000
6088 2be40000
6089 2be48000
6090 2be50000
6091 2be58000
6092 2be60000
6093 2be68000
6094 2be70000
6095 2be78000
6096 2be80000
6097 2be88000
6098 2be90000
6099 2be98000
6100 2bea0000
6101 2bea8000
6102 2beb0000
6103 2beb8000
6104 2bec0000
6105 2bec8000
6106 2bed0000
6107 2bed8000
6108 2bee0000
6109 2bee8000
6110 2bef0000
6111 2bef8000
6112 2bf00000
6113 2bf08000
6114 2bf10000
6115 2bf18000
6116 2bf20000
6117 2bf28000
6118 2bf30000
6119 2bf38000
6120 2bf40000
6121 2bf48000
6122 2bf50000
6123 2bf58000
6124 2bf60000
6125 2bf68000
6126 2bf70000
6127 2bf78000
6128 2bf80000
6129 2bf88000
6130 2bf90000
6131 2bf98000
6132 2bfa0000
6133 2bfa8000
6134 2bfb0000
6135 2bfb8000
6136 2bfc0000
6137 2bfc8000
6138 2bfd0000
6139 2bfd8000
6140 2bfe0000
6141 2bfe8000
6142 2bff0000
6143 2bff8000
6144 2c000000
6145 2c008000
6146 2c010000
6147 2c018000
6148 2c020000
6149 2c028000
6150 2c030000
6151 2c038000
6152 2c040000
6153 2c048000
6154 2c050000
6155 2c058000
6156 2c060000
6157 2c068000
6158 2c070000
6159 2c078000
6160 2c080000
6161 2c088000
6162 2c090000
6163 2c098000
6164 2c0a0000
6165 2c0a8000
6166 2c0b0000
6167 2c0b8000
6168 2c0c0000
6169 2c0c8000
6170 2c0d0000
6171 2c0d8000
6172 2c0e0000
6173 2c0e8000
6174 2c0f0000
6175 2c0f8000
6176 2c100000
6177 2c108000
6178 2c110000
6179 2c118000
6180 2c120000
6181 2c128000
6182 2c130000
6183 2c138000
6184 2c140000
6185 2c148000
6186 2c150000
6187 2c158000
6188 2c160000
6189 2c168000
6190 2c170000
6191 2c178000
6192 2c180000
6193 2c188000
6194 2c190000
6195 2c198000
6196 2c1a0000
6197 2c1a8000
6198 2c1b0000
6199 2c1b8000
6200 2c1c0000
6201 2c1c8000
6202 2c1d0000
6203 2c1d8000
6204 2c1e0000
6205 2c1e8000
6206 2c1f0000
6207 2c1f8000
6208 2c200000
6209 2c208000
6210 2c210000
6211 2c218000
6212 2c220000
6213 2c228000
6214 2c230000
6215 2c238000
6216 2c240000
6217 2c248000
6218 2c250000
6219 2c258000
6220 2c260000
6221 2c268000
6222 2c270000
6223 2c278000
6224 2c280000
6225 2c288000
6226 2c290000
6227 2c298000
6228 2c2a0000
6229 2c2a8000
6230 2c2b0000
6231 2c2b8000
6232 2c2c0000
6233 2c2c8000
6234 2c2d0000
6235 2c2d8000
6236 2c2e0000
6237 2c2e8000
6238 2c2f0000
6239 2c2f8000
6240 2c300000
6241 2c308000
6242 2c310000
6243 2c318000
6244 2c320000
6245 2c328000
6246 2c330000
6247 2c338000
6248 2c340000
6249 2c348000
6250 2c350000
6251 2c358000
6252 2c360000
6253 2c368000
6254 2c370000
6255 2c378000
6256 2c380000
6257 2c388000
6258 2c390000
6259 2c398000
6260 2c3a0000
6261 2c3a8000
6262 2c3b0000
6263 2c3b8000
6264 2c3c0000
6265 2c3c8000
6266 2c3d0000
6267 2c3d8000
6268 2c3e0000
6269 2c3e8000
6270 2c3f0000
6271 2c3f8000
6272 2c400000
6273 2c408000
6274 2c410000
6275 2c418000
6276 2c420000
6277 2c428000
6278 2c430000
6279 2c438000
6280 2c440000
6281 2c448000
6282 2c450000
6283 2c458000
6284 2c460000
6285 2c468000
6286 2c470000
6287 2c478000
6288 2c480000
6289 2c488000
6290 2c490000
6291 2c498000
6292 2c4a0000
6293 2c4a8000
6294 2c4b0000
6295 2c4b8000
6296 2c4c0000
6297 2c4c8000
6298 2c4d0000
6299 2c4d8000
6300 2c4e0000
6301 2c4e8000
6302 2c4f0000
6303 2c4f8000
6304 2c500000
6305 2c508000
6306 2c510000
6307 2c518000
6308 2c520000
6309 2c528000
6310 2c530000
6311 2c538000
6312 2c540000
6313 2c548000
6314 2c550000
6315 2c558000
6316 2c560000
6317 2c568000
6318 2c570000
6319 2c578000
6320 2c580000
6321 2c588000
6322 2c590000
6323 2c598000
6324 2c5a0000
6325 2c5a8000
6326 2c5b0000
6327 2c5b8000
6328 2c5c0000
6329 2c5c8000
6330 2c5d0000
6331 2c5d8000
6332 2c5e0000
6333 2c5e8000
6334 2c5f0000
6335 2c5f8000
6336 2c600000
6337 2c608000
6338 2c610000
6339 2c618000
6340 2c620000
6341 2c628000
6342 2c630000
6343 2c638000
6344 2c640000
6345 2c648000
6346 2c650000
6347 2c658000
6348 2c660000
6349 2c668000
6350 2c670000
6351 2c678000
6352 2c680000
6353 2c688000
6354 2c690000
6355 2c698000
6356 2c6a0000
6357 2c6a8000
6358 2c6b0000
6359 2c6b8000
6360 2c6c0000
6361 2c6c8000
6362 2c6d0000
6363 2c6d8000
6364 2c6e0000
6365 2c6e8000
6366 2c6f0000
6367 2c6f8000
6368 2c700000
6369 2c708000
6370 2c710000
6371 2c718000
6372 2c720000
6373 2c728000
6374 2c730000
6375 2c738000
6376 2c740000
6377 2c748000
6378 2c750000
6379 2c758000
6380 2c760000
6381 2c768000
6382 2c770000
6383 2c778000
6384 2c780000
6385 2c788000
6386 2c790000
6387 2c798000
6388 2c7a0000
6389 2c7a8000
6390 2c7b0000
6391 2c7b8000
6392 2c7c0000
6393 2c7c8000
6394 2c7d0000
6395 2c7d8000
6396 2c7e0000
6397 2c7e8000
6398 2c7f0000
6399 2c7f8000
6400 2c800000
6401 2c808000
6402 2c810000
6403 2c818000
6404 2c820000
6405 2c828000
6406 2c830000
6407 2c838000
6408 2c840000
6409 2c848000
6410 2c850000
6411 2c858000
6412 2c860000
6413 2c868000
6414 2c870000
6415 2c878000
6416 2c880000
6417 2c888000
6418 2c890000
6419 2c898000
6420 2c8a0000
6421 2c8a8000
6422 2c8b0000
6423 2c8b8000
6424 2c8c0000
6425 2c8c8000
6426 2c8d0000
6427 2c8d8000
6428 2c8e0000
6429 2c8e8000
6430 2c8f0000
6431 2c8f8000
6432 2c900000
6433 2c908000
6434 2c910000
6435 2c918000
6436 2c920000
6437 2c928000
6438 2c930000
6439 2c938000
6440 2c940000
6441 2c948000
6442 2c950000
6443 2c958000
6444 2c960000
6445 2c968000
6446 2c970000
6447 2c978000
6448 2c980000
6449 2c988000
6450 2c990000
6451 2c998000
6452 2c9a0000
6453 2c9a8000
6454 2c9b0000
6455 2c9b8000
6456 2c9c0000
6457 2c9c8000
6458 2c9d0000
6459 2c9d8000
6460 2c9e0000
6461 2c9e8000
6462 2c9f0000
6463 2c9f8000
6464 2ca00000
6465 2ca08000
6466 2ca10000
6467 2ca18000
6468 2ca20000
6469 2ca28000
6470 2ca30000
6471 2ca38000
6472 2ca40000
6473 2ca48000
6474 2ca50000
6475 2ca58000
6476 2ca60000
6477 2ca68000
6478 2ca70000
6479 2ca78000
6480 2ca80000
6481 2ca88000
6482 2ca90000
6483 2ca98000
6484 2caa0000
6485 2caa8000
6486 2cab0000
6487 2cab8000
6488 2cac0000
6489 2cac8000
6490 2cad0000
6491 2cad8000
6492 2cae0000
6493 2cae8000
6494 2caf0000
6495 2caf8000
6496 2cb00000
6497 2cb08000
6498 2cb10000
6499 2cb18000
6500 2cb20000
6501 2cb28000
6502 2cb30000
6503 2cb38000
6504 2cb40000
6505 2cb48000
6506 2cb50000
6507 2cb58000
6508 2cb60000
6509 2cb68000
6510 2cb70000
6511 2cb78000
6512 2cb80000
6513 2cb88000
6514 2cb90000
6515 2cb98000
6516 2cba0000
6517 2cba8000
6518 2cbb0000
6519 2cbb8000
6520 2cbc0000
6521 2cbc8000
6522 2cbd0000
6523 2cbd8000
6524 2cbe0000
6525 2cbe8000
6526 2cbf0000
6527 2cbf8000
6528 2cc00000
6529 2cc08000
6530 2cc10000
6531 2cc18000
6532 2cc20000
6533 2cc28000
6534 2cc30000
6535 2cc38000
6536 2cc40000
6537 2cc48000
6538 2cc50000
6539 2cc58000
6540 2cc60000
6541 2cc68000
6542 2cc70000
6543 2cc78000
6544 2cc80000
6545 2cc88000
6546 2cc90000
6547 2cc98000
6548 2cca0000
6549 2cca8000
6550 2ccb0000
6551 2ccb8000
6552 2ccc0000
6553 2ccc8000
6554 2ccd0000
6555 2ccd8000
6556 2cce0000
6557 2cce8000
6558 2ccf0000
6559 2ccf8000
6560 2cd00000
6561 2cd08000
6562 2cd10000
6563 2cd18000
6564 2cd20000
6565 2cd28000
6566 2cd30000
6567 2cd38000
6568 2cd40000
6569 2cd48000
6570 2cd50000
6571 2cd58000
6572 2cd60000
6573 2cd68000
6574 2cd70000
6575 2cd78000
6576 2cd80000
6577 2cd88000
6578 2cd90000
6579 2cd98000
6580 2cda0000
6581 2cda8000
6582 2cdb0000
6583 2cdb8000
6584 2cdc0000
6585 2cdc8000
6586 2cdd0000
6587 2cdd8000
6588 2cde0000
6589 2cde8000
6590 2cdf0000
6591 2cdf8000
6592 2ce00000
6593 2ce08000
6594 2ce10000
6595 2ce18000
6596 2ce20000
6597 2ce28000
6598 2ce30000
6599 2ce38000
6600 2ce40000
6601 2ce48000
6602 2ce50000
6603 2ce58000
6604 2ce60000
6605 2ce68000
6606 2ce70000
6607 2ce78000
6608 2ce80000
6609 2ce88000
6610 2ce90000
6611 2ce98000
6612 2cea0000
6613 2cea8000
6614 2ceb0000
6615 2ceb8000
6616 2cec0000
6617 2cec8000
6618 2ced0000
6619 2ced8000
6620 2cee0000
6621 2cee8000
6622 2cef0000
6623 2cef8000
6624 2cf00000
6625 2cf08000
6626 2cf10000
6627 2cf18000
6628 2cf20000
6629 2cf28000
6630 2cf30000
6631 2cf38000
6632 2cf40000
6633 2cf48000
6634 2cf50000
6635 2cf58000
6636 2cf60000
6637 2cf68000
6638 2cf70000
6639 2cf78000
6640 2cf80000
6641 2cf88000
6642 2cf90000
6643 2cf98000
6644 2cfa0000
6645 2cfa8000
6646 2cfb0000
6647 2cfb8000
6648 2cfc0000
6649 2cfc8000
6650 2cfd0000
6651 2cfd8000
6652 2cfe0000
6653 2cfe8000
6654 2cff0000
6655 2cff8000
6656 2d000000
6657 2d008000
6658 2d010000
6659 2d018000
6660 2d020000
6661 2d028000
6662 2d030000
6663 2d038000
6664 2d040000
6665 2d048000
6666 2d050000
6667 2d058000
6668 2d060000
6669 2d068000
6670 2d070000
6671 2d078000
6672 2d080000
6673 2d088000
6674 2d090000
6675 2d098000
6676 2d0a0000
6677 2d0a8000
6678 2d0b0000
6679 2d0b8000
6680 2d0c0000
6681 2d0c8000
6682 2d0d0000
6683 2d0d8000
6684 2d0e0000
6685 2d0e8000
6686 2d0f0000
6687 2d0f8000
6688 2d100000
6689 2d108000
6690 2d110000
6691 2d118000
6692 2d120000
6693 2d128000
6694 2d130000
6695 2d138000
6696 2d140000
6697 2d148000
6698 2d150000
6699 2d158000
6700 2d160000
6701 2d168000
6702 2d170000
6703 2d178000
6704 2d180000
6705 2d188000
6706 2d190000
6707 2d198000
6708 2d1a0000
6709 2d1a8000
6710 2d1b0000
6711 2d1b8000
6712 2d1c0000
6713 2d1c8000
6714 2d1d0000
6715 2d1d8000
6716 2d1e0000
6717 2d1e8000
6718 2d1f0000
6719 2d1f8000
6720 2d200000
6721 2d208000
6722 2d210000
6723 2d218000
6724 2d220000
6725 2d228000
6726 2d230000
6727 2d238000
6728 2d240000
6729 2d248000
6730 2d250000
6731 2d258000
6732 2d260000
6733 2d268000
6734 2d270000
6735 2d278000
6736 2d280000
6737 2d288000
6738 2d290000
6739 2d298000
6740 2d2a0000
6741 2d2a8000
6742 2d2b0000
6743 2d2b8000
6744 2d2c0000
6745 2d2c8000
6746 2d2d0000
6747 2d2d8000
6748 2d2e0000
6749 2d2e8000
6750 2d2f0000
6751 2d2f8000
6752 2d300000
6753 2d308000
6754 2d310000
6755 2d318000
6756 2d320000
6757 2d328000
6758 2d330000
6759 2d338000
6760 2d340000
6761 2d348000
6762 2d350000
6763 2d358000
6764 2d360000
6765 2d368000
6766 2d370000
6767 2d378000
6768 2d380000
6769 2d388000
6770 2d390000
6771 2d398000
6772 2d3a0000
6773 2d3a8000
6774 2d3b0000
6775 2d3b8000
6776 2d3c0000
6777 2d3c8000
6778 2d3d0000
6779 2d3d8000
6780 2d3e0000
6781 2d3e8000
6782 2d3f0000
6783 2d3f8000
6784 2d400000
6785 2d408000
6786 2d410000
6787 2d418000
6788 2d420000
6789 2d428000
6790 2d430000
6791 2d438000
6792 2d440000
6793 2d448000
6794 2d450000
6795 2d458000
6796 2d460000
6797 2d468000
6798 2d470000
6799 2d478000
6800 2d480000
6801 2d488000
6802 2d490000
6803 2d498000
6804 2d4a0000
6805 2d4a8000
6806 2d4b0000
6807 2d4b8000
6808 2d4c0000
6809 2d4c8000
6810 2d4d0000
6811 2d4d8000
6812 2d4e0000
6813 2d4e8000
6814 2d4f0000
6815 2d4f8000
6816 2d500000
6817 2d508000
6818 2d510000
6819 2d518000
6820 2d520000
6821 2d528000
6822 2d530000
6823 2d538000
6824 2d540000
6825 2d548000
6826 2d550000
6827 2d558000
6828 2d560000
6829 2d568000
6830 2d570000
6831 2d578000
6832 2d580000
6833 2d588000
6834 2d590000
6835 2d598000
6836 2d5a0000
6837 2d5a8000
6838 2d5b0000
6839 2d5b8000
6840 2d5c0000
6841 2d5c8000
6842 2d5d0000
6843 2d5d8000
6844 2d5e0000
6845 2d5e8000
6846 2d5f0000
6847 2d5f8000
6848 2d600000
6849 2d608000
6850 2d610000
6851 2d618000
6852 2d620000
6853 2d628000
6854 2d630000
6855 2d638000
6856 2d640000
6857 2d648000
6858 2d650000
6859 2d658000
6860 2d660000
6861 2d668000
6862 2d670000
6863 2d678000
6864 2d680000
6865 2d688000
6866 2d690000
6867 2d698000
6868 2d6a0000
6869 2d6a8000
6870 2d6b0000
6871 2d6b8000
6872 2d6c0000
6873 2d6c8000
6874 2d6d0000
6875 2d6d8000
6876 2d6e0000
6877 2d6e8000
6878 2d6f0000
6879 2d6f8000
6880 2d700000
6881 2d708000
6882 2d710000
6883 2d718000
6884 2d720000
6885 2d728000
6886 2d730000
6887 2d738000
6888 2d740000
6889 2d748000
6890 2d750000
6891 2d758000
6892 2d760000
6893 2d768000
6894 2d770000
6895 2d778000
6896 2d780000
6897 2d788000
6898 2d790000
6899 2d798000
6900 2d7a0000
6901 2d7a8000
6902 2d7b0000
6903 2d7b8000
6904 2d7c0000
6905 2d7c8000
6906 2d7d0000
6907 2d7d8000
6908 2d7e0000
6909 2d7e8000
6910 2d7f0000
6911 2d7f8000
6912 2d800000
6913 2d808000
6914 2d810000
6915 2d818000
6916 2d820000
6917 2d828000
6918 2d830000
6919 2d838000
6920 2d840000
6921 2d848000
6922 2d850000
6923 2d858000
6924 2d860000
6925 2d868000
6926 2d870000
6927 2d878000
6928 2d880000
6929 2d888000
6930 2d890000
6931 2d898000
6932 2d8a0000
6933 2d8a8000
6934 2d8b0000
6935 2d8b8000
6936 2d8c0000
6937 2d8c8000
6938 2d8d0000
6939 2d8d8000
6940 2d8e0000
6941 2d8e8000
6942 2d8f0000
6943 2d8f8000
6944 2d900000
6945 2d908000
6946 2d910000
6947 2d918000
6948 2d920000
6949 2d928000
6950 2d930000
6951 2d938000
6952 2d940000
6953 2d948000
6954 2d950000
6955 2d958000
6956 2d960000
6957 2d968000
6958 2d970000
6959 2d978000
6960 2d980000
6961 2d988000
6962 2d990000
6963 2d998000
6964 2d9a0000
6965 2d9a8000
6966 2d9b0000
6967 2d9b8000
6968 2d9c0000
6969 2d9c8000
6970 2d9d0000
6971 2d9d8000
6972 2d9e0000
6973 2d9e8000
6974 2d9f0000
6975 2d9f8000
6976 2da00000
6977 2da08000
6978 2da10000
6979 2da18000
6980 2da20000
6981 2da28000
6982 2da30000
6983 2da38000
6984 2da40000
6985 2da48000
6986 2da50000
6987 2da58000
6988 2da60000
6989 2da68000
6990 2da70000
6991 2da78000
6992 2da80000
6993 2da88000
6994 2da90000
6995 2da98000
6996 2daa0000
6997 2daa8000
6998 2dab0000
6999 2dab8000
7000 2dac0000
7001 2dac8000
7002 2dad0000
7003 2dad8000
7004 2dae0000
7005 2dae8000
7006 2daf0000
7007 2daf8000
7008 2db00000
7009 2db08000
7010 2db10000
7011 2db18000
7012 2db20000
7013 2db28000
7014 2db30000
7015 2db38000
7016 2db40000
7017 2db48000
7018 2db50000
7019 2db58000
7020 2db60000
7021 2db68000
7022 2db70000
7023 2db78000
7024 2db80000
7025 2db88000
7026 2db90000
7027 2db98000
7028 2dba0000
7029 2dba8000
7030 2dbb0000
7031 2dbb8000
7032 2dbc0000
7033 2dbc8000
7034 2dbd0000
7035 2dbd8000
7036 2dbe0000
7037 2dbe8000
7038 2dbf0000
7039 2dbf8000
7040 2dc00000
7041 2dc08000
7042 2dc10000
7043 2dc18000
7044 2dc20000
7045 2dc28000
7046 2dc30000
7047 2dc38000
7048 2dc40000
7049 2dc48000
7050 2dc50000
7051 2dc58000
7052 2dc60000
7053 2dc68000
7054 2dc70000
7055 2dc78000
7056 2dc80000
7057 2dc88000
7058 2dc90000
7059 2dc98000
7060 2dca0000
7061 2dca8000
7062 2dcb0000
7063 2dcb8000
7064 2dcc0000
7065 2dcc8000
7066 2dcd0000
7067 2dcd8000
7068 2dce0000
7069 2dce8000
7070 2dcf0000
7071 2dcf8000
7072 2dd00000
7073 2dd08000
7074 2dd10000
7075 2dd18000
7076 2dd20000
7077 2dd28000
7078 2dd30000
7079 2dd38000
7080 2dd40000
7081 2dd48000
7082 2dd50000
7083 2dd58000
7084 2dd60000
7085 2dd68000
7086 2dd70000
7087 2dd78000
7088 2dd80000
7089 2dd88000
7090 2dd90000
7091 2dd98000
7092 2dda0000
7093 2dda8000
7094 2ddb0000
7095 2ddb8000
7096 2ddc0000
7097 2ddc8000
7098 2ddd0000
7099 2ddd8000
7100 2dde0000
7101 2dde8000
7102 2ddf0000
7103 2ddf8000
7104 2de00000
7105 2de08000
7106 2de10000
7107 2de18000
7108 2de20000
7109 2de28000
7110 2de30000
7111 2de38000
7112 2de40000
7113 2de48000
7114 2de50000
7115 2de58000
7116 2de60000
7117 2de68000
7118 2de70000
7119 2de78000
7120 2de80000
7121 2de88000
7122 2de90000
7123 2de98000
7124 2dea0000
7125 2dea8000
7126 2deb0000
7127 2deb8000
7128 2dec0000
7129 2dec8000
7130 2ded0000
7131 2ded8000
7132 2dee0000
7133 2dee8000
7134 2def0000
7135 2def8000
7136 2df00000
7137 2df08000
7138 2df10000
7139 2df18000
7140 2df20000
7141 2df28000
7142 2df30000
7143 2df38000
7144 2df40000
7145 2df48000
7146 2df50000
7147 2df58000
7148 2df60000
7149 2df68000
7150 2df70000
7151 2df78000
7152 2df80000
7153 2df88000
7154 2df90000
7155 2df98000
7156 2dfa0000
7157 2dfa8000
7158 2dfb0000
7159 2dfb8000
7160 2dfc0000
7161 2dfc8000
7162 2dfd0000
7163 2dfd8000
7164 2dfe0000
7165 2dfe8000
7166 2dff0000
7167 2dff8000
7168 2e000000
7169 2e008000
7170 2e010000
7171 2e018000
7172 2e020000
7173 2e028000
7174 2e030000
7175 2e038000
7176 2e040000
7177 2e048000
7178 2e050000
7179 2e058000
7180 2e060000
7181 2e068000
7182 2e070000
7183 2e078000
7184 2e080000
7185 2e088000
7186 2e090000
7187 2e098000
7188 2e0a0000
7189 2e0a8000
7190 2e0b0000
7191 2e0b8000
7192 2e0c0000
7193 2e0c8000
7194 2e0d0000
7195 2e0d8000
7196 2e0e0000
7197 2e0e8000
7198 2e0f0000
7199 2e0f8000
7200 2e100000
7201 2e108000
7202 2e110000
7203 2e118000
7204 2e120000
7205 2e128000
7206 2e130000
7207 2e138000
7208 2e140000
7209 2e148000
7210 2e150000
7211 2e158000
7212 2e160000
7213 2e168000
7214 2e170000
7215 2e178000
7216 2e180000
7217 2e188000
7218 2e190000
7219 2e198000
7220 2e1a0000
7221 2e1a8000
7222 2e1b0000
7223 2e1b8000
7224 2e1c0000
7225 2e1c8000
7226 2e1d0000
7227 2e1d8000
7228 2e1e0000
7229 2e1e8000
7230 2e1f0000
7231 2e1f8000
7232 2e200000
7233 2e208000
7234 2e210000
7235 2e218000
7236 2e220000
7237 2e228000
7238 2e230000
7239 2e238000
7240 2e240000
7241 2e248000
7242 2e250000
7243 2e258000
7244 2e260000
7245 2e268000
7246 2e270000
7247 2e278000
7248 2e280000
7249 2e288000
7250 2e290000
7251 2e298000
7252 2e2a0000
7253 2e2a8000
7254 2e2b0000
7255 2e2b8000
7256 2e2c0000
7257 2e2c8000
7258 2e2d0000
7259 2e2d8000
7260 2e2e0000
7261 2e2e8000
7262 2e2f0000
7263 2e2f8000
7264 2e300000
7265 2e308000
7266 2e310000
7267 2e318000
7268 2e320000
7269 2e328000
7270 2e330000
7271 2e338000
7272 2e340000
7273 2e348000
7274 2e350000
7275 2e358000
7276 2e360000
7277 2e368000
7278 2e370000
7279 2e378000
7280 2e380000
7281 2e388000
7282 2e390000
7283 2e398000
7284 2e3a0000
7285 2e3a8000
7286 2e3b0000
7287 2e3b8000
7288 2e3c0000
7289 2e3c8000
7290 2e3d0000
7291 2e3d8000
7292 2e3e0000
7293 2e3e8000
7294 2e3f0000
7295 2e3f8000
7296 2e400000
7297 2e408000
7298 2e410000
7299 2e418000
7300 2e420000
7301 2e428000
7302 2e430000
7303 2e438000
7304 2e440000
7305 2e448000
7306 2e450000
7307 2e458000
7308 2e460000
7309 2e468000
7310 2e470000
7311 2e478000
7312 2e480000
7313 2e488000
7314 2e490000
7315 2e498000
7316 2e4a0000
7317 2e4a8000
7318 2e4b0000
7319 2e4b8000
7320 2e4c0000
7321 2e4c8000
7322 2e4d0000
7323 2e4d8000
7324 2e4e0000
7325 2e4e8000
7326 2e4f0000
7327 2e4f8000
7328 2e500000
7329 2e508000
7330 2e510000
7331 2e518000
7332 2e520000
7333 2e528000
7334 2e530000
7335 2e538000
7336 2e540000
7337 2e548000
7338 2e550000
7339 2e558000
7340 2e560000
7341 2e568000
7342 2e570000
7343 2e578000
7344 2e580000
7345 2e588000
7346 2e590000
7347 2e598000
7348 2e5a0000
7349 2e5a8000
7350 2e5b0000
7351 2e5b8000
7352 2e5c0000
7353 2e5c8000
7354 2e5d0000
7355 2e5d8000
7356 2e5e0000
7357 2e5e8000
7358 2e5f0000
7359 2e5f8000
7360 2e600000
7361 2e608000
7362 2e610000
7363 2e618000
7364 2e620000
7365 2e628000
7366 2e630000
7367 2e638000
7368 2e640000
7369 2e648000
7370 2e650000
7371 2e658000
7372 2e660000
7373 2e668000
7374 2e670000
7375 2e678000
7376 2e680000
7377 2e688000
7378 2e690000
7379 2e698000
7380 2e6a0000
7381 2e6a8000
7382 2e6b0000
7383 2e6b8000
7384 2e6c0000
7385 2e6c8000
7386 2e6d0000
7387 2e6d8000
7388 2e6e0000
7389 2e6e8000
7390 2e6f0000
7391 2e6f8000
7392 2e700000
7393 2e708000
7394 2e710000
7395 2e718000
7396 2e720000
7397 2e728000
7398 2e730000
7399 2e738000
7400 2e740000
7401 2e748000
7402 2e750000
7403 2e758000
7404 2e760000
7405 2e768000
7406 2e770000
7407 2e778000
7408 2e780000
7409 2e788000
7410 2e790000
7411 2e798000
7412 2e7a0000
7413 2e7a8000
7414 2e7b0000
7415 2e7b8000
7416 2e7c0000
7417 2e7c8000
7418 2e7d0000
7419 2e7d8000
7420 2e7e0000
7421 2e7e8000
7422 2e7f0000
7423 2e7f8000
7424 2e800000
7425 2e808000
7426 2e810000
7427 2e818000
7428 2e820000
7429 2e828000
7430 2e830000
7431 2e838000
7432 2e840000
7433 2e848000
7434 2e850000
7435 2e858000
7436 2e860000
7437 2e868000
7438 2e870000
7439 2e878000
7440 2e880000
7441 2e888000
7442 2e890000
7443 2e898000
7444 2e8a0000
7445 2e8a8000
7446 2e8b0000
7447 2e8b8000
7448 2e8c0000
7449 2e8c8000
7450 2e8d0000
7451 2e8d8000
7452 2e8e0000
7453 2e8e8000
7454 2e8f0000
7455 2e8f8000
7456 2e900000
7457 2e908000
7458 2e910000
7459 2e918000
7460 2e920000
7461 2e928000
7462 2e930000
7463 2e938000
7464 2e940000
7465 2e948000
7466 2e950000
7467 2e958000
7468 2e960000
7469 2e968000
7470 2e970000
7471 2e978000
7472 2e980000
7473 2e988000
7474 2e990000
7475 2e998000
7476 2e9a0000
7477 2e9a8000
7478 2e9b0000
7479 2e9b8000
7480 2e9c0000
7481 2e9c8000
7482 2e9d0000
7483 2e9d8000
7484 2e9e0000
7485 2e9e8000
7486 2e9f0000
7487 2e9f8000
7488 2ea00000
7489 2ea08000
7490 2ea10000
7491 2ea18000
7492 2ea20000
7493 2ea28000
7494 2ea30000
7495 2ea38000
7496 2ea40000
7497 2ea48000
7498 2ea50000
7499 2ea58000
7500 2ea60000
7501 2ea68000
7502 2ea70000
7503 2ea78000
7504 2ea80000
7505 2ea88000
7506 2ea90000
7507 2ea98000
7508 2eaa0000
7509 2eaa8000
7510 2eab0000
7511 2eab8000
7512 2eac0000
7513 2eac8000
7514 2ead0000
7515 2ead8000
7516 2eae0000
7517 2eae8000
7518 2eaf0000
7519 2eaf8000
7520 2eb00000
7521 2eb08000
7522 2eb10000
7523 2eb18000
7524 2eb20000
7525 2eb28000
7526 2eb30000
7527 2eb38000
7528 2eb40000
7529 2eb48000
7530 2eb50000
7531 2eb58000
7532 2eb60000
7533 2eb68000
7534 2eb70000
7535 2eb78000
7536 2eb80000
7537 2eb88000
7538 2eb90000
7539 2eb98000
7540 2eba0000
7541 2eba8000
7542 2ebb0000
7543 2ebb8000
7544 2ebc0000
7545 2ebc8000
7546 2ebd0000
7547 2ebd8000
7548 2ebe0000
7549 2ebe8000
7550 2ebf0000
7551 2ebf8000
7552 2ec00000
7553 2ec08000
7554 2ec10000
7555 2ec18000
7556 2ec20000
7557 2ec28000
7558 2ec30000
7559 2ec38000
7560 2ec40000
7561 2ec48000
7562 2ec50000
7563 2ec58000
7564 2ec60000
7565 2ec68000
7566 2ec70000
7567 2ec78000
7568 2ec80000
7569 2ec88000
7570 2ec90000
7571 2ec98000
7572 2eca0000
7573 2eca8000
7574 2ecb0000
7575 2ecb8000
7576 2ecc0000
7577 2ecc8000
7578 2ecd0000
7579 2ecd8000
7580 2ece0000
7581 2ece8000
7582 2ecf0000
7583 2ecf8000
7584 2ed00000
7585 2ed08000
7586 2ed10000
7587 2ed18000
7588 2ed20000
7589 2ed28000
7590 2ed30000
7591 2ed38000
7592 2ed40000
7593 2ed48000
7594 2ed50000
7595 2ed58000
7596 2ed60000
7597 2ed68000
7598 2ed70000
7599 2ed78000
7600 2ed80000
7601 2ed88000
7602 2ed90000
7603 2ed98000
7604 2eda0000
7605 2eda8000
7606 2edb0000
7607 2edb8000
7608 2edc0000
7609 2edc8000
7610 2edd0000
7611 2edd8000
7612 2ede0000
7613 2ede8000
7614 2edf0000
7615 2edf8000
7616 2ee00000
7617 2ee08000
7618 2ee10000
7619 2ee18000
7620 2ee20000
7621 2ee28000
7622 2ee30000
7623 2ee38000
7624 2ee40000
7625 2ee48000
7626 2ee50000
7627 2ee58000
7628 2ee60000
7629 2ee68000
7630 2ee70000
7631 2ee78000
7632 2ee80000
7633 2ee88000
7634 2ee90000
7635 2ee98000
7636 2eea0000
7637 2eea8000
7638 2eeb0000
7639 2eeb8000
7640 2eec0000
7641 2eec8000
7642 2eed0000
7643 2eed8000
7644 2eee0000
7645 2eee8000
7646 2eef0000
7647 2eef8000
7648 2ef00000
7649 2ef08000
7650 2ef10000
7651 2ef18000
7652 2ef20000
7653 2ef28000
7654 2ef30000
7655 2ef38000
7656 2ef40000
7657 2ef48000
7658 2ef50000
7659 2ef58000
7660 2ef60000
7661 2ef68000
7662 2ef70000
7663 2ef78000
7664 2ef80000
7665 2ef88000
7666 2ef90000
7667 2ef98000
7668 2efa0000
7669 2efa8000
7670 2efb0000
7671 2efb8000
7672 2efc0000
7673 2efc8000
7674 2efd0000
7675 2efd8000
7676 2efe0000
7677 2efe8000
7678 2eff0000
7679 2eff8000
7680 2f000000
7681 2f008000
7682 2f010000
7683 2f018000
7684 2f020000
7685 2f028000
7686 2f030000
7687 2f038000
7688 2f040000
7689 2f048000
7690 2f050000
7691 2f058000
7692 2f060000
7693 2f068000
7694 2f070000
7695 2f078000
7696 2f080000
7697 2f088000
7698 2f090000
7699 2f098000
7700 2f0a0000
7701 2f0a8000
7702 2f0b0000
7703 2f0b8000
7704 2f0c0000
7705 2f0c8000
7706 2f0d0000
7707 2f0d8000
7708 2f0e0000
7709 2f0e8000
7710 2f0f0000
7711 2f0f8000
7712 2f100000
7713 2f108000
7714 2f110000
7715 2f118000
7716 2f120000
7717 2f128000
7718 2f130000
7719 2f138000
7720 2f140000
7721 2f148000
7722 2f150000
7723 2f158000
7724 2f160000
7725 2f168000
7726 2f170000
7727 2f178000
7728 2f180000
7729 2f188000
7730 2f190000
7731 2f198000
7732 2f1a0000
7733 2f1a8000
7734 2f1b0000
7735 2f1b8000
7736 2f1c0000
7737 2f1c8000
7738 2f1d0000
7739 2f1d8000
7740 2f1e0000
7741 2f1e8000
7742 2f1f0000
7743 2f1f8000
7744 2f200000
7745 2f208000
7746 2f210000
7747 2f218000
7748 2f220000
7749 2f228000
7750 2f230000
7751 2f238000
7752 2f240000
7753 2f248000
7754 2f250000
7755 2f258000
7756 2f260000
7757 2f268000
7758 2f270000
7759 2f278000
7760 2f280000
7761 2f288000
7762 2f290000
7763 2f298000
7764 2f2a0000
7765 2f2a8000
7766 2f2b0000
7767 2f2b8000
7768 2f2c0000
7769 2f2c8000
7770 2f2d0000
7771 2f2d8000
7772 2f2e0000
7773 2f2e8000
7774 2f2f0000
7775 2f2f8000
7776 2f300000
7777 2f308000
7778 2f310000
7779 2f318000
7780 2f320000
7781 2f328000
7782 2f330000
7783 2f338000
7784 2f340000
7785 2f348000
7786 2f350000
7787 2f358000
7788 2f360000
7789 2f368000
7790 2f370000
7791 2f378000
7792 2f380000
7793 2f388000
7794 2f390000
7795 2f398000
7796 2f3a0000
7797 2f3a8000
7798 2f3b0000
7799 2f3b8000
7800 2f3c0000
7801 2f3c8000
7802 2f3d0000
7803 2f3d8000
7804 2f3e0000
7805 2f3e8000
7806 2f3f0000
7807 2f3f8000
7808 2f400000
7809 2f408000
7810 2f410000
7811 2f418000
7812 2f420000
7813 2f428000
7814 2f430000
7815 2f438000
7816 2f440000
7817 2f448000
7818 2f450000
7819 2f458000
7820 2f460000
7821 2f468000
7822 2f470000
7823 2f478000
7824 2f480000
7825 2f488000
7826 2f490000
7827 2f498000
7828 2f4a0000
7829 2f4a8000
7830 2f4b0000
7831 2f4b8000
7832 2f4c0000
7833 2f4c8000
7834 2f4d0000
7835 2f4d8000
7836 2f4e0000
7837 2f4e8000
7838 2f4f0000
7839 2f4f8000
7840 2f500000
7841 2f508000
7842 2f510000
7843 2f518000
7844 2f520000
7845 2f528000
7846 2f530000
7847 2f538000
7848 2f540000
7849 2f548000
7850 2f550000
7851 2f558000
7852 2f560000
7853 2f568000
7854 2f570000
7855 2f578000
7856 2f580000
7857 2f588000
7858 2f590000
7859 2f598000
7860 2f5a0000
7861 2f5a8000
7862 2f5b0000
7863 2f5b8000
7864 2f5c0000
7865 2f5c8000
7866 2f5d0000
7867 2f5d8000
7868 2f5e0000
7869 2f5e8000
7870 2f5f0000
7871 2f5f8000
7872 2f600000
7873 2f608000
7874 2f610000
7875 2f618000
7876 2f620000
7877 2f628000
7878 2f630000
7879 2f638000
7880 2f640000
7881 2f648000
7882 2f650000
7883 2f658000
7884 2f660000
7885 2f668000
7886 2f670000
7887 2f678000
7888 2f680000
7889 2f688000
7890 2f690000
7891 2f698000
7892 2f6a0000
7893 2f6a8000
7894 2f6b0000
7895 2f6b8000
7896 2f6c0000
7897 2f6c8000
7898 2f6d0000
7899 2f6d8000
7900 2f6e0000
7901 2f6e8000
7902 2f6f0000
7903 2f6f8000
7904 2f700000
7905 2f708000
7906 2f710000
7907 2f718000
7908 2f720000
7909 2f728000
7910 2f730000
7911 2f738000
7912 2f740000
7913 2f748000
7914 2f750000
7915 2f758000
7916 2f760000
7917 2f768000
7918 2f770000
7919 2f778000
7920 2f780000
7921 2f788000
7922 2f790000
7923 2f798000
7924 2f7a0000
7925 2f7a8000
7926 2f7b0000
7927 2f7b8000
7928 2f7c0000
7929 2f7c8000
7930 2f7d0000
7931 2f7d8000
7932 2f7e0000
7933 2f7e8000
7934 2f7f0000
7935 2f7f8000
7936 2f800000
7937 2f808000
7938 2f810000
7939 2f818000
7940 2f820000
7941 2f828000
7942 2f830000
7943 2f838000
7944 2f840000
7945 2f848000
7946 2f850000
7947 2f858000
7948 2f860000
7949 2f868000
7950 2f870000
7951 2f878000
7952 2f880000
7953 2f888000
7954 2f890000
7955 2f898000
7956 2f8a0000
7957 2f8a8000
7958 2f8b0000
7959 2f8b8000
7960 2f8c0000
7961 2f8c8000
7962 2f8d0000
7963 2f8d8000
7964 2f8e0000
7965 2f8e8000
7966 2f8f0000
7967 2f8f8000
7968 2f900000
7969 2f908000
7970 2f910000
7971 2f918000
7972 2f920000
7973 2f928000
7974 2f930000
7975 2f938000
7976 2f940000
7977 2f948000
7978 2f950000
7979 2f958000
7980 2f960000
7981 2f968000
7982 2f970000
7983 2f978000
7984 2f980000
7985 2f988000
7986 2f990000
7987 2f998000
7988 2f9a0000
7989 2f9a8000
7990 2f9b0000
7991 2f9b8000
7992 2f9c0000
7993 2f9c8000
7994 2f9d0000
7995 2f9d8000
7996 2f9e0000
7997 2f9e8000
7998 2f9f0000
7999 2f9f8000
8000 2fa00000
8001 2fa08000
8002 2fa10000
8003 2fa18000
8004 2fa20000
8005 2fa28000
8006 2fa30000
8007 2fa38000
8008 2fa40000
8009 2fa48000
8010 2fa50000
8011 2fa58000
8012 2fa60000
8013 2fa68000
8014 2fa70000
8015 2fa78000
8016 2fa80000
8017 2fa88000
8018 2fa90000
8019 2fa98000
8020 2faa0000
8021 2faa8000
8022 2fab0000
8023 2fab8000
8024 2fac0000
8025 2fac8000
8026 2fad0000
8027 2fad8000
8028 2fae0000
8029 2fae8000
8030 2faf0000
8031 2faf8000
8032 2fb00000
8033 2fb08000
8034 2fb10000
8035 2fb18000
8036 2fb20000
8037 2fb28000
8038 2fb30000
8039 2fb38000
8040 2fb40000
8041 2fb48000
8042 2fb50000
8043 2fb58000
8044 2fb60000
8045 2fb68000
8046 2fb70000
8047 2fb78000
8048 2fb80000
8049 2fb88000
8050 2fb90000
8051 2fb98000
8052 2fba0000
8053 2fba8000
8054 2fbb0000
8055 2fbb8000
8056 2fbc0000
8057 2fbc8000
8058 2fbd0000
8059 2fbd8000
8060 2fbe0000
8061 2fbe8000
8062 2fbf0000
8063 2fbf8000
8064 2fc00000
8065 2fc08000
8066 2fc10000
8067 2fc18000
8068 2fc20000
8069 2fc28000
8070 2fc30000
8071 2fc38000
8072 2fc40000
8073 2fc48000
8074 2fc50000
8075 2fc58000
8076 2fc60000
8077 2fc68000
8078 2fc70000
8079 2fc78000
8080 2fc80000
8081 2fc88000
8082 2fc90000
8083 2fc98000
8084 2fca0000
8085 2fca8000
8086 2fcb0000
8087 2fcb8000
8088 2fcc0000
8089 2fcc8000
8090 2fcd0000
8091 2fcd8000
8092 2fce0000
8093 2fce8000
8094 2fcf0000
8095 2fcf8000
8096 2fd00000
8097 2fd08000
8098 2fd10000
8099 2fd18000
8100 2fd20000
8101 2fd28000
8102 2fd30000
8103 2fd38000
8104 2fd40000
8105 2fd48000
8106 2fd50000
8107 2fd58000
8108 2fd60000
8109 2fd68000
8110 2fd70000
8111 2fd78000
8112 2fd80000
8113 2fd88000
8114 2fd90000
8115 2fd98000
8116 2fda0000
8117 2fda8000
8118 2fdb0000
8119 2fdb8000
8120 2fdc0000
8121 2fdc8000
8122 2fdd0000
8123 2fdd8000
8124 2fde0000
8125 2fde8000
8126 2fdf0000
8127 2fdf8000
8128 2fe00000
8129 2fe08000
8130 2fe10000
8131 2fe18000
8132 2fe20000
8133 2fe28000
8134 2fe30000
8135 2fe38000
8136 2fe40000
8137 2fe48000
8138 2fe50000
8139 2fe58000
8140 2fe60000
8141 2fe68000
8142 2fe70000
8143 2fe78000
8144 2fe80000
8145 2fe88000
8146 2fe90000
8147 2fe98000
8148 2fea0000
8149 2fea8000
8150 2feb0000
8151 2feb8000
8152 2fec0000
8153 2fec8000
8154 2fed0000
8155 2fed8000
8156 2fee0000
8157 2fee8000
8158 2fef0000
8159 2fef8000
8160 2ff00000
8161 2ff08000
8162 2ff10000
8163 2ff18000
8164 2ff20000
8165 2ff28000
8166 2ff30000
8167 2ff38000
8168 2ff40000
8169 2ff48000
8170 2ff50000
8171 2ff58000
8172 2ff60000
8173 2ff68000
8174 2ff70000
8175 2ff78000
8176 2ff80000
8177 2ff88000
8178 2ff90000
8179 2ff98000
8180 2ffa0000
8181 2ffa8000
8182 2ffb0000
8183 2ffb8000
8184 2ffc0000
8185 2ffc8000
8186 2ffd0000
8187 2ffd8000
8188 2ffe0000
8189 2ffe8000
8190 2fff0000
8191 2fff8000
8192 30000000
8193 30008000
8194 30010000
8195 30018000
8196 30020000
8197 30028000
8198 30030000
8199 30038000
8200 30040000
8201 30048000
8202 30050000
8203 30058000
8204 30060000
8205 30068000
8206 30070000
8207 30078000
8208 30080000
8209 30088000
8210 30090000
8211 30098000
8212 300a0000
8213 300a8000
8214 300b0000
8215 300b8000
8216 300c0000
8217 300c8000
8218 300d0000
8219 300d8000
8220 300e0000
8221 300e8000
8222 300f0000
8223 300f8000
8224 30100000
8225 30108000
8226 30110000
8227 30118000
8228 30120000
8229 30128000
8230 30130000
8231 30138000
8232 30140000
8233 30148000
8234 30150000
8235 30158000
8236 30160000
8237 30168000
8238 30170000
8239 30178000
8240 30180000
8241 30188000
8242 30190000
8243 30198000
8244 301a0000
8245 301a8000
8246 301b0000
8247 301b8000
8248 301c0000
8249 301c8000
8250 301d0000
8251 301d8000
8252 301e0000
8253 301e8000
8254 301f0000
8255 301f8000
8256 30200000
8257 30208000
8258 30210000
8259 30218000
8260 30220000
8261 30228000
8262 30230000
8263 30238000
8264 30240000
8265 30248000
8266 30250000
8267 30258000
8268 30260000
8269 30268000
8270 30270000
8271 30278000
8272 30280000
8273 30288000
8274 30290000
8275 30298000
8276 302a0000
8277 302a8000
8278 302b0000
8279 302b8000
8280 302c0000
8281 302c8000
8282 302d0000
8283 302d8000
8284 302e0000
8285 302e8000
8286 302f0000
8287 302f8000
8288 30300000
8289 30308000
8290 30310000
8291 30318000
8292 30320000
8293 30328000
8294 30330000
8295 30338000
8296 30340000
8297 30348000
8298 30350000
8299 30358000
8300 30360000
8301 30368000
8302 30370000
8303 30378000
8304 30380000
8305 30388000
8306 30390000
8307 30398000
8308 303a0000
8309 303a8000
8310 303b0000
8311 303b8000
8312 303c0000
8313 303c8000
8314 303d0000
8315 303d8000
8316 303e0000
8317 303e8000
8318 303f0000
8319 303f8000
8320 30400000
8321 30408000
8322 30410000
8323 30418000
8324 30420000
8325 30428000
8326 30430000
8327 30438000
8328 30440000
8329 30448000
8330 30450000
8331 30458000
8332 30460000
8333 30468000
8334 30470000
8335 30478000
8336 30480000
8337 30488000
8338 30490000
8339 30498000
8340 304a0000
8341 304a8000
8342 304b0000
8343 304b8000
8344 304c0000
8345 304c8000
8346 304d0000
8347 304d8000
8348 304e0000
8349 304e8000
8350 304f0000
8351 304f8000
8352 30500000
8353 30508000
8354 30510000
8355 30518000
8356 30520000
8357 30528000
8358 30530000
8359 30538000
8360 30540000
8361 30548000
8362 30550000
8363 30558000
8364 30560000
8365 30568000
8366 30570000
8367 30578000
8368 30580000
8369 30588000
8370 30590000
8371 30598000
8372 305a0000
8373 305a8000
8374 305b0000
8375 305b8000
8376 305c0000
8377 305c8000
8378 305d0000
8379 305d8000
8380 305e0000
8381 305e8000
8382 305f0000
8383 305f8000
8384 30600000
8385 30608000
8386 30610000
8387 30618000
8388 30620000
8389 30628000
8390 30630000
8391 30638000
8392 30640000
8393 30648000
8394 30650000
8395 30658000
8396 30660000
8397 30668000
8398 30670000
8399 30678000
8400 30680000
8401 30688000
8402 30690000
8403 30698000
8404 306a0000
8405 306a8000
8406 306b0000
8407 306b8000
8408 306c0000
8409 306c8000
8410 306d0000
8411 306d8000
8412 306e0000
8413 306e8000
8414 306f0000
8415 306f8000
8416 30700000
8417 30708000
8418 30710000
8419 30718000
8420 30720000
8421 30728000
8422 30730000
8423 30738000
8424 30740000
8425 30748000
8426 30750000
8427 30758000
8428 30760000
8429 30768000
8430 30770000
8431 30778000
8432 30780000
8433 30788000
8434 30790000
8435 30798000
8436 307a0000
8437 307a8000
8438 307b0000
8439 307b8000
8440 307c0000
8441 307c8000
8442 307d0000
8443 307d8000
8444 307e0000
8445 307e8000
8446 307f0000
8447 307f8000
8448 30800000
8449 30808000
8450 30810000
8451 30818000
8452 30820000
8453 30828000
8454 30830000
8455 30838000
8456 30840000
8457 30848000
8458 30850000
8459 30858000
8460 30860000
8461 30868000
8462 30870000
8463 30878000
8464 30880000
8465 30888000
8466 30890000
8467 30898000
8468 308a0000
8469 308a8000
8470 308b0000
8471 308b8000
8472 308c0000
8473 308c8000
8474 308d0000
8475 308d8000
8476 308e0000
8477 308e8000
8478 308f0000
8479 308f8000
8480 30900000
8481 30908000
8482 30910000
8483 30918000
8484 30920000
8485 30928000
8486 30930000
8487 30938000
8488 30940000
8489 30948000
8490 30950000
8491 30958000
8492 30960000
8493 30968000
8494 30970000
8495 30978000
8496 30980000
8497 30988000
8498 30990000
8499 30998000
8500 309a0000
8501 309a8000
8502 309b0000
8503 309b8000
8504 309c0000
8505 309c8000
8506 309d0000
8507 309d8000
8508 309e0000
8509 309e8000
8510 309f0000
8511 309f8000
8512 30a00000
8513 30a08000
8514 30a10000
8515 30a18000
8516 30a20000
8517 30a28000
8518 30a30000
8519 30a38000
8520 30a40000
8521 30a48000
8522 30a50000
8523 30a58000
8524 30a60000
8525 30a68000
8526 30a70000
8527 30a78000
8528 30a80000
8529 30a88000
8530 30a90000
8531 30a98000
8532 30aa0000
8533 30aa8000
8534 30ab0000
8535 30ab8000
8536 30ac0000
8537 30ac8000
8538 30ad0000
8539 30ad8000
8540 30ae0000
8541 30ae8000
8542 30af0000
8543 30af8000
8544 30b00000
8545 30b08000
8546 30b10000
8547 30b18000
8548 30b20000
8549 30b28000
8550 30b30000
8551 30b38000
8552 30b40000
8553 30b48000
8554 30b50000
8555 30b58000
8556 30b60000
8557 30b68000
8558 30b70000
8559 30b78000
8560 30b80000
8561 30b88000
8562 30b90000
8563 30b98000
8564 30ba0000
8565 30ba8000
8566 30bb0000
8567 30bb8000
8568 30bc0000
8569 30bc8000
8570 30bd0000
8571 30bd8000
8572 30be0000
8573 30be8000
8574 30bf0000
8575 30bf8000
8576 30c00000
8577 30c08000
8578 30c10000
8579 30c18000
8580 30c20000
8581 30c28000
8582 30c30000
8583 30c38000
8584 30c40000
8585 30c48000
8586 30c50000
8587 30c58000
8588 30c60000
8589 30c68000
8590 30c70000
8591 30c78000
8592 30c80000
8593 30c88000
8594 30c90000
8595 30c98000
8596 30ca0000
8597 30ca8000
8598 30cb0000
8599 30cb8000
8600 30cc0000
8601 30cc8000
8602 30cd0000
8603 30cd8000
8604 30ce0000
8605 30ce8000
8606 30cf0000
8607 30cf8000
8608 30d00000
8609 30d08000
8610 30d10000
8611 30d18000
8612 30d20000
8613 30d28000
8614 30d30000
8615 30d38000
8616 30d40000
8617 30d48000
8618 30d50000
8619 30d58000
8620 30d60000
8621 30d68000
8622 30d70000
8623 30d78000
8624 30d80000
8625 30d88000
8626 30d90000
8627 30d98000
8628 30da0000
8629 30da8000
8630 30db0000
8631 30db8000
8632 30dc0000
8633 30dc8000
8634 30dd0000
8635 30dd8000
8636 30de0000
8637 30de8000
8638 30df0000
8639 30df8000
8640 30e00000
8641 30e08000
8642 30e10000
8643 30e18000
8644 30e20000
8645 30e28000
8646 30e30000
8647 30e38000
8648 30e40000
8649 30e48000
8650 30e50000
8651 30e58000
8652 30e60000
8653 30e68000
8654 30e70000
8655 30e78000
8656 30e80000
8657 30e88000
8658 30e90000
8659 30e98000
8660 30ea0000
8661 30ea8000
8662 30eb0000
8663 30eb8000
8664 30ec0000
8665 30ec8000
8666 30ed0000
8667 30ed8000
8668 30ee0000
8669 30ee8000
8670 30ef0000
8671 30ef8000
8672 30f00000
8673 30f08000
8674 30f10000
8675 30f18000
8676 30f20000
8677 30f28000
8678 30f30000
8679 30f38000
8680 30f40000
8681 30f48000
8682 30f50000
8683 30f58000
8684 30f60000
8685 30f68000
8686 30f70000
8687 30f78000
8688 30f80000
8689 30f88000
8690 30f90000
8691 30f98000
8692 30fa0000
8693 30fa8000
8694 30fb0000
8695 30fb8000
8696 30fc0000
8697 30fc8000
8698 30fd0000
8699 30fd8000
8700 30fe0000
8701 30fe8000
8702 30ff0000
8703 30ff8000
8704 31000000
8705 31008000
8706 31010000
8707 31018000
8708 31020000
8709 31028000
8710 31030000
8711 31038000
8712 31040000
8713 31048000
8714 31050000
8715 31058000
8716 31060000
8717 31068000
8718 31070000
8719 31078000
8720 31080000
8721 31088000
8722 31090000
8723 31098000
8724 310a0000
8725 310a8000
8726 310b0000
8727 310b8000
8728 310c0000
8729 310c8000
8730 310d0000
8731 310d8000
8732 310e0000
8733 310e8000
8734 310f0000
8735 310f8000
8736 31100000
8737 31108000
8738 31110000
8739 31118000
8740 31120000
8741 31128000
8742 31130000
8743 31138000
8744 31140000
8745 31148000
8746 31150000
8747 31158000
8748 31160000
8749 31168000
8750 31170000
8751 31178000
8752 31180000
8753 31188000
8754 31190000
8755 31198000
8756 311a0000
8757 311a8000
8758 311b0000
8759 311b8000
8760 311c0000
8761 311c8000
8762 311d0000
8763 311d8000
8764 311e0000
8765 311e8000
8766 311f0000
8767 311f8000
8768 31200000
8769 31208000
8770 31210000
8771 31218000
8772 31220000
8773 31228000
8774 31230000
8775 31238000
8776 31240000
8777 31248000
8778 31250000
8779 31258000
8780 31260000
8781 31268000
8782 31270000
8783 31278000
8784 31280000
8785 31288000
8786 31290000
8787 31298000
8788 312a0000
8789 312a8000
8790 312b0000
8791 312b8000
8792 312c0000
8793 312c8000
8794 312d0000
8795 312d8000
8796 312e0000
8797 312e8000
8798 312f0000
8799 312f8000
8800 31300000
8801 31308000
8802 31310000
8803 31318000
8804 31320000
8805 31328000
8806 31330000
8807 31338000
8808 31340000
8809 31348000
8810 31350000
8811 31358000
8812 31360000
8813 31368000
8814 31370000
8815 31378000
8816 31380000
8817 31388000
8818 31390000
8819 31398000
8820 313a0000
8821 313a8000
8822 313b0000
8823 313b8000
8824 313c0000
8825 313c8000
8826 313d0000
8827 313d8000
8828 313e0000
8829 313e8000
8830 313f0000
8831 313f8000
8832 31400000
8833 31408000
8834 31410000
8835 31418000
8836 31420000
8837 31428000
8838 31430000
8839 31438000
8840 31440000
8841 31448000
8842 31450000
8843 31458000
8844 31460000
8845 31468000
8846 31470000
8847 31478000
8848 31480000
8849 31488000
8850 31490000
8851 31498000
8852 314a0000
8853 314a8000
8854 314b0000
8855 314b8000
8856 314c0000
8857 314c8000
8858 314d0000
8859 314d8000
8860 314e0000
8861 314e8000
8862 314f0000
8863 314f8000
8864 31500000
8865 31508000
8866 31510000
8867 31518000
8868 31520000
8869 31528000
8870 31530000
8871 31538000
8872 31540000
8873 31548000
8874 31550000
8875 31558000
8876 31560000
8877 31568000
8878 31570000
8879 31578000
8880 31580000
8881 31588000
8882 31590000
8883 31598000
8884 315a0000
8885 315a8000
8886 315b0000
8887 315b8000
8888 315c0000
8889 315c8000
8890 315d0000
8891 315d8000
8892 315e0000
8893 315e8000
8894 315f0000
8895 315f8000
8896 31600000
8897 31608000
8898 31610000
8899 31618000
8900 31620000
8901 31628000
8902 31630000
8903 31638000
8904 31640000
8905 31648000
8906 31650000
8907 31658000
8908 31660000
8909 31668000
8910 31670000
8911 31678000
8912 31680000
8913 31688000
8914 31690000
8915 31698000
8916 316a0000
8917 316a8000
8918 316b0000
8919 316b8000
8920 316c0000
8921 316c8000
8922 316d0000
8923 316d8000
8924 316e0000
8925 316e8000
8926 316f0000
8927 316f8000
8928 31700000
8929 31708000
8930 31710000
8931 31718000
8932 31720000
8933 31728000
8934 31730000
8935 31738000
8936 31740000
8937 31748000
8938 31750000
8939 31758000
8940 31760000
8941 31768000
8942 31770000
8943 31778000
8944 31780000
8945 31788000
8946 31790000
8947 31798000
8948 317a0000
8949 317a8000
8950 317b0000
8951 317b8000
8952 317c0000
8953 317c8000
8954 317d0000
8955 317d8000
8956 317e0000
8957 317e8000
8958 317f0000
8959 317f8000
8960 31800000
8961 31808000
8962 31810000
8963 31818000
8964 31820000
8965 31828000
8966 31830000
8967 31838000
8968 31840000
8969 31848000
8970 31850000
8971 31858000
8972 31860000
8973 31868000
8974 31870000
8975 31878000
8976 31880000
8977 31888000
8978 31890000
8979 31898000
8980 318a0000
8981 318a8000
8982 318b0000
8983 318b8000
8984 318c0000
8985 318c8000
8986 318d0000
8987 318d8000
8988 318e0000
8989 318e8000
8990 318f0000
8991 318f8000
8992 31900000
8993 31908000
8994 31910000
8995 31918000
8996 31920000
8997 31928000
8998 31930000
8999 31938000
9000 31940000
9001 31948000
9002 31950000
9003 31958000
9004 31960000
9005 31968000
9006 31970000
9007 31978000
9008 31980000
9009 31988000
9010 31990000
9011 31998000
9012 319a0000
9013 319a8000
9014 319b0000
9015 319b8000
9016 319c0000
9017 319c8000
9018 319d0000
9019 319d8000
9020 319e0000
9021 319e8000
9022 319f0000
9023 319f8000
9024 31a00000
9025 31a08000
9026 31a10000
9027 31a18000
9028 31a20000
9029 31a28000
9030 31a30000
9031 31a38000
9032 31a40000
9033 31a48000
9034 31a50000
9035 31a58000
9036 31a60000
9037 31a68000
9038 31a70000
9039 31a78000
9040 31a80000
9041 31a88000
9042 31a90000
9043 31a98000
9044 31aa0000
9045 31aa8000
9046 31ab0000
9047 31ab8000
9048 31ac0000
9049 31ac8000
9050 31ad0000
9051 31ad8000
9052 31ae0000
9053 31ae8000
9054 31af0000
9055 31af8000
9056 31b00000
9057 31b08000
9058 31b10000
9059 31b18000
9060 31b20000
9061 31b28000
9062 31b30000
9063 31b38000
9064 31b40000
9065 31b48000
9066 31b50000
9067 31b58000
9068 31b60000
9069 31b68000
9070 31b70000
9071 31b78000
9072 31b80000
9073 31b88000
9074 31b90000
9075 31b98000
9076 31ba0000
9077 31ba8000
9078 31bb0000
9079 31bb8000
9080 31bc0000
9081 31bc8000
9082 31bd0000
9083 31bd8000
9084 31be0000
9085 31be8000
9086 31bf0000
9087 31bf8000
9088 31c00000
9089 31c08000
9090 31c10000
9091 31c18000
9092 31c20000
9093 31c28000
9094 31c30000
9095 31c38000
9096 31c40000
9097 31c48000
9098 31c50000
9099 31c58000
9100 31c60000
9101 31c68000
9102 31c70000
9103 31c78000
9104 31c80000
9105 31c88000
9106 31c90000
9107 31c98000
9108 31ca0000
9109 31ca8000
9110 31cb0000
9111 31cb8000
9112 31cc0000
9113 31cc8000
9114 31cd0000
9115 31cd8000
9116 31ce0000
9117 31ce8000
9118 31cf0000
9119 31cf8000
9120 31d00000
9121 31d08000
9122 31d10000
9123 31d18000
9124 31d20000
9125 31d28000
9126 31d30000
9127 31d38000
9128 31d40000
9129 31d48000
9130 31d50000
9131 31d58000
9132 31d60000
9133 31d68000
9134 31d70000
9135 31d78000
9136 31d80000
9137 31d88000
9138 31d90000
9139 31d98000
9140 31da0000
9141 31da8000
9142 31db0000
9143 31db8000
9144 31dc0000
9145 31dc8000
9146 31dd0000
9147 31dd8000
9148 31de0000
9149 31de8000
9150 31df0000
9151 31df8000
9152 31e00000
9153 31e08000
9154 31e10000
9155 31e18000
9156 31e20000
9157 31e28000
9158 31e30000
9159 31e38000
9160 31e40000
9161 31e48000
9162 31e50000
9163 31e58000
9164 31e60000
9165 31e68000
9166 31e70000
9167 31e78000
9168 31e80000
9169 31e88000
9170 31e90000
9171 31e98000
9172 31ea0000
9173 31ea8000
9174 31eb0000
9175 31eb8000
9176 31ec0000
9177 31ec8000
9178 31ed0000
9179 31ed8000
9180 31ee0000
9181 31ee8000
9182 31ef0000
9183 31ef8000
9184 31f00000
9185 31f08000
9186 31f10000
9187 31f18000
9188 31f20000
9189 31f28000
9190 31f30000
9191 31f38000
9192 31f40000
9193 31f48000
9194 31f50000
9195 31f58000
9196 31f60000
9197 31f68000
9198 31f70000
9199 31f78000
9200 31f80000
9201 31f88000
9202 31f90000
9203 31f98000
9204 31fa0000
9205 31fa8000
9206 31fb0000
9207 31fb8000
9208 31fc0000
9209 31fc8000
9210 31fd0000
9211 31fd8000
9212 31fe0000
9213 31fe8000
9214 31ff0000
9215 31ff8000
9216 32000000
9217 32008000
9218 32010000
9219 32018000
9220 32020000
9221 32028000
9222 32030000
9223 32038000
9224 32040000
9225 32048000
9226 32050000
9227 32058000
9228 32060000
9229 32068000
9230 32070000
9231 32078000
9232 32080000
9233 32088000
9234 32090000
9235 32098000
9236 320a0000
9237 320a8000
9238 320b0000
9239 320b8000
9240 320c0000
9241 320c8000
9242 320d0000
9243 320d8000
9244 320e0000
9245 320e8000
9246 320f0000
9247 320f8000
9248 32100000
9249 32108000
9250 32110000
9251 32118000
9252 32120000
9253 32128000
9254 32130000
9255 32138000
9256 32140000
9257 32148000
9258 32150000
9259 32158000
9260 32160000
9261 32168000
9262 32170000
9263 32178000
9264 32180000
9265 32188000
9266 32190000
9267 32198000
9268 321a0000
9269 321a8000
9270 321b0000
9271 321b8000
9272 321c0000
9273 321c8000
9274 321d0000
9275 321d8000
9276 321e0000
9277 321e8000
9278 321f0000
9279 321f8000
9280 32200000
9281 32208000
9282 32210000
9283 32218000
9284 32220000
9285 32228000
9286 32230000
9287 32238000
9288 32240000
9289 32248000
9290 32250000
9291 32258000
9292 32260000
9293 32268000
9294 32270000
9295 32278000
9296 32280000
9297 32288000
9298 32290000
9299 32298000
9300 322a0000
9301 322a8000
9302 322b0000
9303 322b8000
9304 322c0000
9305 322c8000
9306 322d0000
9307 322d8000
9308 322e0000
9309 322e8000
9310 322f0000
9311 322f8000
9312 32300000
9313 32308000
9314 32310000
9315 32318000
9316 32320000
9317 32328000
9318 32330000
9319 32338000
9320 32340000
9321 32348000
9322 32350000
9323 32358000
9324 32360000
9325 32368000
9326 32370000
9327 32378000
9328 32380000
9329 32388000
9330 32390000
9331 32398000
9332 323a0000
9333 323a8000
9334 323b0000
9335 323b8000
9336 323c0000
9337 323c8000
9338 323d0000
9339 323d8000
9340 323e0000
9341 323e8000
9342 323f0000
9343 323f8000
9344 32400000
9345 32408000
9346 32410000
9347 32418000
9348 32420000
9349 32428000
9350 32430000
9351 32438000
9352 32440000
9353 32448000
9354 32450000
9355 32458000
9356 32460000
9357 32468000
9358 32470000
9359 32478000
9360 32480000
9361 32488000
9362 32490000
9363 32498000
9364 324a0000
9365 324a8000
9366 324b0000
9367 324b8000
9368 324c0000
9369 324c8000
9370 324d0000
9371 324d8000
9372 324e0000
9373 324e8000
9374 324f0000
9375 324f8000
9376 32500000
9377 32508000
9378 32510000
9379 32518000
9380 32520000
9381 32528000
9382 32530000
9383 32538000
9384 32540000
9385 32548000
9386 32550000
9387 32558000
9388 32560000
9389 32568000
9390 32570000
9391 32578000
9392 32580000
9393 32588000
9394 32590000
9395 32598000
9396 325a0000
9397 325a8000
9398 325b0000
9399 325b8000
9400 325c0000
9401 325c8000
9402 325d0000
9403 325d8000
9404 325e0000
9405 325e8000
9406 325f0000
9407 325f8000
9408 32600000
9409 32608000
9410 32610000
9411 32618000
9412 32620000
9413 32628000
9414 32630000
9415 32638000
9416 32640000
9417 32648000
9418 32650000
9419 32658000
9420 32660000
9421 32668000
9422 32670000
9423 32678000
9424 32680000
9425 32688000
9426 32690000
9427 32698000
9428 326a0000
9429 326a8000
9430 326b0000
9431 326b8000
9432 326c0000
9433 326c8000
9434 326d0000
9435 326d8000
9436 326e0000
9437 326e8000
9438 326f0000
9439 326f8000
9440 32700000
9441 32708000
9442 32710000
9443 32718000
9444 32720000
9445 32728000
9446 32730000
9447 32738000
9448 32740000
9449 32748000
9450 32750000
9451 32758000
9452 32760000
9453 32768000
9454 32770000
9455 32778000
9456 32780000
9457 32788000
9458 32790000
9459 32798000
9460 327a0000
9461 327a8000
9462 327b0000
9463 327b8000
9464 327c0000
9465 327c8000
9466 327d0000
9467 327d8000
9468 327e0000
9469 327e8000
9470 327f0000
9471 327f8000
9472 32800000
9473 32808000
9474 32810000
9475 32818000
9476 32820000
9477 32828000
9478 32830000
9479 32838000
9480 32840000
9481 32848000
9482 32850000
9483 32858000
9484 32860000
9485 32868000
9486 32870000
9487 32878000
9488 32880000
9489 32888000
9490 32890000
9491 32898000
9492 328a0000
9493 328a8000
9494 328b0000
9495 328b8000
9496 328c0000
9497 328c8000
9498 328d0000
9499 328d8000
9500 328e0000
9501 328e8000
9502 328f0000
9503 328f8000
9504 32900000
9505 32908000
9506 32910000
9507 32918000
9508 32920000
9509 32928000
9510 32930000
9511 32938000
9512 32940000
9513 32948000
9514 32950000
9515 32958000
9516 32960000
9517 32968000
9518 32970000
9519 32978000
9520 32980000
9521 32988000
9522 32990000
9523 32998000
9524 329a0000
9525 329a8000
9526 329b0000
9527 329b8000
9528 329c0000
9529 329c8000
9530 329d0000
9531 329d8000
9532 329e0000
9533 329e8000
9534 329f0000
9535 329f8000
9536 32a00000
9537 32a08000
9538 32a10000
9539 32a18000
9540 32a20000
9541 32a28000
9542 32a30000
9543 32a38000
9544 32a40000
9545 32a48000
9546 32a50000
9547 32a58000
9548 32a60000
9549 32a68000
9550 32a70000
9551 32a78000
9552 32a80000
9553 32a88000
9554 32a90000
9555 32a98000
9556 32aa0000
9557 32aa8000
9558 32ab0000
9559 32ab8000
9560 32ac0000
9561 32ac8000
9562 32ad0000
9563 32ad8000
9564 32ae0000
9565 32ae8000
9566 32af0000
9567 32af8000
9568 32b00000
9569 32b08000
9570 32b10000
9571 32b18000
9572 32b20000
9573 32b28000
9574 32b30000
9575 32b38000
9576 32b40000
9577 32b48000
9578 32b50000
9579 32b58000
9580 32b60000
9581 32b68000
9582 32b70000
9583 32b78000
9584 32b80000
9585 32b88000
9586 32b90000
9587 32b98000
9588 32ba0000
9589 32ba8000
9590 32bb0000
9591 32bb8000
9592 32bc0000
9593 32bc8000
9594 32bd0000
9595 32bd8000
9596 32be0000
9597 32be8000
9598 32bf0000
9599 32bf8000
9600 32c00000
9601 32c08000
9602 32c10000
9603 32c18000
9604 32c20000
9605 32c28000
9606 32c30000
9607 32c38000
9608 32c40000
9609 32c48000
9610 32c50000
9611 32c58000
9612 32c60000
9613 32c68000
9614 32c70000
9615 32c78000
9616 32c80000
9617 32c88000
9618 32c90000
9619 32c98000
9620 32ca0000
9621 32ca8000
9622 32cb0000
9623 32cb8000
9624 32cc0000
9625 32cc8000
9626 32cd0000
9627 32cd8000
9628 32ce0000
9629 32ce8000
9630 32cf0000
9631 32cf8000
9632 32d00000
9633 32d08000
9634 32d10000
9635 32d18000
9636 32d20000
9637 32d28000
9638 32d30000
9639 32d38000
9640 32d40000
9641 32d48000
9642 32d50000
9643 32d58000
9644 32d60000
9645 32d68000
9646 32d70000
9647 32d78000
9648 32d80000
9649 32d88000
9650 32d90000
9651 32d98000
9652 32da0000
9653 32da8000
9654 32db0000
9655 32db8000
9656 32dc0000
9657 32dc8000
9658 32dd0000
9659 32dd8000
9660 32de0000
9661 32de8000
9662 32df0000
9663 32df8000
9664 32e00000
9665 32e08000
9666 32e10000
9667 32e18000
9668 32e20000
9669 32e28000
9670 32e30000
9671 32e38000
9672 32e40000
9673 32e48000
9674 32e50000
9675 32e58000
9676 32e60000
9677 32e68000
9678 32e70000
9679 32e78000
9680 32e80000
9681 32e88000
9682 32e90000
9683 32e98000
9684 32ea0000
9685 32ea8000
9686 32eb0000
9687 32eb8000
9688 32ec0000
9689 32ec8000
9690 32ed0000
9691 32ed8000
9692 32ee0000
9693 32ee8000
9694 32ef0000
9695 32ef8000
9696 32f00000
9697 32f08000
9698 32f10000
9699 32f18000
9700 32f20000
9701 32f28000
9702 32f30000
9703 32f38000
9704 32f40000
9705 32f48000
9706 32f50000
9707 32f58000
9708 32f60000
9709 32f68000
9710 32f70000
9711 32f78000
9712 32f80000
9713 32f88000
9714 32f90000
9715 32f98000
9716 32fa0000
9717 32fa8000
9718 32fb0000
9719 32fb8000
9720 32fc0000
9721 32fc8000
9722 32fd0000
9723 32fd8000
9724 32fe0000
9725 32fe8000
9726 32ff0000
9727 32ff8000
9728 33000000
9729 33008000
9730 33010000
9731 33018000
9732 33020000
9733 33028000
9734 33030000
9735 33038000
9736 33040000
9737 33048000
9738 33050000
9739 33058000
9740 33060000
9741 33068000
9742 33070000
9743 33078000
9744 33080000
9745 33088000
9746 33090000
9747 33098000
9748 330a0000
9749 330a8000
9750 330b0000
9751 330b8000
9752 330c0000
9753 330c8000
9754 330d0000
9755 330d8000
9756 330e0000
9757 330e8000
9758 330f0000
9759 330f8000
9760 33100000
9761 33108000
9762 33110000
9763 33118000
9764 33120000
9765 33128000
9766 33130000
9767 33138000
9768 33140000
9769 33148000
9770 33150000
9771 33158000
9772 33160000
9773 33168000
9774 33170000
9775 33178000
9776 33180000
9777 33188000
9778 33190000
9779 33198000
9780 331a0000
9781 331a8000
9782 331b0000
9783 331b8000
9784 331c0000
9785 331c8000
9786 331d0000
9787 331d8000
9788 331e0000
9789 331e8000
9790 331f0000
9791 331f8000
9792 33200000
9793 33208000
9794 33210000
9795 33218000
9796 33220000
9797 33228000
9798 33230000
9799 33238000
9800 33240000
9801 33248000
9802 33250000
9803 33258000
9804 33260000
9805 33268000
9806 33270000
9807 33278000
9808 33280000
9809 33288000
9810 33290000
9811 33298000
9812 332a0000
9813 332a8000
9814 332b0000
9815 332b8000
9816 332c0000
9817 332c8000
9818 332d0000
9819 332d8000
9820 332e0000
9821 332e8000
9822 332f0000
9823 332f8000
9824 33300000
9825 33308000
9826 33310000
9827 33318000
9828 33320000
9829 33328000
9830 33330000
9831 33338000
9832 33340000
9833 33348000
9834 33350000
9835 33358000
9836 33360000
9837 33368000
9838 33370000
9839 33378000
9840 33380000
9841 33388000
9842 33390000
9843 33398000
9844 333a0000
9845 333a8000
9846 333b0000
9847 333b8000
9848 333c0000
9849 333c8000
9850 333d0000
9851 333d8000
9852 333e0000
9853 333e8000
9854 333f0000
9855 333f8000
9856 33400000
9857 33408000
9858 33410000
9859 33418000
9860 33420000
9861 33428000
9862 33430000
9863 33438000
9864 33440000
9865 33448000
9866 33450000
9867 33458000
9868 33460000
9869 33468000
9870 33470000
9871 33478000
9872 33480000
9873 33488000
9874 33490000
9875 33498000
9876 334a0000
9877 334a8000
9878 334b0000
9879 334b8000
9880 334c0000
9881 334c8000
9882 334d0000
9883 334d8000
9884 334e0000
9885 334e8000
9886 334f0000
9887 334f8000
9888 33500000
9889 33508000
9890 33510000
9891 33518000
9892 33520000
9893 33528000
9894 33530000
9895 33538000
9896 33540000
9897 33548000
9898 33550000
9899 33558000
9900 33560000
9901 33568000
9902 33570000
9903 33578000
9904 33580000
9905 33588000
9906 33590000
9907 33598000
9908 335a0000
9909 335a8000
9910 335b0000
9911 335b8000
9912 335c0000
9913 335c8000
9914 335d0000
9915 335d8000
9916 335e0000
9917 335e8000
9918 335f0000
9919 335f8000
9920 33600000
9921 33608000
9922 33610000
9923 33618000
9924 33620000
9925 33628000
9926 33630000
9927 33638000
9928 33640000
9929 33648000
9930 33650000
9931 33658000
9932 33660000
9933 33668000
9934 33670000
9935 33678000
9936 33680000
9937 33688000
9938 33690000
9939 33698000
9940 336a0000
9941 336a8000
9942 336b0000
9943 336b8000
9944 336c0000
9945 336c8000
9946 336d0000
9947 336d8000
9948 336e0000
9949 336e8000
9950 336f0000
9951 336f8000
9952 33700000
9953 33708000
9954 33710000
9955 33718000
9956 33720000
9957 33728000
9958 33730000
9959 33738000
9960 33740000
9961 33748000
9962 33750000
9963 33758000
9964 33760000
9965 33768000
9966 33770000
9967 33778000
9968 33780000
9969 33788000
9970 33790000
9971 33798000
9972 337a0000
9973 337a8000
9974 337b0000
9975 337b8000
9976 337c0000
9977 337c8000
9978 337d0000
9979 337d8000
9980 337e0000
9981 337e8000
9982 337f0000
9983 337f8000
9984 33800000
9985 33808000
9986 33810000
9987 33818000
9988 33820000
9989 33828000
9990 33830000
9991 33838000
9992 33840000
9993 33848000
9994 33850000
9995 33858000
9996 33860000
9997 33868000
9998 33870000
9999 33878000
10000 33880000
10001 33888000
10002 33890000
10003 33898000
10004 338a0000
10005 338a8000
10006 338b0000
10007 338b8000
10008 338c0000
10009 338c8000
10010 338d0000
10011 338d8000
10012 338e0000
10013 338e8000
10014 338f0000
10015 338f8000
10016 33900000
10017 33908000
10018 33910000
10019 33918000
10020 33920000
10021 33928000
10022 33930000
10023 33938000
10024 33940000
10025 33948000
10026 33950000
10027 33958000
10028 33960000
10029 33968000
10030 33970000
10031 33978000
10032 33980000
10033 33988000
10034 33990000
10035 33998000
10036 339a0000
10037 339a8000
10038 339b0000
10039 339b8000
10040 339c0000
10041 339c8000
10042 339d0000
10043 339d8000
10044 339e0000
10045 339e8000
10046 339f0000
10047 339f8000
10048 33a00000
10049 33a08000
10050 33a10000
10051 33a18000
10052 33a20000
10053 33a28000
10054 33a30000
10055 33a38000
10056 33a40000
10057 33a48000
10058 33a50000
10059 33a58000
10060 33a60000
10061 33a68000
10062 33a70000
10063 33a78000
10064 33a80000
10065 33a88000
10066 33a90000
10067 33a98000
10068 33aa0000
10069 33aa8000
10070 33ab0000
10071 33ab8000
10072 33ac0000
10073 33ac8000
10074 33ad0000
10075 33ad8000
10076 33ae0000
10077 33ae8000
10078 33af0000
10079 33af8000
10080 33b00000
10081 33b08000
10082 33b10000
10083 33b18000
10084 33b20000
10085 33b28000
10086 33b30000
10087 33b38000
10088 33b40000
10089 33b48000
10090 33b50000
10091 33b58000
10092 33b60000
10093 33b68000
10094 33b70000
10095 33b78000
10096 33b80000
10097 33b88000
10098 33b90000
10099 33b98000
10100 33ba0000
10101 33ba8000
10102 33bb0000
10103 33bb8000
10104 33bc0000
10105 33bc8000
10106 33bd0000
10107 33bd8000
10108 33be0000
10109 33be8000
10110 33bf0000
10111 33bf8000
10112 33c00000
10113 33c08000
10114 33c10000
10115 33c18000
10116 33c20000
10117 33c28000
10118 33c30000
10119 33c38000
10120 33c40000
10121 33c48000
10122 33c50000
10123 33c58000
10124 33c60000
10125 33c68000
10126 33c70000
10127 33c78000
10128 33c80000
10129 33c88000
10130 33c90000
10131 33c98000
10132 33ca0000
10133 33ca8000
10134 33cb0000
10135 33cb8000
10136 33cc0000
10137 33cc8000
10138 33cd0000
10139 33cd8000
10140 33ce0000
10141 33ce8000
10142 33cf0000
10143 33cf8000
10144 33d00000
10145 33d08000
10146 33d10000
10147 33d18000
10148 33d20000
10149 33d28000
10150 33d30000
10151 33d38000
10152 33d40000
10153 33d48000
10154 33d50000
10155 33d58000
10156 33d60000
10157 33d68000
10158 33d70000
10159 33d78000
10160 33d80000
10161 33d88000
10162 33d90000
10163 33d98000
10164 33da0000
10165 33da8000
10166 33db0000
10167 33db8000
10168 33dc0000
10169 33dc8000
10170 33dd0000
10171 33dd8000
10172 33de0000
10173 33de8000
10174 33df0000
10175 33df8000
10176 33e00000
10177 33e08000
10178 33e10000
10179 33e18000
10180 33e20000
10181 33e28000
10182 33e30000
10183 33e38000
10184 33e40000
10185 33e48000
10186 33e50000
10187 33e58000
10188 33e60000
10189 33e68000
10190 33e70000
10191 33e78000
10192 33e80000
10193 33e88000
10194 33e90000
10195 33e98000
10196 33ea0000
10197 33ea8000
10198 33eb0000
10199 33eb8000
10200 33ec0000
10201 33ec8000
10202 33ed0000
10203 33ed8000
10204 33ee0000
10205 33ee8000
10206 33ef0000
10207 33ef8000
10208 33f00000
10209 33f08000
10210 33f10000
10211 33f18000
10212 33f20000
10213 33f28000
10214 33f30000
10215 33f38000
10216 33f40000
10217 33f48000
10218 33f50000
10219 33f58000
10220 33f60000
10221 33f68000
10222 33f70000
10223 33f78000
10224 33f80000
10225 33f88000
10226 33f90000
10227 33f98000
10228 33fa0000
10229 33fa8000
10230 33fb0000
10231 33fb8000
10232 33fc0000
10233 33fc8000
10234 33fd0000
10235 33fd8000
10236 33fe0000
10237 33fe8000
10238 33ff0000
10239 33ff8000
10240 34000000
10241 34008000
10242 34010000
10243 34018000
10244 34020000
10245 34028000
10246 34030000
10247 34038000
10248 34040000
10249 34048000
10250 34050000
10251 34058000
10252 34060000
10253 34068000
10254 34070000
10255 34078000
10256 34080000
10257 34088000
10258 34090000
10259 34098000
10260 340a0000
10261 340a8000
10262 340b0000
10263 340b8000
10264 340c0000
10265 340c8000
10266 340d0000
10267 340d8000
10268 340e0000
10269 340e8000
10270 340f0000
10271 340f8000
10272 34100000
10273 34108000
10274 34110000
10275 34118000
10276 34120000
10277 34128000
10278 34130000
10279 34138000
10280 34140000
10281 34148000
10282 34150000
10283 34158000
10284 34160000
10285 34168000
10286 34170000
10287 34178000
10288 34180000
10289 34188000
10290 34190000
10291 34198000
10292 341a0000
10293 341a8000
10294 341b0000
10295 341b8000
10296 341c0000
10297 341c8000
10298 341d0000
10299 341d8000
10300 341e0000
10301 341e8000
10302 341f0000
10303 341f8000
10304 34200000
10305 34208000
10306 34210000
10307 34218000
10308 34220000
10309 34228000
10310 34230000
10311 34238000
10312 34240000
10313 34248000
10314 34250000
10315 34258000
10316 34260000
10317 34268000
10318 34270000
10319 34278000
10320 34280000
10321 34288000
10322 34290000
10323 34298000
10324 342a0000
10325 342a8000
10326 342b0000
10327 342b8000
10328 342c0000
10329 342c8000
10330 342d0000
10331 342d8000
10332 342e0000
10333 342e8000
10334 342f0000
10335 342f8000
10336 34300000
10337 34308000
10338 34310000
10339 34318000
10340 34320000
10341 34328000
10342 34330000
10343 34338000
10344 34340000
10345 34348000
10346 34350000
10347 34358000
10348 34360000
10349 34368000
10350 34370000
10351 34378000
10352 34380000
10353 34388000
10354 34390000
10355 34398000
10356 343a0000
10357 343a8000
10358 343b0000
10359 343b8000
10360 343c0000
10361 343c8000
10362 343d0000
10363 343d8000
10364 343e0000
10365 343e8000
10366 343f0000
10367 343f8000
10368 34400000
10369 34408000
10370 34410000
10371 34418000
10372 34420000
10373 34428000
10374 34430000
10375 34438000
10376 34440000
10377 34448000
10378 34450000
10379 34458000
10380 34460000
10381 34468000
10382 34470000
10383 34478000
10384 34480000
10385 34488000
10386 34490000
10387 34498000
10388 344a0000
10389 344a8000
10390 344b0000
10391 344b8000
10392 344c0000
10393 344c8000
10394 344d0000
10395 344d8000
10396 344e0000
10397 344e8000
10398 344f0000
10399 344f8000
10400 34500000
10401 34508000
10402 34510000
10403 34518000
10404 34520000
10405 34528000
10406 34530000
10407 34538000
10408 34540000
10409 34548000
10410 34550000
10411 34558000
10412 34560000
10413 34568000
10414 34570000
10415 34578000
10416 34580000
10417 34588000
10418 34590000
10419 34598000
10420 345a0000
10421 345a8000
10422 345b0000
10423 345b8000
10424 345c0000
10425 345c8000
10426 345d0000
10427 345d8000
10428 345e0000
10429 345e8000
10430 345f0000
10431 345f8000
10432 34600000
10433 34608000
10434 34610000
10435 34618000
10436 34620000
10437 34628000
10438 34630000
10439 34638000
10440 34640000
10441 34648000
10442 34650000
10443 34658000
10444 34660000
10445 34668000
10446 34670000
10447 34678000
10448 34680000
10449 34688000
10450 34690000
10451 34698000
10452 346a0000
10453 346a8000
10454 346b0000
10455 346b8000
10456 346c0000
10457 346c8000
10458 346d0000
10459 346d8000
10460 346e0000
10461 346e8000
10462 346f0000
10463 346f8000
10464 34700000
10465 34708000
10466 34710000
10467 34718000
10468 34720000
10469 34728000
10470 34730000
10471 34738000
10472 34740000
10473 34748000
10474 34750000
10475 34758000
10476 34760000
10477 34768000
10478 34770000
10479 34778000
10480 34780000
10481 34788000
10482 34790000
10483 34798000
10484 347a0000
10485 347a8000
10486 347b0000
10487 347b8000
10488 347c0000
10489 347c8000
10490 347d0000
10491 347d8000
10492 347e0000
10493 347e8000
10494 347f0000
10495 347f8000
10496 34800000
10497 34808000
10498 34810000
10499 34818000
10500 34820000
10501 34828000
10502 34830000
10503 34838000
10504 34840000
10505 34848000
10506 34850000
10507 34858000
10508 34860000
10509 34868000
10510 34870000
10511 34878000
10512 34880000
10513 34888000
10514 34890000
10515 34898000
10516 348a0000
10517 348a8000
10518 348b0000
10519 348b8000
10520 348c0000
10521 348c8000
10522 348d0000
10523 348d8000
10524 348e0000
10525 348e8000
10526 348f0000
10527 348f8000
10528 34900000
10529 34908000
10530 34910000
10531 34918000
10532 34920000
10533 34928000
10534 34930000
10535 34938000
10536 34940000
10537 34948000
10538 34950000
10539 34958000
10540 34960000
10541 34968000
10542 34970000
10543 34978000
10544 34980000
10545 34988000
10546 34990000
10547 34998000
10548 349a0000
10549 349a8000
10550 349b0000
10551 349b8000
10552 349c0000
10553 349c8000
10554 349d0000
10555 349d8000
10556 349e0000
10557 349e8000
10558 349f0000
10559 349f8000
10560 34a00000
10561 34a08000
10562 34a10000
10563 34a18000
10564 34a20000
10565 34a28000
10566 34a30000
10567 34a38000
10568 34a40000
10569 34a48000
10570 34a50000
10571 34a58000
10572 34a60000
10573 34a68000
10574 34a70000
10575 34a78000
10576 34a80000
10577 34a88000
10578 34a90000
10579 34a98000
10580 34aa0000
10581 34aa8000
10582 34ab0000
10583 34ab8000
10584 34ac0000
10585 34ac8000
10586 34ad0000
10587 34ad8000
10588 34ae0000
10589 34ae8000
10590 34af0000
10591 34af8000
10592 34b00000
10593 34b08000
10594 34b10000
10595 34b18000
10596 34b20000
10597 34b28000
10598 34b30000
10599 34b38000
10600 34b40000
10601 34b48000
10602 34b50000
10603 34b58000
10604 34b60000
10605 34b68000
10606 34b70000
10607 34b78000
10608 34b80000
10609 34b88000
10610 34b90000
10611 34b98000
10612 34ba0000
10613 34ba8000
10614 34bb0000
10615 34bb8000
10616 34bc0000
10617 34bc8000
10618 34bd0000
10619 34bd8000
10620 34be0000
10621 34be8000
10622 34bf0000
10623 34bf8000
10624 34c00000
10625 34c08000
10626 34c10000
10627 34c18000
10628 34c20000
10629 34c28000
10630 34c30000
10631 34c38000
10632 34c40000
10633 34c48000
10634 34c50000
10635 34c58000
10636 34c60000
10637 34c68000
10638 34c70000
10639 34c78000
10640 34c80000
10641 34c88000
10642 34c90000
10643 34c98000
10644 34ca0000
10645 34ca8000
10646 34cb0000
10647 34cb8000
10648 34cc0000
10649 34cc8000
10650 34cd0000
10651 34cd8000
10652 34ce0000
10653 34ce8000
10654 34cf0000
10655 34cf8000
10656 34d00000
10657 34d08000
10658 34d10000
10659 34d18000
10660 34d20000
10661 34d28000
10662 34d30000
10663 34d38000
10664 34d40000
10665 34d48000
10666 34d50000
10667 34d58000
10668 34d60000
10669 34d68000
10670 34d70000
10671 34d78000
10672 34d80000
10673 34d88000
10674 34d90000
10675 34d98000
10676 34da0000
10677 34da8000
10678 34db0000
10679 34db8000
10680 34dc0000
10681 34dc8000
10682 34dd0000
10683 34dd8000
10684 34de0000
10685 34de8000
10686 34df0000
10687 34df8000
10688 34e00000
10689 34e08000
10690 34e10000
10691 34e18000
10692 34e20000
10693 34e28000
10694 34e30000
10695 34e38000
10696 34e40000
10697 34e48000
10698 34e50000
10699 34e58000
10700 34e60000
10701 34e68000
10702 34e70000
10703 34e78000
10704 34e80000
10705 34e88000
10706 34e90000
10707 34e98000
10708 34ea0000
10709 34ea8000
10710 34eb0000
10711 34eb8000
10712 34ec0000
10713 34ec8000
10714 34ed0000
10715 34ed8000
10716 34ee0000
10717 34ee8000
10718 34ef0000
10719 34ef8000
10720 34f00000
10721 34f08000
10722 34f10000
10723 34f18000
10724 34f20000
10725 34f28000
10726 34f30000
10727 34f38000
10728 34f40000
10729 34f48000
10730 34f50000
10731 34f58000
10732 34f60000
10733 34f68000
10734 34f70000
10735 34f78000
10736 34f80000
10737 34f88000
10738 34f90000
10739 34f98000
10740 34fa0000
10741 34fa8000
10742 34fb0000
10743 34fb8000
10744 34fc0000
10745 34fc8000
10746 34fd0000
10747 34fd8000
10748 34fe0000
10749 34fe8000
10750 34ff0000
10751 34ff8000
10752 35000000
10753 35008000
10754 35010000
10755 35018000
10756 35020000
10757 35028000
10758 35030000
10759 35038000
10760 35040000
10761 35048000
10762 35050000
10763 35058000
10764 35060000
10765 35068000
10766 35070000
10767 35078000
10768 35080000
10769 35088000
10770 35090000
10771 35098000
10772 350a0000
10773 350a8000
10774 350b0000
10775 350b8000
10776 350c0000
10777 350c8000
10778 350d0000
10779 350d8000
10780 350e0000
10781 350e8000
10782 350f0000
10783 350f8000
10784 35100000
10785 35108000
10786 35110000
10787 35118000
10788 35120000
10789 35128000
10790 35130000
10791 35138000
10792 35140000
10793 35148000
10794 35150000
10795 35158000
10796 35160000
10797 35168000
10798 35170000
10799 35178000
10800 35180000
10801 35188000
10802 35190000
10803 35198000
10804 351a0000
10805 351a8000
10806 351b0000
10807 351b8000
10808 351c0000
10809 351c8000
10810 351d0000
10811 351d8000
10812 351e0000
10813 351e8000
10814 351f0000
10815 351f8000
10816 35200000
10817 35208000
10818 35210000
10819 35218000
10820 35220000
10821 35228000
10822 35230000
10823 35238000
10824 35240000
10825 35248000
10826 35250000
10827 35258000
10828 35260000
10829 35268000
10830 35270000
10831 35278000
10832 35280000
10833 35288000
10834 35290000
10835 35298000
10836 352a0000
10837 352a8000
10838 352b0000
10839 352b8000
10840 352c0000
10841 352c8000
10842 352d0000
10843 352d8000
10844 352e0000
10845 352e8000
10846 352f0000
10847 352f8000
10848 35300000
10849 35308000
10850 35310000
10851 35318000
10852 35320000
10853 35328000
10854 35330000
10855 35338000
10856 35340000
10857 35348000
10858 35350000
10859 35358000
10860 35360000
10861 35368000
10862 35370000
10863 35378000
10864 35380000
10865 35388000
10866 35390000
10867 35398000
10868 353a0000
10869 353a8000
10870 353b0000
10871 353b8000
10872 353c0000
10873 353c8000
10874 353d0000
10875 353d8000
10876 353e0000
10877 353e8000
10878 353f0000
10879 353f8000
10880 35400000
10881 35408000
10882 35410000
10883 35418000
10884 35420000
10885 35428000
10886 35430000
10887 35438000
10888 35440000
10889 35448000
10890 35450000
10891 35458000
10892 35460000
10893 35468000
10894 35470000
10895 35478000
10896 35480000
10897 35488000
10898 35490000
10899 35498000
10900 354a0000
10901 354a8000
10902 354b0000
10903 354b8000
10904 354c0000
10905 354c8000
10906 354d0000
10907 354d8000
10908 354e0000
10909 354e8000
10910 354f0000
10911 354f8000
10912 35500000
10913 35508000
10914 35510000
10915 35518000
10916 35520000
10917 35528000
10918 35530000
10919 35538000
10920 35540000
10921 35548000
10922 35550000
10923 35558000
10924 35560000
10925 35568000
10926 35570000
10927 35578000
10928 35580000
10929 35588000
10930 35590000
10931 35598000
10932 355a0000
10933 355a8000
10934 355b0000
10935 355b8000
10936 355c0000
10937 355c8000
10938 355d0000
10939 355d8000
10940 355e0000
10941 355e8000
10942 355f0000
10943 355f8000
10944 35600000
10945 35608000
10946 35610000
10947 35618000
10948 35620000
10949 35628000
10950 35630000
10951 35638000
10952 35640000
10953 35648000
10954 35650000
10955 35658000
10956 35660000
10957 35668000
10958 35670000
10959 35678000
10960 35680000
10961 35688000
10962 35690000
10963 35698000
10964 356a0000
10965 356a8000
10966 356b0000
10967 356b8000
10968 356c0000
10969 356c8000
10970 356d0000
10971 356d8000
10972 356e0000
10973 356e8000
10974 356f0000
10975 356f8000
10976 35700000
10977 35708000
10978 35710000
10979 35718000
10980 35720000
10981 35728000
10982 35730000
10983 35738000
10984 35740000
10985 35748000
10986 35750000
10987 35758000
10988 35760000
10989 35768000
10990 35770000
10991 35778000
10992 35780000
10993 35788000
10994 35790000
10995 35798000
10996 357a0000
10997 357a8000
10998 357b0000
10999 357b8000
11000 357c0000
11001 357c8000
11002 357d0000
11003 357d8000
11004 357e0000
11005 357e8000
11006 357f0000
11007 357f8000
11008 35800000
11009 35808000
11010 35810000
11011 35818000
11012 35820000
11013 35828000
11014 35830000
11015 35838000
11016 35840000
11017 35848000
11018 35850000
11019 35858000
11020 35860000
11021 35868000
11022 35870000
11023 35878000
11024 35880000
11025 35888000
11026 35890000
11027 35898000
11028 358a0000
11029 358a8000
11030 358b0000
11031 358b8000
11032 358c0000
11033 358c8000
11034 358d0000
11035 358d8000
11036 358e0000
11037 358e8000
11038 358f0000
11039 358f8000
11040 35900000
11041 35908000
11042 35910000
11043 35918000
11044 35920000
11045 35928000
11046 35930000
11047 35938000
11048 35940000
11049 35948000
11050 35950000
11051 35958000
11052 35960000
11053 35968000
11054 35970000
11055 35978000
11056 35980000
11057 35988000
11058 35990000
11059 35998000
11060 359a0000
11061 359a8000
11062 359b0000
11063 359b8000
11064 359c0000
11065 359c8000
11066 359d0000
11067 359d8000
11068 359e0000
11069 359e8000
11070 359f0000
11071 359f8000
11072 35a00000
11073 35a08000
11074 35a10000
11075 35a18000
11076 35a20000
11077 35a28000
11078 35a30000
11079 35a38000
11080 35a40000
11081 35a48000
11082 35a50000
11083 35a58000
11084 35a60000
11085 35a68000
11086 35a70000
11087 35a78000
11088 35a80000
11089 35a88000
11090 35a90000
11091 35a98000
11092 35aa0000
11093 35aa8000
11094 35ab0000
11095 35ab8000
11096 35ac0000
11097 35ac8000
11098 35ad0000
11099 35ad8000
11100 35ae0000
11101 35ae8000
11102 35af0000
11103 35af8000
11104 35b00000
11105 35b08000
11106 35b10000
11107 35b18000
11108 35b20000
11109 35b28000
11110 35b30000
11111 35b38000
11112 35b40000
11113 35b48000
11114 35b50000
11115 35b58000
11116 35b60000
11117 35b68000
11118 35b70000
11119 35b78000
11120 35b80000
11121 35b88000
11122 35b90000
11123 35b98000
11124 35ba0000
11125 35ba8000
11126 35bb0000
11127 35bb8000
11128 35bc0000
11129 35bc8000
11130 35bd0000
11131 35bd8000
11132 35be0000
11133 35be8000
11134 35bf0000
11135 35bf8000
11136 35c00000
11137 35c08000
11138 35c10000
11139 35c18000
11140 35c20000
11141 35c28000
11142 35c30000
11143 35c38000
11144 35c40000
11145 35c48000
11146 35c50000
11147 35c58000
11148 35c60000
11149 35c68000
11150 35c70000
11151 35c78000
11152 35c80000
11153 35c88000
11154 35c90000
11155 35c98000
11156 35ca0000
11157 35ca8000
11158 35cb0000
11159 35cb8000
11160 35cc0000
11161 35cc8000
11162 35cd0000
11163 35cd8000
11164 35ce0000
11165 35ce8000
11166 35cf0000
11167 35cf8000
11168 35d00000
11169 35d08000
11170 35d10000
11171 35d18000
11172 35d20000
11173 35d28000
11174 35d30000
11175 35d38000
11176 35d40000
11177 35d48000
11178 35d50000
11179 35d58000
11180 35d60000
11181 35d68000
11182 35d70000
11183 35d78000
11184 35d80000
11185 35d88000
11186 35d90000
11187 35d98000
11188 35da0000
11189 35da8000
11190 35db0000
11191 35db8000
11192 35dc0000
11193 35dc8000
11194 35dd0000
11195 35dd8000
11196 35de0000
11197 35de8000
11198 35df0000
11199 35df8000
11200 35e00000
11201 35e08000
11202 35e10000
11203 35e18000
11204 35e20000
11205 35e28000
11206 35e30000
11207 35e38000
11208 35e40000
11209 35e48000
11210 35e50000
11211 35e58000
11212 35e60000
11213 35e68000
11214 35e70000
11215 35e78000
11216 35e80000
11217 35e88000
11218 35e90000
11219 35e98000
11220 35ea0000
11221 35ea8000
11222 35eb0000
11223 35eb8000
11224 35ec0000
11225 35ec8000
11226 35ed0000
11227 35ed8000
11228 35ee0000
11229 35ee8000
11230 35ef0000
11231 35ef8000
11232 35f00000
11233 35f08000
11234 35f10000
11235 35f18000
11236 35f20000
11237 35f28000
11238 35f30000
11239 35f38000
11240 35f40000
11241 35f48000
11242 35f50000
11243 35f58000
11244 35f60000
11245 35f68000
11246 35f70000
11247 35f78000
11248 35f80000
11249 35f88000
11250 35f90000
11251 35f98000
11252 35fa0000
11253 35fa8000
11254 35fb0000
11255 35fb8000
11256 35fc0000
11257 35fc8000
11258 35fd0000
11259 35fd8000
11260 35fe0000
11261 35fe8000
11262 35ff0000
11263 35ff8000
11264 36000000
11265 36008000
11266 36010000
11267 36018000
11268 36020000
11269 36028000
11270 36030000
11271 36038000
11272 36040000
11273 36048000
11274 36050000
11275 36058000
11276 36060000
11277 36068000
11278 36070000
11279 36078000
11280 36080000
11281 36088000
11282 36090000
11283 36098000
11284 360a0000
11285 360a8000
11286 360b0000
11287 360b8000
11288 360c0000
11289 360c8000
11290 360d0000
11291 360d8000
11292 360e0000
11293 360e8000
11294 360f0000
11295 360f8000
11296 36100000
11297 36108000
11298 36110000
11299 36118000
11300 36120000
11301 36128000
11302 36130000
11303 36138000
11304 36140000
11305 36148000
11306 36150000
11307 36158000
11308 36160000
11309 36168000
11310 36170000
11311 36178000
11312 36180000
11313 36188000
11314 36190000
11315 36198000
11316 361a0000
11317 361a8000
11318 361b0000
11319 361b8000
11320 361c0000
11321 361c8000
11322 361d0000
11323 361d8000
11324 361e0000
11325 361e8000
11326 361f0000
11327 361f8000
11328 36200000
11329 36208000
11330 36210000
11331 36218000
11332 36220000
11333 36228000
11334 36230000
11335 36238000
11336 36240000
11337 36248000
11338 36250000
11339 36258000
11340 36260000
11341 36268000
11342 36270000
11343 36278000
11344 36280000
11345 36288000
11346 36290000
11347 36298000
11348 362a0000
11349 362a8000
11350 362b0000
11351 362b8000
11352 362c0000
11353 362c8000
11354 362d0000
11355 362d8000
11356 362e0000
11357 362e8000
11358 362f0000
11359 362f8000
11360 36300000
11361 36308000
11362 36310000
11363 36318000
11364 36320000
11365 36328000
11366 36330000
11367 36338000
11368 36340000
11369 36348000
11370 36350000
11371 36358000
11372 36360000
11373 36368000
11374 36370000
11375 36378000
11376 36380000
11377 36388000
11378 36390000
11379 36398000
11380 363a0000
11381 363a8000
11382 363b0000
11383 363b8000
11384 363c0000
11385 363c8000
11386 363d0000
11387 363d8000
11388 363e0000
11389 363e8000
11390 363f0000
11391 363f8000
11392 36400000
11393 36408000
11394 36410000
11395 36418000
11396 36420000
11397 36428000
11398 36430000
11399 36438000
11400 36440000
11401 36448000
11402 36450000
11403 36458000
11404 36460000
11405 36468000
11406 36470000
11407 36478000
11408 36480000
11409 36488000
11410 36490000
11411 36498000
11412 364a0000
11413 364a8000
11414 364b0000
11415 364b8000
11416 364c0000
11417 364c8000
11418 364d0000
11419 364d8000
11420 364e0000
11421 364e8000
11422 364f0000
11423 364f8000
11424 36500000
11425 36508000
11426 36510000
11427 36518000
11428 36520000
11429 36528000
11430 36530000
11431 36538000
11432 36540000
11433 36548000
11434 36550000
11435 36558000
11436 36560000
11437 36568000
11438 36570000
11439 36578000
11440 36580000
11441 36588000
11442 36590000
11443 36598000
11444 365a0000
11445 365a8000
11446 365b0000
11447 365b8000
11448 365c0000
11449 365c8000
11450 365d0000
11451 365d8000
11452 365e0000
11453 365e8000
11454 365f0000
11455 365f8000
11456 36600000
11457 36608000
11458 36610000
11459 36618000
11460 36620000
11461 36628000
11462 36630000
11463 36638000
11464 36640000
11465 36648000
11466 36650000
11467 36658000
11468 36660000
11469 36668000
11470 36670000
11471 36678000
11472 36680000
11473 36688000
11474 36690000
11475 36698000
11476 366a0000
11477 366a8000
11478 366b0000
11479 366b8000
11480 366c0000
11481 366c8000
11482 366d0000
11483 366d8000
11484 366e0000
11485 366e8000
11486 366f0000
11487 366f8000
11488 36700000
11489 36708000
11490 36710000
11491 36718000
11492 36720000
11493 36728000
11494 36730000
11495 36738000
11496 36740000
11497 36748000
11498 36750000
11499 36758000
11500 36760000
11501 36768000
11502 36770000
11503 36778000
11504 36780000
11505 36788000
11506 36790000
11507 36798000
11508 367a0000
11509 367a8000
11510 367b0000
11511 367b8000
11512 367c0000
11513 367c8000
11514 367d0000
11515 367d8000
11516 367e0000
11517 367e8000
11518 367f0000
11519 367f8000
11520 36800000
11521 36808000
11522 36810000
11523 36818000
11524 36820000
11525 36828000
11526 36830000
11527 36838000
11528 36840000
11529 36848000
11530 36850000
11531 36858000
11532 36860000
11533 36868000
11534 36870000
11535 36878000
11536 36880000
11537 36888000
11538 36890000
11539 36898000
11540 368a0000
11541 368a8000
11542 368b0000
11543 368b8000
11544 368c0000
11545 368c8000
11546 368d0000
11547 368d8000
11548 368e0000
11549 368e8000
11550 368f0000
11551 368f8000
11552 36900000
11553 36908000
11554 36910000
11555 36918000
11556 36920000
11557 36928000
11558 36930000
11559 36938000
11560 36940000
11561 36948000
11562 36950000
11563 36958000
11564 36960000
11565 36968000
11566 36970000
11567 36978000
11568 36980000
11569 36988000
11570 36990000
11571 36998000
11572 369a0000
11573 369a8000
11574 369b0000
11575 369b8000
11576 369c0000
11577 369c8000
11578 369d0000
11579 369d8000
11580 369e0000
11581 369e8000
11582 369f0000
11583 369f8000
11584 36a00000
11585 36a08000
11586 36a10000
11587 36a18000
11588 36a20000
11589 36a28000
11590 36a30000
11591 36a38000
11592 36a40000
11593 36a48000
11594 36a50000
11595 36a58000
11596 36a60000
11597 36a68000
11598 36a70000
11599 36a78000
11600 36a80000
11601 36a88000
11602 36a90000
11603 36a98000
11604 36aa0000
11605 36aa8000
11606 36ab0000
11607 36ab8000
11608 36ac0000
11609 36ac8000
11610 36ad0000
11611 36ad8000
11612 36ae0000
11613 36ae8000
11614 36af0000
11615 36af8000
11616 36b00000
11617 36b08000
11618 36b10000
11619 36b18000
11620 36b20000
11621 36b28000
11622 36b30000
11623 36b38000
11624 36b40000
11625 36b48000
11626 36b50000
11627 36b58000
11628 36b60000
11629 36b68000
11630 36b70000
11631 36b78000
11632 36b80000
11633 36b88000
11634 36b90000
11635 36b98000
11636 36ba0000
11637 36ba8000
11638 36bb0000
11639 36bb8000
11640 36bc0000
11641 36bc8000
11642 36bd0000
11643 36bd8000
11644 36be0000
11645 36be8000
11646 36bf0000
11647 36bf8000
11648 36c00000
11649 36c08000
11650 36c10000
11651 36c18000
11652 36c20000
11653 36c28000
11654 36c30000
11655 36c38000
11656 36c40000
11657 36c48000
11658 36c50000
11659 36c58000
11660 36c60000
11661 36c68000
11662 36c70000
11663 36c78000
11664 36c80000
11665 36c88000
11666 36c90000
11667 36c98000
11668 36ca0000
11669 36ca8000
11670 36cb0000
11671 36cb8000
11672 36cc0000
11673 36cc8000
11674 36cd0000
11675 36cd8000
11676 36ce0000
11677 36ce8000
11678 36cf0000
11679 36cf8000
11680 36d00000
11681 36d08000
11682 36d10000
11683 36d18000
11684 36d20000
11685 36d28000
11686 36d30000
11687 36d38000
11688 36d40000
11689 36d48000
11690 36d50000
11691 36d58000
11692 36d60000
11693 36d68000
11694 36d70000
11695 36d78000
11696 36d80000
11697 36d88000
11698 36d90000
11699 36d98000
11700 36da0000
11701 36da8000
11702 36db0000
11703 36db8000
11704 36dc0000
11705 36dc8000
11706 36dd0000
11707 36dd8000
11708 36de0000
11709 36de8000
11710 36df0000
11711 36df8000
11712 36e00000
11713 36e08000
11714 36e10000
11715 36e18000
11716 36e20000
11717 36e28000
11718 36e30000
11719 36e38000
11720 36e40000
11721 36e48000
11722 36e50000
11723 36e58000
11724 36e60000
11725 36e68000
11726 36e70000
11727 36e78000
11728 36e80000
11729 36e88000
11730 36e90000
11731 36e98000
11732 36ea0000
11733 36ea8000
11734 36eb0000
11735 36eb8000
11736 36ec0000
11737 36ec8000
11738 36ed0000
11739 36ed8000
11740 36ee0000
11741 36ee8000
11742 36ef0000
11743 36ef8000
11744 36f00000
11745 36f08000
11746 36f10000
11747 36f18000
11748 36f20000
11749 36f28000
11750 36f30000
11751 36f38000
11752 36f40000
11753 36f48000
11754 36f50000
11755 36f58000
11756 36f60000
11757 36f68000
11758 36f70000
11759 36f78000
11760 36f80000
11761 36f88000
11762 36f90000
11763 36f98000
11764 36fa0000
11765 36fa8000
11766 36fb0000
11767 36fb8000
11768 36fc0000
11769 36fc8000
11770 36fd0000
11771 36fd8000
11772 36fe0000
11773 36fe8000
11774 36ff0000
11775 36ff8000
11776 37000000
11777 37008000
11778 37010000
11779 37018000
11780 37020000
11781 37028000
11782 37030000
11783 37038000
11784 37040000
11785 37048000
11786 37050000
11787 37058000
11788 37060000
11789 37068000
11790 37070000
11791 37078000
11792 37080000
11793 37088000
11794 37090000
11795 37098000
11796 370a0000
11797 370a8000
11798 370b0000
11799 370b8000
11800 370c0000
11801 370c8000
11802 370d0000
11803 370d8000
11804 370e0000
11805 370e8000
11806 370f0000
11807 370f8000
11808 37100000
11809 37108000
11810 37110000
11811 37118000
11812 37120000
11813 37128000
11814 37130000
11815 37138000
11816 37140000
11817 37148000
11818 37150000
11819 37158000
11820 37160000
11821 37168000
11822 37170000
11823 37178000
11824 37180000
11825 37188000
11826 37190000
11827 37198000
11828 371a0000
11829 371a8000
11830 371b0000
11831 371b8000
11832 371c0000
11833 371c8000
11834 371d0000
11835 371d8000
11836 371e0000
11837 371e8000
11838 371f0000
11839 371f8000
11840 37200000
11841 37208000
11842 37210000
11843 37218000
11844 37220000
11845 37228000
11846 37230000
11847 37238000
11848 37240000
11849 37248000
11850 37250000
11851 37258000
11852 37260000
11853 37268000
11854 37270000
11855 37278000
11856 37280000
11857 37288000
11858 37290000
11859 37298000
11860 372a0000
11861 372a8000
11862 372b0000
11863 372b8000
11864 372c0000
11865 372c8000
11866 372d0000
11867 372d8000
11868 372e0000
11869 372e8000
11870 372f0000
11871 372f8000
11872 37300000
11873 37308000
11874 37310000
11875 37318000
11876 37320000
11877 37328000
11878 37330000
11879 37338000
11880 37340000
11881 37348000
11882 37350000
11883 37358000
11884 37360000
11885 37368000
11886 37370000
11887 37378000
11888 37380000
11889 37388000
11890 37390000
11891 37398000
11892 373a0000
11893 373a8000
11894 373b0000
11895 373b8000
11896 373c0000
11897 373c8000
11898 373d0000
11899 373d8000
11900 373e0000
11901 373e8000
11902 373f0000
11903 373f8000
11904 37400000
11905 37408000
11906 37410000
11907 37418000
11908 37420000
11909 37428000
11910 37430000
11911 37438000
11912 37440000
11913 37448000
11914 37450000
11915 37458000
11916 37460000
11917 37468000
11918 37470000
11919 37478000
11920 37480000
11921 37488000
11922 37490000
11923 37498000
11924 374a0000
11925 374a8000
11926 374b0000
11927 374b8000
11928 374c0000
11929 374c8000
11930 374d0000
11931 374d8000
11932 374e0000
11933 374e8000
11934 374f0000
11935 374f8000
11936 37500000
11937 37508000
11938 37510000
11939 37518000
11940 37520000
11941 37528000
11942 37530000
11943 37538000
11944 37540000
11945 37548000
11946 37550000
11947 37558000
11948 37560000
11949 37568000
11950 37570000
11951 37578000
11952 37580000
11953 37588000
11954 37590000
11955 37598000
11956 375a0000
11957 375a8000
11958 375b0000
11959 375b8000
11960 375c0000
11961 375c8000
11962 375d0000
11963 375d8000
11964 375e0000
11965 375e8000
11966 375f0000
11967 375f8000
11968 37600000
11969 37608000
11970 37610000
11971 37618000
11972 37620000
11973 37628000
11974 37630000
11975 37638000
11976 37640000
11977 37648000
11978 37650000
11979 37658000
11980 37660000
11981 37668000
11982 37670000
11983 37678000
11984 37680000
11985 37688000
11986 37690000
11987 37698000
11988 376a0000
11989 376a8000
11990 376b0000
11991 376b8000
11992 376c0000
11993 376c8000
11994 376d0000
11995 376d8000
11996 376e0000
11997 376e8000
11998 376f0000
11999 376f8000
12000 37700000
12001 37708000
12002 37710000
12003 37718000
12004 37720000
12005 37728000
12006 37730000
12007 37738000
12008 37740000
12009 37748000
12010 37750000
12011 37758000
12012 37760000
12013 37768000
12014 37770000
12015 37778000
12016 37780000
12017 37788000
12018 37790000
12019 37798000
12020 377a0000
12021 377a8000
12022 377b0000
12023 377b8000
12024 377c0000
12025 377c8000
12026 377d0000
12027 377d8000
12028 377e0000
12029 377e8000
12030 377f0000
12031 377f8000
12032 37800000
12033 37808000
12034 37810000
12035 37818000
12036 37820000
12037 37828000
12038 37830000
12039 37838000
12040 37840000
12041 37848000
12042 37850000
12043 37858000
12044 37860000
12045 37868000
12046 37870000
12047 37878000
12048 37880000
12049 37888000
12050 37890000
12051 37898000
12052 378a0000
12053 378a8000
12054 378b0000
12055 378b8000
12056 378c0000
12057 378c8000
12058 378d0000
12059 378d8000
12060 378e0000
12061 378e8000
12062 378f0000
12063 378f8000
12064 37900000
12065 37908000
12066 37910000
12067 37918000
12068 37920000
12069 37928000
12070 37930000
12071 37938000
12072 37940000
12073 37948000
12074 37950000
12075 37958000
12076 37960000
12077 37968000
12078 37970000
12079 37978000
12080 37980000
12081 37988000
12082 37990000
12083 37998000
12084 379a0000
12085 379a8000
12086 379b0000
12087 379b8000
12088 379c0000
12089 379c8000
12090 379d0000
12091 379d8000
12092 379e0000
12093 379e8000
12094 379f0000
12095 379f8000
12096 37a00000
12097 37a08000
12098 37a10000
12099 37a18000
12100 37a20000
12101 37a28000
12102 37a30000
12103 37a38000
12104 37a40000
12105 37a48000
12106 37a50000
12107 37a58000
12108 37a60000
12109 37a68000
12110 37a70000
12111 37a78000
12112 37a80000
12113 37a88000
12114 37a90000
12115 37a98000
12116 37aa0000
12117 37aa8000
12118 37ab0000
12119 37ab8000
12120 37ac0000
12121 37ac8000
12122 37ad0000
12123 37ad8000
12124 37ae0000
12125 37ae8000
12126 37af0000
12127 37af8000
12128 37b00000
12129 37b08000
12130 37b10000
12131 37b18000
12132 37b20000
12133 37b28000
12134 37b30000
12135 37b38000
12136 37b40000
12137 37b48000
12138 37b50000
12139 37b58000
12140 37b60000
12141 37b68000
12142 37b70000
12143 37b78000
12144 37b80000
12145 37b88000
12146 37b90000
12147 37b98000
12148 37ba0000
12149 37ba8000
12150 37bb0000
12151 37bb8000
12152 37bc0000
12153 37bc8000
12154 37bd0000
12155 37bd8000
12156 37be0000
12157 37be8000
12158 37bf0000
12159 37bf8000
12160 37c00000
12161 37c08000
12162 37c10000
12163 37c18000
12164 37c20000
12165 37c28000
12166 37c30000
12167 37c38000
12168 37c40000
12169 37c48000
12170 37c50000
12171 37c58000
12172 37c60000
12173 37c68000
12174 37c70000
12175 37c78000
12176 37c80000
12177 37c88000
12178 37c90000
12179 37c98000
12180 37ca0000
12181 37ca8000
12182 37cb0000
12183 37cb8000
12184 37cc0000
12185 37cc8000
12186 37cd0000
12187 37cd8000
12188 37ce0000
12189 37ce8000
12190 37cf0000
12191 37cf8000
12192 37d00000
12193 37d08000
12194 37d10000
12195 37d18000
12196 37d20000
12197 37d28000
12198 37d30000
12199 37d38000
12200 37d40000
12201 37d48000
12202 37d50000
12203 37d58000
12204 37d60000
12205 37d68000
12206 37d70000
12207 37d78000
12208 37d80000
12209 37d88000
12210 37d90000
12211 37d98000
12212 37da0000
12213 37da8000
12214 37db0000
12215 37db8000
12216 37dc0000
12217 37dc8000
12218 37dd0000
12219 37dd8000
12220 37de0000
12221 37de8000
12222 37df0000
12223 37df8000
12224 37e00000
12225 37e08000
12226 37e10000
12227 37e18000
12228 37e20000
12229 37e28000
12230 37e30000
12231 37e38000
12232 37e40000
12233 37e48000
12234 37e50000
12235 37e58000
12236 37e60000
12237 37e68000
12238 37e70000
12239 37e78000
12240 37e80000
12241 37e88000
12242 37e90000
12243 37e98000
12244 37ea0000
12245 37ea8000
12246 37eb0000
12247 37eb8000
12248 37ec0000
12249 37ec8000
12250 37ed0000
12251 37ed8000
12252 37ee0000
12253 37ee8000
12254 37ef0000
12255 37ef8000
12256 37f00000
12257 37f08000
12258 37f10000
12259 37f18000
12260 37f20000
12261 37f28000
12262 37f30000
12263 37f38000
12264 37f40000
12265 37f48000
12266 37f50000
12267 37f58000
12268 37f60000
12269 37f68000
12270 37f70000
12271 37f78000
12272 37f80000
12273 37f88000
12274 37f90000
12275 37f98000
12276 37fa0000
12277 37fa8000
12278 37fb0000
12279 37fb8000
12280 37fc0000
12281 37fc8000
12282 37fd0000
12283 37fd8000
12284 37fe0000
12285 37fe8000
12286 37ff0000
12287 37ff8000
12288 38000000
12289 38008000
12290 38010000
12291 38018000
12292 38020000
12293 38028000
12294 38030000
12295 38038000
12296 38040000
12297 38048000
12298 38050000
12299 38058000
12300 38060000
12301 38068000
12302 38070000
12303 38078000
12304 38080000
12305 38088000
12306 38090000
12307 38098000
12308 380a0000
12309 380a8000
12310 380b0000
12311 380b8000
12312 380c0000
12313 380c8000
12314 380d0000
12315 380d8000
12316 380e0000
12317 380e8000
12318 380f0000
12319 380f8000
12320 38100000
12321 38108000
12322 38110000
12323 38118000
12324 38120000
12325 38128000
12326 38130000
12327 38138000
12328 38140000
12329 38148000
12330 38150000
12331 38158000
12332 38160000
12333 38168000
12334 38170000
12335 38178000
12336 38180000
12337 38188000
12338 38190000
12339 38198000
12340 381a0000
12341 381a8000
12342 381b0000
12343 381b8000
12344 381c0000
12345 381c8000
12346 381d0000
12347 381d8000
12348 381e0000
12349 381e8000
12350 381f0000
12351 381f8000
12352 38200000
12353 38208000
12354 38210000
12355 38218000
12356 38220000
12357 38228000
12358 38230000
12359 38238000
12360 38240000
12361 38248000
12362 38250000
12363 38258000
12364 38260000
12365 38268000
12366 38270000
12367 38278000
12368 38280000
12369 38288000
12370 38290000
12371 38298000
12372 382a0000
12373 382a8000
12374 382b0000
12375 382b8000
12376 382c0000
12377 382c8000
12378 382d0000
12379 382d8000
12380 382e0000
12381 382e8000
12382 382f0000
12383 382f8000
12384 38300000
12385 38308000
12386 38310000
12387 38318000
12388 38320000
12389 38328000
12390 38330000
12391 38338000
12392 38340000
12393 38348000
12394 38350000
12395 38358000
12396 38360000
12397 38368000
12398 38370000
12399 38378000
12400 38380000
12401 38388000
12402 38390000
12403 38398000
12404 383a0000
12405 383a8000
12406 383b0000
12407 383b8000
12408 383c0000
12409 383c8000
12410 383d0000
12411 383d8000
12412 383e0000
12413 383e8000
12414 383f0000
12415 383f8000
12416 38400000
12417 38408000
12418 38410000
12419 38418000
12420 38420000
12421 38428000
12422 38430000
12423 38438000
12424 38440000
12425 38448000
12426 38450000
12427 38458000
12428 38460000
12429 38468000
12430 38470000
12431 38478000
12432 38480000
12433 38488000
12434 38490000
12435 38498000
12436 384a0000
12437 384a8000
12438 384b0000
12439 384b8000
12440 384c0000
12441 384c8000
12442 384d0000
12443 384d8000
12444 384e0000
12445 384e8000
12446 384f0000
12447 384f8000
12448 38500000
12449 38508000
12450 38510000
12451 38518000
12452 38520000
12453 38528000
12454 38530000
12455 38538000
12456 38540000
12457 38548000
12458 38550000
12459 38558000
12460 38560000
12461 38568000
12462 38570000
12463 38578000
12464 38580000
12465 38588000
12466 38590000
12467 38598000
12468 385a0000
12469 385a8000
12470 385b0000
12471 385b8000
12472 385c0000
12473 385c8000
12474 385d0000
12475 385d8000
12476 385e0000
12477 385e8000
12478 385f0000
12479 385f8000
12480 38600000
12481 38608000
12482 38610000
12483 38618000
12484 38620000
12485 38628000
12486 38630000
12487 38638000
12488 38640000
12489 38648000
12490 38650000
12491 38658000
12492 38660000
12493 38668000
12494 38670000
12495 38678000
12496 38680000
12497 38688000
12498 38690000
12499 38698000
12500 386a0000
12501 386a8000
12502 386b0000
12503 386b8000
12504 386c0000
12505 386c8000
12506 386d0000
12507 386d8000
12508 386e0000
12509 386e8000
12510 386f0000
12511 386f8000
12512 38700000
12513 38708000
12514 38710000
12515 38718000
12516 38720000
12517 38728000
12518 38730000
12519 38738000
12520 38740000
12521 38748000
12522 38750000
12523 38758000
12524 38760000
12525 38768000
12526 38770000
12527 38778000
12528 38780000
12529 38788000
12530 38790000
12531 38798000
12532 387a0000
12533 387a8000
12534 387b0000
12535 387b8000
12536 387c0000
12537 387c8000
12538 387d0000
12539 387d8000
12540 387e0000
12541 387e8000
12542 387f0000
12543 387f8000
12544 38800000
12545 38808000
12546 38810000
12547 38818000
12548 38820000
12549 38828000
12550 38830000
12551 38838000
12552 38840000
12553 38848000
12554 38850000
12555 38858000
12556 38860000
12557 38868000
12558 38870000
12559 38878000
12560 38880000
12561 38888000
12562 38890000
12563 38898000
12564 388a0000
12565 388a8000
12566 388b0000
12567 388b8000
12568 388c0000
12569 388c8000
12570 388d0000
12571 388d8000
12572 388e0000
12573 388e8000
12574 388f0000
12575 388f8000
12576 38900000
12577 38908000
12578 38910000
12579 38918000
12580 38920000
12581 38928000
12582 38930000
12583 38938000
12584 38940000
12585 38948000
12586 38950000
12587 38958000
12588 38960000
12589 38968000
12590 38970000
12591 38978000
12592 38980000
12593 38988000
12594 38990000
12595 38998000
12596 389a0000
12597 389a8000
12598 389b0000
12599 389b8000
12600 389c0000
12601 389c8000
12602 389d0000
12603 389d8000
12604 389e0000
12605 389e8000
12606 389f0000
12607 389f8000
12608 38a00000
12609 38a08000
12610 38a10000
12611 38a18000
12612 38a20000
12613 38a28000
12614 38a30000
12615 38a38000
12616 38a40000
12617 38a48000
12618 38a50000
12619 38a58000
12620 38a60000
12621 38a68000
12622 38a70000
12623 38a78000
12624 38a80000
12625 38a88000
12626 38a90000
12627 38a98000
12628 38aa0000
12629 38aa8000
12630 38ab0000
12631 38ab8000
12632 38ac0000
12633 38ac8000
12634 38ad0000
12635 38ad8000
12636 38ae0000
12637 38ae8000
12638 38af0000
12639 38af8000
12640 38b00000
12641 38b08000
12642 38b10000
12643 38b18000
12644 38b20000
12645 38b28000
12646 38b30000
12647 38b38000
12648 38b40000
12649 38b48000
12650 38b50000
12651 38b58000
12652 38b60000
12653 38b68000
12654 38b70000
12655 38b78000
12656 38b80000
12657 38b88000
12658 38b90000
12659 38b98000
12660 38ba0000
12661 38ba8000
12662 38bb0000
12663 38bb8000
12664 38bc0000
12665 38bc8000
12666 38bd0000
12667 38bd8000
12668 38be0000
12669 38be8000
12670 38bf0000
12671 38bf8000
12672 38c00000
12673 38c08000
12674 38c10000
12675 38c18000
12676 38c20000
12677 38c28000
12678 38c30000
12679 38c38000
12680 38c40000
12681 38c48000
12682 38c50000
12683 38c58000
12684 38c60000
12685 38c68000
12686 38c70000
12687 38c78000
12688 38c80000
12689 38c88000
12690 38c90000
12691 38c98000
12692 38ca0000
12693 38ca8000
12694 38cb0000
12695 38cb8000
12696 38cc0000
12697 38cc8000
12698 38cd0000
12699 38cd8000
12700 38ce0000
12701 38ce8000
12702 38cf0000
12703 38cf8000
12704 38d00000
12705 38d08000
12706 38d10000
12707 38d18000
12708 38d20000
12709 38d28000
12710 38d30000
12711 38d38000
12712 38d40000
12713 38d48000
12714 38d50000
12715 38d58000
12716 38d60000
12717 38d68000
12718 38d70000
12719 38d78000
12720 38d80000
12721 38d88000
12722 38d90000
12723 38d98000
12724 38da0000
12725 38da8000
12726 38db0000
12727 38db8000
12728 38dc0000
12729 38dc8000
12730 38dd0000
12731 38dd8000
12732 38de0000
12733 38de8000
12734 38df0000
12735 38df8000
12736 38e00000
12737 38e08000
12738 38e10000
12739 38e18000
12740 38e20000
12741 38e28000
12742 38e30000
12743 38e38000
12744 38e40000
12745 38e48000
12746 38e50000
12747 38e58000
12748 38e60000
12749 38e68000
12750 38e70000
12751 38e78000
12752 38e80000
12753 38e88000
12754 38e90000
12755 38e98000
12756 38ea0000
12757 38ea8000
12758 38eb0000
12759 38eb8000
12760 38ec0000
12761 38ec8000
12762 38ed0000
12763 38ed8000
12764 38ee0000
12765 38ee8000
12766 38ef0000
12767 38ef8000
12768 38f00000
12769 38f08000
12770 38f10000
12771 38f18000
12772 38f20000
12773 38f28000
12774 38f30000
12775 38f38000
12776 38f40000
12777 38f48000
12778 38f50000
12779 38f58000
12780 38f60000
12781 38f68000
12782 38f70000
12783 38f78000
12784 38f80000
12785 38f88000
12786 38f90000
12787 38f98000
12788 38fa0000
12789 38fa8000
12790 38fb0000
12791 38fb8000
12792 38fc0000
12793 38fc8000
12794 38fd0000
12795 38fd8000
12796 38fe0000
12797 38fe8000
12798 38ff0000
12799 38ff8000
12800 39000000
12801 39008000
12802 39010000
12803 39018000
12804 39020000
12805 39028000
12806 39030000
12807 39038000
12808 39040000
12809 39048000
12810 39050000
12811 39058000
12812 39060000
12813 39068000
12814 39070000
12815 39078000
12816 39080000
12817 39088000
12818 39090000
12819 39098000
12820 390a0000
12821 390a8000
12822 390b0000
12823 390b8000
12824 390c0000
12825 390c8000
12826 390d0000
12827 390d8000
12828 390e0000
12829 390e8000
12830 390f0000
12831 390f8000
12832 39100000
12833 39108000
12834 39110000
12835 39118000
12836 39120000
12837 39128000
12838 39130000
12839 39138000
12840 39140000
12841 39148000
12842 39150000
12843 39158000
12844 39160000
12845 39168000
12846 39170000
12847 39178000
12848 39180000
12849 39188000
12850 39190000
12851 39198000
12852 391a0000
12853 391a8000
12854 391b0000
12855 391b8000
12856 391c0000
12857 391c8000
12858 391d0000
12859 391d8000
12860 391e0000
12861 391e8000
12862 391f0000
12863 391f8000
12864 39200000
12865 39208000
12866 39210000
12867 39218000
12868 39220000
12869 39228000
12870 39230000
12871 39238000
12872 39240000
12873 39248000
12874 39250000
12875 39258000
12876 39260000
12877 39268000
12878 39270000
12879 39278000
12880 39280000
12881 39288000
12882 39290000
12883 39298000
12884 392a0000
12885 392a8000
12886 392b0000
12887 392b8000
12888 392c0000
12889 392c8000
12890 392d0000
12891 392d8000
12892 392e0000
12893 392e8000
12894 392f0000
12895 392f8000
12896 39300000
12897 39308000
12898 39310000
12899 39318000
12900 39320000
12901 39328000
12902 39330000
12903 39338000
12904 39340000
12905 39348000
12906 39350000
12907 39358000
12908 39360000
12909 39368000
12910 39370000
12911 39378000
12912 39380000
12913 39388000
12914 39390000
12915 39398000
12916 393a0000
12917 393a8000
12918 393b0000
12919 393b8000
12920 393c0000
12921 393c8000
12922 393d0000
12923 393d8000
12924 393e0000
12925 393e8000
12926 393f0000
12927 393f8000
12928 39400000
12929 39408000
12930 39410000
12931 39418000
12932 39420000
12933 39428000
12934 39430000
12935 39438000
12936 39440000
12937 39448000
12938 39450000
12939 39458000
12940 39460000
12941 39468000
12942 39470000
12943 39478000
12944 39480000
12945 39488000
12946 39490000
12947 39498000
12948 394a0000
12949 394a8000
12950 394b0000
12951 394b8000
12952 394c0000
12953 394c8000
12954 394d0000
12955 394d8000
12956 394e0000
12957 394e8000
12958 394f0000
12959 394f8000
12960 39500000
12961 39508000
12962 39510000
12963 39518000
12964 39520000
12965 39528000
12966 39530000
12967 39538000
12968 39540000
12969 39548000
12970 39550000
12971 39558000
12972 39560000
12973 39568000
12974 39570000
12975 39578000
12976 39580000
12977 39588000
12978 39590000
12979 39598000
12980 395a0000
12981 395a8000
12982 395b0000
12983 395b8000
12984 395c0000
12985 395c8000
12986 395d0000
12987 395d8000
12988 395e0000
12989 395e8000
12990 395f0000
12991 395f8000
12992 39600000
12993 39608000
12994 39610000
12995 39618000
12996 39620000
12997 39628000
12998 39630000
12999 39638000
13000 39640000
13001 39648000
13002 39650000
13003 39658000
13004 39660000
13005 39668000
13006 39670000
13007 39678000
13008 39680000
13009 39688000
13010 39690000
13011 39698000
13012 396a0000
13013 396a8000
13014 396b0000
13015 396b8000
13016 396c0000
13017 396c8000
13018 396d0000
13019 396d8000
13020 396e0000
13021 396e8000
13022 396f0000
13023 396f8000
13024 39700000
13025 39708000
13026 39710000
13027 39718000
13028 39720000
13029 39728000
13030 39730000
13031 39738000
13032 39740000
13033 39748000
13034 39750000
13035 39758000
13036 39760000
13037 39768000
13038 39770000
13039 39778000
13040 39780000
13041 39788000
13042 39790000
13043 39798000
13044 397a0000
13045 397a8000
13046 397b0000
13047 397b8000
13048 397c0000
13049 397c8000
13050 397d0000
13051 397d8000
13052 397e0000
13053 397e8000
13054 397f0000
13055 397f8000
13056 39800000
13057 39808000
13058 39810000
13059 39818000
13060 39820000
13061 39828000
13062 39830000
13063 39838000
13064 39840000
13065 39848000
13066 39850000
13067 39858000
13068 39860000
13069 39868000
13070 39870000
13071 39878000
13072 39880000
13073 39888000
13074 39890000
13075 39898000
13076 398a0000
13077 398a8000
13078 398b0000
13079 398b8000
13080 398c0000
13081 398c8000
13082 398d0000
13083 398d8000
13084 398e0000
13085 398e8000
13086 398f0000
13087 398f8000
13088 39900000
13089 39908000
13090 39910000
13091 39918000
13092 39920000
13093 39928000
13094 39930000
13095 39938000
13096 39940000
13097 39948000
13098 39950000
13099 39958000
13100 39960000
13101 39968000
13102 39970000
13103 39978000
13104 39980000
13105 39988000
13106 39990000
13107 39998000
13108 399a0000
13109 399a8000
13110 399b0000
13111 399b8000
13112 399c0000
13113 399c8000
13114 399d0000
13115 399d8000
13116 399e0000
13117 399e8000
13118 399f0000
13119 399f8000
13120 39a00000
13121 39a08000
13122 39a10000
13123 39a18000
13124 39a20000
13125 39a28000
13126 39a30000
13127 39a38000
13128 39a40000
13129 39a48000
13130 39a50000
13131 39a58000
13132 39a60000
13133 39a68000
13134 39a70000
13135 39a78000
13136 39a80000
13137 39a88000
13138 39a90000
13139 39a98000
13140 39aa0000
13141 39aa8000
13142 39ab0000
13143 39ab8000
13144 39ac0000
13145 39ac8000
13146 39ad0000
13147 39ad8000
13148 39ae0000
13149 39ae8000
13150 39af0000
13151 39af8000
13152 39b00000
13153 39b08000
13154 39b10000
13155 39b18000
13156 39b20000
13157 39b28000
13158 39b30000
13159 39b38000
13160 39b40000
13161 39b48000
13162 39b50000
13163 39b58000
13164 39b60000
13165 39b68000
13166 39b70000
13167 39b78000
13168 39b80000
13169 39b88000
13170 39b90000
13171 39b98000
13172 39ba0000
13173 39ba8000
13174 39bb0000
13175 39bb8000
13176 39bc0000
13177 39bc8000
13178 39bd0000
13179 39bd8000
13180 39be0000
13181 39be8000
13182 39bf0000
13183 39bf8000
13184 39c00000
13185 39c08000
13186 39c10000
13187 39c18000
13188 39c20000
13189 39c28000
13190 39c30000
13191 39c38000
13192 39c40000
13193 39c48000
13194 39c50000
13195 39c58000
13196 39c60000
13197 39c68000
13198 39c70000
13199 39c78000
13200 39c80000
13201 39c88000
13202 39c90000
13203 39c98000
13204 39ca0000
13205 39ca8000
13206 39cb0000
13207 39cb8000
13208 39cc0000
13209 39cc8000
13210 39cd0000
13211 39cd8000
13212 39ce0000
13213 39ce8000
13214 39cf0000
13215 39cf8000
13216 39d00000
13217 39d08000
13218 39d10000
13219 39d18000
13220 39d20000
13221 39d28000
13222 39d30000
13223 39d38000
13224 39d40000
13225 39d48000
13226 39d50000
13227 39d58000
13228 39d60000
13229 39d68000
13230 39d70000
13231 39d78000
13232 39d80000
13233 39d88000
13234 39d90000
13235 39d98000
13236 39da0000
13237 39da8000
13238 39db0000
13239 39db8000
13240 39dc0000
13241 39dc8000
13242 39dd0000
13243 39dd8000
13244 39de0000
13245 39de8000
13246 39df0000
13247 39df8000
13248 39e00000
13249 39e08000
13250 39e10000
13251 39e18000
13252 39e20000
13253 39e28000
13254 39e30000
13255 39e38000
13256 39e40000
13257 39e48000
13258 39e50000
13259 39e58000
13260 39e60000
13261 39e68000
13262 39e70000
13263 39e78000
13264 39e80000
13265 39e88000
13266 39e90000
13267 39e98000
13268 39ea0000
13269 39ea8000
13270 39eb0000
13271 39eb8000
13272 39ec0000
13273 39ec8000
13274 39ed0000
13275 39ed8000
13276 39ee0000
13277 39ee8000
13278 39ef0000
13279 39ef8000
13280 39f00000
13281 39f08000
13282 39f10000
13283 39f18000
13284 39f20000
13285 39f28000
13286 39f30000
13287 39f38000
13288 39f40000
13289 39f48000
13290 39f50000
13291 39f58000
13292 39f60000
13293 39f68000
13294 39f70000
13295 39f78000
13296 39f80000
13297 39f88000
13298 39f90000
13299 39f98000
13300 39fa0000
13301 39fa8000
13302 39fb0000
13303 39fb8000
13304 39fc0000
13305 39fc8000
13306 39fd0000
13307 39fd8000
13308 39fe0000
13309 39fe8000
13310 39ff0000
13311 39ff8000
13312 3a000000
13313 3a008000
13314 3a010000
13315 3a018000
13316 3a020000
13317 3a028000
13318 3a030000
13319 3a038000
13320 3a040000
13321 3a048000
13322 3a050000
13323 3a058000
13324 3a060000
13325 3a068000
13326 3a070000
13327 3a078000
13328 3a080000
13329 3a088000
13330 3a090000
13331 3a098000
13332 3a0a0000
13333 3a0a8000
13334 3a0b0000
13335 3a0b8000
13336 3a0c0000
13337 3a0c8000
13338 3a0d0000
13339 3a0d8000
13340 3a0e0000
13341 3a0e8000
13342 3a0f0000
13343 3a0f8000
13344 3a100000
13345 3a108000
13346 3a110000
13347 3a118000
13348 3a120000
13349 3a128000
13350 3a130000
13351 3a138000
13352 3a140000
13353 3a148000
13354 3a150000
13355 3a158000
13356 3a160000
13357 3a168000
13358 3a170000
13359 3a178000
13360 3a180000
13361 3a188000
13362 3a190000
13363 3a198000
13364 3a1a0000
13365 3a1a8000
13366 3a1b0000
13367 3a1b8000
13368 3a1c0000
13369 3a1c8000
13370 3a1d0000
13371 3a1d8000
13372 3a1e0000
13373 3a1e8000
13374 3a1f0000
13375 3a1f8000
13376 3a200000
13377 3a208000
13378 3a210000
13379 3a218000
13380 3a220000
13381 3a228000
13382 3a230000
13383 3a238000
13384 3a240000
13385 3a248000
13386 3a250000
13387 3a258000
13388 3a260000
13389 3a268000
13390 3a270000
13391 3a278000
13392 3a280000
13393 3a288000
13394 3a290000
13395 3a298000
13396 3a2a0000
13397 3a2a8000
13398 3a2b0000
13399 3a2b8000
13400 3a2c0000
13401 3a2c8000
13402 3a2d0000
13403 3a2d8000
13404 3a2e0000
13405 3a2e8000
13406 3a2f0000
13407 3a2f8000
13408 3a300000
13409 3a308000
13410 3a310000
13411 3a318000
13412 3a320000
13413 3a328000
13414 3a330000
13415 3a338000
13416 3a340000
13417 3a348000
13418 3a350000
13419 3a358000
13420 3a360000
13421 3a368000
13422 3a370000
13423 3a378000
13424 3a380000
13425 3a388000
13426 3a390000
13427 3a398000
13428 3a3a0000
13429 3a3a8000
13430 3a3b0000
13431 3a3b8000
13432 3a3c0000
13433 3a3c8000
13434 3a3d0000
13435 3a3d8000
13436 3a3e0000
13437 3a3e8000
13438 3a3f0000
13439 3a3f8000
13440 3a400000
13441 3a408000
13442 3a410000
13443 3a418000
13444 3a420000
13445 3a428000
13446 3a430000
13447 3a438000
13448 3a440000
13449 3a448000
13450 3a450000
13451 3a458000
13452 3a460000
13453 3a468000
13454 3a470000
13455 3a478000
13456 3a480000
13457 3a488000
13458 3a490000
13459 3a498000
13460 3a4a0000
13461 3a4a8000
13462 3a4b0000
13463 3a4b8000
13464 3a4c0000
13465 3a4c8000
13466 3a4d0000
13467 3a4d8000
13468 3a4e0000
13469 3a4e8000
13470 3a4f0000
13471 3a4f8000
13472 3a500000
13473 3a508000
13474 3a510000
13475 3a518000
13476 3a520000
13477 3a528000
13478 3a530000
13479 3a538000
13480 3a540000
13481 3a548000
13482 3a550000
13483 3a558000
13484 3a560000
13485 3a568000
13486 3a570000
13487 3a578000
13488 3a580000
13489 3a588000
13490 3a590000
13491 3a598000
13492 3a5a0000
13493 3a5a8000
13494 3a5b0000
13495 3a5b8000
13496 3a5c0000
13497 3a5c8000
13498 3a5d0000
13499 3a5d8000
13500 3a5e0000
13501 3a5e8000
13502 3a5f0000
13503 3a5f8000
13504 3a600000
13505 3a608000
13506 3a610000
13507 3a618000
13508 3a620000
13509 3a628000
13510 3a630000
13511 3a638000
13512 3a640000
13513 3a648000
13514 3a650000
13515 3a658000
13516 3a660000
13517 3a668000
13518 3a670000
13519 3a678000
13520 3a680000
13521 3a688000
13522 3a690000
13523 3a698000
13524 3a6a0000
13525 3a6a8000
13526 3a6b0000
13527 3a6b8000
13528 3a6c0000
13529 3a6c8000
13530 3a6d0000
13531 3a6d8000
13532 3a6e0000
13533 3a6e8000
13534 3a6f0000
13535 3a6f8000
13536 3a700000
13537 3a708000
13538 3a710000
13539 3a718000
13540 3a720000
13541 3a728000
13542 3a730000
13543 3a738000
13544 3a740000
13545 3a748000
13546 3a750000
13547 3a758000
13548 3a760000
13549 3a768000
13550 3a770000
13551 3a778000
13552 3a780000
13553 3a788000
13554 3a790000
13555 3a798000
13556 3a7a0000
13557 3a7a8000
13558 3a7b0000
13559 3a7b8000
13560 3a7c0000
13561 3a7c8000
13562 3a7d0000
13563 3a7d8000
13564 3a7e0000
13565 3a7e8000
13566 3a7f0000
13567 3a7f8000
13568 3a800000
13569 3a808000
13570 3a810000
13571 3a818000
13572 3a820000
13573 3a828000
13574 3a830000
13575 3a838000
13576 3a840000
13577 3a848000
13578 3a850000
13579 3a858000
13580 3a860000
13581 3a868000
13582 3a870000
13583 3a878000
13584 3a880000
13585 3a888000
13586 3a890000
13587 3a898000
13588 3a8a0000
13589 3a8a8000
13590 3a8b0000
13591 3a8b8000
13592 3a8c0000
13593 3a8c8000
13594 3a8d0000
13595 3a8d8000
13596 3a8e0000
13597 3a8e8000
13598 3a8f0000
13599 3a8f8000
13600 3a900000
13601 3a908000
13602 3a910000
13603 3a918000
13604 3a920000
13605 3a928000
13606 3a930000
13607 3a938000
13608 3a940000
13609 3a948000
13610 3a950000
13611 3a958000
13612 3a960000
13613 3a968000
13614 3a970000
13615 3a978000
13616 3a980000
13617 3a988000
13618 3a990000
13619 3a998000
13620 3a9a0000
13621 3a9a8000
13622 3a9b0000
13623 3a9b8000
13624 3a9c0000
13625 3a9c8000
13626 3a9d0000
13627 3a9d8000
13628 3a9e0000
13629 3a9e8000
13630 3a9f0000
13631 3a9f8000
13632 3aa00000
13633 3aa08000
13634 3aa10000
13635 3aa18000
13636 3aa20000
13637 3aa28000
13638 3aa30000
13639 3aa38000
13640 3aa40000
13641 3aa48000
13642 3aa50000
13643 3aa58000
13644 3aa60000
13645 3aa68000
13646 3aa70000
13647 3aa78000
13648 3aa80000
13649 3aa88000
13650 3aa90000
13651 3aa98000
13652 3aaa0000
13653 3aaa8000
13654 3aab0000
13655 3aab8000
13656 3aac0000
13657 3aac8000
13658 3aad0000
13659 3aad8000
13660 3aae0000
13661 3aae8000
13662 3aaf0000
13663 3aaf8000
13664 3ab00000
13665 3ab08000
13666 3ab10000
13667 3ab18000
13668 3ab20000
13669 3ab28000
13670 3ab30000
13671 3ab38000
13672 3ab40000
13673 3ab48000
13674 3ab50000
13675 3ab58000
13676 3ab60000
13677 3ab68000
13678 3ab70000
13679 3ab78000
13680 3ab80000
13681 3ab88000
13682 3ab90000
13683 3ab98000
13684 3aba0000
13685 3aba8000
13686 3abb0000
13687 3abb8000
13688 3abc0000
13689 3abc8000
13690 3abd0000
13691 3abd8000
13692 3abe0000
13693 3abe8000
13694 3abf0000
13695 3abf8000
13696 3ac00000
13697 3ac08000
13698 3ac10000
13699 3ac18000
13700 3ac20000
13701 3ac28000
13702 3ac30000
13703 3ac38000
13704 3ac40000
13705 3ac48000
13706 3ac50000
13707 3ac58000
13708 3ac60000
13709 3ac68000
13710 3ac70000
13711 3ac78000
13712 3ac80000
13713 3ac88000
13714 3ac90000
13715 3ac98000
13716 3aca0000
13717 3aca8000
13718 3acb0000
13719 3acb8000
13720 3acc0000
13721 3acc8000
13722 3acd0000
13723 3acd8000
13724 3ace0000
13725 3ace8000
13726 3acf0000
13727 3acf8000
13728 3ad00000
13729 3ad08000
13730 3ad10000
13731 3ad18000
13732 3ad20000
13733 3ad28000
13734 3ad30000
13735 3ad38000
13736 3ad40000
13737 3ad48000
13738 3ad50000
13739 3ad58000
13740 3ad60000
13741 3ad68000
13742 3ad70000
13743 3ad78000
13744 3ad80000
13745 3ad88000
13746 3ad90000
13747 3ad98000
13748 3ada0000
13749 3ada8000
13750 3adb0000
13751 3adb8000
13752 3adc0000
13753 3adc8000
13754 3add0000
13755 3add8000
13756 3ade0000
13757 3ade8000
13758 3adf0000
13759 3adf8000
13760 3ae00000
13761 3ae08000
13762 3ae10000
13763 3ae18000
13764 3ae20000
13765 3ae28000
13766 3ae30000
13767 3ae38000
13768 3ae40000
13769 3ae48000
13770 3ae50000
13771 3ae58000
13772 3ae60000
13773 3ae68000
13774 3ae70000
13775 3ae78000
13776 3ae80000
13777 3ae88000
13778 3ae90000
13779 3ae98000
13780 3aea0000
13781 3aea8000
13782 3aeb0000
13783 3aeb8000
13784 3aec0000
13785 3aec8000
13786 3aed0000
13787 3aed8000
13788 3aee0000
13789 3aee8000
13790 3aef0000
13791 3aef8000
13792 3af00000
13793 3af08000
13794 3af10000
13795 3af18000
13796 3af20000
13797 3af28000
13798 3af30000
13799 3af38000
13800 3af40000
13801 3af48000
13802 3af50000
13803 3af58000
13804 3af60000
13805 3af68000
13806 3af70000
13807 3af78000
13808 3af80000
13809 3af88000
13810 3af90000
13811 3af98000
13812 3afa0000
13813 3afa8000
13814 3afb0000
13815 3afb8000
13816 3afc0000
13817 3afc8000
13818 3afd0000
13819 3afd8000
13820 3afe0000
13821 3afe8000
13822 3aff0000
13823 3aff8000
13824 3b000000
13825 3b008000
13826 3b010000
13827 3b018000
13828 3b020000
13829 3b028000
13830 3b030000
13831 3b038000
13832 3b040000
13833 3b048000
13834 3b050000
13835 3b058000
13836 3b060000
13837 3b068000
13838 3b070000
13839 3b078000
13840 3b080000
13841 3b088000
13842 3b090000
13843 3b098000
13844 3b0a0000
13845 3b0a8000
13846 3b0b0000
13847 3b0b8000
13848 3b0c0000
13849 3b0c8000
13850 3b0d0000
13851 3b0d8000
13852 3b0e0000
13853 3b0e8000
13854 3b0f0000
13855 3b0f8000
13856 3b100000
13857 3b108000
13858 3b110000
13859 3b118000
13860 3b120000
13861 3b128000
13862 3b130000
13863 3b138000
13864 3b140000
13865 3b148000
13866 3b150000
13867 3b158000
13868 3b160000
13869 3b168000
13870 3b170000
13871 3b178000
13872 3b180000
13873 3b188000
13874 3b190000
13875 3b198000
13876 3b1a0000
13877 3b1a8000
13878 3b1b0000
13879 3b1b8000
13880 3b1c0000
13881 3b1c8000
13882 3b1d0000
13883 3b1d8000
13884 3b1e0000
13885 3b1e8000
13886 3b1f0000
13887 3b1f8000
13888 3b200000
13889 3b208000
13890 3b210000
13891 3b218000
13892 3b220000
13893 3b228000
13894 3b230000
13895 3b238000
13896 3b240000
13897 3b248000
13898 3b250000
13899 3b258000
13900 3b260000
13901 3b268000
13902 3b270000
13903 3b278000
13904 3b280000
13905 3b288000
13906 3b290000
13907 3b298000
13908 3b2a0000
13909 3b2a8000
13910 3b2b0000
13911 3b2b8000
13912 3b2c0000
13913 3b2c8000
13914 3b2d0000
13915 3b2d8000
13916 3b2e0000
13917 3b2e8000
13918 3b2f0000
13919 3b2f8000
13920 3b300000
13921 3b308000
13922 3b310000
13923 3b318000
13924 3b320000
13925 3b328000
13926 3b330000
13927 3b338000
13928 3b340000
13929 3b348000
13930 3b350000
13931 3b358000
13932 3b360000
13933 3b368000
13934 3b370000
13935 3b378000
13936 3b380000
13937 3b388000
13938 3b390000
13939 3b398000
13940 3b3a0000
13941 3b3a8000
13942 3b3b0000
13943 3b3b8000
13944 3b3c0000
13945 3b3c8000
13946 3b3d0000
13947 3b3d8000
13948 3b3e0000
13949 3b3e8000
13950 3b3f0000
13951 3b3f8000
13952 3b400000
13953 3b408000
13954 3b410000
13955 3b418000
13956 3b420000
13957 3b428000
13958 3b430000
13959 3b438000
13960 3b440000
13961 3b448000
13962 3b450000
13963 3b458000
13964 3b460000
13965 3b468000
13966 3b470000
13967 3b478000
13968 3b480000
13969 3b488000
13970 3b490000
13971 3b498000
13972 3b4a0000
13973 3b4a8000
13974 3b4b0000
13975 3b4b8000
13976 3b4c0000
13977 3b4c8000
13978 3b4d0000
13979 3b4d8000
13980 3b4e0000
13981 3b4e8000
13982 3b4f0000
13983 3b4f8000
13984 3b500000
13985 3b508000
13986 3b510000
13987 3b518000
13988 3b520000
13989 3b528000
13990 3b530000
13991 3b538000
13992 3b540000
13993 3b548000
13994 3b550000
13995 3b558000
13996 3b560000
13997 3b568000
13998 3b570000
13999 3b578000
14000 3b580000
14001 3b588000
14002 3b590000
14003 3b598000
14004 3b5a0000
14005 3b5a8000
14006 3b5b0000
14007 3b5b8000
14008 3b5c0000
14009 3b5c8000
14010 3b5d0000
14011 3b5d8000
14012 3b5e0000
14013 3b5e8000
14014 3b5f0000
14015 3b5f8000
14016 3b600000
14017 3b608000
14018 3b610000
14019 3b618000
14020 3b620000
14021 3b628000
14022 3b630000
14023 3b638000
14024 3b640000
14025 3b648000
14026 3b650000
14027 3b658000
14028 3b660000
14029 3b668000
14030 3b670000
14031 3b678000
14032 3b680000
14033 3b688000
14034 3b690000
14035 3b698000
14036 3b6a0000
14037 3b6a8000
14038 3b6b0000
14039 3b6b8000
14040 3b6c0000
14041 3b6c8000
14042 3b6d0000
14043 3b6d8000
14044 3b6e0000
14045 3b6e8000
14046 3b6f0000
14047 3b6f8000
14048 3b700000
14049 3b708000
14050 3b710000
14051 3b718000
14052 3b720000
14053 3b728000
14054 3b730000
14055 3b738000
14056 3b740000
14057 3b748000
14058 3b750000
14059 3b758000
14060 3b760000
14061 3b768000
14062 3b770000
14063 3b778000
14064 3b780000
14065 3b788000
14066 3b790000
14067 3b798000
14068 3b7a0000
14069 3b7a8000
14070 3b7b0000
14071 3b7b8000
14072 3b7c0000
14073 3b7c8000
14074 3b7d0000
14075 3b7d8000
14076 3b7e0000
14077 3b7e8000
14078 3b7f0000
14079 3b7f8000
14080 3b800000
14081 3b808000
14082 3b810000
14083 3b818000
14084 3b820000
14085 3b828000
14086 3b830000
14087 3b838000
14088 3b840000
14089 3b848000
14090 3b850000
14091 3b858000
14092 3b860000
14093 3b868000
14094 3b870000
14095 3b878000
14096 3b880000
14097 3b888000
14098 3b890000
14099 3b898000
14100 3b8a0000
14101 3b8a8000
14102 3b8b0000
14103 3b8b8000
14104 3b8c0000
14105 3b8c8000
14106 3b8d0000
14107 3b8d8000
14108 3b8e0000
14109 3b8e8000
14110 3b8f0000
14111 3b8f8000
14112 3b900000
14113 3b908000
14114 3b910000
14115 3b918000
14116 3b920000
14117 3b928000
14118 3b930000
14119 3b938000
14120 3b940000
14121 3b948000
14122 3b950000
14123 3b958000
14124 3b960000
14125 3b968000
14126 3b970000
14127 3b978000
14128 3b980000
14129 3b988000
14130 3b990000
14131 3b998000
14132 3b9a0000
14133 3b9a8000
14134 3b9b0000
14135 3b9b8000
14136 3b9c0000
14137 3b9c8000
14138 3b9d0000
14139 3b9d8000
14140 3b9e0000
14141 3b9e8000
14142 3b9f0000
14143 3b9f8000
14144 3ba00000
14145 3ba08000
14146 3ba10000
14147 3ba18000
14148 3ba20000
14149 3ba28000
14150 3ba30000
14151 3ba38000
14152 3ba40000
14153 3ba48000
14154 3ba50000
14155 3ba58000
14156 3ba60000
14157 3ba68000
14158 3ba70000
14159 3ba78000
14160 3ba80000
14161 3ba88000
14162 3ba90000
14163 3ba98000
14164 3baa0000
14165 3baa8000
14166 3bab0000
14167 3bab8000
14168 3bac0000
14169 3bac8000
14170 3bad0000
14171 3bad8000
14172 3bae0000
14173 3bae8000
14174 3baf0000
14175 3baf8000
14176 3bb00000
14177 3bb08000
14178 3bb10000
14179 3bb18000
14180 3bb20000
14181 3bb28000
14182 3bb30000
14183 3bb38000
14184 3bb40000
14185 3bb48000
14186 3bb50000
14187 3bb58000
14188 3bb60000
14189 3bb68000
14190 3bb70000
14191 3bb78000
14192 3bb80000
14193 3bb88000
14194 3bb90000
14195 3bb98000
14196 3bba0000
14197 3bba8000
14198 3bbb0000
14199 3bbb8000
14200 3bbc0000
14201 3bbc8000
14202 3bbd0000
14203 3bbd8000
14204 3bbe0000
14205 3bbe8000
14206 3bbf0000
14207 3bbf8000
14208 3bc00000
14209 3bc08000
14210 3bc10000
14211 3bc18000
14212 3bc20000
14213 3bc28000
14214 3bc30000
14215 3bc38000
14216 3bc40000
14217 3bc48000
14218 3bc50000
14219 3bc58000
14220 3bc60000
14221 3bc68000
14222 3bc70000
14223 3bc78000
14224 3bc80000
14225 3bc88000
14226 3bc90000
14227 3bc98000
14228 3bca0000
14229 3bca8000
14230 3bcb0000
14231 3bcb8000
14232 3bcc0000
14233 3bcc8000
14234 3bcd0000
14235 3bcd8000
14236 3bce0000
14237 3bce8000
14238 3bcf0000
14239 3bcf8000
14240 3bd00000
14241 3bd08000
14242 3bd10000
14243 3bd18000
14244 3bd20000
14245 3bd28000
14246 3bd30000
14247 3bd38000
14248 3bd40000
14249 3bd48000
14250 3bd50000
14251 3bd58000
14252 3bd60000
14253 3bd68000
14254 3bd70000
14255 3bd78000
14256 3bd80000
14257 3bd88000
14258 3bd90000
14259 3bd98000
14260 3bda0000
14261 3bda8000
14262 3bdb0000
14263 3bdb8000
14264 3bdc0000
14265 3bdc8000
14266 3bdd0000
14267 3bdd8000
14268 3bde0000
14269 3bde8000
14270 3bdf0000
14271 3bdf8000
14272 3be00000
14273 3be08000
14274 3be10000
14275 3be18000
14276 3be20000
14277 3be28000
14278 3be30000
14279 3be38000
14280 3be40000
14281 3be48000
14282 3be50000
14283 3be58000
14284 3be60000
14285 3be68000
14286 3be70000
14287 3be78000
14288 3be80000
14289 3be88000
14290 3be90000
14291 3be98000
14292 3bea0000
14293 3bea8000
14294 3beb0000
14295 3beb8000
14296 3bec0000
14297 3bec8000
14298 3bed0000
14299 3bed8000
14300 3bee0000
14301 3bee8000
14302 3bef0000
14303 3bef8000
14304 3bf00000
14305 3bf08000
14306 3bf10000
14307 3bf18000
14308 3bf20000
14309 3bf28000
14310 3bf30000
14311 3bf38000
14312 3bf40000
14313 3bf48000
14314 3bf50000
14315 3bf58000
14316 3bf60000
14317 3bf68000
14318 3bf70000
14319 3bf78000
14320 3bf80000
14321 3bf88000
14322 3bf90000
14323 3bf98000
14324 3bfa0000
14325 3bfa8000
14326 3bfb0000
14327 3bfb8000
14328 3bfc0000
14329 3bfc8000
14330 3bfd0000
14331 3bfd8000
14332 3bfe0000
14333 3bfe8000
14334 3bff0000
14335 3bff8000
14336 3c000000
14337 3c008000
14338 3c010000
14339 3c018000
14340 3c020000
14341 3c028000
14342 3c030000
14343 3c038000
14344 3c040000
14345 3c048000
14346 3c050000
14347 3c058000
14348 3c060000
14349 3c068000
14350 3c070000
14351 3c078000
14352 3c080000
14353 3c088000
14354 3c090000
14355 3c098000
14356 3c0a0000
14357 3c0a8000
14358 3c0b0000
14359 3c0b8000
14360 3c0c0000
14361 3c0c8000
14362 3c0d0000
14363 3c0d8000
14364 3c0e0000
14365 3c0e8000
14366 3c0f0000
14367 3c0f8000
14368 3c100000
14369 3c108000
14370 3c110000
14371 3c118000
14372 3c120000
14373 3c128000
14374 3c130000
14375 3c138000
14376 3c140000
14377 3c148000
14378 3c150000
14379 3c158000
14380 3c160000
14381 3c168000
14382 3c170000
14383 3c178000
14384 3c180000
14385 3c188000
14386 3c190000
14387 3c198000
14388 3c1a0000
14389 3c1a8000
14390 3c1b0000
14391 3c1b8000
14392 3c1c0000
14393 3c1c8000
14394 3c1d0000
14395 3c1d8000
14396 3c1e0000
14397 3c1e8000
14398 3c1f0000
14399 3c1f8000
14400 3c200000
14401 3c208000
14402 3c210000
14403 3c218000
14404 3c220000
14405 3c228000
14406 3c230000
14407 3c238000
14408 3c240000
14409 3c248000
14410 3c250000
14411 3c258000
14412 3c260000
14413 3c268000
14414 3c270000
14415 3c278000
14416 3c280000
14417 3c288000
14418 3c290000
14419 3c298000
14420 3c2a0000
14421 3c2a8000
14422 3c2b0000
14423 3c2b8000
14424 3c2c0000
14425 3c2c8000
14426 3c2d0000
14427 3c2d8000
14428 3c2e0000
14429 3c2e8000
14430 3c2f0000
14431 3c2f8000
14432 3c300000
14433 3c308000
14434 3c310000
14435 3c318000
14436 3c320000
14437 3c328000
14438 3c330000
14439 3c338000
14440 3c340000
14441 3c348000
14442 3c350000
14443 3c358000
14444 3c360000
14445 3c368000
14446 3c370000
14447 3c378000
14448 3c380000
14449 3c388000
14450 3c390000
14451 3c398000
14452 3c3a0000
14453 3c3a8000
14454 3c3b0000
14455 3c3b8000
14456 3c3c0000
14457 3c3c8000
14458 3c3d0000
14459 3c3d8000
14460 3c3e0000
14461 3c3e8000
14462 3c3f0000
14463 3c3f8000
14464 3c400000
14465 3c408000
14466 3c410000
14467 3c418000
14468 3c420000
14469 3c428000
14470 3c430000
14471 3c438000
14472 3c440000
14473 3c448000
14474 3c450000
14475 3c458000
14476 3c460000
14477 3c468000
14478 3c470000
14479 3c478000
14480 3c480000
14481 3c488000
14482 3c490000
14483 3c498000
14484 3c4a0000
14485 3c4a8000
14486 3c4b0000
14487 3c4b8000
14488 3c4c0000
14489 3c4c8000
14490 3c4d0000
14491 3c4d8000
14492 3c4e0000
14493 3c4e8000
14494 3c4f0000
14495 3c4f8000
14496 3c500000
14497 3c508000
14498 3c510000
14499 3c518000
14500 3c520000
14501 3c528000
14502 3c530000
14503 3c538000
14504 3c540000
14505 3c548000
14506 3c550000
14507 3c558000
14508 3c560000
14509 3c568000
14510 3c570000
14511 3c578000
14512 3c580000
14513 3c588000
14514 3c590000
14515 3c598000
14516 3c5a0000
14517 3c5a8000
14518 3c5b0000
14519 3c5b8000
14520 3c5c0000
14521 3c5c8000
14522 3c5d0000
14523 3c5d8000
14524 3c5e0000
14525 3c5e8000
14526 3c5f0000
14527 3c5f8000
14528 3c600000
14529 3c608000
14530 3c610000
14531 3c618000
14532 3c620000
14533 3c628000
14534 3c630000
14535 3c638000
14536 3c640000
14537 3c648000
14538 3c650000
14539 3c658000
14540 3c660000
14541 3c668000
14542 3c670000
14543 3c678000
14544 3c680000
14545 3c688000
14546 3c690000
14547 3c698000
14548 3c6a0000
14549 3c6a8000
14550 3c6b0000
14551 3c6b8000
14552 3c6c0000
14553 3c6c8000
14554 3c6d0000
14555 3c6d8000
14556 3c6e0000
14557 3c6e8000
14558 3c6f0000
14559 3c6f8000
14560 3c700000
14561 3c708000
14562 3c710000
14563 3c718000
14564 3c720000
14565 3c728000
14566 3c730000
14567 3c738000
14568 3c740000
14569 3c748000
14570 3c750000
14571 3c758000
14572 3c760000
14573 3c768000
14574 3c770000
14575 3c778000
14576 3c780000
14577 3c788000
14578 3c790000
14579 3c798000
14580 3c7a0000
14581 3c7a8000
14582 3c7b0000
14583 3c7b8000
14584 3c7c0000
14585 3c7c8000
14586 3c7d0000
14587 3c7d8000
14588 3c7e0000
14589 3c7e8000
14590 3c7f0000
14591 3c7f8000
14592 3c800000
14593 3c808000
14594 3c810000
14595 3c818000
14596 3c820000
14597 3c828000
14598 3c830000
14599 3c838000
14600 3c840000
14601 3c848000
14602 3c850000
14603 3c858000
14604 3c860000
14605 3c868000
14606 3c870000
14607 3c878000
14608 3c880000
14609 3c888000
14610 3c890000
14611 3c898000
14612 3c8a0000
14613 3c8a8000
14614 3c8b0000
14615 3c8b8000
14616 3c8c0000
14617 3c8c8000
14618 3c8d0000
14619 3c8d8000
14620 3c8e0000
14621 3c8e8000
14622 3c8f0000
14623 3c8f8000
14624 3c900000
14625 3c908000
14626 3c910000
14627 3c918000
14628 3c920000
14629 3c928000
14630 3c930000
14631 3c938000
14632 3c940000
14633 3c948000
14634 3c950000
14635 3c958000
14636 3c960000
14637 3c968000
14638 3c970000
14639 3c978000
14640 3c980000
14641 3c988000
14642 3c990000
14643 3c998000
14644 3c9a0000
14645 3c9a8000
14646 3c9b0000
14647 3c9b8000
14648 3c9c0000
14649 3c9c8000
14650 3c9d0000
14651 3c9d8000
14652 3c9e0000
14653 3c9e8000
14654 3c9f0000
14655 3c9f8000
14656 3ca00000
14657 3ca08000
14658 3ca10000
14659 3ca18000
14660 3ca20000
14661 3ca28000
14662 3ca30000
14663 3ca38000
14664 3ca40000
14665 3ca48000
14666 3ca50000
14667 3ca58000
14668 3ca60000
14669 3ca68000
14670 3ca70000
14671 3ca78000
14672 3ca80000
14673 3ca88000
14674 3ca90000
14675 3ca98000
14676 3caa0000
14677 3caa8000
14678 3cab0000
14679 3cab8000
14680 3cac0000
14681 3cac8000
14682 3cad0000
14683 3cad8000
14684 3cae0000
14685 3cae8000
14686 3caf0000
14687 3caf8000
14688 3cb00000
14689 3cb08000
14690 3cb10000
14691 3cb18000
14692 3cb20000
14693 3cb28000
14694 3cb30000
14695 3cb38000
14696 3cb40000
14697 3cb48000
14698 3cb50000
14699 3cb58000
14700 3cb60000
14701 3cb68000
14702 3cb70000
14703 3cb78000
14704 3cb80000
14705 3cb88000
14706 3cb90000
14707 3cb98000
14708 3cba0000
14709 3cba8000
14710 3cbb0000
14711 3cbb8000
14712 3cbc0000
14713 3cbc8000
14714 3cbd0000
14715 3cbd8000
14716 3cbe0000
14717 3cbe8000
14718 3cbf0000
14719 3cbf8000
14720 3cc00000
14721 3cc08000
14722 3cc10000
14723 3cc18000
14724 3cc20000
14725 3cc28000
14726 3cc30000
14727 3cc38000
14728 3cc40000
14729 3cc48000
14730 3cc50000
14731 3cc58000
14732 3cc60000
14733 3cc68000
14734 3cc70000
14735 3cc78000
14736 3cc80000
14737 3cc88000
14738 3cc90000
14739 3cc98000
14740 3cca0000
14741 3cca8000
14742 3ccb0000
14743 3ccb8000
14744 3ccc0000
14745 3ccc8000
14746 3ccd0000
14747 3ccd8000
14748 3cce0000
14749 3cce8000
14750 3ccf0000
14751 3ccf8000
14752 3cd00000
14753 3cd08000
14754 3cd10000
14755 3cd18000
14756 3cd20000
14757 3cd28000
14758 3cd30000
14759 3cd38000
14760 3cd40000
14761 3cd48000
14762 3cd50000
14763 3cd58000
14764 3cd60000
14765 3cd68000
14766 3cd70000
14767 3cd78000
14768 3cd80000
14769 3cd88000
14770 3cd90000
14771 3cd98000
14772 3cda0000
14773 3cda8000
14774 3cdb0000
14775 3cdb8000
14776 3cdc0000
14777 3cdc8000
14778 3cdd0000
14779 3cdd8000
14780 3cde0000
14781 3cde8000
14782 3cdf0000
14783 3cdf8000
14784 3ce00000
14785 3ce08000
14786 3ce10000
14787 3ce18000
14788 3ce20000
14789 3ce28000
14790 3ce30000
14791 3ce38000
14792 3ce40000
14793 3ce48000
14794 3ce50000
14795 3ce58000
14796 3ce60000
14797 3ce68000
14798 3ce70000
14799 3ce78000
14800 3ce80000
14801 3ce88000
14802 3ce90000
14803 3ce98000
14804 3cea0000
14805 3cea8000
14806 3ceb0000
14807 3ceb8000
14808 3cec0000
14809 3cec8000
14810 3ced0000
14811 3ced8000
14812 3cee0000
14813 3cee8000
14814 3cef0000
14815 3cef8000
14816 3cf00000
14817 3cf08000
14818 3cf10000
14819 3cf18000
14820 3cf20000
14821 3cf28000
14822 3cf30000
14823 3cf38000
14824 3cf40000
14825 3cf48000
14826 3cf50000
14827 3cf58000
14828 3cf60000
14829 3cf68000
14830 3cf70000
14831 3cf78000
14832 3cf80000
14833 3cf88000
14834 3cf90000
14835 3cf98000
14836 3cfa0000
14837 3cfa8000
14838 3cfb0000
14839 3cfb8000
14840 3cfc0000
14841 3cfc8000
14842 3cfd0000
14843 3cfd8000
14844 3cfe0000
14845 3cfe8000
14846 3cff0000
14847 3cff8000
14848 3d000000
14849 3d008000
14850 3d010000
14851 3d018000
14852 3d020000
14853 3d028000
14854 3d030000
14855 3d038000
14856 3d040000
14857 3d048000
14858 3d050000
14859 3d058000
14860 3d060000
14861 3d068000
14862 3d070000
14863 3d078000
14864 3d080000
14865 3d088000
14866 3d090000
14867 3d098000
14868 3d0a0000
14869 3d0a8000
14870 3d0b0000
14871 3d0b8000
14872 3d0c0000
14873 3d0c8000
14874 3d0d0000
14875 3d0d8000
14876 3d0e0000
14877 3d0e8000
14878 3d0f0000
14879 3d0f8000
14880 3d100000
14881 3d108000
14882 3d110000
14883 3d118000
14884 3d120000
14885 3d128000
14886 3d130000
14887 3d138000
14888 3d140000
14889 3d148000
14890 3d150000
14891 3d158000
14892 3d160000
14893 3d168000
14894 3d170000
14895 3d178000
14896 3d180000
14897 3d188000
14898 3d190000
14899 3d198000
14900 3d1a0000
14901 3d1a8000
14902 3d1b0000
14903 3d1b8000
14904 3d1c0000
14905 3d1c8000
14906 3d1d0000
14907 3d1d8000
14908 3d1e0000
14909 3d1e8000
14910 3d1f0000
14911 3d1f8000
14912 3d200000
14913 3d208000
14914 3d210000
14915 3d218000
14916 3d220000
14917 3d228000
14918 3d230000
14919 3d238000
14920 3d240000
14921 3d248000
14922 3d250000
14923 3d258000
14924 3d260000
14925 3d268000
14926 3d270000
14927 3d278000
14928 3d280000
14929 3d288000
14930 3d290000
14931 3d298000
14932 3d2a0000
14933 3d2a8000
14934 3d2b0000
14935 3d2b8000
14936 3d2c0000
14937 3d2c8000
14938 3d2d0000
14939 3d2d8000
14940 3d2e0000
14941 3d2e8000
14942 3d2f0000
14943 3d2f8000
14944 3d300000
14945 3d308000
14946 3d310000
14947 3d318000
14948 3d320000
14949 3d328000
14950 3d330000
14951 3d338000
14952 3d340000
14953 3d348000
14954 3d350000
14955 3d358000
14956 3d360000
14957 3d368000
14958 3d370000
14959 3d378000
14960 3d380000
14961 3d388000
14962 3d390000
14963 3d398000
14964 3d3a0000
14965 3d3a8000
14966 3d3b0000
14967 3d3b8000
14968 3d3c0000
14969 3d3c8000
14970 3d3d0000
14971 3d3d8000
14972 3d3e0000
14973 3d3e8000
14974 3d3f0000
14975 3d3f8000
14976 3d400000
14977 3d408000
14978 3d410000
14979 3d418000
14980 3d420000
14981 3d428000
14982 3d430000
14983 3d438000
14984 3d440000
14985 3d448000
14986 3d450000
14987 3d458000
14988 3d460000
14989 3d468000
14990 3d470000
14991 3d478000
14992 3d480000
14993 3d488000
14994 3d490000
14995 3d498000
14996 3d4a0000
14997 3d4a8000
14998 3d4b0000
14999 3d4b8000
15000 3d4c0000
15001 3d4c8000
15002 3d4d0000
15003 3d4d8000
15004 3d4e0000
15005 3d4e8000
15006 3d4f0000
15007 3d4f8000
15008 3d500000
15009 3d508000
15010 3d510000
15011 3d518000
15012 3d520000
15013 3d528000
15014 3d530000
15015 3d538000
15016 3d540000
15017 3d548000
15018 3d550000
15019 3d558000
15020 3d560000
15021 3d568000
15022 3d570000
15023 3d578000
15024 3d580000
15025 3d588000
15026 3d590000
15027 3d598000
15028 3d5a0000
15029 3d5a8000
15030 3d5b0000
15031 3d5b8000
15032 3d5c0000
15033 3d5c8000
15034 3d5d0000
15035 3d5d8000
15036 3d5e0000
15037 3d5e8000
15038 3d5f0000
15039 3d5f8000
15040 3d600000
15041 3d608000
15042 3d610000
15043 3d618000
15044 3d620000
15045 3d628000
15046 3d630000
15047 3d638000
15048 3d640000
15049 3d648000
15050 3d650000
15051 3d658000
15052 3d660000
15053 3d668000
15054 3d670000
15055 3d678000
15056 3d680000
15057 3d688000
15058 3d690000
15059 3d698000
15060 3d6a0000
15061 3d6a8000
15062 3d6b0000
15063 3d6b8000
15064 3d6c0000
15065 3d6c8000
15066 3d6d0000
15067 3d6d8000
15068 3d6e0000
15069 3d6e8000
15070 3d6f0000
15071 3d6f8000
15072 3d700000
15073 3d708000
15074 3d710000
15075 3d718000
15076 3d720000
15077 3d728000
15078 3d730000
15079 3d738000
15080 3d740000
15081 3d748000
15082 3d750000
15083 3d758000
15084 3d760000
15085 3d768000
15086 3d770000
15087 3d778000
15088 3d780000
15089 3d788000
15090 3d790000
15091 3d798000
15092 3d7a0000
15093 3d7a8000
15094 3d7b0000
15095 3d7b8000
15096 3d7c0000
15097 3d7c8000
15098 3d7d0000
15099 3d7d8000
15100 3d7e0000
15101 3d7e8000
15102 3d7f0000
15103 3d7f8000
15104 3d800000
15105 3d808000
15106 3d810000
15107 3d818000
15108 3d820000
15109 3d828000
15110 3d830000
15111 3d838000
15112 3d840000
15113 3d848000
15114 3d850000
15115 3d858000
15116 3d860000
15117 3d868000
15118 3d870000
15119 3d878000
15120 3d880000
15121 3d888000
15122 3d890000
15123 3d898000
15124 3d8a0000
15125 3d8a8000
15126 3d8b0000
15127 3d8b8000
15128 3d8c0000
15129 3d8c8000
15130 3d8d0000
15131 3d8d8000
15132 3d8e0000
15133 3d8e8000
15134 3d8f0000
15135 3d8f8000
15136 3d900000
15137 3d908000
15138 3d910000
15139 3d918000
15140 3d920000
15141 3d928000
15142 3d930000
15143 3d938000
15144 3d940000
15145 3d948000
15146 3d950000
15147 3d958000
15148 3d960000
15149 3d968000
15150 3d970000
15151 3d978000
15152 3d980000
15153 3d988000
15154 3d990000
15155 3d998000
15156 3d9a0000
15157 3d9a8000
15158 3d9b0000
15159 3d9b8000
15160 3d9c0000
15161 3d9c8000
15162 3d9d0000
15163 3d9d8000
15164 3d9e0000
15165 3d9e8000
15166 3d9f0000
15167 3d9f8000
15168 3da00000
15169 3da08000
15170 3da10000
15171 3da18000
15172 3da20000
15173 3da28000
15174 3da30000
15175 3da38000
15176 3da40000
15177 3da48000
15178 3da50000
15179 3da58000
15180 3da60000
15181 3da68000
15182 3da70000
15183 3da78000
15184 3da80000
15185 3da88000
15186 3da90000
15187 3da98000
15188 3daa0000
15189 3daa8000
15190 3dab0000
15191 3dab8000
15192 3dac0000
15193 3dac8000
15194 3dad0000
15195 3dad8000
15196 3dae0000
15197 3dae8000
15198 3daf0000
15199 3daf8000
15200 3db00000
15201 3db08000
15202 3db10000
15203 3db18000
15204 3db20000
15205 3db28000
15206 3db30000
15207 3db38000
15208 3db40000
15209 3db48000
15210 3db50000
15211 3db58000
15212 3db60000
15213 3db68000
15214 3db70000
15215 3db78000
15216 3db80000
15217 3db88000
15218 3db90000
15219 3db98000
15220 3dba0000
15221 3dba8000
15222 3dbb0000
15223 3dbb8000
15224 3dbc0000
15225 3dbc8000
15226 3dbd0000
15227 3dbd8000
15228 3dbe0000
15229 3dbe8000
15230 3dbf0000
15231 3dbf8000
15232 3dc00000
15233 3dc08000
15234 3dc10000
15235 3dc18000
15236 3dc20000
15237 3dc28000
15238 3dc30000
15239 3dc38000
15240 3dc40000
15241 3dc48000
15242 3dc50000
15243 3dc58000
15244 3dc60000
15245 3dc68000
15246 3dc70000
15247 3dc78000
15248 3dc80000
15249 3dc88000
15250 3dc90000
15251 3dc98000
15252 3dca0000
15253 3dca8000
15254 3dcb0000
15255 3dcb8000
15256 3dcc0000
15257 3dcc8000
15258 3dcd0000
15259 3dcd8000
15260 3dce0000
15261 3dce8000
15262 3dcf0000
15263 3dcf8000
15264 3dd00000
15265 3dd08000
15266 3dd10000
15267 3dd18000
15268 3dd20000
15269 3dd28000
15270 3dd30000
15271 3dd38000
15272 3dd40000
15273 3dd48000
15274 3dd50000
15275 3dd58000
15276 3dd60000
15277 3dd68000
15278 3dd70000
15279 3dd78000
15280 3dd80000
15281 3dd88000
15282 3dd90000
15283 3dd98000
15284 3dda0000
15285 3dda8000
15286 3ddb0000
15287 3ddb8000
15288 3ddc0000
15289 3ddc8000
15290 3ddd0000
15291 3ddd8000
15292 3dde0000
15293 3dde8000
15294 3ddf0000
15295 3ddf8000
15296 3de00000
15297 3de08000
15298 3de10000
15299 3de18000
15300 3de20000
15301 3de28000
15302 3de30000
15303 3de38000
15304 3de40000
15305 3de48000
15306 3de50000
15307 3de58000
15308 3de60000
15309 3de68000
15310 3de70000
15311 3de78000
15312 3de80000
15313 3de88000
15314 3de90000
15315 3de98000
15316 3dea0000
15317 3dea8000
15318 3deb0000
15319 3deb8000
15320 3dec0000
15321 3dec8000
15322 3ded0000
15323 3ded8000
15324 3dee0000
15325 3dee8000
15326 3def0000
15327 3def8000
15328 3df00000
15329 3df08000
15330 3df10000
15331 3df18000
15332 3df20000
15333 3df28000
15334 3df30000
15335 3df38000
15336 3df40000
15337 3df48000
15338 3df50000
15339 3df58000
15340 3df60000
15341 3df68000
15342 3df70000
15343 3df78000
15344 3df80000
15345 3df88000
15346 3df90000
15347 3df98000
15348 3dfa0000
15349 3dfa8000
15350 3dfb0000
15351 3dfb8000
15352 3dfc0000
15353 3dfc8000
15354 3dfd0000
15355 3dfd8000
15356 3dfe0000
15357 3dfe8000
15358 3dff0000
15359 3dff8000
15360 3e000000
15361 3e008000
15362 3e010000
15363 3e018000
15364 3e020000
15365 3e028000
15366 3e030000
15367 3e038000
15368 3e040000
15369 3e048000
15370 3e050000
15371 3e058000
15372 3e060000
15373 3e068000
15374 3e070000
15375 3e078000
15376 3e080000
15377 3e088000
15378 3e090000
15379 3e098000
15380 3e0a0000
15381 3e0a8000
15382 3e0b0000
15383 3e0b8000
15384 3e0c0000
15385 3e0c8000
15386 3e0d0000
15387 3e0d8000
15388 3e0e0000
15389 3e0e8000
15390 3e0f0000
15391 3e0f8000
15392 3e100000
15393 3e108000
15394 3e110000
15395 3e118000
15396 3e120000
15397 3e128000
15398 3e130000
15399 3e138000
15400 3e140000
15401 3e148000
15402 3e150000
15403 3e158000
15404 3e160000
15405 3e168000
15406 3e170000
15407 3e178000
15408 3e180000
15409 3e188000
15410 3e190000
15411 3e198000
15412 3e1a0000
15413 3e1a8000
15414 3e1b0000
15415 3e1b8000
15416 3e1c0000
15417 3e1c8000
15418 3e1d0000
15419 3e1d8000
15420 3e1e0000
15421 3e1e8000
15422 3e1f0000
15423 3e1f8000
15424 3e200000
15425 3e208000
15426 3e210000
15427 3e218000
15428 3e220000
15429 3e228000
15430 3e230000
15431 3e238000
15432 3e240000
15433 3e248000
15434 3e250000
15435 3e258000
15436 3e260000
15437 3e268000
15438 3e270000
15439 3e278000
15440 3e280000
15441 3e288000
15442 3e290000
15443 3e298000
15444 3e2a0000
15445 3e2a8000
15446 3e2b0000
15447 3e2b8000
15448 3e2c0000
15449 3e2c8000
15450 3e2d0000
15451 3e2d8000
15452 3e2e0000
15453 3e2e8000
15454 3e2f0000
15455 3e2f8000
15456 3e300000
15457 3e308000
15458 3e310000
15459 3e318000
15460 3e320000
15461 3e328000
15462 3e330000
15463 3e338000
15464 3e340000
15465 3e348000
15466 3e350000
15467 3e358000
15468 3e360000
15469 3e368000
15470 3e370000
15471 3e378000
15472 3e380000
15473 3e388000
15474 3e390000
15475 3e398000
15476 3e3a0000
15477 3e3a8000
15478 3e3b0000
15479 3e3b8000
15480 3e3c0000
15481 3e3c8000
15482 3e3d0000
15483 3e3d8000
15484 3e3e0000
15485 3e3e8000
15486 3e3f0000
15487 3e3f8000
15488 3e400000
15489 3e408000
15490 3e410000
15491 3e418000
15492 3e420000
15493 3e428000
15494 3e430000
15495 3e438000
15496 3e440000
15497 3e448000
15498 3e450000
15499 3e458000
15500 3e460000
15501 3e468000
15502 3e470000
15503 3e478000
15504 3e480000
15505 3e488000
15506 3e490000
15507 3e498000
15508 3e4a0000
15509 3e4a8000
15510 3e4b0000
15511 3e4b8000
15512 3e4c0000
15513 3e4c8000
15514 3e4d0000
15515 3e4d8000
15516 3e4e0000
15517 3e4e8000
15518 3e4f0000
15519 3e4f8000
15520 3e500000
15521 3e508000
15522 3e510000
15523 3e518000
15524 3e520000
15525 3e528000
15526 3e530000
15527 3e538000
15528 3e540000
15529 3e548000
15530 3e550000
15531 3e558000
15532 3e560000
15533 3e568000
15534 3e570000
15535 3e578000
15536 3e580000
15537 3e588000
15538 3e590000
15539 3e598000
15540 3e5a0000
15541 3e5a8000
15542 3e5b0000
15543 3e5b8000
15544 3e5c0000
15545 3e5c8000
15546 3e5d0000
15547 3e5d8000
15548 3e5e0000
15549 3e5e8000
15550 3e5f0000
15551 3e5f8000
15552 3e600000
15553 3e608000
15554 3e610000
15555 3e618000
15556 3e620000
15557 3e628000
15558 3e630000
15559 3e638000
15560 3e640000
15561 3e648000
15562 3e650000
15563 3e658000
15564 3e660000
15565 3e668000
15566 3e670000
15567 3e678000
15568 3e680000
15569 3e688000
15570 3e690000
15571 3e698000
15572 3e6a0000
15573 3e6a8000
15574 3e6b0000
15575 3e6b8000
15576 3e6c0000
15577 3e6c8000
15578 3e6d0000
15579 3e6d8000
15580 3e6e0000
15581 3e6e8000
15582 3e6f0000
15583 3e6f8000
15584 3e700000
15585 3e708000
15586 3e710000
15587 3e718000
15588 3e720000
15589 3e728000
15590 3e730000
15591 3e738000
15592 3e740000
15593 3e748000
15594 3e750000
15595 3e758000
15596 3e760000
15597 3e768000
15598 3e770000
15599 3e778000
15600 3e780000
15601 3e788000
15602 3e790000
15603 3e798000
15604 3e7a0000
15605 3e7a8000
15606 3e7b0000
15607 3e7b8000
15608 3e7c0000
15609 3e7c8000
15610 3e7d0000
15611 3e7d8000
15612 3e7e0000
15613 3e7e8000
15614 3e7f0000
15615 3e7f8000
15616 3e800000
15617 3e808000
15618 3e810000
15619 3e818000
15620 3e820000
15621 3e828000
15622 3e830000
15623 3e838000
15624 3e840000
15625 3e848000
15626 3e850000
15627 3e858000
15628 3e860000
15629 3e868000
15630 3e870000
15631 3e878000
15632 3e880000
15633 3e888000
15634 3e890000
15635 3e898000
15636 3e8a0000
15637 3e8a8000
15638 3e8b0000
15639 3e8b8000
15640 3e8c0000
15641 3e8c8000
15642 3e8d0000
15643 3e8d8000
15644 3e8e0000
15645 3e8e8000
15646 3e8f0000
15647 3e8f8000
15648 3e900000
15649 3e908000
15650 3e910000
15651 3e918000
15652 3e920000
15653 3e928000
15654 3e930000
15655 3e938000
15656 3e940000
15657 3e948000
15658 3e950000
15659 3e958000
15660 3e960000
15661 3e968000
15662 3e970000
15663 3e978000
15664 3e980000
15665 3e988000
15666 3e990000
15667 3e998000
15668 3e9a0000
15669 3e9a8000
15670 3e9b0000
15671 3e9b8000
15672 3e9c0000
15673 3e9c8000
15674 3e9d0000
15675 3e9d8000
15676 3e9e0000
15677 3e9e8000
15678 3e9f0000
15679 3e9f8000
15680 3ea00000
15681 3ea08000
15682 3ea10000
15683 3ea18000
15684 3ea20000
15685 3ea28000
15686 3ea30000
15687 3ea38000
15688 3ea40000
15689 3ea48000
15690 3ea50000
15691 3ea58000
15692 3ea60000
15693 3ea68000
15694 3ea70000
15695 3ea78000
15696 3ea80000
15697 3ea88000
15698 3ea90000
15699 3ea98000
15700 3eaa0000
15701 3eaa8000
15702 3eab0000
15703 3eab8000
15704 3eac0000
15705 3eac8000
15706 3ead0000
15707 3ead8000
15708 3eae0000
15709 3eae8000
15710 3eaf0000
15711 3eaf8000
15712 3eb00000
15713 3eb08000
15714 3eb10000
15715 3eb18000
15716 3eb20000
15717 3eb28000
15718 3eb30000
15719 3eb38000
15720 3eb40000
15721 3eb48000
15722 3eb50000
15723 3eb58000
15724 3eb60000
15725 3eb68000
15726 3eb70000
15727 3eb78000
15728 3eb80000
15729 3eb88000
15730 3eb90000
15731 3eb98000
15732 3eba0000
15733 3eba8000
15734 3ebb0000
15735 3ebb8000
15736 3ebc0000
15737 3ebc8000
15738 3ebd0000
15739 3ebd8000
15740 3ebe0000
15741 3ebe8000
15742 3ebf0000
15743 3ebf8000
15744 3ec00000
15745 3ec08000
15746 3ec10000
15747 3ec18000
15748 3ec20000
15749 3ec28000
15750 3ec30000
15751 3ec38000
15752 3ec40000
15753 3ec48000
15754 3ec50000
15755 3ec58000
15756 3ec60000
15757 3ec68000
15758 3ec70000
15759 3ec78000
15760 3ec80000
15761 3ec88000
15762 3ec90000
15763 3ec98000
15764 3eca0000
15765 3eca8000
15766 3ecb0000
15767 3ecb8000
15768 3ecc0000
15769 3ecc8000
15770 3ecd0000
15771 3ecd8000
15772 3ece0000
15773 3ece8000
15774 3ecf0000
15775 3ecf8000
15776 3ed00000
15777 3ed08000
15778 3ed10000
15779 3ed18000
15780 3ed20000
15781 3ed28000
15782 3ed30000
15783 3ed38000
15784 3ed40000
15785 3ed48000
15786 3ed50000
15787 3ed58000
15788 3ed60000
15789 3ed68000
15790 3ed70000
15791 3ed78000
15792 3ed80000
15793 3ed88000
15794 3ed90000
15795 3ed98000
15796 3eda0000
15797 3eda8000
15798 3edb0000
15799 3edb8000
15800 3edc0000
15801 3edc8000
15802 3edd0000
15803 3edd8000
15804 3ede0000
15805 3ede8000
15806 3edf0000
15807 3edf8000
15808 3ee00000
15809 3ee08000
15810 3ee10000
15811 3ee18000
15812 3ee20000
15813 3ee28000
15814 3ee30000
15815 3ee38000
15816 3ee40000
15817 3ee48000
15818 3ee50000
15819 3ee58000
15820 3ee60000
15821 3ee68000
15822 3ee70000
15823 3ee78000
15824 3ee80000
15825 3ee88000
15826 3ee90000
15827 3ee98000
15828 3eea0000
15829 3eea8000
15830 3eeb0000
15831 3eeb8000
15832 3eec0000
15833 3eec8000
15834 3eed0000
15835 3eed8000
15836 3eee0000
15837 3eee8000
15838 3eef0000
15839 3eef8000
15840 3ef00000
15841 3ef08000
15842 3ef10000
15843 3ef18000
15844 3ef20000
15845 3ef28000
15846 3ef30000
15847 3ef38000
15848 3ef40000
15849 3ef48000
15850 3ef50000
15851 3ef58000
15852 3ef60000
15853 3ef68000
15854 3ef70000
15855 3ef78000
15856 3ef80000
15857 3ef88000
15858 3ef90000
15859 3ef98000
15860 3efa0000
15861 3efa8000
15862 3efb0000
15863 3efb8000
15864 3efc0000
15865 3efc8000
15866 3efd0000
15867 3efd8000
15868 3efe0000
15869 3efe8000
15870 3eff0000
15871 3eff8000
15872 3f000000
15873 3f008000
15874 3f010000
15875 3f018000
15876 3f020000
15877 3f028000
15878 3f030000
15879 3f038000
15880 3f040000
15881 3f048000
15882 3f050000
15883 3f058000
15884 3f060000
15885 3f068000
15886 3f070000
15887 3f078000
15888 3f080000
15889 3f088000
15890 3f090000
15891 3f098000
15892 3f0a0000
15893 3f0a8000
15894 3f0b0000
15895 3f0b8000
15896 3f0c0000
15897 3f0c8000
15898 3f0d0000
15899 3f0d8000
15900 3f0e0000
15901 3f0e8000
15902 3f0f0000
15903 3f0f8000
15904 3f100000
15905 3f108000
15906 3f110000
15907 3f118000
15908 3f120000
15909 3f128000
15910 3f130000
15911 3f138000
15912 3f140000
15913 3f148000
15914 3f150000
15915 3f158000
15916 3f160000
15917 3f168000
15918 3f170000
15919 3f178000
15920 3f180000
15921 3f188000
15922 3f190000
15923 3f198000
15924 3f1a0000
15925 3f1a8000
15926 3f1b0000
15927 3f1b8000
15928 3f1c0000
15929 3f1c8000
15930 3f1d0000
15931 3f1d8000
15932 3f1e0000
15933 3f1e8000
15934 3f1f0000
15935 3f1f8000
15936 3f200000
15937 3f208000
15938 3f210000
15939 3f218000
15940 3f220000
15941 3f228000
15942 3f230000
15943 3f238000
15944 3f240000
15945 3f248000
15946 3f250000
15947 3f258000
15948 3f260000
15949 3f268000
15950 3f270000
15951 3f278000
15952 3f280000
15953 3f288000
15954 3f290000
15955 3f298000
15956 3f2a0000
15957 3f2a8000
15958 3f2b0000
15959 3f2b8000
15960 3f2c0000
15961 3f2c8000
15962 3f2d0000
15963 3f2d8000
15964 3f2e0000
15965 3f2e8000
15966 3f2f0000
15967 3f2f8000
15968 3f300000
15969 3f308000
15970 3f310000
15971 3f318000
15972 3f320000
15973 3f328000
15974 3f330000
15975 3f338000
15976 3f340000
15977 3f348000
15978 3f350000
15979 3f358000
15980 3f360000
15981 3f368000
15982 3f370000
15983 3f378000
15984 3f380000
15985 3f388000
15986 3f390000
15987 3f398000
15988 3f3a0000
15989 3f3a8000
15990 3f3b0000
15991 3f3b8000
15992 3f3c0000
15993 3f3c8000
15994 3f3d0000
15995 3f3d8000
15996 3f3e0000
15997 3f3e8000
15998 3f3f0000
15999 3f3f8000
16000 3f400000
16001 3f408000
16002 3f410000
16003 3f418000
16004 3f420000
16005 3f428000
16006 3f430000
16007 3f438000
16008 3f440000
16009 3f448000
16010 3f450000
16011 3f458000
16012 3f460000
16013 3f468000
16014 3f470000
16015 3f478000
16016 3f480000
16017 3f488000
16018 3f490000
16019 3f498000
16020 3f4a0000
16021 3f4a8000
16022 3f4b0000
16023 3f4b8000
16024 3f4c0000
16025 3f4c8000
16026 3f4d0000
16027 3f4d8000
16028 3f4e0000
16029 3f4e8000
16030 3f4f0000
16031 3f4f8000
16032 3f500000
16033 3f508000
16034 3f510000
16035 3f518000
16036 3f520000
16037 3f528000
16038 3f530000
16039 3f538000
16040 3f540000
16041 3f548000
16042 3f550000
16043 3f558000
16044 3f560000
16045 3f568000
16046 3f570000
16047 3f578000
16048 3f580000
16049 3f588000
16050 3f590000
16051 3f598000
16052 3f5a0000
16053 3f5a8000
16054 3f5b0000
16055 3f5b8000
16056 3f5c0000
16057 3f5c8000
16058 3f5d0000
16059 3f5d8000
16060 3f5e0000
16061 3f5e8000
16062 3f5f0000
16063 3f5f8000
16064 3f600000
16065 3f608000
16066 3f610000
16067 3f618000
16068 3f620000
16069 3f628000
16070 3f630000
16071 3f638000
16072 3f640000
16073 3f648000
16074 3f650000
16075 3f658000
16076 3f660000
16077 3f668000
16078 3f670000
16079 3f678000
16080 3f680000
16081 3f688000
16082 3f690000
16083 3f698000
16084 3f6a0000
16085 3f6a8000
16086 3f6b0000
16087 3f6b8000
16088 3f6c0000
16089 3f6c8000
16090 3f6d0000
16091 3f6d8000
16092 3f6e0000
16093 3f6e8000
16094 3f6f0000
16095 3f6f8000
16096 3f700000
16097 3f708000
16098 3f710000
16099 3f718000
16100 3f720000
16101 3f728000
16102 3f730000
16103 3f738000
16104 3f740000
16105 3f748000
16106 3f750000
16107 3f758000
16108 3f760000
16109 3f768000
16110 3f770000
16111 3f778000
16112 3f780000
16113 3f788000
16114 3f790000
16115 3f798000
16116 3f7a0000
16117 3f7a8000
16118 3f7b0000
16119 3f7b8000
16120 3f7c0000
16121 3f7c8000
16122 3f7d0000
16123 3f7d8000
16124 3f7e0000
16125 3f7e8000
16126 3f7f0000
16127 3f7f8000
16128 3f800000
16129 3f808000
16130 3f810000
16131 3f818000
16132 3f820000
16133 3f828000
16134 3f830000
16135 3f838000
16136 3f840000
16137 3f848000
16138 3f850000
16139 3f858000
16140 3f860000
16141 3f868000
16142 3f870000
16143 3f878000
16144 3f880000
16145 3f888000
16146 3f890000
16147 3f898000
16148 3f8a0000
16149 3f8a8000
16150 3f8b0000
16151 3f8b8000
16152 3f8c0000
16153 3f8c8000
16154 3f8d0000
16155 3f8d8000
16156 3f8e0000
16157 3f8e8000
16158 3f8f0000
16159 3f8f8000
16160 3f900000
16161 3f908000
16162 3f910000
16163 3f918000
16164 3f920000
16165 3f928000
16166 3f930000
16167 3f938000
16168 3f940000
16169 3f948000
16170 3f950000
16171 3f958000
16172 3f960000
16173 3f968000
16174 3f970000
16175 3f978000
16176 3f980000
16177 3f988000
16178 3f990000
16179 3f998000
16180 3f9a0000
16181 3f9a8000
16182 3f9b0000
16183 3f9b8000
16184 3f9c0000
16185 3f9c8000
16186 3f9d0000
16187 3f9d8000
16188 3f9e0000
16189 3f9e8000
16190 3f9f0000
16191 3f9f8000
16192 3fa00000
16193 3fa08000
16194 3fa10000
16195 3fa18000
16196 3fa20000
16197 3fa28000
16198 3fa30000
16199 3fa38000
16200 3fa40000
16201 3fa48000
16202 3fa50000
16203 3fa58000
16204 3fa60000
16205 3fa68000
16206 3fa70000
16207 3fa78000
16208 3fa80000
16209 3fa88000
16210 3fa90000
16211 3fa98000
16212 3faa0000
16213 3faa8000
16214 3fab0000
16215 3fab8000
16216 3fac0000
16217 3fac8000
16218 3fad0000
16219 3fad8000
16220 3fae0000
16221 3fae8000
16222 3faf0000
16223 3faf8000
16224 3fb00000
16225 3fb08000
16226 3fb10000
16227 3fb18000
16228 3fb20000
16229 3fb28000
16230 3fb30000
16231 3fb38000
16232 3fb40000
16233 3fb48000
16234 3fb50000
16235 3fb58000
16236 3fb60000
16237 3fb68000
16238 3fb70000
16239 3fb78000
16240 3fb80000
16241 3fb88000
16242 3fb90000
16243 3fb98000
16244 3fba0000
16245 3fba8000
16246 3fbb0000
16247 3fbb8000
16248 3fbc0000
16249 3fbc8000
16250 3fbd0000
16251 3fbd8000
16252 3fbe0000
16253 3fbe8000
16254 3fbf0000
16255 3fbf8000
16256 3fc00000
16257 3fc08000
16258 3fc10000
16259 3fc18000
16260 3fc20000
16261 3fc28000
16262 3fc30000
16263 3fc38000
16264 3fc40000
16265 3fc48000
16266 3fc50000
16267 3fc58000
16268 3fc60000
16269 3fc68000
16270 3fc70000
16271 3fc78000
16272 3fc80000
16273 3fc88000
16274 3fc90000
16275 3fc98000
16276 3fca0000
16277 3fca8000
16278 3fcb0000
16279 3fcb8000
16280 3fcc0000
16281 3fcc8000
16282 3fcd0000
16283 3fcd8000
16284 3fce0000
16285 3fce8000
16286 3fcf0000
16287 3fcf8000
16288 3fd00000
16289 3fd08000
16290 3fd10000
16291 3fd18000
16292 3fd20000
16293 3fd28000
16294 3fd30000
16295 3fd38000
16296 3fd40000
16297 3fd48000
16298 3fd50000
16299 3fd58000
16300 3fd60000
16301 3fd68000
16302 3fd70000
16303 3fd78000
16304 3fd80000
16305 3fd88000
16306 3fd90000
16307 3fd98000
16308 3fda0000
16309 3fda8000
16310 3fdb0000
16311 3fdb8000
16312 3fdc0000
16313 3fdc8000
16314 3fdd0000
16315 3fdd8000
16316 3fde0000
16317 3fde8000
16318 3fdf0000
16319 3fdf8000
16320 3fe00000
16321 3fe08000
16322 3fe10000
16323 3fe18000
16324 3fe20000
16325 3fe28000
16326 3fe30000
16327 3fe38000
16328 3fe40000
16329 3fe48000
16330 3fe50000
16331 3fe58000
16332 3fe60000
16333 3fe68000
16334 3fe70000
16335 3fe78000
16336 3fe80000
16337 3fe88000
16338 3fe90000
16339 3fe98000
16340 3fea0000
16341 3fea8000
16342 3feb0000
16343 3feb8000
16344 3fec0000
16345 3fec8000
16346 3fed0000
16347 3fed8000
16348 3fee0000
16349 3fee8000
16350 3fef0000
16351 3fef8000
16352 3ff00000
16353 3ff08000
16354 3ff10000
16355 3ff18000
16356 3ff20000
16357 3ff28000
16358 3ff30000
16359 3ff38000
16360 3ff40000
16361 3ff48000
16362 3ff50000
16363 3ff58000
16364 3ff60000
16365 3ff68000
16366 3ff70000
16367 3ff78000
16368 3ff80000
16369 3ff88000
16370 3ff90000
16371 3ff98000
16372 3ffa0000
16373 3ffa8000
16374 3ffb0000
16375 3ffb8000
16376 3ffc0000
16377 3ffc8000
16378 3ffd0000
16379 3ffd8000
16380 3ffe0000
16381 3ffe8000
16382 3fff0000
16383 3fff8000
16384 40000000
16385 40008000
16386 40010000
16387 40018000
16388 40020000
16389 40028000
16390 40030000
16391 40038000
16392 40040000
16393 40048000
16394 40050000
16395 40058000
16396 40060000
16397 40068000
16398 40070000
16399 40078000
16400 40080000
16401 40088000
16402 40090000
16403 40098000
16404 400a0000
16405 400a8000
16406 400b0000
16407 400b8000
16408 400c0000
16409 400c8000
16410 400d0000
16411 400d8000
16412 400e0000
16413 400e8000
16414 400f0000
16415 400f8000
16416 40100000
16417 40108000
16418 40110000
16419 40118000
16420 40120000
16421 40128000
16422 40130000
16423 40138000
16424 40140000
16425 40148000
16426 40150000
16427 40158000
16428 40160000
16429 40168000
16430 40170000
16431 40178000
16432 40180000
16433 40188000
16434 40190000
16435 40198000
16436 401a0000
16437 401a8000
16438 401b0000
16439 401b8000
16440 401c0000
16441 401c8000
16442 401d0000
16443 401d8000
16444 401e0000
16445 401e8000
16446 401f0000
16447 401f8000
16448 40200000
16449 40208000
16450 40210000
16451 40218000
16452 40220000
16453 40228000
16454 40230000
16455 40238000
16456 40240000
16457 40248000
16458 40250000
16459 40258000
16460 40260000
16461 40268000
16462 40270000
16463 40278000
16464 40280000
16465 40288000
16466 40290000
16467 40298000
16468 402a0000
16469 402a8000
16470 402b0000
16471 402b8000
16472 402c0000
16473 402c8000
16474 402d0000
16475 402d8000
16476 402e0000
16477 402e8000
16478 402f0000
16479 402f8000
16480 40300000
16481 40308000
16482 40310000
16483 40318000
16484 40320000
16485 40328000
16486 40330000
16487 40338000
16488 40340000
16489 40348000
16490 40350000
16491 40358000
16492 40360000
16493 40368000
16494 40370000
16495 40378000
16496 40380000
16497 40388000
16498 40390000
16499 40398000
16500 403a0000
16501 403a8000
16502 403b0000
16503 403b8000
16504 403c0000
16505 403c8000
16506 403d0000
16507 403d8000
16508 403e0000
16509 403e8000
16510 403f0000
16511 403f8000
16512 40400000
16513 40408000
16514 40410000
16515 40418000
16516 40420000
16517 40428000
16518 40430000
16519 40438000
16520 40440000
16521 40448000
16522 40450000
16523 40458000
16524 40460000
16525 40468000
16526 40470000
16527 40478000
16528 40480000
16529 40488000
16530 40490000
16531 40498000
16532 404a0000
16533 404a8000
16534 404b0000
16535 404b8000
16536 404c0000
16537 404c8000
16538 404d0000
16539 404d8000
16540 404e0000
16541 404e8000
16542 404f0000
16543 404f8000
16544 40500000
16545 40508000
16546 40510000
16547 40518000
16548 40520000
16549 40528000
16550 40530000
16551 40538000
16552 40540000
16553 40548000
16554 40550000
16555 40558000
16556 40560000
16557 40568000
16558 40570000
16559 40578000
16560 40580000
16561 40588000
16562 40590000
16563 40598000
16564 405a0000
16565 405a8000
16566 405b0000
16567 405b8000
16568 405c0000
16569 405c8000
16570 405d0000
16571 405d8000
16572 405e0000
16573 405e8000
16574 405f0000
16575 405f8000
16576 40600000
16577 40608000
16578 40610000
16579 40618000
16580 40620000
16581 40628000
16582 40630000
16583 40638000
16584 40640000
16585 40648000
16586 40650000
16587 40658000
16588 40660000
16589 40668000
16590 40670000
16591 40678000
16592 40680000
16593 40688000
16594 40690000
16595 40698000
16596 406a0000
16597 406a8000
16598 406b0000
16599 406b8000
16600 406c0000
16601 406c8000
16602 406d0000
16603 406d8000
16604 406e0000
16605 406e8000
16606 406f0000
16607 406f8000
16608 40700000
16609 40708000
16610 40710000
16611 40718000
16612 40720000
16613 40728000
16614 40730000
16615 40738000
16616 40740000
16617 40748000
16618 40750000
16619 40758000
16620 40760000
16621 40768000
16622 40770000
16623 40778000
16624 40780000
16625 40788000
16626 40790000
16627 40798000
16628 407a0000
16629 407a8000
16630 407b0000
16631 407b8000
16632 407c0000
16633 407c8000
16634 407d0000
16635 407d8000
16636 407e0000
16637 407e8000
16638 407f0000
16639 407f8000
16640 40800000
16641 40808000
16642 40810000
16643 40818000
16644 40820000
16645 40828000
16646 40830000
16647 40838000
16648 40840000
16649 40848000
16650 40850000
16651 40858000
16652 40860000
16653 40868000
16654 40870000
16655 40878000
16656 40880000
16657 40888000
16658 40890000
16659 40898000
16660 408a0000
16661 408a8000
16662 408b0000
16663 408b8000
16664 408c0000
16665 408c8000
16666 408d0000
16667 408d8000
16668 408e0000
16669 408e8000
16670 408f0000
16671 408f8000
16672 40900000
16673 40908000
16674 40910000
16675 40918000
16676 40920000
16677 40928000
16678 40930000
16679 40938000
16680 40940000
16681 40948000
16682 40950000
16683 40958000
16684 40960000
16685 40968000
16686 40970000
16687 40978000
16688 40980000
16689 40988000
16690 40990000
16691 40998000
16692 409a0000
16693 409a8000
16694 409b0000
16695 409b8000
16696 409c0000
16697 409c8000
16698 409d0000
16699 409d8000
16700 409e0000
16701 409e8000
16702 409f0000
16703 409f8000
16704 40a00000
16705 40a08000
16706 40a10000
16707 40a18000
16708 40a20000
16709 40a28000
16710 40a30000
16711 40a38000
16712 40a40000
16713 40a48000
16714 40a50000
16715 40a58000
16716 40a60000
16717 40a68000
16718 40a70000
16719 40a78000
16720 40a80000
16721 40a88000
16722 40a90000
16723 40a98000
16724 40aa0000
16725 40aa8000
16726 40ab0000
16727 40ab8000
16728 40ac0000
16729 40ac8000
16730 40ad0000
16731 40ad8000
16732 40ae0000
16733 40ae8000
16734 40af0000
16735 40af8000
16736 40b00000
16737 40b08000
16738 40b10000
16739 40b18000
16740 40b20000
16741 40b28000
16742 40b30000
16743 40b38000
16744 40b40000
16745 40b48000
16746 40b50000
16747 40b58000
16748 40b60000
16749 40b68000
16750 40b70000
16751 40b78000
16752 40b80000
16753 40b88000
16754 40b90000
16755 40b98000
16756 40ba0000
16757 40ba8000
16758 40bb0000
16759 40bb8000
16760 40bc0000
16761 40bc8000
16762 40bd0000
16763 40bd8000
16764 40be0000
16765 40be8000
16766 40bf0000
16767 40bf8000
16768 40c00000
16769 40c08000
16770 40c10000
16771 40c18000
16772 40c20000
16773 40c28000
16774 40c30000
16775 40c38000
16776 40c40000
16777 40c48000
16778 40c50000
16779 40c58000
16780 40c60000
16781 40c68000
16782 40c70000
16783 40c78000
16784 40c80000
16785 40c88000
16786 40c90000
16787 40c98000
16788 40ca0000
16789 40ca8000
16790 40cb0000
16791 40cb8000
16792 40cc0000
16793 40cc8000
16794 40cd0000
16795 40cd8000
16796 40ce0000
16797 40ce8000
16798 40cf0000
16799 40cf8000
16800 40d00000
16801 40d08000
16802 40d10000
16803 40d18000
16804 40d20000
16805 40d28000
16806 40d30000
16807 40d38000
16808 40d40000
16809 40d48000
16810 40d50000
16811 40d58000
16812 40d60000
16813 40d68000
16814 40d70000
16815 40d78000
16816 40d80000
16817 40d88000
16818 40d90000
16819 40d98000
16820 40da0000
16821 40da8000
16822 40db0000
16823 40db8000
16824 40dc0000
16825 40dc8000
16826 40dd0000
16827 40dd8000
16828 40de0000
16829 40de8000
16830 40df0000
16831 40df8000
16832 40e00000
16833 40e08000
16834 40e10000
16835 40e18000
16836 40e20000
16837 40e28000
16838 40e30000
16839 40e38000
16840 40e40000
16841 40e48000
16842 40e50000
16843 40e58000
16844 40e60000
16845 40e68000
16846 40e70000
16847 40e78000
16848 40e80000
16849 40e88000
16850 40e90000
16851 40e98000
16852 40ea0000
16853 40ea8000
16854 40eb0000
16855 40eb8000
16856 40ec0000
16857 40ec8000
16858 40ed0000
16859 40ed8000
16860 40ee0000
16861 40ee8000
16862 40ef0000
16863 40ef8000
16864 40f00000
16865 40f08000
16866 40f10000
16867 40f18000
16868 40f20000
16869 40f28000
16870 40f30000
16871 40f38000
16872 40f40000
16873 40f48000
16874 40f50000
16875 40f58000
16876 40f60000
16877 40f68000
16878 40f70000
16879 40f78000
16880 40f80000
16881 40f88000
16882 40f90000
16883 40f98000
16884 40fa0000
16885 40fa8000
16886 40fb0000
16887 40fb8000
16888 40fc0000
16889 40fc8000
16890 40fd0000
16891 40fd8000
16892 40fe0000
16893 40fe8000
16894 40ff0000
16895 40ff8000
16896 41000000
16897 41008000
16898 41010000
16899 41018000
16900 41020000
16901 41028000
16902 41030000
16903 41038000
16904 41040000
16905 41048000
16906 41050000
16907 41058000
16908 41060000
16909 41068000
16910 41070000
16911 41078000
16912 41080000
16913 41088000
16914 41090000
16915 41098000
16916 410a0000
16917 410a8000
16918 410b0000
16919 410b8000
16920 410c0000
16921 410c8000
16922 410d0000
16923 410d8000
16924 410e0000
16925 410e8000
16926 410f0000
16927 410f8000
16928 41100000
16929 41108000
16930 41110000
16931 41118000
16932 41120000
16933 41128000
16934 41130000
16935 41138000
16936 41140000
16937 41148000
16938 41150000
16939 41158000
16940 41160000
16941 41168000
16942 41170000
16943 41178000
16944 41180000
16945 41188000
16946 41190000
16947 41198000
16948 411a0000
16949 411a8000
16950 411b0000
16951 411b8000
16952 411c0000
16953 411c8000
16954 411d0000
16955 411d8000
16956 411e0000
16957 411e8000
16958 411f0000
16959 411f8000
16960 41200000
16961 41208000
16962 41210000
16963 41218000
16964 41220000
16965 41228000
16966 41230000
16967 41238000
16968 41240000
16969 41248000
16970 41250000
16971 41258000
16972 41260000
16973 41268000
16974 41270000
16975 41278000
16976 41280000
16977 41288000
16978 41290000
16979 41298000
16980 412a0000
16981 412a8000
16982 412b0000
16983 412b8000
16984 412c0000
16985 412c8000
16986 412d0000
16987 412d8000
16988 412e0000
16989 412e8000
16990 412f0000
16991 412f8000
16992 41300000
16993 41308000
16994 41310000
16995 41318000
16996 41320000
16997 41328000
16998 41330000
16999 41338000
17000 41340000
17001 41348000
17002 41350000
17003 41358000
17004 41360000
17005 41368000
17006 41370000
17007 41378000
17008 41380000
17009 41388000
17010 41390000
17011 41398000
17012 413a0000
17013 413a8000
17014 413b0000
17015 413b8000
17016 413c0000
17017 413c8000
17018 413d0000
17019 413d8000
17020 413e0000
17021 413e8000
17022 413f0000
17023 413f8000
17024 41400000
17025 41408000
17026 41410000
17027 41418000
17028 41420000
17029 41428000
17030 41430000
17031 41438000
17032 41440000
17033 41448000
17034 41450000
17035 41458000
17036 41460000
17037 41468000
17038 41470000
17039 41478000
17040 41480000
17041 41488000
17042 41490000
17043 41498000
17044 414a0000
17045 414a8000
17046 414b0000
17047 414b8000
17048 414c0000
17049 414c8000
17050 414d0000
17051 414d8000
17052 414e0000
17053 414e8000
17054 414f0000
17055 414f8000
17056 41500000
17057 41508000
17058 41510000
17059 41518000
17060 41520000
17061 41528000
17062 41530000
17063 41538000
17064 41540000
17065 41548000
17066 41550000
17067 41558000
17068 41560000
17069 41568000
17070 41570000
17071 41578000
17072 41580000
17073 41588000
17074 41590000
17075 41598000
17076 415a0000
17077 415a8000
17078 415b0000
17079 415b8000
17080 415c0000
17081 415c8000
17082 415d0000
17083 415d8000
17084 415e0000
17085 415e8000
17086 415f0000
17087 415f8000
17088 41600000
17089 41608000
17090 41610000
17091 41618000
17092 41620000
17093 41628000
17094 41630000
17095 41638000
17096 41640000
17097 41648000
17098 41650000
17099 41658000
17100 41660000
17101 41668000
17102 41670000
17103 41678000
17104 41680000
17105 41688000
17106 41690000
17107 41698000
17108 416a0000
17109 416a8000
17110 416b0000
17111 416b8000
17112 416c0000
17113 416c8000
17114 416d0000
17115 416d8000
17116 416e0000
17117 416e8000
17118 416f0000
17119 416f8000
17120 41700000
17121 41708000
17122 41710000
17123 41718000
17124 41720000
17125 41728000
17126 41730000
17127 41738000
17128 41740000
17129 41748000
17130 41750000
17131 41758000
17132 41760000
17133 41768000
17134 41770000
17135 41778000
17136 41780000
17137 41788000
17138 41790000
17139 41798000
17140 417a0000
17141 417a8000
17142 417b0000
17143 417b8000
17144 417c0000
17145 417c8000
17146 417d0000
17147 417d8000
17148 417e0000
17149 417e8000
17150 417f0000
17151 417f8000
17152 41800000
17153 41808000
17154 41810000
17155 41818000
17156 41820000
17157 41828000
17158 41830000
17159 41838000
17160 41840000
17161 41848000
17162 41850000
17163 41858000
17164 41860000
17165 41868000
17166 41870000
17167 41878000
17168 41880000
17169 41888000
17170 41890000
17171 41898000
17172 418a0000
17173 418a8000
17174 418b0000
17175 418b8000
17176 418c0000
17177 418c8000
17178 418d0000
17179 418d8000
17180 418e0000
17181 418e8000
17182 418f0000
17183 418f8000
17184 41900000
17185 41908000
17186 41910000
17187 41918000
17188 41920000
17189 41928000
17190 41930000
17191 41938000
17192 41940000
17193 41948000
17194 41950000
17195 41958000
17196 41960000
17197 41968000
17198 41970000
17199 41978000
17200 41980000
17201 41988000
17202 41990000
17203 41998000
17204 419a0000
17205 419a8000
17206 419b0000
17207 419b8000
17208 419c0000
17209 419c8000
17210 419d0000
17211 419d8000
17212 419e0000
17213 419e8000
17214 419f0000
17215 419f8000
17216 41a00000
17217 41a08000
17218 41a10000
17219 41a18000
17220 41a20000
17221 41a28000
17222 41a30000
17223 41a38000
17224 41a40000
17225 41a48000
17226 41a50000
17227 41a58000
17228 41a60000
17229 41a68000
17230 41a70000
17231 41a78000
17232 41a80000
17233 41a88000
17234 41a90000
17235 41a98000
17236 41aa0000
17237 41aa8000
17238 41ab0000
17239 41ab8000
17240 41ac0000
17241 41ac8000
17242 41ad0000
17243 41ad8000
17244 41ae0000
17245 41ae8000
17246 41af0000
17247 41af8000
17248 41b00000
17249 41b08000
17250 41b10000
17251 41b18000
17252 41b20000
17253 41b28000
17254 41b30000
17255 41b38000
17256 41b40000
17257 41b48000
17258 41b50000
17259 41b58000
17260 41b60000
17261 41b68000
17262 41b70000
17263 41b78000
17264 41b80000
17265 41b88000
17266 41b90000
17267 41b98000
17268 41ba0000
17269 41ba8000
17270 41bb0000
17271 41bb8000
17272 41bc0000
17273 41bc8000
17274 41bd0000
17275 41bd8000
17276 41be0000
17277 41be8000
17278 41bf0000
17279 41bf8000
17280 41c00000
17281 41c08000
17282 41c10000
17283 41c18000
17284 41c20000
17285 41c28000
17286 41c30000
17287 41c38000
17288 41c40000
17289 41c48000
17290 41c50000
17291 41c58000
17292 41c60000
17293 41c68000
17294 41c70000
17295 41c78000
17296 41c80000
17297 41c88000
17298 41c90000
17299 41c98000
17300 41ca0000
17301 41ca8000
17302 41cb0000
17303 41cb8000
17304 41cc0000
17305 41cc8000
17306 41cd0000
17307 41cd8000
17308 41ce0000
17309 41ce8000
17310 41cf0000
17311 41cf8000
17312 41d00000
17313 41d08000
17314 41d10000
17315 41d18000
17316 41d20000
17317 41d28000
17318 41d30000
17319 41d38000
17320 41d40000
17321 41d48000
17322 41d50000
17323 41d58000
17324 41d60000
17325 41d68000
17326 41d70000
17327 41d78000
17328 41d80000
17329 41d88000
17330 41d90000
17331 41d98000
17332 41da0000
17333 41da8000
17334 41db0000
17335 41db8000
17336 41dc0000
17337 41dc8000
17338 41dd0000
17339 41dd8000
17340 41de0000
17341 41de8000
17342 41df0000
17343 41df8000
17344 41e00000
17345 41e08000
17346 41e10000
17347 41e18000
17348 41e20000
17349 41e28000
17350 41e30000
17351 41e38000
17352 41e40000
17353 41e48000
17354 41e50000
17355 41e58000
17356 41e60000
17357 41e68000
17358 41e70000
17359 41e78000
17360 41e80000
17361 41e88000
17362 41e90000
17363 41e98000
17364 41ea0000
17365 41ea8000
17366 41eb0000
17367 41eb8000
17368 41ec0000
17369 41ec8000
17370 41ed0000
17371 41ed8000
17372 41ee0000
17373 41ee8000
17374 41ef0000
17375 41ef8000
17376 41f00000
17377 41f08000
17378 41f10000
17379 41f18000
17380 41f20000
17381 41f28000
17382 41f30000
17383 41f38000
17384 41f40000
17385 41f48000
17386 41f50000
17387 41f58000
17388 41f60000
17389 41f68000
17390 41f70000
17391 41f78000
17392 41f80000
17393 41f88000
17394 41f90000
17395 41f98000
17396 41fa0000
17397 41fa8000
17398 41fb0000
17399 41fb8000
17400 41fc0000
17401 41fc8000
17402 41fd0000
17403 41fd8000
17404 41fe0000
17405 41fe8000
17406 41ff0000
17407 41ff8000
17408 42000000
17409 42008000
17410 42010000
17411 42018000
17412 42020000
17413 42028000
17414 42030000
17415 42038000
17416 42040000
17417 42048000
17418 42050000
17419 42058000
17420 42060000
17421 42068000
17422 42070000
17423 42078000
17424 42080000
17425 42088000
17426 42090000
17427 42098000
17428 420a0000
17429 420a8000
17430 420b0000
17431 420b8000
17432 420c0000
17433 420c8000
17434 420d0000
17435 420d8000
17436 420e0000
17437 420e8000
17438 420f0000
17439 420f8000
17440 42100000
17441 42108000
17442 42110000
17443 42118000
17444 42120000
17445 42128000
17446 42130000
17447 42138000
17448 42140000
17449 42148000
17450 42150000
17451 42158000
17452 42160000
17453 42168000
17454 42170000
17455 42178000
17456 42180000
17457 42188000
17458 42190000
17459 42198000
17460 421a0000
17461 421a8000
17462 421b0000
17463 421b8000
17464 421c0000
17465 421c8000
17466 421d0000
17467 421d8000
17468 421e0000
17469 421e8000
17470 421f0000
17471 421f8000
17472 42200000
17473 42208000
17474 42210000
17475 42218000
17476 42220000
17477 42228000
17478 42230000
17479 42238000
17480 42240000
17481 42248000
17482 42250000
17483 42258000
17484 42260000
17485 42268000
17486 42270000
17487 42278000
17488 42280000
17489 42288000
17490 42290000
17491 42298000
17492 422a0000
17493 422a8000
17494 422b0000
17495 422b8000
17496 422c0000
17497 422c8000
17498 422d0000
17499 422d8000
17500 422e0000
17501 422e8000
17502 422f0000
17503 422f8000
17504 42300000
17505 42308000
17506 42310000
17507 42318000
17508 42320000
17509 42328000
17510 42330000
17511 42338000
17512 42340000
17513 42348000
17514 42350000
17515 42358000
17516 42360000
17517 42368000
17518 42370000
17519 42378000
17520 42380000
17521 42388000
17522 42390000
17523 42398000
17524 423a0000
17525 423a8000
17526 423b0000
17527 423b8000
17528 423c0000
17529 423c8000
17530 423d0000
17531 423d8000
17532 423e0000
17533 423e8000
17534 423f0000
17535 423f8000
17536 42400000
17537 42408000
17538 42410000
17539 42418000
17540 42420000
17541 42428000
17542 42430000
17543 42438000
17544 42440000
17545 42448000
17546 42450000
17547 42458000
17548 42460000
17549 42468000
17550 42470000
17551 42478000
17552 42480000
17553 42488000
17554 42490000
17555 42498000
17556 424a0000
17557 424a8000
17558 424b0000
17559 424b8000
17560 424c0000
17561 424c8000
17562 424d0000
17563 424d8000
17564 424e0000
17565 424e8000
17566 424f0000
17567 424f8000
17568 42500000
17569 42508000
17570 42510000
17571 42518000
17572 42520000
17573 42528000
17574 42530000
17575 42538000
17576 42540000
17577 42548000
17578 42550000
17579 42558000
17580 42560000
17581 42568000
17582 42570000
17583 42578000
17584 42580000
17585 42588000
17586 42590000
17587 42598000
17588 425a0000
17589 425a8000
17590 425b0000
17591 425b8000
17592 425c0000
17593 425c8000
17594 425d0000
17595 425d8000
17596 425e0000
17597 425e8000
17598 425f0000
17599 425f8000
17600 42600000
17601 42608000
17602 42610000
17603 42618000
17604 42620000
17605 42628000
17606 42630000
17607 42638000
17608 42640000
17609 42648000
17610 42650000
17611 42658000
17612 42660000
17613 42668000
17614 42670000
17615 42678000
17616 42680000
17617 42688000
17618 42690000
17619 42698000
17620 426a0000
17621 426a8000
17622 426b0000
17623 426b8000
17624 426c0000
17625 426c8000
17626 426d0000
17627 426d8000
17628 426e0000
17629 426e8000
17630 426f0000
17631 426f8000
17632 42700000
17633 42708000
17634 42710000
17635 42718000
17636 42720000
17637 42728000
17638 42730000
17639 42738000
17640 42740000
17641 42748000
17642 42750000
17643 42758000
17644 42760000
17645 42768000
17646 42770000
17647 42778000
17648 42780000
17649 42788000
17650 42790000
17651 42798000
17652 427a0000
17653 427a8000
17654 427b0000
17655 427b8000
17656 427c0000
17657 427c8000
17658 427d0000
17659 427d8000
17660 427e0000
17661 427e8000
17662 427f0000
17663 427f8000
17664 42800000
17665 42808000
17666 42810000
17667 42818000
17668 42820000
17669 42828000
17670 42830000
17671 42838000
17672 42840000
17673 42848000
17674 42850000
17675 42858000
17676 42860000
17677 42868000
17678 42870000
17679 42878000
17680 42880000
17681 42888000
17682 42890000
17683 42898000
17684 428a0000
17685 428a8000
17686 428b0000
17687 428b8000
17688 428c0000
17689 428c8000
17690 428d0000
17691 428d8000
17692 428e0000
17693 428e8000
17694 428f0000
17695 428f8000
17696 42900000
17697 42908000
17698 42910000
17699 42918000
17700 42920000
17701 42928000
17702 42930000
17703 42938000
17704 42940000
17705 42948000
17706 42950000
17707 42958000
17708 42960000
17709 42968000
17710 42970000
17711 42978000
17712 42980000
17713 42988000
17714 42990000
17715 42998000
17716 429a0000
17717 429a8000
17718 429b0000
17719 429b8000
17720 429c0000
17721 429c8000
17722 429d0000
17723 429d8000
17724 429e0000
17725 429e8000
17726 429f0000
17727 429f8000
17728 42a00000
17729 42a08000
17730 42a10000
17731 42a18000
17732 42a20000
17733 42a28000
17734 42a30000
17735 42a38000
17736 42a40000
17737 42a48000
17738 42a50000
17739 42a58000
17740 42a60000
17741 42a68000
17742 42a70000
17743 42a78000
17744 42a80000
17745 42a88000
17746 42a90000
17747 42a98000
17748 42aa0000
17749 42aa8000
17750 42ab0000
17751 42ab8000
17752 42ac0000
17753 42ac8000
17754 42ad0000
17755 42ad8000
17756 42ae0000
17757 42ae8000
17758 42af0000
17759 42af8000
17760 42b00000
17761 42b08000
17762 42b10000
17763 42b18000
17764 42b20000
17765 42b28000
17766 42b30000
17767 42b38000
17768 42b40000
17769 42b48000
17770 42b50000
17771 42b58000
17772 42b60000
17773 42b68000
17774 42b70000
17775 42b78000
17776 42b80000
17777 42b88000
17778 42b90000
17779 42b98000
17780 42ba0000
17781 42ba8000
17782 42bb0000
17783 42bb8000
17784 42bc0000
17785 42bc8000
17786 42bd0000
17787 42bd8000
17788 42be0000
17789 42be8000
17790 42bf0000
17791 42bf8000
17792 42c00000
17793 42c08000
17794 42c10000
17795 42c18000
17796 42c20000
17797 42c28000
17798 42c30000
17799 42c38000
17800 42c40000
17801 42c48000
17802 42c50000
17803 42c58000
17804 42c60000
17805 42c68000
17806 42c70000
17807 42c78000
17808 42c80000
17809 42c88000
17810 42c90000
17811 42c98000
17812 42ca0000
17813 42ca8000
17814 42cb0000
17815 42cb8000
17816 42cc0000
17817 42cc8000
17818 42cd0000
17819 42cd8000
17820 42ce0000
17821 42ce8000
17822 42cf0000
17823 42cf8000
17824 42d00000
17825 42d08000
17826 42d10000
17827 42d18000
17828 42d20000
17829 42d28000
17830 42d30000
17831 42d38000
17832 42d40000
17833 42d48000
17834 42d50000
17835 42d58000
17836 42d60000
17837 42d68000
17838 42d70000
17839 42d78000
17840 42d80000
17841 42d88000
17842 42d90000
17843 42d98000
17844 42da0000
17845 42da8000
17846 42db0000
17847 42db8000
17848 42dc0000
17849 42dc8000
17850 42dd0000
17851 42dd8000
17852 42de0000
17853 42de8000
17854 42df0000
17855 42df8000
17856 42e00000
17857 42e08000
17858 42e10000
17859 42e18000
17860 42e20000
17861 42e28000
17862 42e30000
17863 42e38000
17864 42e40000
17865 42e48000
17866 42e50000
17867 42e58000
17868 42e60000
17869 42e68000
17870 42e70000
17871 42e78000
17872 42e80000
17873 42e88000
17874 42e90000
17875 42e98000
17876 42ea0000
17877 42ea8000
17878 42eb0000
17879 42eb8000
17880 42ec0000
17881 42ec8000
17882 42ed0000
17883 42ed8000
17884 42ee0000
17885 42ee8000
17886 42ef0000
17887 42ef8000
17888 42f00000
17889 42f08000
17890 42f10000
17891 42f18000
17892 42f20000
17893 42f28000
17894 42f30000
17895 42f38000
17896 42f40000
17897 42f48000
17898 42f50000
17899 42f58000
17900 42f60000
17901 42f68000
17902 42f70000
17903 42f78000
17904 42f80000
17905 42f88000
17906 42f90000
17907 42f98000
17908 42fa0000
17909 42fa8000
17910 42fb0000
17911 42fb8000
17912 42fc0000
17913 42fc8000
17914 42fd0000
17915 42fd8000
17916 42fe0000
17917 42fe8000
17918 42ff0000
17919 42ff8000
17920 43000000
17921 43008000
17922 43010000
17923 43018000
17924 43020000
17925 43028000
17926 43030000
17927 43038000
17928 43040000
17929 43048000
17930 43050000
17931 43058000
17932 43060000
17933 43068000
17934 43070000
17935 43078000
17936 43080000
17937 43088000
17938 43090000
17939 43098000
17940 430a0000
17941 430a8000
17942 430b0000
17943 430b8000
17944 430c0000
17945 430c8000
17946 430d0000
17947 430d8000
17948 430e0000
17949 430e8000
17950 430f0000
17951 430f8000
17952 43100000
17953 43108000
17954 43110000
17955 43118000
17956 43120000
17957 43128000
17958 43130000
17959 43138000
17960 43140000
17961 43148000
17962 43150000
17963 43158000
17964 43160000
17965 43168000
17966 43170000
17967 43178000
17968 43180000
17969 43188000
17970 43190000
17971 43198000
17972 431a0000
17973 431a8000
17974 431b0000
17975 431b8000
17976 431c0000
17977 431c8000
17978 431d0000
17979 431d8000
17980 431e0000
17981 431e8000
17982 431f0000
17983 431f8000
17984 43200000
17985 43208000
17986 43210000
17987 43218000
17988 43220000
17989 43228000
17990 43230000
17991 43238000
17992 43240000
17993 43248000
17994 43250000
17995 43258000
17996 43260000
17997 43268000
17998 43270000
17999 43278000
18000 43280000
18001 43288000
18002 43290000
18003 43298000
18004 432a0000
18005 432a8000
18006 432b0000
18007 432b8000
18008 432c0000
18009 432c8000
18010 432d0000
18011 432d8000
18012 432e0000
18013 432e8000
18014 432f0000
18015 432f8000
18016 43300000
18017 43308000
18018 43310000
18019 43318000
18020 43320000
18021 43328000
18022 43330000
18023 43338000
18024 43340000
18025 43348000
18026 43350000
18027 43358000
18028 43360000
18029 43368000
18030 43370000
18031 43378000
18032 43380000
18033 43388000
18034 43390000
18035 43398000
18036 433a0000
18037 433a8000
18038 433b0000
18039 433b8000
18040 433c0000
18041 433c8000
18042 433d0000
18043 433d8000
18044 433e0000
18045 433e8000
18046 433f0000
18047 433f8000
18048 43400000
18049 43408000
18050 43410000
18051 43418000
18052 43420000
18053 43428000
18054 43430000
18055 43438000
18056 43440000
18057 43448000
18058 43450000
18059 43458000
18060 43460000
18061 43468000
18062 43470000
18063 43478000
18064 43480000
18065 43488000
18066 43490000
18067 43498000
18068 434a0000
18069 434a8000
18070 434b0000
18071 434b8000
18072 434c0000
18073 434c8000
18074 434d0000
18075 434d8000
18076 434e0000
18077 434e8000
18078 434f0000
18079 434f8000
18080 43500000
18081 43508000
18082 43510000
18083 43518000
18084 43520000
18085 43528000
18086 43530000
18087 43538000
18088 43540000
18089 43548000
18090 43550000
18091 43558000
18092 43560000
18093 43568000
18094 43570000
18095 43578000
18096 43580000
18097 43588000
18098 43590000
18099 43598000
18100 435a0000
18101 435a8000
18102 435b0000
18103 435b8000
18104 435c0000
18105 435c8000
18106 435d0000
18107 435d8000
18108 435e0000
18109 435e8000
18110 435f0000
18111 435f8000
18112 43600000
18113 43608000
18114 43610000
18115 43618000
18116 43620000
18117 43628000
18118 43630000
18119 43638000
18120 43640000
18121 43648000
18122 43650000
18123 43658000
18124 43660000
18125 43668000
18126 43670000
18127 43678000
18128 43680000
18129 43688000
18130 43690000
18131 43698000
18132 436a0000
18133 436a8000
18134 436b0000
18135 436b8000
18136 436c0000
18137 436c8000
18138 436d0000
18139 436d8000
18140 436e0000
18141 436e8000
18142 436f0000
18143 436f8000
18144 43700000
18145 43708000
18146 43710000
18147 43718000
18148 43720000
18149 43728000
18150 43730000
18151 43738000
18152 43740000
18153 43748000
18154 43750000
18155 43758000
18156 43760000
18157 43768000
18158 43770000
18159 43778000
18160 43780000
18161 43788000
18162 43790000
18163 43798000
18164 437a0000
18165 437a8000
18166 437b0000
18167 437b8000
18168 437c0000
18169 437c8000
18170 437d0000
18171 437d8000
18172 437e0000
18173 437e8000
18174 437f0000
18175 437f8000
18176 43800000
18177 43808000
18178 43810000
18179 43818000
18180 43820000
18181 43828000
18182 43830000
18183 43838000
18184 43840000
18185 43848000
18186 43850000
18187 43858000
18188 43860000
18189 43868000
18190 43870000
18191 43878000
18192 43880000
18193 43888000
18194 43890000
18195 43898000
18196 438a0000
18197 438a8000
18198 438b0000
18199 438b8000
18200 438c0000
18201 438c8000
18202 438d0000
18203 438d8000
18204 438e0000
18205 438e8000
18206 438f0000
18207 438f8000
18208 43900000
18209 43908000
18210 43910000
18211 43918000
18212 43920000
18213 43928000
18214 43930000
18215 43938000
18216 43940000
18217 43948000
18218 43950000
18219 43958000
18220 43960000
18221 43968000
18222 43970000
18223 43978000
18224 43980000
18225 43988000
18226 43990000
18227 43998000
18228 439a0000
18229 439a8000
18230 439b0000
18231 439b8000
18232 439c0000
18233 439c8000
18234 439d0000
18235 439d8000
18236 439e0000
18237 439e8000
18238 439f0000
18239 439f8000
18240 43a00000
18241 43a08000
18242 43a10000
18243 43a18000
18244 43a20000
18245 43a28000
18246 43a30000
18247 43a38000
18248 43a40000
18249 43a48000
18250 43a50000
18251 43a58000
18252 43a60000
18253 43a68000
18254 43a70000
18255 43a78000
18256 43a80000
18257 43a88000
18258 43a90000
18259 43a98000
18260 43aa0000
18261 43aa8000
18262 43ab0000
18263 43ab8000
18264 43ac0000
18265 43ac8000
18266 43ad0000
18267 43ad8000
18268 43ae0000
18269 43ae8000
18270 43af0000
18271 43af8000
18272 43b00000
18273 43b08000
18274 43b10000
18275 43b18000
18276 43b20000
18277 43b28000
18278 43b30000
18279 43b38000
18280 43b40000
18281 43b48000
18282 43b50000
18283 43b58000
18284 43b60000
18285 43b68000
18286 43b70000
18287 43b78000
18288 43b80000
18289 43b88000
18290 43b90000
18291 43b98000
18292 43ba0000
18293 43ba8000
18294 43bb0000
18295 43bb8000
18296 43bc0000
18297 43bc8000
18298 43bd0000
18299 43bd8000
18300 43be0000
18301 43be8000
18302 43bf0000
18303 43bf8000
18304 43c00000
18305 43c08000
18306 43c10000
18307 43c18000
18308 43c20000
18309 43c28000
18310 43c30000
18311 43c38000
18312 43c40000
18313 43c48000
18314 43c50000
18315 43c58000
18316 43c60000
18317 43c68000
18318 43c70000
18319 43c78000
18320 43c80000
18321 43c88000
18322 43c90000
18323 43c98000
18324 43ca0000
18325 43ca8000
18326 43cb0000
18327 43cb8000
18328 43cc0000
18329 43cc8000
18330 43cd0000
18331 43cd8000
18332 43ce0000
18333 43ce8000
18334 43cf0000
18335 43cf8000
18336 43d00000
18337 43d08000
18338 43d10000
18339 43d18000
18340 43d20000
18341 43d28000
18342 43d30000
18343 43d38000
18344 43d40000
18345 43d48000
18346 43d50000
18347 43d58000
18348 43d60000
18349 43d68000
18350 43d70000
18351 43d78000
18352 43d80000
18353 43d88000
18354 43d90000
18355 43d98000
18356 43da0000
18357 43da8000
18358 43db0000
18359 43db8000
18360 43dc0000
18361 43dc8000
18362 43dd0000
18363 43dd8000
18364 43de0000
18365 43de8000
18366 43df0000
18367 43df8000
18368 43e00000
18369 43e08000
18370 43e10000
18371 43e18000
18372 43e20000
18373 43e28000
18374 43e30000
18375 43e38000
18376 43e40000
18377 43e48000
18378 43e50000
18379 43e58000
18380 43e60000
18381 43e68000
18382 43e70000
18383 43e78000
18384 43e80000
18385 43e88000
18386 43e90000
18387 43e98000
18388 43ea0000
18389 43ea8000
18390 43eb0000
18391 43eb8000
18392 43ec0000
18393 43ec8000
18394 43ed0000
18395 43ed8000
18396 43ee0000
18397 43ee8000
18398 43ef0000
18399 43ef8000
18400 43f00000
18401 43f08000
18402 43f10000
18403 43f18000
18404 43f20000
18405 43f28000
18406 43f30000
18407 43f38000
18408 43f40000
18409 43f48000
18410 43f50000
18411 43f58000
18412 43f60000
18413 43f68000
18414 43f70000
18415 43f78000
18416 43f80000
18417 43f88000
18418 43f90000
18419 43f98000
18420 43fa0000
18421 43fa8000
18422 43fb0000
18423 43fb8000
18424 43fc0000
18425 43fc8000
18426 43fd0000
18427 43fd8000
18428 43fe0000
18429 43fe8000
18430 43ff0000
18431 43ff8000
18432 44000000
18433 44008000
18434 44010000
18435 44018000
18436 44020000
18437 44028000
18438 44030000
18439 44038000
18440 44040000
18441 44048000
18442 44050000
18443 44058000
18444 44060000
18445 44068000
18446 44070000
18447 44078000
18448 44080000
18449 44088000
18450 44090000
18451 44098000
18452 440a0000
18453 440a8000
18454 440b0000
18455 440b8000
18456 440c0000
18457 440c8000
18458 440d0000
18459 440d8000
18460 440e0000
18461 440e8000
18462 440f0000
18463 440f8000
18464 44100000
18465 44108000
18466 44110000
18467 44118000
18468 44120000
18469 44128000
18470 44130000
18471 44138000
18472 44140000
18473 44148000
18474 44150000
18475 44158000
18476 44160000
18477 44168000
18478 44170000
18479 44178000
18480 44180000
18481 44188000
18482 44190000
18483 44198000
18484 441a0000
18485 441a8000
18486 441b0000
18487 441b8000
18488 441c0000
18489 441c8000
18490 441d0000
18491 441d8000
18492 441e0000
18493 441e8000
18494 441f0000
18495 441f8000
18496 44200000
18497 44208000
18498 44210000
18499 44218000
18500 44220000
18501 44228000
18502 44230000
18503 44238000
18504 44240000
18505 44248000
18506 44250000
18507 44258000
18508 44260000
18509 44268000
18510 44270000
18511 44278000
18512 44280000
18513 44288000
18514 44290000
18515 44298000
18516 442a0000
18517 442a8000
18518 442b0000
18519 442b8000
18520 442c0000
18521 442c8000
18522 442d0000
18523 442d8000
18524 442e0000
18525 442e8000
18526 442f0000
18527 442f8000
18528 44300000
18529 44308000
18530 44310000
18531 44318000
18532 44320000
18533 44328000
18534 44330000
18535 44338000
18536 44340000
18537 44348000
18538 44350000
18539 44358000
18540 44360000
18541 44368000
18542 44370000
18543 44378000
18544 44380000
18545 44388000
18546 44390000
18547 44398000
18548 443a0000
18549 443a8000
18550 443b0000
18551 443b8000
18552 443c0000
18553 443c8000
18554 443d0000
18555 443d8000
18556 443e0000
18557 443e8000
18558 443f0000
18559 443f8000
18560 44400000
18561 44408000
18562 44410000
18563 44418000
18564 44420000
18565 44428000
18566 44430000
18567 44438000
18568 44440000
18569 44448000
18570 44450000
18571 44458000
18572 44460000
18573 44468000
18574 44470000
18575 44478000
18576 44480000
18577 44488000
18578 44490000
18579 44498000
18580 444a0000
18581 444a8000
18582 444b0000
18583 444b8000
18584 444c0000
18585 444c8000
18586 444d0000
18587 444d8000
18588 444e0000
18589 444e8000
18590 444f0000
18591 444f8000
18592 44500000
18593 44508000
18594 44510000
18595 44518000
18596 44520000
18597 44528000
18598 44530000
18599 44538000
18600 44540000
18601 44548000
18602 44550000
18603 44558000
18604 44560000
18605 44568000
18606 44570000
18607 44578000
18608 44580000
18609 44588000
18610 44590000
18611 44598000
18612 445a0000
18613 445a8000
18614 445b0000
18615 445b8000
18616 445c0000
18617 445c8000
18618 445d0000
18619 445d8000
18620 445e0000
18621 445e8000
18622 445f0000
18623 445f8000
18624 44600000
18625 44608000
18626 44610000
18627 44618000
18628 44620000
18629 44628000
18630 44630000
18631 44638000
18632 44640000
18633 44648000
18634 44650000
18635 44658000
18636 44660000
18637 44668000
18638 44670000
18639 44678000
18640 44680000
18641 44688000
18642 44690000
18643 44698000
18644 446a0000
18645 446a8000
18646 446b0000
18647 446b8000
18648 446c0000
18649 446c8000
18650 446d0000
18651 446d8000
18652 446e0000
18653 446e8000
18654 446f0000
18655 446f8000
18656 44700000
18657 44708000
18658 44710000
18659 44718000
18660 44720000
18661 44728000
18662 44730000
18663 44738000
18664 44740000
18665 44748000
18666 44750000
18667 44758000
18668 44760000
18669 44768000
18670 44770000
18671 44778000
18672 44780000
18673 44788000
18674 44790000
18675 44798000
18676 447a0000
18677 447a8000
18678 447b0000
18679 447b8000
18680 447c0000
18681 447c8000
18682 447d0000
18683 447d8000
18684 447e0000
18685 447e8000
18686 447f0000
18687 447f8000
18688 44800000
18689 44808000
18690 44810000
18691 44818000
18692 44820000
18693 44828000
18694 44830000
18695 44838000
18696 44840000
18697 44848000
18698 44850000
18699 44858000
18700 44860000
18701 44868000
18702 44870000
18703 44878000
18704 44880000
18705 44888000
18706 44890000
18707 44898000
18708 448a0000
18709 448a8000
18710 448b0000
18711 448b8000
18712 448c0000
18713 448c8000
18714 448d0000
18715 448d8000
18716 448e0000
18717 448e8000
18718 448f0000
18719 448f8000
18720 44900000
18721 44908000
18722 44910000
18723 44918000
18724 44920000
18725 44928000
18726 44930000
18727 44938000
18728 44940000
18729 44948000
18730 44950000
18731 44958000
18732 44960000
18733 44968000
18734 44970000
18735 44978000
18736 44980000
18737 44988000
18738 44990000
18739 44998000
18740 449a0000
18741 449a8000
18742 449b0000
18743 449b8000
18744 449c0000
18745 449c8000
18746 449d0000
18747 449d8000
18748 449e0000
18749 449e8000
18750 449f0000
18751 449f8000
18752 44a00000
18753 44a08000
18754 44a10000
18755 44a18000
18756 44a20000
18757 44a28000
18758 44a30000
18759 44a38000
18760 44a40000
18761 44a48000
18762 44a50000
18763 44a58000
18764 44a60000
18765 44a68000
18766 44a70000
18767 44a78000
18768 44a80000
18769 44a88000
18770 44a90000
18771 44a98000
18772 44aa0000
18773 44aa8000
18774 44ab0000
18775 44ab8000
18776 44ac0000
18777 44ac8000
18778 44ad0000
18779 44ad8000
18780 44ae0000
18781 44ae8000
18782 44af0000
18783 44af8000
18784 44b00000
18785 44b08000
18786 44b10000
18787 44b18000
18788 44b20000
18789 44b28000
18790 44b30000
18791 44b38000
18792 44b40000
18793 44b48000
18794 44b50000
18795 44b58000
18796 44b60000
18797 44b68000
18798 44b70000
18799 44b78000
18800 44b80000
18801 44b88000
18802 44b90000
18803 44b98000
18804 44ba0000
18805 44ba8000
18806 44bb0000
18807 44bb8000
18808 44bc0000
18809 44bc8000
18810 44bd0000
18811 44bd8000
18812 44be0000
18813 44be8000
18814 44bf0000
18815 44bf8000
18816 44c00000
18817 44c08000
18818 44c10000
18819 44c18000
18820 44c20000
18821 44c28000
18822 44c30000
18823 44c38000
18824 44c40000
18825 44c48000
18826 44c50000
18827 44c58000
18828 44c60000
18829 44c68000
18830 44c70000
18831 44c78000
18832 44c80000
18833 44c88000
18834 44c90000
18835 44c98000
18836 44ca0000
18837 44ca8000
18838 44cb0000
18839 44cb8000
18840 44cc0000
18841 44cc8000
18842 44cd0000
18843 44cd8000
18844 44ce0000
18845 44ce8000
18846 44cf0000
18847 44cf8000
18848 44d00000
18849 44d08000
18850 44d10000
18851 44d18000
18852 44d20000
18853 44d28000
18854 44d30000
18855 44d38000
18856 44d40000
18857 44d48000
18858 44d50000
18859 44d58000
18860 44d60000
18861 44d68000
18862 44d70000
18863 44d78000
18864 44d80000
18865 44d88000
18866 44d90000
18867 44d98000
18868 44da0000
18869 44da8000
18870 44db0000
18871 44db8000
18872 44dc0000
18873 44dc8000
18874 44dd0000
18875 44dd8000
18876 44de0000
18877 44de8000
18878 44df0000
18879 44df8000
18880 44e00000
18881 44e08000
18882 44e10000
18883 44e18000
18884 44e20000
18885 44e28000
18886 44e30000
18887 44e38000
18888 44e40000
18889 44e48000
18890 44e50000
18891 44e58000
18892 44e60000
18893 44e68000
18894 44e70000
18895 44e78000
18896 44e80000
18897 44e88000
18898 44e90000
18899 44e98000
18900 44ea0000
18901 44ea8000
18902 44eb0000
18903 44eb8000
18904 44ec0000
18905 44ec8000
18906 44ed0000
18907 44ed8000
18908 44ee0000
18909 44ee8000
18910 44ef0000
18911 44ef8000
18912 44f00000
18913 44f08000
18914 44f10000
18915 44f18000
18916 44f20000
18917 44f28000
18918 44f30000
18919 44f38000
18920 44f40000
18921 44f48000
18922 44f50000
18923 44f58000
18924 44f60000
18925 44f68000
18926 44f70000
18927 44f78000
18928 44f80000
18929 44f88000
18930 44f90000
18931 44f98000
18932 44fa0000
18933 44fa8000
18934 44fb0000
18935 44fb8000
18936 44fc0000
18937 44fc8000
18938 44fd0000
18939 44fd8000
18940 44fe0000
18941 44fe8000
18942 44ff0000
18943 44ff8000
18944 45000000
18945 45008000
18946 45010000
18947 45018000
18948 45020000
18949 45028000
18950 45030000
18951 45038000
18952 45040000
18953 45048000
18954 45050000
18955 45058000
18956 45060000
18957 45068000
18958 45070000
18959 45078000
18960 45080000
18961 45088000
18962 45090000
18963 45098000
18964 450a0000
18965 450a8000
18966 450b0000
18967 450b8000
18968 450c0000
18969 450c8000
18970 450d0000
18971 450d8000
18972 450e0000
18973 450e8000
18974 450f0000
18975 450f8000
18976 45100000
18977 45108000
18978 45110000
18979 45118000
18980 45120000
18981 45128000
18982 45130000
18983 45138000
18984 45140000
18985 45148000
18986 45150000
18987 45158000
18988 45160000
18989 45168000
18990 45170000
18991 45178000
18992 45180000
18993 45188000
18994 45190000
18995 45198000
18996 451a0000
18997 451a8000
18998 451b0000
18999 451b8000
19000 451c0000
19001 451c8000
19002 451d0000
19003 451d8000
19004 451e0000
19005 451e8000
19006 451f0000
19007 451f8000
19008 45200000
19009 45208000
19010 45210000
19011 45218000
19012 45220000
19013 45228000
19014 45230000
19015 45238000
19016 45240000
19017 45248000
19018 45250000
19019 45258000
19020 45260000
19021 45268000
19022 45270000
19023 45278000
19024 45280000
19025 45288000
19026 45290000
19027 45298000
19028 452a0000
19029 452a8000
19030 452b0000
19031 452b8000
19032 452c0000
19033 452c8000
19034 452d0000
19035 452d8000
19036 452e0000
19037 452e8000
19038 452f0000
19039 452f8000
19040 45300000
19041 45308000
19042 45310000
19043 45318000
19044 45320000
19045 45328000
19046 45330000
19047 45338000
19048 45340000
19049 45348000
19050 45350000
19051 45358000
19052 45360000
19053 45368000
19054 45370000
19055 45378000
19056 45380000
19057 45388000
19058 45390000
19059 45398000
19060 453a0000
19061 453a8000
19062 453b0000
19063 453b8000
19064 453c0000
19065 453c8000
19066 453d0000
19067 453d8000
19068 453e0000
19069 453e8000
19070 453f0000
19071 453f8000
19072 45400000
19073 45408000
19074 45410000
19075 45418000
19076 45420000
19077 45428000
19078 45430000
19079 45438000
19080 45440000
19081 45448000
19082 45450000
19083 45458000
19084 45460000
19085 45468000
19086 45470000
19087 45478000
19088 45480000
19089 45488000
19090 45490000
19091 45498000
19092 454a0000
19093 454a8000
19094 454b0000
19095 454b8000
19096 454c0000
19097 454c8000
19098 454d0000
19099 454d8000
19100 454e0000
19101 454e8000
19102 454f0000
19103 454f8000
19104 45500000
19105 45508000
19106 45510000
19107 45518000
19108 45520000
19109 45528000
19110 45530000
19111 45538000
19112 45540000
19113 45548000
19114 45550000
19115 45558000
19116 45560000
19117 45568000
19118 45570000
19119 45578000
19120 45580000
19121 45588000
19122 45590000
19123 45598000
19124 455a0000
19125 455a8000
19126 455b0000
19127 455b8000
19128 455c0000
19129 455c8000
19130 455d0000
19131 455d8000
19132 455e0000
19133 455e8000
19134 455f0000
19135 455f8000
19136 45600000
19137 45608000
19138 45610000
19139 45618000
19140 45620000
19141 45628000
19142 45630000
19143 45638000
19144 45640000
19145 45648000
19146 45650000
19147 45658000
19148 45660000
19149 45668000
19150 45670000
19151 45678000
19152 45680000
19153 45688000
19154 45690000
19155 45698000
19156 456a0000
19157 456a8000
19158 456b0000
19159 456b8000
19160 456c0000
19161 456c8000
19162 456d0000
19163 456d8000
19164 456e0000
19165 456e8000
19166 456f0000
19167 456f8000
19168 45700000
19169 45708000
19170 45710000
19171 45718000
19172 45720000
19173 45728000
19174 45730000
19175 45738000
19176 45740000
19177 45748000
19178 45750000
19179 45758000
19180 45760000
19181 45768000
19182 45770000
19183 45778000
19184 45780000
19185 45788000
19186 45790000
19187 45798000
19188 457a0000
19189 457a8000
19190 457b0000
19191 457b8000
19192 457c0000
19193 457c8000
19194 457d0000
19195 457d8000
19196 457e0000
19197 457e8000
19198 457f0000
19199 457f8000
19200 45800000
19201 45808000
19202 45810000
19203 45818000
19204 45820000
19205 45828000
19206 45830000
19207 45838000
19208 45840000
19209 45848000
19210 45850000
19211 45858000
19212 45860000
19213 45868000
19214 45870000
19215 45878000
19216 45880000
19217 45888000
19218 45890000
19219 45898000
19220 458a0000
19221 458a8000
19222 458b0000
19223 458b8000
19224 458c0000
19225 458c8000
19226 458d0000
19227 458d8000
19228 458e0000
19229 458e8000
19230 458f0000
19231 458f8000
19232 45900000
19233 45908000
19234 45910000
19235 45918000
19236 45920000
19237 45928000
19238 45930000
19239 45938000
19240 45940000
19241 45948000
19242 45950000
19243 45958000
19244 45960000
19245 45968000
19246 45970000
19247 45978000
19248 45980000
19249 45988000
19250 45990000
19251 45998000
19252 459a0000
19253 459a8000
19254 459b0000
19255 459b8000
19256 459c0000
19257 459c8000
19258 459d0000
19259 459d8000
19260 459e0000
19261 459e8000
19262 459f0000
19263 459f8000
19264 45a00000
19265 45a08000
19266 45a10000
19267 45a18000
19268 45a20000
19269 45a28000
19270 45a30000
19271 45a38000
19272 45a40000
19273 45a48000
19274 45a50000
19275 45a58000
19276 45a60000
19277 45a68000
19278 45a70000
19279 45a78000
19280 45a80000
19281 45a88000
19282 45a90000
19283 45a98000
19284 45aa0000
19285 45aa8000
19286 45ab0000
19287 45ab8000
19288 45ac0000
19289 45ac8000
19290 45ad0000
19291 45ad8000
19292 45ae0000
19293 45ae8000
19294 45af0000
19295 45af8000
19296 45b00000
19297 45b08000
19298 45b10000
19299 45b18000
19300 45b20000
19301 45b28000
19302 45b30000
19303 45b38000
19304 45b40000
19305 45b48000
19306 45b50000
19307 45b58000
19308 45b60000
19309 45b68000
19310 45b70000
19311 45b78000
19312 45b80000
19313 45b88000
19314 45b90000
19315 45b98000
19316 45ba0000
19317 45ba8000
19318 45bb0000
19319 45bb8000
19320 45bc0000
19321 45bc8000
19322 45bd0000
19323 45bd8000
19324 45be0000
19325 45be8000
19326 45bf0000
19327 45bf8000
19328 45c00000
19329 45c08000
19330 45c10000
19331 45c18000
19332 45c20000
19333 45c28000
19334 45c30000
19335 45c38000
19336 45c40000
19337 45c48000
19338 45c50000
19339 45c58000
19340 45c60000
19341 45c68000
19342 45c70000
19343 45c78000
19344 45c80000
19345 45c88000
19346 45c90000
19347 45c98000
19348 45ca0000
19349 45ca8000
19350 45cb0000
19351 45cb8000
19352 45cc0000
19353 45cc8000
19354 45cd0000
19355 45cd8000
19356 45ce0000
19357 45ce8000
19358 45cf0000
19359 45cf8000
19360 45d00000
19361 45d08000
19362 45d10000
19363 45d18000
19364 45d20000
19365 45d28000
19366 45d30000
19367 45d38000
19368 45d40000
19369 45d48000
19370 45d50000
19371 45d58000
19372 45d60000
19373 45d68000
19374 45d70000
19375 45d78000
19376 45d80000
19377 45d88000
19378 45d90000
19379 45d98000
19380 45da0000
19381 45da8000
19382 45db0000
19383 45db8000
19384 45dc0000
19385 45dc8000
19386 45dd0000
19387 45dd8000
19388 45de0000
19389 45de8000
19390 45df0000
19391 45df8000
19392 45e00000
19393 45e08000
19394 45e10000
19395 45e18000
19396 45e20000
19397 45e28000
19398 45e30000
19399 45e38000
19400 45e40000
19401 45e48000
19402 45e50000
19403 45e58000
19404 45e60000
19405 45e68000
19406 45e70000
19407 45e78000
19408 45e80000
19409 45e88000
19410 45e90000
19411 45e98000
19412 45ea0000
19413 45ea8000
19414 45eb0000
19415 45eb8000
19416 45ec0000
19417 45ec8000
19418 45ed0000
19419 45ed8000
19420 45ee0000
19421 45ee8000
19422 45ef0000
19423 45ef8000
19424 45f00000
19425 45f08000
19426 45f10000
19427 45f18000
19428 45f20000
19429 45f28000
19430 45f30000
19431 45f38000
19432 45f40000
19433 45f48000
19434 45f50000
19435 45f58000
19436 45f60000
19437 45f68000
19438 45f70000
19439 45f78000
19440 45f80000
19441 45f88000
19442 45f90000
19443 45f98000
19444 45fa0000
19445 45fa8000
19446 45fb0000
19447 45fb8000
19448 45fc0000
19449 45fc8000
19450 45fd0000
19451 45fd8000
19452 45fe0000
19453 45fe8000
19454 45ff0000
19455 45ff8000
19456 46000000
19457 46008000
19458 46010000
19459 46018000
19460 46020000
19461 46028000
19462 46030000
19463 46038000
19464 46040000
19465 46048000
19466 46050000
19467 46058000
19468 46060000
19469 46068000
19470 46070000
19471 46078000
19472 46080000
19473 46088000
19474 46090000
19475 46098000
19476 460a0000
19477 460a8000
19478 460b0000
19479 460b8000
19480 460c0000
19481 460c8000
19482 460d0000
19483 460d8000
19484 460e0000
19485 460e8000
19486 460f0000
19487 460f8000
19488 46100000
19489 46108000
19490 46110000
19491 46118000
19492 46120000
19493 46128000
19494 46130000
19495 46138000
19496 46140000
19497 46148000
19498 46150000
19499 46158000
19500 46160000
19501 46168000
19502 46170000
19503 46178000
19504 46180000
19505 46188000
19506 46190000
19507 46198000
19508 461a0000
19509 461a8000
19510 461b0000
19511 461b8000
19512 461c0000
19513 461c8000
19514 461d0000
19515 461d8000
19516 461e0000
19517 461e8000
19518 461f0000
19519 461f8000
19520 46200000
19521 46208000
19522 46210000
19523 46218000
19524 46220000
19525 46228000
19526 46230000
19527 46238000
19528 46240000
19529 46248000
19530 46250000
19531 46258000
19532 46260000
19533 46268000
19534 46270000
19535 46278000
19536 46280000
19537 46288000
19538 46290000
19539 46298000
19540 462a0000
19541 462a8000
19542 462b0000
19543 462b8000
19544 462c0000
19545 462c8000
19546 462d0000
19547 462d8000
19548 462e0000
19549 462e8000
19550 462f0000
19551 462f8000
19552 46300000
19553 46308000
19554 46310000
19555 46318000
19556 46320000
19557 46328000
19558 46330000
19559 46338000
19560 46340000
19561 46348000
19562 46350000
19563 46358000
19564 46360000
19565 46368000
19566 46370000
19567 46378000
19568 46380000
19569 46388000
19570 46390000
19571 46398000
19572 463a0000
19573 463a8000
19574 463b0000
19575 463b8000
19576 463c0000
19577 463c8000
19578 463d0000
19579 463d8000
19580 463e0000
19581 463e8000
19582 463f0000
19583 463f8000
19584 46400000
19585 46408000
19586 46410000
19587 46418000
19588 46420000
19589 46428000
19590 46430000
19591 46438000
19592 46440000
19593 46448000
19594 46450000
19595 46458000
19596 46460000
19597 46468000
19598 46470000
19599 46478000
19600 46480000
19601 46488000
19602 46490000
19603 46498000
19604 464a0000
19605 464a8000
19606 464b0000
19607 464b8000
19608 464c0000
19609 464c8000
19610 464d0000
19611 464d8000
19612 464e0000
19613 464e8000
19614 464f0000
19615 464f8000
19616 46500000
19617 46508000
19618 46510000
19619 46518000
19620 46520000
19621 46528000
19622 46530000
19623 46538000
19624 46540000
19625 46548000
19626 46550000
19627 46558000
19628 46560000
19629 46568000
19630 46570000
19631 46578000
19632 46580000
19633 46588000
19634 46590000
19635 46598000
19636 465a0000
19637 465a8000
19638 465b0000
19639 465b8000
19640 465c0000
19641 465c8000
19642 465d0000
19643 465d8000
19644 465e0000
19645 465e8000
19646 465f0000
19647 465f8000
19648 46600000
19649 46608000
19650 46610000
19651 46618000
19652 46620000
19653 46628000
19654 46630000
19655 46638000
19656 46640000
19657 46648000
19658 46650000
19659 46658000
19660 46660000
19661 46668000
19662 46670000
19663 46678000
19664 46680000
19665 46688000
19666 46690000
19667 46698000
19668 466a0000
19669 466a8000
19670 466b0000
19671 466b8000
19672 466c0000
19673 466c8000
19674 466d0000
19675 466d8000
19676 466e0000
19677 466e8000
19678 466f0000
19679 466f8000
19680 46700000
19681 46708000
19682 46710000
19683 46718000
19684 46720000
19685 46728000
19686 46730000
19687 46738000
19688 46740000
19689 46748000
19690 46750000
19691 46758000
19692 46760000
19693 46768000
19694 46770000
19695 46778000
19696 46780000
19697 46788000
19698 46790000
19699 46798000
19700 467a0000
19701 467a8000
19702 467b0000
19703 467b8000
19704 467c0000
19705 467c8000
19706 467d0000
19707 467d8000
19708 467e0000
19709 467e8000
19710 467f0000
19711 467f8000
19712 46800000
19713 46808000
19714 46810000
19715 46818000
19716 46820000
19717 46828000
19718 46830000
19719 46838000
19720 46840000
19721 46848000
19722 46850000
19723 46858000
19724 46860000
19725 46868000
19726 46870000
19727 46878000
19728 46880000
19729 46888000
19730 46890000
19731 46898000
19732 468a0000
19733 468a8000
19734 468b0000
19735 468b8000
19736 468c0000
19737 468c8000
19738 468d0000
19739 468d8000
19740 468e0000
19741 468e8000
19742 468f0000
19743 468f8000
19744 46900000
19745 46908000
19746 46910000
19747 46918000
19748 46920000
19749 46928000
19750 46930000
19751 46938000
19752 46940000
19753 46948000
19754 46950000
19755 46958000
19756 46960000
19757 46968000
19758 46970000
19759 46978000
19760 46980000
19761 46988000
19762 46990000
19763 46998000
19764 469a0000
19765 469a8000
19766 469b0000
19767 469b8000
19768 469c0000
19769 469c8000
19770 469d0000
19771 469d8000
19772 469e0000
19773 469e8000
19774 469f0000
19775 469f8000
19776 46a00000
19777 46a08000
19778 46a10000
19779 46a18000
19780 46a20000
19781 46a28000
19782 46a30000
19783 46a38000
19784 46a40000
19785 46a48000
19786 46a50000
19787 46a58000
19788 46a60000
19789 46a68000
19790 46a70000
19791 46a78000
19792 46a80000
19793 46a88000
19794 46a90000
19795 46a98000
19796 46aa0000
19797 46aa8000
19798 46ab0000
19799 46ab8000
19800 46ac0000
19801 46ac8000
19802 46ad0000
19803 46ad8000
19804 46ae0000
19805 46ae8000
19806 46af0000
19807 46af8000
19808 46b00000
19809 46b08000
19810 46b10000
19811 46b18000
19812 46b20000
19813 46b28000
19814 46b30000
19815 46b38000
19816 46b40000
19817 46b48000
19818 46b50000
19819 46b58000
19820 46b60000
19821 46b68000
19822 46b70000
19823 46b78000
19824 46b80000
19825 46b88000
19826 46b90000
19827 46b98000
19828 46ba0000
19829 46ba8000
19830 46bb0000
19831 46bb8000
19832 46bc0000
19833 46bc8000
19834 46bd0000
19835 46bd8000
19836 46be0000
19837 46be8000
19838 46bf0000
19839 46bf8000
19840 46c00000
19841 46c08000
19842 46c10000
19843 46c18000
19844 46c20000
19845 46c28000
19846 46c30000
19847 46c38000
19848 46c40000
19849 46c48000
19850 46c50000
19851 46c58000
19852 46c60000
19853 46c68000
19854 46c70000
19855 46c78000
19856 46c80000
19857 46c88000
19858 46c90000
19859 46c98000
19860 46ca0000
19861 46ca8000
19862 46cb0000
19863 46cb8000
19864 46cc0000
19865 46cc8000
19866 46cd0000
19867 46cd8000
19868 46ce0000
19869 46ce8000
19870 46cf0000
19871 46cf8000
19872 46d00000
19873 46d08000
19874 46d10000
19875 46d18000
19876 46d20000
19877 46d28000
19878 46d30000
19879 46d38000
19880 46d40000
19881 46d48000
19882 46d50000
19883 46d58000
19884 46d60000
19885 46d68000
19886 46d70000
19887 46d78000
19888 46d80000
19889 46d88000
19890 46d90000
19891 46d98000
19892 46da0000
19893 46da8000
19894 46db0000
19895 46db8000
19896 46dc0000
19897 46dc8000
19898 46dd0000
19899 46dd8000
19900 46de0000
19901 46de8000
19902 46df0000
19903 46df8000
19904 46e00000
19905 46e08000
19906 46e10000
19907 46e18000
19908 46e20000
19909 46e28000
19910 46e30000
19911 46e38000
19912 46e40000
19913 46e48000
19914 46e50000
19915 46e58000
19916 46e60000
19917 46e68000
19918 46e70000
19919 46e78000
19920 46e80000
19921 46e88000
19922 46e90000
19923 46e98000
19924 46ea0000
19925 46ea8000
19926 46eb0000
19927 46eb8000
19928 46ec0000
19929 46ec8000
19930 46ed0000
19931 46ed8000
19932 46ee0000
19933 46ee8000
19934 46ef0000
19935 46ef8000
19936 46f00000
19937 46f08000
19938 46f10000
19939 46f18000
19940 46f20000
19941 46f28000
19942 46f30000
19943 46f38000
19944 46f40000
19945 46f48000
19946 46f50000
19947 46f58000
19948 46f60000
19949 46f68000
19950 46f70000
19951 46f78000
19952 46f80000
19953 46f88000
19954 46f90000
19955 46f98000
19956 46fa0000
19957 46fa8000
19958 46fb0000
19959 46fb8000
19960 46fc0000
19961 46fc8000
19962 46fd0000
19963 46fd8000
19964 46fe0000
19965 46fe8000
19966 46ff0000
19967 46ff8000
19968 47000000
19969 47008000
19970 47010000
19971 47018000
19972 47020000
19973 47028000
19974 47030000
19975 47038000
19976 47040000
19977 47048000
19978 47050000
19979 47058000
19980 47060000
19981 47068000
19982 47070000
19983 47078000
19984 47080000
19985 47088000
19986 47090000
19987 47098000
19988 470a0000
19989 470a8000
19990 470b0000
19991 470b8000
19992 470c0000
19993 470c8000
19994 470d0000
19995 470d8000
19996 470e0000
19997 470e8000
19998 470f0000
19999 470f8000
20000 47100000
20001 47108000
20002 47110000
20003 47118000
20004 47120000
20005 47128000
20006 47130000
20007 47138000
20008 47140000
20009 47148000
20010 47150000
20011 47158000
20012 47160000
20013 47168000
20014 47170000
20015 47178000
20016 47180000
20017 47188000
20018 47190000
20019 47198000
20020 471a0000
20021 471a8000
20022 471b0000
20023 471b8000
20024 471c0000
20025 471c8000
20026 471d0000
20027 471d8000
20028 471e0000
20029 471e8000
20030 471f0000
20031 471f8000
20032 47200000
20033 47208000
20034 47210000
20035 47218000
20036 47220000
20037 47228000
20038 47230000
20039 47238000
20040 47240000
20041 47248000
20042 47250000
20043 47258000
20044 47260000
20045 47268000
20046 47270000
20047 47278000
20048 47280000
20049 47288000
20050 47290000
20051 47298000
20052 472a0000
20053 472a8000
20054 472b0000
20055 472b8000
20056 472c0000
20057 472c8000
20058 472d0000
20059 472d8000
20060 472e0000
20061 472e8000
20062 472f0000
20063 472f8000
20064 47300000
20065 47308000
20066 47310000
20067 47318000
20068 47320000
20069 47328000
20070 47330000
20071 47338000
20072 47340000
20073 47348000
20074 47350000
20075 47358000
20076 47360000
20077 47368000
20078 47370000
20079 47378000
20080 47380000
20081 47388000
20082 47390000
20083 47398000
20084 473a0000
20085 473a8000
20086 473b0000
20087 473b8000
20088 473c0000
20089 473c8000
20090 473d0000
20091 473d8000
20092 473e0000
20093 473e8000
20094 473f0000
20095 473f8000
20096 47400000
20097 47408000
20098 47410000
20099 47418000
20100 47420000
20101 47428000
20102 47430000
20103 47438000
20104 47440000
20105 47448000
20106 47450000
20107 47458000
20108 47460000
20109 47468000
20110 47470000
20111 47478000
20112 47480000
20113 47488000
20114 47490000
20115 47498000
20116 474a0000
20117 474a8000
20118 474b0000
20119 474b8000
20120 474c0000
20121 474c8000
20122 474d0000
20123 474d8000
20124 474e0000
20125 474e8000
20126 474f0000
20127 474f8000
20128 47500000
20129 47508000
20130 47510000
20131 47518000
20132 47520000
20133 47528000
20134 47530000
20135 47538000
20136 47540000
20137 47548000
20138 47550000
20139 47558000
20140 47560000
20141 47568000
20142 47570000
20143 47578000
20144 47580000
20145 47588000
20146 47590000
20147 47598000
20148 475a0000
20149 475a8000
20150 475b0000
20151 475b8000
20152 475c0000
20153 475c8000
20154 475d0000
20155 475d8000
20156 475e0000
20157 475e8000
20158 475f0000
20159 475f8000
20160 47600000
20161 47608000
20162 47610000
20163 47618000
20164 47620000
20165 47628000
20166 47630000
20167 47638000
20168 47640000
20169 47648000
20170 47650000
20171 47658000
20172 47660000
20173 47668000
20174 47670000
20175 47678000
20176 47680000
20177 47688000
20178 47690000
20179 47698000
20180 476a0000
20181 476a8000
20182 476b0000
20183 476b8000
20184 476c0000
20185 476c8000
20186 476d0000
20187 476d8000
20188 476e0000
20189 476e8000
20190 476f0000
20191 476f8000
20192 47700000
20193 47708000
20194 47710000
20195 47718000
20196 47720000
20197 47728000
20198 47730000
20199 47738000
20200 47740000
20201 47748000
20202 47750000
20203 47758000
20204 47760000
20205 47768000
20206 47770000
20207 47778000
20208 47780000
20209 47788000
20210 47790000
20211 47798000
20212 477a0000
20213 477a8000
20214 477b0000
20215 477b8000
20216 477c0000
20217 477c8000
20218 477d0000
20219 477d8000
20220 477e0000
20221 477e8000
20222 477f0000
20223 477f8000
20224 47800000
20225 47808000
20226 47810000
20227 47818000
20228 47820000
20229 47828000
20230 47830000
20231 47838000
20232 47840000
20233 47848000
20234 47850000
20235 47858000
20236 47860000
20237 47868000
20238 47870000
20239 47878000
20240 47880000
20241 47888000
20242 47890000
20243 47898000
20244 478a0000
20245 478a8000
20246 478b0000
20247 478b8000
20248 478c0000
20249 478c8000
20250 478d0000
20251 478d8000
20252 478e0000
20253 478e8000
20254 478f0000
20255 478f8000
20256 47900000
20257 47908000
20258 47910000
20259 47918000
20260 47920000
20261 47928000
20262 47930000
20263 47938000
20264 47940000
20265 47948000
20266 47950000
20267 47958000
20268 47960000
20269 47968000
20270 47970000
20271 47978000
20272 47980000
20273 47988000
20274 47990000
20275 47998000
20276 479a0000
20277 479a8000
20278 479b0000
20279 479b8000
20280 479c0000
20281 479c8000
20282 479d0000
20283 479d8000
20284 479e0000
20285 479e8000
20286 479f0000
20287 479f8000
20288 47a00000
20289 47a08000
20290 47a10000
20291 47a18000
20292 47a20000
20293 47a28000
20294 47a30000
20295 47a38000
20296 47a40000
20297 47a48000
20298 47a50000
20299 47a58000
20300 47a60000
20301 47a68000
20302 47a70000
20303 47a78000
20304 47a80000
20305 47a88000
20306 47a90000
20307 47a98000
20308 47aa0000
20309 47aa8000
20310 47ab0000
20311 47ab8000
20312 47ac0000
20313 47ac8000
20314 47ad0000
20315 47ad8000
20316 47ae0000
20317 47ae8000
20318 47af0000
20319 47af8000
20320 47b00000
20321 47b08000
20322 47b10000
20323 47b18000
20324 47b20000
20325 47b28000
20326 47b30000
20327 47b38000
20328 47b40000
20329 47b48000
20330 47b50000
20331 47b58000
20332 47b60000
20333 47b68000
20334 47b70000
20335 47b78000
20336 47b80000
20337 47b88000
20338 47b90000
20339 47b98000
20340 47ba0000
20341 47ba8000
20342 47bb0000
20343 47bb8000
20344 47bc0000
20345 47bc8000
20346 47bd0000
20347 47bd8000
20348 47be0000
20349 47be8000
20350 47bf0000
20351 47bf8000
20352 47c00000
20353 47c08000
20354 47c10000
20355 47c18000
20356 47c20000
20357 47c28000
20358 47c30000
20359 47c38000
20360 47c40000
20361 47c48000
20362 47c50000
20363 47c58000
20364 47c60000
20365 47c68000
20366 47c70000
20367 47c78000
20368 47c80000
20369 47c88000
20370 47c90000
20371 47c98000
20372 47ca0000
20373 47ca8000
20374 47cb0000
20375 47cb8000
20376 47cc0000
20377 47cc8000
20378 47cd0000
20379 47cd8000
20380 47ce0000
20381 47ce8000
20382 47cf0000
20383 47cf8000
20384 47d00000
20385 47d08000
20386 47d10000
20387 47d18000
20388 47d20000
20389 47d28000
20390 47d30000
20391 47d38000
20392 47d40000
20393 47d48000
20394 47d50000
20395 47d58000
20396 47d60000
20397 47d68000
20398 47d70000
20399 47d78000
20400 47d80000
20401 47d88000
20402 47d90000
20403 47d98000
20404 47da0000
20405 47da8000
20406 47db0000
20407 47db8000
20408 47dc0000
20409 47dc8000
20410 47dd0000
20411 47dd8000
20412 47de0000
20413 47de8000
20414 47df0000
20415 47df8000
20416 47e00000
20417 47e08000
20418 47e10000
20419 47e18000
20420 47e20000
20421 47e28000
20422 47e30000
20423 47e38000
20424 47e40000
20425 47e48000
20426 47e50000
20427 47e58000
20428 47e60000
20429 47e68000
20430 47e70000
20431 47e78000
20432 47e80000
20433 47e88000
20434 47e90000
20435 47e98000
20436 47ea0000
20437 47ea8000
20438 47eb0000
20439 47eb8000
20440 47ec0000
20441 47ec8000
20442 47ed0000
20443 47ed8000
20444 47ee0000
20445 47ee8000
20446 47ef0000
20447 47ef8000
20448 47f00000
20449 47f08000
20450 47f10000
20451 47f18000
20452 47f20000
20453 47f28000
20454 47f30000
20455 47f38000
20456 47f40000
20457 47f48000
20458 47f50000
20459 47f58000
20460 47f60000
20461 47f68000
20462 47f70000
20463 47f78000
20464 47f80000
20465 47f88000
20466 47f90000
20467 47f98000
20468 47fa0000
20469 47fa8000
20470 47fb0000
20471 47fb8000
20472 47fc0000
20473 47fc8000
20474 47fd0000
20475 47fd8000
20476 47fe0000
20477 47fe8000
20478 47ff0000
20479 47ff8000
20480 48000000
20481 48008000
20482 48010000
20483 48018000
20484 48020000
20485 48028000
20486 48030000
20487 48038000
20488 48040000
20489 48048000
20490 48050000
20491 48058000
20492 48060000
20493 48068000
20494 48070000
20495 48078000
20496 48080000
20497 48088000
20498 48090000
20499 48098000
20500 480a0000
20501 480a8000
20502 480b0000
20503 480b8000
20504 480c0000
20505 480c8000
20506 480d0000
20507 480d8000
20508 480e0000
20509 480e8000
20510 480f0000
20511 480f8000
20512 48100000
20513 48108000
20514 48110000
20515 48118000
20516 48120000
20517 48128000
20518 48130000
20519 48138000
20520 48140000
20521 48148000
20522 48150000
20523 48158000
20524 48160000
20525 48168000
20526 48170000
20527 48178000
20528 48180000
20529 48188000
20530 48190000
20531 48198000
20532 481a0000
20533 481a8000
20534 481b0000
20535 481b8000
20536 481c0000
20537 481c8000
20538 481d0000
20539 481d8000
20540 481e0000
20541 481e8000
20542 481f0000
20543 481f8000
20544 48200000
20545 48208000
20546 48210000
20547 48218000
20548 48220000
20549 48228000
20550 48230000
20551 48238000
20552 48240000
20553 48248000
20554 48250000
20555 48258000
20556 48260000
20557 48268000
20558 48270000
20559 48278000
20560 48280000
20561 48288000
20562 48290000
20563 48298000
20564 482a0000
20565 482a8000
20566 482b0000
20567 482b8000
20568 482c0000
20569 482c8000
20570 482d0000
20571 482d8000
20572 482e0000
20573 482e8000
20574 482f0000
20575 482f8000
20576 48300000
20577 48308000
20578 48310000
20579 48318000
20580 48320000
20581 48328000
20582 48330000
20583 48338000
20584 48340000
20585 48348000
20586 48350000
20587 48358000
20588 48360000
20589 48368000
20590 48370000
20591 48378000
20592 48380000
20593 48388000
20594 48390000
20595 48398000
20596 483a0000
20597 483a8000
20598 483b0000
20599 483b8000
20600 483c0000
20601 483c8000
20602 483d0000
20603 483d8000
20604 483e0000
20605 483e8000
20606 483f0000
20607 483f8000
20608 48400000
20609 48408000
20610 48410000
20611 48418000
20612 48420000
20613 48428000
20614 48430000
20615 48438000
20616 48440000
20617 48448000
20618 48450000
20619 48458000
20620 48460000
20621 48468000
20622 48470000
20623 48478000
20624 48480000
20625 48488000
20626 48490000
20627 48498000
20628 484a0000
20629 484a8000
20630 484b0000
20631 484b8000
20632 484c0000
20633 484c8000
20634 484d0000
20635 484d8000
20636 484e0000
20637 484e8000
20638 484f0000
20639 484f8000
20640 48500000
20641 48508000
20642 48510000
20643 48518000
20644 48520000
20645 48528000
20646 48530000
20647 48538000
20648 48540000
20649 48548000
20650 48550000
20651 48558000
20652 48560000
20653 48568000
20654 48570000
20655 48578000
20656 48580000
20657 48588000
20658 48590000
20659 48598000
20660 485a0000
20661 485a8000
20662 485b0000
20663 485b8000
20664 485c0000
20665 485c8000
20666 485d0000
20667 485d8000
20668 485e0000
20669 485e8000
20670 485f0000
20671 485f8000
20672 48600000
20673 48608000
20674 48610000
20675 48618000
20676 48620000
20677 48628000
20678 48630000
20679 48638000
20680 48640000
20681 48648000
20682 48650000
20683 48658000
20684 48660000
20685 48668000
20686 48670000
20687 48678000
20688 48680000
20689 48688000
20690 48690000
20691 48698000
20692 486a0000
20693 486a8000
20694 486b0000
20695 486b8000
20696 486c0000
20697 486c8000
20698 486d0000
20699 486d8000
20700 486e0000
20701 486e8000
20702 486f0000
20703 486f8000
20704 48700000
20705 48708000
20706 48710000
20707 48718000
20708 48720000
20709 48728000
20710 48730000
20711 48738000
20712 48740000
20713 48748000
20714 48750000
20715 48758000
20716 48760000
20717 48768000
20718 48770000
20719 48778000
20720 48780000
20721 48788000
20722 48790000
20723 48798000
20724 487a0000
20725 487a8000
20726 487b0000
20727 487b8000
20728 487c0000
20729 487c8000
20730 487d0000
20731 487d8000
20732 487e0000
20733 487e8000
20734 487f0000
20735 487f8000
20736 48800000
20737 48808000
20738 48810000
20739 48818000
20740 48820000
20741 48828000
20742 48830000
20743 48838000
20744 48840000
20745 48848000
20746 48850000
20747 48858000
20748 48860000
20749 48868000
20750 48870000
20751 48878000
20752 48880000
20753 48888000
20754 48890000
20755 48898000
20756 488a0000
20757 488a8000
20758 488b0000
20759 488b8000
20760 488c0000
20761 488c8000
20762 488d0000
20763 488d8000
20764 488e0000
20765 488e8000
20766 488f0000
20767 488f8000
20768 48900000
20769 48908000
20770 48910000
20771 48918000
20772 48920000
20773 48928000
20774 48930000
20775 48938000
20776 48940000
20777 48948000
20778 48950000
20779 48958000
20780 48960000
20781 48968000
20782 48970000
20783 48978000
20784 48980000
20785 48988000
20786 48990000
20787 48998000
20788 489a0000
20789 489a8000
20790 489b0000
20791 489b8000
20792 489c0000
20793 489c8000
20794 489d0000
20795 489d8000
20796 489e0000
20797 489e8000
20798 489f0000
20799 489f8000
20800 48a00000
20801 48a08000
20802 48a10000
20803 48a18000
20804 48a20000
20805 48a28000
20806 48a30000
20807 48a38000
20808 48a40000
20809 48a48000
20810 48a50000
20811 48a58000
20812 48a60000
20813 48a68000
20814 48a70000
20815 48a78000
20816 48a80000
20817 48a88000
20818 48a90000
20819 48a98000
20820 48aa0000
20821 48aa8000
20822 48ab0000
20823 48ab8000
20824 48ac0000
20825 48ac8000
20826 48ad0000
20827 48ad8000
20828 48ae0000
20829 48ae8000
20830 48af0000
20831 48af8000
20832 48b00000
20833 48b08000
20834 48b10000
20835 48b18000
20836 48b20000
20837 48b28000
20838 48b30000
20839 48b38000
20840 48b40000
20841 48b48000
20842 48b50000
20843 48b58000
20844 48b60000
20845 48b68000
20846 48b70000
20847 48b78000
20848 48b80000
20849 48b88000
20850 48b90000
20851 48b98000
20852 48ba0000
20853 48ba8000
20854 48bb0000
20855 48bb8000
20856 48bc0000
20857 48bc8000
20858 48bd0000
20859 48bd8000
20860 48be0000
20861 48be8000
20862 48bf0000
20863 48bf8000
20864 48c00000
20865 48c08000
20866 48c10000
20867 48c18000
20868 48c20000
20869 48c28000
20870 48c30000
20871 48c38000
20872 48c40000
20873 48c48000
20874 48c50000
20875 48c58000
20876 48c60000
20877 48c68000
20878 48c70000
20879 48c78000
20880 48c80000
20881 48c88000
20882 48c90000
20883 48c98000
20884 48ca0000
20885 48ca8000
20886 48cb0000
20887 48cb8000
20888 48cc0000
20889 48cc8000
20890 48cd0000
20891 48cd8000
20892 48ce0000
20893 48ce8000
20894 48cf0000
20895 48cf8000
20896 48d00000
20897 48d08000
20898 48d10000
20899 48d18000
20900 48d20000
20901 48d28000
20902 48d30000
20903 48d38000
20904 48d40000
20905 48d48000
20906 48d50000
20907 48d58000
20908 48d60000
20909 48d68000
20910 48d70000
20911 48d78000
20912 48d80000
20913 48d88000
20914 48d90000
20915 48d98000
20916 48da0000
20917 48da8000
20918 48db0000
20919 48db8000
20920 48dc0000
20921 48dc8000
20922 48dd0000
20923 48dd8000
20924 48de0000
20925 48de8000
20926 48df0000
20927 48df8000
20928 48e00000
20929 48e08000
20930 48e10000
20931 48e18000
20932 48e20000
20933 48e28000
20934 48e30000
20935 48e38000
20936 48e40000
20937 48e48000
20938 48e50000
20939 48e58000
20940 48e60000
20941 48e68000
20942 48e70000
20943 48e78000
20944 48e80000
20945 48e88000
20946 48e90000
20947 48e98000
20948 48ea0000
20949 48ea8000
20950 48eb0000
20951 48eb8000
20952 48ec0000
20953 48ec8000
20954 48ed0000
20955 48ed8000
20956 48ee0000
20957 48ee8000
20958 48ef0000
20959 48ef8000
20960 48f00000
20961 48f08000
20962 48f10000
20963 48f18000
20964 48f20000
20965 48f28000
20966 48f30000
20967 48f38000
20968 48f40000
20969 48f48000
20970 48f50000
20971 48f58000
20972 48f60000
20973 48f68000
20974 48f70000
20975 48f78000
20976 48f80000
20977 48f88000
20978 48f90000
20979 48f98000
20980 48fa0000
20981 48fa8000
20982 48fb0000
20983 48fb8000
20984 48fc0000
20985 48fc8000
20986 48fd0000
20987 48fd8000
20988 48fe0000
20989 48fe8000
20990 48ff0000
20991 48ff8000
20992 49000000
20993 49008000
20994 49010000
20995 49018000
20996 49020000
20997 49028000
20998 49030000
20999 49038000
21000 49040000
21001 49048000
21002 49050000
21003 49058000
21004 49060000
21005 49068000
21006 49070000
21007 49078000
21008 49080000
21009 49088000
21010 49090000
21011 49098000
21012 490a0000
21013 490a8000
21014 490b0000
21015 490b8000
21016 490c0000
21017 490c8000
21018 490d0000
21019 490d8000
21020 490e0000
21021 490e8000
21022 490f0000
21023 490f8000
21024 49100000
21025 49108000
21026 49110000
21027 49118000
21028 49120000
21029 49128000
21030 49130000
21031 49138000
21032 49140000
21033 49148000
21034 49150000
21035 49158000
21036 49160000
21037 49168000
21038 49170000
21039 49178000
21040 49180000
21041 49188000
21042 49190000
21043 49198000
21044 491a0000
21045 491a8000
21046 491b0000
21047 491b8000
21048 491c0000
21049 491c8000
21050 491d0000
21051 491d8000
21052 491e0000
21053 491e8000
21054 491f0000
21055 491f8000
21056 49200000
21057 49208000
21058 49210000
21059 49218000
21060 49220000
21061 49228000
21062 49230000
21063 49238000
21064 49240000
21065 49248000
21066 49250000
21067 49258000
21068 49260000
21069 49268000
21070 49270000
21071 49278000
21072 49280000
21073 49288000
21074 49290000
21075 49298000
21076 492a0000
21077 492a8000
21078 492b0000
21079 492b8000
21080 492c0000
21081 492c8000
21082 492d0000
21083 492d8000
21084 492e0000
21085 492e8000
21086 492f0000
21087 492f8000
21088 49300000
21089 49308000
21090 49310000
21091 49318000
21092 49320000
21093 49328000
21094 49330000
21095 49338000
21096 49340000
21097 49348000
21098 49350000
21099 49358000
21100 49360000
21101 49368000
21102 49370000
21103 49378000
21104 49380000
21105 49388000
21106 49390000
21107 49398000
21108 493a0000
21109 493a8000
21110 493b0000
21111 493b8000
21112 493c0000
21113 493c8000
21114 493d0000
21115 493d8000
21116 493e0000
21117 493e8000
21118 493f0000
21119 493f8000
21120 49400000
21121 49408000
21122 49410000
21123 49418000
21124 49420000
21125 49428000
21126 49430000
21127 49438000
21128 49440000
21129 49448000
21130 49450000
21131 49458000
21132 49460000
21133 49468000
21134 49470000
21135 49478000
21136 49480000
21137 49488000
21138 49490000
21139 49498000
21140 494a0000
21141 494a8000
21142 494b0000
21143 494b8000
21144 494c0000
21145 494c8000
21146 494d0000
21147 494d8000
21148 494e0000
21149 494e8000
21150 494f0000
21151 494f8000
21152 49500000
21153 49508000
21154 49510000
21155 49518000
21156 49520000
21157 49528000
21158 49530000
21159 49538000
21160 49540000
21161 49548000
21162 49550000
21163 49558000
21164 49560000
21165 49568000
21166 49570000
21167 49578000
21168 49580000
21169 49588000
21170 49590000
21171 49598000
21172 495a0000
21173 495a8000
21174 495b0000
21175 495b8000
21176 495c0000
21177 495c8000
21178 495d0000
21179 495d8000
21180 495e0000
21181 495e8000
21182 495f0000
21183 495f8000
21184 49600000
21185 49608000
21186 49610000
21187 49618000
21188 49620000
21189 49628000
21190 49630000
21191 49638000
21192 49640000
21193 49648000
21194 49650000
21195 49658000
21196 49660000
21197 49668000
21198 49670000
21199 49678000
21200 49680000
21201 49688000
21202 49690000
21203 49698000
21204 496a0000
21205 496a8000
21206 496b0000
21207 496b8000
21208 496c0000
21209 496c8000
21210 496d0000
21211 496d8000
21212 496e0000
21213 496e8000
21214 496f0000
21215 496f8000
21216 49700000
21217 49708000
21218 49710000
21219 49718000
21220 49720000
21221 49728000
21222 49730000
21223 49738000
21224 49740000
21225 49748000
21226 49750000
21227 49758000
21228 49760000
21229 49768000
21230 49770000
21231 49778000
21232 49780000
21233 49788000
21234 49790000
21235 49798000
21236 497a0000
21237 497a8000
21238 497b0000
21239 497b8000
21240 497c0000
21241 497c8000
21242 497d0000
21243 497d8000
21244 497e0000
21245 497e8000
21246 497f0000
21247 497f8000
21248 49800000
21249 49808000
21250 49810000
21251 49818000
21252 49820000
21253 49828000
21254 49830000
21255 49838000
21256 49840000
21257 49848000
21258 49850000
21259 49858000
21260 49860000
21261 49868000
21262 49870000
21263 49878000
21264 49880000
21265 49888000
21266 49890000
21267 49898000
21268 498a0000
21269 498a8000
21270 498b0000
21271 498b8000
21272 498c0000
21273 498c8000
21274 498d0000
21275 498d8000
21276 498e0000
21277 498e8000
21278 498f0000
21279 498f8000
21280 49900000
21281 49908000
21282 49910000
21283 49918000
21284 49920000
21285 49928000
21286 49930000
21287 49938000
21288 49940000
21289 49948000
21290 49950000
21291 49958000
21292 49960000
21293 49968000
21294 49970000
21295 49978000
21296 49980000
21297 49988000
21298 49990000
21299 49998000
21300 499a0000
21301 499a8000
21302 499b0000
21303 499b8000
21304 499c0000
21305 499c8000
21306 499d0000
21307 499d8000
21308 499e0000
21309 499e8000
21310 499f0000
21311 499f8000
21312 49a00000
21313 49a08000
21314 49a10000
21315 49a18000
21316 49a20000
21317 49a28000
21318 49a30000
21319 49a38000
21320 49a40000
21321 49a48000
21322 49a50000
21323 49a58000
21324 49a60000
21325 49a68000
21326 49a70000
21327 49a78000
21328 49a80000
21329 49a88000
21330 49a90000
21331 49a98000
21332 49aa0000
21333 49aa8000
21334 49ab0000
21335 49ab8000
21336 49ac0000
21337 49ac8000
21338 49ad0000
21339 49ad8000
21340 49ae0000
21341 49ae8000
21342 49af0000
21343 49af8000
21344 49b00000
21345 49b08000
21346 49b10000
21347 49b18000
21348 49b20000
21349 49b28000
21350 49b30000
21351 49b38000
21352 49b40000
21353 49b48000
21354 49b50000
21355 49b58000
21356 49b60000
21357 49b68000
21358 49b70000
21359 49b78000
21360 49b80000
21361 49b88000
21362 49b90000
21363 49b98000
21364 49ba0000
21365 49ba8000
21366 49bb0000
21367 49bb8000
21368 49bc0000
21369 49bc8000
21370 49bd0000
21371 49bd8000
21372 49be0000
21373 49be8000
21374 49bf0000
21375 49bf8000
21376 49c00000
21377 49c08000
21378 49c10000
21379 49c18000
21380 49c20000
21381 49c28000
21382 49c30000
21383 49c38000
21384 49c40000
21385 49c48000
21386 49c50000
21387 49c58000
21388 49c60000
21389 49c68000
21390 49c70000
21391 49c78000
21392 49c80000
21393 49c88000
21394 49c90000
21395 49c98000
21396 49ca0000
21397 49ca8000
21398 49cb0000
21399 49cb8000
21400 49cc0000
21401 49cc8000
21402 49cd0000
21403 49cd8000
21404 49ce0000
21405 49ce8000
21406 49cf0000
21407 49cf8000
21408 49d00000
21409 49d08000
21410 49d10000
21411 49d18000
21412 49d20000
21413 49d28000
21414 49d30000
21415 49d38000
21416 49d40000
21417 49d48000
21418 49d50000
21419 49d58000
21420 49d60000
21421 49d68000
21422 49d70000
21423 49d78000
21424 49d80000
21425 49d88000
21426 49d90000
21427 49d98000
21428 49da0000
21429 49da8000
21430 49db0000
21431 49db8000
21432 49dc0000
21433 49dc8000
21434 49dd0000
21435 49dd8000
21436 49de0000
21437 49de8000
21438 49df0000
21439 49df8000
21440 49e00000
21441 49e08000
21442 49e10000
21443 49e18000
21444 49e20000
21445 49e28000
21446 49e30000
21447 49e38000
21448 49e40000
21449 49e48000
21450 49e50000
21451 49e58000
21452 49e60000
21453 49e68000
21454 49e70000
21455 49e78000
21456 49e80000
21457 49e88000
21458 49e90000
21459 49e98000
21460 49ea0000
21461 49ea8000
21462 49eb0000
21463 49eb8000
21464 49ec0000
21465 49ec8000
21466 49ed0000
21467 49ed8000
21468 49ee0000
21469 49ee8000
21470 49ef0000
21471 49ef8000
21472 49f00000
21473 49f08000
21474 49f10000
21475 49f18000
21476 49f20000
21477 49f28000
21478 49f30000
21479 49f38000
21480 49f40000
21481 49f48000
21482 49f50000
21483 49f58000
21484 49f60000
21485 49f68000
21486 49f70000
21487 49f78000
21488 49f80000
21489 49f88000
21490 49f90000
21491 49f98000
21492 49fa0000
21493 49fa8000
21494 49fb0000
21495 49fb8000
21496 49fc0000
21497 49fc8000
21498 49fd0000
21499 49fd8000
21500 49fe0000
21501 49fe8000
21502 49ff0000
21503 49ff8000
21504 4a000000
21505 4a008000
21506 4a010000
21507 4a018000
21508 4a020000
21509 4a028000
21510 4a030000
21511 4a038000
21512 4a040000
21513 4a048000
21514 4a050000
21515 4a058000
21516 4a060000
21517 4a068000
21518 4a070000
21519 4a078000
21520 4a080000
21521 4a088000
21522 4a090000
21523 4a098000
21524 4a0a0000
21525 4a0a8000
21526 4a0b0000
21527 4a0b8000
21528 4a0c0000
21529 4a0c8000
21530 4a0d0000
21531 4a0d8000
21532 4a0e0000
21533 4a0e8000
21534 4a0f0000
21535 4a0f8000
21536 4a100000
21537 4a108000
21538 4a110000
21539 4a118000
21540 4a120000
21541 4a128000
21542 4a130000
21543 4a138000
21544 4a140000
21545 4a148000
21546 4a150000
21547 4a158000
21548 4a160000
21549 4a168000
21550 4a170000
21551 4a178000
21552 4a180000
21553 4a188000
21554 4a190000
21555 4a198000
21556 4a1a0000
21557 4a1a8000
21558 4a1b0000
21559 4a1b8000
21560 4a1c0000
21561 4a1c8000
21562 4a1d0000
21563 4a1d8000
21564 4a1e0000
21565 4a1e8000
21566 4a1f0000
21567 4a1f8000
21568 4a200000
21569 4a208000
21570 4a210000
21571 4a218000
21572 4a220000
21573 4a228000
21574 4a230000
21575 4a238000
21576 4a240000
21577 4a248000
21578 4a250000
21579 4a258000
21580 4a260000
21581 4a268000
21582 4a270000
21583 4a278000
21584 4a280000
21585 4a288000
21586 4a290000
21587 4a298000
21588 4a2a0000
21589 4a2a8000
21590 4a2b0000
21591 4a2b8000
21592 4a2c0000
21593 4a2c8000
21594 4a2d0000
21595 4a2d8000
21596 4a2e0000
21597 4a2e8000
21598 4a2f0000
21599 4a2f8000
21600 4a300000
21601 4a308000
21602 4a310000
21603 4a318000
21604 4a320000
21605 4a328000
21606 4a330000
21607 4a338000
21608 4a340000
21609 4a348000
21610 4a350000
21611 4a358000
21612 4a360000
21613 4a368000
21614 4a370000
21615 4a378000
21616 4a380000
21617 4a388000
21618 4a390000
21619 4a398000
21620 4a3a0000
21621 4a3a8000
21622 4a3b0000
21623 4a3b8000
21624 4a3c0000
21625 4a3c8000
21626 4a3d0000
21627 4a3d8000
21628 4a3e0000
21629 4a3e8000
21630 4a3f0000
21631 4a3f8000
21632 4a400000
21633 4a408000
21634 4a410000
21635 4a418000
21636 4a420000
21637 4a428000
21638 4a430000
21639 4a438000
21640 4a440000
21641 4a448000
21642 4a450000
21643 4a458000
21644 4a460000
21645 4a468000
21646 4a470000
21647 4a478000
21648 4a480000
21649 4a488000
21650 4a490000
21651 4a498000
21652 4a4a0000
21653 4a4a8000
21654 4a4b0000
21655 4a4b8000
21656 4a4c0000
21657 4a4c8000
21658 4a4d0000
21659 4a4d8000
21660 4a4e0000
21661 4a4e8000
21662 4a4f0000
21663 4a4f8000
21664 4a500000
21665 4a508000
21666 4a510000
21667 4a518000
21668 4a520000
21669 4a528000
21670 4a530000
21671 4a538000
21672 4a540000
21673 4a548000
21674 4a550000
21675 4a558000
21676 4a560000
21677 4a568000
21678 4a570000
21679 4a578000
21680 4a580000
21681 4a588000
21682 4a590000
21683 4a598000
21684 4a5a0000
21685 4a5a8000
21686 4a5b0000
21687 4a5b8000
21688 4a5c0000
21689 4a5c8000
21690 4a5d0000
21691 4a5d8000
21692 4a5e0000
21693 4a5e8000
21694 4a5f0000
21695 4a5f8000
21696 4a600000
21697 4a608000
21698 4a610000
21699 4a618000
21700 4a620000
21701 4a628000
21702 4a630000
21703 4a638000
21704 4a640000
21705 4a648000
21706 4a650000
21707 4a658000
21708 4a660000
21709 4a668000
21710 4a670000
21711 4a678000
21712 4a680000
21713 4a688000
21714 4a690000
21715 4a698000
21716 4a6a0000
21717 4a6a8000
21718 4a6b0000
21719 4a6b8000
21720 4a6c0000
21721 4a6c8000
21722 4a6d0000
21723 4a6d8000
21724 4a6e0000
21725 4a6e8000
21726 4a6f0000
21727 4a6f8000
21728 4a700000
21729 4a708000
21730 4a710000
21731 4a718000
21732 4a720000
21733 4a728000
21734 4a730000
21735 4a738000
21736 4a740000
21737 4a748000
21738 4a750000
21739 4a758000
21740 4a760000
21741 4a768000
21742 4a770000
21743 4a778000
21744 4a780000
21745 4a788000
21746 4a790000
21747 4a798000
21748 4a7a0000
21749 4a7a8000
21750 4a7b0000
21751 4a7b8000
21752 4a7c0000
21753 4a7c8000
21754 4a7d0000
21755 4a7d8000
21756 4a7e0000
21757 4a7e8000
21758 4a7f0000
21759 4a7f8000
21760 4a800000
21761 4a808000
21762 4a810000
21763 4a818000
21764 4a820000
21765 4a828000
21766 4a830000
21767 4a838000
21768 4a840000
21769 4a848000
21770 4a850000
21771 4a858000
21772 4a860000
21773 4a868000
21774 4a870000
21775 4a878000
21776 4a880000
21777 4a888000
21778 4a890000
21779 4a898000
21780 4a8a0000
21781 4a8a8000
21782 4a8b0000
21783 4a8b8000
21784 4a8c0000
21785 4a8c8000
21786 4a8d0000
21787 4a8d8000
21788 4a8e0000
21789 4a8e8000
21790 4a8f0000
21791 4a8f8000
21792 4a900000
21793 4a908000
21794 4a910000
21795 4a918000
21796 4a920000
21797 4a928000
21798 4a930000
21799 4a938000
21800 4a940000
21801 4a948000
21802 4a950000
21803 4a958000
21804 4a960000
21805 4a968000
21806 4a970000
21807 4a978000
21808 4a980000
21809 4a988000
21810 4a990000
21811 4a998000
21812 4a9a0000
21813 4a9a8000
21814 4a9b0000
21815 4a9b8000
21816 4a9c0000
21817 4a9c8000
21818 4a9d0000
21819 4a9d8000
21820 4a9e0000
21821 4a9e8000
21822 4a9f0000
21823 4a9f8000
21824 4aa00000
21825 4aa08000
21826 4aa10000
21827 4aa18000
21828 4aa20000
21829 4aa28000
21830 4aa30000
21831 4aa38000
21832 4aa40000
21833 4aa48000
21834 4aa50000
21835 4aa58000
21836 4aa60000
21837 4aa68000
21838 4aa70000
21839 4aa78000
21840 4aa80000
21841 4aa88000
21842 4aa90000
21843 4aa98000
21844 4aaa0000
21845 4aaa8000
21846 4aab0000
21847 4aab8000
21848 4aac0000
21849 4aac8000
21850 4aad0000
21851 4aad8000
21852 4aae0000
21853 4aae8000
21854 4aaf0000
21855 4aaf8000
21856 4ab00000
21857 4ab08000
21858 4ab10000
21859 4ab18000
21860 4ab20000
21861 4ab28000
21862 4ab30000
21863 4ab38000
21864 4ab40000
21865 4ab48000
21866 4ab50000
21867 4ab58000
21868 4ab60000
21869 4ab68000
21870 4ab70000
21871 4ab78000
21872 4ab80000
21873 4ab88000
21874 4ab90000
21875 4ab98000
21876 4aba0000
21877 4aba8000
21878 4abb0000
21879 4abb8000
21880 4abc0000
21881 4abc8000
21882 4abd0000
21883 4abd8000
21884 4abe0000
21885 4abe8000
21886 4abf0000
21887 4abf8000
21888 4ac00000
21889 4ac08000
21890 4ac10000
21891 4ac18000
21892 4ac20000
21893 4ac28000
21894 4ac30000
21895 4ac38000
21896 4ac40000
21897 4ac48000
21898 4ac50000
21899 4ac58000
21900 4ac60000
21901 4ac68000
21902 4ac70000
21903 4ac78000
21904 4ac80000
21905 4ac88000
21906 4ac90000
21907 4ac98000
21908 4aca0000
21909 4aca8000
21910 4acb0000
21911 4acb8000
21912 4acc0000
21913 4acc8000
21914 4acd0000
21915 4acd8000
21916 4ace0000
21917 4ace8000
21918 4acf0000
21919 4acf8000
21920 4ad00000
21921 4ad08000
21922 4ad10000
21923 4ad18000
21924 4ad20000
21925 4ad28000
21926 4ad30000
21927 4ad38000
21928 4ad40000
21929 4ad48000
21930 4ad50000
21931 4ad58000
21932 4ad60000
21933 4ad68000
21934 4ad70000
21935 4ad78000
21936 4ad80000
21937 4ad88000
21938 4ad90000
21939 4ad98000
21940 4ada0000
21941 4ada8000
21942 4adb0000
21943 4adb8000
21944 4adc0000
21945 4adc8000
21946 4add0000
21947 4add8000
21948 4ade0000
21949 4ade8000
21950 4adf0000
21951 4adf8000
21952 4ae00000
21953 4ae08000
21954 4ae10000
21955 4ae18000
21956 4ae20000
21957 4ae28000
21958 4ae30000
21959 4ae38000
21960 4ae40000
21961 4ae48000
21962 4ae50000
21963 4ae58000
21964 4ae60000
21965 4ae68000
21966 4ae70000
21967 4ae78000
21968 4ae80000
21969 4ae88000
21970 4ae90000
21971 4ae98000
21972 4aea0000
21973 4aea8000
21974 4aeb0000
21975 4aeb8000
21976 4aec0000
21977 4aec8000
21978 4aed0000
21979 4aed8000
21980 4aee0000
21981 4aee8000
21982 4aef0000
21983 4aef8000
21984 4af00000
21985 4af08000
21986 4af10000
21987 4af18000
21988 4af20000
21989 4af28000
21990 4af30000
21991 4af38000
21992 4af40000
21993 4af48000
21994 4af50000
21995 4af58000
21996 4af60000
21997 4af68000
21998 4af70000
21999 4af78000
22000 4af80000
22001 4af88000
22002 4af90000
22003 4af98000
22004 4afa0000
22005 4afa8000
22006 4afb0000
22007 4afb8000
22008 4afc0000
22009 4afc8000
22010 4afd0000
22011 4afd8000
22012 4afe0000
22013 4afe8000
22014 4aff0000
22015 4aff8000
22016 4b000000
22017 4b008000
22018 4b010000
22019 4b018000
22020 4b020000
22021 4b028000
22022 4b030000
22023 4b038000
22024 4b040000
22025 4b048000
22026 4b050000
22027 4b058000
22028 4b060000
22029 4b068000
22030 4b070000
22031 4b078000
22032 4b080000
22033 4b088000
22034 4b090000
22035 4b098000
22036 4b0a0000
22037 4b0a8000
22038 4b0b0000
22039 4b0b8000
22040 4b0c0000
22041 4b0c8000
22042 4b0d0000
22043 4b0d8000
22044 4b0e0000
22045 4b0e8000
22046 4b0f0000
22047 4b0f8000
22048 4b100000
22049 4b108000
22050 4b110000
22051 4b118000
22052 4b120000
22053 4b128000
22054 4b130000
22055 4b138000
22056 4b140000
22057 4b148000
22058 4b150000
22059 4b158000
22060 4b160000
22061 4b168000
22062 4b170000
22063 4b178000
22064 4b180000
22065 4b188000
22066 4b190000
22067 4b198000
22068 4b1a0000
22069 4b1a8000
22070 4b1b0000
22071 4b1b8000
22072 4b1c0000
22073 4b1c8000
22074 4b1d0000
22075 4b1d8000
22076 4b1e0000
22077 4b1e8000
22078 4b1f0000
22079 4b1f8000
22080 4b200000
22081 4b208000
22082 4b210000
22083 4b218000
22084 4b220000
22085 4b228000
22086 4b230000
22087 4b238000
22088 4b240000
22089 4b248000
22090 4b250000
22091 4b258000
22092 4b260000
22093 4b268000
22094 4b270000
22095 4b278000
22096 4b280000
22097 4b288000
22098 4b290000
22099 4b298000
22100 4b2a0000
22101 4b2a8000
22102 4b2b0000
22103 4b2b8000
22104 4b2c0000
22105 4b2c8000
22106 4b2d0000
22107 4b2d8000
22108 4b2e0000
22109 4b2e8000
22110 4b2f0000
22111 4b2f8000
22112 4b300000
22113 4b308000
22114 4b310000
22115 4b318000
22116 4b320000
22117 4b328000
22118 4b330000
22119 4b338000
22120 4b340000
22121 4b348000
22122 4b350000
22123 4b358000
22124 4b360000
22125 4b368000
22126 4b370000
22127 4b378000
22128 4b380000
22129 4b388000
22130 4b390000
22131 4b398000
22132 4b3a0000
22133 4b3a8000
22134 4b3b0000
22135 4b3b8000
22136 4b3c0000
22137 4b3c8000
22138 4b3d0000
22139 4b3d8000
22140 4b3e0000
22141 4b3e8000
22142 4b3f0000
22143 4b3f8000
22144 4b400000
22145 4b408000
22146 4b410000
22147 4b418000
22148 4b420000
22149 4b428000
22150 4b430000
22151 4b438000
22152 4b440000
22153 4b448000
22154 4b450000
22155 4b458000
22156 4b460000
22157 4b468000
22158 4b470000
22159 4b478000
22160 4b480000
22161 4b488000
22162 4b490000
22163 4b498000
22164 4b4a0000
22165 4b4a8000
22166 4b4b0000
22167 4b4b8000
22168 4b4c0000
22169 4b4c8000
22170 4b4d0000
22171 4b4d8000
22172 4b4e0000
22173 4b4e8000
22174 4b4f0000
22175 4b4f8000
22176 4b500000
22177 4b508000
22178 4b510000
22179 4b518000
22180 4b520000
22181 4b528000
22182 4b530000
22183 4b538000
22184 4b540000
22185 4b548000
22186 4b550000
22187 4b558000
22188 4b560000
22189 4b568000
22190 4b570000
22191 4b578000
22192 4b580000
22193 4b588000
22194 4b590000
22195 4b598000
22196 4b5a0000
22197 4b5a8000
22198 4b5b0000
22199 4b5b8000
22200 4b5c0000
22201 4b5c8000
22202 4b5d0000
22203 4b5d8000
22204 4b5e0000
22205 4b5e8000
22206 4b5f0000
22207 4b5f8000
22208 4b600000
22209 4b608000
22210 4b610000
22211 4b618000
22212 4b620000
22213 4b628000
22214 4b630000
22215 4b638000
22216 4b640000
22217 4b648000
22218 4b650000
22219 4b658000
22220 4b660000
22221 4b668000
22222 4b670000
22223 4b678000
22224 4b680000
22225 4b688000
22226 4b690000
22227 4b698000
22228 4b6a0000
22229 4b6a8000
22230 4b6b0000
22231 4b6b8000
22232 4b6c0000
22233 4b6c8000
22234 4b6d0000
22235 4b6d8000
22236 4b6e0000
22237 4b6e8000
22238 4b6f0000
22239 4b6f8000
22240 4b700000
22241 4b708000
22242 4b710000
22243 4b718000
22244 4b720000
22245 4b728000
22246 4b730000
22247 4b738000
22248 4b740000
22249 4b748000
22250 4b750000
22251 4b758000
22252 4b760000
22253 4b768000
22254 4b770000
22255 4b778000
22256 4b780000
22257 4b788000
22258 4b790000
22259 4b798000
22260 4b7a0000
22261 4b7a8000
22262 4b7b0000
22263 4b7b8000
22264 4b7c0000
22265 4b7c8000
22266 4b7d0000
22267 4b7d8000
22268 4b7e0000
22269 4b7e8000
22270 4b7f0000
22271 4b7f8000
22272 4b800000
22273 4b808000
22274 4b810000
22275 4b818000
22276 4b820000
22277 4b828000
22278 4b830000
22279 4b838000
22280 4b840000
22281 4b848000
22282 4b850000
22283 4b858000
22284 4b860000
22285 4b868000
22286 4b870000
22287 4b878000
22288 4b880000
22289 4b888000
22290 4b890000
22291 4b898000
22292 4b8a0000
22293 4b8a8000
22294 4b8b0000
22295 4b8b8000
22296 4b8c0000
22297 4b8c8000
22298 4b8d0000
22299 4b8d8000
22300 4b8e0000
22301 4b8e8000
22302 4b8f0000
22303 4b8f8000
22304 4b900000
22305 4b908000
22306 4b910000
22307 4b918000
22308 4b920000
22309 4b928000
22310 4b930000
22311 4b938000
22312 4b940000
22313 4b948000
22314 4b950000
22315 4b958000
22316 4b960000
22317 4b968000
22318 4b970000
22319 4b978000
22320 4b980000
22321 4b988000
22322 4b990000
22323 4b998000
22324 4b9a0000
22325 4b9a8000
22326 4b9b0000
22327 4b9b8000
22328 4b9c0000
22329 4b9c8000
22330 4b9d0000
22331 4b9d8000
22332 4b9e0000
22333 4b9e8000
22334 4b9f0000
22335 4b9f8000
22336 4ba00000
22337 4ba08000
22338 4ba10000
22339 4ba18000
22340 4ba20000
22341 4ba28000
22342 4ba30000
22343 4ba38000
22344 4ba40000
22345 4ba48000
22346 4ba50000
22347 4ba58000
22348 4ba60000
22349 4ba68000
22350 4ba70000
22351 4ba78000
22352 4ba80000
22353 4ba88000
22354 4ba90000
22355 4ba98000
22356 4baa0000
22357 4baa8000
22358 4bab0000
22359 4bab8000
22360 4bac0000
22361 4bac8000
22362 4bad0000
22363 4bad8000
22364 4bae0000
22365 4bae8000
22366 4baf0000
22367 4baf8000
22368 4bb00000
22369 4bb08000
22370 4bb10000
22371 4bb18000
22372 4bb20000
22373 4bb28000
22374 4bb30000
22375 4bb38000
22376 4bb40000
22377 4bb48000
22378 4bb50000
22379 4bb58000
22380 4bb60000
22381 4bb68000
22382 4bb70000
22383 4bb78000
22384 4bb80000
22385 4bb88000
22386 4bb90000
22387 4bb98000
22388 4bba0000
22389 4bba8000
22390 4bbb0000
22391 4bbb8000
22392 4bbc0000
22393 4bbc8000
22394 4bbd0000
22395 4bbd8000
22396 4bbe0000
22397 4bbe8000
22398 4bbf0000
22399 4bbf8000
22400 4bc00000
22401 4bc08000
22402 4bc10000
22403 4bc18000
22404 4bc20000
22405 4bc28000
22406 4bc30000
22407 4bc38000
22408 4bc40000
22409 4bc48000
22410 4bc50000
22411 4bc58000
22412 4bc60000
22413 4bc68000
22414 4bc70000
22415 4bc78000
22416 4bc80000
22417 4bc88000
22418 4bc90000
22419 4bc98000
22420 4bca0000
22421 4bca8000
22422 4bcb0000
22423 4bcb8000
22424 4bcc0000
22425 4bcc8000
22426 4bcd0000
22427 4bcd8000
22428 4bce0000
22429 4bce8000
22430 4bcf0000
22431 4bcf8000
22432 4bd00000
22433 4bd08000
22434 4bd10000
22435 4bd18000
22436 4bd20000
22437 4bd28000
22438 4bd30000
22439 4bd38000
22440 4bd40000
22441 4bd48000
22442 4bd50000
22443 4bd58000
22444 4bd60000
22445 4bd68000
22446 4bd70000
22447 4bd78000
22448 4bd80000
22449 4bd88000
22450 4bd90000
22451 4bd98000
22452 4bda0000
22453 4bda8000
22454 4bdb0000
22455 4bdb8000
22456 4bdc0000
22457 4bdc8000
22458 4bdd0000
22459 4bdd8000
22460 4bde0000
22461 4bde8000
22462 4bdf0000
22463 4bdf8000
22464 4be00000
22465 4be08000
22466 4be10000
22467 4be18000
22468 4be20000
22469 4be28000
22470 4be30000
22471 4be38000
22472 4be40000
22473 4be48000
22474 4be50000
22475 4be58000
22476 4be60000
22477 4be68000
22478 4be70000
22479 4be78000
22480 4be80000
22481 4be88000
22482 4be90000
22483 4be98000
22484 4bea0000
22485 4bea8000
22486 4beb0000
22487 4beb8000
22488 4bec0000
22489 4bec8000
22490 4bed0000
22491 4bed8000
22492 4bee0000
22493 4bee8000
22494 4bef0000
22495 4bef8000
22496 4bf00000
22497 4bf08000
22498 4bf10000
22499 4bf18000
22500 4bf20000
22501 4bf28000
22502 4bf30000
22503 4bf38000
22504 4bf40000
22505 4bf48000
22506 4bf50000
22507 4bf58000
22508 4bf60000
22509 4bf68000
22510 4bf70000
22511 4bf78000
22512 4bf80000
22513 4bf88000
22514 4bf90000
22515 4bf98000
22516 4bfa0000
22517 4bfa8000
22518 4bfb0000
22519 4bfb8000
22520 4bfc0000
22521 4bfc8000
22522 4bfd0000
22523 4bfd8000
22524 4bfe0000
22525 4bfe8000
22526 4bff0000
22527 4bff8000
22528 4c000000
22529 4c008000
22530 4c010000
22531 4c018000
22532 4c020000
22533 4c028000
22534 4c030000
22535 4c038000
22536 4c040000
22537 4c048000
22538 4c050000
22539 4c058000
22540 4c060000
22541 4c068000
22542 4c070000
22543 4c078000
22544 4c080000
22545 4c088000
22546 4c090000
22547 4c098000
22548 4c0a0000
22549 4c0a8000
22550 4c0b0000
22551 4c0b8000
22552 4c0c0000
22553 4c0c8000
22554 4c0d0000
22555 4c0d8000
22556 4c0e0000
22557 4c0e8000
22558 4c0f0000
22559 4c0f8000
22560 4c100000
22561 4c108000
22562 4c110000
22563 4c118000
22564 4c120000
22565 4c128000
22566 4c130000
22567 4c138000
22568 4c140000
22569 4c148000
22570 4c150000
22571 4c158000
22572 4c160000
22573 4c168000
22574 4c170000
22575 4c178000
22576 4c180000
22577 4c188000
22578 4c190000
22579 4c198000
22580 4c1a0000
22581 4c1a8000
22582 4c1b0000
22583 4c1b8000
22584 4c1c0000
22585 4c1c8000
22586 4c1d0000
22587 4c1d8000
22588 4c1e0000
22589 4c1e8000
22590 4c1f0000
22591 4c1f8000
22592 4c200000
22593 4c208000
22594 4c210000
22595 4c218000
22596 4c220000
22597 4c228000
22598 4c230000
22599 4c238000
22600 4c240000
22601 4c248000
22602 4c250000
22603 4c258000
22604 4c260000
22605 4c268000
22606 4c270000
22607 4c278000
22608 4c280000
22609 4c288000
22610 4c290000
22611 4c298000
22612 4c2a0000
22613 4c2a8000
22614 4c2b0000
22615 4c2b8000
22616 4c2c0000
22617 4c2c8000
22618 4c2d0000
22619 4c2d8000
22620 4c2e0000
22621 4c2e8000
22622 4c2f0000
22623 4c2f8000
22624 4c300000
22625 4c308000
22626 4c310000
22627 4c318000
22628 4c320000
22629 4c328000
22630 4c330000
22631 4c338000
22632 4c340000
22633 4c348000
22634 4c350000
22635 4c358000
22636 4c360000
22637 4c368000
22638 4c370000
22639 4c378000
22640 4c380000
22641 4c388000
22642 4c390000
22643 4c398000
22644 4c3a0000
22645 4c3a8000
22646 4c3b0000
22647 4c3b8000
22648 4c3c0000
22649 4c3c8000
22650 4c3d0000
22651 4c3d8000
22652 4c3e0000
22653 4c3e8000
22654 4c3f0000
22655 4c3f8000
22656 4c400000
22657 4c408000
22658 4c410000
22659 4c418000
22660 4c420000
22661 4c428000
22662 4c430000
22663 4c438000
22664 4c440000
22665 4c448000
22666 4c450000
22667 4c458000
22668 4c460000
22669 4c468000
22670 4c470000
22671 4c478000
22672 4c480000
22673 4c488000
22674 4c490000
22675 4c498000
22676 4c4a0000
22677 4c4a8000
22678 4c4b0000
22679 4c4b8000
22680 4c4c0000
22681 4c4c8000
22682 4c4d0000
22683 4c4d8000
22684 4c4e0000
22685 4c4e8000
22686 4c4f0000
22687 4c4f8000
22688 4c500000
22689 4c508000
22690 4c510000
22691 4c518000
22692 4c520000
22693 4c528000
22694 4c530000
22695 4c538000
22696 4c540000
22697 4c548000
22698 4c550000
22699 4c558000
22700 4c560000
22701 4c568000
22702 4c570000
22703 4c578000
22704 4c580000
22705 4c588000
22706 4c590000
22707 4c598000
22708 4c5a0000
22709 4c5a8000
22710 4c5b0000
22711 4c5b8000
22712 4c5c0000
22713 4c5c8000
22714 4c5d0000
22715 4c5d8000
22716 4c5e0000
22717 4c5e8000
22718 4c5f0000
22719 4c5f8000
22720 4c600000
22721 4c608000
22722 4c610000
22723 4c618000
22724 4c620000
22725 4c628000
22726 4c630000
22727 4c638000
22728 4c640000
22729 4c648000
22730 4c650000
22731 4c658000
22732 4c660000
22733 4c668000
22734 4c670000
22735 4c678000
22736 4c680000
22737 4c688000
22738 4c690000
22739 4c698000
22740 4c6a0000
22741 4c6a8000
22742 4c6b0000
22743 4c6b8000
22744 4c6c0000
22745 4c6c8000
22746 4c6d0000
22747 4c6d8000
22748 4c6e0000
22749 4c6e8000
22750 4c6f0000
22751 4c6f8000
22752 4c700000
22753 4c708000
22754 4c710000
22755 4c718000
22756 4c720000
22757 4c728000
22758 4c730000
22759 4c738000
22760 4c740000
22761 4c748000
22762 4c750000
22763 4c758000
22764 4c760000
22765 4c768000
22766 4c770000
22767 4c778000
22768 4c780000
22769 4c788000
22770 4c790000
22771 4c798000
22772 4c7a0000
22773 4c7a8000
22774 4c7b0000
22775 4c7b8000
22776 4c7c0000
22777 4c7c8000
22778 4c7d0000
22779 4c7d8000
22780 4c7e0000
22781 4c7e8000
22782 4c7f0000
22783 4c7f8000
22784 4c800000
22785 4c808000
22786 4c810000
22787 4c818000
22788 4c820000
22789 4c828000
22790 4c830000
22791 4c838000
22792 4c840000
22793 4c848000
22794 4c850000
22795 4c858000
22796 4c860000
22797 4c868000
22798 4c870000
22799 4c878000
22800 4c880000
22801 4c888000
22802 4c890000
22803 4c898000
22804 4c8a0000
22805 4c8a8000
22806 4c8b0000
22807 4c8b8000
22808 4c8c0000
22809 4c8c8000
22810 4c8d0000
22811 4c8d8000
22812 4c8e0000
22813 4c8e8000
22814 4c8f0000
22815 4c8f8000
22816 4c900000
22817 4c908000
22818 4c910000
22819 4c918000
22820 4c920000
22821 4c928000
22822 4c930000
22823 4c938000
22824 4c940000
22825 4c948000
22826 4c950000
22827 4c958000
22828 4c960000
22829 4c968000
22830 4c970000
22831 4c978000
22832 4c980000
22833 4c988000
22834 4c990000
22835 4c998000
22836 4c9a0000
22837 4c9a8000
22838 4c9b0000
22839 4c9b8000
22840 4c9c0000
22841 4c9c8000
22842 4c9d0000
22843 4c9d8000
22844 4c9e0000
22845 4c9e8000
22846 4c9f0000
22847 4c9f8000
22848 4ca00000
22849 4ca08000
22850 4ca10000
22851 4ca18000
22852 4ca20000
22853 4ca28000
22854 4ca30000
22855 4ca38000
22856 4ca40000
22857 4ca48000
22858 4ca50000
22859 4ca58000
22860 4ca60000
22861 4ca68000
22862 4ca70000
22863 4ca78000
22864 4ca80000
22865 4ca88000
22866 4ca90000
22867 4ca98000
22868 4caa0000
22869 4caa8000
22870 4cab0000
22871 4cab8000
22872 4cac0000
22873 4cac8000
22874 4cad0000
22875 4cad8000
22876 4cae0000
22877 4cae8000
22878 4caf0000
22879 4caf8000
22880 4cb00000
22881 4cb08000
22882 4cb10000
22883 4cb18000
22884 4cb20000
22885 4cb28000
22886 4cb30000
22887 4cb38000
22888 4cb40000
22889 4cb48000
22890 4cb50000
22891 4cb58000
22892 4cb60000
22893 4cb68000
22894 4cb70000
22895 4cb78000
22896 4cb80000
22897 4cb88000
22898 4cb90000
22899 4cb98000
22900 4cba0000
22901 4cba8000
22902 4cbb0000
22903 4cbb8000
22904 4cbc0000
22905 4cbc8000
22906 4cbd0000
22907 4cbd8000
22908 4cbe0000
22909 4cbe8000
22910 4cbf0000
22911 4cbf8000
22912 4cc00000
22913 4cc08000
22914 4cc10000
22915 4cc18000
22916 4cc20000
22917 4cc28000
22918 4cc30000
22919 4cc38000
22920 4cc40000
22921 4cc48000
22922 4cc50000
22923 4cc58000
22924 4cc60000
22925 4cc68000
22926 4cc70000
22927 4cc78000
22928 4cc80000
22929 4cc88000
22930 4cc90000
22931 4cc98000
22932 4cca0000
22933 4cca8000
22934 4ccb0000
22935 4ccb8000
22936 4ccc0000
22937 4ccc8000
22938 4ccd0000
22939 4ccd8000
22940 4cce0000
22941 4cce8000
22942 4ccf0000
22943 4ccf8000
22944 4cd00000
22945 4cd08000
22946 4cd10000
22947 4cd18000
22948 4cd20000
22949 4cd28000
22950 4cd30000
22951 4cd38000
22952 4cd40000
22953 4cd48000
22954 4cd50000
22955 4cd58000
22956 4cd60000
22957 4cd68000
22958 4cd70000
22959 4cd78000
22960 4cd80000
22961 4cd88000
22962 4cd90000
22963 4cd98000
22964 4cda0000
22965 4cda8000
22966 4cdb0000
22967 4cdb8000
22968 4cdc0000
22969 4cdc8000
22970 4cdd0000
22971 4cdd8000
22972 4cde0000
22973 4cde8000
22974 4cdf0000
22975 4cdf8000
22976 4ce00000
22977 4ce08000
22978 4ce10000
22979 4ce18000
22980 4ce20000
22981 4ce28000
22982 4ce30000
22983 4ce38000
22984 4ce40000
22985 4ce48000
22986 4ce50000
22987 4ce58000
22988 4ce60000
22989 4ce68000
22990 4ce70000
22991 4ce78000
22992 4ce80000
22993 4ce88000
22994 4ce90000
22995 4ce98000
22996 4cea0000
22997 4cea8000
22998 4ceb0000
22999 4ceb8000
23000 4cec0000
23001 4cec8000
23002 4ced0000
23003 4ced8000
23004 4cee0000
23005 4cee8000
23006 4cef0000
23007 4cef8000
23008 4cf00000
23009 4cf08000
23010 4cf10000
23011 4cf18000
23012 4cf20000
23013 4cf28000
23014 4cf30000
23015 4cf38000
23016 4cf40000
23017 4cf48000
23018 4cf50000
23019 4cf58000
23020 4cf60000
23021 4cf68000
23022 4cf70000
23023 4cf78000
23024 4cf80000
23025 4cf88000
23026 4cf90000
23027 4cf98000
23028 4cfa0000
23029 4cfa8000
23030 4cfb0000
23031 4cfb8000
23032 4cfc0000
23033 4cfc8000
23034 4cfd0000
23035 4cfd8000
23036 4cfe0000
23037 4cfe8000
23038 4cff0000
23039 4cff8000
23040 4d000000
23041 4d008000
23042 4d010000
23043 4d018000
23044 4d020000
23045 4d028000
23046 4d030000
23047 4d038000
23048 4d040000
23049 4d048000
23050 4d050000
23051 4d058000
23052 4d060000
23053 4d068000
23054 4d070000
23055 4d078000
23056 4d080000
23057 4d088000
23058 4d090000
23059 4d098000
23060 4d0a0000
23061 4d0a8000
23062 4d0b0000
23063 4d0b8000
23064 4d0c0000
23065 4d0c8000
23066 4d0d0000
23067 4d0d8000
23068 4d0e0000
23069 4d0e8000
23070 4d0f0000
23071 4d0f8000
23072 4d100000
23073 4d108000
23074 4d110000
23075 4d118000
23076 4d120000
23077 4d128000
23078 4d130000
23079 4d138000
23080 4d140000
23081 4d148000
23082 4d150000
23083 4d158000
23084 4d160000
23085 4d168000
23086 4d170000
23087 4d178000
23088 4d180000
23089 4d188000
23090 4d190000
23091 4d198000
23092 4d1a0000
23093 4d1a8000
23094 4d1b0000
23095 4d1b8000
23096 4d1c0000
23097 4d1c8000
23098 4d1d0000
23099 4d1d8000
23100 4d1e0000
23101 4d1e8000
23102 4d1f0000
23103 4d1f8000
23104 4d200000
23105 4d208000
23106 4d210000
23107 4d218000
23108 4d220000
23109 4d228000
23110 4d230000
23111 4d238000
23112 4d240000
23113 4d248000
23114 4d250000
23115 4d258000
23116 4d260000
23117 4d268000
23118 4d270000
23119 4d278000
23120 4d280000
23121 4d288000
23122 4d290000
23123 4d298000
23124 4d2a0000
23125 4d2a8000
23126 4d2b0000
23127 4d2b8000
23128 4d2c0000
23129 4d2c8000
23130 4d2d0000
23131 4d2d8000
23132 4d2e0000
23133 4d2e8000
23134 4d2f0000
23135 4d2f8000
23136 4d300000
23137 4d308000
23138 4d310000
23139 4d318000
23140 4d320000
23141 4d328000
23142 4d330000
23143 4d338000
23144 4d340000
23145 4d348000
23146 4d350000
23147 4d358000
23148 4d360000
23149 4d368000
23150 4d370000
23151 4d378000
23152 4d380000
23153 4d388000
23154 4d390000
23155 4d398000
23156 4d3a0000
23157 4d3a8000
23158 4d3b0000
23159 4d3b8000
23160 4d3c0000
23161 4d3c8000
23162 4d3d0000
23163 4d3d8000
23164 4d3e0000
23165 4d3e8000
23166 4d3f0000
23167 4d3f8000
23168 4d400000
23169 4d408000
23170 4d410000
23171 4d418000
23172 4d420000
23173 4d428000
23174 4d430000
23175 4d438000
23176 4d440000
23177 4d448000
23178 4d450000
23179 4d458000
23180 4d460000
23181 4d468000
23182 4d470000
23183 4d478000
23184 4d480000
23185 4d488000
23186 4d490000
23187 4d498000
23188 4d4a0000
23189 4d4a8000
23190 4d4b0000
23191 4d4b8000
23192 4d4c0000
23193 4d4c8000
23194 4d4d0000
23195 4d4d8000
23196 4d4e0000
23197 4d4e8000
23198 4d4f0000
23199 4d4f8000
23200 4d500000
23201 4d508000
23202 4d510000
23203 4d518000
23204 4d520000
23205 4d528000
23206 4d530000
23207 4d538000
23208 4d540000
23209 4d548000
23210 4d550000
23211 4d558000
23212 4d560000
23213 4d568000
23214 4d570000
23215 4d578000
23216 4d580000
23217 4d588000
23218 4d590000
23219 4d598000
23220 4d5a0000
23221 4d5a8000
23222 4d5b0000
23223 4d5b8000
23224 4d5c0000
23225 4d5c8000
23226 4d5d0000
23227 4d5d8000
23228 4d5e0000
23229 4d5e8000
23230 4d5f0000
23231 4d5f8000
23232 4d600000
23233 4d608000
23234 4d610000
23235 4d618000
23236 4d620000
23237 4d628000
23238 4d630000
23239 4d638000
23240 4d640000
23241 4d648000
23242 4d650000
23243 4d658000
23244 4d660000
23245 4d668000
23246 4d670000
23247 4d678000
23248 4d680000
23249 4d688000
23250 4d690000
23251 4d698000
23252 4d6a0000
23253 4d6a8000
23254 4d6b0000
23255 4d6b8000
23256 4d6c0000
23257 4d6c8000
23258 4d6d0000
23259 4d6d8000
23260 4d6e0000
23261 4d6e8000
23262 4d6f0000
23263 4d6f8000
23264 4d700000
23265 4d708000
23266 4d710000
23267 4d718000
23268 4d720000
23269 4d728000
23270 4d730000
23271 4d738000
23272 4d740000
23273 4d748000
23274 4d750000
23275 4d758000
23276 4d760000
23277 4d768000
23278 4d770000
23279 4d778000
23280 4d780000
23281 4d788000
23282 4d790000
23283 4d798000
23284 4d7a0000
23285 4d7a8000
23286 4d7b0000
23287 4d7b8000
23288 4d7c0000
23289 4d7c8000
23290 4d7d0000
23291 4d7d8000
23292 4d7e0000
23293 4d7e8000
23294 4d7f0000
23295 4d7f8000
23296 4d800000
23297 4d808000
23298 4d810000
23299 4d818000
23300 4d820000
23301 4d828000
23302 4d830000
23303 4d838000
23304 4d840000
23305 4d848000
23306 4d850000
23307 4d858000
23308 4d860000
23309 4d868000
23310 4d870000
23311 4d878000
23312 4d880000
23313 4d888000
23314 4d890000
23315 4d898000
23316 4d8a0000
23317 4d8a8000
23318 4d8b0000
23319 4d8b8000
23320 4d8c0000
23321 4d8c8000
23322 4d8d0000
23323 4d8d8000
23324 4d8e0000
23325 4d8e8000
23326 4d8f0000
23327 4d8f8000
23328 4d900000
23329 4d908000
23330 4d910000
23331 4d918000
23332 4d920000
23333 4d928000
23334 4d930000
23335 4d938000
23336 4d940000
23337 4d948000
23338 4d950000
23339 4d958000
23340 4d960000
23341 4d968000
23342 4d970000
23343 4d978000
23344 4d980000
23345 4d988000
23346 4d990000
23347 4d998000
23348 4d9a0000
23349 4d9a8000
23350 4d9b0000
23351 4d9b8000
23352 4d9c0000
23353 4d9c8000
23354 4d9d0000
23355 4d9d8000
23356 4d9e0000
23357 4d9e8000
23358 4d9f0000
23359 4d9f8000
23360 4da00000
23361 4da08000
23362 4da10000
23363 4da18000
23364 4da20000
23365 4da28000
23366 4da30000
23367 4da38000
23368 4da40000
23369 4da48000
23370 4da50000
23371 4da58000
23372 4da60000
23373 4da68000
23374 4da70000
23375 4da78000
23376 4da80000
23377 4da88000
23378 4da90000
23379 4da98000
23380 4daa0000
23381 4daa8000
23382 4dab0000
23383 4dab8000
23384 4dac0000
23385 4dac8000
23386 4dad0000
23387 4dad8000
23388 4dae0000
23389 4dae8000
23390 4daf0000
23391 4daf8000
23392 4db00000
23393 4db08000
23394 4db10000
23395 4db18000
23396 4db20000
23397 4db28000
23398 4db30000
23399 4db38000
23400 4db40000
23401 4db48000
23402 4db50000
23403 4db58000
23404 4db60000
23405 4db68000
23406 4db70000
23407 4db78000
23408 4db80000
23409 4db88000
23410 4db90000
23411 4db98000
23412 4dba0000
23413 4dba8000
23414 4dbb0000
23415 4dbb8000
23416 4dbc0000
23417 4dbc8000
23418 4dbd0000
23419 4dbd8000
23420 4dbe0000
23421 4dbe8000
23422 4dbf0000
23423 4dbf8000
23424 4dc00000
23425 4dc08000
23426 4dc10000
23427 4dc18000
23428 4dc20000
23429 4dc28000
23430 4dc30000
23431 4dc38000
23432 4dc40000
23433 4dc48000
23434 4dc50000
23435 4dc58000
23436 4dc60000
23437 4dc68000
23438 4dc70000
23439 4dc78000
23440 4dc80000
23441 4dc88000
23442 4dc90000
23443 4dc98000
23444 4dca0000
23445 4dca8000
23446 4dcb0000
23447 4dcb8000
23448 4dcc0000
23449 4dcc8000
23450 4dcd0000
23451 4dcd8000
23452 4dce0000
23453 4dce8000
23454 4dcf0000
23455 4dcf8000
23456 4dd00000
23457 4dd08000
23458 4dd10000
23459 4dd18000
23460 4dd20000
23461 4dd28000
23462 4dd30000
23463 4dd38000
23464 4dd40000
23465 4dd48000
23466 4dd50000
23467 4dd58000
23468 4dd60000
23469 4dd68000
23470 4dd70000
23471 4dd78000
23472 4dd80000
23473 4dd88000
23474 4dd90000
23475 4dd98000
23476 4dda0000
23477 4dda8000
23478 4ddb0000
23479 4ddb8000
23480 4ddc0000
23481 4ddc8000
23482 4ddd0000
23483 4ddd8000
23484 4dde0000
23485 4dde8000
23486 4ddf0000
23487 4ddf8000
23488 4de00000
23489 4de08000
23490 4de10000
23491 4de18000
23492 4de20000
23493 4de28000
23494 4de30000
23495 4de38000
23496 4de40000
23497 4de48000
23498 4de50000
23499 4de58000
23500 4de60000
23501 4de68000
23502 4de70000
23503 4de78000
23504 4de80000
23505 4de88000
23506 4de90000
23507 4de98000
23508 4dea0000
23509 4dea8000
23510 4deb0000
23511 4deb8000
23512 4dec0000
23513 4dec8000
23514 4ded0000
23515 4ded8000
23516 4dee0000
23517 4dee8000
23518 4def0000
23519 4def8000
23520 4df00000
23521 4df08000
23522 4df10000
23523 4df18000
23524 4df20000
23525 4df28000
23526 4df30000
23527 4df38000
23528 4df40000
23529 4df48000
23530 4df50000
23531 4df58000
23532 4df60000
23533 4df68000
23534 4df70000
23535 4df78000
23536 4df80000
23537 4df88000
23538 4df90000
23539 4df98000
23540 4dfa0000
23541 4dfa8000
23542 4dfb0000
23543 4dfb8000
23544 4dfc0000
23545 4dfc8000
23546 4dfd0000
23547 4dfd8000
23548 4dfe0000
23549 4dfe8000
23550 4dff0000
23551 4dff8000
23552 4e000000
23553 4e008000
23554 4e010000
23555 4e018000
23556 4e020000
23557 4e028000
23558 4e030000
23559 4e038000
23560 4e040000
23561 4e048000
23562 4e050000
23563 4e058000
23564 4e060000
23565 4e068000
23566 4e070000
23567 4e078000
23568 4e080000
23569 4e088000
23570 4e090000
23571 4e098000
23572 4e0a0000
23573 4e0a8000
23574 4e0b0000
23575 4e0b8000
23576 4e0c0000
23577 4e0c8000
23578 4e0d0000
23579 4e0d8000
23580 4e0e0000
23581 4e0e8000
23582 4e0f0000
23583 4e0f8000
23584 4e100000
23585 4e108000
23586 4e110000
23587 4e118000
23588 4e120000
23589 4e128000
23590 4e130000
23591 4e138000
23592 4e140000
23593 4e148000
23594 4e150000
23595 4e158000
23596 4e160000
23597 4e168000
23598 4e170000
23599 4e178000
23600 4e180000
23601 4e188000
23602 4e190000
23603 4e198000
23604 4e1a0000
23605 4e1a8000
23606 4e1b0000
23607 4e1b8000
23608 4e1c0000
23609 4e1c8000
23610 4e1d0000
23611 4e1d8000
23612 4e1e0000
23613 4e1e8000
23614 4e1f0000
23615 4e1f8000
23616 4e200000
23617 4e208000
23618 4e210000
23619 4e218000
23620 4e220000
23621 4e228000
23622 4e230000
23623 4e238000
23624 4e240000
23625 4e248000
23626 4e250000
23627 4e258000
23628 4e260000
23629 4e268000
23630 4e270000
23631 4e278000
23632 4e280000
23633 4e288000
23634 4e290000
23635 4e298000
23636 4e2a0000
23637 4e2a8000
23638 4e2b0000
23639 4e2b8000
23640 4e2c0000
23641 4e2c8000
23642 4e2d0000
23643 4e2d8000
23644 4e2e0000
23645 4e2e8000
23646 4e2f0000
23647 4e2f8000
23648 4e300000
23649 4e308000
23650 4e310000
23651 4e318000
23652 4e320000
23653 4e328000
23654 4e330000
23655 4e338000
23656 4e340000
23657 4e348000
23658 4e350000
23659 4e358000
23660 4e360000
23661 4e368000
23662 4e370000
23663 4e378000
23664 4e380000
23665 4e388000
23666 4e390000
23667 4e398000
23668 4e3a0000
23669 4e3a8000
23670 4e3b0000
23671 4e3b8000
23672 4e3c0000
23673 4e3c8000
23674 4e3d0000
23675 4e3d8000
23676 4e3e0000
23677 4e3e8000
23678 4e3f0000
23679 4e3f8000
23680 4e400000
23681 4e408000
23682 4e410000
23683 4e418000
23684 4e420000
23685 4e428000
23686 4e430000
23687 4e438000
23688 4e440000
23689 4e448000
23690 4e450000
23691 4e458000
23692 4e460000
23693 4e468000
23694 4e470000
23695 4e478000
23696 4e480000
23697 4e488000
23698 4e490000
23699 4e498000
23700 4e4a0000
23701 4e4a8000
23702 4e4b0000
23703 4e4b8000
23704 4e4c0000
23705 4e4c8000
23706 4e4d0000
23707 4e4d8000
23708 4e4e0000
23709 4e4e8000
23710 4e4f0000
23711 4e4f8000
23712 4e500000
23713 4e508000
23714 4e510000
23715 4e518000
23716 4e520000
23717 4e528000
23718 4e530000
23719 4e538000
23720 4e540000
23721 4e548000
23722 4e550000
23723 4e558000
23724 4e560000
23725 4e568000
23726 4e570000
23727 4e578000
23728 4e580000
23729 4e588000
23730 4e590000
23731 4e598000
23732 4e5a0000
23733 4e5a8000
23734 4e5b0000
23735 4e5b8000
23736 4e5c0000
23737 4e5c8000
23738 4e5d0000
23739 4e5d8000
23740 4e5e0000
23741 4e5e8000
23742 4e5f0000
23743 4e5f8000
23744 4e600000
23745 4e608000
23746 4e610000
23747 4e618000
23748 4e620000
23749 4e628000
23750 4e630000
23751 4e638000
23752 4e640000
23753 4e648000
23754 4e650000
23755 4e658000
23756 4e660000
23757 4e668000
23758 4e670000
23759 4e678000
23760 4e680000
23761 4e688000
23762 4e690000
23763 4e698000
23764 4e6a0000
23765 4e6a8000
23766 4e6b0000
23767 4e6b8000
23768 4e6c0000
23769 4e6c8000
23770 4e6d0000
23771 4e6d8000
23772 4e6e0000
23773 4e6e8000
23774 4e6f0000
23775 4e6f8000
23776 4e700000
23777 4e708000
23778 4e710000
23779 4e718000
23780 4e720000
23781 4e728000
23782 4e730000
23783 4e738000
23784 4e740000
23785 4e748000
23786 4e750000
23787 4e758000
23788 4e760000
23789 4e768000
23790 4e770000
23791 4e778000
23792 4e780000
23793 4e788000
23794 4e790000
23795 4e798000
23796 4e7a0000
23797 4e7a8000
23798 4e7b0000
23799 4e7b8000
23800 4e7c0000
23801 4e7c8000
23802 4e7d0000
23803 4e7d8000
23804 4e7e0000
23805 4e7e8000
23806 4e7f0000
23807 4e7f8000
23808 4e800000
23809 4e808000
23810 4e810000
23811 4e818000
23812 4e820000
23813 4e828000
23814 4e830000
23815 4e838000
23816 4e840000
23817 4e848000
23818 4e850000
23819 4e858000
23820 4e860000
23821 4e868000
23822 4e870000
23823 4e878000
23824 4e880000
23825 4e888000
23826 4e890000
23827 4e898000
23828 4e8a0000
23829 4e8a8000
23830 4e8b0000
23831 4e8b8000
23832 4e8c0000
23833 4e8c8000
23834 4e8d0000
23835 4e8d8000
23836 4e8e0000
23837 4e8e8000
23838 4e8f0000
23839 4e8f8000
23840 4e900000
23841 4e908000
23842 4e910000
23843 4e918000
23844 4e920000
23845 4e928000
23846 4e930000
23847 4e938000
23848 4e940000
23849 4e948000
23850 4e950000
23851 4e958000
23852 4e960000
23853 4e968000
23854 4e970000
23855 4e978000
23856 4e980000
23857 4e988000
23858 4e990000
23859 4e998000
23860 4e9a0000
23861 4e9a8000
23862 4e9b0000
23863 4e9b8000
23864 4e9c0000
23865 4e9c8000
23866 4e9d0000
23867 4e9d8000
23868 4e9e0000
23869 4e9e8000
23870 4e9f0000
23871 4e9f8000
23872 4ea00000
23873 4ea08000
23874 4ea10000
23875 4ea18000
23876 4ea20000
23877 4ea28000
23878 4ea30000
23879 4ea38000
23880 4ea40000
23881 4ea48000
23882 4ea50000
23883 4ea58000
23884 4ea60000
23885 4ea68000
23886 4ea70000
23887 4ea78000
23888 4ea80000
23889 4ea88000
23890 4ea90000
23891 4ea98000
23892 4eaa0000
23893 4eaa8000
23894 4eab0000
23895 4eab8000
23896 4eac0000
23897 4eac8000
23898 4ead0000
23899 4ead8000
23900 4eae0000
23901 4eae8000
23902 4eaf0000
23903 4eaf8000
23904 4eb00000
23905 4eb08000
23906 4eb10000
23907 4eb18000
23908 4eb20000
23909 4eb28000
23910 4eb30000
23911 4eb38000
23912 4eb40000
23913 4eb48000
23914 4eb50000
23915 4eb58000
23916 4eb60000
23917 4eb68000
23918 4eb70000
23919 4eb78000
23920 4eb80000
23921 4eb88000
23922 4eb90000
23923 4eb98000
23924 4eba0000
23925 4eba8000
23926 4ebb0000
23927 4ebb8000
23928 4ebc0000
23929 4ebc8000
23930 4ebd0000
23931 4ebd8000
23932 4ebe0000
23933 4ebe8000
23934 4ebf0000
23935 4ebf8000
23936 4ec00000
23937 4ec08000
23938 4ec10000
23939 4ec18000
23940 4ec20000
23941 4ec28000
23942 4ec30000
23943 4ec38000
23944 4ec40000
23945 4ec48000
23946 4ec50000
23947 4ec58000
23948 4ec60000
23949 4ec68000
23950 4ec70000
23951 4ec78000
23952 4ec80000
23953 4ec88000
23954 4ec90000
23955 4ec98000
23956 4eca0000
23957 4eca8000
23958 4ecb0000
23959 4ecb8000
23960 4ecc0000
23961 4ecc8000
23962 4ecd0000
23963 4ecd8000
23964 4ece0000
23965 4ece8000
23966 4ecf0000
23967 4ecf8000
23968 4ed00000
23969 4ed08000
23970 4ed10000
23971 4ed18000
23972 4ed20000
23973 4ed28000
23974 4ed30000
23975 4ed38000
23976 4ed40000
23977 4ed48000
23978 4ed50000
23979 4ed58000
23980 4ed60000
23981 4ed68000
23982 4ed70000
23983 4ed78000
23984 4ed80000
23985 4ed88000
23986 4ed90000
23987 4ed98000
23988 4eda0000
23989 4eda8000
23990 4edb0000
23991 4edb8000
23992 4edc0000
23993 4edc8000
23994 4edd0000
23995 4edd8000
23996 4ede0000
23997 4ede8000
23998 4edf0000
23999 4edf8000
24000 4ee00000
24001 4ee08000
24002 4ee10000
24003 4ee18000
24004 4ee20000
24005 4ee28000
24006 4ee30000
24007 4ee38000
24008 4ee40000
24009 4ee48000
24010 4ee50000
24011 4ee58000
24012 4ee60000
24013 4ee68000
24014 4ee70000
24015 4ee78000
24016 4ee80000
24017 4ee88000
24018 4ee90000
24019 4ee98000
24020 4eea0000
24021 4eea8000
24022 4eeb0000
24023 4eeb8000
24024 4eec0000
24025 4eec8000
24026 4eed0000
24027 4eed8000
24028 4eee0000
24029 4eee8000
24030 4eef0000
24031 4eef8000
24032 4ef00000
24033 4ef08000
24034 4ef10000
24035 4ef18000
24036 4ef20000
24037 4ef28000
24038 4ef30000
24039 4ef38000
24040 4ef40000
24041 4ef48000
24042 4ef50000
24043 4ef58000
24044 4ef60000
24045 4ef68000
24046 4ef70000
24047 4ef78000
24048 4ef80000
24049 4ef88000
24050 4ef90000
24051 4ef98000
24052 4efa0000
24053 4efa8000
24054 4efb0000
24055 4efb8000
24056 4efc0000
24057 4efc8000
24058 4efd0000
24059 4efd8000
24060 4efe0000
24061 4efe8000
24062 4eff0000
24063 4eff8000
24064 4f000000
24065 4f008000
24066 4f010000
24067 4f018000
24068 4f020000
24069 4f028000
24070 4f030000
24071 4f038000
24072 4f040000
24073 4f048000
24074 4f050000
24075 4f058000
24076 4f060000
24077 4f068000
24078 4f070000
24079 4f078000
24080 4f080000
24081 4f088000
24082 4f090000
24083 4f098000
24084 4f0a0000
24085 4f0a8000
24086 4f0b0000
24087 4f0b8000
24088 4f0c0000
24089 4f0c8000
24090 4f0d0000
24091 4f0d8000
24092 4f0e0000
24093 4f0e8000
24094 4f0f0000
24095 4f0f8000
24096 4f100000
24097 4f108000
24098 4f110000
24099 4f118000
24100 4f120000
24101 4f128000
24102 4f130000
24103 4f138000
24104 4f140000
24105 4f148000
24106 4f150000
24107 4f158000
24108 4f160000
24109 4f168000
24110 4f170000
24111 4f178000
24112 4f180000
24113 4f188000
24114 4f190000
24115 4f198000
24116 4f1a0000
24117 4f1a8000
24118 4f1b0000
24119 4f1b8000
24120 4f1c0000
24121 4f1c8000
24122 4f1d0000
24123 4f1d8000
24124 4f1e0000
24125 4f1e8000
24126 4f1f0000
24127 4f1f8000
24128 4f200000
24129 4f208000
24130 4f210000
24131 4f218000
24132 4f220000
24133 4f228000
24134 4f230000
24135 4f238000
24136 4f240000
24137 4f248000
24138 4f250000
24139 4f258000
24140 4f260000
24141 4f268000
24142 4f270000
24143 4f278000
24144 4f280000
24145 4f288000
24146 4f290000
24147 4f298000
24148 4f2a0000
24149 4f2a8000
24150 4f2b0000
24151 4f2b8000
24152 4f2c0000
24153 4f2c8000
24154 4f2d0000
24155 4f2d8000
24156 4f2e0000
24157 4f2e8000
24158 4f2f0000
24159 4f2f8000
24160 4f300000
24161 4f308000
24162 4f310000
24163 4f318000
24164 4f320000
24165 4f328000
24166 4f330000
24167 4f338000
24168 4f340000
24169 4f348000
24170 4f350000
24171 4f358000
24172 4f360000
24173 4f368000
24174 4f370000
24175 4f378000
24176 4f380000
24177 4f388000
24178 4f390000
24179 4f398000
24180 4f3a0000
24181 4f3a8000
24182 4f3b0000
24183 4f3b8000
24184 4f3c0000
24185 4f3c8000
24186 4f3d0000
24187 4f3d8000
24188 4f3e0000
24189 4f3e8000
24190 4f3f0000
24191 4f3f8000
24192 4f400000
24193 4f408000
24194 4f410000
24195 4f418000
24196 4f420000
24197 4f428000
24198 4f430000
24199 4f438000
24200 4f440000
24201 4f448000
24202 4f450000
24203 4f458000
24204 4f460000
24205 4f468000
24206 4f470000
24207 4f478000
24208 4f480000
24209 4f488000
24210 4f490000
24211 4f498000
24212 4f4a0000
24213 4f4a8000
24214 4f4b0000
24215 4f4b8000
24216 4f4c0000
24217 4f4c8000
24218 4f4d0000
24219 4f4d8000
24220 4f4e0000
24221 4f4e8000
24222 4f4f0000
24223 4f4f8000
24224 4f500000
24225 4f508000
24226 4f510000
24227 4f518000
24228 4f520000
24229 4f528000
24230 4f530000
24231 4f538000
24232 4f540000
24233 4f548000
24234 4f550000
24235 4f558000
24236 4f560000
24237 4f568000
24238 4f570000
24239 4f578000
24240 4f580000
24241 4f588000
24242 4f590000
24243 4f598000
24244 4f5a0000
24245 4f5a8000
24246 4f5b0000
24247 4f5b8000
24248 4f5c0000
24249 4f5c8000
24250 4f5d0000
24251 4f5d8000
24252 4f5e0000
24253 4f5e8000
24254 4f5f0000
24255 4f5f8000
24256 4f600000
24257 4f608000
24258 4f610000
24259 4f618000
24260 4f620000
24261 4f628000
24262 4f630000
24263 4f638000
24264 4f640000
24265 4f648000
24266 4f650000
24267 4f658000
24268 4f660000
24269 4f668000
24270 4f670000
24271 4f678000
24272 4f680000
24273 4f688000
24274 4f690000
24275 4f698000
24276 4f6a0000
24277 4f6a8000
24278 4f6b0000
24279 4f6b8000
24280 4f6c0000
24281 4f6c8000
24282 4f6d0000
24283 4f6d8000
24284 4f6e0000
24285 4f6e8000
24286 4f6f0000
24287 4f6f8000
24288 4f700000
24289 4f708000
24290 4f710000
24291 4f718000
24292 4f720000
24293 4f728000
24294 4f730000
24295 4f738000
24296 4f740000
24297 4f748000
24298 4f750000
24299 4f758000
24300 4f760000
24301 4f768000
24302 4f770000
24303 4f778000
24304 4f780000
24305 4f788000
24306 4f790000
24307 4f798000
24308 4f7a0000
24309 4f7a8000
24310 4f7b0000
24311 4f7b8000
24312 4f7c0000
24313 4f7c8000
24314 4f7d0000
24315 4f7d8000
24316 4f7e0000
24317 4f7e8000
24318 4f7f0000
24319 4f7f8000
24320 4f800000
24321 4f808000
24322 4f810000
24323 4f818000
24324 4f820000
24325 4f828000
24326 4f830000
24327 4f838000
24328 4f840000
24329 4f848000
24330 4f850000
24331 4f858000
24332 4f860000
24333 4f868000
24334 4f870000
24335 4f878000
24336 4f880000
24337 4f888000
24338 4f890000
24339 4f898000
24340 4f8a0000
24341 4f8a8000
24342 4f8b0000
24343 4f8b8000
24344 4f8c0000
24345 4f8c8000
24346 4f8d0000
24347 4f8d8000
24348 4f8e0000
24349 4f8e8000
24350 4f8f0000
24351 4f8f8000
24352 4f900000
24353 4f908000
24354 4f910000
24355 4f918000
24356 4f920000
24357 4f928000
24358 4f930000
24359 4f938000
24360 4f940000
24361 4f948000
24362 4f950000
24363 4f958000
24364 4f960000
24365 4f968000
24366 4f970000
24367 4f978000
24368 4f980000
24369 4f988000
24370 4f990000
24371 4f998000
24372 4f9a0000
24373 4f9a8000
24374 4f9b0000
24375 4f9b8000
24376 4f9c0000
24377 4f9c8000
24378 4f9d0000
24379 4f9d8000
24380 4f9e0000
24381 4f9e8000
24382 4f9f0000
24383 4f9f8000
24384 4fa00000
24385 4fa08000
24386 4fa10000
24387 4fa18000
24388 4fa20000
24389 4fa28000
24390 4fa30000
24391 4fa38000
24392 4fa40000
24393 4fa48000
24394 4fa50000
24395 4fa58000
24396 4fa60000
24397 4fa68000
24398 4fa70000
24399 4fa78000
24400 4fa80000
24401 4fa88000
24402 4fa90000
24403 4fa98000
24404 4faa0000
24405 4faa8000
24406 4fab0000
24407 4fab8000
24408 4fac0000
24409 4fac8000
24410 4fad0000
24411 4fad8000
24412 4fae0000
24413 4fae8000
24414 4faf0000
24415 4faf8000
24416 4fb00000
24417 4fb08000
24418 4fb10000
24419 4fb18000
24420 4fb20000
24421 4fb28000
24422 4fb30000
24423 4fb38000
24424 4fb40000
24425 4fb48000
24426 4fb50000
24427 4fb58000
24428 4fb60000
24429 4fb68000
24430 4fb70000
24431 4fb78000
24432 4fb80000
24433 4fb88000
24434 4fb90000
24435 4fb98000
24436 4fba0000
24437 4fba8000
24438 4fbb0000
24439 4fbb8000
24440 4fbc0000
24441 4fbc8000
24442 4fbd0000
24443 4fbd8000
24444 4fbe0000
24445 4fbe8000
24446 4fbf0000
24447 4fbf8000
24448 4fc00000
24449 4fc08000
24450 4fc10000
24451 4fc18000
24452 4fc20000
24453 4fc28000
24454 4fc30000
24455 4fc38000
24456 4fc40000
24457 4fc48000
24458 4fc50000
24459 4fc58000
24460 4fc60000
24461 4fc68000
24462 4fc70000
24463 4fc78000
24464 4fc80000
24465 4fc88000
24466 4fc90000
24467 4fc98000
24468 4fca0000
24469 4fca8000
24470 4fcb0000
24471 4fcb8000
24472 4fcc0000
24473 4fcc8000
24474 4fcd0000
24475 4fcd8000
24476 4fce0000
24477 4fce8000
24478 4fcf0000
24479 4fcf8000
24480 4fd00000
24481 4fd08000
24482 4fd10000
24483 4fd18000
24484 4fd20000
24485 4fd28000
24486 4fd30000
24487 4fd38000
24488 4fd40000
24489 4fd48000
24490 4fd50000
24491 4fd58000
24492 4fd60000
24493 4fd68000
24494 4fd70000
24495 4fd78000
24496 4fd80000
24497 4fd88000
24498 4fd90000
24499 4fd98000
24500 4fda0000
24501 4fda8000
24502 4fdb0000
24503 4fdb8000
24504 4fdc0000
24505 4fdc8000
24506 4fdd0000
24507 4fdd8000
24508 4fde0000
24509 4fde8000
24510 4fdf0000
24511 4fdf8000
24512 4fe00000
24513 4fe08000
24514 4fe10000
24515 4fe18000
24516 4fe20000
24517 4fe28000
24518 4fe30000
24519 4fe38000
24520 4fe40000
24521 4fe48000
24522 4fe50000
24523 4fe58000
24524 4fe60000
24525 4fe68000
24526 4fe70000
24527 4fe78000
24528 4fe80000
24529 4fe88000
24530 4fe90000
24531 4fe98000
24532 4fea0000
24533 4fea8000
24534 4feb0000
24535 4feb8000
24536 4fec0000
24537 4fec8000
24538 4fed0000
24539 4fed8000
24540 4fee0000
24541 4fee8000
24542 4fef0000
24543 4fef8000
24544 4ff00000
24545 4ff08000
24546 4ff10000
24547 4ff18000
24548 4ff20000
24549 4ff28000
24550 4ff30000
24551 4ff38000
24552 4ff40000
24553 4ff48000
24554 4ff50000
24555 4ff58000
24556 4ff60000
24557 4ff68000
24558 4ff70000
24559 4ff78000
24560 4ff80000
24561 4ff88000
24562 4ff90000
24563 4ff98000
24564 4ffa0000
24565 4ffa8000
24566 4ffb0000
24567 4ffb8000
24568 4ffc0000
24569 4ffc8000
24570 4ffd0000
24571 4ffd8000
24572 4ffe0000
24573 4ffe8000
24574 4fff0000
24575 4fff8000
24576 50000000
24577 50008000
24578 50010000
24579 50018000
24580 50020000
24581 50028000
24582 50030000
24583 50038000
24584 50040000
24585 50048000
24586 50050000
24587 50058000
24588 50060000
24589 50068000
24590 50070000
24591 50078000
24592 50080000
24593 50088000
24594 50090000
24595 50098000
24596 500a0000
24597 500a8000
24598 500b0000
24599 500b8000
24600 500c0000
24601 500c8000
24602 500d0000
24603 500d8000
24604 500e0000
24605 500e8000
24606 500f0000
24607 500f8000
24608 50100000
24609 50108000
24610 50110000
24611 50118000
24612 50120000
24613 50128000
24614 50130000
24615 50138000
24616 50140000
24617 50148000
24618 50150000
24619 50158000
24620 50160000
24621 50168000
24622 50170000
24623 50178000
24624 50180000
24625 50188000
24626 50190000
24627 50198000
24628 501a0000
24629 501a8000
24630 501b0000
24631 501b8000
24632 501c0000
24633 501c8000
24634 501d0000
24635 501d8000
24636 501e0000
24637 501e8000
24638 501f0000
24639 501f8000
24640 50200000
24641 50208000
24642 50210000
24643 50218000
24644 50220000
24645 50228000
24646 50230000
24647 50238000
24648 50240000
24649 50248000
24650 50250000
24651 50258000
24652 50260000
24653 50268000
24654 50270000
24655 50278000
24656 50280000
24657 50288000
24658 50290000
24659 50298000
24660 502a0000
24661 502a8000
24662 502b0000
24663 502b8000
24664 502c0000
24665 502c8000
24666 502d0000
24667 502d8000
24668 502e0000
24669 502e8000
24670 502f0000
24671 502f8000
24672 50300000
24673 50308000
24674 50310000
24675 50318000
24676 50320000
24677 50328000
24678 50330000
24679 50338000
24680 50340000
24681 50348000
24682 50350000
24683 50358000
24684 50360000
24685 50368000
24686 50370000
24687 50378000
24688 50380000
24689 50388000
24690 50390000
24691 50398000
24692 503a0000
24693 503a8000
24694 503b0000
24695 503b8000
24696 503c0000
24697 503c8000
24698 503d0000
24699 503d8000
24700 503e0000
24701 503e8000
24702 503f0000
24703 503f8000
24704 50400000
24705 50408000
24706 50410000
24707 50418000
24708 50420000
24709 50428000
24710 50430000
24711 50438000
24712 50440000
24713 50448000
24714 50450000
24715 50458000
24716 50460000
24717 50468000
24718 50470000
24719 50478000
24720 50480000
24721 50488000
24722 50490000
24723 50498000
24724 504a0000
24725 504a8000
24726 504b0000
24727 504b8000
24728 504c0000
24729 504c8000
24730 504d0000
24731 504d8000
24732 504e0000
24733 504e8000
24734 504f0000
24735 504f8000
24736 50500000
24737 50508000
24738 50510000
24739 50518000
24740 50520000
24741 50528000
24742 50530000
24743 50538000
24744 50540000
24745 50548000
24746 50550000
24747 50558000
24748 50560000
24749 50568000
24750 50570000
24751 50578000
24752 50580000
24753 50588000
24754 50590000
24755 50598000
24756 505a0000
24757 505a8000
24758 505b0000
24759 505b8000
24760 505c0000
24761 505c8000
24762 505d0000
24763 505d8000
24764 505e0000
24765 505e8000
24766 505f0000
24767 505f8000
24768 50600000
24769 50608000
24770 50610000
24771 50618000
24772 50620000
24773 50628000
24774 50630000
24775 50638000
24776 50640000
24777 50648000
24778 50650000
24779 50658000
24780 50660000
24781 50668000
24782 50670000
24783 50678000
24784 50680000
24785 50688000
24786 50690000
24787 50698000
24788 506a0000
24789 506a8000
24790 506b0000
24791 506b8000
24792 506c0000
24793 506c8000
24794 506d0000
24795 506d8000
24796 506e0000
24797 506e8000
24798 506f0000
24799 506f8000
24800 50700000
24801 50708000
24802 50710000
24803 50718000
24804 50720000
24805 50728000
24806 50730000
24807 50738000
24808 50740000
24809 50748000
24810 50750000
24811 50758000
24812 50760000
24813 50768000
24814 50770000
24815 50778000
24816 50780000
24817 50788000
24818 50790000
24819 50798000
24820 507a0000
24821 507a8000
24822 507b0000
24823 507b8000
24824 507c0000
24825 507c8000
24826 507d0000
24827 507d8000
24828 507e0000
24829 507e8000
24830 507f0000
24831 507f8000
24832 50800000
24833 50808000
24834 50810000
24835 50818000
24836 50820000
24837 50828000
24838 50830000
24839 50838000
24840 50840000
24841 50848000
24842 50850000
24843 50858000
24844 50860000
24845 50868000
24846 50870000
24847 50878000
24848 50880000
24849 50888000
24850 50890000
24851 50898000
24852 508a0000
24853 508a8000
24854 508b0000
24855 508b8000
24856 508c0000
24857 508c8000
24858 508d0000
24859 508d8000
24860 508e0000
24861 508e8000
24862 508f0000
24863 508f8000
24864 50900000
24865 50908000
24866 50910000
24867 50918000
24868 50920000
24869 50928000
24870 50930000
24871 50938000
24872 50940000
24873 50948000
24874 50950000
24875 50958000
24876 50960000
24877 50968000
24878 50970000
24879 50978000
24880 50980000
24881 50988000
24882 50990000
24883 50998000
24884 509a0000
24885 509a8000
24886 509b0000
24887 509b8000
24888 509c0000
24889 509c8000
24890 509d0000
24891 509d8000
24892 509e0000
24893 509e8000
24894 509f0000
24895 509f8000
24896 50a00000
24897 50a08000
24898 50a10000
24899 50a18000
24900 50a20000
24901 50a28000
24902 50a30000
24903 50a38000
24904 50a40000
24905 50a48000
24906 50a50000
24907 50a58000
24908 50a60000
24909 50a68000
24910 50a70000
24911 50a78000
24912 50a80000
24913 50a88000
24914 50a90000
24915 50a98000
24916 50aa0000
24917 50aa8000
24918 50ab0000
24919 50ab8000
24920 50ac0000
24921 50ac8000
24922 50ad0000
24923 50ad8000
24924 50ae0000
24925 50ae8000
24926 50af0000
24927 50af8000
24928 50b00000
24929 50b08000
24930 50b10000
24931 50b18000
24932 50b20000
24933 50b28000
24934 50b30000
24935 50b38000
24936 50b40000
24937 50b48000
24938 50b50000
24939 50b58000
24940 50b60000
24941 50b68000
24942 50b70000
24943 50b78000
24944 50b80000
24945 50b88000
24946 50b90000
24947 50b98000
24948 50ba0000
24949 50ba8000
24950 50bb0000
24951 50bb8000
24952 50bc0000
24953 50bc8000
24954 50bd0000
24955 50bd8000
24956 50be0000
24957 50be8000
24958 50bf0000
24959 50bf8000
24960 50c00000
24961 50c08000
24962 50c10000
24963 50c18000
24964 50c20000
24965 50c28000
24966 50c30000
24967 50c38000
24968 50c40000
24969 50c48000
24970 50c50000
24971 50c58000
24972 50c60000
24973 50c68000
24974 50c70000
24975 50c78000
24976 50c80000
24977 50c88000
24978 50c90000
24979 50c98000
24980 50ca0000
24981 50ca8000
24982 50cb0000
24983 50cb8000
24984 50cc0000
24985 50cc8000
24986 50cd0000
24987 50cd8000
24988 50ce0000
24989 50ce8000
24990 50cf0000
24991 50cf8000
24992 50d00000
24993 50d08000
24994 50d10000
24995 50d18000
24996 50d20000
24997 50d28000
24998 50d30000
24999 50d38000
25000 50d40000
25001 50d48000
25002 50d50000
25003 50d58000
25004 50d60000
25005 50d68000
25006 50d70000
25007 50d78000
25008 50d80000
25009 50d88000
25010 50d90000
25011 50d98000
25012 50da0000
25013 50da8000
25014 50db0000
25015 50db8000
25016 50dc0000
25017 50dc8000
25018 50dd0000
25019 50dd8000
25020 50de0000
25021 50de8000
25022 50df0000
25023 50df8000
25024 50e00000
25025 50e08000
25026 50e10000
25027 50e18000
25028 50e20000
25029 50e28000
25030 50e30000
25031 50e38000
25032 50e40000
25033 50e48000
25034 50e50000
25035 50e58000
25036 50e60000
25037 50e68000
25038 50e70000
25039 50e78000
25040 50e80000
25041 50e88000
25042 50e90000
25043 50e98000
25044 50ea0000
25045 50ea8000
25046 50eb0000
25047 50eb8000
25048 50ec0000
25049 50ec8000
25050 50ed0000
25051 50ed8000
25052 50ee0000
25053 50ee8000
25054 50ef0000
25055 50ef8000
25056 50f00000
25057 50f08000
25058 50f10000
25059 50f18000
25060 50f20000
25061 50f28000
25062 50f30000
25063 50f38000
25064 50f40000
25065 50f48000
25066 50f50000
25067 50f58000
25068 50f60000
25069 50f68000
25070 50f70000
25071 50f78000
25072 50f80000
25073 50f88000
25074 50f90000
25075 50f98000
25076 50fa0000
25077 50fa8000
25078 50fb0000
25079 50fb8000
25080 50fc0000
25081 50fc8000
25082 50fd0000
25083 50fd8000
25084 50fe0000
25085 50fe8000
25086 50ff0000
25087 50ff8000
25088 51000000
25089 51008000
25090 51010000
25091 51018000
25092 51020000
25093 51028000
25094 51030000
25095 51038000
25096 51040000
25097 51048000
25098 51050000
25099 51058000
25100 51060000
25101 51068000
25102 51070000
25103 51078000
25104 51080000
25105 51088000
25106 51090000
25107 51098000
25108 510a0000
25109 510a8000
25110 510b0000
25111 510b8000
25112 510c0000
25113 510c8000
25114 510d0000
25115 510d8000
25116 510e0000
25117 510e8000
25118 510f0000
25119 510f8000
25120 51100000
25121 51108000
25122 51110000
25123 51118000
25124 51120000
25125 51128000
25126 51130000
25127 51138000
25128 51140000
25129 51148000
25130 51150000
25131 51158000
25132 51160000
25133 51168000
25134 51170000
25135 51178000
25136 51180000
25137 51188000
25138 51190000
25139 51198000
25140 511a0000
25141 511a8000
25142 511b0000
25143 511b8000
25144 511c0000
25145 511c8000
25146 511d0000
25147 511d8000
25148 511e0000
25149 511e8000
25150 511f0000
25151 511f8000
25152 51200000
25153 51208000
25154 51210000
25155 51218000
25156 51220000
25157 51228000
25158 51230000
25159 51238000
25160 51240000
25161 51248000
25162 51250000
25163 51258000
25164 51260000
25165 51268000
25166 51270000
25167 51278000
25168 51280000
25169 51288000
25170 51290000
25171 51298000
25172 512a0000
25173 512a8000
25174 512b0000
25175 512b8000
25176 512c0000
25177 512c8000
25178 512d0000
25179 512d8000
25180 512e0000
25181 512e8000
25182 512f0000
25183 512f8000
25184 51300000
25185 51308000
25186 51310000
25187 51318000
25188 51320000
25189 51328000
25190 51330000
25191 51338000
25192 51340000
25193 51348000
25194 51350000
25195 51358000
25196 51360000
25197 51368000
25198 51370000
25199 51378000
25200 51380000
25201 51388000
25202 51390000
25203 51398000
25204 513a0000
25205 513a8000
25206 513b0000
25207 513b8000
25208 513c0000
25209 513c8000
25210 513d0000
25211 513d8000
25212 513e0000
25213 513e8000
25214 513f0000
25215 513f8000
25216 51400000
25217 51408000
25218 51410000
25219 51418000
25220 51420000
25221 51428000
25222 51430000
25223 51438000
25224 51440000
25225 51448000
25226 51450000
25227 51458000
25228 51460000
25229 51468000
25230 51470000
25231 51478000
25232 51480000
25233 51488000
25234 51490000
25235 51498000
25236 514a0000
25237 514a8000
25238 514b0000
25239 514b8000
25240 514c0000
25241 514c8000
25242 514d0000
25243 514d8000
25244 514e0000
25245 514e8000
25246 514f0000
25247 514f8000
25248 51500000
25249 51508000
25250 51510000
25251 51518000
25252 51520000
25253 51528000
25254 51530000
25255 51538000
25256 51540000
25257 51548000
25258 51550000
25259 51558000
25260 51560000
25261 51568000
25262 51570000
25263 51578000
25264 51580000
25265 51588000
25266 51590000
25267 51598000
25268 515a0000
25269 515a8000
25270 515b0000
25271 515b8000
25272 515c0000
25273 515c8000
25274 515d0000
25275 515d8000
25276 515e0000
25277 515e8000
25278 515f0000
25279 515f8000
25280 51600000
25281 51608000
25282 51610000
25283 51618000
25284 51620000
25285 51628000
25286 51630000
25287 51638000
25288 51640000
25289 51648000
25290 51650000
25291 51658000
25292 51660000
25293 51668000
25294 51670000
25295 51678000
25296 51680000
25297 51688000
25298 51690000
25299 51698000
25300 516a0000
25301 516a8000
25302 516b0000
25303 516b8000
25304 516c0000
25305 516c8000
25306 516d0000
25307 516d8000
25308 516e0000
25309 516e8000
25310 516f0000
25311 516f8000
25312 51700000
25313 51708000
25314 51710000
25315 51718000
25316 51720000
25317 51728000
25318 51730000
25319 51738000
25320 51740000
25321 51748000
25322 51750000
25323 51758000
25324 51760000
25325 51768000
25326 51770000
25327 51778000
25328 51780000
25329 51788000
25330 51790000
25331 51798000
25332 517a0000
25333 517a8000
25334 517b0000
25335 517b8000
25336 517c0000
25337 517c8000
25338 517d0000
25339 517d8000
25340 517e0000
25341 517e8000
25342 517f0000
25343 517f8000
25344 51800000
25345 51808000
25346 51810000
25347 51818000
25348 51820000
25349 51828000
25350 51830000
25351 51838000
25352 51840000
25353 51848000
25354 51850000
25355 51858000
25356 51860000
25357 51868000
25358 51870000
25359 51878000
25360 51880000
25361 51888000
25362 51890000
25363 51898000
25364 518a0000
25365 518a8000
25366 518b0000
25367 518b8000
25368 518c0000
25369 518c8000
25370 518d0000
25371 518d8000
25372 518e0000
25373 518e8000
25374 518f0000
25375 518f8000
25376 51900000
25377 51908000
25378 51910000
25379 51918000
25380 51920000
25381 51928000
25382 51930000
25383 51938000
25384 51940000
25385 51948000
25386 51950000
25387 51958000
25388 51960000
25389 51968000
25390 51970000
25391 51978000
25392 51980000
25393 51988000
25394 51990000
25395 51998000
25396 519a0000
25397 519a8000
25398 519b0000
25399 519b8000
25400 519c0000
25401 519c8000
25402 519d0000
25403 519d8000
25404 519e0000
25405 519e8000
25406 519f0000
25407 519f8000
25408 51a00000
25409 51a08000
25410 51a10000
25411 51a18000
25412 51a20000
25413 51a28000
25414 51a30000
25415 51a38000
25416 51a40000
25417 51a48000
25418 51a50000
25419 51a58000
25420 51a60000
25421 51a68000
25422 51a70000
25423 51a78000
25424 51a80000
25425 51a88000
25426 51a90000
25427 51a98000
25428 51aa0000
25429 51aa8000
25430 51ab0000
25431 51ab8000
25432 51ac0000
25433 51ac8000
25434 51ad0000
25435 51ad8000
25436 51ae0000
25437 51ae8000
25438 51af0000
25439 51af8000
25440 51b00000
25441 51b08000
25442 51b10000
25443 51b18000
25444 51b20000
25445 51b28000
25446 51b30000
25447 51b38000
25448 51b40000
25449 51b48000
25450 51b50000
25451 51b58000
25452 51b60000
25453 51b68000
25454 51b70000
25455 51b78000
25456 51b80000
25457 51b88000
25458 51b90000
25459 51b98000
25460 51ba0000
25461 51ba8000
25462 51bb0000
25463 51bb8000
25464 51bc0000
25465 51bc8000
25466 51bd0000
25467 51bd8000
25468 51be0000
25469 51be8000
25470 51bf0000
25471 51bf8000
25472 51c00000
25473 51c08000
25474 51c10000
25475 51c18000
25476 51c20000
25477 51c28000
25478 51c30000
25479 51c38000
25480 51c40000
25481 51c48000
25482 51c50000
25483 51c58000
25484 51c60000
25485 51c68000
25486 51c70000
25487 51c78000
25488 51c80000
25489 51c88000
25490 51c90000
25491 51c98000
25492 51ca0000
25493 51ca8000
25494 51cb0000
25495 51cb8000
25496 51cc0000
25497 51cc8000
25498 51cd0000
25499 51cd8000
25500 51ce0000
25501 51ce8000
25502 51cf0000
25503 51cf8000
25504 51d00000
25505 51d08000
25506 51d10000
25507 51d18000
25508 51d20000
25509 51d28000
25510 51d30000
25511 51d38000
25512 51d40000
25513 51d48000
25514 51d50000
25515 51d58000
25516 51d60000
25517 51d68000
25518 51d70000
25519 51d78000
25520 51d80000
25521 51d88000
25522 51d90000
25523 51d98000
25524 51da0000
25525 51da8000
25526 51db0000
25527 51db8000
25528 51dc0000
25529 51dc8000
25530 51dd0000
25531 51dd8000
25532 51de0000
25533 51de8000
25534 51df0000
25535 51df8000
25536 51e00000
25537 51e08000
25538 51e10000
25539 51e18000
25540 51e20000
25541 51e28000
25542 51e30000
25543 51e38000
25544 51e40000
25545 51e48000
25546 51e50000
25547 51e58000
25548 51e60000
25549 51e68000
25550 51e70000
25551 51e78000
25552 51e80000
25553 51e88000
25554 51e90000
25555 51e98000
25556 51ea0000
25557 51ea8000
25558 51eb0000
25559 51eb8000
25560 51ec0000
25561 51ec8000
25562 51ed0000
25563 51ed8000
25564 51ee0000
25565 51ee8000
25566 51ef0000
25567 51ef8000
25568 51f00000
25569 51f08000
25570 51f10000
25571 51f18000
25572 51f20000
25573 51f28000
25574 51f30000
25575 51f38000
25576 51f40000
25577 51f48000
25578 51f50000
25579 51f58000
25580 51f60000
25581 51f68000
25582 51f70000
25583 51f78000
25584 51f80000
25585 51f88000
25586 51f90000
25587 51f98000
25588 51fa0000
25589 51fa8000
25590 51fb0000
25591 51fb8000
25592 51fc0000
25593 51fc8000
25594 51fd0000
25595 51fd8000
25596 51fe0000
25597 51fe8000
25598 51ff0000
25599 51ff8000
25600 52000000
25601 52008000
25602 52010000
25603 52018000
25604 52020000
25605 52028000
25606 52030000
25607 52038000
25608 52040000
25609 52048000
25610 52050000
25611 52058000
25612 52060000
25613 52068000
25614 52070000
25615 52078000
25616 52080000
25617 52088000
25618 52090000
25619 52098000
25620 520a0000
25621 520a8000
25622 520b0000
25623 520b8000
25624 520c0000
25625 520c8000
25626 520d0000
25627 520d8000
25628 520e0000
25629 520e8000
25630 520f0000
25631 520f8000
25632 52100000
25633 52108000
25634 52110000
25635 52118000
25636 52120000
25637 52128000
25638 52130000
25639 52138000
25640 52140000
25641 52148000
25642 52150000
25643 52158000
25644 52160000
25645 52168000
25646 52170000
25647 52178000
25648 52180000
25649 52188000
25650 52190000
25651 52198000
25652 521a0000
25653 521a8000
25654 521b0000
25655 521b8000
25656 521c0000
25657 521c8000
25658 521d0000
25659 521d8000
25660 521e0000
25661 521e8000
25662 521f0000
25663 521f8000
25664 52200000
25665 52208000
25666 52210000
25667 52218000
25668 52220000
25669 52228000
25670 52230000
25671 52238000
25672 52240000
25673 52248000
25674 52250000
25675 52258000
25676 52260000
25677 52268000
25678 52270000
25679 52278000
25680 52280000
25681 52288000
25682 52290000
25683 52298000
25684 522a0000
25685 522a8000
25686 522b0000
25687 522b8000
25688 522c0000
25689 522c8000
25690 522d0000
25691 522d8000
25692 522e0000
25693 522e8000
25694 522f0000
25695 522f8000
25696 52300000
25697 52308000
25698 52310000
25699 52318000
25700 52320000
25701 52328000
25702 52330000
25703 52338000
25704 52340000
25705 52348000
25706 52350000
25707 52358000
25708 52360000
25709 52368000
25710 52370000
25711 52378000
25712 52380000
25713 52388000
25714 52390000
25715 52398000
25716 523a0000
25717 523a8000
25718 523b0000
25719 523b8000
25720 523c0000
25721 523c8000
25722 523d0000
25723 523d8000
25724 523e0000
25725 523e8000
25726 523f0000
25727 523f8000
25728 52400000
25729 52408000
25730 52410000
25731 52418000
25732 52420000
25733 52428000
25734 52430000
25735 52438000
25736 52440000
25737 52448000
25738 52450000
25739 52458000
25740 52460000
25741 52468000
25742 52470000
25743 52478000
25744 52480000
25745 52488000
25746 52490000
25747 52498000
25748 524a0000
25749 524a8000
25750 524b0000
25751 524b8000
25752 524c0000
25753 524c8000
25754 524d0000
25755 524d8000
25756 524e0000
25757 524e8000
25758 524f0000
25759 524f8000
25760 52500000
25761 52508000
25762 52510000
25763 52518000
25764 52520000
25765 52528000
25766 52530000
25767 52538000
25768 52540000
25769 52548000
25770 52550000
25771 52558000
25772 52560000
25773 52568000
25774 52570000
25775 52578000
25776 52580000
25777 52588000
25778 52590000
25779 52598000
25780 525a0000
25781 525a8000
25782 525b0000
25783 525b8000
25784 525c0000
25785 525c8000
25786 525d0000
25787 525d8000
25788 525e0000
25789 525e8000
25790 525f0000
25791 525f8000
25792 52600000
25793 52608000
25794 52610000
25795 52618000
25796 52620000
25797 52628000
25798 52630000
25799 52638000
25800 52640000
25801 52648000
25802 52650000
25803 52658000
25804 52660000
25805 52668000
25806 52670000
25807 52678000
25808 52680000
25809 52688000
25810 52690000
25811 52698000
25812 526a0000
25813 526a8000
25814 526b0000
25815 526b8000
25816 526c0000
25817 526c8000
25818 526d0000
25819 526d8000
25820 526e0000
25821 526e8000
25822 526f0000
25823 526f8000
25824 52700000
25825 52708000
25826 52710000
25827 52718000
25828 52720000
25829 52728000
25830 52730000
25831 52738000
25832 52740000
25833 52748000
25834 52750000
25835 52758000
25836 52760000
25837 52768000
25838 52770000
25839 52778000
25840 52780000
25841 52788000
25842 52790000
25843 52798000
25844 527a0000
25845 527a8000
25846 527b0000
25847 527b8000
25848 527c0000
25849 527c8000
25850 527d0000
25851 527d8000
25852 527e0000
25853 527e8000
25854 527f0000
25855 527f8000
25856 52800000
25857 52808000
25858 52810000
25859 52818000
25860 52820000
25861 52828000
25862 52830000
25863 52838000
25864 52840000
25865 52848000
25866 52850000
25867 52858000
25868 52860000
25869 52868000
25870 52870000
25871 52878000
25872 52880000
25873 52888000
25874 52890000
25875 52898000
25876 528a0000
25877 528a8000
25878 528b0000
25879 528b8000
25880 528c0000
25881 528c8000
25882 528d0000
25883 528d8000
25884 528e0000
25885 528e8000
25886 528f0000
25887 528f8000
25888 52900000
25889 52908000
25890 52910000
25891 52918000
25892 52920000
25893 52928000
25894 52930000
25895 52938000
25896 52940000
25897 52948000
25898 52950000
25899 52958000
25900 52960000
25901 52968000
25902 52970000
25903 52978000
25904 52980000
25905 52988000
25906 52990000
25907 52998000
25908 529a0000
25909 529a8000
25910 529b0000
25911 529b8000
25912 529c0000
25913 529c8000
25914 529d0000
25915 529d8000
25916 529e0000
25917 529e8000
25918 529f0000
25919 529f8000
25920 52a00000
25921 52a08000
25922 52a10000
25923 52a18000
25924 52a20000
25925 52a28000
25926 52a30000
25927 52a38000
25928 52a40000
25929 52a48000
25930 52a50000
25931 52a58000
25932 52a60000
25933 52a68000
25934 52a70000
25935 52a78000
25936 52a80000
25937 52a88000
25938 52a90000
25939 52a98000
25940 52aa0000
25941 52aa8000
25942 52ab0000
25943 52ab8000
25944 52ac0000
25945 52ac8000
25946 52ad0000
25947 52ad8000
25948 52ae0000
25949 52ae8000
25950 52af0000
25951 52af8000
25952 52b00000
25953 52b08000
25954 52b10000
25955 52b18000
25956 52b20000
25957 52b28000
25958 52b30000
25959 52b38000
25960 52b40000
25961 52b48000
25962 52b50000
25963 52b58000
25964 52b60000
25965 52b68000
25966 52b70000
25967 52b78000
25968 52b80000
25969 52b88000
25970 52b90000
25971 52b98000
25972 52ba0000
25973 52ba8000
25974 52bb0000
25975 52bb8000
25976 52bc0000
25977 52bc8000
25978 52bd0000
25979 52bd8000
25980 52be0000
25981 52be8000
25982 52bf0000
25983 52bf8000
25984 52c00000
25985 52c08000
25986 52c10000
25987 52c18000
25988 52c20000
25989 52c28000
25990 52c30000
25991 52c38000
25992 52c40000
25993 52c48000
25994 52c50000
25995 52c58000
25996 52c60000
25997 52c68000
25998 52c70000
25999 52c78000
26000 52c80000
26001 52c88000
26002 52c90000
26003 52c98000
26004 52ca0000
26005 52ca8000
26006 52cb0000
26007 52cb8000
26008 52cc0000
26009 52cc8000
26010 52cd0000
26011 52cd8000
26012 52ce0000
26013 52ce8000
26014 52cf0000
26015 52cf8000
26016 52d00000
26017 52d08000
26018 52d10000
26019 52d18000
26020 52d20000
26021 52d28000
26022 52d30000
26023 52d38000
26024 52d40000
26025 52d48000
26026 52d50000
26027 52d58000
26028 52d60000
26029 52d68000
26030 52d70000
26031 52d78000
26032 52d80000
26033 52d88000
26034 52d90000
26035 52d98000
26036 52da0000
26037 52da8000
26038 52db0000
26039 52db8000
26040 52dc0000
26041 52dc8000
26042 52dd0000
26043 52dd8000
26044 52de0000
26045 52de8000
26046 52df0000
26047 52df8000
26048 52e00000
26049 52e08000
26050 52e10000
26051 52e18000
26052 52e20000
26053 52e28000
26054 52e30000
26055 52e38000
26056 52e40000
26057 52e48000
26058 52e50000
26059 52e58000
26060 52e60000
26061 52e68000
26062 52e70000
26063 52e78000
26064 52e80000
26065 52e88000
26066 52e90000
26067 52e98000
26068 52ea0000
26069 52ea8000
26070 52eb0000
26071 52eb8000
26072 52ec0000
26073 52ec8000
26074 52ed0000
26075 52ed8000
26076 52ee0000
26077 52ee8000
26078 52ef0000
26079 52ef8000
26080 52f00000
26081 52f08000
26082 52f10000
26083 52f18000
26084 52f20000
26085 52f28000
26086 52f30000
26087 52f38000
26088 52f40000
26089 52f48000
26090 52f50000
26091 52f58000
26092 52f60000
26093 52f68000
26094 52f70000
26095 52f78000
26096 52f80000
26097 52f88000
26098 52f90000
26099 52f98000
26100 52fa0000
26101 52fa8000
26102 52fb0000
26103 52fb8000
26104 52fc0000
26105 52fc8000
26106 52fd0000
26107 52fd8000
26108 52fe0000
26109 52fe8000
26110 52ff0000
26111 52ff8000
26112 53000000
26113 53008000
26114 53010000
26115 53018000
26116 53020000
26117 53028000
26118 53030000
26119 53038000
26120 53040000
26121 53048000
26122 53050000
26123 53058000
26124 53060000
26125 53068000
26126 53070000
26127 53078000
26128 53080000
26129 53088000
26130 53090000
26131 53098000
26132 530a0000
26133 530a8000
26134 530b0000
26135 530b8000
26136 530c0000
26137 530c8000
26138 530d0000
26139 530d8000
26140 530e0000
26141 530e8000
26142 530f0000
26143 530f8000
26144 53100000
26145 53108000
26146 53110000
26147 53118000
26148 53120000
26149 53128000
26150 53130000
26151 53138000
26152 53140000
26153 53148000
26154 53150000
26155 53158000
26156 53160000
26157 53168000
26158 53170000
26159 53178000
26160 53180000
26161 53188000
26162 53190000
26163 53198000
26164 531a0000
26165 531a8000
26166 531b0000
26167 531b8000
26168 531c0000
26169 531c8000
26170 531d0000
26171 531d8000
26172 531e0000
26173 531e8000
26174 531f0000
26175 531f8000
26176 53200000
26177 53208000
26178 53210000
26179 53218000
26180 53220000
26181 53228000
26182 53230000
26183 53238000
26184 53240000
26185 53248000
26186 53250000
26187 53258000
26188 53260000
26189 53268000
26190 53270000
26191 53278000
26192 53280000
26193 53288000
26194 53290000
26195 53298000
26196 532a0000
26197 532a8000
26198 532b0000
26199 532b8000
26200 532c0000
26201 532c8000
26202 532d0000
26203 532d8000
26204 532e0000
26205 532e8000
26206 532f0000
26207 532f8000
26208 53300000
26209 53308000
26210 53310000
26211 53318000
26212 53320000
26213 53328000
26214 53330000
26215 53338000
26216 53340000
26217 53348000
26218 53350000
26219 53358000
26220 53360000
26221 53368000
26222 53370000
26223 53378000
26224 53380000
26225 53388000
26226 53390000
26227 53398000
26228 533a0000
26229 533a8000
26230 533b0000
26231 533b8000
26232 533c0000
26233 533c8000
26234 533d0000
26235 533d8000
26236 533e0000
26237 533e8000
26238 533f0000
26239 533f8000
26240 53400000
26241 53408000
26242 53410000
26243 53418000
26244 53420000
26245 53428000
26246 53430000
26247 53438000
26248 53440000
26249 53448000
26250 53450000
26251 53458000
26252 53460000
26253 53468000
26254 53470000
26255 53478000
26256 53480000
26257 53488000
26258 53490000
26259 53498000
26260 534a0000
26261 534a8000
26262 534b0000
26263 534b8000
26264 534c0000
26265 534c8000
26266 534d0000
26267 534d8000
26268 534e0000
26269 534e8000
26270 534f0000
26271 534f8000
26272 53500000
26273 53508000
26274 53510000
26275 53518000
26276 53520000
26277 53528000
26278 53530000
26279 53538000
26280 53540000
26281 53548000
26282 53550000
26283 53558000
26284 53560000
26285 53568000
26286 53570000
26287 53578000
26288 53580000
26289 53588000
26290 53590000
26291 53598000
26292 535a0000
26293 535a8000
26294 535b0000
26295 535b8000
26296 535c0000
26297 535c8000
26298 535d0000
26299 535d8000
26300 535e0000
26301 535e8000
26302 535f0000
26303 535f8000
26304 53600000
26305 53608000
26306 53610000
26307 53618000
26308 53620000
26309 53628000
26310 53630000
26311 53638000
26312 53640000
26313 53648000
26314 53650000
26315 53658000
26316 53660000
26317 53668000
26318 53670000
26319 53678000
26320 53680000
26321 53688000
26322 53690000
26323 53698000
26324 536a0000
26325 536a8000
26326 536b0000
26327 536b8000
26328 536c0000
26329 536c8000
26330 536d0000
26331 536d8000
26332 536e0000
26333 536e8000
26334 536f0000
26335 536f8000
26336 53700000
26337 53708000
26338 53710000
26339 53718000
26340 53720000
26341 53728000
26342 53730000
26343 53738000
26344 53740000
26345 53748000
26346 53750000
26347 53758000
26348 53760000
26349 53768000
26350 53770000
26351 53778000
26352 53780000
26353 53788000
26354 53790000
26355 53798000
26356 537a0000
26357 537a8000
26358 537b0000
26359 537b8000
26360 537c0000
26361 537c8000
26362 537d0000
26363 537d8000
26364 537e0000
26365 537e8000
26366 537f0000
26367 537f8000
26368 53800000
26369 53808000
26370 53810000
26371 53818000
26372 53820000
26373 53828000
26374 53830000
26375 53838000
26376 53840000
26377 53848000
26378 53850000
26379 53858000
26380 53860000
26381 53868000
26382 53870000
26383 53878000
26384 53880000
26385 53888000
26386 53890000
26387 53898000
26388 538a0000
26389 538a8000
26390 538b0000
26391 538b8000
26392 538c0000
26393 538c8000
26394 538d0000
26395 538d8000
26396 538e0000
26397 538e8000
26398 538f0000
26399 538f8000
26400 53900000
26401 53908000
26402 53910000
26403 53918000
26404 53920000
26405 53928000
26406 53930000
26407 53938000
26408 53940000
26409 53948000
26410 53950000
26411 53958000
26412 53960000
26413 53968000
26414 53970000
26415 53978000
26416 53980000
26417 53988000
26418 53990000
26419 53998000
26420 539a0000
26421 539a8000
26422 539b0000
26423 539b8000
26424 539c0000
26425 539c8000
26426 539d0000
26427 539d8000
26428 539e0000
26429 539e8000
26430 539f0000
26431 539f8000
26432 53a00000
26433 53a08000
26434 53a10000
26435 53a18000
26436 53a20000
26437 53a28000
26438 53a30000
26439 53a38000
26440 53a40000
26441 53a48000
26442 53a50000
26443 53a58000
26444 53a60000
26445 53a68000
26446 53a70000
26447 53a78000
26448 53a80000
26449 53a88000
26450 53a90000
26451 53a98000
26452 53aa0000
26453 53aa8000
26454 53ab0000
26455 53ab8000
26456 53ac0000
26457 53ac8000
26458 53ad0000
26459 53ad8000
26460 53ae0000
26461 53ae8000
26462 53af0000
26463 53af8000
26464 53b00000
26465 53b08000
26466 53b10000
26467 53b18000
26468 53b20000
26469 53b28000
26470 53b30000
26471 53b38000
26472 53b40000
26473 53b48000
26474 53b50000
26475 53b58000
26476 53b60000
26477 53b68000
26478 53b70000
26479 53b78000
26480 53b80000
26481 53b88000
26482 53b90000
26483 53b98000
26484 53ba0000
26485 53ba8000
26486 53bb0000
26487 53bb8000
26488 53bc0000
26489 53bc8000
26490 53bd0000
26491 53bd8000
26492 53be0000
26493 53be8000
26494 53bf0000
26495 53bf8000
26496 53c00000
26497 53c08000
26498 53c10000
26499 53c18000
26500 53c20000
26501 53c28000
26502 53c30000
26503 53c38000
26504 53c40000
26505 53c48000
26506 53c50000
26507 53c58000
26508 53c60000
26509 53c68000
26510 53c70000
26511 53c78000
26512 53c80000
26513 53c88000
26514 53c90000
26515 53c98000
26516 53ca0000
26517 53ca8000
26518 53cb0000
26519 53cb8000
26520 53cc0000
26521 53cc8000
26522 53cd0000
26523 53cd8000
26524 53ce0000
26525 53ce8000
26526 53cf0000
26527 53cf8000
26528 53d00000
26529 53d08000
26530 53d10000
26531 53d18000
26532 53d20000
26533 53d28000
26534 53d30000
26535 53d38000
26536 53d40000
26537 53d48000
26538 53d50000
26539 53d58000
26540 53d60000
26541 53d68000
26542 53d70000
26543 53d78000
26544 53d80000
26545 53d88000
26546 53d90000
26547 53d98000
26548 53da0000
26549 53da8000
26550 53db0000
26551 53db8000
26552 53dc0000
26553 53dc8000
26554 53dd0000
26555 53dd8000
26556 53de0000
26557 53de8000
26558 53df0000
26559 53df8000
26560 53e00000
26561 53e08000
26562 53e10000
26563 53e18000
26564 53e20000
26565 53e28000
26566 53e30000
26567 53e38000
26568 53e40000
26569 53e48000
26570 53e50000
26571 53e58000
26572 53e60000
26573 53e68000
26574 53e70000
26575 53e78000
26576 53e80000
26577 53e88000
26578 53e90000
26579 53e98000
26580 53ea0000
26581 53ea8000
26582 53eb0000
26583 53eb8000
26584 53ec0000
26585 53ec8000
26586 53ed0000
26587 53ed8000
26588 53ee0000
26589 53ee8000
26590 53ef0000
26591 53ef8000
26592 53f00000
26593 53f08000
26594 53f10000
26595 53f18000
26596 53f20000
26597 53f28000
26598 53f30000
26599 53f38000
26600 53f40000
26601 53f48000
26602 53f50000
26603 53f58000
26604 53f60000
26605 53f68000
26606 53f70000
26607 53f78000
26608 53f80000
26609 53f88000
26610 53f90000
26611 53f98000
26612 53fa0000
26613 53fa8000
26614 53fb0000
26615 53fb8000
26616 53fc0000
26617 53fc8000
26618 53fd0000
26619 53fd8000
26620 53fe0000
26621 53fe8000
26622 53ff0000
26623 53ff8000
26624 54000000
26625 54008000
26626 54010000
26627 54018000
26628 54020000
26629 54028000
26630 54030000
26631 54038000
26632 54040000
26633 54048000
26634 54050000
26635 54058000
26636 54060000
26637 54068000
26638 54070000
26639 54078000
26640 54080000
26641 54088000
26642 54090000
26643 54098000
26644 540a0000
26645 540a8000
26646 540b0000
26647 540b8000
26648 540c0000
26649 540c8000
26650 540d0000
26651 540d8000
26652 540e0000
26653 540e8000
26654 540f0000
26655 540f8000
26656 54100000
26657 54108000
26658 54110000
26659 54118000
26660 54120000
26661 54128000
26662 54130000
26663 54138000
26664 54140000
26665 54148000
26666 54150000
26667 54158000
26668 54160000
26669 54168000
26670 54170000
26671 54178000
26672 54180000
26673 54188000
26674 54190000
26675 54198000
26676 541a0000
26677 541a8000
26678 541b0000
26679 541b8000
26680 541c0000
26681 541c8000
26682 541d0000
26683 541d8000
26684 541e0000
26685 541e8000
26686 541f0000
26687 541f8000
26688 54200000
26689 54208000
26690 54210000
26691 54218000
26692 54220000
26693 54228000
26694 54230000
26695 54238000
26696 54240000
26697 54248000
26698 54250000
26699 54258000
26700 54260000
26701 54268000
26702 54270000
26703 54278000
26704 54280000
26705 54288000
26706 54290000
26707 54298000
26708 542a0000
26709 542a8000
26710 542b0000
26711 542b8000
26712 542c0000
26713 542c8000
26714 542d0000
26715 542d8000
26716 542e0000
26717 542e8000
26718 542f0000
26719 542f8000
26720 54300000
26721 54308000
26722 54310000
26723 54318000
26724 54320000
26725 54328000
26726 54330000
26727 54338000
26728 54340000
26729 54348000
26730 54350000
26731 54358000
26732 54360000
26733 54368000
26734 54370000
26735 54378000
26736 54380000
26737 54388000
26738 54390000
26739 54398000
26740 543a0000
26741 543a8000
26742 543b0000
26743 543b8000
26744 543c0000
26745 543c8000
26746 543d0000
26747 543d8000
26748 543e0000
26749 543e8000
26750 543f0000
26751 543f8000
26752 54400000
26753 54408000
26754 54410000
26755 54418000
26756 54420000
26757 54428000
26758 54430000
26759 54438000
26760 54440000
26761 54448000
26762 54450000
26763 54458000
26764 54460000
26765 54468000
26766 54470000
26767 54478000
26768 54480000
26769 54488000
26770 54490000
26771 54498000
26772 544a0000
26773 544a8000
26774 544b0000
26775 544b8000
26776 544c0000
26777 544c8000
26778 544d0000
26779 544d8000
26780 544e0000
26781 544e8000
26782 544f0000
26783 544f8000
26784 54500000
26785 54508000
26786 54510000
26787 54518000
26788 54520000
26789 54528000
26790 54530000
26791 54538000
26792 54540000
26793 54548000
26794 54550000
26795 54558000
26796 54560000
26797 54568000
26798 54570000
26799 54578000
26800 54580000
26801 54588000
26802 54590000
26803 54598000
26804 545a0000
26805 545a8000
26806 545b0000
26807 545b8000
26808 545c0000
26809 545c8000
26810 545d0000
26811 545d8000
26812 545e0000
26813 545e8000
26814 545f0000
26815 545f8000
26816 54600000
26817 54608000
26818 54610000
26819 54618000
26820 54620000
26821 54628000
26822 54630000
26823 54638000
26824 54640000
26825 54648000
26826 54650000
26827 54658000
26828 54660000
26829 54668000
26830 54670000
26831 54678000
26832 54680000
26833 54688000
26834 54690000
26835 54698000
26836 546a0000
26837 546a8000
26838 546b0000
26839 546b8000
26840 546c0000
26841 546c8000
26842 546d0000
26843 546d8000
26844 546e0000
26845 546e8000
26846 546f0000
26847 546f8000
26848 54700000
26849 54708000
26850 54710000
26851 54718000
26852 54720000
26853 54728000
26854 54730000
26855 54738000
26856 54740000
26857 54748000
26858 54750000
26859 54758000
26860 54760000
26861 54768000
26862 54770000
26863 54778000
26864 54780000
26865 54788000
26866 54790000
26867 54798000
26868 547a0000
26869 547a8000
26870 547b0000
26871 547b8000
26872 547c0000
26873 547c8000
26874 547d0000
26875 547d8000
26876 547e0000
26877 547e8000
26878 547f0000
26879 547f8000
26880 54800000
26881 54808000
26882 54810000
26883 54818000
26884 54820000
26885 54828000
26886 54830000
26887 54838000
26888 54840000
26889 54848000
26890 54850000
26891 54858000
26892 54860000
26893 54868000
26894 54870000
26895 54878000
26896 54880000
26897 54888000
26898 54890000
26899 54898000
26900 548a0000
26901 548a8000
26902 548b0000
26903 548b8000
26904 548c0000
26905 548c8000
26906 548d0000
26907 548d8000
26908 548e0000
26909 548e8000
26910 548f0000
26911 548f8000
26912 54900000
26913 54908000
26914 54910000
26915 54918000
26916 54920000
26917 54928000
26918 54930000
26919 54938000
26920 54940000
26921 54948000
26922 54950000
26923 54958000
26924 54960000
26925 54968000
26926 54970000
26927 54978000
26928 54980000
26929 54988000
26930 54990000
26931 54998000
26932 549a0000
26933 549a8000
26934 549b0000
26935 549b8000
26936 549c0000
26937 549c8000
26938 549d0000
26939 549d8000
26940 549e0000
26941 549e8000
26942 549f0000
26943 549f8000
26944 54a00000
26945 54a08000
26946 54a10000
26947 54a18000
26948 54a20000
26949 54a28000
26950 54a30000
26951 54a38000
26952 54a40000
26953 54a48000
26954 54a50000
26955 54a58000
26956 54a60000
26957 54a68000
26958 54a70000
26959 54a78000
26960 54a80000
26961 54a88000
26962 54a90000
26963 54a98000
26964 54aa0000
26965 54aa8000
26966 54ab0000
26967 54ab8000
26968 54ac0000
26969 54ac8000
26970 54ad0000
26971 54ad8000
26972 54ae0000
26973 54ae8000
26974 54af0000
26975 54af8000
26976 54b00000
26977 54b08000
26978 54b10000
26979 54b18000
26980 54b20000
26981 54b28000
26982 54b30000
26983 54b38000
26984 54b40000
26985 54b48000
26986 54b50000
26987 54b58000
26988 54b60000
26989 54b68000
26990 54b70000
26991 54b78000
26992 54b80000
26993 54b88000
26994 54b90000
26995 54b98000
26996 54ba0000
26997 54ba8000
26998 54bb0000
26999 54bb8000
27000 54bc0000
27001 54bc8000
27002 54bd0000
27003 54bd8000
27004 54be0000
27005 54be8000
27006 54bf0000
27007 54bf8000
27008 54c00000
27009 54c08000
27010 54c10000
27011 54c18000
27012 54c20000
27013 54c28000
27014 54c30000
27015 54c38000
27016 54c40000
27017 54c48000
27018 54c50000
27019 54c58000
27020 54c60000
27021 54c68000
27022 54c70000
27023 54c78000
27024 54c80000
27025 54c88000
27026 54c90000
27027 54c98000
27028 54ca0000
27029 54ca8000
27030 54cb0000
27031 54cb8000
27032 54cc0000
27033 54cc8000
27034 54cd0000
27035 54cd8000
27036 54ce0000
27037 54ce8000
27038 54cf0000
27039 54cf8000
27040 54d00000
27041 54d08000
27042 54d10000
27043 54d18000
27044 54d20000
27045 54d28000
27046 54d30000
27047 54d38000
27048 54d40000
27049 54d48000
27050 54d50000
27051 54d58000
27052 54d60000
27053 54d68000
27054 54d70000
27055 54d78000
27056 54d80000
27057 54d88000
27058 54d90000
27059 54d98000
27060 54da0000
27061 54da8000
27062 54db0000
27063 54db8000
27064 54dc0000
27065 54dc8000
27066 54dd0000
27067 54dd8000
27068 54de0000
27069 54de8000
27070 54df0000
27071 54df8000
27072 54e00000
27073 54e08000
27074 54e10000
27075 54e18000
27076 54e20000
27077 54e28000
27078 54e30000
27079 54e38000
27080 54e40000
27081 54e48000
27082 54e50000
27083 54e58000
27084 54e60000
27085 54e68000
27086 54e70000
27087 54e78000
27088 54e80000
27089 54e88000
27090 54e90000
27091 54e98000
27092 54ea0000
27093 54ea8000
27094 54eb0000
27095 54eb8000
27096 54ec0000
27097 54ec8000
27098 54ed0000
27099 54ed8000
27100 54ee0000
27101 54ee8000
27102 54ef0000
27103 54ef8000
27104 54f00000
27105 54f08000
27106 54f10000
27107 54f18000
27108 54f20000
27109 54f28000
27110 54f30000
27111 54f38000
27112 54f40000
27113 54f48000
27114 54f50000
27115 54f58000
27116 54f60000
27117 54f68000
27118 54f70000
27119 54f78000
27120 54f80000
27121 54f88000
27122 54f90000
27123 54f98000
27124 54fa0000
27125 54fa8000
27126 54fb0000
27127 54fb8000
27128 54fc0000
27129 54fc8000
27130 54fd0000
27131 54fd8000
27132 54fe0000
27133 54fe8000
27134 54ff0000
27135 54ff8000
27136 55000000
27137 55008000
27138 55010000
27139 55018000
27140 55020000
27141 55028000
27142 55030000
27143 55038000
27144 55040000
27145 55048000
27146 55050000
27147 55058000
27148 55060000
27149 55068000
27150 55070000
27151 55078000
27152 55080000
27153 55088000
27154 55090000
27155 55098000
27156 550a0000
27157 550a8000
27158 550b0000
27159 550b8000
27160 550c0000
27161 550c8000
27162 550d0000
27163 550d8000
27164 550e0000
27165 550e8000
27166 550f0000
27167 550f8000
27168 55100000
27169 55108000
27170 55110000
27171 55118000
27172 55120000
27173 55128000
27174 55130000
27175 55138000
27176 55140000
27177 55148000
27178 55150000
27179 55158000
27180 55160000
27181 55168000
27182 55170000
27183 55178000
27184 55180000
27185 55188000
27186 55190000
27187 55198000
27188 551a0000
27189 551a8000
27190 551b0000
27191 551b8000
27192 551c0000
27193 551c8000
27194 551d0000
27195 551d8000
27196 551e0000
27197 551e8000
27198 551f0000
27199 551f8000
27200 55200000
27201 55208000
27202 55210000
27203 55218000
27204 55220000
27205 55228000
27206 55230000
27207 55238000
27208 55240000
27209 55248000
27210 55250000
27211 55258000
27212 55260000
27213 55268000
27214 55270000
27215 55278000
27216 55280000
27217 55288000
27218 55290000
27219 55298000
27220 552a0000
27221 552a8000
27222 552b0000
27223 552b8000
27224 552c0000
27225 552c8000
27226 552d0000
27227 552d8000
27228 552e0000
27229 552e8000
27230 552f0000
27231 552f8000
27232 55300000
27233 55308000
27234 55310000
27235 55318000
27236 55320000
27237 55328000
27238 55330000
27239 55338000
27240 55340000
27241 55348000
27242 55350000
27243 55358000
27244 55360000
27245 55368000
27246 55370000
27247 55378000
27248 55380000
27249 55388000
27250 55390000
27251 55398000
27252 553a0000
27253 553a8000
27254 553b0000
27255 553b8000
27256 553c0000
27257 553c8000
27258 553d0000
27259 553d8000
27260 553e0000
27261 553e8000
27262 553f0000
27263 553f8000
27264 55400000
27265 55408000
27266 55410000
27267 55418000
27268 55420000
27269 55428000
27270 55430000
27271 55438000
27272 55440000
27273 55448000
27274 55450000
27275 55458000
27276 55460000
27277 55468000
27278 55470000
27279 55478000
27280 55480000
27281 55488000
27282 55490000
27283 55498000
27284 554a0000
27285 554a8000
27286 554b0000
27287 554b8000
27288 554c0000
27289 554c8000
27290 554d0000
27291 554d8000
27292 554e0000
27293 554e8000
27294 554f0000
27295 554f8000
27296 55500000
27297 55508000
27298 55510000
27299 55518000
27300 55520000
27301 55528000
27302 55530000
27303 55538000
27304 55540000
27305 55548000
27306 55550000
27307 55558000
27308 55560000
27309 55568000
27310 55570000
27311 55578000
27312 55580000
27313 55588000
27314 55590000
27315 55598000
27316 555a0000
27317 555a8000
27318 555b0000
27319 555b8000
27320 555c0000
27321 555c8000
27322 555d0000
27323 555d8000
27324 555e0000
27325 555e8000
27326 555f0000
27327 555f8000
27328 55600000
27329 55608000
27330 55610000
27331 55618000
27332 55620000
27333 55628000
27334 55630000
27335 55638000
27336 55640000
27337 55648000
27338 55650000
27339 55658000
27340 55660000
27341 55668000
27342 55670000
27343 55678000
27344 55680000
27345 55688000
27346 55690000
27347 55698000
27348 556a0000
27349 556a8000
27350 556b0000
27351 556b8000
27352 556c0000
27353 556c8000
27354 556d0000
27355 556d8000
27356 556e0000
27357 556e8000
27358 556f0000
27359 556f8000
27360 55700000
27361 55708000
27362 55710000
27363 55718000
27364 55720000
27365 55728000
27366 55730000
27367 55738000
27368 55740000
27369 55748000
27370 55750000
27371 55758000
27372 55760000
27373 55768000
27374 55770000
27375 55778000
27376 55780000
27377 55788000
27378 55790000
27379 55798000
27380 557a0000
27381 557a8000
27382 557b0000
27383 557b8000
27384 557c0000
27385 557c8000
27386 557d0000
27387 557d8000
27388 557e0000
27389 557e8000
27390 557f0000
27391 557f8000
27392 55800000
27393 55808000
27394 55810000
27395 55818000
27396 55820000
27397 55828000
27398 55830000
27399 55838000
27400 55840000
27401 55848000
27402 55850000
27403 55858000
27404 55860000
27405 55868000
27406 55870000
27407 55878000
27408 55880000
27409 55888000
27410 55890000
27411 55898000
27412 558a0000
27413 558a8000
27414 558b0000
27415 558b8000
27416 558c0000
27417 558c8000
27418 558d0000
27419 558d8000
27420 558e0000
27421 558e8000
27422 558f0000
27423 558f8000
27424 55900000
27425 55908000
27426 55910000
27427 55918000
27428 55920000
27429 55928000
27430 55930000
27431 55938000
27432 55940000
27433 55948000
27434 55950000
27435 55958000
27436 55960000
27437 55968000
27438 55970000
27439 55978000
27440 55980000
27441 55988000
27442 55990000
27443 55998000
27444 559a0000
27445 559a8000
27446 559b0000
27447 559b8000
27448 559c0000
27449 559c8000
27450 559d0000
27451 559d8000
27452 559e0000
27453 559e8000
27454 559f0000
27455 559f8000
27456 55a00000
27457 55a08000
27458 55a10000
27459 55a18000
27460 55a20000
27461 55a28000
27462 55a30000
27463 55a38000
27464 55a40000
27465 55a48000
27466 55a50000
27467 55a58000
27468 55a60000
27469 55a68000
27470 55a70000
27471 55a78000
27472 55a80000
27473 55a88000
27474 55a90000
27475 55a98000
27476 55aa0000
27477 55aa8000
27478 55ab0000
27479 55ab8000
27480 55ac0000
27481 55ac8000
27482 55ad0000
27483 55ad8000
27484 55ae0000
27485 55ae8000
27486 55af0000
27487 55af8000
27488 55b00000
27489 55b08000
27490 55b10000
27491 55b18000
27492 55b20000
27493 55b28000
27494 55b30000
27495 55b38000
27496 55b40000
27497 55b48000
27498 55b50000
27499 55b58000
27500 55b60000
27501 55b68000
27502 55b70000
27503 55b78000
27504 55b80000
27505 55b88000
27506 55b90000
27507 55b98000
27508 55ba0000
27509 55ba8000
27510 55bb0000
27511 55bb8000
27512 55bc0000
27513 55bc8000
27514 55bd0000
27515 55bd8000
27516 55be0000
27517 55be8000
27518 55bf0000
27519 55bf8000
27520 55c00000
27521 55c08000
27522 55c10000
27523 55c18000
27524 55c20000
27525 55c28000
27526 55c30000
27527 55c38000
27528 55c40000
27529 55c48000
27530 55c50000
27531 55c58000
27532 55c60000
27533 55c68000
27534 55c70000
27535 55c78000
27536 55c80000
27537 55c88000
27538 55c90000
27539 55c98000
27540 55ca0000
27541 55ca8000
27542 55cb0000
27543 55cb8000
27544 55cc0000
27545 55cc8000
27546 55cd0000
27547 55cd8000
27548 55ce0000
27549 55ce8000
27550 55cf0000
27551 55cf8000
27552 55d00000
27553 55d08000
27554 55d10000
27555 55d18000
27556 55d20000
27557 55d28000
27558 55d30000
27559 55d38000
27560 55d40000
27561 55d48000
27562 55d50000
27563 55d58000
27564 55d60000
27565 55d68000
27566 55d70000
27567 55d78000
27568 55d80000
27569 55d88000
27570 55d90000
27571 55d98000
27572 55da0000
27573 55da8000
27574 55db0000
27575 55db8000
27576 55dc0000
27577 55dc8000
27578 55dd0000
27579 55dd8000
27580 55de0000
27581 55de8000
27582 55df0000
27583 55df8000
27584 55e00000
27585 55e08000
27586 55e10000
27587 55e18000
27588 55e20000
27589 55e28000
27590 55e30000
27591 55e38000
27592 55e40000
27593 55e48000
27594 55e50000
27595 55e58000
27596 55e60000
27597 55e68000
27598 55e70000
27599 55e78000
27600 55e80000
27601 55e88000
27602 55e90000
27603 55e98000
27604 55ea0000
27605 55ea8000
27606 55eb0000
27607 55eb8000
27608 55ec0000
27609 55ec8000
27610 55ed0000
27611 55ed8000
27612 55ee0000
27613 55ee8000
27614 55ef0000
27615 55ef8000
27616 55f00000
27617 55f08000
27618 55f10000
27619 55f18000
27620 55f20000
27621 55f28000
27622 55f30000
27623 55f38000
27624 55f40000
27625 55f48000
27626 55f50000
27627 55f58000
27628 55f60000
27629 55f68000
27630 55f70000
27631 55f78000
27632 55f80000
27633 55f88000
27634 55f90000
27635 55f98000
27636 55fa0000
27637 55fa8000
27638 55fb0000
27639 55fb8000
27640 55fc0000
27641 55fc8000
27642 55fd0000
27643 55fd8000
27644 55fe0000
27645 55fe8000
27646 55ff0000
27647 55ff8000
27648 56000000
27649 56008000
27650 56010000
27651 56018000
27652 56020000
27653 56028000
27654 56030000
27655 56038000
27656 56040000
27657 56048000
27658 56050000
27659 56058000
27660 56060000
27661 56068000
27662 56070000
27663 56078000
27664 56080000
27665 56088000
27666 56090000
27667 56098000
27668 560a0000
27669 560a8000
27670 560b0000
27671 560b8000
27672 560c0000
27673 560c8000
27674 560d0000
27675 560d8000
27676 560e0000
27677 560e8000
27678 560f0000
27679 560f8000
27680 56100000
27681 56108000
27682 56110000
27683 56118000
27684 56120000
27685 56128000
27686 56130000
27687 56138000
27688 56140000
27689 56148000
27690 56150000
27691 56158000
27692 56160000
27693 56168000
27694 56170000
27695 56178000
27696 56180000
27697 56188000
27698 56190000
27699 56198000
27700 561a0000
27701 561a8000
27702 561b0000
27703 561b8000
27704 561c0000
27705 561c8000
27706 561d0000
27707 561d8000
27708 561e0000
27709 561e8000
27710 561f0000
27711 561f8000
27712 56200000
27713 56208000
27714 56210000
27715 56218000
27716 56220000
27717 56228000
27718 56230000
27719 56238000
27720 56240000
27721 56248000
27722 56250000
27723 56258000
27724 56260000
27725 56268000
27726 56270000
27727 56278000
27728 56280000
27729 56288000
27730 56290000
27731 56298000
27732 562a0000
27733 562a8000
27734 562b0000
27735 562b8000
27736 562c0000
27737 562c8000
27738 562d0000
27739 562d8000
27740 562e0000
27741 562e8000
27742 562f0000
27743 562f8000
27744 56300000
27745 56308000
27746 56310000
27747 56318000
27748 56320000
27749 56328000
27750 56330000
27751 56338000
27752 56340000
27753 56348000
27754 56350000
27755 56358000
27756 56360000
27757 56368000
27758 56370000
27759 56378000
27760 56380000
27761 56388000
27762 56390000
27763 56398000
27764 563a0000
27765 563a8000
27766 563b0000
27767 563b8000
27768 563c0000
27769 563c8000
27770 563d0000
27771 563d8000
27772 563e0000
27773 563e8000
27774 563f0000
27775 563f8000
27776 56400000
27777 56408000
27778 56410000
27779 56418000
27780 56420000
27781 56428000
27782 56430000
27783 56438000
27784 56440000
27785 56448000
27786 56450000
27787 56458000
27788 56460000
27789 56468000
27790 56470000
27791 56478000
27792 56480000
27793 56488000
27794 56490000
27795 56498000
27796 564a0000
27797 564a8000
27798 564b0000
27799 564b8000
27800 564c0000
27801 564c8000
27802 564d0000
27803 564d8000
27804 564e0000
27805 564e8000
27806 564f0000
27807 564f8000
27808 56500000
27809 56508000
27810 56510000
27811 56518000
27812 56520000
27813 56528000
27814 56530000
27815 56538000
27816 56540000
27817 56548000
27818 56550000
27819 56558000
27820 56560000
27821 56568000
27822 56570000
27823 56578000
27824 56580000
27825 56588000
27826 56590000
27827 56598000
27828 565a0000
27829 565a8000
27830 565b0000
27831 565b8000
27832 565c0000
27833 565c8000
27834 565d0000
27835 565d8000
27836 565e0000
27837 565e8000
27838 565f0000
27839 565f8000
27840 56600000
27841 56608000
27842 56610000
27843 56618000
27844 56620000
27845 56628000
27846 56630000
27847 56638000
27848 56640000
27849 56648000
27850 56650000
27851 56658000
27852 56660000
27853 56668000
27854 56670000
27855 56678000
27856 56680000
27857 56688000
27858 56690000
27859 56698000
27860 566a0000
27861 566a8000
27862 566b0000
27863 566b8000
27864 566c0000
27865 566c8000
27866 566d0000
27867 566d8000
27868 566e0000
27869 566e8000
27870 566f0000
27871 566f8000
27872 56700000
27873 56708000
27874 56710000
27875 56718000
27876 56720000
27877 56728000
27878 56730000
27879 56738000
27880 56740000
27881 56748000
27882 56750000
27883 56758000
27884 56760000
27885 56768000
27886 56770000
27887 56778000
27888 56780000
27889 56788000
27890 56790000
27891 56798000
27892 567a0000
27893 567a8000
27894 567b0000
27895 567b8000
27896 567c0000
27897 567c8000
27898 567d0000
27899 567d8000
27900 567e0000
27901 567e8000
27902 567f0000
27903 567f8000
27904 56800000
27905 56808000
27906 56810000
27907 56818000
27908 56820000
27909 56828000
27910 56830000
27911 56838000
27912 56840000
27913 56848000
27914 56850000
27915 56858000
27916 56860000
27917 56868000
27918 56870000
27919 56878000
27920 56880000
27921 56888000
27922 56890000
27923 56898000
27924 568a0000
27925 568a8000
27926 568b0000
27927 568b8000
27928 568c0000
27929 568c8000
27930 568d0000
27931 568d8000
27932 568e0000
27933 568e8000
27934 568f0000
27935 568f8000
27936 56900000
27937 56908000
27938 56910000
27939 56918000
27940 56920000
27941 56928000
27942 56930000
27943 56938000
27944 56940000
27945 56948000
27946 56950000
27947 56958000
27948 56960000
27949 56968000
27950 56970000
27951 56978000
27952 56980000
27953 56988000
27954 56990000
27955 56998000
27956 569a0000
27957 569a8000
27958 569b0000
27959 569b8000
27960 569c0000
27961 569c8000
27962 569d0000
27963 569d8000
27964 569e0000
27965 569e8000
27966 569f0000
27967 569f8000
27968 56a00000
27969 56a08000
27970 56a10000
27971 56a18000
27972 56a20000
27973 56a28000
27974 56a30000
27975 56a38000
27976 56a40000
27977 56a48000
27978 56a50000
27979 56a58000
27980 56a60000
27981 56a68000
27982 56a70000
27983 56a78000
27984 56a80000
27985 56a88000
27986 56a90000
27987 56a98000
27988 56aa0000
27989 56aa8000
27990 56ab0000
27991 56ab8000
27992 56ac0000
27993 56ac8000
27994 56ad0000
27995 56ad8000
27996 56ae0000
27997 56ae8000
27998 56af0000
27999 56af8000
28000 56b00000
28001 56b08000
28002 56b10000
28003 56b18000
28004 56b20000
28005 56b28000
28006 56b30000
28007 56b38000
28008 56b40000
28009 56b48000
28010 56b50000
28011 56b58000
28012 56b60000
28013 56b68000
28014 56b70000
28015 56b78000
28016 56b80000
28017 56b88000
28018 56b90000
28019 56b98000
28020 56ba0000
28021 56ba8000
28022 56bb0000
28023 56bb8000
28024 56bc0000
28025 56bc8000
28026 56bd0000
28027 56bd8000
28028 56be0000
28029 56be8000
28030 56bf0000
28031 56bf8000
28032 56c00000
28033 56c08000
28034 56c10000
28035 56c18000
28036 56c20000
28037 56c28000
28038 56c30000
28039 56c38000
28040 56c40000
28041 56c48000
28042 56c50000
28043 56c58000
28044 56c60000
28045 56c68000
28046 56c70000
28047 56c78000
28048 56c80000
28049 56c88000
28050 56c90000
28051 56c98000
28052 56ca0000
28053 56ca8000
28054 56cb0000
28055 56cb8000
28056 56cc0000
28057 56cc8000
28058 56cd0000
28059 56cd8000
28060 56ce0000
28061 56ce8000
28062 56cf0000
28063 56cf8000
28064 56d00000
28065 56d08000
28066 56d10000
28067 56d18000
28068 56d20000
28069 56d28000
28070 56d30000
28071 56d38000
28072 56d40000
28073 56d48000
28074 56d50000
28075 56d58000
28076 56d60000
28077 56d68000
28078 56d70000
28079 56d78000
28080 56d80000
28081 56d88000
28082 56d90000
28083 56d98000
28084 56da0000
28085 56da8000
28086 56db0000
28087 56db8000
28088 56dc0000
28089 56dc8000
28090 56dd0000
28091 56dd8000
28092 56de0000
28093 56de8000
28094 56df0000
28095 56df8000
28096 56e00000
28097 56e08000
28098 56e10000
28099 56e18000
28100 56e20000
28101 56e28000
28102 56e30000
28103 56e38000
28104 56e40000
28105 56e48000
28106 56e50000
28107 56e58000
28108 56e60000
28109 56e68000
28110 56e70000
28111 56e78000
28112 56e80000
28113 56e88000
28114 56e90000
28115 56e98000
28116 56ea0000
28117 56ea8000
28118 56eb0000
28119 56eb8000
28120 56ec0000
28121 56ec8000
28122 56ed0000
28123 56ed8000
28124 56ee0000
28125 56ee8000
28126 56ef0000
28127 56ef8000
28128 56f00000
28129 56f08000
28130 56f10000
28131 56f18000
28132 56f20000
28133 56f28000
28134 56f30000
28135 56f38000
28136 56f40000
28137 56f48000
28138 56f50000
28139 56f58000
28140 56f60000
28141 56f68000
28142 56f70000
28143 56f78000
28144 56f80000
28145 56f88000
28146 56f90000
28147 56f98000
28148 56fa0000
28149 56fa8000
28150 56fb0000
28151 56fb8000
28152 56fc0000
28153 56fc8000
28154 56fd0000
28155 56fd8000
28156 56fe0000
28157 56fe8000
28158 56ff0000
28159 56ff8000
28160 57000000
28161 57008000
28162 57010000
28163 57018000
28164 57020000
28165 57028000
28166 57030000
28167 57038000
28168 57040000
28169 57048000
28170 57050000
28171 57058000
28172 57060000
28173 57068000
28174 57070000
28175 57078000
28176 57080000
28177 57088000
28178 57090000
28179 57098000
28180 570a0000
28181 570a8000
28182 570b0000
28183 570b8000
28184 570c0000
28185 570c8000
28186 570d0000
28187 570d8000
28188 570e0000
28189 570e8000
28190 570f0000
28191 570f8000
28192 57100000
28193 57108000
28194 57110000
28195 57118000
28196 57120000
28197 57128000
28198 57130000
28199 57138000
28200 57140000
28201 57148000
28202 57150000
28203 57158000
28204 57160000
28205 57168000
28206 57170000
28207 57178000
28208 57180000
28209 57188000
28210 57190000
28211 57198000
28212 571a0000
28213 571a8000
28214 571b0000
28215 571b8000
28216 571c0000
28217 571c8000
28218 571d0000
28219 571d8000
28220 571e0000
28221 571e8000
28222 571f0000
28223 571f8000
28224 57200000
28225 57208000
28226 57210000
28227 57218000
28228 57220000
28229 57228000
28230 57230000
28231 57238000
28232 57240000
28233 57248000
28234 57250000
28235 57258000
28236 57260000
28237 57268000
28238 57270000
28239 57278000
28240 57280000
28241 57288000
28242 57290000
28243 57298000
28244 572a0000
28245 572a8000
28246 572b0000
28247 572b8000
28248 572c0000
28249 572c8000
28250 572d0000
28251 572d8000
28252 572e0000
28253 572e8000
28254 572f0000
28255 572f8000
28256 57300000
28257 57308000
28258 57310000
28259 57318000
28260 57320000
28261 57328000
28262 57330000
28263 57338000
28264 57340000
28265 57348000
28266 57350000
28267 57358000
28268 57360000
28269 57368000
28270 57370000
28271 57378000
28272 57380000
28273 57388000
28274 57390000
28275 57398000
28276 573a0000
28277 573a8000
28278 573b0000
28279 573b8000
28280 573c0000
28281 573c8000
28282 573d0000
28283 573d8000
28284 573e0000
28285 573e8000
28286 573f0000
28287 573f8000
28288 57400000
28289 57408000
28290 57410000
28291 57418000
28292 57420000
28293 57428000
28294 57430000
28295 57438000
28296 57440000
28297 57448000
28298 57450000
28299 57458000
28300 57460000
28301 57468000
28302 57470000
28303 57478000
28304 57480000
28305 57488000
28306 57490000
28307 57498000
28308 574a0000
28309 574a8000
28310 574b0000
28311 574b8000
28312 574c0000
28313 574c8000
28314 574d0000
28315 574d8000
28316 574e0000
28317 574e8000
28318 574f0000
28319 574f8000
28320 57500000
28321 57508000
28322 57510000
28323 57518000
28324 57520000
28325 57528000
28326 57530000
28327 57538000
28328 57540000
28329 57548000
28330 57550000
28331 57558000
28332 57560000
28333 57568000
28334 57570000
28335 57578000
28336 57580000
28337 57588000
28338 57590000
28339 57598000
28340 575a0000
28341 575a8000
28342 575b0000
28343 575b8000
28344 575c0000
28345 575c8000
28346 575d0000
28347 575d8000
28348 575e0000
28349 575e8000
28350 575f0000
28351 575f8000
28352 57600000
28353 57608000
28354 57610000
28355 57618000
28356 57620000
28357 57628000
28358 57630000
28359 57638000
28360 57640000
28361 57648000
28362 57650000
28363 57658000
28364 57660000
28365 57668000
28366 57670000
28367 57678000
28368 57680000
28369 57688000
28370 57690000
28371 57698000
28372 576a0000
28373 576a8000
28374 576b0000
28375 576b8000
28376 576c0000
28377 576c8000
28378 576d0000
28379 576d8000
28380 576e0000
28381 576e8000
28382 576f0000
28383 576f8000
28384 57700000
28385 57708000
28386 57710000
28387 57718000
28388 57720000
28389 57728000
28390 57730000
28391 57738000
28392 57740000
28393 57748000
28394 57750000
28395 57758000
28396 57760000
28397 57768000
28398 57770000
28399 57778000
28400 57780000
28401 57788000
28402 57790000
28403 57798000
28404 577a0000
28405 577a8000
28406 577b0000
28407 577b8000
28408 577c0000
28409 577c8000
28410 577d0000
28411 577d8000
28412 577e0000
28413 577e8000
28414 577f0000
28415 577f8000
28416 57800000
28417 57808000
28418 57810000
28419 57818000
28420 57820000
28421 57828000
28422 57830000
28423 57838000
28424 57840000
28425 57848000
28426 57850000
28427 57858000
28428 57860000
28429 57868000
28430 57870000
28431 57878000
28432 57880000
28433 57888000
28434 57890000
28435 57898000
28436 578a0000
28437 578a8000
28438 578b0000
28439 578b8000
28440 578c0000
28441 578c8000
28442 578d0000
28443 578d8000
28444 578e0000
28445 578e8000
28446 578f0000
28447 578f8000
28448 57900000
28449 57908000
28450 57910000
28451 57918000
28452 57920000
28453 57928000
28454 57930000
28455 57938000
28456 57940000
28457 57948000
28458 57950000
28459 57958000
28460 57960000
28461 57968000
28462 57970000
28463 57978000
28464 57980000
28465 57988000
28466 57990000
28467 57998000
28468 579a0000
28469 579a8000
28470 579b0000
28471 579b8000
28472 579c0000
28473 579c8000
28474 579d0000
28475 579d8000
28476 579e0000
28477 579e8000
28478 579f0000
28479 579f8000
28480 57a00000
28481 57a08000
28482 57a10000
28483 57a18000
28484 57a20000
28485 57a28000
28486 57a30000
28487 57a38000
28488 57a40000
28489 57a48000
28490 57a50000
28491 57a58000
28492 57a60000
28493 57a68000
28494 57a70000
28495 57a78000
28496 57a80000
28497 57a88000
28498 57a90000
28499 57a98000
28500 57aa0000
28501 57aa8000
28502 57ab0000
28503 57ab8000
28504 57ac0000
28505 57ac8000
28506 57ad0000
28507 57ad8000
28508 57ae0000
28509 57ae8000
28510 57af0000
28511 57af8000
28512 57b00000
28513 57b08000
28514 57b10000
28515 57b18000
28516 57b20000
28517 57b28000
28518 57b30000
28519 57b38000
28520 57b40000
28521 57b48000
28522 57b50000
28523 57b58000
28524 57b60000
28525 57b68000
28526 57b70000
28527 57b78000
28528 57b80000
28529 57b88000
28530 57b90000
28531 57b98000
28532 57ba0000
28533 57ba8000
28534 57bb0000
28535 57bb8000
28536 57bc0000
28537 57bc8000
28538 57bd0000
28539 57bd8000
28540 57be0000
28541 57be8000
28542 57bf0000
28543 57bf8000
28544 57c00000
28545 57c08000
28546 57c10000
28547 57c18000
28548 57c20000
28549 57c28000
28550 57c30000
28551 57c38000
28552 57c40000
28553 57c48000
28554 57c50000
28555 57c58000
28556 57c60000
28557 57c68000
28558 57c70000
28559 57c78000
28560 57c80000
28561 57c88000
28562 57c90000
28563 57c98000
28564 57ca0000
28565 57ca8000
28566 57cb0000
28567 57cb8000
28568 57cc0000
28569 57cc8000
28570 57cd0000
28571 57cd8000
28572 57ce0000
28573 57ce8000
28574 57cf0000
28575 57cf8000
28576 57d00000
28577 57d08000
28578 57d10000
28579 57d18000
28580 57d20000
28581 57d28000
28582 57d30000
28583 57d38000
28584 57d40000
28585 57d48000
28586 57d50000
28587 57d58000
28588 57d60000
28589 57d68000
28590 57d70000
28591 57d78000
28592 57d80000
28593 57d88000
28594 57d90000
28595 57d98000
28596 57da0000
28597 57da8000
28598 57db0000
28599 57db8000
28600 57dc0000
28601 57dc8000
28602 57dd0000
28603 57dd8000
28604 57de0000
28605 57de8000
28606 57df0000
28607 57df8000
28608 57e00000
28609 57e08000
28610 57e10000
28611 57e18000
28612 57e20000
28613 57e28000
28614 57e30000
28615 57e38000
28616 57e40000
28617 57e48000
28618 57e50000
28619 57e58000
28620 57e60000
28621 57e68000
28622 57e70000
28623 57e78000
28624 57e80000
28625 57e88000
28626 57e90000
28627 57e98000
28628 57ea0000
28629 57ea8000
28630 57eb0000
28631 57eb8000
28632 57ec0000
28633 57ec8000
28634 57ed0000
28635 57ed8000
28636 57ee0000
28637 57ee8000
28638 57ef0000
28639 57ef8000
28640 57f00000
28641 57f08000
28642 57f10000
28643 57f18000
28644 57f20000
28645 57f28000
28646 57f30000
28647 57f38000
28648 57f40000
28649 57f48000
28650 57f50000
28651 57f58000
28652 57f60000
28653 57f68000
28654 57f70000
28655 57f78000
28656 57f80000
28657 57f88000
28658 57f90000
28659 57f98000
28660 57fa0000
28661 57fa8000
28662 57fb0000
28663 57fb8000
28664 57fc0000
28665 57fc8000
28666 57fd0000
28667 57fd8000
28668 57fe0000
28669 57fe8000
28670 57ff0000
28671 57ff8000
28672 58000000
28673 58008000
28674 58010000
28675 58018000
28676 58020000
28677 58028000
28678 58030000
28679 58038000
28680 58040000
28681 58048000
28682 58050000
28683 58058000
28684 58060000
28685 58068000
28686 58070000
28687 58078000
28688 58080000
28689 58088000
28690 58090000
28691 58098000
28692 580a0000
28693 580a8000
28694 580b0000
28695 580b8000
28696 580c0000
28697 580c8000
28698 580d0000
28699 580d8000
28700 580e0000
28701 580e8000
28702 580f0000
28703 580f8000
28704 58100000
28705 58108000
28706 58110000
28707 58118000
28708 58120000
28709 58128000
28710 58130000
28711 58138000
28712 58140000
28713 58148000
28714 58150000
28715 58158000
28716 58160000
28717 58168000
28718 58170000
28719 58178000
28720 58180000
28721 58188000
28722 58190000
28723 58198000
28724 581a0000
28725 581a8000
28726 581b0000
28727 581b8000
28728 581c0000
28729 581c8000
28730 581d0000
28731 581d8000
28732 581e0000
28733 581e8000
28734 581f0000
28735 581f8000
28736 58200000
28737 58208000
28738 58210000
28739 58218000
28740 58220000
28741 58228000
28742 58230000
28743 58238000
28744 58240000
28745 58248000
28746 58250000
28747 58258000
28748 58260000
28749 58268000
28750 58270000
28751 58278000
28752 58280000
28753 58288000
28754 58290000
28755 58298000
28756 582a0000
28757 582a8000
28758 582b0000
28759 582b8000
28760 582c0000
28761 582c8000
28762 582d0000
28763 582d8000
28764 582e0000
28765 582e8000
28766 582f0000
28767 582f8000
28768 58300000
28769 58308000
28770 58310000
28771 58318000
28772 58320000
28773 58328000
28774 58330000
28775 58338000
28776 58340000
28777 58348000
28778 58350000
28779 58358000
28780 58360000
28781 58368000
28782 58370000
28783 58378000
28784 58380000
28785 58388000
28786 58390000
28787 58398000
28788 583a0000
28789 583a8000
28790 583b0000
28791 583b8000
28792 583c0000
28793 583c8000
28794 583d0000
28795 583d8000
28796 583e0000
28797 583e8000
28798 583f0000
28799 583f8000
28800 58400000
28801 58408000
28802 58410000
28803 58418000
28804 58420000
28805 58428000
28806 58430000
28807 58438000
28808 58440000
28809 58448000
28810 58450000
28811 58458000
28812 58460000
28813 58468000
28814 58470000
28815 58478000
28816 58480000
28817 58488000
28818 58490000
28819 58498000
28820 584a0000
28821 584a8000
28822 584b0000
28823 584b8000
28824 584c0000
28825 584c8000
28826 584d0000
28827 584d8000
28828 584e0000
28829 584e8000
28830 584f0000
28831 584f8000
28832 58500000
28833 58508000
28834 58510000
28835 58518000
28836 58520000
28837 58528000
28838 58530000
28839 58538000
28840 58540000
28841 58548000
28842 58550000
28843 58558000
28844 58560000
28845 58568000
28846 58570000
28847 58578000
28848 58580000
28849 58588000
28850 58590000
28851 58598000
28852 585a0000
28853 585a8000
28854 585b0000
28855 585b8000
28856 585c0000
28857 585c8000
28858 585d0000
28859 585d8000
28860 585e0000
28861 585e8000
28862 585f0000
28863 585f8000
28864 58600000
28865 58608000
28866 58610000
28867 58618000
28868 58620000
28869 58628000
28870 58630000
28871 58638000
28872 58640000
28873 58648000
28874 58650000
28875 58658000
28876 58660000
28877 58668000
28878 58670000
28879 58678000
28880 58680000
28881 58688000
28882 58690000
28883 58698000
28884 586a0000
28885 586a8000
28886 586b0000
28887 586b8000
28888 586c0000
28889 586c8000
28890 586d0000
28891 586d8000
28892 586e0000
28893 586e8000
28894 586f0000
28895 586f8000
28896 58700000
28897 58708000
28898 58710000
28899 58718000
28900 58720000
28901 58728000
28902 58730000
28903 58738000
28904 58740000
28905 58748000
28906 58750000
28907 58758000
28908 58760000
28909 58768000
28910 58770000
28911 58778000
28912 58780000
28913 58788000
28914 58790000
28915 58798000
28916 587a0000
28917 587a8000
28918 587b0000
28919 587b8000
28920 587c0000
28921 587c8000
28922 587d0000
28923 587d8000
28924 587e0000
28925 587e8000
28926 587f0000
28927 587f8000
28928 58800000
28929 58808000
28930 58810000
28931 58818000
28932 58820000
28933 58828000
28934 58830000
28935 58838000
28936 58840000
28937 58848000
28938 58850000
28939 58858000
28940 58860000
28941 58868000
28942 58870000
28943 58878000
28944 58880000
28945 58888000
28946 58890000
28947 58898000
28948 588a0000
28949 588a8000
28950 588b0000
28951 588b8000
28952 588c0000
28953 588c8000
28954 588d0000
28955 588d8000
28956 588e0000
28957 588e8000
28958 588f0000
28959 588f8000
28960 58900000
28961 58908000
28962 58910000
28963 58918000
28964 58920000
28965 58928000
28966 58930000
28967 58938000
28968 58940000
28969 58948000
28970 58950000
28971 58958000
28972 58960000
28973 58968000
28974 58970000
28975 58978000
28976 58980000
28977 58988000
28978 58990000
28979 58998000
28980 589a0000
28981 589a8000
28982 589b0000
28983 589b8000
28984 589c0000
28985 589c8000
28986 589d0000
28987 589d8000
28988 589e0000
28989 589e8000
28990 589f0000
28991 589f8000
28992 58a00000
28993 58a08000
28994 58a10000
28995 58a18000
28996 58a20000
28997 58a28000
28998 58a30000
28999 58a38000
29000 58a40000
29001 58a48000
29002 58a50000
29003 58a58000
29004 58a60000
29005 58a68000
29006 58a70000
29007 58a78000
29008 58a80000
29009 58a88000
29010 58a90000
29011 58a98000
29012 58aa0000
29013 58aa8000
29014 58ab0000
29015 58ab8000
29016 58ac0000
29017 58ac8000
29018 58ad0000
29019 58ad8000
29020 58ae0000
29021 58ae8000
29022 58af0000
29023 58af8000
29024 58b00000
29025 58b08000
29026 58b10000
29027 58b18000
29028 58b20000
29029 58b28000
29030 58b30000
29031 58b38000
29032 58b40000
29033 58b48000
29034 58b50000
29035 58b58000
29036 58b60000
29037 58b68000
29038 58b70000
29039 58b78000
29040 58b80000
29041 58b88000
29042 58b90000
29043 58b98000
29044 58ba0000
29045 58ba8000
29046 58bb0000
29047 58bb8000
29048 58bc0000
29049 58bc8000
29050 58bd0000
29051 58bd8000
29052 58be0000
29053 58be8000
29054 58bf0000
29055 58bf8000
29056 58c00000
29057 58c08000
29058 58c10000
29059 58c18000
29060 58c20000
29061 58c28000
29062 58c30000
29063 58c38000
29064 58c40000
29065 58c48000
29066 58c50000
29067 58c58000
29068 58c60000
29069 58c68000
29070 58c70000
29071 58c78000
29072 58c80000
29073 58c88000
29074 58c90000
29075 58c98000
29076 58ca0000
29077 58ca8000
29078 58cb0000
29079 58cb8000
29080 58cc0000
29081 58cc8000
29082 58cd0000
29083 58cd8000
29084 58ce0000
29085 58ce8000
29086 58cf0000
29087 58cf8000
29088 58d00000
29089 58d08000
29090 58d10000
29091 58d18000
29092 58d20000
29093 58d28000
29094 58d30000
29095 58d38000
29096 58d40000
29097 58d48000
29098 58d50000
29099 58d58000
29100 58d60000
29101 58d68000
29102 58d70000
29103 58d78000
29104 58d80000
29105 58d88000
29106 58d90000
29107 58d98000
29108 58da0000
29109 58da8000
29110 58db0000
29111 58db8000
29112 58dc0000
29113 58dc8000
29114 58dd0000
29115 58dd8000
29116 58de0000
29117 58de8000
29118 58df0000
29119 58df8000
29120 58e00000
29121 58e08000
29122 58e10000
29123 58e18000
29124 58e20000
29125 58e28000
29126 58e30000
29127 58e38000
29128 58e40000
29129 58e48000
29130 58e50000
29131 58e58000
29132 58e60000
29133 58e68000
29134 58e70000
29135 58e78000
29136 58e80000
29137 58e88000
29138 58e90000
29139 58e98000
29140 58ea0000
29141 58ea8000
29142 58eb0000
29143 58eb8000
29144 58ec0000
29145 58ec8000
29146 58ed0000
29147 58ed8000
29148 58ee0000
29149 58ee8000
29150 58ef0000
29151 58ef8000
29152 58f00000
29153 58f08000
29154 58f10000
29155 58f18000
29156 58f20000
29157 58f28000
29158 58f30000
29159 58f38000
29160 58f40000
29161 58f48000
29162 58f50000
29163 58f58000
29164 58f60000
29165 58f68000
29166 58f70000
29167 58f78000
29168 58f80000
29169 58f88000
29170 58f90000
29171 58f98000
29172 58fa0000
29173 58fa8000
29174 58fb0000
29175 58fb8000
29176 58fc0000
29177 58fc8000
29178 58fd0000
29179 58fd8000
29180 58fe0000
29181 58fe8000
29182 58ff0000
29183 58ff8000
29184 59000000
29185 59008000
29186 59010000
29187 59018000
29188 59020000
29189 59028000
29190 59030000
29191 59038000
29192 59040000
29193 59048000
29194 59050000
29195 59058000
29196 59060000
29197 59068000
29198 59070000
29199 59078000
29200 59080000
29201 59088000
29202 59090000
29203 59098000
29204 590a0000
29205 590a8000
29206 590b0000
29207 590b8000
29208 590c0000
29209 590c8000
29210 590d0000
29211 590d8000
29212 590e0000
29213 590e8000
29214 590f0000
29215 590f8000
29216 59100000
29217 59108000
29218 59110000
29219 59118000
29220 59120000
29221 59128000
29222 59130000
29223 59138000
29224 59140000
29225 59148000
29226 59150000
29227 59158000
29228 59160000
29229 59168000
29230 59170000
29231 59178000
29232 59180000
29233 59188000
29234 59190000
29235 59198000
29236 591a0000
29237 591a8000
29238 591b0000
29239 591b8000
29240 591c0000
29241 591c8000
29242 591d0000
29243 591d8000
29244 591e0000
29245 591e8000
29246 591f0000
29247 591f8000
29248 59200000
29249 59208000
29250 59210000
29251 59218000
29252 59220000
29253 59228000
29254 59230000
29255 59238000
29256 59240000
29257 59248000
29258 59250000
29259 59258000
29260 59260000
29261 59268000
29262 59270000
29263 59278000
29264 59280000
29265 59288000
29266 59290000
29267 59298000
29268 592a0000
29269 592a8000
29270 592b0000
29271 592b8000
29272 592c0000
29273 592c8000
29274 592d0000
29275 592d8000
29276 592e0000
29277 592e8000
29278 592f0000
29279 592f8000
29280 59300000
29281 59308000
29282 59310000
29283 59318000
29284 59320000
29285 59328000
29286 59330000
29287 59338000
29288 59340000
29289 59348000
29290 59350000
29291 59358000
29292 59360000
29293 59368000
29294 59370000
29295 59378000
29296 59380000
29297 59388000
29298 59390000
29299 59398000
29300 593a0000
29301 593a8000
29302 593b0000
29303 593b8000
29304 593c0000
29305 593c8000
29306 593d0000
29307 593d8000
29308 593e0000
29309 593e8000
29310 593f0000
29311 593f8000
29312 59400000
29313 59408000
29314 59410000
29315 59418000
29316 59420000
29317 59428000
29318 59430000
29319 59438000
29320 59440000
29321 59448000
29322 59450000
29323 59458000
29324 59460000
29325 59468000
29326 59470000
29327 59478000
29328 59480000
29329 59488000
29330 59490000
29331 59498000
29332 594a0000
29333 594a8000
29334 594b0000
29335 594b8000
29336 594c0000
29337 594c8000
29338 594d0000
29339 594d8000
29340 594e0000
29341 594e8000
29342 594f0000
29343 594f8000
29344 59500000
29345 59508000
29346 59510000
29347 59518000
29348 59520000
29349 59528000
29350 59530000
29351 59538000
29352 59540000
29353 59548000
29354 59550000
29355 59558000
29356 59560000
29357 59568000
29358 59570000
29359 59578000
29360 59580000
29361 59588000
29362 59590000
29363 59598000
29364 595a0000
29365 595a8000
29366 595b0000
29367 595b8000
29368 595c0000
29369 595c8000
29370 595d0000
29371 595d8000
29372 595e0000
29373 595e8000
29374 595f0000
29375 595f8000
29376 59600000
29377 59608000
29378 59610000
29379 59618000
29380 59620000
29381 59628000
29382 59630000
29383 59638000
29384 59640000
29385 59648000
29386 59650000
29387 59658000
29388 59660000
29389 59668000
29390 59670000
29391 59678000
29392 59680000
29393 59688000
29394 59690000
29395 59698000
29396 596a0000
29397 596a8000
29398 596b0000
29399 596b8000
29400 596c0000
29401 596c8000
29402 596d0000
29403 596d8000
29404 596e0000
29405 596e8000
29406 596f0000
29407 596f8000
29408 59700000
29409 59708000
29410 59710000
29411 59718000
29412 59720000
29413 59728000
29414 59730000
29415 59738000
29416 59740000
29417 59748000
29418 59750000
29419 59758000
29420 59760000
29421 59768000
29422 59770000
29423 59778000
29424 59780000
29425 59788000
29426 59790000
29427 59798000
29428 597a0000
29429 597a8000
29430 597b0000
29431 597b8000
29432 597c0000
29433 597c8000
29434 597d0000
29435 597d8000
29436 597e0000
29437 597e8000
29438 597f0000
29439 597f8000
29440 59800000
29441 59808000
29442 59810000
29443 59818000
29444 59820000
29445 59828000
29446 59830000
29447 59838000
29448 59840000
29449 59848000
29450 59850000
29451 59858000
29452 59860000
29453 59868000
29454 59870000
29455 59878000
29456 59880000
29457 59888000
29458 59890000
29459 59898000
29460 598a0000
29461 598a8000
29462 598b0000
29463 598b8000
29464 598c0000
29465 598c8000
29466 598d0000
29467 598d8000
29468 598e0000
29469 598e8000
29470 598f0000
29471 598f8000
29472 59900000
29473 59908000
29474 59910000
29475 59918000
29476 59920000
29477 59928000
29478 59930000
29479 59938000
29480 59940000
29481 59948000
29482 59950000
29483 59958000
29484 59960000
29485 59968000
29486 59970000
29487 59978000
29488 59980000
29489 59988000
29490 59990000
29491 59998000
29492 599a0000
29493 599a8000
29494 599b0000
29495 599b8000
29496 599c0000
29497 599c8000
29498 599d0000
29499 599d8000
29500 599e0000
29501 599e8000
29502 599f0000
29503 599f8000
29504 59a00000
29505 59a08000
29506 59a10000
29507 59a18000
29508 59a20000
29509 59a28000
29510 59a30000
29511 59a38000
29512 59a40000
29513 59a48000
29514 59a50000
29515 59a58000
29516 59a60000
29517 59a68000
29518 59a70000
29519 59a78000
29520 59a80000
29521 59a88000
29522 59a90000
29523 59a98000
29524 59aa0000
29525 59aa8000
29526 59ab0000
29527 59ab8000
29528 59ac0000
29529 59ac8000
29530 59ad0000
29531 59ad8000
29532 59ae0000
29533 59ae8000
29534 59af0000
29535 59af8000
29536 59b00000
29537 59b08000
29538 59b10000
29539 59b18000
29540 59b20000
29541 59b28000
29542 59b30000
29543 59b38000
29544 59b40000
29545 59b48000
29546 59b50000
29547 59b58000
29548 59b60000
29549 59b68000
29550 59b70000
29551 59b78000
29552 59b80000
29553 59b88000
29554 59b90000
29555 59b98000
29556 59ba0000
29557 59ba8000
29558 59bb0000
29559 59bb8000
29560 59bc0000
29561 59bc8000
29562 59bd0000
29563 59bd8000
29564 59be0000
29565 59be8000
29566 59bf0000
29567 59bf8000
29568 59c00000
29569 59c08000
29570 59c10000
29571 59c18000
29572 59c20000
29573 59c28000
29574 59c30000
29575 59c38000
29576 59c40000
29577 59c48000
29578 59c50000
29579 59c58000
29580 59c60000
29581 59c68000
29582 59c70000
29583 59c78000
29584 59c80000
29585 59c88000
29586 59c90000
29587 59c98000
29588 59ca0000
29589 59ca8000
29590 59cb0000
29591 59cb8000
29592 59cc0000
29593 59cc8000
29594 59cd0000
29595 59cd8000
29596 59ce0000
29597 59ce8000
29598 59cf0000
29599 59cf8000
29600 59d00000
29601 59d08000
29602 59d10000
29603 59d18000
29604 59d20000
29605 59d28000
29606 59d30000
29607 59d38000
29608 59d40000
29609 59d48000
29610 59d50000
29611 59d58000
29612 59d60000
29613 59d68000
29614 59d70000
29615 59d78000
29616 59d80000
29617 59d88000
29618 59d90000
29619 59d98000
29620 59da0000
29621 59da8000
29622 59db0000
29623 59db8000
29624 59dc0000
29625 59dc8000
29626 59dd0000
29627 59dd8000
29628 59de0000
29629 59de8000
29630 59df0000
29631 59df8000
29632 59e00000
29633 59e08000
29634 59e10000
29635 59e18000
29636 59e20000
29637 59e28000
29638 59e30000
29639 59e38000
29640 59e40000
29641 59e48000
29642 59e50000
29643 59e58000
29644 59e60000
29645 59e68000
29646 59e70000
29647 59e78000
29648 59e80000
29649 59e88000
29650 59e90000
29651 59e98000
29652 59ea0000
29653 59ea8000
29654 59eb0000
29655 59eb8000
29656 59ec0000
29657 59ec8000
29658 59ed0000
29659 59ed8000
29660 59ee0000
29661 59ee8000
29662 59ef0000
29663 59ef8000
29664 59f00000
29665 59f08000
29666 59f10000
29667 59f18000
29668 59f20000
29669 59f28000
29670 59f30000
29671 59f38000
29672 59f40000
29673 59f48000
29674 59f50000
29675 59f58000
29676 59f60000
29677 59f68000
29678 59f70000
29679 59f78000
29680 59f80000
29681 59f88000
29682 59f90000
29683 59f98000
29684 59fa0000
29685 59fa8000
29686 59fb0000
29687 59fb8000
29688 59fc0000
29689 59fc8000
29690 59fd0000
29691 59fd8000
29692 59fe0000
29693 59fe8000
29694 59ff0000
29695 59ff8000
29696 5a000000
29697 5a008000
29698 5a010000
29699 5a018000
29700 5a020000
29701 5a028000
29702 5a030000
29703 5a038000
29704 5a040000
29705 5a048000
29706 5a050000
29707 5a058000
29708 5a060000
29709 5a068000
29710 5a070000
29711 5a078000
29712 5a080000
29713 5a088000
29714 5a090000
29715 5a098000
29716 5a0a0000
29717 5a0a8000
29718 5a0b0000
29719 5a0b8000
29720 5a0c0000
29721 5a0c8000
29722 5a0d0000
29723 5a0d8000
29724 5a0e0000
29725 5a0e8000
29726 5a0f0000
29727 5a0f8000
29728 5a100000
29729 5a108000
29730 5a110000
29731 5a118000
29732 5a120000
29733 5a128000
29734 5a130000
29735 5a138000
29736 5a140000
29737 5a148000
29738 5a150000
29739 5a158000
29740 5a160000
29741 5a168000
29742 5a170000
29743 5a178000
29744 5a180000
29745 5a188000
29746 5a190000
29747 5a198000
29748 5a1a0000
29749 5a1a8000
29750 5a1b0000
29751 5a1b8000
29752 5a1c0000
29753 5a1c8000
29754 5a1d0000
29755 5a1d8000
29756 5a1e0000
29757 5a1e8000
29758 5a1f0000
29759 5a1f8000
29760 5a200000
29761 5a208000
29762 5a210000
29763 5a218000
29764 5a220000
29765 5a228000
29766 5a230000
29767 5a238000
29768 5a240000
29769 5a248000
29770 5a250000
29771 5a258000
29772 5a260000
29773 5a268000
29774 5a270000
29775 5a278000
29776 5a280000
29777 5a288000
29778 5a290000
29779 5a298000
29780 5a2a0000
29781 5a2a8000
29782 5a2b0000
29783 5a2b8000
29784 5a2c0000
29785 5a2c8000
29786 5a2d0000
29787 5a2d8000
29788 5a2e0000
29789 5a2e8000
29790 5a2f0000
29791 5a2f8000
29792 5a300000
29793 5a308000
29794 5a310000
29795 5a318000
29796 5a320000
29797 5a328000
29798 5a330000
29799 5a338000
29800 5a340000
29801 5a348000
29802 5a350000
29803 5a358000
29804 5a360000
29805 5a368000
29806 5a370000
29807 5a378000
29808 5a380000
29809 5a388000
29810 5a390000
29811 5a398000
29812 5a3a0000
29813 5a3a8000
29814 5a3b0000
29815 5a3b8000
29816 5a3c0000
29817 5a3c8000
29818 5a3d0000
29819 5a3d8000
29820 5a3e0000
29821 5a3e8000
29822 5a3f0000
29823 5a3f8000
29824 5a400000
29825 5a408000
29826 5a410000
29827 5a418000
29828 5a420000
29829 5a428000
29830 5a430000
29831 5a438000
29832 5a440000
29833 5a448000
29834 5a450000
29835 5a458000
29836 5a460000
29837 5a468000
29838 5a470000
29839 5a478000
29840 5a480000
29841 5a488000
29842 5a490000
29843 5a498000
29844 5a4a0000
29845 5a4a8000
29846 5a4b0000
29847 5a4b8000
29848 5a4c0000
29849 5a4c8000
29850 5a4d0000
29851 5a4d8000
29852 5a4e0000
29853 5a4e8000
29854 5a4f0000
29855 5a4f8000
29856 5a500000
29857 5a508000
29858 5a510000
29859 5a518000
29860 5a520000
29861 5a528000
29862 5a530000
29863 5a538000
29864 5a540000
29865 5a548000
29866 5a550000
29867 5a558000
29868 5a560000
29869 5a568000
29870 5a570000
29871 5a578000
29872 5a580000
29873 5a588000
29874 5a590000
29875 5a598000
29876 5a5a0000
29877 5a5a8000
29878 5a5b0000
29879 5a5b8000
29880 5a5c0000
29881 5a5c8000
29882 5a5d0000
29883 5a5d8000
29884 5a5e0000
29885 5a5e8000
29886 5a5f0000
29887 5a5f8000
29888 5a600000
29889 5a608000
29890 5a610000
29891 5a618000
29892 5a620000
29893 5a628000
29894 5a630000
29895 5a638000
29896 5a640000
29897 5a648000
29898 5a650000
29899 5a658000
29900 5a660000
29901 5a668000
29902 5a670000
29903 5a678000
29904 5a680000
29905 5a688000
29906 5a690000
29907 5a698000
29908 5a6a0000
29909 5a6a8000
29910 5a6b0000
29911 5a6b8000
29912 5a6c0000
29913 5a6c8000
29914 5a6d0000
29915 5a6d8000
29916 5a6e0000
29917 5a6e8000
29918 5a6f0000
29919 5a6f8000
29920 5a700000
29921 5a708000
29922 5a710000
29923 5a718000
29924 5a720000
29925 5a728000
29926 5a730000
29927 5a738000
29928 5a740000
29929 5a748000
29930 5a750000
29931 5a758000
29932 5a760000
29933 5a768000
29934 5a770000
29935 5a778000
29936 5a780000
29937 5a788000
29938 5a790000
29939 5a798000
29940 5a7a0000
29941 5a7a8000
29942 5a7b0000
29943 5a7b8000
29944 5a7c0000
29945 5a7c8000
29946 5a7d0000
29947 5a7d8000
29948 5a7e0000
29949 5a7e8000
29950 5a7f0000
29951 5a7f8000
29952 5a800000
29953 5a808000
29954 5a810000
29955 5a818000
29956 5a820000
29957 5a828000
29958 5a830000
29959 5a838000
29960 5a840000
29961 5a848000
29962 5a850000
29963 5a858000
29964 5a860000
29965 5a868000
29966 5a870000
29967 5a878000
29968 5a880000
29969 5a888000
29970 5a890000
29971 5a898000
29972 5a8a0000
29973 5a8a8000
29974 5a8b0000
29975 5a8b8000
29976 5a8c0000
29977 5a8c8000
29978 5a8d0000
29979 5a8d8000
29980 5a8e0000
29981 5a8e8000
29982 5a8f0000
29983 5a8f8000
29984 5a900000
29985 5a908000
29986 5a910000
29987 5a918000
29988 5a920000
29989 5a928000
29990 5a930000
29991 5a938000
29992 5a940000
29993 5a948000
29994 5a950000
29995 5a958000
29996 5a960000
29997 5a968000
29998 5a970000
29999 5a978000
30000 5a980000
30001 5a988000
30002 5a990000
30003 5a998000
30004 5a9a0000
30005 5a9a8000
30006 5a9b0000
30007 5a9b8000
30008 5a9c0000
30009 5a9c8000
30010 5a9d0000
30011 5a9d8000
30012 5a9e0000
30013 5a9e8000
30014 5a9f0000
30015 5a9f8000
30016 5aa00000
30017 5aa08000
30018 5aa10000
30019 5aa18000
30020 5aa20000
30021 5aa28000
30022 5aa30000
30023 5aa38000
30024 5aa40000
30025 5aa48000
30026 5aa50000
30027 5aa58000
30028 5aa60000
30029 5aa68000
30030 5aa70000
30031 5aa78000
30032 5aa80000
30033 5aa88000
30034 5aa90000
30035 5aa98000
30036 5aaa0000
30037 5aaa8000
30038 5aab0000
30039 5aab8000
30040 5aac0000
30041 5aac8000
30042 5aad0000
30043 5aad8000
30044 5aae0000
30045 5aae8000
30046 5aaf0000
30047 5aaf8000
30048 5ab00000
30049 5ab08000
30050 5ab10000
30051 5ab18000
30052 5ab20000
30053 5ab28000
30054 5ab30000
30055 5ab38000
30056 5ab40000
30057 5ab48000
30058 5ab50000
30059 5ab58000
30060 5ab60000
30061 5ab68000
30062 5ab70000
30063 5ab78000
30064 5ab80000
30065 5ab88000
30066 5ab90000
30067 5ab98000
30068 5aba0000
30069 5aba8000
30070 5abb0000
30071 5abb8000
30072 5abc0000
30073 5abc8000
30074 5abd0000
30075 5abd8000
30076 5abe0000
30077 5abe8000
30078 5abf0000
30079 5abf8000
30080 5ac00000
30081 5ac08000
30082 5ac10000
30083 5ac18000
30084 5ac20000
30085 5ac28000
30086 5ac30000
30087 5ac38000
30088 5ac40000
30089 5ac48000
30090 5ac50000
30091 5ac58000
30092 5ac60000
30093 5ac68000
30094 5ac70000
30095 5ac78000
30096 5ac80000
30097 5ac88000
30098 5ac90000
30099 5ac98000
30100 5aca0000
30101 5aca8000
30102 5acb0000
30103 5acb8000
30104 5acc0000
30105 5acc8000
30106 5acd0000
30107 5acd8000
30108 5ace0000
30109 5ace8000
30110 5acf0000
30111 5acf8000
30112 5ad00000
30113 5ad08000
30114 5ad10000
30115 5ad18000
30116 5ad20000
30117 5ad28000
30118 5ad30000
30119 5ad38000
30120 5ad40000
30121 5ad48000
30122 5ad50000
30123 5ad58000
30124 5ad60000
30125 5ad68000
30126 5ad70000
30127 5ad78000
30128 5ad80000
30129 5ad88000
30130 5ad90000
30131 5ad98000
30132 5ada0000
30133 5ada8000
30134 5adb0000
30135 5adb8000
30136 5adc0000
30137 5adc8000
30138 5add0000
30139 5add8000
30140 5ade0000
30141 5ade8000
30142 5adf0000
30143 5adf8000
30144 5ae00000
30145 5ae08000
30146 5ae10000
30147 5ae18000
30148 5ae20000
30149 5ae28000
30150 5ae30000
30151 5ae38000
30152 5ae40000
30153 5ae48000
30154 5ae50000
30155 5ae58000
30156 5ae60000
30157 5ae68000
30158 5ae70000
30159 5ae78000
30160 5ae80000
30161 5ae88000
30162 5ae90000
30163 5ae98000
30164 5aea0000
30165 5aea8000
30166 5aeb0000
30167 5aeb8000
30168 5aec0000
30169 5aec8000
30170 5aed0000
30171 5aed8000
30172 5aee0000
30173 5aee8000
30174 5aef0000
30175 5aef8000
30176 5af00000
30177 5af08000
30178 5af10000
30179 5af18000
30180 5af20000
30181 5af28000
30182 5af30000
30183 5af38000
30184 5af40000
30185 5af48000
30186 5af50000
30187 5af58000
30188 5af60000
30189 5af68000
30190 5af70000
30191 5af78000
30192 5af80000
30193 5af88000
30194 5af90000
30195 5af98000
30196 5afa0000
30197 5afa8000
30198 5afb0000
30199 5afb8000
30200 5afc0000
30201 5afc8000
30202 5afd0000
30203 5afd8000
30204 5afe0000
30205 5afe8000
30206 5aff0000
30207 5aff8000
30208 5b000000
30209 5b008000
30210 5b010000
30211 5b018000
30212 5b020000
30213 5b028000
30214 5b030000
30215 5b038000
30216 5b040000
30217 5b048000
30218 5b050000
30219 5b058000
30220 5b060000
30221 5b068000
30222 5b070000
30223 5b078000
30224 5b080000
30225 5b088000
30226 5b090000
30227 5b098000
30228 5b0a0000
30229 5b0a8000
30230 5b0b0000
30231 5b0b8000
30232 5b0c0000
30233 5b0c8000
30234 5b0d0000
30235 5b0d8000
30236 5b0e0000
30237 5b0e8000
30238 5b0f0000
30239 5b0f8000
30240 5b100000
30241 5b108000
30242 5b110000
30243 5b118000
30244 5b120000
30245 5b128000
30246 5b130000
30247 5b138000
30248 5b140000
30249 5b148000
30250 5b150000
30251 5b158000
30252 5b160000
30253 5b168000
30254 5b170000
30255 5b178000
30256 5b180000
30257 5b188000
30258 5b190000
30259 5b198000
30260 5b1a0000
30261 5b1a8000
30262 5b1b0000
30263 5b1b8000
30264 5b1c0000
30265 5b1c8000
30266 5b1d0000
30267 5b1d8000
30268 5b1e0000
30269 5b1e8000
30270 5b1f0000
30271 5b1f8000
30272 5b200000
30273 5b208000
30274 5b210000
30275 5b218000
30276 5b220000
30277 5b228000
30278 5b230000
30279 5b238000
30280 5b240000
30281 5b248000
30282 5b250000
30283 5b258000
30284 5b260000
30285 5b268000
30286 5b270000
30287 5b278000
30288 5b280000
30289 5b288000
30290 5b290000
30291 5b298000
30292 5b2a0000
30293 5b2a8000
30294 5b2b0000
30295 5b2b8000
30296 5b2c0000
30297 5b2c8000
30298 5b2d0000
30299 5b2d8000
30300 5b2e0000
30301 5b2e8000
30302 5b2f0000
30303 5b2f8000
30304 5b300000
30305 5b308000
30306 5b310000
30307 5b318000
30308 5b320000
30309 5b328000
30310 5b330000
30311 5b338000
30312 5b340000
30313 5b348000
30314 5b350000
30315 5b358000
30316 5b360000
30317 5b368000
30318 5b370000
30319 5b378000
30320 5b380000
30321 5b388000
30322 5b390000
30323 5b398000
30324 5b3a0000
30325 5b3a8000
30326 5b3b0000
30327 5b3b8000
30328 5b3c0000
30329 5b3c8000
30330 5b3d0000
30331 5b3d8000
30332 5b3e0000
30333 5b3e8000
30334 5b3f0000
30335 5b3f8000
30336 5b400000
30337 5b408000
30338 5b410000
30339 5b418000
30340 5b420000
30341 5b428000
30342 5b430000
30343 5b438000
30344 5b440000
30345 5b448000
30346 5b450000
30347 5b458000
30348 5b460000
30349 5b468000
30350 5b470000
30351 5b478000
30352 5b480000
30353 5b488000
30354 5b490000
30355 5b498000
30356 5b4a0000
30357 5b4a8000
30358 5b4b0000
30359 5b4b8000
30360 5b4c0000
30361 5b4c8000
30362 5b4d0000
30363 5b4d8000
30364 5b4e0000
30365 5b4e8000
30366 5b4f0000
30367 5b4f8000
30368 5b500000
30369 5b508000
30370 5b510000
30371 5b518000
30372 5b520000
30373 5b528000
30374 5b530000
30375 5b538000
30376 5b540000
30377 5b548000
30378 5b550000
30379 5b558000
30380 5b560000
30381 5b568000
30382 5b570000
30383 5b578000
30384 5b580000
30385 5b588000
30386 5b590000
30387 5b598000
30388 5b5a0000
30389 5b5a8000
30390 5b5b0000
30391 5b5b8000
30392 5b5c0000
30393 5b5c8000
30394 5b5d0000
30395 5b5d8000
30396 5b5e0000
30397 5b5e8000
30398 5b5f0000
30399 5b5f8000
30400 5b600000
30401 5b608000
30402 5b610000
30403 5b618000
30404 5b620000
30405 5b628000
30406 5b630000
30407 5b638000
30408 5b640000
30409 5b648000
30410 5b650000
30411 5b658000
30412 5b660000
30413 5b668000
30414 5b670000
30415 5b678000
30416 5b680000
30417 5b688000
30418 5b690000
30419 5b698000
30420 5b6a0000
30421 5b6a8000
30422 5b6b0000
30423 5b6b8000
30424 5b6c0000
30425 5b6c8000
30426 5b6d0000
30427 5b6d8000
30428 5b6e0000
30429 5b6e8000
30430 5b6f0000
30431 5b6f8000
30432 5b700000
30433 5b708000
30434 5b710000
30435 5b718000
30436 5b720000
30437 5b728000
30438 5b730000
30439 5b738000
30440 5b740000
30441 5b748000
30442 5b750000
30443 5b758000
30444 5b760000
30445 5b768000
30446 5b770000
30447 5b778000
30448 5b780000
30449 5b788000
30450 5b790000
30451 5b798000
30452 5b7a0000
30453 5b7a8000
30454 5b7b0000
30455 5b7b8000
30456 5b7c0000
30457 5b7c8000
30458 5b7d0000
30459 5b7d8000
30460 5b7e0000
30461 5b7e8000
30462 5b7f0000
30463 5b7f8000
30464 5b800000
30465 5b808000
30466 5b810000
30467 5b818000
30468 5b820000
30469 5b828000
30470 5b830000
30471 5b838000
30472 5b840000
30473 5b848000
30474 5b850000
30475 5b858000
30476 5b860000
30477 5b868000
30478 5b870000
30479 5b878000
30480 5b880000
30481 5b888000
30482 5b890000
30483 5b898000
30484 5b8a0000
30485 5b8a8000
30486 5b8b0000
30487 5b8b8000
30488 5b8c0000
30489 5b8c8000
30490 5b8d0000
30491 5b8d8000
30492 5b8e0000
30493 5b8e8000
30494 5b8f0000
30495 5b8f8000
30496 5b900000
30497 5b908000
30498 5b910000
30499 5b918000
30500 5b920000
30501 5b928000
30502 5b930000
30503 5b938000
30504 5b940000
30505 5b948000
30506 5b950000
30507 5b958000
30508 5b960000
30509 5b968000
30510 5b970000
30511 5b978000
30512 5b980000
30513 5b988000
30514 5b990000
30515 5b998000
30516 5b9a0000
30517 5b9a8000
30518 5b9b0000
30519 5b9b8000
30520 5b9c0000
30521 5b9c8000
30522 5b9d0000
30523 5b9d8000
30524 5b9e0000
30525 5b9e8000
30526 5b9f0000
30527 5b9f8000
30528 5ba00000
30529 5ba08000
30530 5ba10000
30531 5ba18000
30532 5ba20000
30533 5ba28000
30534 5ba30000
30535 5ba38000
30536 5ba40000
30537 5ba48000
30538 5ba50000
30539 5ba58000
30540 5ba60000
30541 5ba68000
30542 5ba70000
30543 5ba78000
30544 5ba80000
30545 5ba88000
30546 5ba90000
30547 5ba98000
30548 5baa0000
30549 5baa8000
30550 5bab0000
30551 5bab8000
30552 5bac0000
30553 5bac8000
30554 5bad0000
30555 5bad8000
30556 5bae0000
30557 5bae8000
30558 5baf0000
30559 5baf8000
30560 5bb00000
30561 5bb08000
30562 5bb10000
30563 5bb18000
30564 5bb20000
30565 5bb28000
30566 5bb30000
30567 5bb38000
30568 5bb40000
30569 5bb48000
30570 5bb50000
30571 5bb58000
30572 5bb60000
30573 5bb68000
30574 5bb70000
30575 5bb78000
30576 5bb80000
30577 5bb88000
30578 5bb90000
30579 5bb98000
30580 5bba0000
30581 5bba8000
30582 5bbb0000
30583 5bbb8000
30584 5bbc0000
30585 5bbc8000
30586 5bbd0000
30587 5bbd8000
30588 5bbe0000
30589 5bbe8000
30590 5bbf0000
30591 5bbf8000
30592 5bc00000
30593 5bc08000
30594 5bc10000
30595 5bc18000
30596 5bc20000
30597 5bc28000
30598 5bc30000
30599 5bc38000
30600 5bc40000
30601 5bc48000
30602 5bc50000
30603 5bc58000
30604 5bc60000
30605 5bc68000
30606 5bc70000
30607 5bc78000
30608 5bc80000
30609 5bc88000
30610 5bc90000
30611 5bc98000
30612 5bca0000
30613 5bca8000
30614 5bcb0000
30615 5bcb8000
30616 5bcc0000
30617 5bcc8000
30618 5bcd0000
30619 5bcd8000
30620 5bce0000
30621 5bce8000
30622 5bcf0000
30623 5bcf8000
30624 5bd00000
30625 5bd08000
30626 5bd10000
30627 5bd18000
30628 5bd20000
30629 5bd28000
30630 5bd30000
30631 5bd38000
30632 5bd40000
30633 5bd48000
30634 5bd50000
30635 5bd58000
30636 5bd60000
30637 5bd68000
30638 5bd70000
30639 5bd78000
30640 5bd80000
30641 5bd88000
30642 5bd90000
30643 5bd98000
30644 5bda0000
30645 5bda8000
30646 5bdb0000
30647 5bdb8000
30648 5bdc0000
30649 5bdc8000
30650 5bdd0000
30651 5bdd8000
30652 5bde0000
30653 5bde8000
30654 5bdf0000
30655 5bdf8000
30656 5be00000
30657 5be08000
30658 5be10000
30659 5be18000
30660 5be20000
30661 5be28000
30662 5be30000
30663 5be38000
30664 5be40000
30665 5be48000
30666 5be50000
30667 5be58000
30668 5be60000
30669 5be68000
30670 5be70000
30671 5be78000
30672 5be80000
30673 5be88000
30674 5be90000
30675 5be98000
30676 5bea0000
30677 5bea8000
30678 5beb0000
30679 5beb8000
30680 5bec0000
30681 5bec8000
30682 5bed0000
30683 5bed8000
30684 5bee0000
30685 5bee8000
30686 5bef0000
30687 5bef8000
30688 5bf00000
30689 5bf08000
30690 5bf10000
30691 5bf18000
30692 5bf20000
30693 5bf28000
30694 5bf30000
30695 5bf38000
30696 5bf40000
30697 5bf48000
30698 5bf50000
30699 5bf58000
30700 5bf60000
30701 5bf68000
30702 5bf70000
30703 5bf78000
30704 5bf80000
30705 5bf88000
30706 5bf90000
30707 5bf98000
30708 5bfa0000
30709 5bfa8000
30710 5bfb0000
30711 5bfb8000
30712 5bfc0000
30713 5bfc8000
30714 5bfd0000
30715 5bfd8000
30716 5bfe0000
30717 5bfe8000
30718 5bff0000
30719 5bff8000
30720 5c000000
30721 5c008000
30722 5c010000
30723 5c018000
30724 5c020000
30725 5c028000
30726 5c030000
30727 5c038000
30728 5c040000
30729 5c048000
30730 5c050000
30731 5c058000
30732 5c060000
30733 5c068000
30734 5c070000
30735 5c078000
30736 5c080000
30737 5c088000
30738 5c090000
30739 5c098000
30740 5c0a0000
30741 5c0a8000
30742 5c0b0000
30743 5c0b8000
30744 5c0c0000
30745 5c0c8000
30746 5c0d0000
30747 5c0d8000
30748 5c0e0000
30749 5c0e8000
30750 5c0f0000
30751 5c0f8000
30752 5c100000
30753 5c108000
30754 5c110000
30755 5c118000
30756 5c120000
30757 5c128000
30758 5c130000
30759 5c138000
30760 5c140000
30761 5c148000
30762 5c150000
30763 5c158000
30764 5c160000
30765 5c168000
30766 5c170000
30767 5c178000
30768 5c180000
30769 5c188000
30770 5c190000
30771 5c198000
30772 5c1a0000
30773 5c1a8000
30774 5c1b0000
30775 5c1b8000
30776 5c1c0000
30777 5c1c8000
30778 5c1d0000
30779 5c1d8000
30780 5c1e0000
30781 5c1e8000
30782 5c1f0000
30783 5c1f8000
30784 5c200000
30785 5c208000
30786 5c210000
30787 5c218000
30788 5c220000
30789 5c228000
30790 5c230000
30791 5c238000
30792 5c240000
30793 5c248000
30794 5c250000
30795 5c258000
30796 5c260000
30797 5c268000
30798 5c270000
30799 5c278000
30800 5c280000
30801 5c288000
30802 5c290000
30803 5c298000
30804 5c2a0000
30805 5c2a8000
30806 5c2b0000
30807 5c2b8000
30808 5c2c0000
30809 5c2c8000
30810 5c2d0000
30811 5c2d8000
30812 5c2e0000
30813 5c2e8000
30814 5c2f0000
30815 5c2f8000
30816 5c300000
30817 5c308000
30818 5c310000
30819 5c318000
30820 5c320000
30821 5c328000
30822 5c330000
30823 5c338000
30824 5c340000
30825 5c348000
30826 5c350000
30827 5c358000
30828 5c360000
30829 5c368000
30830 5c370000
30831 5c378000
30832 5c380000
30833 5c388000
30834 5c390000
30835 5c398000
30836 5c3a0000
30837 5c3a8000
30838 5c3b0000
30839 5c3b8000
30840 5c3c0000
30841 5c3c8000
30842 5c3d0000
30843 5c3d8000
30844 5c3e0000
30845 5c3e8000
30846 5c3f0000
30847 5c3f8000
30848 5c400000
30849 5c408000
30850 5c410000
30851 5c418000
30852 5c420000
30853 5c428000
30854 5c430000
30855 5c438000
30856 5c440000
30857 5c448000
30858 5c450000
30859 5c458000
30860 5c460000
30861 5c468000
30862 5c470000
30863 5c478000
30864 5c480000
30865 5c488000
30866 5c490000
30867 5c498000
30868 5c4a0000
30869 5c4a8000
30870 5c4b0000
30871 5c4b8000
30872 5c4c0000
30873 5c4c8000
30874 5c4d0000
30875 5c4d8000
30876 5c4e0000
30877 5c4e8000
30878 5c4f0000
30879 5c4f8000
30880 5c500000
30881 5c508000
30882 5c510000
30883 5c518000
30884 5c520000
30885 5c528000
30886 5c530000
30887 5c538000
30888 5c540000
30889 5c548000
30890 5c550000
30891 5c558000
30892 5c560000
30893 5c568000
30894 5c570000
30895 5c578000
30896 5c580000
30897 5c588000
30898 5c590000
30899 5c598000
30900 5c5a0000
30901 5c5a8000
30902 5c5b0000
30903 5c5b8000
30904 5c5c0000
30905 5c5c8000
30906 5c5d0000
30907 5c5d8000
30908 5c5e0000
30909 5c5e8000
30910 5c5f0000
30911 5c5f8000
30912 5c600000
30913 5c608000
30914 5c610000
30915 5c618000
30916 5c620000
30917 5c628000
30918 5c630000
30919 5c638000
30920 5c640000
30921 5c648000
30922 5c650000
30923 5c658000
30924 5c660000
30925 5c668000
30926 5c670000
30927 5c678000
30928 5c680000
30929 5c688000
30930 5c690000
30931 5c698000
30932 5c6a0000
30933 5c6a8000
30934 5c6b0000
30935 5c6b8000
30936 5c6c0000
30937 5c6c8000
30938 5c6d0000
30939 5c6d8000
30940 5c6e0000
30941 5c6e8000
30942 5c6f0000
30943 5c6f8000
30944 5c700000
30945 5c708000
30946 5c710000
30947 5c718000
30948 5c720000
30949 5c728000
30950 5c730000
30951 5c738000
30952 5c740000
30953 5c748000
30954 5c750000
30955 5c758000
30956 5c760000
30957 5c768000
30958 5c770000
30959 5c778000
30960 5c780000
30961 5c788000
30962 5c790000
30963 5c798000
30964 5c7a0000
30965 5c7a8000
30966 5c7b0000
30967 5c7b8000
30968 5c7c0000
30969 5c7c8000
30970 5c7d0000
30971 5c7d8000
30972 5c7e0000
30973 5c7e8000
30974 5c7f0000
30975 5c7f8000
30976 5c800000
30977 5c808000
30978 5c810000
30979 5c818000
30980 5c820000
30981 5c828000
30982 5c830000
30983 5c838000
30984 5c840000
30985 5c848000
30986 5c850000
30987 5c858000
30988 5c860000
30989 5c868000
30990 5c870000
30991 5c878000
30992 5c880000
30993 5c888000
30994 5c890000
30995 5c898000
30996 5c8a0000
30997 5c8a8000
30998 5c8b0000
30999 5c8b8000
31000 5c8c0000
31001 5c8c8000
31002 5c8d0000
31003 5c8d8000
31004 5c8e0000
31005 5c8e8000
31006 5c8f0000
31007 5c8f8000
31008 5c900000
31009 5c908000
31010 5c910000
31011 5c918000
31012 5c920000
31013 5c928000
31014 5c930000
31015 5c938000
31016 5c940000
31017 5c948000
31018 5c950000
31019 5c958000
31020 5c960000
31021 5c968000
31022 5c970000
31023 5c978000
31024 5c980000
31025 5c988000
31026 5c990000
31027 5c998000
31028 5c9a0000
31029 5c9a8000
31030 5c9b0000
31031 5c9b8000
31032 5c9c0000
31033 5c9c8000
31034 5c9d0000
31035 5c9d8000
31036 5c9e0000
31037 5c9e8000
31038 5c9f0000
31039 5c9f8000
31040 5ca00000
31041 5ca08000
31042 5ca10000
31043 5ca18000
31044 5ca20000
31045 5ca28000
31046 5ca30000
31047 5ca38000
31048 5ca40000
31049 5ca48000
31050 5ca50000
31051 5ca58000
31052 5ca60000
31053 5ca68000
31054 5ca70000
31055 5ca78000
31056 5ca80000
31057 5ca88000
31058 5ca90000
31059 5ca98000
31060 5caa0000
31061 5caa8000
31062 5cab0000
31063 5cab8000
31064 5cac0000
31065 5cac8000
31066 5cad0000
31067 5cad8000
31068 5cae0000
31069 5cae8000
31070 5caf0000
31071 5caf8000
31072 5cb00000
31073 5cb08000
31074 5cb10000
31075 5cb18000
31076 5cb20000
31077 5cb28000
31078 5cb30000
31079 5cb38000
31080 5cb40000
31081 5cb48000
31082 5cb50000
31083 5cb58000
31084 5cb60000
31085 5cb68000
31086 5cb70000
31087 5cb78000
31088 5cb80000
31089 5cb88000
31090 5cb90000
31091 5cb98000
31092 5cba0000
31093 5cba8000
31094 5cbb0000
31095 5cbb8000
31096 5cbc0000
31097 5cbc8000
31098 5cbd0000
31099 5cbd8000
31100 5cbe0000
31101 5cbe8000
31102 5cbf0000
31103 5cbf8000
31104 5cc00000
31105 5cc08000
31106 5cc10000
31107 5cc18000
31108 5cc20000
31109 5cc28000
31110 5cc30000
31111 5cc38000
31112 5cc40000
31113 5cc48000
31114 5cc50000
31115 5cc58000
31116 5cc60000
31117 5cc68000
31118 5cc70000
31119 5cc78000
31120 5cc80000
31121 5cc88000
31122 5cc90000
31123 5cc98000
31124 5cca0000
31125 5cca8000
31126 5ccb0000
31127 5ccb8000
31128 5ccc0000
31129 5ccc8000
31130 5ccd0000
31131 5ccd8000
31132 5cce0000
31133 5cce8000
31134 5ccf0000
31135 5ccf8000
31136 5cd00000
31137 5cd08000
31138 5cd10000
31139 5cd18000
31140 5cd20000
31141 5cd28000
31142 5cd30000
31143 5cd38000
31144 5cd40000
31145 5cd48000
31146 5cd50000
31147 5cd58000
31148 5cd60000
31149 5cd68000
31150 5cd70000
31151 5cd78000
31152 5cd80000
31153 5cd88000
31154 5cd90000
31155 5cd98000
31156 5cda0000
31157 5cda8000
31158 5cdb0000
31159 5cdb8000
31160 5cdc0000
31161 5cdc8000
31162 5cdd0000
31163 5cdd8000
31164 5cde0000
31165 5cde8000
31166 5cdf0000
31167 5cdf8000
31168 5ce00000
31169 5ce08000
31170 5ce10000
31171 5ce18000
31172 5ce20000
31173 5ce28000
31174 5ce30000
31175 5ce38000
31176 5ce40000
31177 5ce48000
31178 5ce50000
31179 5ce58000
31180 5ce60000
31181 5ce68000
31182 5ce70000
31183 5ce78000
31184 5ce80000
31185 5ce88000
31186 5ce90000
31187 5ce98000
31188 5cea0000
31189 5cea8000
31190 5ceb0000
31191 5ceb8000
31192 5cec0000
31193 5cec8000
31194 5ced0000
31195 5ced8000
31196 5cee0000
31197 5cee8000
31198 5cef0000
31199 5cef8000
31200 5cf00000
31201 5cf08000
31202 5cf10000
31203 5cf18000
31204 5cf20000
31205 5cf28000
31206 5cf30000
31207 5cf38000
31208 5cf40000
31209 5cf48000
31210 5cf50000
31211 5cf58000
31212 5cf60000
31213 5cf68000
31214 5cf70000
31215 5cf78000
31216 5cf80000
31217 5cf88000
31218 5cf90000
31219 5cf98000
31220 5cfa0000
31221 5cfa8000
31222 5cfb0000
31223 5cfb8000
31224 5cfc0000
31225 5cfc8000
31226 5cfd0000
31227 5cfd8000
31228 5cfe0000
31229 5cfe8000
31230 5cff0000
31231 5cff8000
31232 5d000000
31233 5d008000
31234 5d010000
31235 5d018000
31236 5d020000
31237 5d028000
31238 5d030000
31239 5d038000
31240 5d040000
31241 5d048000
31242 5d050000
31243 5d058000
31244 5d060000
31245 5d068000
31246 5d070000
31247 5d078000
31248 5d080000
31249 5d088000
31250 5d090000
31251 5d098000
31252 5d0a0000
31253 5d0a8000
31254 5d0b0000
31255 5d0b8000
31256 5d0c0000
31257 5d0c8000
31258 5d0d0000
31259 5d0d8000
31260 5d0e0000
31261 5d0e8000
31262 5d0f0000
31263 5d0f8000
31264 5d100000
31265 5d108000
31266 5d110000
31267 5d118000
31268 5d120000
31269 5d128000
31270 5d130000
31271 5d138000
31272 5d140000
31273 5d148000
31274 5d150000
31275 5d158000
31276 5d160000
31277 5d168000
31278 5d170000
31279 5d178000
31280 5d180000
31281 5d188000
31282 5d190000
31283 5d198000
31284 5d1a0000
31285 5d1a8000
31286 5d1b0000
31287 5d1b8000
31288 5d1c0000
31289 5d1c8000
31290 5d1d0000
31291 5d1d8000
31292 5d1e0000
31293 5d1e8000
31294 5d1f0000
31295 5d1f8000
31296 5d200000
31297 5d208000
31298 5d210000
31299 5d218000
31300 5d220000
31301 5d228000
31302 5d230000
31303 5d238000
31304 5d240000
31305 5d248000
31306 5d250000
31307 5d258000
31308 5d260000
31309 5d268000
31310 5d270000
31311 5d278000
31312 5d280000
31313 5d288000
31314 5d290000
31315 5d298000
31316 5d2a0000
31317 5d2a8000
31318 5d2b0000
31319 5d2b8000
31320 5d2c0000
31321 5d2c8000
31322 5d2d0000
31323 5d2d8000
31324 5d2e0000
31325 5d2e8000
31326 5d2f0000
31327 5d2f8000
31328 5d300000
31329 5d308000
31330 5d310000
31331 5d318000
31332 5d320000
31333 5d328000
31334 5d330000
31335 5d338000
31336 5d340000
31337 5d348000
31338 5d350000
31339 5d358000
31340 5d360000
31341 5d368000
31342 5d370000
31343 5d378000
31344 5d380000
31345 5d388000
31346 5d390000
31347 5d398000
31348 5d3a0000
31349 5d3a8000
31350 5d3b0000
31351 5d3b8000
31352 5d3c0000
31353 5d3c8000
31354 5d3d0000
31355 5d3d8000
31356 5d3e0000
31357 5d3e8000
31358 5d3f0000
31359 5d3f8000
31360 5d400000
31361 5d408000
31362 5d410000
31363 5d418000
31364 5d420000
31365 5d428000
31366 5d430000
31367 5d438000
31368 5d440000
31369 5d448000
31370 5d450000
31371 5d458000
31372 5d460000
31373 5d468000
31374 5d470000
31375 5d478000
31376 5d480000
31377 5d488000
31378 5d490000
31379 5d498000
31380 5d4a0000
31381 5d4a8000
31382 5d4b0000
31383 5d4b8000
31384 5d4c0000
31385 5d4c8000
31386 5d4d0000
31387 5d4d8000
31388 5d4e0000
31389 5d4e8000
31390 5d4f0000
31391 5d4f8000
31392 5d500000
31393 5d508000
31394 5d510000
31395 5d518000
31396 5d520000
31397 5d528000
31398 5d530000
31399 5d538000
31400 5d540000
31401 5d548000
31402 5d550000
31403 5d558000
31404 5d560000
31405 5d568000
31406 5d570000
31407 5d578000
31408 5d580000
31409 5d588000
31410 5d590000
31411 5d598000
31412 5d5a0000
31413 5d5a8000
31414 5d5b0000
31415 5d5b8000
31416 5d5c0000
31417 5d5c8000
31418 5d5d0000
31419 5d5d8000
31420 5d5e0000
31421 5d5e8000
31422 5d5f0000
31423 5d5f8000
31424 5d600000
31425 5d608000
31426 5d610000
31427 5d618000
31428 5d620000
31429 5d628000
31430 5d630000
31431 5d638000
31432 5d640000
31433 5d648000
31434 5d650000
31435 5d658000
31436 5d660000
31437 5d668000
31438 5d670000
31439 5d678000
31440 5d680000
31441 5d688000
31442 5d690000
31443 5d698000
31444 5d6a0000
31445 5d6a8000
31446 5d6b0000
31447 5d6b8000
31448 5d6c0000
31449 5d6c8000
31450 5d6d0000
31451 5d6d8000
31452 5d6e0000
31453 5d6e8000
31454 5d6f0000
31455 5d6f8000
31456 5d700000
31457 5d708000
31458 5d710000
31459 5d718000
31460 5d720000
31461 5d728000
31462 5d730000
31463 5d738000
31464 5d740000
31465 5d748000
31466 5d750000
31467 5d758000
31468 5d760000
31469 5d768000
31470 5d770000
31471 5d778000
31472 5d780000
31473 5d788000
31474 5d790000
31475 5d798000
31476 5d7a0000
31477 5d7a8000
31478 5d7b0000
31479 5d7b8000
31480 5d7c0000
31481 5d7c8000
31482 5d7d0000
31483 5d7d8000
31484 5d7e0000
31485 5d7e8000
31486 5d7f0000
31487 5d7f8000
31488 5d800000
31489 5d808000
31490 5d810000
31491 5d818000
31492 5d820000
31493 5d828000
31494 5d830000
31495 5d838000
31496 5d840000
31497 5d848000
31498 5d850000
31499 5d858000
31500 5d860000
31501 5d868000
31502 5d870000
31503 5d878000
31504 5d880000
31505 5d888000
31506 5d890000
31507 5d898000
31508 5d8a0000
31509 5d8a8000
31510 5d8b0000
31511 5d8b8000
31512 5d8c0000
31513 5d8c8000
31514 5d8d0000
31515 5d8d8000
31516 5d8e0000
31517 5d8e8000
31518 5d8f0000
31519 5d8f8000
31520 5d900000
31521 5d908000
31522 5d910000
31523 5d918000
31524 5d920000
31525 5d928000
31526 5d930000
31527 5d938000
31528 5d940000
31529 5d948000
31530 5d950000
31531 5d958000
31532 5d960000
31533 5d968000
31534 5d970000
31535 5d978000
31536 5d980000
31537 5d988000
31538 5d990000
31539 5d998000
31540 5d9a0000
31541 5d9a8000
31542 5d9b0000
31543 5d9b8000
31544 5d9c0000
31545 5d9c8000
31546 5d9d0000
31547 5d9d8000
31548 5d9e0000
31549 5d9e8000
31550 5d9f0000
31551 5d9f8000
31552 5da00000
31553 5da08000
31554 5da10000
31555 5da18000
31556 5da20000
31557 5da28000
31558 5da30000
31559 5da38000
31560 5da40000
31561 5da48000
31562 5da50000
31563 5da58000
31564 5da60000
31565 5da68000
31566 5da70000
31567 5da78000
31568 5da80000
31569 5da88000
31570 5da90000
31571 5da98000
31572 5daa0000
31573 5daa8000
31574 5dab0000
31575 5dab8000
31576 5dac0000
31577 5dac8000
31578 5dad0000
31579 5dad8000
31580 5dae0000
31581 5dae8000
31582 5daf0000
31583 5daf8000
31584 5db00000
31585 5db08000
31586 5db10000
31587 5db18000
31588 5db20000
31589 5db28000
31590 5db30000
31591 5db38000
31592 5db40000
31593 5db48000
31594 5db50000
31595 5db58000
31596 5db60000
31597 5db68000
31598 5db70000
31599 5db78000
31600 5db80000
31601 5db88000
31602 5db90000
31603 5db98000
31604 5dba0000
31605 5dba8000
31606 5dbb0000
31607 5dbb8000
31608 5dbc0000
31609 5dbc8000
31610 5dbd0000
31611 5dbd8000
31612 5dbe0000
31613 5dbe8000
31614 5dbf0000
31615 5dbf8000
31616 5dc00000
31617 5dc08000
31618 5dc10000
31619 5dc18000
31620 5dc20000
31621 5dc28000
31622 5dc30000
31623 5dc38000
31624 5dc40000
31625 5dc48000
31626 5dc50000
31627 5dc58000
31628 5dc60000
31629 5dc68000
31630 5dc70000
31631 5dc78000
31632 5dc80000
31633 5dc88000
31634 5dc90000
31635 5dc98000
31636 5dca0000
31637 5dca8000
31638 5dcb0000
31639 5dcb8000
31640 5dcc0000
31641 5dcc8000
31642 5dcd0000
31643 5dcd8000
31644 5dce0000
31645 5dce8000
31646 5dcf0000
31647 5dcf8000
31648 5dd00000
31649 5dd08000
31650 5dd10000
31651 5dd18000
31652 5dd20000
31653 5dd28000
31654 5dd30000
31655 5dd38000
31656 5dd40000
31657 5dd48000
31658 5dd50000
31659 5dd58000
31660 5dd60000
31661 5dd68000
31662 5dd70000
31663 5dd78000
31664 5dd80000
31665 5dd88000
31666 5dd90000
31667 5dd98000
31668 5dda0000
31669 5dda8000
31670 5ddb0000
31671 5ddb8000
31672 5ddc0000
31673 5ddc8000
31674 5ddd0000
31675 5ddd8000
31676 5dde0000
31677 5dde8000
31678 5ddf0000
31679 5ddf8000
31680 5de00000
31681 5de08000
31682 5de10000
31683 5de18000
31684 5de20000
31685 5de28000
31686 5de30000
31687 5de38000
31688 5de40000
31689 5de48000
31690 5de50000
31691 5de58000
31692 5de60000
31693 5de68000
31694 5de70000
31695 5de78000
31696 5de80000
31697 5de88000
31698 5de90000
31699 5de98000
31700 5dea0000
31701 5dea8000
31702 5deb0000
31703 5deb8000
31704 5dec0000
31705 5dec8000
31706 5ded0000
31707 5ded8000
31708 5dee0000
31709 5dee8000
31710 5def0000
31711 5def8000
31712 5df00000
31713 5df08000
31714 5df10000
31715 5df18000
31716 5df20000
31717 5df28000
31718 5df30000
31719 5df38000
31720 5df40000
31721 5df48000
31722 5df50000
31723 5df58000
31724 5df60000
31725 5df68000
31726 5df70000
31727 5df78000
31728 5df80000
31729 5df88000
31730 5df90000
31731 5df98000
31732 5dfa0000
31733 5dfa8000
31734 5dfb0000
31735 5dfb8000
31736 5dfc0000
31737 5dfc8000
31738 5dfd0000
31739 5dfd8000
31740 5dfe0000
31741 5dfe8000
31742 5dff0000
31743 5dff8000
31744 5e000000
31745 5e008000
31746 5e010000
31747 5e018000
31748 5e020000
31749 5e028000
31750 5e030000
31751 5e038000
31752 5e040000
31753 5e048000
31754 5e050000
31755 5e058000
31756 5e060000
31757 5e068000
31758 5e070000
31759 5e078000
31760 5e080000
31761 5e088000
31762 5e090000
31763 5e098000
31764 5e0a0000
31765 5e0a8000
31766 5e0b0000
31767 5e0b8000
31768 5e0c0000
31769 5e0c8000
31770 5e0d0000
31771 5e0d8000
31772 5e0e0000
31773 5e0e8000
31774 5e0f0000
31775 5e0f8000
31776 5e100000
31777 5e108000
31778 5e110000
31779 5e118000
31780 5e120000
31781 5e128000
31782 5e130000
31783 5e138000
31784 5e140000
31785 5e148000
31786 5e150000
31787 5e158000
31788 5e160000
31789 5e168000
31790 5e170000
31791 5e178000
31792 5e180000
31793 5e188000
31794 5e190000
31795 5e198000
31796 5e1a0000
31797 5e1a8000
31798 5e1b0000
31799 5e1b8000
31800 5e1c0000
31801 5e1c8000
31802 5e1d0000
31803 5e1d8000
31804 5e1e0000
31805 5e1e8000
31806 5e1f0000
31807 5e1f8000
31808 5e200000
31809 5e208000
31810 5e210000
31811 5e218000
31812 5e220000
31813 5e228000
31814 5e230000
31815 5e238000
31816 5e240000
31817 5e248000
31818 5e250000
31819 5e258000
31820 5e260000
31821 5e268000
31822 5e270000
31823 5e278000
31824 5e280000
31825 5e288000
31826 5e290000
31827 5e298000
31828 5e2a0000
31829 5e2a8000
31830 5e2b0000
31831 5e2b8000
31832 5e2c0000
31833 5e2c8000
31834 5e2d0000
31835 5e2d8000
31836 5e2e0000
31837 5e2e8000
31838 5e2f0000
31839 5e2f8000
31840 5e300000
31841 5e308000
31842 5e310000
31843 5e318000
31844 5e320000
31845 5e328000
31846 5e330000
31847 5e338000
31848 5e340000
31849 5e348000
31850 5e350000
31851 5e358000
31852 5e360000
31853 5e368000
31854 5e370000
31855 5e378000
31856 5e380000
31857 5e388000
31858 5e390000
31859 5e398000
31860 5e3a0000
31861 5e3a8000
31862 5e3b0000
31863 5e3b8000
31864 5e3c0000
31865 5e3c8000
31866 5e3d0000
31867 5e3d8000
31868 5e3e0000
31869 5e3e8000
31870 5e3f0000
31871 5e3f8000
31872 5e400000
31873 5e408000
31874 5e410000
31875 5e418000
31876 5e420000
31877 5e428000
31878 5e430000
31879 5e438000
31880 5e440000
31881 5e448000
31882 5e450000
31883 5e458000
31884 5e460000
31885 5e468000
31886 5e470000
31887 5e478000
31888 5e480000
31889 5e488000
31890 5e490000
31891 5e498000
31892 5e4a0000
31893 5e4a8000
31894 5e4b0000
31895 5e4b8000
31896 5e4c0000
31897 5e4c8000
31898 5e4d0000
31899 5e4d8000
31900 5e4e0000
31901 5e4e8000
31902 5e4f0000
31903 5e4f8000
31904 5e500000
31905 5e508000
31906 5e510000
31907 5e518000
31908 5e520000
31909 5e528000
31910 5e530000
31911 5e538000
31912 5e540000
31913 5e548000
31914 5e550000
31915 5e558000
31916 5e560000
31917 5e568000
31918 5e570000
31919 5e578000
31920 5e580000
31921 5e588000
31922 5e590000
31923 5e598000
31924 5e5a0000
31925 5e5a8000
31926 5e5b0000
31927 5e5b8000
31928 5e5c0000
31929 5e5c8000
31930 5e5d0000
31931 5e5d8000
31932 5e5e0000
31933 5e5e8000
31934 5e5f0000
31935 5e5f8000
31936 5e600000
31937 5e608000
31938 5e610000
31939 5e618000
31940 5e620000
31941 5e628000
31942 5e630000
31943 5e638000
31944 5e640000
31945 5e648000
31946 5e650000
31947 5e658000
31948 5e660000
31949 5e668000
31950 5e670000
31951 5e678000
31952 5e680000
31953 5e688000
31954 5e690000
31955 5e698000
31956 5e6a0000
31957 5e6a8000
31958 5e6b0000
31959 5e6b8000
31960 5e6c0000
31961 5e6c8000
31962 5e6d0000
31963 5e6d8000
31964 5e6e0000
31965 5e6e8000
31966 5e6f0000
31967 5e6f8000
31968 5e700000
31969 5e708000
31970 5e710000
31971 5e718000
31972 5e720000
31973 5e728000
31974 5e730000
31975 5e738000
31976 5e740000
31977 5e748000
31978 5e750000
31979 5e758000
31980 5e760000
31981 5e768000
31982 5e770000
31983 5e778000
31984 5e780000
31985 5e788000
31986 5e790000
31987 5e798000
31988 5e7a0000
31989 5e7a8000
31990 5e7b0000
31991 5e7b8000
31992 5e7c0000
31993 5e7c8000
31994 5e7d0000
31995 5e7d8000
31996 5e7e0000
31997 5e7e8000
31998 5e7f0000
31999 5e7f8000
32000 5e800000
32001 5e808000
32002 5e810000
32003 5e818000
32004 5e820000
32005 5e828000
32006 5e830000
32007 5e838000
32008 5e840000
32009 5e848000
32010 5e850000
32011 5e858000
32012 5e860000
32013 5e868000
32014 5e870000
32015 5e878000
32016 5e880000
32017 5e888000
32018 5e890000
32019 5e898000
32020 5e8a0000
32021 5e8a8000
32022 5e8b0000
32023 5e8b8000
32024 5e8c0000
32025 5e8c8000
32026 5e8d0000
32027 5e8d8000
32028 5e8e0000
32029 5e8e8000
32030 5e8f0000
32031 5e8f8000
32032 5e900000
32033 5e908000
32034 5e910000
32035 5e918000
32036 5e920000
32037 5e928000
32038 5e930000
32039 5e938000
32040 5e940000
32041 5e948000
32042 5e950000
32043 5e958000
32044 5e960000
32045 5e968000
32046 5e970000
32047 5e978000
32048 5e980000
32049 5e988000
32050 5e990000
32051 5e998000
32052 5e9a0000
32053 5e9a8000
32054 5e9b0000
32055 5e9b8000
32056 5e9c0000
32057 5e9c8000
32058 5e9d0000
32059 5e9d8000
32060 5e9e0000
32061 5e9e8000
32062 5e9f0000
32063 5e9f8000
32064 5ea00000
32065 5ea08000
32066 5ea10000
32067 5ea18000
32068 5ea20000
32069 5ea28000
32070 5ea30000
32071 5ea38000
32072 5ea40000
32073 5ea48000
32074 5ea50000
32075 5ea58000
32076 5ea60000
32077 5ea68000
32078 5ea70000
32079 5ea78000
32080 5ea80000
32081 5ea88000
32082 5ea90000
32083 5ea98000
32084 5eaa0000
32085 5eaa8000
32086 5eab0000
32087 5eab8000
32088 5eac0000
32089 5eac8000
32090 5ead0000
32091 5ead8000
32092 5eae0000
32093 5eae8000
32094 5eaf0000
32095 5eaf8000
32096 5eb00000
32097 5eb08000
32098 5eb10000
32099 5eb18000
32100 5eb20000
32101 5eb28000
32102 5eb30000
32103 5eb38000
32104 5eb40000
32105 5eb48000
32106 5eb50000
32107 5eb58000
32108 5eb60000
32109 5eb68000
32110 5eb70000
32111 5eb78000
32112 5eb80000
32113 5eb88000
32114 5eb90000
32115 5eb98000
32116 5eba0000
32117 5eba8000
32118 5ebb0000
32119 5ebb8000
32120 5ebc0000
32121 5ebc8000
32122 5ebd0000
32123 5ebd8000
32124 5ebe0000
32125 5ebe8000
32126 5ebf0000
32127 5ebf8000
32128 5ec00000
32129 5ec08000
32130 5ec10000
32131 5ec18000
32132 5ec20000
32133 5ec28000
32134 5ec30000
32135 5ec38000
32136 5ec40000
32137 5ec48000
32138 5ec50000
32139 5ec58000
32140 5ec60000
32141 5ec68000
32142 5ec70000
32143 5ec78000
32144 5ec80000
32145 5ec88000
32146 5ec90000
32147 5ec98000
32148 5eca0000
32149 5eca8000
32150 5ecb0000
32151 5ecb8000
32152 5ecc0000
32153 5ecc8000
32154 5ecd0000
32155 5ecd8000
32156 5ece0000
32157 5ece8000
32158 5ecf0000
32159 5ecf8000
32160 5ed00000
32161 5ed08000
32162 5ed10000
32163 5ed18000
32164 5ed20000
32165 5ed28000
32166 5ed30000
32167 5ed38000
32168 5ed40000
32169 5ed48000
32170 5ed50000
32171 5ed58000
32172 5ed60000
32173 5ed68000
32174 5ed70000
32175 5ed78000
32176 5ed80000
32177 5ed88000
32178 5ed90000
32179 5ed98000
32180 5eda0000
32181 5eda8000
32182 5edb0000
32183 5edb8000
32184 5edc0000
32185 5edc8000
32186 5edd0000
32187 5edd8000
32188 5ede0000
32189 5ede8000
32190 5edf0000
32191 5edf8000
32192 5ee00000
32193 5ee08000
32194 5ee10000
32195 5ee18000
32196 5ee20000
32197 5ee28000
32198 5ee30000
32199 5ee38000
32200 5ee40000
32201 5ee48000
32202 5ee50000
32203 5ee58000
32204 5ee60000
32205 5ee68000
32206 5ee70000
32207 5ee78000
32208 5ee80000
32209 5ee88000
32210 5ee90000
32211 5ee98000
32212 5eea0000
32213 5eea8000
32214 5eeb0000
32215 5eeb8000
32216 5eec0000
32217 5eec8000
32218 5eed0000
32219 5eed8000
32220 5eee0000
32221 5eee8000
32222 5eef0000
32223 5eef8000
32224 5ef00000
32225 5ef08000
32226 5ef10000
32227 5ef18000
32228 5ef20000
32229 5ef28000
32230 5ef30000
32231 5ef38000
32232 5ef40000
32233 5ef48000
32234 5ef50000
32235 5ef58000
32236 5ef60000
32237 5ef68000
32238 5ef70000
32239 5ef78000
32240 5ef80000
32241 5ef88000
32242 5ef90000
32243 5ef98000
32244 5efa0000
32245 5efa8000
32246 5efb0000
32247 5efb8000
32248 5efc0000
32249 5efc8000
32250 5efd0000
32251 5efd8000
32252 5efe0000
32253 5efe8000
32254 5eff0000
32255 5eff8000
32256 5f000000
32257 5f008000
32258 5f010000
32259 5f018000
32260 5f020000
32261 5f028000
32262 5f030000
32263 5f038000
32264 5f040000
32265 5f048000
32266 5f050000
32267 5f058000
32268 5f060000
32269 5f068000
32270 5f070000
32271 5f078000
32272 5f080000
32273 5f088000
32274 5f090000
32275 5f098000
32276 5f0a0000
32277 5f0a8000
32278 5f0b0000
32279 5f0b8000
32280 5f0c0000
32281 5f0c8000
32282 5f0d0000
32283 5f0d8000
32284 5f0e0000
32285 5f0e8000
32286 5f0f0000
32287 5f0f8000
32288 5f100000
32289 5f108000
32290 5f110000
32291 5f118000
32292 5f120000
32293 5f128000
32294 5f130000
32295 5f138000
32296 5f140000
32297 5f148000
32298 5f150000
32299 5f158000
32300 5f160000
32301 5f168000
32302 5f170000
32303 5f178000
32304 5f180000
32305 5f188000
32306 5f190000
32307 5f198000
32308 5f1a0000
32309 5f1a8000
32310 5f1b0000
32311 5f1b8000
32312 5f1c0000
32313 5f1c8000
32314 5f1d0000
32315 5f1d8000
32316 5f1e0000
32317 5f1e8000
32318 5f1f0000
32319 5f1f8000
32320 5f200000
32321 5f208000
32322 5f210000
32323 5f218000
32324 5f220000
32325 5f228000
32326 5f230000
32327 5f238000
32328 5f240000
32329 5f248000
32330 5f250000
32331 5f258000
32332 5f260000
32333 5f268000
32334 5f270000
32335 5f278000
32336 5f280000
32337 5f288000
32338 5f290000
32339 5f298000
32340 5f2a0000
32341 5f2a8000
32342 5f2b0000
32343 5f2b8000
32344 5f2c0000
32345 5f2c8000
32346 5f2d0000
32347 5f2d8000
32348 5f2e0000
32349 5f2e8000
32350 5f2f0000
32351 5f2f8000
32352 5f300000
32353 5f308000
32354 5f310000
32355 5f318000
32356 5f320000
32357 5f328000
32358 5f330000
32359 5f338000
32360 5f340000
32361 5f348000
32362 5f350000
32363 5f358000
32364 5f360000
32365 5f368000
32366 5f370000
32367 5f378000
32368 5f380000
32369 5f388000
32370 5f390000
32371 5f398000
32372 5f3a0000
32373 5f3a8000
32374 5f3b0000
32375 5f3b8000
32376 5f3c0000
32377 5f3c8000
32378 5f3d0000
32379 5f3d8000
32380 5f3e0000
32381 5f3e8000
32382 5f3f0000
32383 5f3f8000
32384 5f400000
32385 5f408000
32386 5f410000
32387 5f418000
32388 5f420000
32389 5f428000
32390 5f430000
32391 5f438000
32392 5f440000
32393 5f448000
32394 5f450000
32395 5f458000
32396 5f460000
32397 5f468000
32398 5f470000
32399 5f478000
32400 5f480000
32401 5f488000
32402 5f490000
32403 5f498000
32404 5f4a0000
32405 5f4a8000
32406 5f4b0000
32407 5f4b8000
32408 5f4c0000
32409 5f4c8000
32410 5f4d0000
32411 5f4d8000
32412 5f4e0000
32413 5f4e8000
32414 5f4f0000
32415 5f4f8000
32416 5f500000
32417 5f508000
32418 5f510000
32419 5f518000
32420 5f520000
32421 5f528000
32422 5f530000
32423 5f538000
32424 5f540000
32425 5f548000
32426 5f550000
32427 5f558000
32428 5f560000
32429 5f568000
32430 5f570000
32431 5f578000
32432 5f580000
32433 5f588000
32434 5f590000
32435 5f598000
32436 5f5a0000
32437 5f5a8000
32438 5f5b0000
32439 5f5b8000
32440 5f5c0000
32441 5f5c8000
32442 5f5d0000
32443 5f5d8000
32444 5f5e0000
32445 5f5e8000
32446 5f5f0000
32447 5f5f8000
32448 5f600000
32449 5f608000
32450 5f610000
32451 5f618000
32452 5f620000
32453 5f628000
32454 5f630000
32455 5f638000
32456 5f640000
32457 5f648000
32458 5f650000
32459 5f658000
32460 5f660000
32461 5f668000
32462 5f670000
32463 5f678000
32464 5f680000
32465 5f688000
32466 5f690000
32467 5f698000
32468 5f6a0000
32469 5f6a8000
32470 5f6b0000
32471 5f6b8000
32472 5f6c0000
32473 5f6c8000
32474 5f6d0000
32475 5f6d8000
32476 5f6e0000
32477 5f6e8000
32478 5f6f0000
32479 5f6f8000
32480 5f700000
32481 5f708000
32482 5f710000
32483 5f718000
32484 5f720000
32485 5f728000
32486 5f730000
32487 5f738000
32488 5f740000
32489 5f748000
32490 5f750000
32491 5f758000
32492 5f760000
32493 5f768000
32494 5f770000
32495 5f778000
32496 5f780000
32497 5f788000
32498 5f790000
32499 5f798000
32500 5f7a0000
32501 5f7a8000
32502 5f7b0000
32503 5f7b8000
32504 5f7c0000
32505 5f7c8000
32506 5f7d0000
32507 5f7d8000
32508 5f7e0000
32509 5f7e8000
32510 5f7f0000
32511 5f7f8000
32512 5f800000
32513 5f808000
32514 5f810000
32515 5f818000
32516 5f820000
32517 5f828000
32518 5f830000
32519 5f838000
32520 5f840000
32521 5f848000
32522 5f850000
32523 5f858000
32524 5f860000
32525 5f868000
32526 5f870000
32527 5f878000
32528 5f880000
32529 5f888000
32530 5f890000
32531 5f898000
32532 5f8a0000
32533 5f8a8000
32534 5f8b0000
32535 5f8b8000
32536 5f8c0000
32537 5f8c8000
32538 5f8d0000
32539 5f8d8000
32540 5f8e0000
32541 5f8e8000
32542 5f8f0000
32543 5f8f8000
32544 5f900000
32545 5f908000
32546 5f910000
32547 5f918000
32548 5f920000
32549 5f928000
32550 5f930000
32551 5f938000
32552 5f940000
32553 5f948000
32554 5f950000
32555 5f958000
32556 5f960000
32557 5f968000
32558 5f970000
32559 5f978000
32560 5f980000
32561 5f988000
32562 5f990000
32563 5f998000
32564 5f9a0000
32565 5f9a8000
32566 5f9b0000
32567 5f9b8000
32568 5f9c0000
32569 5f9c8000
32570 5f9d0000
32571 5f9d8000
32572 5f9e0000
32573 5f9e8000
32574 5f9f0000
32575 5f9f8000
32576 5fa00000
32577 5fa08000
32578 5fa10000
32579 5fa18000
32580 5fa20000
32581 5fa28000
32582 5fa30000
32583 5fa38000
32584 5fa40000
32585 5fa48000
32586 5fa50000
32587 5fa58000
32588 5fa60000
32589 5fa68000
32590 5fa70000
32591 5fa78000
32592 5fa80000
32593 5fa88000
32594 5fa90000
32595 5fa98000
32596 5faa0000
32597 5faa8000
32598 5fab0000
32599 5fab8000
32600 5fac0000
32601 5fac8000
32602 5fad0000
32603 5fad8000
32604 5fae0000
32605 5fae8000
32606 5faf0000
32607 5faf8000
32608 5fb00000
32609 5fb08000
32610 5fb10000
32611 5fb18000
32612 5fb20000
32613 5fb28000
32614 5fb30000
32615 5fb38000
32616 5fb40000
32617 5fb48000
32618 5fb50000
32619 5fb58000
32620 5fb60000
32621 5fb68000
32622 5fb70000
32623 5fb78000
32624 5fb80000
32625 5fb88000
32626 5fb90000
32627 5fb98000
32628 5fba0000
32629 5fba8000
32630 5fbb0000
32631 5fbb8000
32632 5fbc0000
32633 5fbc8000
32634 5fbd0000
32635 5fbd8000
32636 5fbe0000
32637 5fbe8000
32638 5fbf0000
32639 5fbf8000
32640 5fc00000
32641 5fc08000
32642 5fc10000
32643 5fc18000
32644 5fc20000
32645 5fc28000
32646 5fc30000
32647 5fc38000
32648 5fc40000
32649 5fc48000
32650 5fc50000
32651 5fc58000
32652 5fc60000
32653 5fc68000
32654 5fc70000
32655 5fc78000
32656 5fc80000
32657 5fc88000
32658 5fc90000
32659 5fc98000
32660 5fca0000
32661 5fca8000
32662 5fcb0000
32663 5fcb8000
32664 5fcc0000
32665 5fcc8000
32666 5fcd0000
32667 5fcd8000
32668 5fce0000
32669 5fce8000
32670 5fcf0000
32671 5fcf8000
32672 5fd00000
32673 5fd08000
32674 5fd10000
32675 5fd18000
32676 5fd20000
32677 5fd28000
32678 5fd30000
32679 5fd38000
32680 5fd40000
32681 5fd48000
32682 5fd50000
32683 5fd58000
32684 5fd60000
32685 5fd68000
32686 5fd70000
32687 5fd78000
32688 5fd80000
32689 5fd88000
32690 5fd90000
32691 5fd98000
32692 5fda0000
32693 5fda8000
32694 5fdb0000
32695 5fdb8000
32696 5fdc0000
32697 5fdc8000
32698 5fdd0000
32699 5fdd8000
32700 5fde0000
32701 5fde8000
32702 5fdf0000
32703 5fdf8000
32704 5fe00000
32705 5fe08000
32706 5fe10000
32707 5fe18000
32708 5fe20000
32709 5fe28000
32710 5fe30000
32711 5fe38000
32712 5fe40000
32713 5fe48000
32714 5fe50000
32715 5fe58000
32716 5fe60000
32717 5fe68000
32718 5fe70000
32719 5fe78000
32720 5fe80000
32721 5fe88000
32722 5fe90000
32723 5fe98000
32724 5fea0000
32725 5fea8000
32726 5feb0000
32727 5feb8000
32728 5fec0000
32729 5fec8000
32730 5fed0000
32731 5fed8000
32732 5fee0000
32733 5fee8000
32734 5fef0000
32735 5fef8000
32736 5ff00000
32737 5ff08000
32738 5ff10000
32739 5ff18000
32740 5ff20000
32741 5ff28000
32742 5ff30000
32743 5ff38000
32744 5ff40000
32745 5ff48000
32746 5ff50000
32747 5ff58000
32748 5ff60000
32749 5ff68000
32750 5ff70000
32751 5ff78000
32752 5ff80000
32753 5ff88000
32754 5ff90000
32755 5ff98000
32756 5ffa0000
32757 5ffa8000
32758 5ffb0000
32759 5ffb8000
32760 5ffc0000
32761 5ffc8000
32762 5ffd0000
32763 5ffd8000
32764 5ffe0000
32765 5ffe8000
32766 5fff0000
32767 5fff8000
32768 80000000
32769 80008000
32770 80010000
32771 80018000
32772 80020000
32773 80028000
32774 80030000
32775 80038000
32776 80040000
32777 80048000
32778 80050000
32779 80058000
32780 80060000
32781 80068000
32782 80070000
32783 80078000
32784 80080000
32785 80088000
32786 80090000
32787 80098000
32788 800a0000
32789 800a8000
32790 800b0000
32791 800b8000
32792 800c0000
32793 800c8000
32794 800d0000
32795 800d8000
32796 800e0000
32797 800e8000
32798 800f0000
32799 800f8000
32800 80100000
32801 80108000
32802 80110000
32803 80118000
32804 80120000
32805 80128000
32806 80130000
32807 80138000
32808 80140000
32809 80148000
32810 80150000
32811 80158000
32812 80160000
32813 80168000
32814 80170000
32815 80178000
32816 80180000
32817 80188000
32818 80190000
32819 80198000
32820 801a0000
32821 801a8000
32822 801b0000
32823 801b8000
32824 801c0000
32825 801c8000
32826 801d0000
32827 801d8000
32828 801e0000
32829 801e8000
32830 801f0000
32831 801f8000
32832 80200000
32833 80208000
32834 80210000
32835 80218000
32836 80220000
32837 80228000
32838 80230000
32839 80238000
32840 80240000
32841 80248000
32842 80250000
32843 80258000
32844 80260000
32845 80268000
32846 80270000
32847 80278000
32848 80280000
32849 80288000
32850 80290000
32851 80298000
32852 802a0000
32853 802a8000
32854 802b0000
32855 802b8000
32856 802c0000
32857 802c8000
32858 802d0000
32859 802d8000
32860 802e0000
32861 802e8000
32862 802f0000
32863 802f8000
32864 80300000
32865 80308000
32866 80310000
32867 80318000
32868 80320000
32869 80328000
32870 80330000
32871 80338000
32872 80340000
32873 80348000
32874 80350000
32875 80358000
32876 80360000
32877 80368000
32878 80370000
32879 80378000
32880 80380000
32881 80388000
32882 80390000
32883 80398000
32884 803a0000
32885 803a8000
32886 803b0000
32887 803b8000
32888 803c0000
32889 803c8000
32890 803d0000
32891 803d8000
32892 803e0000
32893 803e8000
32894 803f0000
32895 803f8000
32896 80400000
32897 80408000
32898 80410000
32899 80418000
32900 80420000
32901 80428000
32902 80430000
32903 80438000
32904 80440000
32905 80448000
32906 80450000
32907 80458000
32908 80460000
32909 80468000
32910 80470000
32911 80478000
32912 80480000
32913 80488000
32914 80490000
32915 80498000
32916 804a0000
32917 804a8000
32918 804b0000
32919 804b8000
32920 804c0000
32921 804c8000
32922 804d0000
32923 804d8000
32924 804e0000
32925 804e8000
32926 804f0000
32927 804f8000
32928 80500000
32929 80508000
32930 80510000
32931 80518000
32932 80520000
32933 80528000
32934 80530000
32935 80538000
32936 80540000
32937 80548000
32938 80550000
32939 80558000
32940 80560000
32941 80568000
32942 80570000
32943 80578000
32944 80580000
32945 80588000
32946 80590000
32947 80598000
32948 805a0000
32949 805a8000
32950 805b0000
32951 805b8000
32952 805c0000
32953 805c8000
32954 805d0000
32955 805d8000
32956 805e0000
32957 805e8000
32958 805f0000
32959 805f8000
32960 80600000
32961 80608000
32962 80610000
32963 80618000
32964 80620000
32965 80628000
32966 80630000
32967 80638000
32968 80640000
32969 80648000
32970 80650000
32971 80658000
32972 80660000
32973 80668000
32974 80670000
32975 80678000
32976 80680000
32977 80688000
32978 80690000
32979 80698000
32980 806a0000
32981 806a8000
32982 806b0000
32983 806b8000
32984 806c0000
32985 806c8000
32986 806d0000
32987 806d8000
32988 806e0000
32989 806e8000
32990 806f0000
32991 806f8000
32992 80700000
32993 80708000
32994 80710000
32995 80718000
32996 80720000
32997 80728000
32998 80730000
32999 80738000
33000 80740000
33001 80748000
33002 80750000
33003 80758000
33004 80760000
33005 80768000
33006 80770000
33007 80778000
33008 80780000
33009 80788000
33010 80790000
33011 80798000
33012 807a0000
33013 807a8000
33014 807b0000
33015 807b8000
33016 807c0000
33017 807c8000
33018 807d0000
33019 807d8000
33020 807e0000
33021 807e8000
33022 807f0000
33023 807f8000
33024 a0800000
33025 a0808000
33026 a0810000
33027 a0818000
33028 a0820000
33029 a0828000
33030 a0830000
33031 a0838000
33032 a0840000
33033 a0848000
33034 a0850000
33035 a0858000
33036 a0860000
33037 a0868000
33038 a0870000
33039 a0878000
33040 a0880000
33041 a0888000
33042 a0890000
33043 a0898000
33044 a08a0000
33045 a08a8000
33046 a08b0000
33047 a08b8000
33048 a08c0000
33049 a08c8000
33050 a08d0000
33051 a08d8000
33052 a08e0000
33053 a08e8000
33054 a08f0000
33055 a08f8000
33056 a0900000
33057 a0908000
33058 a0910000
33059 a0918000
33060 a0920000
33061 a0928000
33062 a0930000
33063 a0938000
33064 a0940000
33065 a0948000
33066 a0950000
33067 a0958000
33068 a0960000
33069 a0968000
33070 a0970000
33071 a0978000
33072 a0980000
33073 a0988000
33074 a0990000
33075 a0998000
33076 a09a0000
33077 a09a8000
33078 a09b0000
33079 a09b8000
33080 a09c0000
33081 a09c8000
33082 a09d0000
33083 a09d8000
33084 a09e0000
33085 a09e8000
33086 a09f0000
33087 a09f8000
33088 a0a00000
33089 a0a08000
33090 a0a10000
33091 a0a18000
33092 a0a20000
33093 a0a28000
33094 a0a30000
33095 a0a38000
33096 a0a40000
33097 a0a48000
33098 a0a50000
33099 a0a58000
33100 a0a60000
33101 a0a68000
33102 a0a70000
33103 a0a78000
33104 a0a80000
33105 a0a88000
33106 a0a90000
33107 a0a98000
33108 a0aa0000
33109 a0aa8000
33110 a0ab0000
33111 a0ab8000
33112 a0ac0000
33113 a0ac8000
33114 a0ad0000
33115 a0ad8000
33116 a0ae0000
33117 a0ae8000
33118 a0af0000
33119 a0af8000
33120 a0b00000
33121 a0b08000
33122 a0b10000
33123 a0b18000
33124 a0b20000
33125 a0b28000
33126 a0b30000
33127 a0b38000
33128 a0b40000
33129 a0b48000
33130 a0b50000
33131 a0b58000
33132 a0b60000
33133 a0b68000
33134 a0b70000
33135 a0b78000
33136 a0b80000
33137 a0b88000
33138 a0b90000
33139 a0b98000
33140 a0ba0000
33141 a0ba8000
33142 a0bb0000
33143 a0bb8000
33144 a0bc0000
33145 a0bc8000
33146 a0bd0000
33147 a0bd8000
33148 a0be0000
33149 a0be8000
33150 a0bf0000
33151 a0bf8000
33152 a0c00000
33153 a0c08000
33154 a0c10000
33155 a0c18000
33156 a0c20000
33157 a0c28000
33158 a0c30000
33159 a0c38000
33160 a0c40000
33161 a0c48000
33162 a0c50000
33163 a0c58000
33164 a0c60000
33165 a0c68000
33166 a0c70000
33167 a0c78000
33168 a0c80000
33169 a0c88000
33170 a0c90000
33171 a0c98000
33172 a0ca0000
33173 a0ca8000
33174 a0cb0000
33175 a0cb8000
33176 a0cc0000
33177 a0cc8000
33178 a0cd0000
33179 a0cd8000
33180 a0ce0000
33181 a0ce8000
33182 a0cf0000
33183 a0cf8000
33184 a0d00000
33185 a0d08000
33186 a0d10000
33187 a0d18000
33188 a0d20000
33189 a0d28000
33190 a0d30000
33191 a0d38000
33192 a0d40000
33193 a0d48000
33194 a0d50000
33195 a0d58000
33196 a0d60000
33197 a0d68000
33198 a0d70000
33199 a0d78000
33200 a0d80000
33201 a0d88000
33202 a0d90000
33203 a0d98000
33204 a0da0000
33205 a0da8000
33206 a0db0000
33207 a0db8000
33208 a0dc0000
33209 a0dc8000
33210 a0dd0000
33211 a0dd8000
33212 a0de0000
33213 a0de8000
33214 a0df0000
33215 a0df8000
33216 a0e00000
33217 a0e08000
33218 a0e10000
33219 a0e18000
33220 a0e20000
33221 a0e28000
33222 a0e30000
33223 a0e38000
33224 a0e40000
33225 a0e48000
33226 a0e50000
33227 a0e58000
33228 a0e60000
33229 a0e68000
33230 a0e70000
33231 a0e78000
33232 a0e80000
33233 a0e88000
33234 a0e90000
33235 a0e98000
33236 a0ea0000
33237 a0ea8000
33238 a0eb0000
33239 a0eb8000
33240 a0ec0000
33241 a0ec8000
33242 a0ed0000
33243 a0ed8000
33244 a0ee0000
33245 a0ee8000
33246 a0ef0000
33247 a0ef8000
33248 a0f00000
33249 a0f08000
33250 a0f10000
33251 a0f18000
33252 a0f20000
33253 a0f28000
33254 a0f30000
33255 a0f38000
33256 a0f40000
33257 a0f48000
33258 a0f50000
33259 a0f58000
33260 a0f60000
33261 a0f68000
33262 a0f70000
33263 a0f78000
33264 a0f80000
33265 a0f88000
33266 a0f90000
33267 a0f98000
33268 a0fa0000
33269 a0fa8000
33270 a0fb0000
33271 a0fb8000
33272 a0fc0000
33273 a0fc8000
33274 a0fd0000
33275 a0fd8000
33276 a0fe0000
33277 a0fe8000
33278 a0ff0000
33279 a0ff8000
33280 a1000000
33281 a1008000
33282 a1010000
33283 a1018000
33284 a1020000
33285 a1028000
33286 a1030000
33287 a1038000
33288 a1040000
33289 a1048000
33290 a1050000
33291 a1058000
33292 a1060000
33293 a1068000
33294 a1070000
33295 a1078000
33296 a1080000
33297 a1088000
33298 a1090000
33299 a1098000
33300 a10a0000
33301 a10a8000
33302 a10b0000
33303 a10b8000
33304 a10c0000
33305 a10c8000
33306 a10d0000
33307 a10d8000
33308 a10e0000
33309 a10e8000
33310 a10f0000
33311 a10f8000
33312 a1100000
33313 a1108000
33314 a1110000
33315 a1118000
33316 a1120000
33317 a1128000
33318 a1130000
33319 a1138000
33320 a1140000
33321 a1148000
33322 a1150000
33323 a1158000
33324 a1160000
33325 a1168000
33326 a1170000
33327 a1178000
33328 a1180000
33329 a1188000
33330 a1190000
33331 a1198000
33332 a11a0000
33333 a11a8000
33334 a11b0000
33335 a11b8000
33336 a11c0000
33337 a11c8000
33338 a11d0000
33339 a11d8000
33340 a11e0000
33341 a11e8000
33342 a11f0000
33343 a11f8000
33344 a1200000
33345 a1208000
33346 a1210000
33347 a1218000
33348 a1220000
33349 a1228000
33350 a1230000
33351 a1238000
33352 a1240000
33353 a1248000
33354 a1250000
33355 a1258000
33356 a1260000
33357 a1268000
33358 a1270000
33359 a1278000
33360 a1280000
33361 a1288000
33362 a1290000
33363 a1298000
33364 a12a0000
33365 a12a8000
33366 a12b0000
33367 a12b8000
33368 a12c0000
33369 a12c8000
33370 a12d0000
33371 a12d8000
33372 a12e0000
33373 a12e8000
33374 a12f0000
33375 a12f8000
33376 a1300000
33377 a1308000
33378 a1310000
33379 a1318000
33380 a1320000
33381 a1328000
33382 a1330000
33383 a1338000
33384 a1340000
33385 a1348000
33386 a1350000
33387 a1358000
33388 a1360000
33389 a1368000
33390 a1370000
33391 a1378000
33392 a1380000
33393 a1388000
33394 a1390000
33395 a1398000
33396 a13a0000
33397 a13a8000
33398 a13b0000
33399 a13b8000
33400 a13c0000
33401 a13c8000
33402 a13d0000
33403 a13d8000
33404 a13e0000
33405 a13e8000
33406 a13f0000
33407 a13f8000
33408 a1400000
33409 a1408000
33410 a1410000
33411 a1418000
33412 a1420000
33413 a1428000
33414 a1430000
33415 a1438000
33416 a1440000
33417 a1448000
33418 a1450000
33419 a1458000
33420 a1460000
33421 a1468000
33422 a1470000
33423 a1478000
33424 a1480000
33425 a1488000
33426 a1490000
33427 a1498000
33428 a14a0000
33429 a14a8000
33430 a14b0000
33431 a14b8000
33432 a14c0000
33433 a14c8000
33434 a14d0000
33435 a14d8000
33436 a14e0000
33437 a14e8000
33438 a14f0000
33439 a14f8000
33440 a1500000
33441 a1508000
33442 a1510000
33443 a1518000
33444 a1520000
33445 a1528000
33446 a1530000
33447 a1538000
33448 a1540000
33449 a1548000
33450 a1550000
33451 a1558000
33452 a1560000
33453 a1568000
33454 a1570000
33455 a1578000
33456 a1580000
33457 a1588000
33458 a1590000
33459 a1598000
33460 a15a0000
33461 a15a8000
33462 a15b0000
33463 a15b8000
33464 a15c0000
33465 a15c8000
33466 a15d0000
33467 a15d8000
33468 a15e0000
33469 a15e8000
33470 a15f0000
33471 a15f8000
33472 a1600000
33473 a1608000
33474 a1610000
33475 a1618000
33476 a1620000
33477 a1628000
33478 a1630000
33479 a1638000
33480 a1640000
33481 a1648000
33482 a1650000
33483 a1658000
33484 a1660000
33485 a1668000
33486 a1670000
33487 a1678000
33488 a1680000
33489 a1688000
33490 a1690000
33491 a1698000
33492 a16a0000
33493 a16a8000
33494 a16b0000
33495 a16b8000
33496 a16c0000
33497 a16c8000
33498 a16d0000
33499 a16d8000
33500 a16e0000
33501 a16e8000
33502 a16f0000
33503 a16f8000
33504 a1700000
33505 a1708000
33506 a1710000
33507 a1718000
33508 a1720000
33509 a1728000
33510 a1730000
33511 a1738000
33512 a1740000
33513 a1748000
33514 a1750000
33515 a1758000
33516 a1760000
33517 a1768000
33518 a1770000
33519 a1778000
33520 a1780000
33521 a1788000
33522 a1790000
33523 a1798000
33524 a17a0000
33525 a17a8000
33526 a17b0000
33527 a17b8000
33528 a17c0000
33529 a17c8000
33530 a17d0000
33531 a17d8000
33532 a17e0000
33533 a17e8000
33534 a17f0000
33535 a17f8000
33536 a1800000
33537 a1808000
33538 a1810000
33539 a1818000
33540 a1820000
33541 a1828000
33542 a1830000
33543 a1838000
33544 a1840000
33545 a1848000
33546 a1850000
33547 a1858000
33548 a1860000
33549 a1868000
33550 a1870000
33551 a1878000
33552 a1880000
33553 a1888000
33554 a1890000
33555 a1898000
33556 a18a0000
33557 a18a8000
33558 a18b0000
33559 a18b8000
33560 a18c0000
33561 a18c8000
33562 a18d0000
33563 a18d8000
33564 a18e0000
33565 a18e8000
33566 a18f0000
33567 a18f8000
33568 a1900000
33569 a1908000
33570 a1910000
33571 a1918000
33572 a1920000
33573 a1928000
33574 a1930000
33575 a1938000
33576 a1940000
33577 a1948000
33578 a1950000
33579 a1958000
33580 a1960000
33581 a1968000
33582 a1970000
33583 a1978000
33584 a1980000
33585 a1988000
33586 a1990000
33587 a1998000
33588 a19a0000
33589 a19a8000
33590 a19b0000
33591 a19b8000
33592 a19c0000
33593 a19c8000
33594 a19d0000
33595 a19d8000
33596 a19e0000
33597 a19e8000
33598 a19f0000
33599 a19f8000
33600 a1a00000
33601 a1a08000
33602 a1a10000
33603 a1a18000
33604 a1a20000
33605 a1a28000
33606 a1a30000
33607 a1a38000
33608 a1a40000
33609 a1a48000
33610 a1a50000
33611 a1a58000
33612 a1a60000
33613 a1a68000
33614 a1a70000
33615 a1a78000
33616 a1a80000
33617 a1a88000
33618 a1a90000
33619 a1a98000
33620 a1aa0000
33621 a1aa8000
33622 a1ab0000
33623 a1ab8000
33624 a1ac0000
33625 a1ac8000
33626 a1ad0000
33627 a1ad8000
33628 a1ae0000
33629 a1ae8000
33630 a1af0000
33631 a1af8000
33632 a1b00000
33633 a1b08000
33634 a1b10000
33635 a1b18000
33636 a1b20000
33637 a1b28000
33638 a1b30000
33639 a1b38000
33640 a1b40000
33641 a1b48000
33642 a1b50000
33643 a1b58000
33644 a1b60000
33645 a1b68000
33646 a1b70000
33647 a1b78000
33648 a1b80000
33649 a1b88000
33650 a1b90000
33651 a1b98000
33652 a1ba0000
33653 a1ba8000
33654 a1bb0000
33655 a1bb8000
33656 a1bc0000
33657 a1bc8000
33658 a1bd0000
33659 a1bd8000
33660 a1be0000
33661 a1be8000
33662 a1bf0000
33663 a1bf8000
33664 a1c00000
33665 a1c08000
33666 a1c10000
33667 a1c18000
33668 a1c20000
33669 a1c28000
33670 a1c30000
33671 a1c38000
33672 a1c40000
33673 a1c48000
33674 a1c50000
33675 a1c58000
33676 a1c60000
33677 a1c68000
33678 a1c70000
33679 a1c78000
33680 a1c80000
33681 a1c88000
33682 a1c90000
33683 a1c98000
33684 a1ca0000
33685 a1ca8000
33686 a1cb0000
33687 a1cb8000
33688 a1cc0000
33689 a1cc8000
33690 a1cd0000
33691 a1cd8000
33692 a1ce0000
33693 a1ce8000
33694 a1cf0000
33695 a1cf8000
33696 a1d00000
33697 a1d08000
33698 a1d10000
33699 a1d18000
33700 a1d20000
33701 a1d28000
33702 a1d30000
33703 a1d38000
33704 a1d40000
33705 a1d48000
33706 a1d50000
33707 a1d58000
33708 a1d60000
33709 a1d68000
33710 a1d70000
33711 a1d78000
33712 a1d80000
33713 a1d88000
33714 a1d90000
33715 a1d98000
33716 a1da0000
33717 a1da8000
33718 a1db0000
33719 a1db8000
33720 a1dc0000
33721 a1dc8000
33722 a1dd0000
33723 a1dd8000
33724 a1de0000
33725 a1de8000
33726 a1df0000
33727 a1df8000
33728 a1e00000
33729 a1e08000
33730 a1e10000
33731 a1e18000
33732 a1e20000
33733 a1e28000
33734 a1e30000
33735 a1e38000
33736 a1e40000
33737 a1e48000
33738 a1e50000
33739 a1e58000
33740 a1e60000
33741 a1e68000
33742 a1e70000
33743 a1e78000
33744 a1e80000
33745 a1e88000
33746 a1e90000
33747 a1e98000
33748 a1ea0000
33749 a1ea8000
33750 a1eb0000
33751 a1eb8000
33752 a1ec0000
33753 a1ec8000
33754 a1ed0000
33755 a1ed8000
33756 a1ee0000
33757 a1ee8000
33758 a1ef0000
33759 a1ef8000
33760 a1f00000
33761 a1f08000
33762 a1f10000
33763 a1f18000
33764 a1f20000
33765 a1f28000
33766 a1f30000
33767 a1f38000
33768 a1f40000
33769 a1f48000
33770 a1f50000
33771 a1f58000
33772 a1f60000
33773 a1f68000
33774 a1f70000
33775 a1f78000
33776 a1f80000
33777 a1f88000
33778 a1f90000
33779 a1f98000
33780 a1fa0000
33781 a1fa8000
33782 a1fb0000
33783 a1fb8000
33784 a1fc0000
33785 a1fc8000
33786 a1fd0000
33787 a1fd8000
33788 a1fe0000
33789 a1fe8000
33790 a1ff0000
33791 a1ff8000
33792 a2000000
33793 a2008000
33794 a2010000
33795 a2018000
33796 a2020000
33797 a2028000
33798 a2030000
33799 a2038000
33800 a2040000
33801 a2048000
33802 a2050000
33803 a2058000
33804 a2060000
33805 a2068000
33806 a2070000
33807 a2078000
33808 a2080000
33809 a2088000
33810 a2090000
33811 a2098000
33812 a20a0000
33813 a20a8000
33814 a20b0000
33815 a20b8000
33816 a20c0000
33817 a20c8000
33818 a20d0000
33819 a20d8000
33820 a20e0000
33821 a20e8000
33822 a20f0000
33823 a20f8000
33824 a2100000
33825 a2108000
33826 a2110000
33827 a2118000
33828 a2120000
33829 a2128000
33830 a2130000
33831 a2138000
33832 a2140000
33833 a2148000
33834 a2150000
33835 a2158000
33836 a2160000
33837 a2168000
33838 a2170000
33839 a2178000
33840 a2180000
33841 a2188000
33842 a2190000
33843 a2198000
33844 a21a0000
33845 a21a8000
33846 a21b0000
33847 a21b8000
33848 a21c0000
33849 a21c8000
33850 a21d0000
33851 a21d8000
33852 a21e0000
33853 a21e8000
33854 a21f0000
33855 a21f8000
33856 a2200000
33857 a2208000
33858 a2210000
33859 a2218000
33860 a2220000
33861 a2228000
33862 a2230000
33863 a2238000
33864 a2240000
33865 a2248000
33866 a2250000
33867 a2258000
33868 a2260000
33869 a2268000
33870 a2270000
33871 a2278000
33872 a2280000
33873 a2288000
33874 a2290000
33875 a2298000
33876 a22a0000
33877 a22a8000
33878 a22b0000
33879 a22b8000
33880 a22c0000
33881 a22c8000
33882 a22d0000
33883 a22d8000
33884 a22e0000
33885 a22e8000
33886 a22f0000
33887 a22f8000
33888 a2300000
33889 a2308000
33890 a2310000
33891 a2318000
33892 a2320000
33893 a2328000
33894 a2330000
33895 a2338000
33896 a2340000
33897 a2348000
33898 a2350000
33899 a2358000
33900 a2360000
33901 a2368000
33902 a2370000
33903 a2378000
33904 a2380000
33905 a2388000
33906 a2390000
33907 a2398000
33908 a23a0000
33909 a23a8000
33910 a23b0000
33911 a23b8000
33912 a23c0000
33913 a23c8000
33914 a23d0000
33915 a23d8000
33916 a23e0000
33917 a23e8000
33918 a23f0000
33919 a23f8000
33920 a2400000
33921 a2408000
33922 a2410000
33923 a2418000
33924 a2420000
33925 a2428000
33926 a2430000
33927 a2438000
33928 a2440000
33929 a2448000
33930 a2450000
33931 a2458000
33932 a2460000
33933 a2468000
33934 a2470000
33935 a2478000
33936 a2480000
33937 a2488000
33938 a2490000
33939 a2498000
33940 a24a0000
33941 a24a8000
33942 a24b0000
33943 a24b8000
33944 a24c0000
33945 a24c8000
33946 a24d0000
33947 a24d8000
33948 a24e0000
33949 a24e8000
33950 a24f0000
33951 a24f8000
33952 a2500000
33953 a2508000
33954 a2510000
33955 a2518000
33956 a2520000
33957 a2528000
33958 a2530000
33959 a2538000
33960 a2540000
33961 a2548000
33962 a2550000
33963 a2558000
33964 a2560000
33965 a2568000
33966 a2570000
33967 a2578000
33968 a2580000
33969 a2588000
33970 a2590000
33971 a2598000
33972 a25a0000
33973 a25a8000
33974 a25b0000
33975 a25b8000
33976 a25c0000
33977 a25c8000
33978 a25d0000
33979 a25d8000
33980 a25e0000
33981 a25e8000
33982 a25f0000
33983 a25f8000
33984 a2600000
33985 a2608000
33986 a2610000
33987 a2618000
33988 a2620000
33989 a2628000
33990 a2630000
33991 a2638000
33992 a2640000
33993 a2648000
33994 a2650000
33995 a2658000
33996 a2660000
33997 a2668000
33998 a2670000
33999 a2678000
34000 a2680000
34001 a2688000
34002 a2690000
34003 a2698000
34004 a26a0000
34005 a26a8000
34006 a26b0000
34007 a26b8000
34008 a26c0000
34009 a26c8000
34010 a26d0000
34011 a26d8000
34012 a26e0000
34013 a26e8000
34014 a26f0000
34015 a26f8000
34016 a2700000
34017 a2708000
34018 a2710000
34019 a2718000
34020 a2720000
34021 a2728000
34022 a2730000
34023 a2738000
34024 a2740000
34025 a2748000
34026 a2750000
34027 a2758000
34028 a2760000
34029 a2768000
34030 a2770000
34031 a2778000
34032 a2780000
34033 a2788000
34034 a2790000
34035 a2798000
34036 a27a0000
34037 a27a8000
34038 a27b0000
34039 a27b8000
34040 a27c0000
34041 a27c8000
34042 a27d0000
34043 a27d8000
34044 a27e0000
34045 a27e8000
34046 a27f0000
34047 a27f8000
34048 a2800000
34049 a2808000
34050 a2810000
34051 a2818000
34052 a2820000
34053 a2828000
34054 a2830000
34055 a2838000
34056 a2840000
34057 a2848000
34058 a2850000
34059 a2858000
34060 a2860000
34061 a2868000
34062 a2870000
34063 a2878000
34064 a2880000
34065 a2888000
34066 a2890000
34067 a2898000
34068 a28a0000
34069 a28a8000
34070 a28b0000
34071 a28b8000
34072 a28c0000
34073 a28c8000
34074 a28d0000
34075 a28d8000
34076 a28e0000
34077 a28e8000
34078 a28f0000
34079 a28f8000
34080 a2900000
34081 a2908000
34082 a2910000
34083 a2918000
34084 a2920000
34085 a2928000
34086 a2930000
34087 a2938000
34088 a2940000
34089 a2948000
34090 a2950000
34091 a2958000
34092 a2960000
34093 a2968000
34094 a2970000
34095 a2978000
34096 a2980000
34097 a2988000
34098 a2990000
34099 a2998000
34100 a29a0000
34101 a29a8000
34102 a29b0000
34103 a29b8000
34104 a29c0000
34105 a29c8000
34106 a29d0000
34107 a29d8000
34108 a29e0000
34109 a29e8000
34110 a29f0000
34111 a29f8000
34112 a2a00000
34113 a2a08000
34114 a2a10000
34115 a2a18000
34116 a2a20000
34117 a2a28000
34118 a2a30000
34119 a2a38000
34120 a2a40000
34121 a2a48000
34122 a2a50000
34123 a2a58000
34124 a2a60000
34125 a2a68000
34126 a2a70000
34127 a2a78000
34128 a2a80000
34129 a2a88000
34130 a2a90000
34131 a2a98000
34132 a2aa0000
34133 a2aa8000
34134 a2ab0000
34135 a2ab8000
34136 a2ac0000
34137 a2ac8000
34138 a2ad0000
34139 a2ad8000
34140 a2ae0000
34141 a2ae8000
34142 a2af0000
34143 a2af8000
34144 a2b00000
34145 a2b08000
34146 a2b10000
34147 a2b18000
34148 a2b20000
34149 a2b28000
34150 a2b30000
34151 a2b38000
34152 a2b40000
34153 a2b48000
34154 a2b50000
34155 a2b58000
34156 a2b60000
34157 a2b68000
34158 a2b70000
34159 a2b78000
34160 a2b80000
34161 a2b88000
34162 a2b90000
34163 a2b98000
34164 a2ba0000
34165 a2ba8000
34166 a2bb0000
34167 a2bb8000
34168 a2bc0000
34169 a2bc8000
34170 a2bd0000
34171 a2bd8000
34172 a2be0000
34173 a2be8000
34174 a2bf0000
34175 a2bf8000
34176 a2c00000
34177 a2c08000
34178 a2c10000
34179 a2c18000
34180 a2c20000
34181 a2c28000
34182 a2c30000
34183 a2c38000
34184 a2c40000
34185 a2c48000
34186 a2c50000
34187 a2c58000
34188 a2c60000
34189 a2c68000
34190 a2c70000
34191 a2c78000
34192 a2c80000
34193 a2c88000
34194 a2c90000
34195 a2c98000
34196 a2ca0000
34197 a2ca8000
34198 a2cb0000
34199 a2cb8000
34200 a2cc0000
34201 a2cc8000
34202 a2cd0000
34203 a2cd8000
34204 a2ce0000
34205 a2ce8000
34206 a2cf0000
34207 a2cf8000
34208 a2d00000
34209 a2d08000
34210 a2d10000
34211 a2d18000
34212 a2d20000
34213 a2d28000
34214 a2d30000
34215 a2d38000
34216 a2d40000
34217 a2d48000
34218 a2d50000
34219 a2d58000
34220 a2d60000
34221 a2d68000
34222 a2d70000
34223 a2d78000
34224 a2d80000
34225 a2d88000
34226 a2d90000
34227 a2d98000
34228 a2da0000
34229 a2da8000
34230 a2db0000
34231 a2db8000
34232 a2dc0000
34233 a2dc8000
34234 a2dd0000
34235 a2dd8000
34236 a2de0000
34237 a2de8000
34238 a2df0000
34239 a2df8000
34240 a2e00000
34241 a2e08000
34242 a2e10000
34243 a2e18000
34244 a2e20000
34245 a2e28000
34246 a2e30000
34247 a2e38000
34248 a2e40000
34249 a2e48000
34250 a2e50000
34251 a2e58000
34252 a2e60000
34253 a2e68000
34254 a2e70000
34255 a2e78000
34256 a2e80000
34257 a2e88000
34258 a2e90000
34259 a2e98000
34260 a2ea0000
34261 a2ea8000
34262 a2eb0000
34263 a2eb8000
34264 a2ec0000
34265 a2ec8000
34266 a2ed0000
34267 a2ed8000
34268 a2ee0000
34269 a2ee8000
34270 a2ef0000
34271 a2ef8000
34272 a2f00000
34273 a2f08000
34274 a2f10000
34275 a2f18000
34276 a2f20000
34277 a2f28000
34278 a2f30000
34279 a2f38000
34280 a2f40000
34281 a2f48000
34282 a2f50000
34283 a2f58000
34284 a2f60000
34285 a2f68000
34286 a2f70000
34287 a2f78000
34288 a2f80000
34289 a2f88000
34290 a2f90000
34291 a2f98000
34292 a2fa0000
34293 a2fa8000
34294 a2fb0000
34295 a2fb8000
34296 a2fc0000
34297 a2fc8000
34298 a2fd0000
34299 a2fd8000
34300 a2fe0000
34301 a2fe8000
34302 a2ff0000
34303 a2ff8000
34304 a3000000
34305 a3008000
34306 a3010000
34307 a3018000
34308 a3020000
34309 a3028000
34310 a3030000
34311 a3038000
34312 a3040000
34313 a3048000
34314 a3050000
34315 a3058000
34316 a3060000
34317 a3068000
34318 a3070000
34319 a3078000
34320 a3080000
34321 a3088000
34322 a3090000
34323 a3098000
34324 a30a0000
34325 a30a8000
34326 a30b0000
34327 a30b8000
34328 a30c0000
34329 a30c8000
34330 a30d0000
34331 a30d8000
34332 a30e0000
34333 a30e8000
34334 a30f0000
34335 a30f8000
34336 a3100000
34337 a3108000
34338 a3110000
34339 a3118000
34340 a3120000
34341 a3128000
34342 a3130000
34343 a3138000
34344 a3140000
34345 a3148000
34346 a3150000
34347 a3158000
34348 a3160000
34349 a3168000
34350 a3170000
34351 a3178000
34352 a3180000
34353 a3188000
34354 a3190000
34355 a3198000
34356 a31a0000
34357 a31a8000
34358 a31b0000
34359 a31b8000
34360 a31c0000
34361 a31c8000
34362 a31d0000
34363 a31d8000
34364 a31e0000
34365 a31e8000
34366 a31f0000
34367 a31f8000
34368 a3200000
34369 a3208000
34370 a3210000
34371 a3218000
34372 a3220000
34373 a3228000
34374 a3230000
34375 a3238000
34376 a3240000
34377 a3248000
34378 a3250000
34379 a3258000
34380 a3260000
34381 a3268000
34382 a3270000
34383 a3278000
34384 a3280000
34385 a3288000
34386 a3290000
34387 a3298000
34388 a32a0000
34389 a32a8000
34390 a32b0000
34391 a32b8000
34392 a32c0000
34393 a32c8000
34394 a32d0000
34395 a32d8000
34396 a32e0000
34397 a32e8000
34398 a32f0000
34399 a32f8000
34400 a3300000
34401 a3308000
34402 a3310000
34403 a3318000
34404 a3320000
34405 a3328000
34406 a3330000
34407 a3338000
34408 a3340000
34409 a3348000
34410 a3350000
34411 a3358000
34412 a3360000
34413 a3368000
34414 a3370000
34415 a3378000
34416 a3380000
34417 a3388000
34418 a3390000
34419 a3398000
34420 a33a0000
34421 a33a8000
34422 a33b0000
34423 a33b8000
34424 a33c0000
34425 a33c8000
34426 a33d0000
34427 a33d8000
34428 a33e0000
34429 a33e8000
34430 a33f0000
34431 a33f8000
34432 a3400000
34433 a3408000
34434 a3410000
34435 a3418000
34436 a3420000
34437 a3428000
34438 a3430000
34439 a3438000
34440 a3440000
34441 a3448000
34442 a3450000
34443 a3458000
34444 a3460000
34445 a3468000
34446 a3470000
34447 a3478000
34448 a3480000
34449 a3488000
34450 a3490000
34451 a3498000
34452 a34a0000
34453 a34a8000
34454 a34b0000
34455 a34b8000
34456 a34c0000
34457 a34c8000
34458 a34d0000
34459 a34d8000
34460 a34e0000
34461 a34e8000
34462 a34f0000
34463 a34f8000
34464 a3500000
34465 a3508000
34466 a3510000
34467 a3518000
34468 a3520000
34469 a3528000
34470 a3530000
34471 a3538000
34472 a3540000
34473 a3548000
34474 a3550000
34475 a3558000
34476 a3560000
34477 a3568000
34478 a3570000
34479 a3578000
34480 a3580000
34481 a3588000
34482 a3590000
34483 a3598000
34484 a35a0000
34485 a35a8000
34486 a35b0000
34487 a35b8000
34488 a35c0000
34489 a35c8000
34490 a35d0000
34491 a35d8000
34492 a35e0000
34493 a35e8000
34494 a35f0000
34495 a35f8000
34496 a3600000
34497 a3608000
34498 a3610000
34499 a3618000
34500 a3620000
34501 a3628000
34502 a3630000
34503 a3638000
34504 a3640000
34505 a3648000
34506 a3650000
34507 a3658000
34508 a3660000
34509 a3668000
34510 a3670000
34511 a3678000
34512 a3680000
34513 a3688000
34514 a3690000
34515 a3698000
34516 a36a0000
34517 a36a8000
34518 a36b0000
34519 a36b8000
34520 a36c0000
34521 a36c8000
34522 a36d0000
34523 a36d8000
34524 a36e0000
34525 a36e8000
34526 a36f0000
34527 a36f8000
34528 a3700000
34529 a3708000
34530 a3710000
34531 a3718000
34532 a3720000
34533 a3728000
34534 a3730000
34535 a3738000
34536 a3740000
34537 a3748000
34538 a3750000
34539 a3758000
34540 a3760000
34541 a3768000
34542 a3770000
34543 a3778000
34544 a3780000
34545 a3788000
34546 a3790000
34547 a3798000
34548 a37a0000
34549 a37a8000
34550 a37b0000
34551 a37b8000
34552 a37c0000
34553 a37c8000
34554 a37d0000
34555 a37d8000
34556 a37e0000
34557 a37e8000
34558 a37f0000
34559 a37f8000
34560 a3800000
34561 a3808000
34562 a3810000
34563 a3818000
34564 a3820000
34565 a3828000
34566 a3830000
34567 a3838000
34568 a3840000
34569 a3848000
34570 a3850000
34571 a3858000
34572 a3860000
34573 a3868000
34574 a3870000
34575 a3878000
34576 a3880000
34577 a3888000
34578 a3890000
34579 a3898000
34580 a38a0000
34581 a38a8000
34582 a38b0000
34583 a38b8000
34584 a38c0000
34585 a38c8000
34586 a38d0000
34587 a38d8000
34588 a38e0000
34589 a38e8000
34590 a38f0000
34591 a38f8000
34592 a3900000
34593 a3908000
34594 a3910000
34595 a3918000
34596 a3920000
34597 a3928000
34598 a3930000
34599 a3938000
34600 a3940000
34601 a3948000
34602 a3950000
34603 a3958000
34604 a3960000
34605 a3968000
34606 a3970000
34607 a3978000
34608 a3980000
34609 a3988000
34610 a3990000
34611 a3998000
34612 a39a0000
34613 a39a8000
34614 a39b0000
34615 a39b8000
34616 a39c0000
34617 a39c8000
34618 a39d0000
34619 a39d8000
34620 a39e0000
34621 a39e8000
34622 a39f0000
34623 a39f8000
34624 a3a00000
34625 a3a08000
34626 a3a10000
34627 a3a18000
34628 a3a20000
34629 a3a28000
34630 a3a30000
34631 a3a38000
34632 a3a40000
34633 a3a48000
34634 a3a50000
34635 a3a58000
34636 a3a60000
34637 a3a68000
34638 a3a70000
34639 a3a78000
34640 a3a80000
34641 a3a88000
34642 a3a90000
34643 a3a98000
34644 a3aa0000
34645 a3aa8000
34646 a3ab0000
34647 a3ab8000
34648 a3ac0000
34649 a3ac8000
34650 a3ad0000
34651 a3ad8000
34652 a3ae0000
34653 a3ae8000
34654 a3af0000
34655 a3af8000
34656 a3b00000
34657 a3b08000
34658 a3b10000
34659 a3b18000
34660 a3b20000
34661 a3b28000
34662 a3b30000
34663 a3b38000
34664 a3b40000
34665 a3b48000
34666 a3b50000
34667 a3b58000
34668 a3b60000
34669 a3b68000
34670 a3b70000
34671 a3b78000
34672 a3b80000
34673 a3b88000
34674 a3b90000
34675 a3b98000
34676 a3ba0000
34677 a3ba8000
34678 a3bb0000
34679 a3bb8000
34680 a3bc0000
34681 a3bc8000
34682 a3bd0000
34683 a3bd8000
34684 a3be0000
34685 a3be8000
34686 a3bf0000
34687 a3bf8000
34688 a3c00000
34689 a3c08000
34690 a3c10000
34691 a3c18000
34692 a3c20000
34693 a3c28000
34694 a3c30000
34695 a3c38000
34696 a3c40000
34697 a3c48000
34698 a3c50000
34699 a3c58000
34700 a3c60000
34701 a3c68000
34702 a3c70000
34703 a3c78000
34704 a3c80000
34705 a3c88000
34706 a3c90000
34707 a3c98000
34708 a3ca0000
34709 a3ca8000
34710 a3cb0000
34711 a3cb8000
34712 a3cc0000
34713 a3cc8000
34714 a3cd0000
34715 a3cd8000
34716 a3ce0000
34717 a3ce8000
34718 a3cf0000
34719 a3cf8000
34720 a3d00000
34721 a3d08000
34722 a3d10000
34723 a3d18000
34724 a3d20000
34725 a3d28000
34726 a3d30000
34727 a3d38000
34728 a3d40000
34729 a3d48000
34730 a3d50000
34731 a3d58000
34732 a3d60000
34733 a3d68000
34734 a3d70000
34735 a3d78000
34736 a3d80000
34737 a3d88000
34738 a3d90000
34739 a3d98000
34740 a3da0000
34741 a3da8000
34742 a3db0000
34743 a3db8000
34744 a3dc0000
34745 a3dc8000
34746 a3dd0000
34747 a3dd8000
34748 a3de0000
34749 a3de8000
34750 a3df0000
34751 a3df8000
34752 a3e00000
34753 a3e08000
34754 a3e10000
34755 a3e18000
34756 a3e20000
34757 a3e28000
34758 a3e30000
34759 a3e38000
34760 a3e40000
34761 a3e48000
34762 a3e50000
34763 a3e58000
34764 a3e60000
34765 a3e68000
34766 a3e70000
34767 a3e78000
34768 a3e80000
34769 a3e88000
34770 a3e90000
34771 a3e98000
34772 a3ea0000
34773 a3ea8000
34774 a3eb0000
34775 a3eb8000
34776 a3ec0000
34777 a3ec8000
34778 a3ed0000
34779 a3ed8000
34780 a3ee0000
34781 a3ee8000
34782 a3ef0000
34783 a3ef8000
34784 a3f00000
34785 a3f08000
34786 a3f10000
34787 a3f18000
34788 a3f20000
34789 a3f28000
34790 a3f30000
34791 a3f38000
34792 a3f40000
34793 a3f48000
34794 a3f50000
34795 a3f58000
34796 a3f60000
34797 a3f68000
34798 a3f70000
34799 a3f78000
34800 a3f80000
34801 a3f88000
34802 a3f90000
34803 a3f98000
34804 a3fa0000
34805 a3fa8000
34806 a3fb0000
34807 a3fb8000
34808 a3fc0000
34809 a3fc8000
34810 a3fd0000
34811 a3fd8000
34812 a3fe0000
34813 a3fe8000
34814 a3ff0000
34815 a3ff8000
34816 a4000000
34817 a4008000
34818 a4010000
34819 a4018000
34820 a4020000
34821 a4028000
34822 a4030000
34823 a4038000
34824 a4040000
34825 a4048000
34826 a4050000
34827 a4058000
34828 a4060000
34829 a4068000
34830 a4070000
34831 a4078000
34832 a4080000
34833 a4088000
34834 a4090000
34835 a4098000
34836 a40a0000
34837 a40a8000
34838 a40b0000
34839 a40b8000
34840 a40c0000
34841 a40c8000
34842 a40d0000
34843 a40d8000
34844 a40e0000
34845 a40e8000
34846 a40f0000
34847 a40f8000
34848 a4100000
34849 a4108000
34850 a4110000
34851 a4118000
34852 a4120000
34853 a4128000
34854 a4130000
34855 a4138000
34856 a4140000
34857 a4148000
34858 a4150000
34859 a4158000
34860 a4160000
34861 a4168000
34862 a4170000
34863 a4178000
34864 a4180000
34865 a4188000
34866 a4190000
34867 a4198000
34868 a41a0000
34869 a41a8000
34870 a41b0000
34871 a41b8000
34872 a41c0000
34873 a41c8000
34874 a41d0000
34875 a41d8000
34876 a41e0000
34877 a41e8000
34878 a41f0000
34879 a41f8000
34880 a4200000
34881 a4208000
34882 a4210000
34883 a4218000
34884 a4220000
34885 a4228000
34886 a4230000
34887 a4238000
34888 a4240000
34889 a4248000
34890 a4250000
34891 a4258000
34892 a4260000
34893 a4268000
34894 a4270000
34895 a4278000
34896 a4280000
34897 a4288000
34898 a4290000
34899 a4298000
34900 a42a0000
34901 a42a8000
34902 a42b0000
34903 a42b8000
34904 a42c0000
34905 a42c8000
34906 a42d0000
34907 a42d8000
34908 a42e0000
34909 a42e8000
34910 a42f0000
34911 a42f8000
34912 a4300000
34913 a4308000
34914 a4310000
34915 a4318000
34916 a4320000
34917 a4328000
34918 a4330000
34919 a4338000
34920 a4340000
34921 a4348000
34922 a4350000
34923 a4358000
34924 a4360000
34925 a4368000
34926 a4370000
34927 a4378000
34928 a4380000
34929 a4388000
34930 a4390000
34931 a4398000
34932 a43a0000
34933 a43a8000
34934 a43b0000
34935 a43b8000
34936 a43c0000
34937 a43c8000
34938 a43d0000
34939 a43d8000
34940 a43e0000
34941 a43e8000
34942 a43f0000
34943 a43f8000
34944 a4400000
34945 a4408000
34946 a4410000
34947 a4418000
34948 a4420000
34949 a4428000
34950 a4430000
34951 a4438000
34952 a4440000
34953 a4448000
34954 a4450000
34955 a4458000
34956 a4460000
34957 a4468000
34958 a4470000
34959 a4478000
34960 a4480000
34961 a4488000
34962 a4490000
34963 a4498000
34964 a44a0000
34965 a44a8000
34966 a44b0000
34967 a44b8000
34968 a44c0000
34969 a44c8000
34970 a44d0000
34971 a44d8000
34972 a44e0000
34973 a44e8000
34974 a44f0000
34975 a44f8000
34976 a4500000
34977 a4508000
34978 a4510000
34979 a4518000
34980 a4520000
34981 a4528000
34982 a4530000
34983 a4538000
34984 a4540000
34985 a4548000
34986 a4550000
34987 a4558000
34988 a4560000
34989 a4568000
34990 a4570000
34991 a4578000
34992 a4580000
34993 a4588000
34994 a4590000
34995 a4598000
34996 a45a0000
34997 a45a8000
34998 a45b0000
34999 a45b8000
35000 a45c0000
35001 a45c8000
35002 a45d0000
35003 a45d8000
35004 a45e0000
35005 a45e8000
35006 a45f0000
35007 a45f8000
35008 a4600000
35009 a4608000
35010 a4610000
35011 a4618000
35012 a4620000
35013 a4628000
35014 a4630000
35015 a4638000
35016 a4640000
35017 a4648000
35018 a4650000
35019 a4658000
35020 a4660000
35021 a4668000
35022 a4670000
35023 a4678000
35024 a4680000
35025 a4688000
35026 a4690000
35027 a4698000
35028 a46a0000
35029 a46a8000
35030 a46b0000
35031 a46b8000
35032 a46c0000
35033 a46c8000
35034 a46d0000
35035 a46d8000
35036 a46e0000
35037 a46e8000
35038 a46f0000
35039 a46f8000
35040 a4700000
35041 a4708000
35042 a4710000
35043 a4718000
35044 a4720000
35045 a4728000
35046 a4730000
35047 a4738000
35048 a4740000
35049 a4748000
35050 a4750000
35051 a4758000
35052 a4760000
35053 a4768000
35054 a4770000
35055 a4778000
35056 a4780000
35057 a4788000
35058 a4790000
35059 a4798000
35060 a47a0000
35061 a47a8000
35062 a47b0000
35063 a47b8000
35064 a47c0000
35065 a47c8000
35066 a47d0000
35067 a47d8000
35068 a47e0000
35069 a47e8000
35070 a47f0000
35071 a47f8000
35072 a4800000
35073 a4808000
35074 a4810000
35075 a4818000
35076 a4820000
35077 a4828000
35078 a4830000
35079 a4838000
35080 a4840000
35081 a4848000
35082 a4850000
35083 a4858000
35084 a4860000
35085 a4868000
35086 a4870000
35087 a4878000
35088 a4880000
35089 a4888000
35090 a4890000
35091 a4898000
35092 a48a0000
35093 a48a8000
35094 a48b0000
35095 a48b8000
35096 a48c0000
35097 a48c8000
35098 a48d0000
35099 a48d8000
35100 a48e0000
35101 a48e8000
35102 a48f0000
35103 a48f8000
35104 a4900000
35105 a4908000
35106 a4910000
35107 a4918000
35108 a4920000
35109 a4928000
35110 a4930000
35111 a4938000
35112 a4940000
35113 a4948000
35114 a4950000
35115 a4958000
35116 a4960000
35117 a4968000
35118 a4970000
35119 a4978000
35120 a4980000
35121 a4988000
35122 a4990000
35123 a4998000
35124 a49a0000
35125 a49a8000
35126 a49b0000
35127 a49b8000
35128 a49c0000
35129 a49c8000
35130 a49d0000
35131 a49d8000
35132 a49e0000
35133 a49e8000
35134 a49f0000
35135 a49f8000
35136 a4a00000
35137 a4a08000
35138 a4a10000
35139 a4a18000
35140 a4a20000
35141 a4a28000
35142 a4a30000
35143 a4a38000
35144 a4a40000
35145 a4a48000
35146 a4a50000
35147 a4a58000
35148 a4a60000
35149 a4a68000
35150 a4a70000
35151 a4a78000
35152 a4a80000
35153 a4a88000
35154 a4a90000
35155 a4a98000
35156 a4aa0000
35157 a4aa8000
35158 a4ab0000
35159 a4ab8000
35160 a4ac0000
35161 a4ac8000
35162 a4ad0000
35163 a4ad8000
35164 a4ae0000
35165 a4ae8000
35166 a4af0000
35167 a4af8000
35168 a4b00000
35169 a4b08000
35170 a4b10000
35171 a4b18000
35172 a4b20000
35173 a4b28000
35174 a4b30000
35175 a4b38000
35176 a4b40000
35177 a4b48000
35178 a4b50000
35179 a4b58000
35180 a4b60000
35181 a4b68000
35182 a4b70000
35183 a4b78000
35184 a4b80000
35185 a4b88000
35186 a4b90000
35187 a4b98000
35188 a4ba0000
35189 a4ba8000
35190 a4bb0000
35191 a4bb8000
35192 a4bc0000
35193 a4bc8000
35194 a4bd0000
35195 a4bd8000
35196 a4be0000
35197 a4be8000
35198 a4bf0000
35199 a4bf8000
35200 a4c00000
35201 a4c08000
35202 a4c10000
35203 a4c18000
35204 a4c20000
35205 a4c28000
35206 a4c30000
35207 a4c38000
35208 a4c40000
35209 a4c48000
35210 a4c50000
35211 a4c58000
35212 a4c60000
35213 a4c68000
35214 a4c70000
35215 a4c78000
35216 a4c80000
35217 a4c88000
35218 a4c90000
35219 a4c98000
35220 a4ca0000
35221 a4ca8000
35222 a4cb0000
35223 a4cb8000
35224 a4cc0000
35225 a4cc8000
35226 a4cd0000
35227 a4cd8000
35228 a4ce0000
35229 a4ce8000
35230 a4cf0000
35231 a4cf8000
35232 a4d00000
35233 a4d08000
35234 a4d10000
35235 a4d18000
35236 a4d20000
35237 a4d28000
35238 a4d30000
35239 a4d38000
35240 a4d40000
35241 a4d48000
35242 a4d50000
35243 a4d58000
35244 a4d60000
35245 a4d68000
35246 a4d70000
35247 a4d78000
35248 a4d80000
35249 a4d88000
35250 a4d90000
35251 a4d98000
35252 a4da0000
35253 a4da8000
35254 a4db0000
35255 a4db8000
35256 a4dc0000
35257 a4dc8000
35258 a4dd0000
35259 a4dd8000
35260 a4de0000
35261 a4de8000
35262 a4df0000
35263 a4df8000
35264 a4e00000
35265 a4e08000
35266 a4e10000
35267 a4e18000
35268 a4e20000
35269 a4e28000
35270 a4e30000
35271 a4e38000
35272 a4e40000
35273 a4e48000
35274 a4e50000
35275 a4e58000
35276 a4e60000
35277 a4e68000
35278 a4e70000
35279 a4e78000
35280 a4e80000
35281 a4e88000
35282 a4e90000
35283 a4e98000
35284 a4ea0000
35285 a4ea8000
35286 a4eb0000
35287 a4eb8000
35288 a4ec0000
35289 a4ec8000
35290 a4ed0000
35291 a4ed8000
35292 a4ee0000
35293 a4ee8000
35294 a4ef0000
35295 a4ef8000
35296 a4f00000
35297 a4f08000
35298 a4f10000
35299 a4f18000
35300 a4f20000
35301 a4f28000
35302 a4f30000
35303 a4f38000
35304 a4f40000
35305 a4f48000
35306 a4f50000
35307 a4f58000
35308 a4f60000
35309 a4f68000
35310 a4f70000
35311 a4f78000
35312 a4f80000
35313 a4f88000
35314 a4f90000
35315 a4f98000
35316 a4fa0000
35317 a4fa8000
35318 a4fb0000
35319 a4fb8000
35320 a4fc0000
35321 a4fc8000
35322 a4fd0000
35323 a4fd8000
35324 a4fe0000
35325 a4fe8000
35326 a4ff0000
35327 a4ff8000
35328 a5000000
35329 a5008000
35330 a5010000
35331 a5018000
35332 a5020000
35333 a5028000
35334 a5030000
35335 a5038000
35336 a5040000
35337 a5048000
35338 a5050000
35339 a5058000
35340 a5060000
35341 a5068000
35342 a5070000
35343 a5078000
35344 a5080000
35345 a5088000
35346 a5090000
35347 a5098000
35348 a50a0000
35349 a50a8000
35350 a50b0000
35351 a50b8000
35352 a50c0000
35353 a50c8000
35354 a50d0000
35355 a50d8000
35356 a50e0000
35357 a50e8000
35358 a50f0000
35359 a50f8000
35360 a5100000
35361 a5108000
35362 a5110000
35363 a5118000
35364 a5120000
35365 a5128000
35366 a5130000
35367 a5138000
35368 a5140000
35369 a5148000
35370 a5150000
35371 a5158000
35372 a5160000
35373 a5168000
35374 a5170000
35375 a5178000
35376 a5180000
35377 a5188000
35378 a5190000
35379 a5198000
35380 a51a0000
35381 a51a8000
35382 a51b0000
35383 a51b8000
35384 a51c0000
35385 a51c8000
35386 a51d0000
35387 a51d8000
35388 a51e0000
35389 a51e8000
35390 a51f0000
35391 a51f8000
35392 a5200000
35393 a5208000
35394 a5210000
35395 a5218000
35396 a5220000
35397 a5228000
35398 a5230000
35399 a5238000
35400 a5240000
35401 a5248000
35402 a5250000
35403 a5258000
35404 a5260000
35405 a5268000
35406 a5270000
35407 a5278000
35408 a5280000
35409 a5288000
35410 a5290000
35411 a5298000
35412 a52a0000
35413 a52a8000
35414 a52b0000
35415 a52b8000
35416 a52c0000
35417 a52c8000
35418 a52d0000
35419 a52d8000
35420 a52e0000
35421 a52e8000
35422 a52f0000
35423 a52f8000
35424 a5300000
35425 a5308000
35426 a5310000
35427 a5318000
35428 a5320000
35429 a5328000
35430 a5330000
35431 a5338000
35432 a5340000
35433 a5348000
35434 a5350000
35435 a5358000
35436 a5360000
35437 a5368000
35438 a5370000
35439 a5378000
35440 a5380000
35441 a5388000
35442 a5390000
35443 a5398000
35444 a53a0000
35445 a53a8000
35446 a53b0000
35447 a53b8000
35448 a53c0000
35449 a53c8000
35450 a53d0000
35451 a53d8000
35452 a53e0000
35453 a53e8000
35454 a53f0000
35455 a53f8000
35456 a5400000
35457 a5408000
35458 a5410000
35459 a5418000
35460 a5420000
35461 a5428000
35462 a5430000
35463 a5438000
35464 a5440000
35465 a5448000
35466 a5450000
35467 a5458000
35468 a5460000
35469 a5468000
35470 a5470000
35471 a5478000
35472 a5480000
35473 a5488000
35474 a5490000
35475 a5498000
35476 a54a0000
35477 a54a8000
35478 a54b0000
35479 a54b8000
35480 a54c0000
35481 a54c8000
35482 a54d0000
35483 a54d8000
35484 a54e0000
35485 a54e8000
35486 a54f0000
35487 a54f8000
35488 a5500000
35489 a5508000
35490 a5510000
35491 a5518000
35492 a5520000
35493 a5528000
35494 a5530000
35495 a5538000
35496 a5540000
35497 a5548000
35498 a5550000
35499 a5558000
35500 a5560000
35501 a5568000
35502 a5570000
35503 a5578000
35504 a5580000
35505 a5588000
35506 a5590000
35507 a5598000
35508 a55a0000
35509 a55a8000
35510 a55b0000
35511 a55b8000
35512 a55c0000
35513 a55c8000
35514 a55d0000
35515 a55d8000
35516 a55e0000
35517 a55e8000
35518 a55f0000
35519 a55f8000
35520 a5600000
35521 a5608000
35522 a5610000
35523 a5618000
35524 a5620000
35525 a5628000
35526 a5630000
35527 a5638000
35528 a5640000
35529 a5648000
35530 a5650000
35531 a5658000
35532 a5660000
35533 a5668000
35534 a5670000
35535 a5678000
35536 a5680000
35537 a5688000
35538 a5690000
35539 a5698000
35540 a56a0000
35541 a56a8000
35542 a56b0000
35543 a56b8000
35544 a56c0000
35545 a56c8000
35546 a56d0000
35547 a56d8000
35548 a56e0000
35549 a56e8000
35550 a56f0000
35551 a56f8000
35552 a5700000
35553 a5708000
35554 a5710000
35555 a5718000
35556 a5720000
35557 a5728000
35558 a5730000
35559 a5738000
35560 a5740000
35561 a5748000
35562 a5750000
35563 a5758000
35564 a5760000
35565 a5768000
35566 a5770000
35567 a5778000
35568 a5780000
35569 a5788000
35570 a5790000
35571 a5798000
35572 a57a0000
35573 a57a8000
35574 a57b0000
35575 a57b8000
35576 a57c0000
35577 a57c8000
35578 a57d0000
35579 a57d8000
35580 a57e0000
35581 a57e8000
35582 a57f0000
35583 a57f8000
35584 a5800000
35585 a5808000
35586 a5810000
35587 a5818000
35588 a5820000
35589 a5828000
35590 a5830000
35591 a5838000
35592 a5840000
35593 a5848000
35594 a5850000
35595 a5858000
35596 a5860000
35597 a5868000
35598 a5870000
35599 a5878000
35600 a5880000
35601 a5888000
35602 a5890000
35603 a5898000
35604 a58a0000
35605 a58a8000
35606 a58b0000
35607 a58b8000
35608 a58c0000
35609 a58c8000
35610 a58d0000
35611 a58d8000
35612 a58e0000
35613 a58e8000
35614 a58f0000
35615 a58f8000
35616 a5900000
35617 a5908000
35618 a5910000
35619 a5918000
35620 a5920000
35621 a5928000
35622 a5930000
35623 a5938000
35624 a5940000
35625 a5948000
35626 a5950000
35627 a5958000
35628 a5960000
35629 a5968000
35630 a5970000
35631 a5978000
35632 a5980000
35633 a5988000
35634 a5990000
35635 a5998000
35636 a59a0000
35637 a59a8000
35638 a59b0000
35639 a59b8000
35640 a59c0000
35641 a59c8000
35642 a59d0000
35643 a59d8000
35644 a59e0000
35645 a59e8000
35646 a59f0000
35647 a59f8000
35648 a5a00000
35649 a5a08000
35650 a5a10000
35651 a5a18000
35652 a5a20000
35653 a5a28000
35654 a5a30000
35655 a5a38000
35656 a5a40000
35657 a5a48000
35658 a5a50000
35659 a5a58000
35660 a5a60000
35661 a5a68000
35662 a5a70000
35663 a5a78000
35664 a5a80000
35665 a5a88000
35666 a5a90000
35667 a5a98000
35668 a5aa0000
35669 a5aa8000
35670 a5ab0000
35671 a5ab8000
35672 a5ac0000
35673 a5ac8000
35674 a5ad0000
35675 a5ad8000
35676 a5ae0000
35677 a5ae8000
35678 a5af0000
35679 a5af8000
35680 a5b00000
35681 a5b08000
35682 a5b10000
35683 a5b18000
35684 a5b20000
35685 a5b28000
35686 a5b30000
35687 a5b38000
35688 a5b40000
35689 a5b48000
35690 a5b50000
35691 a5b58000
35692 a5b60000
35693 a5b68000
35694 a5b70000
35695 a5b78000
35696 a5b80000
35697 a5b88000
35698 a5b90000
35699 a5b98000
35700 a5ba0000
35701 a5ba8000
35702 a5bb0000
35703 a5bb8000
35704 a5bc0000
35705 a5bc8000
35706 a5bd0000
35707 a5bd8000
35708 a5be0000
35709 a5be8000
35710 a5bf0000
35711 a5bf8000
35712 a5c00000
35713 a5c08000
35714 a5c10000
35715 a5c18000
35716 a5c20000
35717 a5c28000
35718 a5c30000
35719 a5c38000
35720 a5c40000
35721 a5c48000
35722 a5c50000
35723 a5c58000
35724 a5c60000
35725 a5c68000
35726 a5c70000
35727 a5c78000
35728 a5c80000
35729 a5c88000
35730 a5c90000
35731 a5c98000
35732 a5ca0000
35733 a5ca8000
35734 a5cb0000
35735 a5cb8000
35736 a5cc0000
35737 a5cc8000
35738 a5cd0000
35739 a5cd8000
35740 a5ce0000
35741 a5ce8000
35742 a5cf0000
35743 a5cf8000
35744 a5d00000
35745 a5d08000
35746 a5d10000
35747 a5d18000
35748 a5d20000
35749 a5d28000
35750 a5d30000
35751 a5d38000
35752 a5d40000
35753 a5d48000
35754 a5d50000
35755 a5d58000
35756 a5d60000
35757 a5d68000
35758 a5d70000
35759 a5d78000
35760 a5d80000
35761 a5d88000
35762 a5d90000
35763 a5d98000
35764 a5da0000
35765 a5da8000
35766 a5db0000
35767 a5db8000
35768 a5dc0000
35769 a5dc8000
35770 a5dd0000
35771 a5dd8000
35772 a5de0000
35773 a5de8000
35774 a5df0000
35775 a5df8000
35776 a5e00000
35777 a5e08000
35778 a5e10000
35779 a5e18000
35780 a5e20000
35781 a5e28000
35782 a5e30000
35783 a5e38000
35784 a5e40000
35785 a5e48000
35786 a5e50000
35787 a5e58000
35788 a5e60000
35789 a5e68000
35790 a5e70000
35791 a5e78000
35792 a5e80000
35793 a5e88000
35794 a5e90000
35795 a5e98000
35796 a5ea0000
35797 a5ea8000
35798 a5eb0000
35799 a5eb8000
35800 a5ec0000
35801 a5ec8000
35802 a5ed0000
35803 a5ed8000
35804 a5ee0000
35805 a5ee8000
35806 a5ef0000
35807 a5ef8000
35808 a5f00000
35809 a5f08000
35810 a5f10000
35811 a5f18000
35812 a5f20000
35813 a5f28000
35814 a5f30000
35815 a5f38000
35816 a5f40000
35817 a5f48000
35818 a5f50000
35819 a5f58000
35820 a5f60000
35821 a5f68000
35822 a5f70000
35823 a5f78000
35824 a5f80000
35825 a5f88000
35826 a5f90000
35827 a5f98000
35828 a5fa0000
35829 a5fa8000
35830 a5fb0000
35831 a5fb8000
35832 a5fc0000
35833 a5fc8000
35834 a5fd0000
35835 a5fd8000
35836 a5fe0000
35837 a5fe8000
35838 a5ff0000
35839 a5ff8000
35840 a6000000
35841 a6008000
35842 a6010000
35843 a6018000
35844 a6020000
35845 a6028000
35846 a6030000
35847 a6038000
35848 a6040000
35849 a6048000
35850 a6050000
35851 a6058000
35852 a6060000
35853 a6068000
35854 a6070000
35855 a6078000
35856 a6080000
35857 a6088000
35858 a6090000
35859 a6098000
35860 a60a0000
35861 a60a8000
35862 a60b0000
35863 a60b8000
35864 a60c0000
35865 a60c8000
35866 a60d0000
35867 a60d8000
35868 a60e0000
35869 a60e8000
35870 a60f0000
35871 a60f8000
35872 a6100000
35873 a6108000
35874 a6110000
35875 a6118000
35876 a6120000
35877 a6128000
35878 a6130000
35879 a6138000
35880 a6140000
35881 a6148000
35882 a6150000
35883 a6158000
35884 a6160000
35885 a6168000
35886 a6170000
35887 a6178000
35888 a6180000
35889 a6188000
35890 a6190000
35891 a6198000
35892 a61a0000
35893 a61a8000
35894 a61b0000
35895 a61b8000
35896 a61c0000
35897 a61c8000
35898 a61d0000
35899 a61d8000
35900 a61e0000
35901 a61e8000
35902 a61f0000
35903 a61f8000
35904 a6200000
35905 a6208000
35906 a6210000
35907 a6218000
35908 a6220000
35909 a6228000
35910 a6230000
35911 a6238000
35912 a6240000
35913 a6248000
35914 a6250000
35915 a6258000
35916 a6260000
35917 a6268000
35918 a6270000
35919 a6278000
35920 a6280000
35921 a6288000
35922 a6290000
35923 a6298000
35924 a62a0000
35925 a62a8000
35926 a62b0000
35927 a62b8000
35928 a62c0000
35929 a62c8000
35930 a62d0000
35931 a62d8000
35932 a62e0000
35933 a62e8000
35934 a62f0000
35935 a62f8000
35936 a6300000
35937 a6308000
35938 a6310000
35939 a6318000
35940 a6320000
35941 a6328000
35942 a6330000
35943 a6338000
35944 a6340000
35945 a6348000
35946 a6350000
35947 a6358000
35948 a6360000
35949 a6368000
35950 a6370000
35951 a6378000
35952 a6380000
35953 a6388000
35954 a6390000
35955 a6398000
35956 a63a0000
35957 a63a8000
35958 a63b0000
35959 a63b8000
35960 a63c0000
35961 a63c8000
35962 a63d0000
35963 a63d8000
35964 a63e0000
35965 a63e8000
35966 a63f0000
35967 a63f8000
35968 a6400000
35969 a6408000
35970 a6410000
35971 a6418000
35972 a6420000
35973 a6428000
35974 a6430000
35975 a6438000
35976 a6440000
35977 a6448000
35978 a6450000
35979 a6458000
35980 a6460000
35981 a6468000
35982 a6470000
35983 a6478000
35984 a6480000
35985 a6488000
35986 a6490000
35987 a6498000
35988 a64a0000
35989 a64a8000
35990 a64b0000
35991 a64b8000
35992 a64c0000
35993 a64c8000
35994 a64d0000
35995 a64d8000
35996 a64e0000
35997 a64e8000
35998 a64f0000
35999 a64f8000
36000 a6500000
36001 a6508000
36002 a6510000
36003 a6518000
36004 a6520000
36005 a6528000
36006 a6530000
36007 a6538000
36008 a6540000
36009 a6548000
36010 a6550000
36011 a6558000
36012 a6560000
36013 a6568000
36014 a6570000
36015 a6578000
36016 a6580000
36017 a6588000
36018 a6590000
36019 a6598000
36020 a65a0000
36021 a65a8000
36022 a65b0000
36023 a65b8000
36024 a65c0000
36025 a65c8000
36026 a65d0000
36027 a65d8000
36028 a65e0000
36029 a65e8000
36030 a65f0000
36031 a65f8000
36032 a6600000
36033 a6608000
36034 a6610000
36035 a6618000
36036 a6620000
36037 a6628000
36038 a6630000
36039 a6638000
36040 a6640000
36041 a6648000
36042 a6650000
36043 a6658000
36044 a6660000
36045 a6668000
36046 a6670000
36047 a6678000
36048 a6680000
36049 a6688000
36050 a6690000
36051 a6698000
36052 a66a0000
36053 a66a8000
36054 a66b0000
36055 a66b8000
36056 a66c0000
36057 a66c8000
36058 a66d0000
36059 a66d8000
36060 a66e0000
36061 a66e8000
36062 a66f0000
36063 a66f8000
36064 a6700000
36065 a6708000
36066 a6710000
36067 a6718000
36068 a6720000
36069 a6728000
36070 a6730000
36071 a6738000
36072 a6740000
36073 a6748000
36074 a6750000
36075 a6758000
36076 a6760000
36077 a6768000
36078 a6770000
36079 a6778000
36080 a6780000
36081 a6788000
36082 a6790000
36083 a6798000
36084 a67a0000
36085 a67a8000
36086 a67b0000
36087 a67b8000
36088 a67c0000
36089 a67c8000
36090 a67d0000
36091 a67d8000
36092 a67e0000
36093 a67e8000
36094 a67f0000
36095 a67f8000
36096 a6800000
36097 a6808000
36098 a6810000
36099 a6818000
36100 a6820000
36101 a6828000
36102 a6830000
36103 a6838000
36104 a6840000
36105 a6848000
36106 a6850000
36107 a6858000
36108 a6860000
36109 a6868000
36110 a6870000
36111 a6878000
36112 a6880000
36113 a6888000
36114 a6890000
36115 a6898000
36116 a68a0000
36117 a68a8000
36118 a68b0000
36119 a68b8000
36120 a68c0000
36121 a68c8000
36122 a68d0000
36123 a68d8000
36124 a68e0000
36125 a68e8000
36126 a68f0000
36127 a68f8000
36128 a6900000
36129 a6908000
36130 a6910000
36131 a6918000
36132 a6920000
36133 a6928000
36134 a6930000
36135 a6938000
36136 a6940000
36137 a6948000
36138 a6950000
36139 a6958000
36140 a6960000
36141 a6968000
36142 a6970000
36143 a6978000
36144 a6980000
36145 a6988000
36146 a6990000
36147 a6998000
36148 a69a0000
36149 a69a8000
36150 a69b0000
36151 a69b8000
36152 a69c0000
36153 a69c8000
36154 a69d0000
36155 a69d8000
36156 a69e0000
36157 a69e8000
36158 a69f0000
36159 a69f8000
36160 a6a00000
36161 a6a08000
36162 a6a10000
36163 a6a18000
36164 a6a20000
36165 a6a28000
36166 a6a30000
36167 a6a38000
36168 a6a40000
36169 a6a48000
36170 a6a50000
36171 a6a58000
36172 a6a60000
36173 a6a68000
36174 a6a70000
36175 a6a78000
36176 a6a80000
36177 a6a88000
36178 a6a90000
36179 a6a98000
36180 a6aa0000
36181 a6aa8000
36182 a6ab0000
36183 a6ab8000
36184 a6ac0000
36185 a6ac8000
36186 a6ad0000
36187 a6ad8000
36188 a6ae0000
36189 a6ae8000
36190 a6af0000
36191 a6af8000
36192 a6b00000
36193 a6b08000
36194 a6b10000
36195 a6b18000
36196 a6b20000
36197 a6b28000
36198 a6b30000
36199 a6b38000
36200 a6b40000
36201 a6b48000
36202 a6b50000
36203 a6b58000
36204 a6b60000
36205 a6b68000
36206 a6b70000
36207 a6b78000
36208 a6b80000
36209 a6b88000
36210 a6b90000
36211 a6b98000
36212 a6ba0000
36213 a6ba8000
36214 a6bb0000
36215 a6bb8000
36216 a6bc0000
36217 a6bc8000
36218 a6bd0000
36219 a6bd8000
36220 a6be0000
36221 a6be8000
36222 a6bf0000
36223 a6bf8000
36224 a6c00000
36225 a6c08000
36226 a6c10000
36227 a6c18000
36228 a6c20000
36229 a6c28000
36230 a6c30000
36231 a6c38000
36232 a6c40000
36233 a6c48000
36234 a6c50000
36235 a6c58000
36236 a6c60000
36237 a6c68000
36238 a6c70000
36239 a6c78000
36240 a6c80000
36241 a6c88000
36242 a6c90000
36243 a6c98000
36244 a6ca0000
36245 a6ca8000
36246 a6cb0000
36247 a6cb8000
36248 a6cc0000
36249 a6cc8000
36250 a6cd0000
36251 a6cd8000
36252 a6ce0000
36253 a6ce8000
36254 a6cf0000
36255 a6cf8000
36256 a6d00000
36257 a6d08000
36258 a6d10000
36259 a6d18000
36260 a6d20000
36261 a6d28000
36262 a6d30000
36263 a6d38000
36264 a6d40000
36265 a6d48000
36266 a6d50000
36267 a6d58000
36268 a6d60000
36269 a6d68000
36270 a6d70000
36271 a6d78000
36272 a6d80000
36273 a6d88000
36274 a6d90000
36275 a6d98000
36276 a6da0000
36277 a6da8000
36278 a6db0000
36279 a6db8000
36280 a6dc0000
36281 a6dc8000
36282 a6dd0000
36283 a6dd8000
36284 a6de0000
36285 a6de8000
36286 a6df0000
36287 a6df8000
36288 a6e00000
36289 a6e08000
36290 a6e10000
36291 a6e18000
36292 a6e20000
36293 a6e28000
36294 a6e30000
36295 a6e38000
36296 a6e40000
36297 a6e48000
36298 a6e50000
36299 a6e58000
36300 a6e60000
36301 a6e68000
36302 a6e70000
36303 a6e78000
36304 a6e80000
36305 a6e88000
36306 a6e90000
36307 a6e98000
36308 a6ea0000
36309 a6ea8000
36310 a6eb0000
36311 a6eb8000
36312 a6ec0000
36313 a6ec8000
36314 a6ed0000
36315 a6ed8000
36316 a6ee0000
36317 a6ee8000
36318 a6ef0000
36319 a6ef8000
36320 a6f00000
36321 a6f08000
36322 a6f10000
36323 a6f18000
36324 a6f20000
36325 a6f28000
36326 a6f30000
36327 a6f38000
36328 a6f40000
36329 a6f48000
36330 a6f50000
36331 a6f58000
36332 a6f60000
36333 a6f68000
36334 a6f70000
36335 a6f78000
36336 a6f80000
36337 a6f88000
36338 a6f90000
36339 a6f98000
36340 a6fa0000
36341 a6fa8000
36342 a6fb0000
36343 a6fb8000
36344 a6fc0000
36345 a6fc8000
36346 a6fd0000
36347 a6fd8000
36348 a6fe0000
36349 a6fe8000
36350 a6ff0000
36351 a6ff8000
36352 a7000000
36353 a7008000
36354 a7010000
36355 a7018000
36356 a7020000
36357 a7028000
36358 a7030000
36359 a7038000
36360 a7040000
36361 a7048000
36362 a7050000
36363 a7058000
36364 a7060000
36365 a7068000
36366 a7070000
36367 a7078000
36368 a7080000
36369 a7088000
36370 a7090000
36371 a7098000
36372 a70a0000
36373 a70a8000
36374 a70b0000
36375 a70b8000
36376 a70c0000
36377 a70c8000
36378 a70d0000
36379 a70d8000
36380 a70e0000
36381 a70e8000
36382 a70f0000
36383 a70f8000
36384 a7100000
36385 a7108000
36386 a7110000
36387 a7118000
36388 a7120000
36389 a7128000
36390 a7130000
36391 a7138000
36392 a7140000
36393 a7148000
36394 a7150000
36395 a7158000
36396 a7160000
36397 a7168000
36398 a7170000
36399 a7178000
36400 a7180000
36401 a7188000
36402 a7190000
36403 a7198000
36404 a71a0000
36405 a71a8000
36406 a71b0000
36407 a71b8000
36408 a71c0000
36409 a71c8000
36410 a71d0000
36411 a71d8000
36412 a71e0000
36413 a71e8000
36414 a71f0000
36415 a71f8000
36416 a7200000
36417 a7208000
36418 a7210000
36419 a7218000
36420 a7220000
36421 a7228000
36422 a7230000
36423 a7238000
36424 a7240000
36425 a7248000
36426 a7250000
36427 a7258000
36428 a7260000
36429 a7268000
36430 a7270000
36431 a7278000
36432 a7280000
36433 a7288000
36434 a7290000
36435 a7298000
36436 a72a0000
36437 a72a8000
36438 a72b0000
36439 a72b8000
36440 a72c0000
36441 a72c8000
36442 a72d0000
36443 a72d8000
36444 a72e0000
36445 a72e8000
36446 a72f0000
36447 a72f8000
36448 a7300000
36449 a7308000
36450 a7310000
36451 a7318000
36452 a7320000
36453 a7328000
36454 a7330000
36455 a7338000
36456 a7340000
36457 a7348000
36458 a7350000
36459 a7358000
36460 a7360000
36461 a7368000
36462 a7370000
36463 a7378000
36464 a7380000
36465 a7388000
36466 a7390000
36467 a7398000
36468 a73a0000
36469 a73a8000
36470 a73b0000
36471 a73b8000
36472 a73c0000
36473 a73c8000
36474 a73d0000
36475 a73d8000
36476 a73e0000
36477 a73e8000
36478 a73f0000
36479 a73f8000
36480 a7400000
36481 a7408000
36482 a7410000
36483 a7418000
36484 a7420000
36485 a7428000
36486 a7430000
36487 a7438000
36488 a7440000
36489 a7448000
36490 a7450000
36491 a7458000
36492 a7460000
36493 a7468000
36494 a7470000
36495 a7478000
36496 a7480000
36497 a7488000
36498 a7490000
36499 a7498000
36500 a74a0000
36501 a74a8000
36502 a74b0000
36503 a74b8000
36504 a74c0000
36505 a74c8000
36506 a74d0000
36507 a74d8000
36508 a74e0000
36509 a74e8000
36510 a74f0000
36511 a74f8000
36512 a7500000
36513 a7508000
36514 a7510000
36515 a7518000
36516 a7520000
36517 a7528000
36518 a7530000
36519 a7538000
36520 a7540000
36521 a7548000
36522 a7550000
36523 a7558000
36524 a7560000
36525 a7568000
36526 a7570000
36527 a7578000
36528 a7580000
36529 a7588000
36530 a7590000
36531 a7598000
36532 a75a0000
36533 a75a8000
36534 a75b0000
36535 a75b8000
36536 a75c0000
36537 a75c8000
36538 a75d0000
36539 a75d8000
36540 a75e0000
36541 a75e8000
36542 a75f0000
36543 a75f8000
36544 a7600000
36545 a7608000
36546 a7610000
36547 a7618000
36548 a7620000
36549 a7628000
36550 a7630000
36551 a7638000
36552 a7640000
36553 a7648000
36554 a7650000
36555 a7658000
36556 a7660000
36557 a7668000
36558 a7670000
36559 a7678000
36560 a7680000
36561 a7688000
36562 a7690000
36563 a7698000
36564 a76a0000
36565 a76a8000
36566 a76b0000
36567 a76b8000
36568 a76c0000
36569 a76c8000
36570 a76d0000
36571 a76d8000
36572 a76e0000
36573 a76e8000
36574 a76f0000
36575 a76f8000
36576 a7700000
36577 a7708000
36578 a7710000
36579 a7718000
36580 a7720000
36581 a7728000
36582 a7730000
36583 a7738000
36584 a7740000
36585 a7748000
36586 a7750000
36587 a7758000
36588 a7760000
36589 a7768000
36590 a7770000
36591 a7778000
36592 a7780000
36593 a7788000
36594 a7790000
36595 a7798000
36596 a77a0000
36597 a77a8000
36598 a77b0000
36599 a77b8000
36600 a77c0000
36601 a77c8000
36602 a77d0000
36603 a77d8000
36604 a77e0000
36605 a77e8000
36606 a77f0000
36607 a77f8000
36608 a7800000
36609 a7808000
36610 a7810000
36611 a7818000
36612 a7820000
36613 a7828000
36614 a7830000
36615 a7838000
36616 a7840000
36617 a7848000
36618 a7850000
36619 a7858000
36620 a7860000
36621 a7868000
36622 a7870000
36623 a7878000
36624 a7880000
36625 a7888000
36626 a7890000
36627 a7898000
36628 a78a0000
36629 a78a8000
36630 a78b0000
36631 a78b8000
36632 a78c0000
36633 a78c8000
36634 a78d0000
36635 a78d8000
36636 a78e0000
36637 a78e8000
36638 a78f0000
36639 a78f8000
36640 a7900000
36641 a7908000
36642 a7910000
36643 a7918000
36644 a7920000
36645 a7928000
36646 a7930000
36647 a7938000
36648 a7940000
36649 a7948000
36650 a7950000
36651 a7958000
36652 a7960000
36653 a7968000
36654 a7970000
36655 a7978000
36656 a7980000
36657 a7988000
36658 a7990000
36659 a7998000
36660 a79a0000
36661 a79a8000
36662 a79b0000
36663 a79b8000
36664 a79c0000
36665 a79c8000
36666 a79d0000
36667 a79d8000
36668 a79e0000
36669 a79e8000
36670 a79f0000
36671 a79f8000
36672 a7a00000
36673 a7a08000
36674 a7a10000
36675 a7a18000
36676 a7a20000
36677 a7a28000
36678 a7a30000
36679 a7a38000
36680 a7a40000
36681 a7a48000
36682 a7a50000
36683 a7a58000
36684 a7a60000
36685 a7a68000
36686 a7a70000
36687 a7a78000
36688 a7a80000
36689 a7a88000
36690 a7a90000
36691 a7a98000
36692 a7aa0000
36693 a7aa8000
36694 a7ab0000
36695 a7ab8000
36696 a7ac0000
36697 a7ac8000
36698 a7ad0000
36699 a7ad8000
36700 a7ae0000
36701 a7ae8000
36702 a7af0000
36703 a7af8000
36704 a7b00000
36705 a7b08000
36706 a7b10000
36707 a7b18000
36708 a7b20000
36709 a7b28000
36710 a7b30000
36711 a7b38000
36712 a7b40000
36713 a7b48000
36714 a7b50000
36715 a7b58000
36716 a7b60000
36717 a7b68000
36718 a7b70000
36719 a7b78000
36720 a7b80000
36721 a7b88000
36722 a7b90000
36723 a7b98000
36724 a7ba0000
36725 a7ba8000
36726 a7bb0000
36727 a7bb8000
36728 a7bc0000
36729 a7bc8000
36730 a7bd0000
36731 a7bd8000
36732 a7be0000
36733 a7be8000
36734 a7bf0000
36735 a7bf8000
36736 a7c00000
36737 a7c08000
36738 a7c10000
36739 a7c18000
36740 a7c20000
36741 a7c28000
36742 a7c30000
36743 a7c38000
36744 a7c40000
36745 a7c48000
36746 a7c50000
36747 a7c58000
36748 a7c60000
36749 a7c68000
36750 a7c70000
36751 a7c78000
36752 a7c80000
36753 a7c88000
36754 a7c90000
36755 a7c98000
36756 a7ca0000
36757 a7ca8000
36758 a7cb0000
36759 a7cb8000
36760 a7cc0000
36761 a7cc8000
36762 a7cd0000
36763 a7cd8000
36764 a7ce0000
36765 a7ce8000
36766 a7cf0000
36767 a7cf8000
36768 a7d00000
36769 a7d08000
36770 a7d10000
36771 a7d18000
36772 a7d20000
36773 a7d28000
36774 a7d30000
36775 a7d38000
36776 a7d40000
36777 a7d48000
36778 a7d50000
36779 a7d58000
36780 a7d60000
36781 a7d68000
36782 a7d70000
36783 a7d78000
36784 a7d80000
36785 a7d88000
36786 a7d90000
36787 a7d98000
36788 a7da0000
36789 a7da8000
36790 a7db0000
36791 a7db8000
36792 a7dc0000
36793 a7dc8000
36794 a7dd0000
36795 a7dd8000
36796 a7de0000
36797 a7de8000
36798 a7df0000
36799 a7df8000
36800 a7e00000
36801 a7e08000
36802 a7e10000
36803 a7e18000
36804 a7e20000
36805 a7e28000
36806 a7e30000
36807 a7e38000
36808 a7e40000
36809 a7e48000
36810 a7e50000
36811 a7e58000
36812 a7e60000
36813 a7e68000
36814 a7e70000
36815 a7e78000
36816 a7e80000
36817 a7e88000
36818 a7e90000
36819 a7e98000
36820 a7ea0000
36821 a7ea8000
36822 a7eb0000
36823 a7eb8000
36824 a7ec0000
36825 a7ec8000
36826 a7ed0000
36827 a7ed8000
36828 a7ee0000
36829 a7ee8000
36830 a7ef0000
36831 a7ef8000
36832 a7f00000
36833 a7f08000
36834 a7f10000
36835 a7f18000
36836 a7f20000
36837 a7f28000
36838 a7f30000
36839 a7f38000
36840 a7f40000
36841 a7f48000
36842 a7f50000
36843 a7f58000
36844 a7f60000
36845 a7f68000
36846 a7f70000
36847 a7f78000
36848 a7f80000
36849 a7f88000
36850 a7f90000
36851 a7f98000
36852 a7fa0000
36853 a7fa8000
36854 a7fb0000
36855 a7fb8000
36856 a7fc0000
36857 a7fc8000
36858 a7fd0000
36859 a7fd8000
36860 a7fe0000
36861 a7fe8000
36862 a7ff0000
36863 a7ff8000
36864 a8000000
36865 a8008000
36866 a8010000
36867 a8018000
36868 a8020000
36869 a8028000
36870 a8030000
36871 a8038000
36872 a8040000
36873 a8048000
36874 a8050000
36875 a8058000
36876 a8060000
36877 a8068000
36878 a8070000
36879 a8078000
36880 a8080000
36881 a8088000
36882 a8090000
36883 a8098000
36884 a80a0000
36885 a80a8000
36886 a80b0000
36887 a80b8000
36888 a80c0000
36889 a80c8000
36890 a80d0000
36891 a80d8000
36892 a80e0000
36893 a80e8000
36894 a80f0000
36895 a80f8000
36896 a8100000
36897 a8108000
36898 a8110000
36899 a8118000
36900 a8120000
36901 a8128000
36902 a8130000
36903 a8138000
36904 a8140000
36905 a8148000
36906 a8150000
36907 a8158000
36908 a8160000
36909 a8168000
36910 a8170000
36911 a8178000
36912 a8180000
36913 a8188000
36914 a8190000
36915 a8198000
36916 a81a0000
36917 a81a8000
36918 a81b0000
36919 a81b8000
36920 a81c0000
36921 a81c8000
36922 a81d0000
36923 a81d8000
36924 a81e0000
36925 a81e8000
36926 a81f0000
36927 a81f8000
36928 a8200000
36929 a8208000
36930 a8210000
36931 a8218000
36932 a8220000
36933 a8228000
36934 a8230000
36935 a8238000
36936 a8240000
36937 a8248000
36938 a8250000
36939 a8258000
36940 a8260000
36941 a8268000
36942 a8270000
36943 a8278000
36944 a8280000
36945 a8288000
36946 a8290000
36947 a8298000
36948 a82a0000
36949 a82a8000
36950 a82b0000
36951 a82b8000
36952 a82c0000
36953 a82c8000
36954 a82d0000
36955 a82d8000
36956 a82e0000
36957 a82e8000
36958 a82f0000
36959 a82f8000
36960 a8300000
36961 a8308000
36962 a8310000
36963 a8318000
36964 a8320000
36965 a8328000
36966 a8330000
36967 a8338000
36968 a8340000
36969 a8348000
36970 a8350000
36971 a8358000
36972 a8360000
36973 a8368000
36974 a8370000
36975 a8378000
36976 a8380000
36977 a8388000
36978 a8390000
36979 a8398000
36980 a83a0000
36981 a83a8000
36982 a83b0000
36983 a83b8000
36984 a83c0000
36985 a83c8000
36986 a83d0000
36987 a83d8000
36988 a83e0000
36989 a83e8000
36990 a83f0000
36991 a83f8000
36992 a8400000
36993 a8408000
36994 a8410000
36995 a8418000
36996 a8420000
36997 a8428000
36998 a8430000
36999 a8438000
37000 a8440000
37001 a8448000
37002 a8450000
37003 a8458000
37004 a8460000
37005 a8468000
37006 a8470000
37007 a8478000
37008 a8480000
37009 a8488000
37010 a8490000
37011 a8498000
37012 a84a0000
37013 a84a8000
37014 a84b0000
37015 a84b8000
37016 a84c0000
37017 a84c8000
37018 a84d0000
37019 a84d8000
37020 a84e0000
37021 a84e8000
37022 a84f0000
37023 a84f8000
37024 a8500000
37025 a8508000
37026 a8510000
37027 a8518000
37028 a8520000
37029 a8528000
37030 a8530000
37031 a8538000
37032 a8540000
37033 a8548000
37034 a8550000
37035 a8558000
37036 a8560000
37037 a8568000
37038 a8570000
37039 a8578000
37040 a8580000
37041 a8588000
37042 a8590000
37043 a8598000
37044 a85a0000
37045 a85a8000
37046 a85b0000
37047 a85b8000
37048 a85c0000
37049 a85c8000
37050 a85d0000
37051 a85d8000
37052 a85e0000
37053 a85e8000
37054 a85f0000
37055 a85f8000
37056 a8600000
37057 a8608000
37058 a8610000
37059 a8618000
37060 a8620000
37061 a8628000
37062 a8630000
37063 a8638000
37064 a8640000
37065 a8648000
37066 a8650000
37067 a8658000
37068 a8660000
37069 a8668000
37070 a8670000
37071 a8678000
37072 a8680000
37073 a8688000
37074 a8690000
37075 a8698000
37076 a86a0000
37077 a86a8000
37078 a86b0000
37079 a86b8000
37080 a86c0000
37081 a86c8000
37082 a86d0000
37083 a86d8000
37084 a86e0000
37085 a86e8000
37086 a86f0000
37087 a86f8000
37088 a8700000
37089 a8708000
37090 a8710000
37091 a8718000
37092 a8720000
37093 a8728000
37094 a8730000
37095 a8738000
37096 a8740000
37097 a8748000
37098 a8750000
37099 a8758000
37100 a8760000
37101 a8768000
37102 a8770000
37103 a8778000
37104 a8780000
37105 a8788000
37106 a8790000
37107 a8798000
37108 a87a0000
37109 a87a8000
37110 a87b0000
37111 a87b8000
37112 a87c0000
37113 a87c8000
37114 a87d0000
37115 a87d8000
37116 a87e0000
37117 a87e8000
37118 a87f0000
37119 a87f8000
37120 a8800000
37121 a8808000
37122 a8810000
37123 a8818000
37124 a8820000
37125 a8828000
37126 a8830000
37127 a8838000
37128 a8840000
37129 a8848000
37130 a8850000
37131 a8858000
37132 a8860000
37133 a8868000
37134 a8870000
37135 a8878000
37136 a8880000
37137 a8888000
37138 a8890000
37139 a8898000
37140 a88a0000
37141 a88a8000
37142 a88b0000
37143 a88b8000
37144 a88c0000
37145 a88c8000
37146 a88d0000
37147 a88d8000
37148 a88e0000
37149 a88e8000
37150 a88f0000
37151 a88f8000
37152 a8900000
37153 a8908000
37154 a8910000
37155 a8918000
37156 a8920000
37157 a8928000
37158 a8930000
37159 a8938000
37160 a8940000
37161 a8948000
37162 a8950000
37163 a8958000
37164 a8960000
37165 a8968000
37166 a8970000
37167 a8978000
37168 a8980000
37169 a8988000
37170 a8990000
37171 a8998000
37172 a89a0000
37173 a89a8000
37174 a89b0000
37175 a89b8000
37176 a89c0000
37177 a89c8000
37178 a89d0000
37179 a89d8000
37180 a89e0000
37181 a89e8000
37182 a89f0000
37183 a89f8000
37184 a8a00000
37185 a8a08000
37186 a8a10000
37187 a8a18000
37188 a8a20000
37189 a8a28000
37190 a8a30000
37191 a8a38000
37192 a8a40000
37193 a8a48000
37194 a8a50000
37195 a8a58000
37196 a8a60000
37197 a8a68000
37198 a8a70000
37199 a8a78000
37200 a8a80000
37201 a8a88000
37202 a8a90000
37203 a8a98000
37204 a8aa0000
37205 a8aa8000
37206 a8ab0000
37207 a8ab8000
37208 a8ac0000
37209 a8ac8000
37210 a8ad0000
37211 a8ad8000
37212 a8ae0000
37213 a8ae8000
37214 a8af0000
37215 a8af8000
37216 a8b00000
37217 a8b08000
37218 a8b10000
37219 a8b18000
37220 a8b20000
37221 a8b28000
37222 a8b30000
37223 a8b38000
37224 a8b40000
37225 a8b48000
37226 a8b50000
37227 a8b58000
37228 a8b60000
37229 a8b68000
37230 a8b70000
37231 a8b78000
37232 a8b80000
37233 a8b88000
37234 a8b90000
37235 a8b98000
37236 a8ba0000
37237 a8ba8000
37238 a8bb0000
37239 a8bb8000
37240 a8bc0000
37241 a8bc8000
37242 a8bd0000
37243 a8bd8000
37244 a8be0000
37245 a8be8000
37246 a8bf0000
37247 a8bf8000
37248 a8c00000
37249 a8c08000
37250 a8c10000
37251 a8c18000
37252 a8c20000
37253 a8c28000
37254 a8c30000
37255 a8c38000
37256 a8c40000
37257 a8c48000
37258 a8c50000
37259 a8c58000
37260 a8c60000
37261 a8c68000
37262 a8c70000
37263 a8c78000
37264 a8c80000
37265 a8c88000
37266 a8c90000
37267 a8c98000
37268 a8ca0000
37269 a8ca8000
37270 a8cb0000
37271 a8cb8000
37272 a8cc0000
37273 a8cc8000
37274 a8cd0000
37275 a8cd8000
37276 a8ce0000
37277 a8ce8000
37278 a8cf0000
37279 a8cf8000
37280 a8d00000
37281 a8d08000
37282 a8d10000
37283 a8d18000
37284 a8d20000
37285 a8d28000
37286 a8d30000
37287 a8d38000
37288 a8d40000
37289 a8d48000
37290 a8d50000
37291 a8d58000
37292 a8d60000
37293 a8d68000
37294 a8d70000
37295 a8d78000
37296 a8d80000
37297 a8d88000
37298 a8d90000
37299 a8d98000
37300 a8da0000
37301 a8da8000
37302 a8db0000
37303 a8db8000
37304 a8dc0000
37305 a8dc8000
37306 a8dd0000
37307 a8dd8000
37308 a8de0000
37309 a8de8000
37310 a8df0000
37311 a8df8000
37312 a8e00000
37313 a8e08000
37314 a8e10000
37315 a8e18000
37316 a8e20000
37317 a8e28000
37318 a8e30000
37319 a8e38000
37320 a8e40000
37321 a8e48000
37322 a8e50000
37323 a8e58000
37324 a8e60000
37325 a8e68000
37326 a8e70000
37327 a8e78000
37328 a8e80000
37329 a8e88000
37330 a8e90000
37331 a8e98000
37332 a8ea0000
37333 a8ea8000
37334 a8eb0000
37335 a8eb8000
37336 a8ec0000
37337 a8ec8000
37338 a8ed0000
37339 a8ed8000
37340 a8ee0000
37341 a8ee8000
37342 a8ef0000
37343 a8ef8000
37344 a8f00000
37345 a8f08000
37346 a8f10000
37347 a8f18000
37348 a8f20000
37349 a8f28000
37350 a8f30000
37351 a8f38000
37352 a8f40000
37353 a8f48000
37354 a8f50000
37355 a8f58000
37356 a8f60000
37357 a8f68000
37358 a8f70000
37359 a8f78000
37360 a8f80000
37361 a8f88000
37362 a8f90000
37363 a8f98000
37364 a8fa0000
37365 a8fa8000
37366 a8fb0000
37367 a8fb8000
37368 a8fc0000
37369 a8fc8000
37370 a8fd0000
37371 a8fd8000
37372 a8fe0000
37373 a8fe8000
37374 a8ff0000
37375 a8ff8000
37376 a9000000
37377 a9008000
37378 a9010000
37379 a9018000
37380 a9020000
37381 a9028000
37382 a9030000
37383 a9038000
37384 a9040000
37385 a9048000
37386 a9050000
37387 a9058000
37388 a9060000
37389 a9068000
37390 a9070000
37391 a9078000
37392 a9080000
37393 a9088000
37394 a9090000
37395 a9098000
37396 a90a0000
37397 a90a8000
37398 a90b0000
37399 a90b8000
37400 a90c0000
37401 a90c8000
37402 a90d0000
37403 a90d8000
37404 a90e0000
37405 a90e8000
37406 a90f0000
37407 a90f8000
37408 a9100000
37409 a9108000
37410 a9110000
37411 a9118000
37412 a9120000
37413 a9128000
37414 a9130000
37415 a9138000
37416 a9140000
37417 a9148000
37418 a9150000
37419 a9158000
37420 a9160000
37421 a9168000
37422 a9170000
37423 a9178000
37424 a9180000
37425 a9188000
37426 a9190000
37427 a9198000
37428 a91a0000
37429 a91a8000
37430 a91b0000
37431 a91b8000
37432 a91c0000
37433 a91c8000
37434 a91d0000
37435 a91d8000
37436 a91e0000
37437 a91e8000
37438 a91f0000
37439 a91f8000
37440 a9200000
37441 a9208000
37442 a9210000
37443 a9218000
37444 a9220000
37445 a9228000
37446 a9230000
37447 a9238000
37448 a9240000
37449 a9248000
37450 a9250000
37451 a9258000
37452 a9260000
37453 a9268000
37454 a9270000
37455 a9278000
37456 a9280000
37457 a9288000
37458 a9290000
37459 a9298000
37460 a92a0000
37461 a92a8000
37462 a92b0000
37463 a92b8000
37464 a92c0000
37465 a92c8000
37466 a92d0000
37467 a92d8000
37468 a92e0000
37469 a92e8000
37470 a92f0000
37471 a92f8000
37472 a9300000
37473 a9308000
37474 a9310000
37475 a9318000
37476 a9320000
37477 a9328000
37478 a9330000
37479 a9338000
37480 a9340000
37481 a9348000
37482 a9350000
37483 a9358000
37484 a9360000
37485 a9368000
37486 a9370000
37487 a9378000
37488 a9380000
37489 a9388000
37490 a9390000
37491 a9398000
37492 a93a0000
37493 a93a8000
37494 a93b0000
37495 a93b8000
37496 a93c0000
37497 a93c8000
37498 a93d0000
37499 a93d8000
37500 a93e0000
37501 a93e8000
37502 a93f0000
37503 a93f8000
37504 a9400000
37505 a9408000
37506 a9410000
37507 a9418000
37508 a9420000
37509 a9428000
37510 a9430000
37511 a9438000
37512 a9440000
37513 a9448000
37514 a9450000
37515 a9458000
37516 a9460000
37517 a9468000
37518 a9470000
37519 a9478000
37520 a9480000
37521 a9488000
37522 a9490000
37523 a9498000
37524 a94a0000
37525 a94a8000
37526 a94b0000
37527 a94b8000
37528 a94c0000
37529 a94c8000
37530 a94d0000
37531 a94d8000
37532 a94e0000
37533 a94e8000
37534 a94f0000
37535 a94f8000
37536 a9500000
37537 a9508000
37538 a9510000
37539 a9518000
37540 a9520000
37541 a9528000
37542 a9530000
37543 a9538000
37544 a9540000
37545 a9548000
37546 a9550000
37547 a9558000
37548 a9560000
37549 a9568000
37550 a9570000
37551 a9578000
37552 a9580000
37553 a9588000
37554 a9590000
37555 a9598000
37556 a95a0000
37557 a95a8000
37558 a95b0000
37559 a95b8000
37560 a95c0000
37561 a95c8000
37562 a95d0000
37563 a95d8000
37564 a95e0000
37565 a95e8000
37566 a95f0000
37567 a95f8000
37568 a9600000
37569 a9608000
37570 a9610000
37571 a9618000
37572 a9620000
37573 a9628000
37574 a9630000
37575 a9638000
37576 a9640000
37577 a9648000
37578 a9650000
37579 a9658000
37580 a9660000
37581 a9668000
37582 a9670000
37583 a9678000
37584 a9680000
37585 a9688000
37586 a9690000
37587 a9698000
37588 a96a0000
37589 a96a8000
37590 a96b0000
37591 a96b8000
37592 a96c0000
37593 a96c8000
37594 a96d0000
37595 a96d8000
37596 a96e0000
37597 a96e8000
37598 a96f0000
37599 a96f8000
37600 a9700000
37601 a9708000
37602 a9710000
37603 a9718000
37604 a9720000
37605 a9728000
37606 a9730000
37607 a9738000
37608 a9740000
37609 a9748000
37610 a9750000
37611 a9758000
37612 a9760000
37613 a9768000
37614 a9770000
37615 a9778000
37616 a9780000
37617 a9788000
37618 a9790000
37619 a9798000
37620 a97a0000
37621 a97a8000
37622 a97b0000
37623 a97b8000
37624 a97c0000
37625 a97c8000
37626 a97d0000
37627 a97d8000
37628 a97e0000
37629 a97e8000
37630 a97f0000
37631 a97f8000
37632 a9800000
37633 a9808000
37634 a9810000
37635 a9818000
37636 a9820000
37637 a9828000
37638 a9830000
37639 a9838000
37640 a9840000
37641 a9848000
37642 a9850000
37643 a9858000
37644 a9860000
37645 a9868000
37646 a9870000
37647 a9878000
37648 a9880000
37649 a9888000
37650 a9890000
37651 a9898000
37652 a98a0000
37653 a98a8000
37654 a98b0000
37655 a98b8000
37656 a98c0000
37657 a98c8000
37658 a98d0000
37659 a98d8000
37660 a98e0000
37661 a98e8000
37662 a98f0000
37663 a98f8000
37664 a9900000
37665 a9908000
37666 a9910000
37667 a9918000
37668 a9920000
37669 a9928000
37670 a9930000
37671 a9938000
37672 a9940000
37673 a9948000
37674 a9950000
37675 a9958000
37676 a9960000
37677 a9968000
37678 a9970000
37679 a9978000
37680 a9980000
37681 a9988000
37682 a9990000
37683 a9998000
37684 a99a0000
37685 a99a8000
37686 a99b0000
37687 a99b8000
37688 a99c0000
37689 a99c8000
37690 a99d0000
37691 a99d8000
37692 a99e0000
37693 a99e8000
37694 a99f0000
37695 a99f8000
37696 a9a00000
37697 a9a08000
37698 a9a10000
37699 a9a18000
37700 a9a20000
37701 a9a28000
37702 a9a30000
37703 a9a38000
37704 a9a40000
37705 a9a48000
37706 a9a50000
37707 a9a58000
37708 a9a60000
37709 a9a68000
37710 a9a70000
37711 a9a78000
37712 a9a80000
37713 a9a88000
37714 a9a90000
37715 a9a98000
37716 a9aa0000
37717 a9aa8000
37718 a9ab0000
37719 a9ab8000
37720 a9ac0000
37721 a9ac8000
37722 a9ad0000
37723 a9ad8000
37724 a9ae0000
37725 a9ae8000
37726 a9af0000
37727 a9af8000
37728 a9b00000
37729 a9b08000
37730 a9b10000
37731 a9b18000
37732 a9b20000
37733 a9b28000
37734 a9b30000
37735 a9b38000
37736 a9b40000
37737 a9b48000
37738 a9b50000
37739 a9b58000
37740 a9b60000
37741 a9b68000
37742 a9b70000
37743 a9b78000
37744 a9b80000
37745 a9b88000
37746 a9b90000
37747 a9b98000
37748 a9ba0000
37749 a9ba8000
37750 a9bb0000
37751 a9bb8000
37752 a9bc0000
37753 a9bc8000
37754 a9bd0000
37755 a9bd8000
37756 a9be0000
37757 a9be8000
37758 a9bf0000
37759 a9bf8000
37760 a9c00000
37761 a9c08000
37762 a9c10000
37763 a9c18000
37764 a9c20000
37765 a9c28000
37766 a9c30000
37767 a9c38000
37768 a9c40000
37769 a9c48000
37770 a9c50000
37771 a9c58000
37772 a9c60000
37773 a9c68000
37774 a9c70000
37775 a9c78000
37776 a9c80000
37777 a9c88000
37778 a9c90000
37779 a9c98000
37780 a9ca0000
37781 a9ca8000
37782 a9cb0000
37783 a9cb8000
37784 a9cc0000
37785 a9cc8000
37786 a9cd0000
37787 a9cd8000
37788 a9ce0000
37789 a9ce8000
37790 a9cf0000
37791 a9cf8000
37792 a9d00000
37793 a9d08000
37794 a9d10000
37795 a9d18000
37796 a9d20000
37797 a9d28000
37798 a9d30000
37799 a9d38000
37800 a9d40000
37801 a9d48000
37802 a9d50000
37803 a9d58000
37804 a9d60000
37805 a9d68000
37806 a9d70000
37807 a9d78000
37808 a9d80000
37809 a9d88000
37810 a9d90000
37811 a9d98000
37812 a9da0000
37813 a9da8000
37814 a9db0000
37815 a9db8000
37816 a9dc0000
37817 a9dc8000
37818 a9dd0000
37819 a9dd8000
37820 a9de0000
37821 a9de8000
37822 a9df0000
37823 a9df8000
37824 a9e00000
37825 a9e08000
37826 a9e10000
37827 a9e18000
37828 a9e20000
37829 a9e28000
37830 a9e30000
37831 a9e38000
37832 a9e40000
37833 a9e48000
37834 a9e50000
37835 a9e58000
37836 a9e60000
37837 a9e68000
37838 a9e70000
37839 a9e78000
37840 a9e80000
37841 a9e88000
37842 a9e90000
37843 a9e98000
37844 a9ea0000
37845 a9ea8000
37846 a9eb0000
37847 a9eb8000
37848 a9ec0000
37849 a9ec8000
37850 a9ed0000
37851 a9ed8000
37852 a9ee0000
37853 a9ee8000
37854 a9ef0000
37855 a9ef8000
37856 a9f00000
37857 a9f08000
37858 a9f10000
37859 a9f18000
37860 a9f20000
37861 a9f28000
37862 a9f30000
37863 a9f38000
37864 a9f40000
37865 a9f48000
37866 a9f50000
37867 a9f58000
37868 a9f60000
37869 a9f68000
37870 a9f70000
37871 a9f78000
37872 a9f80000
37873 a9f88000
37874 a9f90000
37875 a9f98000
37876 a9fa0000
37877 a9fa8000
37878 a9fb0000
37879 a9fb8000
37880 a9fc0000
37881 a9fc8000
37882 a9fd0000
37883 a9fd8000
37884 a9fe0000
37885 a9fe8000
37886 a9ff0000
37887 a9ff8000
37888 aa000000
37889 aa008000
37890 aa010000
37891 aa018000
37892 aa020000
37893 aa028000
37894 aa030000
37895 aa038000
37896 aa040000
37897 aa048000
37898 aa050000
37899 aa058000
37900 aa060000
37901 aa068000
37902 aa070000
37903 aa078000
37904 aa080000
37905 aa088000
37906 aa090000
37907 aa098000
37908 aa0a0000
37909 aa0a8000
37910 aa0b0000
37911 aa0b8000
37912 aa0c0000
37913 aa0c8000
37914 aa0d0000
37915 aa0d8000
37916 aa0e0000
37917 aa0e8000
37918 aa0f0000
37919 aa0f8000
37920 aa100000
37921 aa108000
37922 aa110000
37923 aa118000
37924 aa120000
37925 aa128000
37926 aa130000
37927 aa138000
37928 aa140000
37929 aa148000
37930 aa150000
37931 aa158000
37932 aa160000
37933 aa168000
37934 aa170000
37935 aa178000
37936 aa180000
37937 aa188000
37938 aa190000
37939 aa198000
37940 aa1a0000
37941 aa1a8000
37942 aa1b0000
37943 aa1b8000
37944 aa1c0000
37945 aa1c8000
37946 aa1d0000
37947 aa1d8000
37948 aa1e0000
37949 aa1e8000
37950 aa1f0000
37951 aa1f8000
37952 aa200000
37953 aa208000
37954 aa210000
37955 aa218000
37956 aa220000
37957 aa228000
37958 aa230000
37959 aa238000
37960 aa240000
37961 aa248000
37962 aa250000
37963 aa258000
37964 aa260000
37965 aa268000
37966 aa270000
37967 aa278000
37968 aa280000
37969 aa288000
37970 aa290000
37971 aa298000
37972 aa2a0000
37973 aa2a8000
37974 aa2b0000
37975 aa2b8000
37976 aa2c0000
37977 aa2c8000
37978 aa2d0000
37979 aa2d8000
37980 aa2e0000
37981 aa2e8000
37982 aa2f0000
37983 aa2f8000
37984 aa300000
37985 aa308000
37986 aa310000
37987 aa318000
37988 aa320000
37989 aa328000
37990 aa330000
37991 aa338000
37992 aa340000
37993 aa348000
37994 aa350000
37995 aa358000
37996 aa360000
37997 aa368000
37998 aa370000
37999 aa378000
38000 aa380000
38001 aa388000
38002 aa390000
38003 aa398000
38004 aa3a0000
38005 aa3a8000
38006 aa3b0000
38007 aa3b8000
38008 aa3c0000
38009 aa3c8000
38010 aa3d0000
38011 aa3d8000
38012 aa3e0000
38013 aa3e8000
38014 aa3f0000
38015 aa3f8000
38016 aa400000
38017 aa408000
38018 aa410000
38019 aa418000
38020 aa420000
38021 aa428000
38022 aa430000
38023 aa438000
38024 aa440000
38025 aa448000
38026 aa450000
38027 aa458000
38028 aa460000
38029 aa468000
38030 aa470000
38031 aa478000
38032 aa480000
38033 aa488000
38034 aa490000
38035 aa498000
38036 aa4a0000
38037 aa4a8000
38038 aa4b0000
38039 aa4b8000
38040 aa4c0000
38041 aa4c8000
38042 aa4d0000
38043 aa4d8000
38044 aa4e0000
38045 aa4e8000
38046 aa4f0000
38047 aa4f8000
38048 aa500000
38049 aa508000
38050 aa510000
38051 aa518000
38052 aa520000
38053 aa528000
38054 aa530000
38055 aa538000
38056 aa540000
38057 aa548000
38058 aa550000
38059 aa558000
38060 aa560000
38061 aa568000
38062 aa570000
38063 aa578000
38064 aa580000
38065 aa588000
38066 aa590000
38067 aa598000
38068 aa5a0000
38069 aa5a8000
38070 aa5b0000
38071 aa5b8000
38072 aa5c0000
38073 aa5c8000
38074 aa5d0000
38075 aa5d8000
38076 aa5e0000
38077 aa5e8000
38078 aa5f0000
38079 aa5f8000
38080 aa600000
38081 aa608000
38082 aa610000
38083 aa618000
38084 aa620000
38085 aa628000
38086 aa630000
38087 aa638000
38088 aa640000
38089 aa648000
38090 aa650000
38091 aa658000
38092 aa660000
38093 aa668000
38094 aa670000
38095 aa678000
38096 aa680000
38097 aa688000
38098 aa690000
38099 aa698000
38100 aa6a0000
38101 aa6a8000
38102 aa6b0000
38103 aa6b8000
38104 aa6c0000
38105 aa6c8000
38106 aa6d0000
38107 aa6d8000
38108 aa6e0000
38109 aa6e8000
38110 aa6f0000
38111 aa6f8000
38112 aa700000
38113 aa708000
38114 aa710000
38115 aa718000
38116 aa720000
38117 aa728000
38118 aa730000
38119 aa738000
38120 aa740000
38121 aa748000
38122 aa750000
38123 aa758000
38124 aa760000
38125 aa768000
38126 aa770000
38127 aa778000
38128 aa780000
38129 aa788000
38130 aa790000
38131 aa798000
38132 aa7a0000
38133 aa7a8000
38134 aa7b0000
38135 aa7b8000
38136 aa7c0000
38137 aa7c8000
38138 aa7d0000
38139 aa7d8000
38140 aa7e0000
38141 aa7e8000
38142 aa7f0000
38143 aa7f8000
38144 aa800000
38145 aa808000
38146 aa810000
38147 aa818000
38148 aa820000
38149 aa828000
38150 aa830000
38151 aa838000
38152 aa840000
38153 aa848000
38154 aa850000
38155 aa858000
38156 aa860000
38157 aa868000
38158 aa870000
38159 aa878000
38160 aa880000
38161 aa888000
38162 aa890000
38163 aa898000
38164 aa8a0000
38165 aa8a8000
38166 aa8b0000
38167 aa8b8000
38168 aa8c0000
38169 aa8c8000
38170 aa8d0000
38171 aa8d8000
38172 aa8e0000
38173 aa8e8000
38174 aa8f0000
38175 aa8f8000
38176 aa900000
38177 aa908000
38178 aa910000
38179 aa918000
38180 aa920000
38181 aa928000
38182 aa930000
38183 aa938000
38184 aa940000
38185 aa948000
38186 aa950000
38187 aa958000
38188 aa960000
38189 aa968000
38190 aa970000
38191 aa978000
38192 aa980000
38193 aa988000
38194 aa990000
38195 aa998000
38196 aa9a0000
38197 aa9a8000
38198 aa9b0000
38199 aa9b8000
38200 aa9c0000
38201 aa9c8000
38202 aa9d0000
38203 aa9d8000
38204 aa9e0000
38205 aa9e8000
38206 aa9f0000
38207 aa9f8000
38208 aaa00000
38209 aaa08000
38210 aaa10000
38211 aaa18000
38212 aaa20000
38213 aaa28000
38214 aaa30000
38215 aaa38000
38216 aaa40000
38217 aaa48000
38218 aaa50000
38219 aaa58000
38220 aaa60000
38221 aaa68000
38222 aaa70000
38223 aaa78000
38224 aaa80000
38225 aaa88000
38226 aaa90000
38227 aaa98000
38228 aaaa0000
38229 aaaa8000
38230 aaab0000
38231 aaab8000
38232 aaac0000
38233 aaac8000
38234 aaad0000
38235 aaad8000
38236 aaae0000
38237 aaae8000
38238 aaaf0000
38239 aaaf8000
38240 aab00000
38241 aab08000
38242 aab10000
38243 aab18000
38244 aab20000
38245 aab28000
38246 aab30000
38247 aab38000
38248 aab40000
38249 aab48000
38250 aab50000
38251 aab58000
38252 aab60000
38253 aab68000
38254 aab70000
38255 aab78000
38256 aab80000
38257 aab88000
38258 aab90000
38259 aab98000
38260 aaba0000
38261 aaba8000
38262 aabb0000
38263 aabb8000
38264 aabc0000
38265 aabc8000
38266 aabd0000
38267 aabd8000
38268 aabe0000
38269 aabe8000
38270 aabf0000
38271 aabf8000
38272 aac00000
38273 aac08000
38274 aac10000
38275 aac18000
38276 aac20000
38277 aac28000
38278 aac30000
38279 aac38000
38280 aac40000
38281 aac48000
38282 aac50000
38283 aac58000
38284 aac60000
38285 aac68000
38286 aac70000
38287 aac78000
38288 aac80000
38289 aac88000
38290 aac90000
38291 aac98000
38292 aaca0000
38293 aaca8000
38294 aacb0000
38295 aacb8000
38296 aacc0000
38297 aacc8000
38298 aacd0000
38299 aacd8000
38300 aace0000
38301 aace8000
38302 aacf0000
38303 aacf8000
38304 aad00000
38305 aad08000
38306 aad10000
38307 aad18000
38308 aad20000
38309 aad28000
38310 aad30000
38311 aad38000
38312 aad40000
38313 aad48000
38314 aad50000
38315 aad58000
38316 aad60000
38317 aad68000
38318 aad70000
38319 aad78000
38320 aad80000
38321 aad88000
38322 aad90000
38323 aad98000
38324 aada0000
38325 aada8000
38326 aadb0000
38327 aadb8000
38328 aadc0000
38329 aadc8000
38330 aadd0000
38331 aadd8000
38332 aade0000
38333 aade8000
38334 aadf0000
38335 aadf8000
38336 aae00000
38337 aae08000
38338 aae10000
38339 aae18000
38340 aae20000
38341 aae28000
38342 aae30000
38343 aae38000
38344 aae40000
38345 aae48000
38346 aae50000
38347 aae58000
38348 aae60000
38349 aae68000
38350 aae70000
38351 aae78000
38352 aae80000
38353 aae88000
38354 aae90000
38355 aae98000
38356 aaea0000
38357 aaea8000
38358 aaeb0000
38359 aaeb8000
38360 aaec0000
38361 aaec8000
38362 aaed0000
38363 aaed8000
38364 aaee0000
38365 aaee8000
38366 aaef0000
38367 aaef8000
38368 aaf00000
38369 aaf08000
38370 aaf10000
38371 aaf18000
38372 aaf20000
38373 aaf28000
38374 aaf30000
38375 aaf38000
38376 aaf40000
38377 aaf48000
38378 aaf50000
38379 aaf58000
38380 aaf60000
38381 aaf68000
38382 aaf70000
38383 aaf78000
38384 aaf80000
38385 aaf88000
38386 aaf90000
38387 aaf98000
38388 aafa0000
38389 aafa8000
38390 aafb0000
38391 aafb8000
38392 aafc0000
38393 aafc8000
38394 aafd0000
38395 aafd8000
38396 aafe0000
38397 aafe8000
38398 aaff0000
38399 aaff8000
38400 ab000000
38401 ab008000
38402 ab010000
38403 ab018000
38404 ab020000
38405 ab028000
38406 ab030000
38407 ab038000
38408 ab040000
38409 ab048000
38410 ab050000
38411 ab058000
38412 ab060000
38413 ab068000
38414 ab070000
38415 ab078000
38416 ab080000
38417 ab088000
38418 ab090000
38419 ab098000
38420 ab0a0000
38421 ab0a8000
38422 ab0b0000
38423 ab0b8000
38424 ab0c0000
38425 ab0c8000
38426 ab0d0000
38427 ab0d8000
38428 ab0e0000
38429 ab0e8000
38430 ab0f0000
38431 ab0f8000
38432 ab100000
38433 ab108000
38434 ab110000
38435 ab118000
38436 ab120000
38437 ab128000
38438 ab130000
38439 ab138000
38440 ab140000
38441 ab148000
38442 ab150000
38443 ab158000
38444 ab160000
38445 ab168000
38446 ab170000
38447 ab178000
38448 ab180000
38449 ab188000
38450 ab190000
38451 ab198000
38452 ab1a0000
38453 ab1a8000
38454 ab1b0000
38455 ab1b8000
38456 ab1c0000
38457 ab1c8000
38458 ab1d0000
38459 ab1d8000
38460 ab1e0000
38461 ab1e8000
38462 ab1f0000
38463 ab1f8000
38464 ab200000
38465 ab208000
38466 ab210000
38467 ab218000
38468 ab220000
38469 ab228000
38470 ab230000
38471 ab238000
38472 ab240000
38473 ab248000
38474 ab250000
38475 ab258000
38476 ab260000
38477 ab268000
38478 ab270000
38479 ab278000
38480 ab280000
38481 ab288000
38482 ab290000
38483 ab298000
38484 ab2a0000
38485 ab2a8000
38486 ab2b0000
38487 ab2b8000
38488 ab2c0000
38489 ab2c8000
38490 ab2d0000
38491 ab2d8000
38492 ab2e0000
38493 ab2e8000
38494 ab2f0000
38495 ab2f8000
38496 ab300000
38497 ab308000
38498 ab310000
38499 ab318000
38500 ab320000
38501 ab328000
38502 ab330000
38503 ab338000
38504 ab340000
38505 ab348000
38506 ab350000
38507 ab358000
38508 ab360000
38509 ab368000
38510 ab370000
38511 ab378000
38512 ab380000
38513 ab388000
38514 ab390000
38515 ab398000
38516 ab3a0000
38517 ab3a8000
38518 ab3b0000
38519 ab3b8000
38520 ab3c0000
38521 ab3c8000
38522 ab3d0000
38523 ab3d8000
38524 ab3e0000
38525 ab3e8000
38526 ab3f0000
38527 ab3f8000
38528 ab400000
38529 ab408000
38530 ab410000
38531 ab418000
38532 ab420000
38533 ab428000
38534 ab430000
38535 ab438000
38536 ab440000
38537 ab448000
38538 ab450000
38539 ab458000
38540 ab460000
38541 ab468000
38542 ab470000
38543 ab478000
38544 ab480000
38545 ab488000
38546 ab490000
38547 ab498000
38548 ab4a0000
38549 ab4a8000
38550 ab4b0000
38551 ab4b8000
38552 ab4c0000
38553 ab4c8000
38554 ab4d0000
38555 ab4d8000
38556 ab4e0000
38557 ab4e8000
38558 ab4f0000
38559 ab4f8000
38560 ab500000
38561 ab508000
38562 ab510000
38563 ab518000
38564 ab520000
38565 ab528000
38566 ab530000
38567 ab538000
38568 ab540000
38569 ab548000
38570 ab550000
38571 ab558000
38572 ab560000
38573 ab568000
38574 ab570000
38575 ab578000
38576 ab580000
38577 ab588000
38578 ab590000
38579 ab598000
38580 ab5a0000
38581 ab5a8000
38582 ab5b0000
38583 ab5b8000
38584 ab5c0000
38585 ab5c8000
38586 ab5d0000
38587 ab5d8000
38588 ab5e0000
38589 ab5e8000
38590 ab5f0000
38591 ab5f8000
38592 ab600000
38593 ab608000
38594 ab610000
38595 ab618000
38596 ab620000
38597 ab628000
38598 ab630000
38599 ab638000
38600 ab640000
38601 ab648000
38602 ab650000
38603 ab658000
38604 ab660000
38605 ab668000
38606 ab670000
38607 ab678000
38608 ab680000
38609 ab688000
38610 ab690000
38611 ab698000
38612 ab6a0000
38613 ab6a8000
38614 ab6b0000
38615 ab6b8000
38616 ab6c0000
38617 ab6c8000
38618 ab6d0000
38619 ab6d8000
38620 ab6e0000
38621 ab6e8000
38622 ab6f0000
38623 ab6f8000
38624 ab700000
38625 ab708000
38626 ab710000
38627 ab718000
38628 ab720000
38629 ab728000
38630 ab730000
38631 ab738000
38632 ab740000
38633 ab748000
38634 ab750000
38635 ab758000
38636 ab760000
38637 ab768000
38638 ab770000
38639 ab778000
38640 ab780000
38641 ab788000
38642 ab790000
38643 ab798000
38644 ab7a0000
38645 ab7a8000
38646 ab7b0000
38647 ab7b8000
38648 ab7c0000
38649 ab7c8000
38650 ab7d0000
38651 ab7d8000
38652 ab7e0000
38653 ab7e8000
38654 ab7f0000
38655 ab7f8000
38656 ab800000
38657 ab808000
38658 ab810000
38659 ab818000
38660 ab820000
38661 ab828000
38662 ab830000
38663 ab838000
38664 ab840000
38665 ab848000
38666 ab850000
38667 ab858000
38668 ab860000
38669 ab868000
38670 ab870000
38671 ab878000
38672 ab880000
38673 ab888000
38674 ab890000
38675 ab898000
38676 ab8a0000
38677 ab8a8000
38678 ab8b0000
38679 ab8b8000
38680 ab8c0000
38681 ab8c8000
38682 ab8d0000
38683 ab8d8000
38684 ab8e0000
38685 ab8e8000
38686 ab8f0000
38687 ab8f8000
38688 ab900000
38689 ab908000
38690 ab910000
38691 ab918000
38692 ab920000
38693 ab928000
38694 ab930000
38695 ab938000
38696 ab940000
38697 ab948000
38698 ab950000
38699 ab958000
38700 ab960000
38701 ab968000
38702 ab970000
38703 ab978000
38704 ab980000
38705 ab988000
38706 ab990000
38707 ab998000
38708 ab9a0000
38709 ab9a8000
38710 ab9b0000
38711 ab9b8000
38712 ab9c0000
38713 ab9c8000
38714 ab9d0000
38715 ab9d8000
38716 ab9e0000
38717 ab9e8000
38718 ab9f0000
38719 ab9f8000
38720 aba00000
38721 aba08000
38722 aba10000
38723 aba18000
38724 aba20000
38725 aba28000
38726 aba30000
38727 aba38000
38728 aba40000
38729 aba48000
38730 aba50000
38731 aba58000
38732 aba60000
38733 aba68000
38734 aba70000
38735 aba78000
38736 aba80000
38737 aba88000
38738 aba90000
38739 aba98000
38740 abaa0000
38741 abaa8000
38742 abab0000
38743 abab8000
38744 abac0000
38745 abac8000
38746 abad0000
38747 abad8000
38748 abae0000
38749 abae8000
38750 abaf0000
38751 abaf8000
38752 abb00000
38753 abb08000
38754 abb10000
38755 abb18000
38756 abb20000
38757 abb28000
38758 abb30000
38759 abb38000
38760 abb40000
38761 abb48000
38762 abb50000
38763 abb58000
38764 abb60000
38765 abb68000
38766 abb70000
38767 abb78000
38768 abb80000
38769 abb88000
38770 abb90000
38771 abb98000
38772 abba0000
38773 abba8000
38774 abbb0000
38775 abbb8000
38776 abbc0000
38777 abbc8000
38778 abbd0000
38779 abbd8000
38780 abbe0000
38781 abbe8000
38782 abbf0000
38783 abbf8000
38784 abc00000
38785 abc08000
38786 abc10000
38787 abc18000
38788 abc20000
38789 abc28000
38790 abc30000
38791 abc38000
38792 abc40000
38793 abc48000
38794 abc50000
38795 abc58000
38796 abc60000
38797 abc68000
38798 abc70000
38799 abc78000
38800 abc80000
38801 abc88000
38802 abc90000
38803 abc98000
38804 abca0000
38805 abca8000
38806 abcb0000
38807 abcb8000
38808 abcc0000
38809 abcc8000
38810 abcd0000
38811 abcd8000
38812 abce0000
38813 abce8000
38814 abcf0000
38815 abcf8000
38816 abd00000
38817 abd08000
38818 abd10000
38819 abd18000
38820 abd20000
38821 abd28000
38822 abd30000
38823 abd38000
38824 abd40000
38825 abd48000
38826 abd50000
38827 abd58000
38828 abd60000
38829 abd68000
38830 abd70000
38831 abd78000
38832 abd80000
38833 abd88000
38834 abd90000
38835 abd98000
38836 abda0000
38837 abda8000
38838 abdb0000
38839 abdb8000
38840 abdc0000
38841 abdc8000
38842 abdd0000
38843 abdd8000
38844 abde0000
38845 abde8000
38846 abdf0000
38847 abdf8000
38848 abe00000
38849 abe08000
38850 abe10000
38851 abe18000
38852 abe20000
38853 abe28000
38854 abe30000
38855 abe38000
38856 abe40000
38857 abe48000
38858 abe50000
38859 abe58000
38860 abe60000
38861 abe68000
38862 abe70000
38863 abe78000
38864 abe80000
38865 abe88000
38866 abe90000
38867 abe98000
38868 abea0000
38869 abea8000
38870 abeb0000
38871 abeb8000
38872 abec0000
38873 abec8000
38874 abed0000
38875 abed8000
38876 abee0000
38877 abee8000
38878 abef0000
38879 abef8000
38880 abf00000
38881 abf08000
38882 abf10000
38883 abf18000
38884 abf20000
38885 abf28000
38886 abf30000
38887 abf38000
38888 abf40000
38889 abf48000
38890 abf50000
38891 abf58000
38892 abf60000
38893 abf68000
38894 abf70000
38895 abf78000
38896 abf80000
38897 abf88000
38898 abf90000
38899 abf98000
38900 abfa0000
38901 abfa8000
38902 abfb0000
38903 abfb8000
38904 abfc0000
38905 abfc8000
38906 abfd0000
38907 abfd8000
38908 abfe0000
38909 abfe8000
38910 abff0000
38911 abff8000
38912 ac000000
38913 ac008000
38914 ac010000
38915 ac018000
38916 ac020000
38917 ac028000
38918 ac030000
38919 ac038000
38920 ac040000
38921 ac048000
38922 ac050000
38923 ac058000
38924 ac060000
38925 ac068000
38926 ac070000
38927 ac078000
38928 ac080000
38929 ac088000
38930 ac090000
38931 ac098000
38932 ac0a0000
38933 ac0a8000
38934 ac0b0000
38935 ac0b8000
38936 ac0c0000
38937 ac0c8000
38938 ac0d0000
38939 ac0d8000
38940 ac0e0000
38941 ac0e8000
38942 ac0f0000
38943 ac0f8000
38944 ac100000
38945 ac108000
38946 ac110000
38947 ac118000
38948 ac120000
38949 ac128000
38950 ac130000
38951 ac138000
38952 ac140000
38953 ac148000
38954 ac150000
38955 ac158000
38956 ac160000
38957 ac168000
38958 ac170000
38959 ac178000
38960 ac180000
38961 ac188000
38962 ac190000
38963 ac198000
38964 ac1a0000
38965 ac1a8000
38966 ac1b0000
38967 ac1b8000
38968 ac1c0000
38969 ac1c8000
38970 ac1d0000
38971 ac1d8000
38972 ac1e0000
38973 ac1e8000
38974 ac1f0000
38975 ac1f8000
38976 ac200000
38977 ac208000
38978 ac210000
38979 ac218000
38980 ac220000
38981 ac228000
38982 ac230000
38983 ac238000
38984 ac240000
38985 ac248000
38986 ac250000
38987 ac258000
38988 ac260000
38989 ac268000
38990 ac270000
38991 ac278000
38992 ac280000
38993 ac288000
38994 ac290000
38995 ac298000
38996 ac2a0000
38997 ac2a8000
38998 ac2b0000
38999 ac2b8000
39000 ac2c0000
39001 ac2c8000
39002 ac2d0000
39003 ac2d8000
39004 ac2e0000
39005 ac2e8000
39006 ac2f0000
39007 ac2f8000
39008 ac300000
39009 ac308000
39010 ac310000
39011 ac318000
39012 ac320000
39013 ac328000
39014 ac330000
39015 ac338000
39016 ac340000
39017 ac348000
39018 ac350000
39019 ac358000
39020 ac360000
39021 ac368000
39022 ac370000
39023 ac378000
39024 ac380000
39025 ac388000
39026 ac390000
39027 ac398000
39028 ac3a0000
39029 ac3a8000
39030 ac3b0000
39031 ac3b8000
39032 ac3c0000
39033 ac3c8000
39034 ac3d0000
39035 ac3d8000
39036 ac3e0000
39037 ac3e8000
39038 ac3f0000
39039 ac3f8000
39040 ac400000
39041 ac408000
39042 ac410000
39043 ac418000
39044 ac420000
39045 ac428000
39046 ac430000
39047 ac438000
39048 ac440000
39049 ac448000
39050 ac450000
39051 ac458000
39052 ac460000
39053 ac468000
39054 ac470000
39055 ac478000
39056 ac480000
39057 ac488000
39058 ac490000
39059 ac498000
39060 ac4a0000
39061 ac4a8000
39062 ac4b0000
39063 ac4b8000
39064 ac4c0000
39065 ac4c8000
39066 ac4d0000
39067 ac4d8000
39068 ac4e0000
39069 ac4e8000
39070 ac4f0000
39071 ac4f8000
39072 ac500000
39073 ac508000
39074 ac510000
39075 ac518000
39076 ac520000
39077 ac528000
39078 ac530000
39079 ac538000
39080 ac540000
39081 ac548000
39082 ac550000
39083 ac558000
39084 ac560000
39085 ac568000
39086 ac570000
39087 ac578000
39088 ac580000
39089 ac588000
39090 ac590000
39091 ac598000
39092 ac5a0000
39093 ac5a8000
39094 ac5b0000
39095 ac5b8000
39096 ac5c0000
39097 ac5c8000
39098 ac5d0000
39099 ac5d8000
39100 ac5e0000
39101 ac5e8000
39102 ac5f0000
39103 ac5f8000
39104 ac600000
39105 ac608000
39106 ac610000
39107 ac618000
39108 ac620000
39109 ac628000
39110 ac630000
39111 ac638000
39112 ac640000
39113 ac648000
39114 ac650000
39115 ac658000
39116 ac660000
39117 ac668000
39118 ac670000
39119 ac678000
39120 ac680000
39121 ac688000
39122 ac690000
39123 ac698000
39124 ac6a0000
39125 ac6a8000
39126 ac6b0000
39127 ac6b8000
39128 ac6c0000
39129 ac6c8000
39130 ac6d0000
39131 ac6d8000
39132 ac6e0000
39133 ac6e8000
39134 ac6f0000
39135 ac6f8000
39136 ac700000
39137 ac708000
39138 ac710000
39139 ac718000
39140 ac720000
39141 ac728000
39142 ac730000
39143 ac738000
39144 ac740000
39145 ac748000
39146 ac750000
39147 ac758000
39148 ac760000
39149 ac768000
39150 ac770000
39151 ac778000
39152 ac780000
39153 ac788000
39154 ac790000
39155 ac798000
39156 ac7a0000
39157 ac7a8000
39158 ac7b0000
39159 ac7b8000
39160 ac7c0000
39161 ac7c8000
39162 ac7d0000
39163 ac7d8000
39164 ac7e0000
39165 ac7e8000
39166 ac7f0000
39167 ac7f8000
39168 ac800000
39169 ac808000
39170 ac810000
39171 ac818000
39172 ac820000
39173 ac828000
39174 ac830000
39175 ac838000
39176 ac840000
39177 ac848000
39178 ac850000
39179 ac858000
39180 ac860000
39181 ac868000
39182 ac870000
39183 ac878000
39184 ac880000
39185 ac888000
39186 ac890000
39187 ac898000
39188 ac8a0000
39189 ac8a8000
39190 ac8b0000
39191 ac8b8000
39192 ac8c0000
39193 ac8c8000
39194 ac8d0000
39195 ac8d8000
39196 ac8e0000
39197 ac8e8000
39198 ac8f0000
39199 ac8f8000
39200 ac900000
39201 ac908000
39202 ac910000
39203 ac918000
39204 ac920000
39205 ac928000
39206 ac930000
39207 ac938000
39208 ac940000
39209 ac948000
39210 ac950000
39211 ac958000
39212 ac960000
39213 ac968000
39214 ac970000
39215 ac978000
39216 ac980000
39217 ac988000
39218 ac990000
39219 ac998000
39220 ac9a0000
39221 ac9a8000
39222 ac9b0000
39223 ac9b8000
39224 ac9c0000
39225 ac9c8000
39226 ac9d0000
39227 ac9d8000
39228 ac9e0000
39229 ac9e8000
39230 ac9f0000
39231 ac9f8000
39232 aca00000
39233 aca08000
39234 aca10000
39235 aca18000
39236 aca20000
39237 aca28000
39238 aca30000
39239 aca38000
39240 aca40000
39241 aca48000
39242 aca50000
39243 aca58000
39244 aca60000
39245 aca68000
39246 aca70000
39247 aca78000
39248 aca80000
39249 aca88000
39250 aca90000
39251 aca98000
39252 acaa0000
39253 acaa8000
39254 acab0000
39255 acab8000
39256 acac0000
39257 acac8000
39258 acad0000
39259 acad8000
39260 acae0000
39261 acae8000
39262 acaf0000
39263 acaf8000
39264 acb00000
39265 acb08000
39266 acb10000
39267 acb18000
39268 acb20000
39269 acb28000
39270 acb30000
39271 acb38000
39272 acb40000
39273 acb48000
39274 acb50000
39275 acb58000
39276 acb60000
39277 acb68000
39278 acb70000
39279 acb78000
39280 acb80000
39281 acb88000
39282 acb90000
39283 acb98000
39284 acba0000
39285 acba8000
39286 acbb0000
39287 acbb8000
39288 acbc0000
39289 acbc8000
39290 acbd0000
39291 acbd8000
39292 acbe0000
39293 acbe8000
39294 acbf0000
39295 acbf8000
39296 acc00000
39297 acc08000
39298 acc10000
39299 acc18000
39300 acc20000
39301 acc28000
39302 acc30000
39303 acc38000
39304 acc40000
39305 acc48000
39306 acc50000
39307 acc58000
39308 acc60000
39309 acc68000
39310 acc70000
39311 acc78000
39312 acc80000
39313 acc88000
39314 acc90000
39315 acc98000
39316 acca0000
39317 acca8000
39318 accb0000
39319 accb8000
39320 accc0000
39321 accc8000
39322 accd0000
39323 accd8000
39324 acce0000
39325 acce8000
39326 accf0000
39327 accf8000
39328 acd00000
39329 acd08000
39330 acd10000
39331 acd18000
39332 acd20000
39333 acd28000
39334 acd30000
39335 acd38000
39336 acd40000
39337 acd48000
39338 acd50000
39339 acd58000
39340 acd60000
39341 acd68000
39342 acd70000
39343 acd78000
39344 acd80000
39345 acd88000
39346 acd90000
39347 acd98000
39348 acda0000
39349 acda8000
39350 acdb0000
39351 acdb8000
39352 acdc0000
39353 acdc8000
39354 acdd0000
39355 acdd8000
39356 acde0000
39357 acde8000
39358 acdf0000
39359 acdf8000
39360 ace00000
39361 ace08000
39362 ace10000
39363 ace18000
39364 ace20000
39365 ace28000
39366 ace30000
39367 ace38000
39368 ace40000
39369 ace48000
39370 ace50000
39371 ace58000
39372 ace60000
39373 ace68000
39374 ace70000
39375 ace78000
39376 ace80000
39377 ace88000
39378 ace90000
39379 ace98000
39380 acea0000
39381 acea8000
39382 aceb0000
39383 aceb8000
39384 acec0000
39385 acec8000
39386 aced0000
39387 aced8000
39388 acee0000
39389 acee8000
39390 acef0000
39391 acef8000
39392 acf00000
39393 acf08000
39394 acf10000
39395 acf18000
39396 acf20000
39397 acf28000
39398 acf30000
39399 acf38000
39400 acf40000
39401 acf48000
39402 acf50000
39403 acf58000
39404 acf60000
39405 acf68000
39406 acf70000
39407 acf78000
39408 acf80000
39409 acf88000
39410 acf90000
39411 acf98000
39412 acfa0000
39413 acfa8000
39414 acfb0000
39415 acfb8000
39416 acfc0000
39417 acfc8000
39418 acfd0000
39419 acfd8000
39420 acfe0000
39421 acfe8000
39422 acff0000
39423 acff8000
39424 ad000000
39425 ad008000
39426 ad010000
39427 ad018000
39428 ad020000
39429 ad028000
39430 ad030000
39431 ad038000
39432 ad040000
39433 ad048000
39434 ad050000
39435 ad058000
39436 ad060000
39437 ad068000
39438 ad070000
39439 ad078000
39440 ad080000
39441 ad088000
39442 ad090000
39443 ad098000
39444 ad0a0000
39445 ad0a8000
39446 ad0b0000
39447 ad0b8000
39448 ad0c0000
39449 ad0c8000
39450 ad0d0000
39451 ad0d8000
39452 ad0e0000
39453 ad0e8000
39454 ad0f0000
39455 ad0f8000
39456 ad100000
39457 ad108000
39458 ad110000
39459 ad118000
39460 ad120000
39461 ad128000
39462 ad130000
39463 ad138000
39464 ad140000
39465 ad148000
39466 ad150000
39467 ad158000
39468 ad160000
39469 ad168000
39470 ad170000
39471 ad178000
39472 ad180000
39473 ad188000
39474 ad190000
39475 ad198000
39476 ad1a0000
39477 ad1a8000
39478 ad1b0000
39479 ad1b8000
39480 ad1c0000
39481 ad1c8000
39482 ad1d0000
39483 ad1d8000
39484 ad1e0000
39485 ad1e8000
39486 ad1f0000
39487 ad1f8000
39488 ad200000
39489 ad208000
39490 ad210000
39491 ad218000
39492 ad220000
39493 ad228000
39494 ad230000
39495 ad238000
39496 ad240000
39497 ad248000
39498 ad250000
39499 ad258000
39500 ad260000
39501 ad268000
39502 ad270000
39503 ad278000
39504 ad280000
39505 ad288000
39506 ad290000
39507 ad298000
39508 ad2a0000
39509 ad2a8000
39510 ad2b0000
39511 ad2b8000
39512 ad2c0000
39513 ad2c8000
39514 ad2d0000
39515 ad2d8000
39516 ad2e0000
39517 ad2e8000
39518 ad2f0000
39519 ad2f8000
39520 ad300000
39521 ad308000
39522 ad310000
39523 ad318000
39524 ad320000
39525 ad328000
39526 ad330000
39527 ad338000
39528 ad340000
39529 ad348000
39530 ad350000
39531 ad358000
39532 ad360000
39533 ad368000
39534 ad370000
39535 ad378000
39536 ad380000
39537 ad388000
39538 ad390000
39539 ad398000
39540 ad3a0000
39541 ad3a8000
39542 ad3b0000
39543 ad3b8000
39544 ad3c0000
39545 ad3c8000
39546 ad3d0000
39547 ad3d8000
39548 ad3e0000
39549 ad3e8000
39550 ad3f0000
39551 ad3f8000
39552 ad400000
39553 ad408000
39554 ad410000
39555 ad418000
39556 ad420000
39557 ad428000
39558 ad430000
39559 ad438000
39560 ad440000
39561 ad448000
39562 ad450000
39563 ad458000
39564 ad460000
39565 ad468000
39566 ad470000
39567 ad478000
39568 ad480000
39569 ad488000
39570 ad490000
39571 ad498000
39572 ad4a0000
39573 ad4a8000
39574 ad4b0000
39575 ad4b8000
39576 ad4c0000
39577 ad4c8000
39578 ad4d0000
39579 ad4d8000
39580 ad4e0000
39581 ad4e8000
39582 ad4f0000
39583 ad4f8000
39584 ad500000
39585 ad508000
39586 ad510000
39587 ad518000
39588 ad520000
39589 ad528000
39590 ad530000
39591 ad538000
39592 ad540000
39593 ad548000
39594 ad550000
39595 ad558000
39596 ad560000
39597 ad568000
39598 ad570000
39599 ad578000
39600 ad580000
39601 ad588000
39602 ad590000
39603 ad598000
39604 ad5a0000
39605 ad5a8000
39606 ad5b0000
39607 ad5b8000
39608 ad5c0000
39609 ad5c8000
39610 ad5d0000
39611 ad5d8000
39612 ad5e0000
39613 ad5e8000
39614 ad5f0000
39615 ad5f8000
39616 ad600000
39617 ad608000
39618 ad610000
39619 ad618000
39620 ad620000
39621 ad628000
39622 ad630000
39623 ad638000
39624 ad640000
39625 ad648000
39626 ad650000
39627 ad658000
39628 ad660000
39629 ad668000
39630 ad670000
39631 ad678000
39632 ad680000
39633 ad688000
39634 ad690000
39635 ad698000
39636 ad6a0000
39637 ad6a8000
39638 ad6b0000
39639 ad6b8000
39640 ad6c0000
39641 ad6c8000
39642 ad6d0000
39643 ad6d8000
39644 ad6e0000
39645 ad6e8000
39646 ad6f0000
39647 ad6f8000
39648 ad700000
39649 ad708000
39650 ad710000
39651 ad718000
39652 ad720000
39653 ad728000
39654 ad730000
39655 ad738000
39656 ad740000
39657 ad748000
39658 ad750000
39659 ad758000
39660 ad760000
39661 ad768000
39662 ad770000
39663 ad778000
39664 ad780000
39665 ad788000
39666 ad790000
39667 ad798000
39668 ad7a0000
39669 ad7a8000
39670 ad7b0000
39671 ad7b8000
39672 ad7c0000
39673 ad7c8000
39674 ad7d0000
39675 ad7d8000
39676 ad7e0000
39677 ad7e8000
39678 ad7f0000
39679 ad7f8000
39680 ad800000
39681 ad808000
39682 ad810000
39683 ad818000
39684 ad820000
39685 ad828000
39686 ad830000
39687 ad838000
39688 ad840000
39689 ad848000
39690 ad850000
39691 ad858000
39692 ad860000
39693 ad868000
39694 ad870000
39695 ad878000
39696 ad880000
39697 ad888000
39698 ad890000
39699 ad898000
39700 ad8a0000
39701 ad8a8000
39702 ad8b0000
39703 ad8b8000
39704 ad8c0000
39705 ad8c8000
39706 ad8d0000
39707 ad8d8000
39708 ad8e0000
39709 ad8e8000
39710 ad8f0000
39711 ad8f8000
39712 ad900000
39713 ad908000
39714 ad910000
39715 ad918000
39716 ad920000
39717 ad928000
39718 ad930000
39719 ad938000
39720 ad940000
39721 ad948000
39722 ad950000
39723 ad958000
39724 ad960000
39725 ad968000
39726 ad970000
39727 ad978000
39728 ad980000
39729 ad988000
39730 ad990000
39731 ad998000
39732 ad9a0000
39733 ad9a8000
39734 ad9b0000
39735 ad9b8000
39736 ad9c0000
39737 ad9c8000
39738 ad9d0000
39739 ad9d8000
39740 ad9e0000
39741 ad9e8000
39742 ad9f0000
39743 ad9f8000
39744 ada00000
39745 ada08000
39746 ada10000
39747 ada18000
39748 ada20000
39749 ada28000
39750 ada30000
39751 ada38000
39752 ada40000
39753 ada48000
39754 ada50000
39755 ada58000
39756 ada60000
39757 ada68000
39758 ada70000
39759 ada78000
39760 ada80000
39761 ada88000
39762 ada90000
39763 ada98000
39764 adaa0000
39765 adaa8000
39766 adab0000
39767 adab8000
39768 adac0000
39769 adac8000
39770 adad0000
39771 adad8000
39772 adae0000
39773 adae8000
39774 adaf0000
39775 adaf8000
39776 adb00000
39777 adb08000
39778 adb10000
39779 adb18000
39780 adb20000
39781 adb28000
39782 adb30000
39783 adb38000
39784 adb40000
39785 adb48000
39786 adb50000
39787 adb58000
39788 adb60000
39789 adb68000
39790 adb70000
39791 adb78000
39792 adb80000
39793 adb88000
39794 adb90000
39795 adb98000
39796 adba0000
39797 adba8000
39798 adbb0000
39799 adbb8000
39800 adbc0000
39801 adbc8000
39802 adbd0000
39803 adbd8000
39804 adbe0000
39805 adbe8000
39806 adbf0000
39807 adbf8000
39808 adc00000
39809 adc08000
39810 adc10000
39811 adc18000
39812 adc20000
39813 adc28000
39814 adc30000
39815 adc38000
39816 adc40000
39817 adc48000
39818 adc50000
39819 adc58000
39820 adc60000
39821 adc68000
39822 adc70000
39823 adc78000
39824 adc80000
39825 adc88000
39826 adc90000
39827 adc98000
39828 adca0000
39829 adca8000
39830 adcb0000
39831 adcb8000
39832 adcc0000
39833 adcc8000
39834 adcd0000
39835 adcd8000
39836 adce0000
39837 adce8000
39838 adcf0000
39839 adcf8000
39840 add00000
39841 add08000
39842 add10000
39843 add18000
39844 add20000
39845 add28000
39846 add30000
39847 add38000
39848 add40000
39849 add48000
39850 add50000
39851 add58000
39852 add60000
39853 add68000
39854 add70000
39855 add78000
39856 add80000
39857 add88000
39858 add90000
39859 add98000
39860 adda0000
39861 adda8000
39862 addb0000
39863 addb8000
39864 addc0000
39865 addc8000
39866 addd0000
39867 addd8000
39868 adde0000
39869 adde8000
39870 addf0000
39871 addf8000
39872 ade00000
39873 ade08000
39874 ade10000
39875 ade18000
39876 ade20000
39877 ade28000
39878 ade30000
39879 ade38000
39880 ade40000
39881 ade48000
39882 ade50000
39883 ade58000
39884 ade60000
39885 ade68000
39886 ade70000
39887 ade78000
39888 ade80000
39889 ade88000
39890 ade90000
39891 ade98000
39892 adea0000
39893 adea8000
39894 adeb0000
39895 adeb8000
39896 adec0000
39897 adec8000
39898 aded0000
39899 aded8000
39900 adee0000
39901 adee8000
39902 adef0000
39903 adef8000
39904 adf00000
39905 adf08000
39906 adf10000
39907 adf18000
39908 adf20000
39909 adf28000
39910 adf30000
39911 adf38000
39912 adf40000
39913 adf48000
39914 adf50000
39915 adf58000
39916 adf60000
39917 adf68000
39918 adf70000
39919 adf78000
39920 adf80000
39921 adf88000
39922 adf90000
39923 adf98000
39924 adfa0000
39925 adfa8000
39926 adfb0000
39927 adfb8000
39928 adfc0000
39929 adfc8000
39930 adfd0000
39931 adfd8000
39932 adfe0000
39933 adfe8000
39934 adff0000
39935 adff8000
39936 ae000000
39937 ae008000
39938 ae010000
39939 ae018000
39940 ae020000
39941 ae028000
39942 ae030000
39943 ae038000
39944 ae040000
39945 ae048000
39946 ae050000
39947 ae058000
39948 ae060000
39949 ae068000
39950 ae070000
39951 ae078000
39952 ae080000
39953 ae088000
39954 ae090000
39955 ae098000
39956 ae0a0000
39957 ae0a8000
39958 ae0b0000
39959 ae0b8000
39960 ae0c0000
39961 ae0c8000
39962 ae0d0000
39963 ae0d8000
39964 ae0e0000
39965 ae0e8000
39966 ae0f0000
39967 ae0f8000
39968 ae100000
39969 ae108000
39970 ae110000
39971 ae118000
39972 ae120000
39973 ae128000
39974 ae130000
39975 ae138000
39976 ae140000
39977 ae148000
39978 ae150000
39979 ae158000
39980 ae160000
39981 ae168000
39982 ae170000
39983 ae178000
39984 ae180000
39985 ae188000
39986 ae190000
39987 ae198000
39988 ae1a0000
39989 ae1a8000
39990 ae1b0000
39991 ae1b8000
39992 ae1c0000
39993 ae1c8000
39994 ae1d0000
39995 ae1d8000
39996 ae1e0000
39997 ae1e8000
39998 ae1f0000
39999 ae1f8000
40000 ae200000
40001 ae208000
40002 ae210000
40003 ae218000
40004 ae220000
40005 ae228000
40006 ae230000
40007 ae238000
40008 ae240000
40009 ae248000
40010 ae250000
40011 ae258000
40012 ae260000
40013 ae268000
40014 ae270000
40015 ae278000
40016 ae280000
40017 ae288000
40018 ae290000
40019 ae298000
40020 ae2a0000
40021 ae2a8000
40022 ae2b0000
40023 ae2b8000
40024 ae2c0000
40025 ae2c8000
40026 ae2d0000
40027 ae2d8000
40028 ae2e0000
40029 ae2e8000
40030 ae2f0000
40031 ae2f8000
40032 ae300000
40033 ae308000
40034 ae310000
40035 ae318000
40036 ae320000
40037 ae328000
40038 ae330000
40039 ae338000
40040 ae340000
40041 ae348000
40042 ae350000
40043 ae358000
40044 ae360000
40045 ae368000
40046 ae370000
40047 ae378000
40048 ae380000
40049 ae388000
40050 ae390000
40051 ae398000
40052 ae3a0000
40053 ae3a8000
40054 ae3b0000
40055 ae3b8000
40056 ae3c0000
40057 ae3c8000
40058 ae3d0000
40059 ae3d8000
40060 ae3e0000
40061 ae3e8000
40062 ae3f0000
40063 ae3f8000
40064 ae400000
40065 ae408000
40066 ae410000
40067 ae418000
40068 ae420000
40069 ae428000
40070 ae430000
40071 ae438000
40072 ae440000
40073 ae448000
40074 ae450000
40075 ae458000
40076 ae460000
40077 ae468000
40078 ae470000
40079 ae478000
40080 ae480000
40081 ae488000
40082 ae490000
40083 ae498000
40084 ae4a0000
40085 ae4a8000
40086 ae4b0000
40087 ae4b8000
40088 ae4c0000
40089 ae4c8000
40090 ae4d0000
40091 ae4d8000
40092 ae4e0000
40093 ae4e8000
40094 ae4f0000
40095 ae4f8000
40096 ae500000
40097 ae508000
40098 ae510000
40099 ae518000
40100 ae520000
40101 ae528000
40102 ae530000
40103 ae538000
40104 ae540000
40105 ae548000
40106 ae550000
40107 ae558000
40108 ae560000
40109 ae568000
40110 ae570000
40111 ae578000
40112 ae580000
40113 ae588000
40114 ae590000
40115 ae598000
40116 ae5a0000
40117 ae5a8000
40118 ae5b0000
40119 ae5b8000
40120 ae5c0000
40121 ae5c8000
40122 ae5d0000
40123 ae5d8000
40124 ae5e0000
40125 ae5e8000
40126 ae5f0000
40127 ae5f8000
40128 ae600000
40129 ae608000
40130 ae610000
40131 ae618000
40132 ae620000
40133 ae628000
40134 ae630000
40135 ae638000
40136 ae640000
40137 ae648000
40138 ae650000
40139 ae658000
40140 ae660000
40141 ae668000
40142 ae670000
40143 ae678000
40144 ae680000
40145 ae688000
40146 ae690000
40147 ae698000
40148 ae6a0000
40149 ae6a8000
40150 ae6b0000
40151 ae6b8000
40152 ae6c0000
40153 ae6c8000
40154 ae6d0000
40155 ae6d8000
40156 ae6e0000
40157 ae6e8000
40158 ae6f0000
40159 ae6f8000
40160 ae700000
40161 ae708000
40162 ae710000
40163 ae718000
40164 ae720000
40165 ae728000
40166 ae730000
40167 ae738000
40168 ae740000
40169 ae748000
40170 ae750000
40171 ae758000
40172 ae760000
40173 ae768000
40174 ae770000
40175 ae778000
40176 ae780000
40177 ae788000
40178 ae790000
40179 ae798000
40180 ae7a0000
40181 ae7a8000
40182 ae7b0000
40183 ae7b8000
40184 ae7c0000
40185 ae7c8000
40186 ae7d0000
40187 ae7d8000
40188 ae7e0000
40189 ae7e8000
40190 ae7f0000
40191 ae7f8000
40192 ae800000
40193 ae808000
40194 ae810000
40195 ae818000
40196 ae820000
40197 ae828000
40198 ae830000
40199 ae838000
40200 ae840000
40201 ae848000
40202 ae850000
40203 ae858000
40204 ae860000
40205 ae868000
40206 ae870000
40207 ae878000
40208 ae880000
40209 ae888000
40210 ae890000
40211 ae898000
40212 ae8a0000
40213 ae8a8000
40214 ae8b0000
40215 ae8b8000
40216 ae8c0000
40217 ae8c8000
40218 ae8d0000
40219 ae8d8000
40220 ae8e0000
40221 ae8e8000
40222 ae8f0000
40223 ae8f8000
40224 ae900000
40225 ae908000
40226 ae910000
40227 ae918000
40228 ae920000
40229 ae928000
40230 ae930000
40231 ae938000
40232 ae940000
40233 ae948000
40234 ae950000
40235 ae958000
40236 ae960000
40237 ae968000
40238 ae970000
40239 ae978000
40240 ae980000
40241 ae988000
40242 ae990000
40243 ae998000
40244 ae9a0000
40245 ae9a8000
40246 ae9b0000
40247 ae9b8000
40248 ae9c0000
40249 ae9c8000
40250 ae9d0000
40251 ae9d8000
40252 ae9e0000
40253 ae9e8000
40254 ae9f0000
40255 ae9f8000
40256 aea00000
40257 aea08000
40258 aea10000
40259 aea18000
40260 aea20000
40261 aea28000
40262 aea30000
40263 aea38000
40264 aea40000
40265 aea48000
40266 aea50000
40267 aea58000
40268 aea60000
40269 aea68000
40270 aea70000
40271 aea78000
40272 aea80000
40273 aea88000
40274 aea90000
40275 aea98000
40276 aeaa0000
40277 aeaa8000
40278 aeab0000
40279 aeab8000
40280 aeac0000
40281 aeac8000
40282 aead0000
40283 aead8000
40284 aeae0000
40285 aeae8000
40286 aeaf0000
40287 aeaf8000
40288 aeb00000
40289 aeb08000
40290 aeb10000
40291 aeb18000
40292 aeb20000
40293 aeb28000
40294 aeb30000
40295 aeb38000
40296 aeb40000
40297 aeb48000
40298 aeb50000
40299 aeb58000
40300 aeb60000
40301 aeb68000
40302 aeb70000
40303 aeb78000
40304 aeb80000
40305 aeb88000
40306 aeb90000
40307 aeb98000
40308 aeba0000
40309 aeba8000
40310 aebb0000
40311 aebb8000
40312 aebc0000
40313 aebc8000
40314 aebd0000
40315 aebd8000
40316 aebe0000
40317 aebe8000
40318 aebf0000
40319 aebf8000
40320 aec00000
40321 aec08000
40322 aec10000
40323 aec18000
40324 aec20000
40325 aec28000
40326 aec30000
40327 aec38000
40328 aec40000
40329 aec48000
40330 aec50000
40331 aec58000
40332 aec60000
40333 aec68000
40334 aec70000
40335 aec78000
40336 aec80000
40337 aec88000
40338 aec90000
40339 aec98000
40340 aeca0000
40341 aeca8000
40342 aecb0000
40343 aecb8000
40344 aecc0000
40345 aecc8000
40346 aecd0000
40347 aecd8000
40348 aece0000
40349 aece8000
40350 aecf0000
40351 aecf8000
40352 aed00000
40353 aed08000
40354 aed10000
40355 aed18000
40356 aed20000
40357 aed28000
40358 aed30000
40359 aed38000
40360 aed40000
40361 aed48000
40362 aed50000
40363 aed58000
40364 aed60000
40365 aed68000
40366 aed70000
40367 aed78000
40368 aed80000
40369 aed88000
40370 aed90000
40371 aed98000
40372 aeda0000
40373 aeda8000
40374 aedb0000
40375 aedb8000
40376 aedc0000
40377 aedc8000
40378 aedd0000
40379 aedd8000
40380 aede0000
40381 aede8000
40382 aedf0000
40383 aedf8000
40384 aee00000
40385 aee08000
40386 aee10000
40387 aee18000
40388 aee20000
40389 aee28000
40390 aee30000
40391 aee38000
40392 aee40000
40393 aee48000
40394 aee50000
40395 aee58000
40396 aee60000
40397 aee68000
40398 aee70000
40399 aee78000
40400 aee80000
40401 aee88000
40402 aee90000
40403 aee98000
40404 aeea0000
40405 aeea8000
40406 aeeb0000
40407 aeeb8000
40408 aeec0000
40409 aeec8000
40410 aeed0000
40411 aeed8000
40412 aeee0000
40413 aeee8000
40414 aeef0000
40415 aeef8000
40416 aef00000
40417 aef08000
40418 aef10000
40419 aef18000
40420 aef20000
40421 aef28000
40422 aef30000
40423 aef38000
40424 aef40000
40425 aef48000
40426 aef50000
40427 aef58000
40428 aef60000
40429 aef68000
40430 aef70000
40431 aef78000
40432 aef80000
40433 aef88000
40434 aef90000
40435 aef98000
40436 aefa0000
40437 aefa8000
40438 aefb0000
40439 aefb8000
40440 aefc0000
40441 aefc8000
40442 aefd0000
40443 aefd8000
40444 aefe0000
40445 aefe8000
40446 aeff0000
40447 aeff8000
40448 af000000
40449 af008000
40450 af010000
40451 af018000
40452 af020000
40453 af028000
40454 af030000
40455 af038000
40456 af040000
40457 af048000
40458 af050000
40459 af058000
40460 af060000
40461 af068000
40462 af070000
40463 af078000
40464 af080000
40465 af088000
40466 af090000
40467 af098000
40468 af0a0000
40469 af0a8000
40470 af0b0000
40471 af0b8000
40472 af0c0000
40473 af0c8000
40474 af0d0000
40475 af0d8000
40476 af0e0000
40477 af0e8000
40478 af0f0000
40479 af0f8000
40480 af100000
40481 af108000
40482 af110000
40483 af118000
40484 af120000
40485 af128000
40486 af130000
40487 af138000
40488 af140000
40489 af148000
40490 af150000
40491 af158000
40492 af160000
40493 af168000
40494 af170000
40495 af178000
40496 af180000
40497 af188000
40498 af190000
40499 af198000
40500 af1a0000
40501 af1a8000
40502 af1b0000
40503 af1b8000
40504 af1c0000
40505 af1c8000
40506 af1d0000
40507 af1d8000
40508 af1e0000
40509 af1e8000
40510 af1f0000
40511 af1f8000
40512 af200000
40513 af208000
40514 af210000
40515 af218000
40516 af220000
40517 af228000
40518 af230000
40519 af238000
40520 af240000
40521 af248000
40522 af250000
40523 af258000
40524 af260000
40525 af268000
40526 af270000
40527 af278000
40528 af280000
40529 af288000
40530 af290000
40531 af298000
40532 af2a0000
40533 af2a8000
40534 af2b0000
40535 af2b8000
40536 af2c0000
40537 af2c8000
40538 af2d0000
40539 af2d8000
40540 af2e0000
40541 af2e8000
40542 af2f0000
40543 af2f8000
40544 af300000
40545 af308000
40546 af310000
40547 af318000
40548 af320000
40549 af328000
40550 af330000
40551 af338000
40552 af340000
40553 af348000
40554 af350000
40555 af358000
40556 af360000
40557 af368000
40558 af370000
40559 af378000
40560 af380000
40561 af388000
40562 af390000
40563 af398000
40564 af3a0000
40565 af3a8000
40566 af3b0000
40567 af3b8000
40568 af3c0000
40569 af3c8000
40570 af3d0000
40571 af3d8000
40572 af3e0000
40573 af3e8000
40574 af3f0000
40575 af3f8000
40576 af400000
40577 af408000
40578 af410000
40579 af418000
40580 af420000
40581 af428000
40582 af430000
40583 af438000
40584 af440000
40585 af448000
40586 af450000
40587 af458000
40588 af460000
40589 af468000
40590 af470000
40591 af478000
40592 af480000
40593 af488000
40594 af490000
40595 af498000
40596 af4a0000
40597 af4a8000
40598 af4b0000
40599 af4b8000
40600 af4c0000
40601 af4c8000
40602 af4d0000
40603 af4d8000
40604 af4e0000
40605 af4e8000
40606 af4f0000
40607 af4f8000
40608 af500000
40609 af508000
40610 af510000
40611 af518000
40612 af520000
40613 af528000
40614 af530000
40615 af538000
40616 af540000
40617 af548000
40618 af550000
40619 af558000
40620 af560000
40621 af568000
40622 af570000
40623 af578000
40624 af580000
40625 af588000
40626 af590000
40627 af598000
40628 af5a0000
40629 af5a8000
40630 af5b0000
40631 af5b8000
40632 af5c0000
40633 af5c8000
40634 af5d0000
40635 af5d8000
40636 af5e0000
40637 af5e8000
40638 af5f0000
40639 af5f8000
40640 af600000
40641 af608000
40642 af610000
40643 af618000
40644 af620000
40645 af628000
40646 af630000
40647 af638000
40648 af640000
40649 af648000
40650 af650000
40651 af658000
40652 af660000
40653 af668000
40654 af670000
40655 af678000
40656 af680000
40657 af688000
40658 af690000
40659 af698000
40660 af6a0000
40661 af6a8000
40662 af6b0000
40663 af6b8000
40664 af6c0000
40665 af6c8000
40666 af6d0000
40667 af6d8000
40668 af6e0000
40669 af6e8000
40670 af6f0000
40671 af6f8000
40672 af700000
40673 af708000
40674 af710000
40675 af718000
40676 af720000
40677 af728000
40678 af730000
40679 af738000
40680 af740000
40681 af748000
40682 af750000
40683 af758000
40684 af760000
40685 af768000
40686 af770000
40687 af778000
40688 af780000
40689 af788000
40690 af790000
40691 af798000
40692 af7a0000
40693 af7a8000
40694 af7b0000
40695 af7b8000
40696 af7c0000
40697 af7c8000
40698 af7d0000
40699 af7d8000
40700 af7e0000
40701 af7e8000
40702 af7f0000
40703 af7f8000
40704 af800000
40705 af808000
40706 af810000
40707 af818000
40708 af820000
40709 af828000
40710 af830000
40711 af838000
40712 af840000
40713 af848000
40714 af850000
40715 af858000
40716 af860000
40717 af868000
40718 af870000
40719 af878000
40720 af880000
40721 af888000
40722 af890000
40723 af898000
40724 af8a0000
40725 af8a8000
40726 af8b0000
40727 af8b8000
40728 af8c0000
40729 af8c8000
40730 af8d0000
40731 af8d8000
40732 af8e0000
40733 af8e8000
40734 af8f0000
40735 af8f8000
40736 af900000
40737 af908000
40738 af910000
40739 af918000
40740 af920000
40741 af928000
40742 af930000
40743 af938000
40744 af940000
40745 af948000
40746 af950000
40747 af958000
40748 af960000
40749 af968000
40750 af970000
40751 af978000
40752 af980000
40753 af988000
40754 af990000
40755 af998000
40756 af9a0000
40757 af9a8000
40758 af9b0000
40759 af9b8000
40760 af9c0000
40761 af9c8000
40762 af9d0000
40763 af9d8000
40764 af9e0000
40765 af9e8000
40766 af9f0000
40767 af9f8000
40768 afa00000
40769 afa08000
40770 afa10000
40771 afa18000
40772 afa20000
40773 afa28000
40774 afa30000
40775 afa38000
40776 afa40000
40777 afa48000
40778 afa50000
40779 afa58000
40780 afa60000
40781 afa68000
40782 afa70000
40783 afa78000
40784 afa80000
40785 afa88000
40786 afa90000
40787 afa98000
40788 afaa0000
40789 afaa8000
40790 afab0000
40791 afab8000
40792 afac0000
40793 afac8000
40794 afad0000
40795 afad8000
40796 afae0000
40797 afae8000
40798 afaf0000
40799 afaf8000
40800 afb00000
40801 afb08000
40802 afb10000
40803 afb18000
40804 afb20000
40805 afb28000
40806 afb30000
40807 afb38000
40808 afb40000
40809 afb48000
40810 afb50000
40811 afb58000
40812 afb60000
40813 afb68000
40814 afb70000
40815 afb78000
40816 afb80000
40817 afb88000
40818 afb90000
40819 afb98000
40820 afba0000
40821 afba8000
40822 afbb0000
40823 afbb8000
40824 afbc0000
40825 afbc8000
40826 afbd0000
40827 afbd8000
40828 afbe0000
40829 afbe8000
40830 afbf0000
40831 afbf8000
40832 afc00000
40833 afc08000
40834 afc10000
40835 afc18000
40836 afc20000
40837 afc28000
40838 afc30000
40839 afc38000
40840 afc40000
40841 afc48000
40842 afc50000
40843 afc58000
40844 afc60000
40845 afc68000
40846 afc70000
40847 afc78000
40848 afc80000
40849 afc88000
40850 afc90000
40851 afc98000
40852 afca0000
40853 afca8000
40854 afcb0000
40855 afcb8000
40856 afcc0000
40857 afcc8000
40858 afcd0000
40859 afcd8000
40860 afce0000
40861 afce8000
40862 afcf0000
40863 afcf8000
40864 afd00000
40865 afd08000
40866 afd10000
40867 afd18000
40868 afd20000
40869 afd28000
40870 afd30000
40871 afd38000
40872 afd40000
40873 afd48000
40874 afd50000
40875 afd58000
40876 afd60000
40877 afd68000
40878 afd70000
40879 afd78000
40880 afd80000
40881 afd88000
40882 afd90000
40883 afd98000
40884 afda0000
40885 afda8000
40886 afdb0000
40887 afdb8000
40888 afdc0000
40889 afdc8000
40890 afdd0000
40891 afdd8000
40892 afde0000
40893 afde8000
40894 afdf0000
40895 afdf8000
40896 afe00000
40897 afe08000
40898 afe10000
40899 afe18000
40900 afe20000
40901 afe28000
40902 afe30000
40903 afe38000
40904 afe40000
40905 afe48000
40906 afe50000
40907 afe58000
40908 afe60000
40909 afe68000
40910 afe70000
40911 afe78000
40912 afe80000
40913 afe88000
40914 afe90000
40915 afe98000
40916 afea0000
40917 afea8000
40918 afeb0000
40919 afeb8000
40920 afec0000
40921 afec8000
40922 afed0000
40923 afed8000
40924 afee0000
40925 afee8000
40926 afef0000
40927 afef8000
40928 aff00000
40929 aff08000
40930 aff10000
40931 aff18000
40932 aff20000
40933 aff28000
40934 aff30000
40935 aff38000
40936 aff40000
40937 aff48000
40938 aff50000
40939 aff58000
40940 aff60000
40941 aff68000
40942 aff70000
40943 aff78000
40944 aff80000
40945 aff88000
40946 aff90000
40947 aff98000
40948 affa0000
40949 affa8000
40950 affb0000
40951 affb8000
40952 affc0000
40953 affc8000
40954 affd0000
40955 affd8000
40956 affe0000
40957 affe8000
40958 afff0000
40959 afff8000
40960 b0000000
40961 b0008000
40962 b0010000
40963 b0018000
40964 b0020000
40965 b0028000
40966 b0030000
40967 b0038000
40968 b0040000
40969 b0048000
40970 b0050000
40971 b0058000
40972 b0060000
40973 b0068000
40974 b0070000
40975 b0078000
40976 b0080000
40977 b0088000
40978 b0090000
40979 b0098000
40980 b00a0000
40981 b00a8000
40982 b00b0000
40983 b00b8000
40984 b00c0000
40985 b00c8000
40986 b00d0000
40987 b00d8000
40988 b00e0000
40989 b00e8000
40990 b00f0000
40991 b00f8000
40992 b0100000
40993 b0108000
40994 b0110000
40995 b0118000
40996 b0120000
40997 b0128000
40998 b0130000
40999 b0138000
41000 b0140000
41001 b0148000
41002 b0150000
41003 b0158000
41004 b0160000
41005 b0168000
41006 b0170000
41007 b0178000
41008 b0180000
41009 b0188000
41010 b0190000
41011 b0198000
41012 b01a0000
41013 b01a8000
41014 b01b0000
41015 b01b8000
41016 b01c0000
41017 b01c8000
41018 b01d0000
41019 b01d8000
41020 b01e0000
41021 b01e8000
41022 b01f0000
41023 b01f8000
41024 b0200000
41025 b0208000
41026 b0210000
41027 b0218000
41028 b0220000
41029 b0228000
41030 b0230000
41031 b0238000
41032 b0240000
41033 b0248000
41034 b0250000
41035 b0258000
41036 b0260000
41037 b0268000
41038 b0270000
41039 b0278000
41040 b0280000
41041 b0288000
41042 b0290000
41043 b0298000
41044 b02a0000
41045 b02a8000
41046 b02b0000
41047 b02b8000
41048 b02c0000
41049 b02c8000
41050 b02d0000
41051 b02d8000
41052 b02e0000
41053 b02e8000
41054 b02f0000
41055 b02f8000
41056 b0300000
41057 b0308000
41058 b0310000
41059 b0318000
41060 b0320000
41061 b0328000
41062 b0330000
41063 b0338000
41064 b0340000
41065 b0348000
41066 b0350000
41067 b0358000
41068 b0360000
41069 b0368000
41070 b0370000
41071 b0378000
41072 b0380000
41073 b0388000
41074 b0390000
41075 b0398000
41076 b03a0000
41077 b03a8000
41078 b03b0000
41079 b03b8000
41080 b03c0000
41081 b03c8000
41082 b03d0000
41083 b03d8000
41084 b03e0000
41085 b03e8000
41086 b03f0000
41087 b03f8000
41088 b0400000
41089 b0408000
41090 b0410000
41091 b0418000
41092 b0420000
41093 b0428000
41094 b0430000
41095 b0438000
41096 b0440000
41097 b0448000
41098 b0450000
41099 b0458000
41100 b0460000
41101 b0468000
41102 b0470000
41103 b0478000
41104 b0480000
41105 b0488000
41106 b0490000
41107 b0498000
41108 b04a0000
41109 b04a8000
41110 b04b0000
41111 b04b8000
41112 b04c0000
41113 b04c8000
41114 b04d0000
41115 b04d8000
41116 b04e0000
41117 b04e8000
41118 b04f0000
41119 b04f8000
41120 b0500000
41121 b0508000
41122 b0510000
41123 b0518000
41124 b0520000
41125 b0528000
41126 b0530000
41127 b0538000
41128 b0540000
41129 b0548000
41130 b0550000
41131 b0558000
41132 b0560000
41133 b0568000
41134 b0570000
41135 b0578000
41136 b0580000
41137 b0588000
41138 b0590000
41139 b0598000
41140 b05a0000
41141 b05a8000
41142 b05b0000
41143 b05b8000
41144 b05c0000
41145 b05c8000
41146 b05d0000
41147 b05d8000
41148 b05e0000
41149 b05e8000
41150 b05f0000
41151 b05f8000
41152 b0600000
41153 b0608000
41154 b0610000
41155 b0618000
41156 b0620000
41157 b0628000
41158 b0630000
41159 b0638000
41160 b0640000
41161 b0648000
41162 b0650000
41163 b0658000
41164 b0660000
41165 b0668000
41166 b0670000
41167 b0678000
41168 b0680000
41169 b0688000
41170 b0690000
41171 b0698000
41172 b06a0000
41173 b06a8000
41174 b06b0000
41175 b06b8000
41176 b06c0000
41177 b06c8000
41178 b06d0000
41179 b06d8000
41180 b06e0000
41181 b06e8000
41182 b06f0000
41183 b06f8000
41184 b0700000
41185 b0708000
41186 b0710000
41187 b0718000
41188 b0720000
41189 b0728000
41190 b0730000
41191 b0738000
41192 b0740000
41193 b0748000
41194 b0750000
41195 b0758000
41196 b0760000
41197 b0768000
41198 b0770000
41199 b0778000
41200 b0780000
41201 b0788000
41202 b0790000
41203 b0798000
41204 b07a0000
41205 b07a8000
41206 b07b0000
41207 b07b8000
41208 b07c0000
41209 b07c8000
41210 b07d0000
41211 b07d8000
41212 b07e0000
41213 b07e8000
41214 b07f0000
41215 b07f8000
41216 b0800000
41217 b0808000
41218 b0810000
41219 b0818000
41220 b0820000
41221 b0828000
41222 b0830000
41223 b0838000
41224 b0840000
41225 b0848000
41226 b0850000
41227 b0858000
41228 b0860000
41229 b0868000
41230 b0870000
41231 b0878000
41232 b0880000
41233 b0888000
41234 b0890000
41235 b0898000
41236 b08a0000
41237 b08a8000
41238 b08b0000
41239 b08b8000
41240 b08c0000
41241 b08c8000
41242 b08d0000
41243 b08d8000
41244 b08e0000
41245 b08e8000
41246 b08f0000
41247 b08f8000
41248 b0900000
41249 b0908000
41250 b0910000
41251 b0918000
41252 b0920000
41253 b0928000
41254 b0930000
41255 b0938000
41256 b0940000
41257 b0948000
41258 b0950000
41259 b0958000
41260 b0960000
41261 b0968000
41262 b0970000
41263 b0978000
41264 b0980000
41265 b0988000
41266 b0990000
41267 b0998000
41268 b09a0000
41269 b09a8000
41270 b09b0000
41271 b09b8000
41272 b09c0000
41273 b09c8000
41274 b09d0000
41275 b09d8000
41276 b09e0000
41277 b09e8000
41278 b09f0000
41279 b09f8000
41280 b0a00000
41281 b0a08000
41282 b0a10000
41283 b0a18000
41284 b0a20000
41285 b0a28000
41286 b0a30000
41287 b0a38000
41288 b0a40000
41289 b0a48000
41290 b0a50000
41291 b0a58000
41292 b0a60000
41293 b0a68000
41294 b0a70000
41295 b0a78000
41296 b0a80000
41297 b0a88000
41298 b0a90000
41299 b0a98000
41300 b0aa0000
41301 b0aa8000
41302 b0ab0000
41303 b0ab8000
41304 b0ac0000
41305 b0ac8000
41306 b0ad0000
41307 b0ad8000
41308 b0ae0000
41309 b0ae8000
41310 b0af0000
41311 b0af8000
41312 b0b00000
41313 b0b08000
41314 b0b10000
41315 b0b18000
41316 b0b20000
41317 b0b28000
41318 b0b30000
41319 b0b38000
41320 b0b40000
41321 b0b48000
41322 b0b50000
41323 b0b58000
41324 b0b60000
41325 b0b68000
41326 b0b70000
41327 b0b78000
41328 b0b80000
41329 b0b88000
41330 b0b90000
41331 b0b98000
41332 b0ba0000
41333 b0ba8000
41334 b0bb0000
41335 b0bb8000
41336 b0bc0000
41337 b0bc8000
41338 b0bd0000
41339 b0bd8000
41340 b0be0000
41341 b0be8000
41342 b0bf0000
41343 b0bf8000
41344 b0c00000
41345 b0c08000
41346 b0c10000
41347 b0c18000
41348 b0c20000
41349 b0c28000
41350 b0c30000
41351 b0c38000
41352 b0c40000
41353 b0c48000
41354 b0c50000
41355 b0c58000
41356 b0c60000
41357 b0c68000
41358 b0c70000
41359 b0c78000
41360 b0c80000
41361 b0c88000
41362 b0c90000
41363 b0c98000
41364 b0ca0000
41365 b0ca8000
41366 b0cb0000
41367 b0cb8000
41368 b0cc0000
41369 b0cc8000
41370 b0cd0000
41371 b0cd8000
41372 b0ce0000
41373 b0ce8000
41374 b0cf0000
41375 b0cf8000
41376 b0d00000
41377 b0d08000
41378 b0d10000
41379 b0d18000
41380 b0d20000
41381 b0d28000
41382 b0d30000
41383 b0d38000
41384 b0d40000
41385 b0d48000
41386 b0d50000
41387 b0d58000
41388 b0d60000
41389 b0d68000
41390 b0d70000
41391 b0d78000
41392 b0d80000
41393 b0d88000
41394 b0d90000
41395 b0d98000
41396 b0da0000
41397 b0da8000
41398 b0db0000
41399 b0db8000
41400 b0dc0000
41401 b0dc8000
41402 b0dd0000
41403 b0dd8000
41404 b0de0000
41405 b0de8000
41406 b0df0000
41407 b0df8000
41408 b0e00000
41409 b0e08000
41410 b0e10000
41411 b0e18000
41412 b0e20000
41413 b0e28000
41414 b0e30000
41415 b0e38000
41416 b0e40000
41417 b0e48000
41418 b0e50000
41419 b0e58000
41420 b0e60000
41421 b0e68000
41422 b0e70000
41423 b0e78000
41424 b0e80000
41425 b0e88000
41426 b0e90000
41427 b0e98000
41428 b0ea0000
41429 b0ea8000
41430 b0eb0000
41431 b0eb8000
41432 b0ec0000
41433 b0ec8000
41434 b0ed0000
41435 b0ed8000
41436 b0ee0000
41437 b0ee8000
41438 b0ef0000
41439 b0ef8000
41440 b0f00000
41441 b0f08000
41442 b0f10000
41443 b0f18000
41444 b0f20000
41445 b0f28000
41446 b0f30000
41447 b0f38000
41448 b0f40000
41449 b0f48000
41450 b0f50000
41451 b0f58000
41452 b0f60000
41453 b0f68000
41454 b0f70000
41455 b0f78000
41456 b0f80000
41457 b0f88000
41458 b0f90000
41459 b0f98000
41460 b0fa0000
41461 b0fa8000
41462 b0fb0000
41463 b0fb8000
41464 b0fc0000
41465 b0fc8000
41466 b0fd0000
41467 b0fd8000
41468 b0fe0000
41469 b0fe8000
41470 b0ff0000
41471 b0ff8000
41472 b1000000
41473 b1008000
41474 b1010000
41475 b1018000
41476 b1020000
41477 b1028000
41478 b1030000
41479 b1038000
41480 b1040000
41481 b1048000
41482 b1050000
41483 b1058000
41484 b1060000
41485 b1068000
41486 b1070000
41487 b1078000
41488 b1080000
41489 b1088000
41490 b1090000
41491 b1098000
41492 b10a0000
41493 b10a8000
41494 b10b0000
41495 b10b8000
41496 b10c0000
41497 b10c8000
41498 b10d0000
41499 b10d8000
41500 b10e0000
41501 b10e8000
41502 b10f0000
41503 b10f8000
41504 b1100000
41505 b1108000
41506 b1110000
41507 b1118000
41508 b1120000
41509 b1128000
41510 b1130000
41511 b1138000
41512 b1140000
41513 b1148000
41514 b1150000
41515 b1158000
41516 b1160000
41517 b1168000
41518 b1170000
41519 b1178000
41520 b1180000
41521 b1188000
41522 b1190000
41523 b1198000
41524 b11a0000
41525 b11a8000
41526 b11b0000
41527 b11b8000
41528 b11c0000
41529 b11c8000
41530 b11d0000
41531 b11d8000
41532 b11e0000
41533 b11e8000
41534 b11f0000
41535 b11f8000
41536 b1200000
41537 b1208000
41538 b1210000
41539 b1218000
41540 b1220000
41541 b1228000
41542 b1230000
41543 b1238000
41544 b1240000
41545 b1248000
41546 b1250000
41547 b1258000
41548 b1260000
41549 b1268000
41550 b1270000
41551 b1278000
41552 b1280000
41553 b1288000
41554 b1290000
41555 b1298000
41556 b12a0000
41557 b12a8000
41558 b12b0000
41559 b12b8000
41560 b12c0000
41561 b12c8000
41562 b12d0000
41563 b12d8000
41564 b12e0000
41565 b12e8000
41566 b12f0000
41567 b12f8000
41568 b1300000
41569 b1308000
41570 b1310000
41571 b1318000
41572 b1320000
41573 b1328000
41574 b1330000
41575 b1338000
41576 b1340000
41577 b1348000
41578 b1350000
41579 b1358000
41580 b1360000
41581 b1368000
41582 b1370000
41583 b1378000
41584 b1380000
41585 b1388000
41586 b1390000
41587 b1398000
41588 b13a0000
41589 b13a8000
41590 b13b0000
41591 b13b8000
41592 b13c0000
41593 b13c8000
41594 b13d0000
41595 b13d8000
41596 b13e0000
41597 b13e8000
41598 b13f0000
41599 b13f8000
41600 b1400000
41601 b1408000
41602 b1410000
41603 b1418000
41604 b1420000
41605 b1428000
41606 b1430000
41607 b1438000
41608 b1440000
41609 b1448000
41610 b1450000
41611 b1458000
41612 b1460000
41613 b1468000
41614 b1470000
41615 b1478000
41616 b1480000
41617 b1488000
41618 b1490000
41619 b1498000
41620 b14a0000
41621 b14a8000
41622 b14b0000
41623 b14b8000
41624 b14c0000
41625 b14c8000
41626 b14d0000
41627 b14d8000
41628 b14e0000
41629 b14e8000
41630 b14f0000
41631 b14f8000
41632 b1500000
41633 b1508000
41634 b1510000
41635 b1518000
41636 b1520000
41637 b1528000
41638 b1530000
41639 b1538000
41640 b1540000
41641 b1548000
41642 b1550000
41643 b1558000
41644 b1560000
41645 b1568000
41646 b1570000
41647 b1578000
41648 b1580000
41649 b1588000
41650 b1590000
41651 b1598000
41652 b15a0000
41653 b15a8000
41654 b15b0000
41655 b15b8000
41656 b15c0000
41657 b15c8000
41658 b15d0000
41659 b15d8000
41660 b15e0000
41661 b15e8000
41662 b15f0000
41663 b15f8000
41664 b1600000
41665 b1608000
41666 b1610000
41667 b1618000
41668 b1620000
41669 b1628000
41670 b1630000
41671 b1638000
41672 b1640000
41673 b1648000
41674 b1650000
41675 b1658000
41676 b1660000
41677 b1668000
41678 b1670000
41679 b1678000
41680 b1680000
41681 b1688000
41682 b1690000
41683 b1698000
41684 b16a0000
41685 b16a8000
41686 b16b0000
41687 b16b8000
41688 b16c0000
41689 b16c8000
41690 b16d0000
41691 b16d8000
41692 b16e0000
41693 b16e8000
41694 b16f0000
41695 b16f8000
41696 b1700000
41697 b1708000
41698 b1710000
41699 b1718000
41700 b1720000
41701 b1728000
41702 b1730000
41703 b1738000
41704 b1740000
41705 b1748000
41706 b1750000
41707 b1758000
41708 b1760000
41709 b1768000
41710 b1770000
41711 b1778000
41712 b1780000
41713 b1788000
41714 b1790000
41715 b1798000
41716 b17a0000
41717 b17a8000
41718 b17b0000
41719 b17b8000
41720 b17c0000
41721 b17c8000
41722 b17d0000
41723 b17d8000
41724 b17e0000
41725 b17e8000
41726 b17f0000
41727 b17f8000
41728 b1800000
41729 b1808000
41730 b1810000
41731 b1818000
41732 b1820000
41733 b1828000
41734 b1830000
41735 b1838000
41736 b1840000
41737 b1848000
41738 b1850000
41739 b1858000
41740 b1860000
41741 b1868000
41742 b1870000
41743 b1878000
41744 b1880000
41745 b1888000
41746 b1890000
41747 b1898000
41748 b18a0000
41749 b18a8000
41750 b18b0000
41751 b18b8000
41752 b18c0000
41753 b18c8000
41754 b18d0000
41755 b18d8000
41756 b18e0000
41757 b18e8000
41758 b18f0000
41759 b18f8000
41760 b1900000
41761 b1908000
41762 b1910000
41763 b1918000
41764 b1920000
41765 b1928000
41766 b1930000
41767 b1938000
41768 b1940000
41769 b1948000
41770 b1950000
41771 b1958000
41772 b1960000
41773 b1968000
41774 b1970000
41775 b1978000
41776 b1980000
41777 b1988000
41778 b1990000
41779 b1998000
41780 b19a0000
41781 b19a8000
41782 b19b0000
41783 b19b8000
41784 b19c0000
41785 b19c8000
41786 b19d0000
41787 b19d8000
41788 b19e0000
41789 b19e8000
41790 b19f0000
41791 b19f8000
41792 b1a00000
41793 b1a08000
41794 b1a10000
41795 b1a18000
41796 b1a20000
41797 b1a28000
41798 b1a30000
41799 b1a38000
41800 b1a40000
41801 b1a48000
41802 b1a50000
41803 b1a58000
41804 b1a60000
41805 b1a68000
41806 b1a70000
41807 b1a78000
41808 b1a80000
41809 b1a88000
41810 b1a90000
41811 b1a98000
41812 b1aa0000
41813 b1aa8000
41814 b1ab0000
41815 b1ab8000
41816 b1ac0000
41817 b1ac8000
41818 b1ad0000
41819 b1ad8000
41820 b1ae0000
41821 b1ae8000
41822 b1af0000
41823 b1af8000
41824 b1b00000
41825 b1b08000
41826 b1b10000
41827 b1b18000
41828 b1b20000
41829 b1b28000
41830 b1b30000
41831 b1b38000
41832 b1b40000
41833 b1b48000
41834 b1b50000
41835 b1b58000
41836 b1b60000
41837 b1b68000
41838 b1b70000
41839 b1b78000
41840 b1b80000
41841 b1b88000
41842 b1b90000
41843 b1b98000
41844 b1ba0000
41845 b1ba8000
41846 b1bb0000
41847 b1bb8000
41848 b1bc0000
41849 b1bc8000
41850 b1bd0000
41851 b1bd8000
41852 b1be0000
41853 b1be8000
41854 b1bf0000
41855 b1bf8000
41856 b1c00000
41857 b1c08000
41858 b1c10000
41859 b1c18000
41860 b1c20000
41861 b1c28000
41862 b1c30000
41863 b1c38000
41864 b1c40000
41865 b1c48000
41866 b1c50000
41867 b1c58000
41868 b1c60000
41869 b1c68000
41870 b1c70000
41871 b1c78000
41872 b1c80000
41873 b1c88000
41874 b1c90000
41875 b1c98000
41876 b1ca0000
41877 b1ca8000
41878 b1cb0000
41879 b1cb8000
41880 b1cc0000
41881 b1cc8000
41882 b1cd0000
41883 b1cd8000
41884 b1ce0000
41885 b1ce8000
41886 b1cf0000
41887 b1cf8000
41888 b1d00000
41889 b1d08000
41890 b1d10000
41891 b1d18000
41892 b1d20000
41893 b1d28000
41894 b1d30000
41895 b1d38000
41896 b1d40000
41897 b1d48000
41898 b1d50000
41899 b1d58000
41900 b1d60000
41901 b1d68000
41902 b1d70000
41903 b1d78000
41904 b1d80000
41905 b1d88000
41906 b1d90000
41907 b1d98000
41908 b1da0000
41909 b1da8000
41910 b1db0000
41911 b1db8000
41912 b1dc0000
41913 b1dc8000
41914 b1dd0000
41915 b1dd8000
41916 b1de0000
41917 b1de8000
41918 b1df0000
41919 b1df8000
41920 b1e00000
41921 b1e08000
41922 b1e10000
41923 b1e18000
41924 b1e20000
41925 b1e28000
41926 b1e30000
41927 b1e38000
41928 b1e40000
41929 b1e48000
41930 b1e50000
41931 b1e58000
41932 b1e60000
41933 b1e68000
41934 b1e70000
41935 b1e78000
41936 b1e80000
41937 b1e88000
41938 b1e90000
41939 b1e98000
41940 b1ea0000
41941 b1ea8000
41942 b1eb0000
41943 b1eb8000
41944 b1ec0000
41945 b1ec8000
41946 b1ed0000
41947 b1ed8000
41948 b1ee0000
41949 b1ee8000
41950 b1ef0000
41951 b1ef8000
41952 b1f00000
41953 b1f08000
41954 b1f10000
41955 b1f18000
41956 b1f20000
41957 b1f28000
41958 b1f30000
41959 b1f38000
41960 b1f40000
41961 b1f48000
41962 b1f50000
41963 b1f58000
41964 b1f60000
41965 b1f68000
41966 b1f70000
41967 b1f78000
41968 b1f80000
41969 b1f88000
41970 b1f90000
41971 b1f98000
41972 b1fa0000
41973 b1fa8000
41974 b1fb0000
41975 b1fb8000
41976 b1fc0000
41977 b1fc8000
41978 b1fd0000
41979 b1fd8000
41980 b1fe0000
41981 b1fe8000
41982 b1ff0000
41983 b1ff8000
41984 b2000000
41985 b2008000
41986 b2010000
41987 b2018000
41988 b2020000
41989 b2028000
41990 b2030000
41991 b2038000
41992 b2040000
41993 b2048000
41994 b2050000
41995 b2058000
41996 b2060000
41997 b2068000
41998 b2070000
41999 b2078000
42000 b2080000
42001 b2088000
42002 b2090000
42003 b2098000
42004 b20a0000
42005 b20a8000
42006 b20b0000
42007 b20b8000
42008 b20c0000
42009 b20c8000
42010 b20d0000
42011 b20d8000
42012 b20e0000
42013 b20e8000
42014 b20f0000
42015 b20f8000
42016 b2100000
42017 b2108000
42018 b2110000
42019 b2118000
42020 b2120000
42021 b2128000
42022 b2130000
42023 b2138000
42024 b2140000
42025 b2148000
42026 b2150000
42027 b2158000
42028 b2160000
42029 b2168000
42030 b2170000
42031 b2178000
42032 b2180000
42033 b2188000
42034 b2190000
42035 b2198000
42036 b21a0000
42037 b21a8000
42038 b21b0000
42039 b21b8000
42040 b21c0000
42041 b21c8000
42042 b21d0000
42043 b21d8000
42044 b21e0000
42045 b21e8000
42046 b21f0000
42047 b21f8000
42048 b2200000
42049 b2208000
42050 b2210000
42051 b2218000
42052 b2220000
42053 b2228000
42054 b2230000
42055 b2238000
42056 b2240000
42057 b2248000
42058 b2250000
42059 b2258000
42060 b2260000
42061 b2268000
42062 b2270000
42063 b2278000
42064 b2280000
42065 b2288000
42066 b2290000
42067 b2298000
42068 b22a0000
42069 b22a8000
42070 b22b0000
42071 b22b8000
42072 b22c0000
42073 b22c8000
42074 b22d0000
42075 b22d8000
42076 b22e0000
42077 b22e8000
42078 b22f0000
42079 b22f8000
42080 b2300000
42081 b2308000
42082 b2310000
42083 b2318000
42084 b2320000
42085 b2328000
42086 b2330000
42087 b2338000
42088 b2340000
42089 b2348000
42090 b2350000
42091 b2358000
42092 b2360000
42093 b2368000
42094 b2370000
42095 b2378000
42096 b2380000
42097 b2388000
42098 b2390000
42099 b2398000
42100 b23a0000
42101 b23a8000
42102 b23b0000
42103 b23b8000
42104 b23c0000
42105 b23c8000
42106 b23d0000
42107 b23d8000
42108 b23e0000
42109 b23e8000
42110 b23f0000
42111 b23f8000
42112 b2400000
42113 b2408000
42114 b2410000
42115 b2418000
42116 b2420000
42117 b2428000
42118 b2430000
42119 b2438000
42120 b2440000
42121 b2448000
42122 b2450000
42123 b2458000
42124 b2460000
42125 b2468000
42126 b2470000
42127 b2478000
42128 b2480000
42129 b2488000
42130 b2490000
42131 b2498000
42132 b24a0000
42133 b24a8000
42134 b24b0000
42135 b24b8000
42136 b24c0000
42137 b24c8000
42138 b24d0000
42139 b24d8000
42140 b24e0000
42141 b24e8000
42142 b24f0000
42143 b24f8000
42144 b2500000
42145 b2508000
42146 b2510000
42147 b2518000
42148 b2520000
42149 b2528000
42150 b2530000
42151 b2538000
42152 b2540000
42153 b2548000
42154 b2550000
42155 b2558000
42156 b2560000
42157 b2568000
42158 b2570000
42159 b2578000
42160 b2580000
42161 b2588000
42162 b2590000
42163 b2598000
42164 b25a0000
42165 b25a8000
42166 b25b0000
42167 b25b8000
42168 b25c0000
42169 b25c8000
42170 b25d0000
42171 b25d8000
42172 b25e0000
42173 b25e8000
42174 b25f0000
42175 b25f8000
42176 b2600000
42177 b2608000
42178 b2610000
42179 b2618000
42180 b2620000
42181 b2628000
42182 b2630000
42183 b2638000
42184 b2640000
42185 b2648000
42186 b2650000
42187 b2658000
42188 b2660000
42189 b2668000
42190 b2670000
42191 b2678000
42192 b2680000
42193 b2688000
42194 b2690000
42195 b2698000
42196 b26a0000
42197 b26a8000
42198 b26b0000
42199 b26b8000
42200 b26c0000
42201 b26c8000
42202 b26d0000
42203 b26d8000
42204 b26e0000
42205 b26e8000
42206 b26f0000
42207 b26f8000
42208 b2700000
42209 b2708000
42210 b2710000
42211 b2718000
42212 b2720000
42213 b2728000
42214 b2730000
42215 b2738000
42216 b2740000
42217 b2748000
42218 b2750000
42219 b2758000
42220 b2760000
42221 b2768000
42222 b2770000
42223 b2778000
42224 b2780000
42225 b2788000
42226 b2790000
42227 b2798000
42228 b27a0000
42229 b27a8000
42230 b27b0000
42231 b27b8000
42232 b27c0000
42233 b27c8000
42234 b27d0000
42235 b27d8000
42236 b27e0000
42237 b27e8000
42238 b27f0000
42239 b27f8000
42240 b2800000
42241 b2808000
42242 b2810000
42243 b2818000
42244 b2820000
42245 b2828000
42246 b2830000
42247 b2838000
42248 b2840000
42249 b2848000
42250 b2850000
42251 b2858000
42252 b2860000
42253 b2868000
42254 b2870000
42255 b2878000
42256 b2880000
42257 b2888000
42258 b2890000
42259 b2898000
42260 b28a0000
42261 b28a8000
42262 b28b0000
42263 b28b8000
42264 b28c0000
42265 b28c8000
42266 b28d0000
42267 b28d8000
42268 b28e0000
42269 b28e8000
42270 b28f0000
42271 b28f8000
42272 b2900000
42273 b2908000
42274 b2910000
42275 b2918000
42276 b2920000
42277 b2928000
42278 b2930000
42279 b2938000
42280 b2940000
42281 b2948000
42282 b2950000
42283 b2958000
42284 b2960000
42285 b2968000
42286 b2970000
42287 b2978000
42288 b2980000
42289 b2988000
42290 b2990000
42291 b2998000
42292 b29a0000
42293 b29a8000
42294 b29b0000
42295 b29b8000
42296 b29c0000
42297 b29c8000
42298 b29d0000
42299 b29d8000
42300 b29e0000
42301 b29e8000
42302 b29f0000
42303 b29f8000
42304 b2a00000
42305 b2a08000
42306 b2a10000
42307 b2a18000
42308 b2a20000
42309 b2a28000
42310 b2a30000
42311 b2a38000
42312 b2a40000
42313 b2a48000
42314 b2a50000
42315 b2a58000
42316 b2a60000
42317 b2a68000
42318 b2a70000
42319 b2a78000
42320 b2a80000
42321 b2a88000
42322 b2a90000
42323 b2a98000
42324 b2aa0000
42325 b2aa8000
42326 b2ab0000
42327 b2ab8000
42328 b2ac0000
42329 b2ac8000
42330 b2ad0000
42331 b2ad8000
42332 b2ae0000
42333 b2ae8000
42334 b2af0000
42335 b2af8000
42336 b2b00000
42337 b2b08000
42338 b2b10000
42339 b2b18000
42340 b2b20000
42341 b2b28000
42342 b2b30000
42343 b2b38000
42344 b2b40000
42345 b2b48000
42346 b2b50000
42347 b2b58000
42348 b2b60000
42349 b2b68000
42350 b2b70000
42351 b2b78000
42352 b2b80000
42353 b2b88000
42354 b2b90000
42355 b2b98000
42356 b2ba0000
42357 b2ba8000
42358 b2bb0000
42359 b2bb8000
42360 b2bc0000
42361 b2bc8000
42362 b2bd0000
42363 b2bd8000
42364 b2be0000
42365 b2be8000
42366 b2bf0000
42367 b2bf8000
42368 b2c00000
42369 b2c08000
42370 b2c10000
42371 b2c18000
42372 b2c20000
42373 b2c28000
42374 b2c30000
42375 b2c38000
42376 b2c40000
42377 b2c48000
42378 b2c50000
42379 b2c58000
42380 b2c60000
42381 b2c68000
42382 b2c70000
42383 b2c78000
42384 b2c80000
42385 b2c88000
42386 b2c90000
42387 b2c98000
42388 b2ca0000
42389 b2ca8000
42390 b2cb0000
42391 b2cb8000
42392 b2cc0000
42393 b2cc8000
42394 b2cd0000
42395 b2cd8000
42396 b2ce0000
42397 b2ce8000
42398 b2cf0000
42399 b2cf8000
42400 b2d00000
42401 b2d08000
42402 b2d10000
42403 b2d18000
42404 b2d20000
42405 b2d28000
42406 b2d30000
42407 b2d38000
42408 b2d40000
42409 b2d48000
42410 b2d50000
42411 b2d58000
42412 b2d60000
42413 b2d68000
42414 b2d70000
42415 b2d78000
42416 b2d80000
42417 b2d88000
42418 b2d90000
42419 b2d98000
42420 b2da0000
42421 b2da8000
42422 b2db0000
42423 b2db8000
42424 b2dc0000
42425 b2dc8000
42426 b2dd0000
42427 b2dd8000
42428 b2de0000
42429 b2de8000
42430 b2df0000
42431 b2df8000
42432 b2e00000
42433 b2e08000
42434 b2e10000
42435 b2e18000
42436 b2e20000
42437 b2e28000
42438 b2e30000
42439 b2e38000
42440 b2e40000
42441 b2e48000
42442 b2e50000
42443 b2e58000
42444 b2e60000
42445 b2e68000
42446 b2e70000
42447 b2e78000
42448 b2e80000
42449 b2e88000
42450 b2e90000
42451 b2e98000
42452 b2ea0000
42453 b2ea8000
42454 b2eb0000
42455 b2eb8000
42456 b2ec0000
42457 b2ec8000
42458 b2ed0000
42459 b2ed8000
42460 b2ee0000
42461 b2ee8000
42462 b2ef0000
42463 b2ef8000
42464 b2f00000
42465 b2f08000
42466 b2f10000
42467 b2f18000
42468 b2f20000
42469 b2f28000
42470 b2f30000
42471 b2f38000
42472 b2f40000
42473 b2f48000
42474 b2f50000
42475 b2f58000
42476 b2f60000
42477 b2f68000
42478 b2f70000
42479 b2f78000
42480 b2f80000
42481 b2f88000
42482 b2f90000
42483 b2f98000
42484 b2fa0000
42485 b2fa8000
42486 b2fb0000
42487 b2fb8000
42488 b2fc0000
42489 b2fc8000
42490 b2fd0000
42491 b2fd8000
42492 b2fe0000
42493 b2fe8000
42494 b2ff0000
42495 b2ff8000
42496 b3000000
42497 b3008000
42498 b3010000
42499 b3018000
42500 b3020000
42501 b3028000
42502 b3030000
42503 b3038000
42504 b3040000
42505 b3048000
42506 b3050000
42507 b3058000
42508 b3060000
42509 b3068000
42510 b3070000
42511 b3078000
42512 b3080000
42513 b3088000
42514 b3090000
42515 b3098000
42516 b30a0000
42517 b30a8000
42518 b30b0000
42519 b30b8000
42520 b30c0000
42521 b30c8000
42522 b30d0000
42523 b30d8000
42524 b30e0000
42525 b30e8000
42526 b30f0000
42527 b30f8000
42528 b3100000
42529 b3108000
42530 b3110000
42531 b3118000
42532 b3120000
42533 b3128000
42534 b3130000
42535 b3138000
42536 b3140000
42537 b3148000
42538 b3150000
42539 b3158000
42540 b3160000
42541 b3168000
42542 b3170000
42543 b3178000
42544 b3180000
42545 b3188000
42546 b3190000
42547 b3198000
42548 b31a0000
42549 b31a8000
42550 b31b0000
42551 b31b8000
42552 b31c0000
42553 b31c8000
42554 b31d0000
42555 b31d8000
42556 b31e0000
42557 b31e8000
42558 b31f0000
42559 b31f8000
42560 b3200000
42561 b3208000
42562 b3210000
42563 b3218000
42564 b3220000
42565 b3228000
42566 b3230000
42567 b3238000
42568 b3240000
42569 b3248000
42570 b3250000
42571 b3258000
42572 b3260000
42573 b3268000
42574 b3270000
42575 b3278000
42576 b3280000
42577 b3288000
42578 b3290000
42579 b3298000
42580 b32a0000
42581 b32a8000
42582 b32b0000
42583 b32b8000
42584 b32c0000
42585 b32c8000
42586 b32d0000
42587 b32d8000
42588 b32e0000
42589 b32e8000
42590 b32f0000
42591 b32f8000
42592 b3300000
42593 b3308000
42594 b3310000
42595 b3318000
42596 b3320000
42597 b3328000
42598 b3330000
42599 b3338000
42600 b3340000
42601 b3348000
42602 b3350000
42603 b3358000
42604 b3360000
42605 b3368000
42606 b3370000
42607 b3378000
42608 b3380000
42609 b3388000
42610 b3390000
42611 b3398000
42612 b33a0000
42613 b33a8000
42614 b33b0000
42615 b33b8000
42616 b33c0000
42617 b33c8000
42618 b33d0000
42619 b33d8000
42620 b33e0000
42621 b33e8000
42622 b33f0000
42623 b33f8000
42624 b3400000
42625 b3408000
42626 b3410000
42627 b3418000
42628 b3420000
42629 b3428000
42630 b3430000
42631 b3438000
42632 b3440000
42633 b3448000
42634 b3450000
42635 b3458000
42636 b3460000
42637 b3468000
42638 b3470000
42639 b3478000
42640 b3480000
42641 b3488000
42642 b3490000
42643 b3498000
42644 b34a0000
42645 b34a8000
42646 b34b0000
42647 b34b8000
42648 b34c0000
42649 b34c8000
42650 b34d0000
42651 b34d8000
42652 b34e0000
42653 b34e8000
42654 b34f0000
42655 b34f8000
42656 b3500000
42657 b3508000
42658 b3510000
42659 b3518000
42660 b3520000
42661 b3528000
42662 b3530000
42663 b3538000
42664 b3540000
42665 b3548000
42666 b3550000
42667 b3558000
42668 b3560000
42669 b3568000
42670 b3570000
42671 b3578000
42672 b3580000
42673 b3588000
42674 b3590000
42675 b3598000
42676 b35a0000
42677 b35a8000
42678 b35b0000
42679 b35b8000
42680 b35c0000
42681 b35c8000
42682 b35d0000
42683 b35d8000
42684 b35e0000
42685 b35e8000
42686 b35f0000
42687 b35f8000
42688 b3600000
42689 b3608000
42690 b3610000
42691 b3618000
42692 b3620000
42693 b3628000
42694 b3630000
42695 b3638000
42696 b3640000
42697 b3648000
42698 b3650000
42699 b3658000
42700 b3660000
42701 b3668000
42702 b3670000
42703 b3678000
42704 b3680000
42705 b3688000
42706 b3690000
42707 b3698000
42708 b36a0000
42709 b36a8000
42710 b36b0000
42711 b36b8000
42712 b36c0000
42713 b36c8000
42714 b36d0000
42715 b36d8000
42716 b36e0000
42717 b36e8000
42718 b36f0000
42719 b36f8000
42720 b3700000
42721 b3708000
42722 b3710000
42723 b3718000
42724 b3720000
42725 b3728000
42726 b3730000
42727 b3738000
42728 b3740000
42729 b3748000
42730 b3750000
42731 b3758000
42732 b3760000
42733 b3768000
42734 b3770000
42735 b3778000
42736 b3780000
42737 b3788000
42738 b3790000
42739 b3798000
42740 b37a0000
42741 b37a8000
42742 b37b0000
42743 b37b8000
42744 b37c0000
42745 b37c8000
42746 b37d0000
42747 b37d8000
42748 b37e0000
42749 b37e8000
42750 b37f0000
42751 b37f8000
42752 b3800000
42753 b3808000
42754 b3810000
42755 b3818000
42756 b3820000
42757 b3828000
42758 b3830000
42759 b3838000
42760 b3840000
42761 b3848000
42762 b3850000
42763 b3858000
42764 b3860000
42765 b3868000
42766 b3870000
42767 b3878000
42768 b3880000
42769 b3888000
42770 b3890000
42771 b3898000
42772 b38a0000
42773 b38a8000
42774 b38b0000
42775 b38b8000
42776 b38c0000
42777 b38c8000
42778 b38d0000
42779 b38d8000
42780 b38e0000
42781 b38e8000
42782 b38f0000
42783 b38f8000
42784 b3900000
42785 b3908000
42786 b3910000
42787 b3918000
42788 b3920000
42789 b3928000
42790 b3930000
42791 b3938000
42792 b3940000
42793 b3948000
42794 b3950000
42795 b3958000
42796 b3960000
42797 b3968000
42798 b3970000
42799 b3978000
42800 b3980000
42801 b3988000
42802 b3990000
42803 b3998000
42804 b39a0000
42805 b39a8000
42806 b39b0000
42807 b39b8000
42808 b39c0000
42809 b39c8000
42810 b39d0000
42811 b39d8000
42812 b39e0000
42813 b39e8000
42814 b39f0000
42815 b39f8000
42816 b3a00000
42817 b3a08000
42818 b3a10000
42819 b3a18000
42820 b3a20000
42821 b3a28000
42822 b3a30000
42823 b3a38000
42824 b3a40000
42825 b3a48000
42826 b3a50000
42827 b3a58000
42828 b3a60000
42829 b3a68000
42830 b3a70000
42831 b3a78000
42832 b3a80000
42833 b3a88000
42834 b3a90000
42835 b3a98000
42836 b3aa0000
42837 b3aa8000
42838 b3ab0000
42839 b3ab8000
42840 b3ac0000
42841 b3ac8000
42842 b3ad0000
42843 b3ad8000
42844 b3ae0000
42845 b3ae8000
42846 b3af0000
42847 b3af8000
42848 b3b00000
42849 b3b08000
42850 b3b10000
42851 b3b18000
42852 b3b20000
42853 b3b28000
42854 b3b30000
42855 b3b38000
42856 b3b40000
42857 b3b48000
42858 b3b50000
42859 b3b58000
42860 b3b60000
42861 b3b68000
42862 b3b70000
42863 b3b78000
42864 b3b80000
42865 b3b88000
42866 b3b90000
42867 b3b98000
42868 b3ba0000
42869 b3ba8000
42870 b3bb0000
42871 b3bb8000
42872 b3bc0000
42873 b3bc8000
42874 b3bd0000
42875 b3bd8000
42876 b3be0000
42877 b3be8000
42878 b3bf0000
42879 b3bf8000
42880 b3c00000
42881 b3c08000
42882 b3c10000
42883 b3c18000
42884 b3c20000
42885 b3c28000
42886 b3c30000
42887 b3c38000
42888 b3c40000
42889 b3c48000
42890 b3c50000
42891 b3c58000
42892 b3c60000
42893 b3c68000
42894 b3c70000
42895 b3c78000
42896 b3c80000
42897 b3c88000
42898 b3c90000
42899 b3c98000
42900 b3ca0000
42901 b3ca8000
42902 b3cb0000
42903 b3cb8000
42904 b3cc0000
42905 b3cc8000
42906 b3cd0000
42907 b3cd8000
42908 b3ce0000
42909 b3ce8000
42910 b3cf0000
42911 b3cf8000
42912 b3d00000
42913 b3d08000
42914 b3d10000
42915 b3d18000
42916 b3d20000
42917 b3d28000
42918 b3d30000
42919 b3d38000
42920 b3d40000
42921 b3d48000
42922 b3d50000
42923 b3d58000
42924 b3d60000
42925 b3d68000
42926 b3d70000
42927 b3d78000
42928 b3d80000
42929 b3d88000
42930 b3d90000
42931 b3d98000
42932 b3da0000
42933 b3da8000
42934 b3db0000
42935 b3db8000
42936 b3dc0000
42937 b3dc8000
42938 b3dd0000
42939 b3dd8000
42940 b3de0000
42941 b3de8000
42942 b3df0000
42943 b3df8000
42944 b3e00000
42945 b3e08000
42946 b3e10000
42947 b3e18000
42948 b3e20000
42949 b3e28000
42950 b3e30000
42951 b3e38000
42952 b3e40000
42953 b3e48000
42954 b3e50000
42955 b3e58000
42956 b3e60000
42957 b3e68000
42958 b3e70000
42959 b3e78000
42960 b3e80000
42961 b3e88000
42962 b3e90000
42963 b3e98000
42964 b3ea0000
42965 b3ea8000
42966 b3eb0000
42967 b3eb8000
42968 b3ec0000
42969 b3ec8000
42970 b3ed0000
42971 b3ed8000
42972 b3ee0000
42973 b3ee8000
42974 b3ef0000
42975 b3ef8000
42976 b3f00000
42977 b3f08000
42978 b3f10000
42979 b3f18000
42980 b3f20000
42981 b3f28000
42982 b3f30000
42983 b3f38000
42984 b3f40000
42985 b3f48000
42986 b3f50000
42987 b3f58000
42988 b3f60000
42989 b3f68000
42990 b3f70000
42991 b3f78000
42992 b3f80000
42993 b3f88000
42994 b3f90000
42995 b3f98000
42996 b3fa0000
42997 b3fa8000
42998 b3fb0000
42999 b3fb8000
43000 b3fc0000
43001 b3fc8000
43002 b3fd0000
43003 b3fd8000
43004 b3fe0000
43005 b3fe8000
43006 b3ff0000
43007 b3ff8000
43008 b4000000
43009 b4008000
43010 b4010000
43011 b4018000
43012 b4020000
43013 b4028000
43014 b4030000
43015 b4038000
43016 b4040000
43017 b4048000
43018 b4050000
43019 b4058000
43020 b4060000
43021 b4068000
43022 b4070000
43023 b4078000
43024 b4080000
43025 b4088000
43026 b4090000
43027 b4098000
43028 b40a0000
43029 b40a8000
43030 b40b0000
43031 b40b8000
43032 b40c0000
43033 b40c8000
43034 b40d0000
43035 b40d8000
43036 b40e0000
43037 b40e8000
43038 b40f0000
43039 b40f8000
43040 b4100000
43041 b4108000
43042 b4110000
43043 b4118000
43044 b4120000
43045 b4128000
43046 b4130000
43047 b4138000
43048 b4140000
43049 b4148000
43050 b4150000
43051 b4158000
43052 b4160000
43053 b4168000
43054 b4170000
43055 b4178000
43056 b4180000
43057 b4188000
43058 b4190000
43059 b4198000
43060 b41a0000
43061 b41a8000
43062 b41b0000
43063 b41b8000
43064 b41c0000
43065 b41c8000
43066 b41d0000
43067 b41d8000
43068 b41e0000
43069 b41e8000
43070 b41f0000
43071 b41f8000
43072 b4200000
43073 b4208000
43074 b4210000
43075 b4218000
43076 b4220000
43077 b4228000
43078 b4230000
43079 b4238000
43080 b4240000
43081 b4248000
43082 b4250000
43083 b4258000
43084 b4260000
43085 b4268000
43086 b4270000
43087 b4278000
43088 b4280000
43089 b4288000
43090 b4290000
43091 b4298000
43092 b42a0000
43093 b42a8000
43094 b42b0000
43095 b42b8000
43096 b42c0000
43097 b42c8000
43098 b42d0000
43099 b42d8000
43100 b42e0000
43101 b42e8000
43102 b42f0000
43103 b42f8000
43104 b4300000
43105 b4308000
43106 b4310000
43107 b4318000
43108 b4320000
43109 b4328000
43110 b4330000
43111 b4338000
43112 b4340000
43113 b4348000
43114 b4350000
43115 b4358000
43116 b4360000
43117 b4368000
43118 b4370000
43119 b4378000
43120 b4380000
43121 b4388000
43122 b4390000
43123 b4398000
43124 b43a0000
43125 b43a8000
43126 b43b0000
43127 b43b8000
43128 b43c0000
43129 b43c8000
43130 b43d0000
43131 b43d8000
43132 b43e0000
43133 b43e8000
43134 b43f0000
43135 b43f8000
43136 b4400000
43137 b4408000
43138 b4410000
43139 b4418000
43140 b4420000
43141 b4428000
43142 b4430000
43143 b4438000
43144 b4440000
43145 b4448000
43146 b4450000
43147 b4458000
43148 b4460000
43149 b4468000
43150 b4470000
43151 b4478000
43152 b4480000
43153 b4488000
43154 b4490000
43155 b4498000
43156 b44a0000
43157 b44a8000
43158 b44b0000
43159 b44b8000
43160 b44c0000
43161 b44c8000
43162 b44d0000
43163 b44d8000
43164 b44e0000
43165 b44e8000
43166 b44f0000
43167 b44f8000
43168 b4500000
43169 b4508000
43170 b4510000
43171 b4518000
43172 b4520000
43173 b4528000
43174 b4530000
43175 b4538000
43176 b4540000
43177 b4548000
43178 b4550000
43179 b4558000
43180 b4560000
43181 b4568000
43182 b4570000
43183 b4578000
43184 b4580000
43185 b4588000
43186 b4590000
43187 b4598000
43188 b45a0000
43189 b45a8000
43190 b45b0000
43191 b45b8000
43192 b45c0000
43193 b45c8000
43194 b45d0000
43195 b45d8000
43196 b45e0000
43197 b45e8000
43198 b45f0000
43199 b45f8000
43200 b4600000
43201 b4608000
43202 b4610000
43203 b4618000
43204 b4620000
43205 b4628000
43206 b4630000
43207 b4638000
43208 b4640000
43209 b4648000
43210 b4650000
43211 b4658000
43212 b4660000
43213 b4668000
43214 b4670000
43215 b4678000
43216 b4680000
43217 b4688000
43218 b4690000
43219 b4698000
43220 b46a0000
43221 b46a8000
43222 b46b0000
43223 b46b8000
43224 b46c0000
43225 b46c8000
43226 b46d0000
43227 b46d8000
43228 b46e0000
43229 b46e8000
43230 b46f0000
43231 b46f8000
43232 b4700000
43233 b4708000
43234 b4710000
43235 b4718000
43236 b4720000
43237 b4728000
43238 b4730000
43239 b4738000
43240 b4740000
43241 b4748000
43242 b4750000
43243 b4758000
43244 b4760000
43245 b4768000
43246 b4770000
43247 b4778000
43248 b4780000
43249 b4788000
43250 b4790000
43251 b4798000
43252 b47a0000
43253 b47a8000
43254 b47b0000
43255 b47b8000
43256 b47c0000
43257 b47c8000
43258 b47d0000
43259 b47d8000
43260 b47e0000
43261 b47e8000
43262 b47f0000
43263 b47f8000
43264 b4800000
43265 b4808000
43266 b4810000
43267 b4818000
43268 b4820000
43269 b4828000
43270 b4830000
43271 b4838000
43272 b4840000
43273 b4848000
43274 b4850000
43275 b4858000
43276 b4860000
43277 b4868000
43278 b4870000
43279 b4878000
43280 b4880000
43281 b4888000
43282 b4890000
43283 b4898000
43284 b48a0000
43285 b48a8000
43286 b48b0000
43287 b48b8000
43288 b48c0000
43289 b48c8000
43290 b48d0000
43291 b48d8000
43292 b48e0000
43293 b48e8000
43294 b48f0000
43295 b48f8000
43296 b4900000
43297 b4908000
43298 b4910000
43299 b4918000
43300 b4920000
43301 b4928000
43302 b4930000
43303 b4938000
43304 b4940000
43305 b4948000
43306 b4950000
43307 b4958000
43308 b4960000
43309 b4968000
43310 b4970000
43311 b4978000
43312 b4980000
43313 b4988000
43314 b4990000
43315 b4998000
43316 b49a0000
43317 b49a8000
43318 b49b0000
43319 b49b8000
43320 b49c0000
43321 b49c8000
43322 b49d0000
43323 b49d8000
43324 b49e0000
43325 b49e8000
43326 b49f0000
43327 b49f8000
43328 b4a00000
43329 b4a08000
43330 b4a10000
43331 b4a18000
43332 b4a20000
43333 b4a28000
43334 b4a30000
43335 b4a38000
43336 b4a40000
43337 b4a48000
43338 b4a50000
43339 b4a58000
43340 b4a60000
43341 b4a68000
43342 b4a70000
43343 b4a78000
43344 b4a80000
43345 b4a88000
43346 b4a90000
43347 b4a98000
43348 b4aa0000
43349 b4aa8000
43350 b4ab0000
43351 b4ab8000
43352 b4ac0000
43353 b4ac8000
43354 b4ad0000
43355 b4ad8000
43356 b4ae0000
43357 b4ae8000
43358 b4af0000
43359 b4af8000
43360 b4b00000
43361 b4b08000
43362 b4b10000
43363 b4b18000
43364 b4b20000
43365 b4b28000
43366 b4b30000
43367 b4b38000
43368 b4b40000
43369 b4b48000
43370 b4b50000
43371 b4b58000
43372 b4b60000
43373 b4b68000
43374 b4b70000
43375 b4b78000
43376 b4b80000
43377 b4b88000
43378 b4b90000
43379 b4b98000
43380 b4ba0000
43381 b4ba8000
43382 b4bb0000
43383 b4bb8000
43384 b4bc0000
43385 b4bc8000
43386 b4bd0000
43387 b4bd8000
43388 b4be0000
43389 b4be8000
43390 b4bf0000
43391 b4bf8000
43392 b4c00000
43393 b4c08000
43394 b4c10000
43395 b4c18000
43396 b4c20000
43397 b4c28000
43398 b4c30000
43399 b4c38000
43400 b4c40000
43401 b4c48000
43402 b4c50000
43403 b4c58000
43404 b4c60000
43405 b4c68000
43406 b4c70000
43407 b4c78000
43408 b4c80000
43409 b4c88000
43410 b4c90000
43411 b4c98000
43412 b4ca0000
43413 b4ca8000
43414 b4cb0000
43415 b4cb8000
43416 b4cc0000
43417 b4cc8000
43418 b4cd0000
43419 b4cd8000
43420 b4ce0000
43421 b4ce8000
43422 b4cf0000
43423 b4cf8000
43424 b4d00000
43425 b4d08000
43426 b4d10000
43427 b4d18000
43428 b4d20000
43429 b4d28000
43430 b4d30000
43431 b4d38000
43432 b4d40000
43433 b4d48000
43434 b4d50000
43435 b4d58000
43436 b4d60000
43437 b4d68000
43438 b4d70000
43439 b4d78000
43440 b4d80000
43441 b4d88000
43442 b4d90000
43443 b4d98000
43444 b4da0000
43445 b4da8000
43446 b4db0000
43447 b4db8000
43448 b4dc0000
43449 b4dc8000
43450 b4dd0000
43451 b4dd8000
43452 b4de0000
43453 b4de8000
43454 b4df0000
43455 b4df8000
43456 b4e00000
43457 b4e08000
43458 b4e10000
43459 b4e18000
43460 b4e20000
43461 b4e28000
43462 b4e30000
43463 b4e38000
43464 b4e40000
43465 b4e48000
43466 b4e50000
43467 b4e58000
43468 b4e60000
43469 b4e68000
43470 b4e70000
43471 b4e78000
43472 b4e80000
43473 b4e88000
43474 b4e90000
43475 b4e98000
43476 b4ea0000
43477 b4ea8000
43478 b4eb0000
43479 b4eb8000
43480 b4ec0000
43481 b4ec8000
43482 b4ed0000
43483 b4ed8000
43484 b4ee0000
43485 b4ee8000
43486 b4ef0000
43487 b4ef8000
43488 b4f00000
43489 b4f08000
43490 b4f10000
43491 b4f18000
43492 b4f20000
43493 b4f28000
43494 b4f30000
43495 b4f38000
43496 b4f40000
43497 b4f48000
43498 b4f50000
43499 b4f58000
43500 b4f60000
43501 b4f68000
43502 b4f70000
43503 b4f78000
43504 b4f80000
43505 b4f88000
43506 b4f90000
43507 b4f98000
43508 b4fa0000
43509 b4fa8000
43510 b4fb0000
43511 b4fb8000
43512 b4fc0000
43513 b4fc8000
43514 b4fd0000
43515 b4fd8000
43516 b4fe0000
43517 b4fe8000
43518 b4ff0000
43519 b4ff8000
43520 b5000000
43521 b5008000
43522 b5010000
43523 b5018000
43524 b5020000
43525 b5028000
43526 b5030000
43527 b5038000
43528 b5040000
43529 b5048000
43530 b5050000
43531 b5058000
43532 b5060000
43533 b5068000
43534 b5070000
43535 b5078000
43536 b5080000
43537 b5088000
43538 b5090000
43539 b5098000
43540 b50a0000
43541 b50a8000
43542 b50b0000
43543 b50b8000
43544 b50c0000
43545 b50c8000
43546 b50d0000
43547 b50d8000
43548 b50e0000
43549 b50e8000
43550 b50f0000
43551 b50f8000
43552 b5100000
43553 b5108000
43554 b5110000
43555 b5118000
43556 b5120000
43557 b5128000
43558 b5130000
43559 b5138000
43560 b5140000
43561 b5148000
43562 b5150000
43563 b5158000
43564 b5160000
43565 b5168000
43566 b5170000
43567 b5178000
43568 b5180000
43569 b5188000
43570 b5190000
43571 b5198000
43572 b51a0000
43573 b51a8000
43574 b51b0000
43575 b51b8000
43576 b51c0000
43577 b51c8000
43578 b51d0000
43579 b51d8000
43580 b51e0000
43581 b51e8000
43582 b51f0000
43583 b51f8000
43584 b5200000
43585 b5208000
43586 b5210000
43587 b5218000
43588 b5220000
43589 b5228000
43590 b5230000
43591 b5238000
43592 b5240000
43593 b5248000
43594 b5250000
43595 b5258000
43596 b5260000
43597 b5268000
43598 b5270000
43599 b5278000
43600 b5280000
43601 b5288000
43602 b5290000
43603 b5298000
43604 b52a0000
43605 b52a8000
43606 b52b0000
43607 b52b8000
43608 b52c0000
43609 b52c8000
43610 b52d0000
43611 b52d8000
43612 b52e0000
43613 b52e8000
43614 b52f0000
43615 b52f8000
43616 b5300000
43617 b5308000
43618 b5310000
43619 b5318000
43620 b5320000
43621 b5328000
43622 b5330000
43623 b5338000
43624 b5340000
43625 b5348000
43626 b5350000
43627 b5358000
43628 b5360000
43629 b5368000
43630 b5370000
43631 b5378000
43632 b5380000
43633 b5388000
43634 b5390000
43635 b5398000
43636 b53a0000
43637 b53a8000
43638 b53b0000
43639 b53b8000
43640 b53c0000
43641 b53c8000
43642 b53d0000
43643 b53d8000
43644 b53e0000
43645 b53e8000
43646 b53f0000
43647 b53f8000
43648 b5400000
43649 b5408000
43650 b5410000
43651 b5418000
43652 b5420000
43653 b5428000
43654 b5430000
43655 b5438000
43656 b5440000
43657 b5448000
43658 b5450000
43659 b5458000
43660 b5460000
43661 b5468000
43662 b5470000
43663 b5478000
43664 b5480000
43665 b5488000
43666 b5490000
43667 b5498000
43668 b54a0000
43669 b54a8000
43670 b54b0000
43671 b54b8000
43672 b54c0000
43673 b54c8000
43674 b54d0000
43675 b54d8000
43676 b54e0000
43677 b54e8000
43678 b54f0000
43679 b54f8000
43680 b5500000
43681 b5508000
43682 b5510000
43683 b5518000
43684 b5520000
43685 b5528000
43686 b5530000
43687 b5538000
43688 b5540000
43689 b5548000
43690 b5550000
43691 b5558000
43692 b5560000
43693 b5568000
43694 b5570000
43695 b5578000
43696 b5580000
43697 b5588000
43698 b5590000
43699 b5598000
43700 b55a0000
43701 b55a8000
43702 b55b0000
43703 b55b8000
43704 b55c0000
43705 b55c8000
43706 b55d0000
43707 b55d8000
43708 b55e0000
43709 b55e8000
43710 b55f0000
43711 b55f8000
43712 b5600000
43713 b5608000
43714 b5610000
43715 b5618000
43716 b5620000
43717 b5628000
43718 b5630000
43719 b5638000
43720 b5640000
43721 b5648000
43722 b5650000
43723 b5658000
43724 b5660000
43725 b5668000
43726 b5670000
43727 b5678000
43728 b5680000
43729 b5688000
43730 b5690000
43731 b5698000
43732 b56a0000
43733 b56a8000
43734 b56b0000
43735 b56b8000
43736 b56c0000
43737 b56c8000
43738 b56d0000
43739 b56d8000
43740 b56e0000
43741 b56e8000
43742 b56f0000
43743 b56f8000
43744 b5700000
43745 b5708000
43746 b5710000
43747 b5718000
43748 b5720000
43749 b5728000
43750 b5730000
43751 b5738000
43752 b5740000
43753 b5748000
43754 b5750000
43755 b5758000
43756 b5760000
43757 b5768000
43758 b5770000
43759 b5778000
43760 b5780000
43761 b5788000
43762 b5790000
43763 b5798000
43764 b57a0000
43765 b57a8000
43766 b57b0000
43767 b57b8000
43768 b57c0000
43769 b57c8000
43770 b57d0000
43771 b57d8000
43772 b57e0000
43773 b57e8000
43774 b57f0000
43775 b57f8000
43776 b5800000
43777 b5808000
43778 b5810000
43779 b5818000
43780 b5820000
43781 b5828000
43782 b5830000
43783 b5838000
43784 b5840000
43785 b5848000
43786 b5850000
43787 b5858000
43788 b5860000
43789 b5868000
43790 b5870000
43791 b5878000
43792 b5880000
43793 b5888000
43794 b5890000
43795 b5898000
43796 b58a0000
43797 b58a8000
43798 b58b0000
43799 b58b8000
43800 b58c0000
43801 b58c8000
43802 b58d0000
43803 b58d8000
43804 b58e0000
43805 b58e8000
43806 b58f0000
43807 b58f8000
43808 b5900000
43809 b5908000
43810 b5910000
43811 b5918000
43812 b5920000
43813 b5928000
43814 b5930000
43815 b5938000
43816 b5940000
43817 b5948000
43818 b5950000
43819 b5958000
43820 b5960000
43821 b5968000
43822 b5970000
43823 b5978000
43824 b5980000
43825 b5988000
43826 b5990000
43827 b5998000
43828 b59a0000
43829 b59a8000
43830 b59b0000
43831 b59b8000
43832 b59c0000
43833 b59c8000
43834 b59d0000
43835 b59d8000
43836 b59e0000
43837 b59e8000
43838 b59f0000
43839 b59f8000
43840 b5a00000
43841 b5a08000
43842 b5a10000
43843 b5a18000
43844 b5a20000
43845 b5a28000
43846 b5a30000
43847 b5a38000
43848 b5a40000
43849 b5a48000
43850 b5a50000
43851 b5a58000
43852 b5a60000
43853 b5a68000
43854 b5a70000
43855 b5a78000
43856 b5a80000
43857 b5a88000
43858 b5a90000
43859 b5a98000
43860 b5aa0000
43861 b5aa8000
43862 b5ab0000
43863 b5ab8000
43864 b5ac0000
43865 b5ac8000
43866 b5ad0000
43867 b5ad8000
43868 b5ae0000
43869 b5ae8000
43870 b5af0000
43871 b5af8000
43872 b5b00000
43873 b5b08000
43874 b5b10000
43875 b5b18000
43876 b5b20000
43877 b5b28000
43878 b5b30000
43879 b5b38000
43880 b5b40000
43881 b5b48000
43882 b5b50000
43883 b5b58000
43884 b5b60000
43885 b5b68000
43886 b5b70000
43887 b5b78000
43888 b5b80000
43889 b5b88000
43890 b5b90000
43891 b5b98000
43892 b5ba0000
43893 b5ba8000
43894 b5bb0000
43895 b5bb8000
43896 b5bc0000
43897 b5bc8000
43898 b5bd0000
43899 b5bd8000
43900 b5be0000
43901 b5be8000
43902 b5bf0000
43903 b5bf8000
43904 b5c00000
43905 b5c08000
43906 b5c10000
43907 b5c18000
43908 b5c20000
43909 b5c28000
43910 b5c30000
43911 b5c38000
43912 b5c40000
43913 b5c48000
43914 b5c50000
43915 b5c58000
43916 b5c60000
43917 b5c68000
43918 b5c70000
43919 b5c78000
43920 b5c80000
43921 b5c88000
43922 b5c90000
43923 b5c98000
43924 b5ca0000
43925 b5ca8000
43926 b5cb0000
43927 b5cb8000
43928 b5cc0000
43929 b5cc8000
43930 b5cd0000
43931 b5cd8000
43932 b5ce0000
43933 b5ce8000
43934 b5cf0000
43935 b5cf8000
43936 b5d00000
43937 b5d08000
43938 b5d10000
43939 b5d18000
43940 b5d20000
43941 b5d28000
43942 b5d30000
43943 b5d38000
43944 b5d40000
43945 b5d48000
43946 b5d50000
43947 b5d58000
43948 b5d60000
43949 b5d68000
43950 b5d70000
43951 b5d78000
43952 b5d80000
43953 b5d88000
43954 b5d90000
43955 b5d98000
43956 b5da0000
43957 b5da8000
43958 b5db0000
43959 b5db8000
43960 b5dc0000
43961 b5dc8000
43962 b5dd0000
43963 b5dd8000
43964 b5de0000
43965 b5de8000
43966 b5df0000
43967 b5df8000
43968 b5e00000
43969 b5e08000
43970 b5e10000
43971 b5e18000
43972 b5e20000
43973 b5e28000
43974 b5e30000
43975 b5e38000
43976 b5e40000
43977 b5e48000
43978 b5e50000
43979 b5e58000
43980 b5e60000
43981 b5e68000
43982 b5e70000
43983 b5e78000
43984 b5e80000
43985 b5e88000
43986 b5e90000
43987 b5e98000
43988 b5ea0000
43989 b5ea8000
43990 b5eb0000
43991 b5eb8000
43992 b5ec0000
43993 b5ec8000
43994 b5ed0000
43995 b5ed8000
43996 b5ee0000
43997 b5ee8000
43998 b5ef0000
43999 b5ef8000
44000 b5f00000
44001 b5f08000
44002 b5f10000
44003 b5f18000
44004 b5f20000
44005 b5f28000
44006 b5f30000
44007 b5f38000
44008 b5f40000
44009 b5f48000
44010 b5f50000
44011 b5f58000
44012 b5f60000
44013 b5f68000
44014 b5f70000
44015 b5f78000
44016 b5f80000
44017 b5f88000
44018 b5f90000
44019 b5f98000
44020 b5fa0000
44021 b5fa8000
44022 b5fb0000
44023 b5fb8000
44024 b5fc0000
44025 b5fc8000
44026 b5fd0000
44027 b5fd8000
44028 b5fe0000
44029 b5fe8000
44030 b5ff0000
44031 b5ff8000
44032 b6000000
44033 b6008000
44034 b6010000
44035 b6018000
44036 b6020000
44037 b6028000
44038 b6030000
44039 b6038000
44040 b6040000
44041 b6048000
44042 b6050000
44043 b6058000
44044 b6060000
44045 b6068000
44046 b6070000
44047 b6078000
44048 b6080000
44049 b6088000
44050 b6090000
44051 b6098000
44052 b60a0000
44053 b60a8000
44054 b60b0000
44055 b60b8000
44056 b60c0000
44057 b60c8000
44058 b60d0000
44059 b60d8000
44060 b60e0000
44061 b60e8000
44062 b60f0000
44063 b60f8000
44064 b6100000
44065 b6108000
44066 b6110000
44067 b6118000
44068 b6120000
44069 b6128000
44070 b6130000
44071 b6138000
44072 b6140000
44073 b6148000
44074 b6150000
44075 b6158000
44076 b6160000
44077 b6168000
44078 b6170000
44079 b6178000
44080 b6180000
44081 b6188000
44082 b6190000
44083 b6198000
44084 b61a0000
44085 b61a8000
44086 b61b0000
44087 b61b8000
44088 b61c0000
44089 b61c8000
44090 b61d0000
44091 b61d8000
44092 b61e0000
44093 b61e8000
44094 b61f0000
44095 b61f8000
44096 b6200000
44097 b6208000
44098 b6210000
44099 b6218000
44100 b6220000
44101 b6228000
44102 b6230000
44103 b6238000
44104 b6240000
44105 b6248000
44106 b6250000
44107 b6258000
44108 b6260000
44109 b6268000
44110 b6270000
44111 b6278000
44112 b6280000
44113 b6288000
44114 b6290000
44115 b6298000
44116 b62a0000
44117 b62a8000
44118 b62b0000
44119 b62b8000
44120 b62c0000
44121 b62c8000
44122 b62d0000
44123 b62d8000
44124 b62e0000
44125 b62e8000
44126 b62f0000
44127 b62f8000
44128 b6300000
44129 b6308000
44130 b6310000
44131 b6318000
44132 b6320000
44133 b6328000
44134 b6330000
44135 b6338000
44136 b6340000
44137 b6348000
44138 b6350000
44139 b6358000
44140 b6360000
44141 b6368000
44142 b6370000
44143 b6378000
44144 b6380000
44145 b6388000
44146 b6390000
44147 b6398000
44148 b63a0000
44149 b63a8000
44150 b63b0000
44151 b63b8000
44152 b63c0000
44153 b63c8000
44154 b63d0000
44155 b63d8000
44156 b63e0000
44157 b63e8000
44158 b63f0000
44159 b63f8000
44160 b6400000
44161 b6408000
44162 b6410000
44163 b6418000
44164 b6420000
44165 b6428000
44166 b6430000
44167 b6438000
44168 b6440000
44169 b6448000
44170 b6450000
44171 b6458000
44172 b6460000
44173 b6468000
44174 b6470000
44175 b6478000
44176 b6480000
44177 b6488000
44178 b6490000
44179 b6498000
44180 b64a0000
44181 b64a8000
44182 b64b0000
44183 b64b8000
44184 b64c0000
44185 b64c8000
44186 b64d0000
44187 b64d8000
44188 b64e0000
44189 b64e8000
44190 b64f0000
44191 b64f8000
44192 b6500000
44193 b6508000
44194 b6510000
44195 b6518000
44196 b6520000
44197 b6528000
44198 b6530000
44199 b6538000
44200 b6540000
44201 b6548000
44202 b6550000
44203 b6558000
44204 b6560000
44205 b6568000
44206 b6570000
44207 b6578000
44208 b6580000
44209 b6588000
44210 b6590000
44211 b6598000
44212 b65a0000
44213 b65a8000
44214 b65b0000
44215 b65b8000
44216 b65c0000
44217 b65c8000
44218 b65d0000
44219 b65d8000
44220 b65e0000
44221 b65e8000
44222 b65f0000
44223 b65f8000
44224 b6600000
44225 b6608000
44226 b6610000
44227 b6618000
44228 b6620000
44229 b6628000
44230 b6630000
44231 b6638000
44232 b6640000
44233 b6648000
44234 b6650000
44235 b6658000
44236 b6660000
44237 b6668000
44238 b6670000
44239 b6678000
44240 b6680000
44241 b6688000
44242 b6690000
44243 b6698000
44244 b66a0000
44245 b66a8000
44246 b66b0000
44247 b66b8000
44248 b66c0000
44249 b66c8000
44250 b66d0000
44251 b66d8000
44252 b66e0000
44253 b66e8000
44254 b66f0000
44255 b66f8000
44256 b6700000
44257 b6708000
44258 b6710000
44259 b6718000
44260 b6720000
44261 b6728000
44262 b6730000
44263 b6738000
44264 b6740000
44265 b6748000
44266 b6750000
44267 b6758000
44268 b6760000
44269 b6768000
44270 b6770000
44271 b6778000
44272 b6780000
44273 b6788000
44274 b6790000
44275 b6798000
44276 b67a0000
44277 b67a8000
44278 b67b0000
44279 b67b8000
44280 b67c0000
44281 b67c8000
44282 b67d0000
44283 b67d8000
44284 b67e0000
44285 b67e8000
44286 b67f0000
44287 b67f8000
44288 b6800000
44289 b6808000
44290 b6810000
44291 b6818000
44292 b6820000
44293 b6828000
44294 b6830000
44295 b6838000
44296 b6840000
44297 b6848000
44298 b6850000
44299 b6858000
44300 b6860000
44301 b6868000
44302 b6870000
44303 b6878000
44304 b6880000
44305 b6888000
44306 b6890000
44307 b6898000
44308 b68a0000
44309 b68a8000
44310 b68b0000
44311 b68b8000
44312 b68c0000
44313 b68c8000
44314 b68d0000
44315 b68d8000
44316 b68e0000
44317 b68e8000
44318 b68f0000
44319 b68f8000
44320 b6900000
44321 b6908000
44322 b6910000
44323 b6918000
44324 b6920000
44325 b6928000
44326 b6930000
44327 b6938000
44328 b6940000
44329 b6948000
44330 b6950000
44331 b6958000
44332 b6960000
44333 b6968000
44334 b6970000
44335 b6978000
44336 b6980000
44337 b6988000
44338 b6990000
44339 b6998000
44340 b69a0000
44341 b69a8000
44342 b69b0000
44343 b69b8000
44344 b69c0000
44345 b69c8000
44346 b69d0000
44347 b69d8000
44348 b69e0000
44349 b69e8000
44350 b69f0000
44351 b69f8000
44352 b6a00000
44353 b6a08000
44354 b6a10000
44355 b6a18000
44356 b6a20000
44357 b6a28000
44358 b6a30000
44359 b6a38000
44360 b6a40000
44361 b6a48000
44362 b6a50000
44363 b6a58000
44364 b6a60000
44365 b6a68000
44366 b6a70000
44367 b6a78000
44368 b6a80000
44369 b6a88000
44370 b6a90000
44371 b6a98000
44372 b6aa0000
44373 b6aa8000
44374 b6ab0000
44375 b6ab8000
44376 b6ac0000
44377 b6ac8000
44378 b6ad0000
44379 b6ad8000
44380 b6ae0000
44381 b6ae8000
44382 b6af0000
44383 b6af8000
44384 b6b00000
44385 b6b08000
44386 b6b10000
44387 b6b18000
44388 b6b20000
44389 b6b28000
44390 b6b30000
44391 b6b38000
44392 b6b40000
44393 b6b48000
44394 b6b50000
44395 b6b58000
44396 b6b60000
44397 b6b68000
44398 b6b70000
44399 b6b78000
44400 b6b80000
44401 b6b88000
44402 b6b90000
44403 b6b98000
44404 b6ba0000
44405 b6ba8000
44406 b6bb0000
44407 b6bb8000
44408 b6bc0000
44409 b6bc8000
44410 b6bd0000
44411 b6bd8000
44412 b6be0000
44413 b6be8000
44414 b6bf0000
44415 b6bf8000
44416 b6c00000
44417 b6c08000
44418 b6c10000
44419 b6c18000
44420 b6c20000
44421 b6c28000
44422 b6c30000
44423 b6c38000
44424 b6c40000
44425 b6c48000
44426 b6c50000
44427 b6c58000
44428 b6c60000
44429 b6c68000
44430 b6c70000
44431 b6c78000
44432 b6c80000
44433 b6c88000
44434 b6c90000
44435 b6c98000
44436 b6ca0000
44437 b6ca8000
44438 b6cb0000
44439 b6cb8000
44440 b6cc0000
44441 b6cc8000
44442 b6cd0000
44443 b6cd8000
44444 b6ce0000
44445 b6ce8000
44446 b6cf0000
44447 b6cf8000
44448 b6d00000
44449 b6d08000
44450 b6d10000
44451 b6d18000
44452 b6d20000
44453 b6d28000
44454 b6d30000
44455 b6d38000
44456 b6d40000
44457 b6d48000
44458 b6d50000
44459 b6d58000
44460 b6d60000
44461 b6d68000
44462 b6d70000
44463 b6d78000
44464 b6d80000
44465 b6d88000
44466 b6d90000
44467 b6d98000
44468 b6da0000
44469 b6da8000
44470 b6db0000
44471 b6db8000
44472 b6dc0000
44473 b6dc8000
44474 b6dd0000
44475 b6dd8000
44476 b6de0000
44477 b6de8000
44478 b6df0000
44479 b6df8000
44480 b6e00000
44481 b6e08000
44482 b6e10000
44483 b6e18000
44484 b6e20000
44485 b6e28000
44486 b6e30000
44487 b6e38000
44488 b6e40000
44489 b6e48000
44490 b6e50000
44491 b6e58000
44492 b6e60000
44493 b6e68000
44494 b6e70000
44495 b6e78000
44496 b6e80000
44497 b6e88000
44498 b6e90000
44499 b6e98000
44500 b6ea0000
44501 b6ea8000
44502 b6eb0000
44503 b6eb8000
44504 b6ec0000
44505 b6ec8000
44506 b6ed0000
44507 b6ed8000
44508 b6ee0000
44509 b6ee8000
44510 b6ef0000
44511 b6ef8000
44512 b6f00000
44513 b6f08000
44514 b6f10000
44515 b6f18000
44516 b6f20000
44517 b6f28000
44518 b6f30000
44519 b6f38000
44520 b6f40000
44521 b6f48000
44522 b6f50000
44523 b6f58000
44524 b6f60000
44525 b6f68000
44526 b6f70000
44527 b6f78000
44528 b6f80000
44529 b6f88000
44530 b6f90000
44531 b6f98000
44532 b6fa0000
44533 b6fa8000
44534 b6fb0000
44535 b6fb8000
44536 b6fc0000
44537 b6fc8000
44538 b6fd0000
44539 b6fd8000
44540 b6fe0000
44541 b6fe8000
44542 b6ff0000
44543 b6ff8000
44544 b7000000
44545 b7008000
44546 b7010000
44547 b7018000
44548 b7020000
44549 b7028000
44550 b7030000
44551 b7038000
44552 b7040000
44553 b7048000
44554 b7050000
44555 b7058000
44556 b7060000
44557 b7068000
44558 b7070000
44559 b7078000
44560 b7080000
44561 b7088000
44562 b7090000
44563 b7098000
44564 b70a0000
44565 b70a8000
44566 b70b0000
44567 b70b8000
44568 b70c0000
44569 b70c8000
44570 b70d0000
44571 b70d8000
44572 b70e0000
44573 b70e8000
44574 b70f0000
44575 b70f8000
44576 b7100000
44577 b7108000
44578 b7110000
44579 b7118000
44580 b7120000
44581 b7128000
44582 b7130000
44583 b7138000
44584 b7140000
44585 b7148000
44586 b7150000
44587 b7158000
44588 b7160000
44589 b7168000
44590 b7170000
44591 b7178000
44592 b7180000
44593 b7188000
44594 b7190000
44595 b7198000
44596 b71a0000
44597 b71a8000
44598 b71b0000
44599 b71b8000
44600 b71c0000
44601 b71c8000
44602 b71d0000
44603 b71d8000
44604 b71e0000
44605 b71e8000
44606 b71f0000
44607 b71f8000
44608 b7200000
44609 b7208000
44610 b7210000
44611 b7218000
44612 b7220000
44613 b7228000
44614 b7230000
44615 b7238000
44616 b7240000
44617 b7248000
44618 b7250000
44619 b7258000
44620 b7260000
44621 b7268000
44622 b7270000
44623 b7278000
44624 b7280000
44625 b7288000
44626 b7290000
44627 b7298000
44628 b72a0000
44629 b72a8000
44630 b72b0000
44631 b72b8000
44632 b72c0000
44633 b72c8000
44634 b72d0000
44635 b72d8000
44636 b72e0000
44637 b72e8000
44638 b72f0000
44639 b72f8000
44640 b7300000
44641 b7308000
44642 b7310000
44643 b7318000
44644 b7320000
44645 b7328000
44646 b7330000
44647 b7338000
44648 b7340000
44649 b7348000
44650 b7350000
44651 b7358000
44652 b7360000
44653 b7368000
44654 b7370000
44655 b7378000
44656 b7380000
44657 b7388000
44658 b7390000
44659 b7398000
44660 b73a0000
44661 b73a8000
44662 b73b0000
44663 b73b8000
44664 b73c0000
44665 b73c8000
44666 b73d0000
44667 b73d8000
44668 b73e0000
44669 b73e8000
44670 b73f0000
44671 b73f8000
44672 b7400000
44673 b7408000
44674 b7410000
44675 b7418000
44676 b7420000
44677 b7428000
44678 b7430000
44679 b7438000
44680 b7440000
44681 b7448000
44682 b7450000
44683 b7458000
44684 b7460000
44685 b7468000
44686 b7470000
44687 b7478000
44688 b7480000
44689 b7488000
44690 b7490000
44691 b7498000
44692 b74a0000
44693 b74a8000
44694 b74b0000
44695 b74b8000
44696 b74c0000
44697 b74c8000
44698 b74d0000
44699 b74d8000
44700 b74e0000
44701 b74e8000
44702 b74f0000
44703 b74f8000
44704 b7500000
44705 b7508000
44706 b7510000
44707 b7518000
44708 b7520000
44709 b7528000
44710 b7530000
44711 b7538000
44712 b7540000
44713 b7548000
44714 b7550000
44715 b7558000
44716 b7560000
44717 b7568000
44718 b7570000
44719 b7578000
44720 b7580000
44721 b7588000
44722 b7590000
44723 b7598000
44724 b75a0000
44725 b75a8000
44726 b75b0000
44727 b75b8000
44728 b75c0000
44729 b75c8000
44730 b75d0000
44731 b75d8000
44732 b75e0000
44733 b75e8000
44734 b75f0000
44735 b75f8000
44736 b7600000
44737 b7608000
44738 b7610000
44739 b7618000
44740 b7620000
44741 b7628000
44742 b7630000
44743 b7638000
44744 b7640000
44745 b7648000
44746 b7650000
44747 b7658000
44748 b7660000
44749 b7668000
44750 b7670000
44751 b7678000
44752 b7680000
44753 b7688000
44754 b7690000
44755 b7698000
44756 b76a0000
44757 b76a8000
44758 b76b0000
44759 b76b8000
44760 b76c0000
44761 b76c8000
44762 b76d0000
44763 b76d8000
44764 b76e0000
44765 b76e8000
44766 b76f0000
44767 b76f8000
44768 b7700000
44769 b7708000
44770 b7710000
44771 b7718000
44772 b7720000
44773 b7728000
44774 b7730000
44775 b7738000
44776 b7740000
44777 b7748000
44778 b7750000
44779 b7758000
44780 b7760000
44781 b7768000
44782 b7770000
44783 b7778000
44784 b7780000
44785 b7788000
44786 b7790000
44787 b7798000
44788 b77a0000
44789 b77a8000
44790 b77b0000
44791 b77b8000
44792 b77c0000
44793 b77c8000
44794 b77d0000
44795 b77d8000
44796 b77e0000
44797 b77e8000
44798 b77f0000
44799 b77f8000
44800 b7800000
44801 b7808000
44802 b7810000
44803 b7818000
44804 b7820000
44805 b7828000
44806 b7830000
44807 b7838000
44808 b7840000
44809 b7848000
44810 b7850000
44811 b7858000
44812 b7860000
44813 b7868000
44814 b7870000
44815 b7878000
44816 b7880000
44817 b7888000
44818 b7890000
44819 b7898000
44820 b78a0000
44821 b78a8000
44822 b78b0000
44823 b78b8000
44824 b78c0000
44825 b78c8000
44826 b78d0000
44827 b78d8000
44828 b78e0000
44829 b78e8000
44830 b78f0000
44831 b78f8000
44832 b7900000
44833 b7908000
44834 b7910000
44835 b7918000
44836 b7920000
44837 b7928000
44838 b7930000
44839 b7938000
44840 b7940000
44841 b7948000
44842 b7950000
44843 b7958000
44844 b7960000
44845 b7968000
44846 b7970000
44847 b7978000
44848 b7980000
44849 b7988000
44850 b7990000
44851 b7998000
44852 b79a0000
44853 b79a8000
44854 b79b0000
44855 b79b8000
44856 b79c0000
44857 b79c8000
44858 b79d0000
44859 b79d8000
44860 b79e0000
44861 b79e8000
44862 b79f0000
44863 b79f8000
44864 b7a00000
44865 b7a08000
44866 b7a10000
44867 b7a18000
44868 b7a20000
44869 b7a28000
44870 b7a30000
44871 b7a38000
44872 b7a40000
44873 b7a48000
44874 b7a50000
44875 b7a58000
44876 b7a60000
44877 b7a68000
44878 b7a70000
44879 b7a78000
44880 b7a80000
44881 b7a88000
44882 b7a90000
44883 b7a98000
44884 b7aa0000
44885 b7aa8000
44886 b7ab0000
44887 b7ab8000
44888 b7ac0000
44889 b7ac8000
44890 b7ad0000
44891 b7ad8000
44892 b7ae0000
44893 b7ae8000
44894 b7af0000
44895 b7af8000
44896 b7b00000
44897 b7b08000
44898 b7b10000
44899 b7b18000
44900 b7b20000
44901 b7b28000
44902 b7b30000
44903 b7b38000
44904 b7b40000
44905 b7b48000
44906 b7b50000
44907 b7b58000
44908 b7b60000
44909 b7b68000
44910 b7b70000
44911 b7b78000
44912 b7b80000
44913 b7b88000
44914 b7b90000
44915 b7b98000
44916 b7ba0000
44917 b7ba8000
44918 b7bb0000
44919 b7bb8000
44920 b7bc0000
44921 b7bc8000
44922 b7bd0000
44923 b7bd8000
44924 b7be0000
44925 b7be8000
44926 b7bf0000
44927 b7bf8000
44928 b7c00000
44929 b7c08000
44930 b7c10000
44931 b7c18000
44932 b7c20000
44933 b7c28000
44934 b7c30000
44935 b7c38000
44936 b7c40000
44937 b7c48000
44938 b7c50000
44939 b7c58000
44940 b7c60000
44941 b7c68000
44942 b7c70000
44943 b7c78000
44944 b7c80000
44945 b7c88000
44946 b7c90000
44947 b7c98000
44948 b7ca0000
44949 b7ca8000
44950 b7cb0000
44951 b7cb8000
44952 b7cc0000
44953 b7cc8000
44954 b7cd0000
44955 b7cd8000
44956 b7ce0000
44957 b7ce8000
44958 b7cf0000
44959 b7cf8000
44960 b7d00000
44961 b7d08000
44962 b7d10000
44963 b7d18000
44964 b7d20000
44965 b7d28000
44966 b7d30000
44967 b7d38000
44968 b7d40000
44969 b7d48000
44970 b7d50000
44971 b7d58000
44972 b7d60000
44973 b7d68000
44974 b7d70000
44975 b7d78000
44976 b7d80000
44977 b7d88000
44978 b7d90000
44979 b7d98000
44980 b7da0000
44981 b7da8000
44982 b7db0000
44983 b7db8000
44984 b7dc0000
44985 b7dc8000
44986 b7dd0000
44987 b7dd8000
44988 b7de0000
44989 b7de8000
44990 b7df0000
44991 b7df8000
44992 b7e00000
44993 b7e08000
44994 b7e10000
44995 b7e18000
44996 b7e20000
44997 b7e28000
44998 b7e30000
44999 b7e38000
45000 b7e40000
45001 b7e48000
45002 b7e50000
45003 b7e58000
45004 b7e60000
45005 b7e68000
45006 b7e70000
45007 b7e78000
45008 b7e80000
45009 b7e88000
45010 b7e90000
45011 b7e98000
45012 b7ea0000
45013 b7ea8000
45014 b7eb0000
45015 b7eb8000
45016 b7ec0000
45017 b7ec8000
45018 b7ed0000
45019 b7ed8000
45020 b7ee0000
45021 b7ee8000
45022 b7ef0000
45023 b7ef8000
45024 b7f00000
45025 b7f08000
45026 b7f10000
45027 b7f18000
45028 b7f20000
45029 b7f28000
45030 b7f30000
45031 b7f38000
45032 b7f40000
45033 b7f48000
45034 b7f50000
45035 b7f58000
45036 b7f60000
45037 b7f68000
45038 b7f70000
45039 b7f78000
45040 b7f80000
45041 b7f88000
45042 b7f90000
45043 b7f98000
45044 b7fa0000
45045 b7fa8000
45046 b7fb0000
45047 b7fb8000
45048 b7fc0000
45049 b7fc8000
45050 b7fd0000
45051 b7fd8000
45052 b7fe0000
45053 b7fe8000
45054 b7ff0000
45055 b7ff8000
45056 b8000000
45057 b8008000
45058 b8010000
45059 b8018000
45060 b8020000
45061 b8028000
45062 b8030000
45063 b8038000
45064 b8040000
45065 b8048000
45066 b8050000
45067 b8058000
45068 b8060000
45069 b8068000
45070 b8070000
45071 b8078000
45072 b8080000
45073 b8088000
45074 b8090000
45075 b8098000
45076 b80a0000
45077 b80a8000
45078 b80b0000
45079 b80b8000
45080 b80c0000
45081 b80c8000
45082 b80d0000
45083 b80d8000
45084 b80e0000
45085 b80e8000
45086 b80f0000
45087 b80f8000
45088 b8100000
45089 b8108000
45090 b8110000
45091 b8118000
45092 b8120000
45093 b8128000
45094 b8130000
45095 b8138000
45096 b8140000
45097 b8148000
45098 b8150000
45099 b8158000
45100 b8160000
45101 b8168000
45102 b8170000
45103 b8178000
45104 b8180000
45105 b8188000
45106 b8190000
45107 b8198000
45108 b81a0000
45109 b81a8000
45110 b81b0000
45111 b81b8000
45112 b81c0000
45113 b81c8000
45114 b81d0000
45115 b81d8000
45116 b81e0000
45117 b81e8000
45118 b81f0000
45119 b81f8000
45120 b8200000
45121 b8208000
45122 b8210000
45123 b8218000
45124 b8220000
45125 b8228000
45126 b8230000
45127 b8238000
45128 b8240000
45129 b8248000
45130 b8250000
45131 b8258000
45132 b8260000
45133 b8268000
45134 b8270000
45135 b8278000
45136 b8280000
45137 b8288000
45138 b8290000
45139 b8298000
45140 b82a0000
45141 b82a8000
45142 b82b0000
45143 b82b8000
45144 b82c0000
45145 b82c8000
45146 b82d0000
45147 b82d8000
45148 b82e0000
45149 b82e8000
45150 b82f0000
45151 b82f8000
45152 b8300000
45153 b8308000
45154 b8310000
45155 b8318000
45156 b8320000
45157 b8328000
45158 b8330000
45159 b8338000
45160 b8340000
45161 b8348000
45162 b8350000
45163 b8358000
45164 b8360000
45165 b8368000
45166 b8370000
45167 b8378000
45168 b8380000
45169 b8388000
45170 b8390000
45171 b8398000
45172 b83a0000
45173 b83a8000
45174 b83b0000
45175 b83b8000
45176 b83c0000
45177 b83c8000
45178 b83d0000
45179 b83d8000
45180 b83e0000
45181 b83e8000
45182 b83f0000
45183 b83f8000
45184 b8400000
45185 b8408000
45186 b8410000
45187 b8418000
45188 b8420000
45189 b8428000
45190 b8430000
45191 b8438000
45192 b8440000
45193 b8448000
45194 b8450000
45195 b8458000
45196 b8460000
45197 b8468000
45198 b8470000
45199 b8478000
45200 b8480000
45201 b8488000
45202 b8490000
45203 b8498000
45204 b84a0000
45205 b84a8000
45206 b84b0000
45207 b84b8000
45208 b84c0000
45209 b84c8000
45210 b84d0000
45211 b84d8000
45212 b84e0000
45213 b84e8000
45214 b84f0000
45215 b84f8000
45216 b8500000
45217 b8508000
45218 b8510000
45219 b8518000
45220 b8520000
45221 b8528000
45222 b8530000
45223 b8538000
45224 b8540000
45225 b8548000
45226 b8550000
45227 b8558000
45228 b8560000
45229 b8568000
45230 b8570000
45231 b8578000
45232 b8580000
45233 b8588000
45234 b8590000
45235 b8598000
45236 b85a0000
45237 b85a8000
45238 b85b0000
45239 b85b8000
45240 b85c0000
45241 b85c8000
45242 b85d0000
45243 b85d8000
45244 b85e0000
45245 b85e8000
45246 b85f0000
45247 b85f8000
45248 b8600000
45249 b8608000
45250 b8610000
45251 b8618000
45252 b8620000
45253 b8628000
45254 b8630000
45255 b8638000
45256 b8640000
45257 b8648000
45258 b8650000
45259 b8658000
45260 b8660000
45261 b8668000
45262 b8670000
45263 b8678000
45264 b8680000
45265 b8688000
45266 b8690000
45267 b8698000
45268 b86a0000
45269 b86a8000
45270 b86b0000
45271 b86b8000
45272 b86c0000
45273 b86c8000
45274 b86d0000
45275 b86d8000
45276 b86e0000
45277 b86e8000
45278 b86f0000
45279 b86f8000
45280 b8700000
45281 b8708000
45282 b8710000
45283 b8718000
45284 b8720000
45285 b8728000
45286 b8730000
45287 b8738000
45288 b8740000
45289 b8748000
45290 b8750000
45291 b8758000
45292 b8760000
45293 b8768000
45294 b8770000
45295 b8778000
45296 b8780000
45297 b8788000
45298 b8790000
45299 b8798000
45300 b87a0000
45301 b87a8000
45302 b87b0000
45303 b87b8000
45304 b87c0000
45305 b87c8000
45306 b87d0000
45307 b87d8000
45308 b87e0000
45309 b87e8000
45310 b87f0000
45311 b87f8000
45312 b8800000
45313 b8808000
45314 b8810000
45315 b8818000
45316 b8820000
45317 b8828000
45318 b8830000
45319 b8838000
45320 b8840000
45321 b8848000
45322 b8850000
45323 b8858000
45324 b8860000
45325 b8868000
45326 b8870000
45327 b8878000
45328 b8880000
45329 b8888000
45330 b8890000
45331 b8898000
45332 b88a0000
45333 b88a8000
45334 b88b0000
45335 b88b8000
45336 b88c0000
45337 b88c8000
45338 b88d0000
45339 b88d8000
45340 b88e0000
45341 b88e8000
45342 b88f0000
45343 b88f8000
45344 b8900000
45345 b8908000
45346 b8910000
45347 b8918000
45348 b8920000
45349 b8928000
45350 b8930000
45351 b8938000
45352 b8940000
45353 b8948000
45354 b8950000
45355 b8958000
45356 b8960000
45357 b8968000
45358 b8970000
45359 b8978000
45360 b8980000
45361 b8988000
45362 b8990000
45363 b8998000
45364 b89a0000
45365 b89a8000
45366 b89b0000
45367 b89b8000
45368 b89c0000
45369 b89c8000
45370 b89d0000
45371 b89d8000
45372 b89e0000
45373 b89e8000
45374 b89f0000
45375 b89f8000
45376 b8a00000
45377 b8a08000
45378 b8a10000
45379 b8a18000
45380 b8a20000
45381 b8a28000
45382 b8a30000
45383 b8a38000
45384 b8a40000
45385 b8a48000
45386 b8a50000
45387 b8a58000
45388 b8a60000
45389 b8a68000
45390 b8a70000
45391 b8a78000
45392 b8a80000
45393 b8a88000
45394 b8a90000
45395 b8a98000
45396 b8aa0000
45397 b8aa8000
45398 b8ab0000
45399 b8ab8000
45400 b8ac0000
45401 b8ac8000
45402 b8ad0000
45403 b8ad8000
45404 b8ae0000
45405 b8ae8000
45406 b8af0000
45407 b8af8000
45408 b8b00000
45409 b8b08000
45410 b8b10000
45411 b8b18000
45412 b8b20000
45413 b8b28000
45414 b8b30000
45415 b8b38000
45416 b8b40000
45417 b8b48000
45418 b8b50000
45419 b8b58000
45420 b8b60000
45421 b8b68000
45422 b8b70000
45423 b8b78000
45424 b8b80000
45425 b8b88000
45426 b8b90000
45427 b8b98000
45428 b8ba0000
45429 b8ba8000
45430 b8bb0000
45431 b8bb8000
45432 b8bc0000
45433 b8bc8000
45434 b8bd0000
45435 b8bd8000
45436 b8be0000
45437 b8be8000
45438 b8bf0000
45439 b8bf8000
45440 b8c00000
45441 b8c08000
45442 b8c10000
45443 b8c18000
45444 b8c20000
45445 b8c28000
45446 b8c30000
45447 b8c38000
45448 b8c40000
45449 b8c48000
45450 b8c50000
45451 b8c58000
45452 b8c60000
45453 b8c68000
45454 b8c70000
45455 b8c78000
45456 b8c80000
45457 b8c88000
45458 b8c90000
45459 b8c98000
45460 b8ca0000
45461 b8ca8000
45462 b8cb0000
45463 b8cb8000
45464 b8cc0000
45465 b8cc8000
45466 b8cd0000
45467 b8cd8000
45468 b8ce0000
45469 b8ce8000
45470 b8cf0000
45471 b8cf8000
45472 b8d00000
45473 b8d08000
45474 b8d10000
45475 b8d18000
45476 b8d20000
45477 b8d28000
45478 b8d30000
45479 b8d38000
45480 b8d40000
45481 b8d48000
45482 b8d50000
45483 b8d58000
45484 b8d60000
45485 b8d68000
45486 b8d70000
45487 b8d78000
45488 b8d80000
45489 b8d88000
45490 b8d90000
45491 b8d98000
45492 b8da0000
45493 b8da8000
45494 b8db0000
45495 b8db8000
45496 b8dc0000
45497 b8dc8000
45498 b8dd0000
45499 b8dd8000
45500 b8de0000
45501 b8de8000
45502 b8df0000
45503 b8df8000
45504 b8e00000
45505 b8e08000
45506 b8e10000
45507 b8e18000
45508 b8e20000
45509 b8e28000
45510 b8e30000
45511 b8e38000
45512 b8e40000
45513 b8e48000
45514 b8e50000
45515 b8e58000
45516 b8e60000
45517 b8e68000
45518 b8e70000
45519 b8e78000
45520 b8e80000
45521 b8e88000
45522 b8e90000
45523 b8e98000
45524 b8ea0000
45525 b8ea8000
45526 b8eb0000
45527 b8eb8000
45528 b8ec0000
45529 b8ec8000
45530 b8ed0000
45531 b8ed8000
45532 b8ee0000
45533 b8ee8000
45534 b8ef0000
45535 b8ef8000
45536 b8f00000
45537 b8f08000
45538 b8f10000
45539 b8f18000
45540 b8f20000
45541 b8f28000
45542 b8f30000
45543 b8f38000
45544 b8f40000
45545 b8f48000
45546 b8f50000
45547 b8f58000
45548 b8f60000
45549 b8f68000
45550 b8f70000
45551 b8f78000
45552 b8f80000
45553 b8f88000
45554 b8f90000
45555 b8f98000
45556 b8fa0000
45557 b8fa8000
45558 b8fb0000
45559 b8fb8000
45560 b8fc0000
45561 b8fc8000
45562 b8fd0000
45563 b8fd8000
45564 b8fe0000
45565 b8fe8000
45566 b8ff0000
45567 b8ff8000
45568 b9000000
45569 b9008000
45570 b9010000
45571 b9018000
45572 b9020000
45573 b9028000
45574 b9030000
45575 b9038000
45576 b9040000
45577 b9048000
45578 b9050000
45579 b9058000
45580 b9060000
45581 b9068000
45582 b9070000
45583 b9078000
45584 b9080000
45585 b9088000
45586 b9090000
45587 b9098000
45588 b90a0000
45589 b90a8000
45590 b90b0000
45591 b90b8000
45592 b90c0000
45593 b90c8000
45594 b90d0000
45595 b90d8000
45596 b90e0000
45597 b90e8000
45598 b90f0000
45599 b90f8000
45600 b9100000
45601 b9108000
45602 b9110000
45603 b9118000
45604 b9120000
45605 b9128000
45606 b9130000
45607 b9138000
45608 b9140000
45609 b9148000
45610 b9150000
45611 b9158000
45612 b9160000
45613 b9168000
45614 b9170000
45615 b9178000
45616 b9180000
45617 b9188000
45618 b9190000
45619 b9198000
45620 b91a0000
45621 b91a8000
45622 b91b0000
45623 b91b8000
45624 b91c0000
45625 b91c8000
45626 b91d0000
45627 b91d8000
45628 b91e0000
45629 b91e8000
45630 b91f0000
45631 b91f8000
45632 b9200000
45633 b9208000
45634 b9210000
45635 b9218000
45636 b9220000
45637 b9228000
45638 b9230000
45639 b9238000
45640 b9240000
45641 b9248000
45642 b9250000
45643 b9258000
45644 b9260000
45645 b9268000
45646 b9270000
45647 b9278000
45648 b9280000
45649 b9288000
45650 b9290000
45651 b9298000
45652 b92a0000
45653 b92a8000
45654 b92b0000
45655 b92b8000
45656 b92c0000
45657 b92c8000
45658 b92d0000
45659 b92d8000
45660 b92e0000
45661 b92e8000
45662 b92f0000
45663 b92f8000
45664 b9300000
45665 b9308000
45666 b9310000
45667 b9318000
45668 b9320000
45669 b9328000
45670 b9330000
45671 b9338000
45672 b9340000
45673 b9348000
45674 b9350000
45675 b9358000
45676 b9360000
45677 b9368000
45678 b9370000
45679 b9378000
45680 b9380000
45681 b9388000
45682 b9390000
45683 b9398000
45684 b93a0000
45685 b93a8000
45686 b93b0000
45687 b93b8000
45688 b93c0000
45689 b93c8000
45690 b93d0000
45691 b93d8000
45692 b93e0000
45693 b93e8000
45694 b93f0000
45695 b93f8000
45696 b9400000
45697 b9408000
45698 b9410000
45699 b9418000
45700 b9420000
45701 b9428000
45702 b9430000
45703 b9438000
45704 b9440000
45705 b9448000
45706 b9450000
45707 b9458000
45708 b9460000
45709 b9468000
45710 b9470000
45711 b9478000
45712 b9480000
45713 b9488000
45714 b9490000
45715 b9498000
45716 b94a0000
45717 b94a8000
45718 b94b0000
45719 b94b8000
45720 b94c0000
45721 b94c8000
45722 b94d0000
45723 b94d8000
45724 b94e0000
45725 b94e8000
45726 b94f0000
45727 b94f8000
45728 b9500000
45729 b9508000
45730 b9510000
45731 b9518000
45732 b9520000
45733 b9528000
45734 b9530000
45735 b9538000
45736 b9540000
45737 b9548000
45738 b9550000
45739 b9558000
45740 b9560000
45741 b9568000
45742 b9570000
45743 b9578000
45744 b9580000
45745 b9588000
45746 b9590000
45747 b9598000
45748 b95a0000
45749 b95a8000
45750 b95b0000
45751 b95b8000
45752 b95c0000
45753 b95c8000
45754 b95d0000
45755 b95d8000
45756 b95e0000
45757 b95e8000
45758 b95f0000
45759 b95f8000
45760 b9600000
45761 b9608000
45762 b9610000
45763 b9618000
45764 b9620000
45765 b9628000
45766 b9630000
45767 b9638000
45768 b9640000
45769 b9648000
45770 b9650000
45771 b9658000
45772 b9660000
45773 b9668000
45774 b9670000
45775 b9678000
45776 b9680000
45777 b9688000
45778 b9690000
45779 b9698000
45780 b96a0000
45781 b96a8000
45782 b96b0000
45783 b96b8000
45784 b96c0000
45785 b96c8000
45786 b96d0000
45787 b96d8000
45788 b96e0000
45789 b96e8000
45790 b96f0000
45791 b96f8000
45792 b9700000
45793 b9708000
45794 b9710000
45795 b9718000
45796 b9720000
45797 b9728000
45798 b9730000
45799 b9738000
45800 b9740000
45801 b9748000
45802 b9750000
45803 b9758000
45804 b9760000
45805 b9768000
45806 b9770000
45807 b9778000
45808 b9780000
45809 b9788000
45810 b9790000
45811 b9798000
45812 b97a0000
45813 b97a8000
45814 b97b0000
45815 b97b8000
45816 b97c0000
45817 b97c8000
45818 b97d0000
45819 b97d8000
45820 b97e0000
45821 b97e8000
45822 b97f0000
45823 b97f8000
45824 b9800000
45825 b9808000
45826 b9810000
45827 b9818000
45828 b9820000
45829 b9828000
45830 b9830000
45831 b9838000
45832 b9840000
45833 b9848000
45834 b9850000
45835 b9858000
45836 b9860000
45837 b9868000
45838 b9870000
45839 b9878000
45840 b9880000
45841 b9888000
45842 b9890000
45843 b9898000
45844 b98a0000
45845 b98a8000
45846 b98b0000
45847 b98b8000
45848 b98c0000
45849 b98c8000
45850 b98d0000
45851 b98d8000
45852 b98e0000
45853 b98e8000
45854 b98f0000
45855 b98f8000
45856 b9900000
45857 b9908000
45858 b9910000
45859 b9918000
45860 b9920000
45861 b9928000
45862 b9930000
45863 b9938000
45864 b9940000
45865 b9948000
45866 b9950000
45867 b9958000
45868 b9960000
45869 b9968000
45870 b9970000
45871 b9978000
45872 b9980000
45873 b9988000
45874 b9990000
45875 b9998000
45876 b99a0000
45877 b99a8000
45878 b99b0000
45879 b99b8000
45880 b99c0000
45881 b99c8000
45882 b99d0000
45883 b99d8000
45884 b99e0000
45885 b99e8000
45886 b99f0000
45887 b99f8000
45888 b9a00000
45889 b9a08000
45890 b9a10000
45891 b9a18000
45892 b9a20000
45893 b9a28000
45894 b9a30000
45895 b9a38000
45896 b9a40000
45897 b9a48000
45898 b9a50000
45899 b9a58000
45900 b9a60000
45901 b9a68000
45902 b9a70000
45903 b9a78000
45904 b9a80000
45905 b9a88000
45906 b9a90000
45907 b9a98000
45908 b9aa0000
45909 b9aa8000
45910 b9ab0000
45911 b9ab8000
45912 b9ac0000
45913 b9ac8000
45914 b9ad0000
45915 b9ad8000
45916 b9ae0000
45917 b9ae8000
45918 b9af0000
45919 b9af8000
45920 b9b00000
45921 b9b08000
45922 b9b10000
45923 b9b18000
45924 b9b20000
45925 b9b28000
45926 b9b30000
45927 b9b38000
45928 b9b40000
45929 b9b48000
45930 b9b50000
45931 b9b58000
45932 b9b60000
45933 b9b68000
45934 b9b70000
45935 b9b78000
45936 b9b80000
45937 b9b88000
45938 b9b90000
45939 b9b98000
45940 b9ba0000
45941 b9ba8000
45942 b9bb0000
45943 b9bb8000
45944 b9bc0000
45945 b9bc8000
45946 b9bd0000
45947 b9bd8000
45948 b9be0000
45949 b9be8000
45950 b9bf0000
45951 b9bf8000
45952 b9c00000
45953 b9c08000
45954 b9c10000
45955 b9c18000
45956 b9c20000
45957 b9c28000
45958 b9c30000
45959 b9c38000
45960 b9c40000
45961 b9c48000
45962 b9c50000
45963 b9c58000
45964 b9c60000
45965 b9c68000
45966 b9c70000
45967 b9c78000
45968 b9c80000
45969 b9c88000
45970 b9c90000
45971 b9c98000
45972 b9ca0000
45973 b9ca8000
45974 b9cb0000
45975 b9cb8000
45976 b9cc0000
45977 b9cc8000
45978 b9cd0000
45979 b9cd8000
45980 b9ce0000
45981 b9ce8000
45982 b9cf0000
45983 b9cf8000
45984 b9d00000
45985 b9d08000
45986 b9d10000
45987 b9d18000
45988 b9d20000
45989 b9d28000
45990 b9d30000
45991 b9d38000
45992 b9d40000
45993 b9d48000
45994 b9d50000
45995 b9d58000
45996 b9d60000
45997 b9d68000
45998 b9d70000
45999 b9d78000
46000 b9d80000
46001 b9d88000
46002 b9d90000
46003 b9d98000
46004 b9da0000
46005 b9da8000
46006 b9db0000
46007 b9db8000
46008 b9dc0000
46009 b9dc8000
46010 b9dd0000
46011 b9dd8000
46012 b9de0000
46013 b9de8000
46014 b9df0000
46015 b9df8000
46016 b9e00000
46017 b9e08000
46018 b9e10000
46019 b9e18000
46020 b9e20000
46021 b9e28000
46022 b9e30000
46023 b9e38000
46024 b9e40000
46025 b9e48000
46026 b9e50000
46027 b9e58000
46028 b9e60000
46029 b9e68000
46030 b9e70000
46031 b9e78000
46032 b9e80000
46033 b9e88000
46034 b9e90000
46035 b9e98000
46036 b9ea0000
46037 b9ea8000
46038 b9eb0000
46039 b9eb8000
46040 b9ec0000
46041 b9ec8000
46042 b9ed0000
46043 b9ed8000
46044 b9ee0000
46045 b9ee8000
46046 b9ef0000
46047 b9ef8000
46048 b9f00000
46049 b9f08000
46050 b9f10000
46051 b9f18000
46052 b9f20000
46053 b9f28000
46054 b9f30000
46055 b9f38000
46056 b9f40000
46057 b9f48000
46058 b9f50000
46059 b9f58000
46060 b9f60000
46061 b9f68000
46062 b9f70000
46063 b9f78000
46064 b9f80000
46065 b9f88000
46066 b9f90000
46067 b9f98000
46068 b9fa0000
46069 b9fa8000
46070 b9fb0000
46071 b9fb8000
46072 b9fc0000
46073 b9fc8000
46074 b9fd0000
46075 b9fd8000
46076 b9fe0000
46077 b9fe8000
46078 b9ff0000
46079 b9ff8000
46080 ba000000
46081 ba008000
46082 ba010000
46083 ba018000
46084 ba020000
46085 ba028000
46086 ba030000
46087 ba038000
46088 ba040000
46089 ba048000
46090 ba050000
46091 ba058000
46092 ba060000
46093 ba068000
46094 ba070000
46095 ba078000
46096 ba080000
46097 ba088000
46098 ba090000
46099 ba098000
46100 ba0a0000
46101 ba0a8000
46102 ba0b0000
46103 ba0b8000
46104 ba0c0000
46105 ba0c8000
46106 ba0d0000
46107 ba0d8000
46108 ba0e0000
46109 ba0e8000
46110 ba0f0000
46111 ba0f8000
46112 ba100000
46113 ba108000
46114 ba110000
46115 ba118000
46116 ba120000
46117 ba128000
46118 ba130000
46119 ba138000
46120 ba140000
46121 ba148000
46122 ba150000
46123 ba158000
46124 ba160000
46125 ba168000
46126 ba170000
46127 ba178000
46128 ba180000
46129 ba188000
46130 ba190000
46131 ba198000
46132 ba1a0000
46133 ba1a8000
46134 ba1b0000
46135 ba1b8000
46136 ba1c0000
46137 ba1c8000
46138 ba1d0000
46139 ba1d8000
46140 ba1e0000
46141 ba1e8000
46142 ba1f0000
46143 ba1f8000
46144 ba200000
46145 ba208000
46146 ba210000
46147 ba218000
46148 ba220000
46149 ba228000
46150 ba230000
46151 ba238000
46152 ba240000
46153 ba248000
46154 ba250000
46155 ba258000
46156 ba260000
46157 ba268000
46158 ba270000
46159 ba278000
46160 ba280000
46161 ba288000
46162 ba290000
46163 ba298000
46164 ba2a0000
46165 ba2a8000
46166 ba2b0000
46167 ba2b8000
46168 ba2c0000
46169 ba2c8000
46170 ba2d0000
46171 ba2d8000
46172 ba2e0000
46173 ba2e8000
46174 ba2f0000
46175 ba2f8000
46176 ba300000
46177 ba308000
46178 ba310000
46179 ba318000
46180 ba320000
46181 ba328000
46182 ba330000
46183 ba338000
46184 ba340000
46185 ba348000
46186 ba350000
46187 ba358000
46188 ba360000
46189 ba368000
46190 ba370000
46191 ba378000
46192 ba380000
46193 ba388000
46194 ba390000
46195 ba398000
46196 ba3a0000
46197 ba3a8000
46198 ba3b0000
46199 ba3b8000
46200 ba3c0000
46201 ba3c8000
46202 ba3d0000
46203 ba3d8000
46204 ba3e0000
46205 ba3e8000
46206 ba3f0000
46207 ba3f8000
46208 ba400000
46209 ba408000
46210 ba410000
46211 ba418000
46212 ba420000
46213 ba428000
46214 ba430000
46215 ba438000
46216 ba440000
46217 ba448000
46218 ba450000
46219 ba458000
46220 ba460000
46221 ba468000
46222 ba470000
46223 ba478000
46224 ba480000
46225 ba488000
46226 ba490000
46227 ba498000
46228 ba4a0000
46229 ba4a8000
46230 ba4b0000
46231 ba4b8000
46232 ba4c0000
46233 ba4c8000
46234 ba4d0000
46235 ba4d8000
46236 ba4e0000
46237 ba4e8000
46238 ba4f0000
46239 ba4f8000
46240 ba500000
46241 ba508000
46242 ba510000
46243 ba518000
46244 ba520000
46245 ba528000
46246 ba530000
46247 ba538000
46248 ba540000
46249 ba548000
46250 ba550000
46251 ba558000
46252 ba560000
46253 ba568000
46254 ba570000
46255 ba578000
46256 ba580000
46257 ba588000
46258 ba590000
46259 ba598000
46260 ba5a0000
46261 ba5a8000
46262 ba5b0000
46263 ba5b8000
46264 ba5c0000
46265 ba5c8000
46266 ba5d0000
46267 ba5d8000
46268 ba5e0000
46269 ba5e8000
46270 ba5f0000
46271 ba5f8000
46272 ba600000
46273 ba608000
46274 ba610000
46275 ba618000
46276 ba620000
46277 ba628000
46278 ba630000
46279 ba638000
46280 ba640000
46281 ba648000
46282 ba650000
46283 ba658000
46284 ba660000
46285 ba668000
46286 ba670000
46287 ba678000
46288 ba680000
46289 ba688000
46290 ba690000
46291 ba698000
46292 ba6a0000
46293 ba6a8000
46294 ba6b0000
46295 ba6b8000
46296 ba6c0000
46297 ba6c8000
46298 ba6d0000
46299 ba6d8000
46300 ba6e0000
46301 ba6e8000
46302 ba6f0000
46303 ba6f8000
46304 ba700000
46305 ba708000
46306 ba710000
46307 ba718000
46308 ba720000
46309 ba728000
46310 ba730000
46311 ba738000
46312 ba740000
46313 ba748000
46314 ba750000
46315 ba758000
46316 ba760000
46317 ba768000
46318 ba770000
46319 ba778000
46320 ba780000
46321 ba788000
46322 ba790000
46323 ba798000
46324 ba7a0000
46325 ba7a8000
46326 ba7b0000
46327 ba7b8000
46328 ba7c0000
46329 ba7c8000
46330 ba7d0000
46331 ba7d8000
46332 ba7e0000
46333 ba7e8000
46334 ba7f0000
46335 ba7f8000
46336 ba800000
46337 ba808000
46338 ba810000
46339 ba818000
46340 ba820000
46341 ba828000
46342 ba830000
46343 ba838000
46344 ba840000
46345 ba848000
46346 ba850000
46347 ba858000
46348 ba860000
46349 ba868000
46350 ba870000
46351 ba878000
46352 ba880000
46353 ba888000
46354 ba890000
46355 ba898000
46356 ba8a0000
46357 ba8a8000
46358 ba8b0000
46359 ba8b8000
46360 ba8c0000
46361 ba8c8000
46362 ba8d0000
46363 ba8d8000
46364 ba8e0000
46365 ba8e8000
46366 ba8f0000
46367 ba8f8000
46368 ba900000
46369 ba908000
46370 ba910000
46371 ba918000
46372 ba920000
46373 ba928000
46374 ba930000
46375 ba938000
46376 ba940000
46377 ba948000
46378 ba950000
46379 ba958000
46380 ba960000
46381 ba968000
46382 ba970000
46383 ba978000
46384 ba980000
46385 ba988000
46386 ba990000
46387 ba998000
46388 ba9a0000
46389 ba9a8000
46390 ba9b0000
46391 ba9b8000
46392 ba9c0000
46393 ba9c8000
46394 ba9d0000
46395 ba9d8000
46396 ba9e0000
46397 ba9e8000
46398 ba9f0000
46399 ba9f8000
46400 baa00000
46401 baa08000
46402 baa10000
46403 baa18000
46404 baa20000
46405 baa28000
46406 baa30000
46407 baa38000
46408 baa40000
46409 baa48000
46410 baa50000
46411 baa58000
46412 baa60000
46413 baa68000
46414 baa70000
46415 baa78000
46416 baa80000
46417 baa88000
46418 baa90000
46419 baa98000
46420 baaa0000
46421 baaa8000
46422 baab0000
46423 baab8000
46424 baac0000
46425 baac8000
46426 baad0000
46427 baad8000
46428 baae0000
46429 baae8000
46430 baaf0000
46431 baaf8000
46432 bab00000
46433 bab08000
46434 bab10000
46435 bab18000
46436 bab20000
46437 bab28000
46438 bab30000
46439 bab38000
46440 bab40000
46441 bab48000
46442 bab50000
46443 bab58000
46444 bab60000
46445 bab68000
46446 bab70000
46447 bab78000
46448 bab80000
46449 bab88000
46450 bab90000
46451 bab98000
46452 baba0000
46453 baba8000
46454 babb0000
46455 babb8000
46456 babc0000
46457 babc8000
46458 babd0000
46459 babd8000
46460 babe0000
46461 babe8000
46462 babf0000
46463 babf8000
46464 bac00000
46465 bac08000
46466 bac10000
46467 bac18000
46468 bac20000
46469 bac28000
46470 bac30000
46471 bac38000
46472 bac40000
46473 bac48000
46474 bac50000
46475 bac58000
46476 bac60000
46477 bac68000
46478 bac70000
46479 bac78000
46480 bac80000
46481 bac88000
46482 bac90000
46483 bac98000
46484 baca0000
46485 baca8000
46486 bacb0000
46487 bacb8000
46488 bacc0000
46489 bacc8000
46490 bacd0000
46491 bacd8000
46492 bace0000
46493 bace8000
46494 bacf0000
46495 bacf8000
46496 bad00000
46497 bad08000
46498 bad10000
46499 bad18000
46500 bad20000
46501 bad28000
46502 bad30000
46503 bad38000
46504 bad40000
46505 bad48000
46506 bad50000
46507 bad58000
46508 bad60000
46509 bad68000
46510 bad70000
46511 bad78000
46512 bad80000
46513 bad88000
46514 bad90000
46515 bad98000
46516 bada0000
46517 bada8000
46518 badb0000
46519 badb8000
46520 badc0000
46521 badc8000
46522 badd0000
46523 badd8000
46524 bade0000
46525 bade8000
46526 badf0000
46527 badf8000
46528 bae00000
46529 bae08000
46530 bae10000
46531 bae18000
46532 bae20000
46533 bae28000
46534 bae30000
46535 bae38000
46536 bae40000
46537 bae48000
46538 bae50000
46539 bae58000
46540 bae60000
46541 bae68000
46542 bae70000
46543 bae78000
46544 bae80000
46545 bae88000
46546 bae90000
46547 bae98000
46548 baea0000
46549 baea8000
46550 baeb0000
46551 baeb8000
46552 baec0000
46553 baec8000
46554 baed0000
46555 baed8000
46556 baee0000
46557 baee8000
46558 baef0000
46559 baef8000
46560 baf00000
46561 baf08000
46562 baf10000
46563 baf18000
46564 baf20000
46565 baf28000
46566 baf30000
46567 baf38000
46568 baf40000
46569 baf48000
46570 baf50000
46571 baf58000
46572 baf60000
46573 baf68000
46574 baf70000
46575 baf78000
46576 baf80000
46577 baf88000
46578 baf90000
46579 baf98000
46580 bafa0000
46581 bafa8000
46582 bafb0000
46583 bafb8000
46584 bafc0000
46585 bafc8000
46586 bafd0000
46587 bafd8000
46588 bafe0000
46589 bafe8000
46590 baff0000
46591 baff8000
46592 bb000000
46593 bb008000
46594 bb010000
46595 bb018000
46596 bb020000
46597 bb028000
46598 bb030000
46599 bb038000
46600 bb040000
46601 bb048000
46602 bb050000
46603 bb058000
46604 bb060000
46605 bb068000
46606 bb070000
46607 bb078000
46608 bb080000
46609 bb088000
46610 bb090000
46611 bb098000
46612 bb0a0000
46613 bb0a8000
46614 bb0b0000
46615 bb0b8000
46616 bb0c0000
46617 bb0c8000
46618 bb0d0000
46619 bb0d8000
46620 bb0e0000
46621 bb0e8000
46622 bb0f0000
46623 bb0f8000
46624 bb100000
46625 bb108000
46626 bb110000
46627 bb118000
46628 bb120000
46629 bb128000
46630 bb130000
46631 bb138000
46632 bb140000
46633 bb148000
46634 bb150000
46635 bb158000
46636 bb160000
46637 bb168000
46638 bb170000
46639 bb178000
46640 bb180000
46641 bb188000
46642 bb190000
46643 bb198000
46644 bb1a0000
46645 bb1a8000
46646 bb1b0000
46647 bb1b8000
46648 bb1c0000
46649 bb1c8000
46650 bb1d0000
46651 bb1d8000
46652 bb1e0000
46653 bb1e8000
46654 bb1f0000
46655 bb1f8000
46656 bb200000
46657 bb208000
46658 bb210000
46659 bb218000
46660 bb220000
46661 bb228000
46662 bb230000
46663 bb238000
46664 bb240000
46665 bb248000
46666 bb250000
46667 bb258000
46668 bb260000
46669 bb268000
46670 bb270000
46671 bb278000
46672 bb280000
46673 bb288000
46674 bb290000
46675 bb298000
46676 bb2a0000
46677 bb2a8000
46678 bb2b0000
46679 bb2b8000
46680 bb2c0000
46681 bb2c8000
46682 bb2d0000
46683 bb2d8000
46684 bb2e0000
46685 bb2e8000
46686 bb2f0000
46687 bb2f8000
46688 bb300000
46689 bb308000
46690 bb310000
46691 bb318000
46692 bb320000
46693 bb328000
46694 bb330000
46695 bb338000
46696 bb340000
46697 bb348000
46698 bb350000
46699 bb358000
46700 bb360000
46701 bb368000
46702 bb370000
46703 bb378000
46704 bb380000
46705 bb388000
46706 bb390000
46707 bb398000
46708 bb3a0000
46709 bb3a8000
46710 bb3b0000
46711 bb3b8000
46712 bb3c0000
46713 bb3c8000
46714 bb3d0000
46715 bb3d8000
46716 bb3e0000
46717 bb3e8000
46718 bb3f0000
46719 bb3f8000
46720 bb400000
46721 bb408000
46722 bb410000
46723 bb418000
46724 bb420000
46725 bb428000
46726 bb430000
46727 bb438000
46728 bb440000
46729 bb448000
46730 bb450000
46731 bb458000
46732 bb460000
46733 bb468000
46734 bb470000
46735 bb478000
46736 bb480000
46737 bb488000
46738 bb490000
46739 bb498000
46740 bb4a0000
46741 bb4a8000
46742 bb4b0000
46743 bb4b8000
46744 bb4c0000
46745 bb4c8000
46746 bb4d0000
46747 bb4d8000
46748 bb4e0000
46749 bb4e8000
46750 bb4f0000
46751 bb4f8000
46752 bb500000
46753 bb508000
46754 bb510000
46755 bb518000
46756 bb520000
46757 bb528000
46758 bb530000
46759 bb538000
46760 bb540000
46761 bb548000
46762 bb550000
46763 bb558000
46764 bb560000
46765 bb568000
46766 bb570000
46767 bb578000
46768 bb580000
46769 bb588000
46770 bb590000
46771 bb598000
46772 bb5a0000
46773 bb5a8000
46774 bb5b0000
46775 bb5b8000
46776 bb5c0000
46777 bb5c8000
46778 bb5d0000
46779 bb5d8000
46780 bb5e0000
46781 bb5e8000
46782 bb5f0000
46783 bb5f8000
46784 bb600000
46785 bb608000
46786 bb610000
46787 bb618000
46788 bb620000
46789 bb628000
46790 bb630000
46791 bb638000
46792 bb640000
46793 bb648000
46794 bb650000
46795 bb658000
46796 bb660000
46797 bb668000
46798 bb670000
46799 bb678000
46800 bb680000
46801 bb688000
46802 bb690000
46803 bb698000
46804 bb6a0000
46805 bb6a8000
46806 bb6b0000
46807 bb6b8000
46808 bb6c0000
46809 bb6c8000
46810 bb6d0000
46811 bb6d8000
46812 bb6e0000
46813 bb6e8000
46814 bb6f0000
46815 bb6f8000
46816 bb700000
46817 bb708000
46818 bb710000
46819 bb718000
46820 bb720000
46821 bb728000
46822 bb730000
46823 bb738000
46824 bb740000
46825 bb748000
46826 bb750000
46827 bb758000
46828 bb760000
46829 bb768000
46830 bb770000
46831 bb778000
46832 bb780000
46833 bb788000
46834 bb790000
46835 bb798000
46836 bb7a0000
46837 bb7a8000
46838 bb7b0000
46839 bb7b8000
46840 bb7c0000
46841 bb7c8000
46842 bb7d0000
46843 bb7d8000
46844 bb7e0000
46845 bb7e8000
46846 bb7f0000
46847 bb7f8000
46848 bb800000
46849 bb808000
46850 bb810000
46851 bb818000
46852 bb820000
46853 bb828000
46854 bb830000
46855 bb838000
46856 bb840000
46857 bb848000
46858 bb850000
46859 bb858000
46860 bb860000
46861 bb868000
46862 bb870000
46863 bb878000
46864 bb880000
46865 bb888000
46866 bb890000
46867 bb898000
46868 bb8a0000
46869 bb8a8000
46870 bb8b0000
46871 bb8b8000
46872 bb8c0000
46873 bb8c8000
46874 bb8d0000
46875 bb8d8000
46876 bb8e0000
46877 bb8e8000
46878 bb8f0000
46879 bb8f8000
46880 bb900000
46881 bb908000
46882 bb910000
46883 bb918000
46884 bb920000
46885 bb928000
46886 bb930000
46887 bb938000
46888 bb940000
46889 bb948000
46890 bb950000
46891 bb958000
46892 bb960000
46893 bb968000
46894 bb970000
46895 bb978000
46896 bb980000
46897 bb988000
46898 bb990000
46899 bb998000
46900 bb9a0000
46901 bb9a8000
46902 bb9b0000
46903 bb9b8000
46904 bb9c0000
46905 bb9c8000
46906 bb9d0000
46907 bb9d8000
46908 bb9e0000
46909 bb9e8000
46910 bb9f0000
46911 bb9f8000
46912 bba00000
46913 bba08000
46914 bba10000
46915 bba18000
46916 bba20000
46917 bba28000
46918 bba30000
46919 bba38000
46920 bba40000
46921 bba48000
46922 bba50000
46923 bba58000
46924 bba60000
46925 bba68000
46926 bba70000
46927 bba78000
46928 bba80000
46929 bba88000
46930 bba90000
46931 bba98000
46932 bbaa0000
46933 bbaa8000
46934 bbab0000
46935 bbab8000
46936 bbac0000
46937 bbac8000
46938 bbad0000
46939 bbad8000
46940 bbae0000
46941 bbae8000
46942 bbaf0000
46943 bbaf8000
46944 bbb00000
46945 bbb08000
46946 bbb10000
46947 bbb18000
46948 bbb20000
46949 bbb28000
46950 bbb30000
46951 bbb38000
46952 bbb40000
46953 bbb48000
46954 bbb50000
46955 bbb58000
46956 bbb60000
46957 bbb68000
46958 bbb70000
46959 bbb78000
46960 bbb80000
46961 bbb88000
46962 bbb90000
46963 bbb98000
46964 bbba0000
46965 bbba8000
46966 bbbb0000
46967 bbbb8000
46968 bbbc0000
46969 bbbc8000
46970 bbbd0000
46971 bbbd8000
46972 bbbe0000
46973 bbbe8000
46974 bbbf0000
46975 bbbf8000
46976 bbc00000
46977 bbc08000
46978 bbc10000
46979 bbc18000
46980 bbc20000
46981 bbc28000
46982 bbc30000
46983 bbc38000
46984 bbc40000
46985 bbc48000
46986 bbc50000
46987 bbc58000
46988 bbc60000
46989 bbc68000
46990 bbc70000
46991 bbc78000
46992 bbc80000
46993 bbc88000
46994 bbc90000
46995 bbc98000
46996 bbca0000
46997 bbca8000
46998 bbcb0000
46999 bbcb8000
47000 bbcc0000
47001 bbcc8000
47002 bbcd0000
47003 bbcd8000
47004 bbce0000
47005 bbce8000
47006 bbcf0000
47007 bbcf8000
47008 bbd00000
47009 bbd08000
47010 bbd10000
47011 bbd18000
47012 bbd20000
47013 bbd28000
47014 bbd30000
47015 bbd38000
47016 bbd40000
47017 bbd48000
47018 bbd50000
47019 bbd58000
47020 bbd60000
47021 bbd68000
47022 bbd70000
47023 bbd78000
47024 bbd80000
47025 bbd88000
47026 bbd90000
47027 bbd98000
47028 bbda0000
47029 bbda8000
47030 bbdb0000
47031 bbdb8000
47032 bbdc0000
47033 bbdc8000
47034 bbdd0000
47035 bbdd8000
47036 bbde0000
47037 bbde8000
47038 bbdf0000
47039 bbdf8000
47040 bbe00000
47041 bbe08000
47042 bbe10000
47043 bbe18000
47044 bbe20000
47045 bbe28000
47046 bbe30000
47047 bbe38000
47048 bbe40000
47049 bbe48000
47050 bbe50000
47051 bbe58000
47052 bbe60000
47053 bbe68000
47054 bbe70000
47055 bbe78000
47056 bbe80000
47057 bbe88000
47058 bbe90000
47059 bbe98000
47060 bbea0000
47061 bbea8000
47062 bbeb0000
47063 bbeb8000
47064 bbec0000
47065 bbec8000
47066 bbed0000
47067 bbed8000
47068 bbee0000
47069 bbee8000
47070 bbef0000
47071 bbef8000
47072 bbf00000
47073 bbf08000
47074 bbf10000
47075 bbf18000
47076 bbf20000
47077 bbf28000
47078 bbf30000
47079 bbf38000
47080 bbf40000
47081 bbf48000
47082 bbf50000
47083 bbf58000
47084 bbf60000
47085 bbf68000
47086 bbf70000
47087 bbf78000
47088 bbf80000
47089 bbf88000
47090 bbf90000
47091 bbf98000
47092 bbfa0000
47093 bbfa8000
47094 bbfb0000
47095 bbfb8000
47096 bbfc0000
47097 bbfc8000
47098 bbfd0000
47099 bbfd8000
47100 bbfe0000
47101 bbfe8000
47102 bbff0000
47103 bbff8000
47104 bc000000
47105 bc008000
47106 bc010000
47107 bc018000
47108 bc020000
47109 bc028000
47110 bc030000
47111 bc038000
47112 bc040000
47113 bc048000
47114 bc050000
47115 bc058000
47116 bc060000
47117 bc068000
47118 bc070000
47119 bc078000
47120 bc080000
47121 bc088000
47122 bc090000
47123 bc098000
47124 bc0a0000
47125 bc0a8000
47126 bc0b0000
47127 bc0b8000
47128 bc0c0000
47129 bc0c8000
47130 bc0d0000
47131 bc0d8000
47132 bc0e0000
47133 bc0e8000
47134 bc0f0000
47135 bc0f8000
47136 bc100000
47137 bc108000
47138 bc110000
47139 bc118000
47140 bc120000
47141 bc128000
47142 bc130000
47143 bc138000
47144 bc140000
47145 bc148000
47146 bc150000
47147 bc158000
47148 bc160000
47149 bc168000
47150 bc170000
47151 bc178000
47152 bc180000
47153 bc188000
47154 bc190000
47155 bc198000
47156 bc1a0000
47157 bc1a8000
47158 bc1b0000
47159 bc1b8000
47160 bc1c0000
47161 bc1c8000
47162 bc1d0000
47163 bc1d8000
47164 bc1e0000
47165 bc1e8000
47166 bc1f0000
47167 bc1f8000
47168 bc200000
47169 bc208000
47170 bc210000
47171 bc218000
47172 bc220000
47173 bc228000
47174 bc230000
47175 bc238000
47176 bc240000
47177 bc248000
47178 bc250000
47179 bc258000
47180 bc260000
47181 bc268000
47182 bc270000
47183 bc278000
47184 bc280000
47185 bc288000
47186 bc290000
47187 bc298000
47188 bc2a0000
47189 bc2a8000
47190 bc2b0000
47191 bc2b8000
47192 bc2c0000
47193 bc2c8000
47194 bc2d0000
47195 bc2d8000
47196 bc2e0000
47197 bc2e8000
47198 bc2f0000
47199 bc2f8000
47200 bc300000
47201 bc308000
47202 bc310000
47203 bc318000
47204 bc320000
47205 bc328000
47206 bc330000
47207 bc338000
47208 bc340000
47209 bc348000
47210 bc350000
47211 bc358000
47212 bc360000
47213 bc368000
47214 bc370000
47215 bc378000
47216 bc380000
47217 bc388000
47218 bc390000
47219 bc398000
47220 bc3a0000
47221 bc3a8000
47222 bc3b0000
47223 bc3b8000
47224 bc3c0000
47225 bc3c8000
47226 bc3d0000
47227 bc3d8000
47228 bc3e0000
47229 bc3e8000
47230 bc3f0000
47231 bc3f8000
47232 bc400000
47233 bc408000
47234 bc410000
47235 bc418000
47236 bc420000
47237 bc428000
47238 bc430000
47239 bc438000
47240 bc440000
47241 bc448000
47242 bc450000
47243 bc458000
47244 bc460000
47245 bc468000
47246 bc470000
47247 bc478000
47248 bc480000
47249 bc488000
47250 bc490000
47251 bc498000
47252 bc4a0000
47253 bc4a8000
47254 bc4b0000
47255 bc4b8000
47256 bc4c0000
47257 bc4c8000
47258 bc4d0000
47259 bc4d8000
47260 bc4e0000
47261 bc4e8000
47262 bc4f0000
47263 bc4f8000
47264 bc500000
47265 bc508000
47266 bc510000
47267 bc518000
47268 bc520000
47269 bc528000
47270 bc530000
47271 bc538000
47272 bc540000
47273 bc548000
47274 bc550000
47275 bc558000
47276 bc560000
47277 bc568000
47278 bc570000
47279 bc578000
47280 bc580000
47281 bc588000
47282 bc590000
47283 bc598000
47284 bc5a0000
47285 bc5a8000
47286 bc5b0000
47287 bc5b8000
47288 bc5c0000
47289 bc5c8000
47290 bc5d0000
47291 bc5d8000
47292 bc5e0000
47293 bc5e8000
47294 bc5f0000
47295 bc5f8000
47296 bc600000
47297 bc608000
47298 bc610000
47299 bc618000
47300 bc620000
47301 bc628000
47302 bc630000
47303 bc638000
47304 bc640000
47305 bc648000
47306 bc650000
47307 bc658000
47308 bc660000
47309 bc668000
47310 bc670000
47311 bc678000
47312 bc680000
47313 bc688000
47314 bc690000
47315 bc698000
47316 bc6a0000
47317 bc6a8000
47318 bc6b0000
47319 bc6b8000
47320 bc6c0000
47321 bc6c8000
47322 bc6d0000
47323 bc6d8000
47324 bc6e0000
47325 bc6e8000
47326 bc6f0000
47327 bc6f8000
47328 bc700000
47329 bc708000
47330 bc710000
47331 bc718000
47332 bc720000
47333 bc728000
47334 bc730000
47335 bc738000
47336 bc740000
47337 bc748000
47338 bc750000
47339 bc758000
47340 bc760000
47341 bc768000
47342 bc770000
47343 bc778000
47344 bc780000
47345 bc788000
47346 bc790000
47347 bc798000
47348 bc7a0000
47349 bc7a8000
47350 bc7b0000
47351 bc7b8000
47352 bc7c0000
47353 bc7c8000
47354 bc7d0000
47355 bc7d8000
47356 bc7e0000
47357 bc7e8000
47358 bc7f0000
47359 bc7f8000
47360 bc800000
47361 bc808000
47362 bc810000
47363 bc818000
47364 bc820000
47365 bc828000
47366 bc830000
47367 bc838000
47368 bc840000
47369 bc848000
47370 bc850000
47371 bc858000
47372 bc860000
47373 bc868000
47374 bc870000
47375 bc878000
47376 bc880000
47377 bc888000
47378 bc890000
47379 bc898000
47380 bc8a0000
47381 bc8a8000
47382 bc8b0000
47383 bc8b8000
47384 bc8c0000
47385 bc8c8000
47386 bc8d0000
47387 bc8d8000
47388 bc8e0000
47389 bc8e8000
47390 bc8f0000
47391 bc8f8000
47392 bc900000
47393 bc908000
47394 bc910000
47395 bc918000
47396 bc920000
47397 bc928000
47398 bc930000
47399 bc938000
47400 bc940000
47401 bc948000
47402 bc950000
47403 bc958000
47404 bc960000
47405 bc968000
47406 bc970000
47407 bc978000
47408 bc980000
47409 bc988000
47410 bc990000
47411 bc998000
47412 bc9a0000
47413 bc9a8000
47414 bc9b0000
47415 bc9b8000
47416 bc9c0000
47417 bc9c8000
47418 bc9d0000
47419 bc9d8000
47420 bc9e0000
47421 bc9e8000
47422 bc9f0000
47423 bc9f8000
47424 bca00000
47425 bca08000
47426 bca10000
47427 bca18000
47428 bca20000
47429 bca28000
47430 bca30000
47431 bca38000
47432 bca40000
47433 bca48000
47434 bca50000
47435 bca58000
47436 bca60000
47437 bca68000
47438 bca70000
47439 bca78000
47440 bca80000
47441 bca88000
47442 bca90000
47443 bca98000
47444 bcaa0000
47445 bcaa8000
47446 bcab0000
47447 bcab8000
47448 bcac0000
47449 bcac8000
47450 bcad0000
47451 bcad8000
47452 bcae0000
47453 bcae8000
47454 bcaf0000
47455 bcaf8000
47456 bcb00000
47457 bcb08000
47458 bcb10000
47459 bcb18000
47460 bcb20000
47461 bcb28000
47462 bcb30000
47463 bcb38000
47464 bcb40000
47465 bcb48000
47466 bcb50000
47467 bcb58000
47468 bcb60000
47469 bcb68000
47470 bcb70000
47471 bcb78000
47472 bcb80000
47473 bcb88000
47474 bcb90000
47475 bcb98000
47476 bcba0000
47477 bcba8000
47478 bcbb0000
47479 bcbb8000
47480 bcbc0000
47481 bcbc8000
47482 bcbd0000
47483 bcbd8000
47484 bcbe0000
47485 bcbe8000
47486 bcbf0000
47487 bcbf8000
47488 bcc00000
47489 bcc08000
47490 bcc10000
47491 bcc18000
47492 bcc20000
47493 bcc28000
47494 bcc30000
47495 bcc38000
47496 bcc40000
47497 bcc48000
47498 bcc50000
47499 bcc58000
47500 bcc60000
47501 bcc68000
47502 bcc70000
47503 bcc78000
47504 bcc80000
47505 bcc88000
47506 bcc90000
47507 bcc98000
47508 bcca0000
47509 bcca8000
47510 bccb0000
47511 bccb8000
47512 bccc0000
47513 bccc8000
47514 bccd0000
47515 bccd8000
47516 bcce0000
47517 bcce8000
47518 bccf0000
47519 bccf8000
47520 bcd00000
47521 bcd08000
47522 bcd10000
47523 bcd18000
47524 bcd20000
47525 bcd28000
47526 bcd30000
47527 bcd38000
47528 bcd40000
47529 bcd48000
47530 bcd50000
47531 bcd58000
47532 bcd60000
47533 bcd68000
47534 bcd70000
47535 bcd78000
47536 bcd80000
47537 bcd88000
47538 bcd90000
47539 bcd98000
47540 bcda0000
47541 bcda8000
47542 bcdb0000
47543 bcdb8000
47544 bcdc0000
47545 bcdc8000
47546 bcdd0000
47547 bcdd8000
47548 bcde0000
47549 bcde8000
47550 bcdf0000
47551 bcdf8000
47552 bce00000
47553 bce08000
47554 bce10000
47555 bce18000
47556 bce20000
47557 bce28000
47558 bce30000
47559 bce38000
47560 bce40000
47561 bce48000
47562 bce50000
47563 bce58000
47564 bce60000
47565 bce68000
47566 bce70000
47567 bce78000
47568 bce80000
47569 bce88000
47570 bce90000
47571 bce98000
47572 bcea0000
47573 bcea8000
47574 bceb0000
47575 bceb8000
47576 bcec0000
47577 bcec8000
47578 bced0000
47579 bced8000
47580 bcee0000
47581 bcee8000
47582 bcef0000
47583 bcef8000
47584 bcf00000
47585 bcf08000
47586 bcf10000
47587 bcf18000
47588 bcf20000
47589 bcf28000
47590 bcf30000
47591 bcf38000
47592 bcf40000
47593 bcf48000
47594 bcf50000
47595 bcf58000
47596 bcf60000
47597 bcf68000
47598 bcf70000
47599 bcf78000
47600 bcf80000
47601 bcf88000
47602 bcf90000
47603 bcf98000
47604 bcfa0000
47605 bcfa8000
47606 bcfb0000
47607 bcfb8000
47608 bcfc0000
47609 bcfc8000
47610 bcfd0000
47611 bcfd8000
47612 bcfe0000
47613 bcfe8000
47614 bcff0000
47615 bcff8000
47616 bd000000
47617 bd008000
47618 bd010000
47619 bd018000
47620 bd020000
47621 bd028000
47622 bd030000
47623 bd038000
47624 bd040000
47625 bd048000
47626 bd050000
47627 bd058000
47628 bd060000
47629 bd068000
47630 bd070000
47631 bd078000
47632 bd080000
47633 bd088000
47634 bd090000
47635 bd098000
47636 bd0a0000
47637 bd0a8000
47638 bd0b0000
47639 bd0b8000
47640 bd0c0000
47641 bd0c8000
47642 bd0d0000
47643 bd0d8000
47644 bd0e0000
47645 bd0e8000
47646 bd0f0000
47647 bd0f8000
47648 bd100000
47649 bd108000
47650 bd110000
47651 bd118000
47652 bd120000
47653 bd128000
47654 bd130000
47655 bd138000
47656 bd140000
47657 bd148000
47658 bd150000
47659 bd158000
47660 bd160000
47661 bd168000
47662 bd170000
47663 bd178000
47664 bd180000
47665 bd188000
47666 bd190000
47667 bd198000
47668 bd1a0000
47669 bd1a8000
47670 bd1b0000
47671 bd1b8000
47672 bd1c0000
47673 bd1c8000
47674 bd1d0000
47675 bd1d8000
47676 bd1e0000
47677 bd1e8000
47678 bd1f0000
47679 bd1f8000
47680 bd200000
47681 bd208000
47682 bd210000
47683 bd218000
47684 bd220000
47685 bd228000
47686 bd230000
47687 bd238000
47688 bd240000
47689 bd248000
47690 bd250000
47691 bd258000
47692 bd260000
47693 bd268000
47694 bd270000
47695 bd278000
47696 bd280000
47697 bd288000
47698 bd290000
47699 bd298000
47700 bd2a0000
47701 bd2a8000
47702 bd2b0000
47703 bd2b8000
47704 bd2c0000
47705 bd2c8000
47706 bd2d0000
47707 bd2d8000
47708 bd2e0000
47709 bd2e8000
47710 bd2f0000
47711 bd2f8000
47712 bd300000
47713 bd308000
47714 bd310000
47715 bd318000
47716 bd320000
47717 bd328000
47718 bd330000
47719 bd338000
47720 bd340000
47721 bd348000
47722 bd350000
47723 bd358000
47724 bd360000
47725 bd368000
47726 bd370000
47727 bd378000
47728 bd380000
47729 bd388000
47730 bd390000
47731 bd398000
47732 bd3a0000
47733 bd3a8000
47734 bd3b0000
47735 bd3b8000
47736 bd3c0000
47737 bd3c8000
47738 bd3d0000
47739 bd3d8000
47740 bd3e0000
47741 bd3e8000
47742 bd3f0000
47743 bd3f8000
47744 bd400000
47745 bd408000
47746 bd410000
47747 bd418000
47748 bd420000
47749 bd428000
47750 bd430000
47751 bd438000
47752 bd440000
47753 bd448000
47754 bd450000
47755 bd458000
47756 bd460000
47757 bd468000
47758 bd470000
47759 bd478000
47760 bd480000
47761 bd488000
47762 bd490000
47763 bd498000
47764 bd4a0000
47765 bd4a8000
47766 bd4b0000
47767 bd4b8000
47768 bd4c0000
47769 bd4c8000
47770 bd4d0000
47771 bd4d8000
47772 bd4e0000
47773 bd4e8000
47774 bd4f0000
47775 bd4f8000
47776 bd500000
47777 bd508000
47778 bd510000
47779 bd518000
47780 bd520000
47781 bd528000
47782 bd530000
47783 bd538000
47784 bd540000
47785 bd548000
47786 bd550000
47787 bd558000
47788 bd560000
47789 bd568000
47790 bd570000
47791 bd578000
47792 bd580000
47793 bd588000
47794 bd590000
47795 bd598000
47796 bd5a0000
47797 bd5a8000
47798 bd5b0000
47799 bd5b8000
47800 bd5c0000
47801 bd5c8000
47802 bd5d0000
47803 bd5d8000
47804 bd5e0000
47805 bd5e8000
47806 bd5f0000
47807 bd5f8000
47808 bd600000
47809 bd608000
47810 bd610000
47811 bd618000
47812 bd620000
47813 bd628000
47814 bd630000
47815 bd638000
47816 bd640000
47817 bd648000
47818 bd650000
47819 bd658000
47820 bd660000
47821 bd668000
47822 bd670000
47823 bd678000
47824 bd680000
47825 bd688000
47826 bd690000
47827 bd698000
47828 bd6a0000
47829 bd6a8000
47830 bd6b0000
47831 bd6b8000
47832 bd6c0000
47833 bd6c8000
47834 bd6d0000
47835 bd6d8000
47836 bd6e0000
47837 bd6e8000
47838 bd6f0000
47839 bd6f8000
47840 bd700000
47841 bd708000
47842 bd710000
47843 bd718000
47844 bd720000
47845 bd728000
47846 bd730000
47847 bd738000
47848 bd740000
47849 bd748000
47850 bd750000
47851 bd758000
47852 bd760000
47853 bd768000
47854 bd770000
47855 bd778000
47856 bd780000
47857 bd788000
47858 bd790000
47859 bd798000
47860 bd7a0000
47861 bd7a8000
47862 bd7b0000
47863 bd7b8000
47864 bd7c0000
47865 bd7c8000
47866 bd7d0000
47867 bd7d8000
47868 bd7e0000
47869 bd7e8000
47870 bd7f0000
47871 bd7f8000
47872 bd800000
47873 bd808000
47874 bd810000
47875 bd818000
47876 bd820000
47877 bd828000
47878 bd830000
47879 bd838000
47880 bd840000
47881 bd848000
47882 bd850000
47883 bd858000
47884 bd860000
47885 bd868000
47886 bd870000
47887 bd878000
47888 bd880000
47889 bd888000
47890 bd890000
47891 bd898000
47892 bd8a0000
47893 bd8a8000
47894 bd8b0000
47895 bd8b8000
47896 bd8c0000
47897 bd8c8000
47898 bd8d0000
47899 bd8d8000
47900 bd8e0000
47901 bd8e8000
47902 bd8f0000
47903 bd8f8000
47904 bd900000
47905 bd908000
47906 bd910000
47907 bd918000
47908 bd920000
47909 bd928000
47910 bd930000
47911 bd938000
47912 bd940000
47913 bd948000
47914 bd950000
47915 bd958000
47916 bd960000
47917 bd968000
47918 bd970000
47919 bd978000
47920 bd980000
47921 bd988000
47922 bd990000
47923 bd998000
47924 bd9a0000
47925 bd9a8000
47926 bd9b0000
47927 bd9b8000
47928 bd9c0000
47929 bd9c8000
47930 bd9d0000
47931 bd9d8000
47932 bd9e0000
47933 bd9e8000
47934 bd9f0000
47935 bd9f8000
47936 bda00000
47937 bda08000
47938 bda10000
47939 bda18000
47940 bda20000
47941 bda28000
47942 bda30000
47943 bda38000
47944 bda40000
47945 bda48000
47946 bda50000
47947 bda58000
47948 bda60000
47949 bda68000
47950 bda70000
47951 bda78000
47952 bda80000
47953 bda88000
47954 bda90000
47955 bda98000
47956 bdaa0000
47957 bdaa8000
47958 bdab0000
47959 bdab8000
47960 bdac0000
47961 bdac8000
47962 bdad0000
47963 bdad8000
47964 bdae0000
47965 bdae8000
47966 bdaf0000
47967 bdaf8000
47968 bdb00000
47969 bdb08000
47970 bdb10000
47971 bdb18000
47972 bdb20000
47973 bdb28000
47974 bdb30000
47975 bdb38000
47976 bdb40000
47977 bdb48000
47978 bdb50000
47979 bdb58000
47980 bdb60000
47981 bdb68000
47982 bdb70000
47983 bdb78000
47984 bdb80000
47985 bdb88000
47986 bdb90000
47987 bdb98000
47988 bdba0000
47989 bdba8000
47990 bdbb0000
47991 bdbb8000
47992 bdbc0000
47993 bdbc8000
47994 bdbd0000
47995 bdbd8000
47996 bdbe0000
47997 bdbe8000
47998 bdbf0000
47999 bdbf8000
48000 bdc00000
48001 bdc08000
48002 bdc10000
48003 bdc18000
48004 bdc20000
48005 bdc28000
48006 bdc30000
48007 bdc38000
48008 bdc40000
48009 bdc48000
48010 bdc50000
48011 bdc58000
48012 bdc60000
48013 bdc68000
48014 bdc70000
48015 bdc78000
48016 bdc80000
48017 bdc88000
48018 bdc90000
48019 bdc98000
48020 bdca0000
48021 bdca8000
48022 bdcb0000
48023 bdcb8000
48024 bdcc0000
48025 bdcc8000
48026 bdcd0000
48027 bdcd8000
48028 bdce0000
48029 bdce8000
48030 bdcf0000
48031 bdcf8000
48032 bdd00000
48033 bdd08000
48034 bdd10000
48035 bdd18000
48036 bdd20000
48037 bdd28000
48038 bdd30000
48039 bdd38000
48040 bdd40000
48041 bdd48000
48042 bdd50000
48043 bdd58000
48044 bdd60000
48045 bdd68000
48046 bdd70000
48047 bdd78000
48048 bdd80000
48049 bdd88000
48050 bdd90000
48051 bdd98000
48052 bdda0000
48053 bdda8000
48054 bddb0000
48055 bddb8000
48056 bddc0000
48057 bddc8000
48058 bddd0000
48059 bddd8000
48060 bdde0000
48061 bdde8000
48062 bddf0000
48063 bddf8000
48064 bde00000
48065 bde08000
48066 bde10000
48067 bde18000
48068 bde20000
48069 bde28000
48070 bde30000
48071 bde38000
48072 bde40000
48073 bde48000
48074 bde50000
48075 bde58000
48076 bde60000
48077 bde68000
48078 bde70000
48079 bde78000
48080 bde80000
48081 bde88000
48082 bde90000
48083 bde98000
48084 bdea0000
48085 bdea8000
48086 bdeb0000
48087 bdeb8000
48088 bdec0000
48089 bdec8000
48090 bded0000
48091 bded8000
48092 bdee0000
48093 bdee8000
48094 bdef0000
48095 bdef8000
48096 bdf00000
48097 bdf08000
48098 bdf10000
48099 bdf18000
48100 bdf20000
48101 bdf28000
48102 bdf30000
48103 bdf38000
48104 bdf40000
48105 bdf48000
48106 bdf50000
48107 bdf58000
48108 bdf60000
48109 bdf68000
48110 bdf70000
48111 bdf78000
48112 bdf80000
48113 bdf88000
48114 bdf90000
48115 bdf98000
48116 bdfa0000
48117 bdfa8000
48118 bdfb0000
48119 bdfb8000
48120 bdfc0000
48121 bdfc8000
48122 bdfd0000
48123 bdfd8000
48124 bdfe0000
48125 bdfe8000
48126 bdff0000
48127 bdff8000
48128 be000000
48129 be008000
48130 be010000
48131 be018000
48132 be020000
48133 be028000
48134 be030000
48135 be038000
48136 be040000
48137 be048000
48138 be050000
48139 be058000
48140 be060000
48141 be068000
48142 be070000
48143 be078000
48144 be080000
48145 be088000
48146 be090000
48147 be098000
48148 be0a0000
48149 be0a8000
48150 be0b0000
48151 be0b8000
48152 be0c0000
48153 be0c8000
48154 be0d0000
48155 be0d8000
48156 be0e0000
48157 be0e8000
48158 be0f0000
48159 be0f8000
48160 be100000
48161 be108000
48162 be110000
48163 be118000
48164 be120000
48165 be128000
48166 be130000
48167 be138000
48168 be140000
48169 be148000
48170 be150000
48171 be158000
48172 be160000
48173 be168000
48174 be170000
48175 be178000
48176 be180000
48177 be188000
48178 be190000
48179 be198000
48180 be1a0000
48181 be1a8000
48182 be1b0000
48183 be1b8000
48184 be1c0000
48185 be1c8000
48186 be1d0000
48187 be1d8000
48188 be1e0000
48189 be1e8000
48190 be1f0000
48191 be1f8000
48192 be200000
48193 be208000
48194 be210000
48195 be218000
48196 be220000
48197 be228000
48198 be230000
48199 be238000
48200 be240000
48201 be248000
48202 be250000
48203 be258000
48204 be260000
48205 be268000
48206 be270000
48207 be278000
48208 be280000
48209 be288000
48210 be290000
48211 be298000
48212 be2a0000
48213 be2a8000
48214 be2b0000
48215 be2b8000
48216 be2c0000
48217 be2c8000
48218 be2d0000
48219 be2d8000
48220 be2e0000
48221 be2e8000
48222 be2f0000
48223 be2f8000
48224 be300000
48225 be308000
48226 be310000
48227 be318000
48228 be320000
48229 be328000
48230 be330000
48231 be338000
48232 be340000
48233 be348000
48234 be350000
48235 be358000
48236 be360000
48237 be368000
48238 be370000
48239 be378000
48240 be380000
48241 be388000
48242 be390000
48243 be398000
48244 be3a0000
48245 be3a8000
48246 be3b0000
48247 be3b8000
48248 be3c0000
48249 be3c8000
48250 be3d0000
48251 be3d8000
48252 be3e0000
48253 be3e8000
48254 be3f0000
48255 be3f8000
48256 be400000
48257 be408000
48258 be410000
48259 be418000
48260 be420000
48261 be428000
48262 be430000
48263 be438000
48264 be440000
48265 be448000
48266 be450000
48267 be458000
48268 be460000
48269 be468000
48270 be470000
48271 be478000
48272 be480000
48273 be488000
48274 be490000
48275 be498000
48276 be4a0000
48277 be4a8000
48278 be4b0000
48279 be4b8000
48280 be4c0000
48281 be4c8000
48282 be4d0000
48283 be4d8000
48284 be4e0000
48285 be4e8000
48286 be4f0000
48287 be4f8000
48288 be500000
48289 be508000
48290 be510000
48291 be518000
48292 be520000
48293 be528000
48294 be530000
48295 be538000
48296 be540000
48297 be548000
48298 be550000
48299 be558000
48300 be560000
48301 be568000
48302 be570000
48303 be578000
48304 be580000
48305 be588000
48306 be590000
48307 be598000
48308 be5a0000
48309 be5a8000
48310 be5b0000
48311 be5b8000
48312 be5c0000
48313 be5c8000
48314 be5d0000
48315 be5d8000
48316 be5e0000
48317 be5e8000
48318 be5f0000
48319 be5f8000
48320 be600000
48321 be608000
48322 be610000
48323 be618000
48324 be620000
48325 be628000
48326 be630000
48327 be638000
48328 be640000
48329 be648000
48330 be650000
48331 be658000
48332 be660000
48333 be668000
48334 be670000
48335 be678000
48336 be680000
48337 be688000
48338 be690000
48339 be698000
48340 be6a0000
48341 be6a8000
48342 be6b0000
48343 be6b8000
48344 be6c0000
48345 be6c8000
48346 be6d0000
48347 be6d8000
48348 be6e0000
48349 be6e8000
48350 be6f0000
48351 be6f8000
48352 be700000
48353 be708000
48354 be710000
48355 be718000
48356 be720000
48357 be728000
48358 be730000
48359 be738000
48360 be740000
48361 be748000
48362 be750000
48363 be758000
48364 be760000
48365 be768000
48366 be770000
48367 be778000
48368 be780000
48369 be788000
48370 be790000
48371 be798000
48372 be7a0000
48373 be7a8000
48374 be7b0000
48375 be7b8000
48376 be7c0000
48377 be7c8000
48378 be7d0000
48379 be7d8000
48380 be7e0000
48381 be7e8000
48382 be7f0000
48383 be7f8000
48384 be800000
48385 be808000
48386 be810000
48387 be818000
48388 be820000
48389 be828000
48390 be830000
48391 be838000
48392 be840000
48393 be848000
48394 be850000
48395 be858000
48396 be860000
48397 be868000
48398 be870000
48399 be878000
48400 be880000
48401 be888000
48402 be890000
48403 be898000
48404 be8a0000
48405 be8a8000
48406 be8b0000
48407 be8b8000
48408 be8c0000
48409 be8c8000
48410 be8d0000
48411 be8d8000
48412 be8e0000
48413 be8e8000
48414 be8f0000
48415 be8f8000
48416 be900000
48417 be908000
48418 be910000
48419 be918000
48420 be920000
48421 be928000
48422 be930000
48423 be938000
48424 be940000
48425 be948000
48426 be950000
48427 be958000
48428 be960000
48429 be968000
48430 be970000
48431 be978000
48432 be980000
48433 be988000
48434 be990000
48435 be998000
48436 be9a0000
48437 be9a8000
48438 be9b0000
48439 be9b8000
48440 be9c0000
48441 be9c8000
48442 be9d0000
48443 be9d8000
48444 be9e0000
48445 be9e8000
48446 be9f0000
48447 be9f8000
48448 bea00000
48449 bea08000
48450 bea10000
48451 bea18000
48452 bea20000
48453 bea28000
48454 bea30000
48455 bea38000
48456 bea40000
48457 bea48000
48458 bea50000
48459 bea58000
48460 bea60000
48461 bea68000
48462 bea70000
48463 bea78000
48464 bea80000
48465 bea88000
48466 bea90000
48467 bea98000
48468 beaa0000
48469 beaa8000
48470 beab0000
48471 beab8000
48472 beac0000
48473 beac8000
48474 bead0000
48475 bead8000
48476 beae0000
48477 beae8000
48478 beaf0000
48479 beaf8000
48480 beb00000
48481 beb08000
48482 beb10000
48483 beb18000
48484 beb20000
48485 beb28000
48486 beb30000
48487 beb38000
48488 beb40000
48489 beb48000
48490 beb50000
48491 beb58000
48492 beb60000
48493 beb68000
48494 beb70000
48495 beb78000
48496 beb80000
48497 beb88000
48498 beb90000
48499 beb98000
48500 beba0000
48501 beba8000
48502 bebb0000
48503 bebb8000
48504 bebc0000
48505 bebc8000
48506 bebd0000
48507 bebd8000
48508 bebe0000
48509 bebe8000
48510 bebf0000
48511 bebf8000
48512 bec00000
48513 bec08000
48514 bec10000
48515 bec18000
48516 bec20000
48517 bec28000
48518 bec30000
48519 bec38000
48520 bec40000
48521 bec48000
48522 bec50000
48523 bec58000
48524 bec60000
48525 bec68000
48526 bec70000
48527 bec78000
48528 bec80000
48529 bec88000
48530 bec90000
48531 bec98000
48532 beca0000
48533 beca8000
48534 becb0000
48535 becb8000
48536 becc0000
48537 becc8000
48538 becd0000
48539 becd8000
48540 bece0000
48541 bece8000
48542 becf0000
48543 becf8000
48544 bed00000
48545 bed08000
48546 bed10000
48547 bed18000
48548 bed20000
48549 bed28000
48550 bed30000
48551 bed38000
48552 bed40000
48553 bed48000
48554 bed50000
48555 bed58000
48556 bed60000
48557 bed68000
48558 bed70000
48559 bed78000
48560 bed80000
48561 bed88000
48562 bed90000
48563 bed98000
48564 beda0000
48565 beda8000
48566 bedb0000
48567 bedb8000
48568 bedc0000
48569 bedc8000
48570 bedd0000
48571 bedd8000
48572 bede0000
48573 bede8000
48574 bedf0000
48575 bedf8000
48576 bee00000
48577 bee08000
48578 bee10000
48579 bee18000
48580 bee20000
48581 bee28000
48582 bee30000
48583 bee38000
48584 bee40000
48585 bee48000
48586 bee50000
48587 bee58000
48588 bee60000
48589 bee68000
48590 bee70000
48591 bee78000
48592 bee80000
48593 bee88000
48594 bee90000
48595 bee98000
48596 beea0000
48597 beea8000
48598 beeb0000
48599 beeb8000
48600 beec0000
48601 beec8000
48602 beed0000
48603 beed8000
48604 beee0000
48605 beee8000
48606 beef0000
48607 beef8000
48608 bef00000
48609 bef08000
48610 bef10000
48611 bef18000
48612 bef20000
48613 bef28000
48614 bef30000
48615 bef38000
48616 bef40000
48617 bef48000
48618 bef50000
48619 bef58000
48620 bef60000
48621 bef68000
48622 bef70000
48623 bef78000
48624 bef80000
48625 bef88000
48626 bef90000
48627 bef98000
48628 befa0000
48629 befa8000
48630 befb0000
48631 befb8000
48632 befc0000
48633 befc8000
48634 befd0000
48635 befd8000
48636 befe0000
48637 befe8000
48638 beff0000
48639 beff8000
48640 bf000000
48641 bf008000
48642 bf010000
48643 bf018000
48644 bf020000
48645 bf028000
48646 bf030000
48647 bf038000
48648 bf040000
48649 bf048000
48650 bf050000
48651 bf058000
48652 bf060000
48653 bf068000
48654 bf070000
48655 bf078000
48656 bf080000
48657 bf088000
48658 bf090000
48659 bf098000
48660 bf0a0000
48661 bf0a8000
48662 bf0b0000
48663 bf0b8000
48664 bf0c0000
48665 bf0c8000
48666 bf0d0000
48667 bf0d8000
48668 bf0e0000
48669 bf0e8000
48670 bf0f0000
48671 bf0f8000
48672 bf100000
48673 bf108000
48674 bf110000
48675 bf118000
48676 bf120000
48677 bf128000
48678 bf130000
48679 bf138000
48680 bf140000
48681 bf148000
48682 bf150000
48683 bf158000
48684 bf160000
48685 bf168000
48686 bf170000
48687 bf178000
48688 bf180000
48689 bf188000
48690 bf190000
48691 bf198000
48692 bf1a0000
48693 bf1a8000
48694 bf1b0000
48695 bf1b8000
48696 bf1c0000
48697 bf1c8000
48698 bf1d0000
48699 bf1d8000
48700 bf1e0000
48701 bf1e8000
48702 bf1f0000
48703 bf1f8000
48704 bf200000
48705 bf208000
48706 bf210000
48707 bf218000
48708 bf220000
48709 bf228000
48710 bf230000
48711 bf238000
48712 bf240000
48713 bf248000
48714 bf250000
48715 bf258000
48716 bf260000
48717 bf268000
48718 bf270000
48719 bf278000
48720 bf280000
48721 bf288000
48722 bf290000
48723 bf298000
48724 bf2a0000
48725 bf2a8000
48726 bf2b0000
48727 bf2b8000
48728 bf2c0000
48729 bf2c8000
48730 bf2d0000
48731 bf2d8000
48732 bf2e0000
48733 bf2e8000
48734 bf2f0000
48735 bf2f8000
48736 bf300000
48737 bf308000
48738 bf310000
48739 bf318000
48740 bf320000
48741 bf328000
48742 bf330000
48743 bf338000
48744 bf340000
48745 bf348000
48746 bf350000
48747 bf358000
48748 bf360000
48749 bf368000
48750 bf370000
48751 bf378000
48752 bf380000
48753 bf388000
48754 bf390000
48755 bf398000
48756 bf3a0000
48757 bf3a8000
48758 bf3b0000
48759 bf3b8000
48760 bf3c0000
48761 bf3c8000
48762 bf3d0000
48763 bf3d8000
48764 bf3e0000
48765 bf3e8000
48766 bf3f0000
48767 bf3f8000
48768 bf400000
48769 bf408000
48770 bf410000
48771 bf418000
48772 bf420000
48773 bf428000
48774 bf430000
48775 bf438000
48776 bf440000
48777 bf448000
48778 bf450000
48779 bf458000
48780 bf460000
48781 bf468000
48782 bf470000
48783 bf478000
48784 bf480000
48785 bf488000
48786 bf490000
48787 bf498000
48788 bf4a0000
48789 bf4a8000
48790 bf4b0000
48791 bf4b8000
48792 bf4c0000
48793 bf4c8000
48794 bf4d0000
48795 bf4d8000
48796 bf4e0000
48797 bf4e8000
48798 bf4f0000
48799 bf4f8000
48800 bf500000
48801 bf508000
48802 bf510000
48803 bf518000
48804 bf520000
48805 bf528000
48806 bf530000
48807 bf538000
48808 bf540000
48809 bf548000
48810 bf550000
48811 bf558000
48812 bf560000
48813 bf568000
48814 bf570000
48815 bf578000
48816 bf580000
48817 bf588000
48818 bf590000
48819 bf598000
48820 bf5a0000
48821 bf5a8000
48822 bf5b0000
48823 bf5b8000
48824 bf5c0000
48825 bf5c8000
48826 bf5d0000
48827 bf5d8000
48828 bf5e0000
48829 bf5e8000
48830 bf5f0000
48831 bf5f8000
48832 bf600000
48833 bf608000
48834 bf610000
48835 bf618000
48836 bf620000
48837 bf628000
48838 bf630000
48839 bf638000
48840 bf640000
48841 bf648000
48842 bf650000
48843 bf658000
48844 bf660000
48845 bf668000
48846 bf670000
48847 bf678000
48848 bf680000
48849 bf688000
48850 bf690000
48851 bf698000
48852 bf6a0000
48853 bf6a8000
48854 bf6b0000
48855 bf6b8000
48856 bf6c0000
48857 bf6c8000
48858 bf6d0000
48859 bf6d8000
48860 bf6e0000
48861 bf6e8000
48862 bf6f0000
48863 bf6f8000
48864 bf700000
48865 bf708000
48866 bf710000
48867 bf718000
48868 bf720000
48869 bf728000
48870 bf730000
48871 bf738000
48872 bf740000
48873 bf748000
48874 bf750000
48875 bf758000
48876 bf760000
48877 bf768000
48878 bf770000
48879 bf778000
48880 bf780000
48881 bf788000
48882 bf790000
48883 bf798000
48884 bf7a0000
48885 bf7a8000
48886 bf7b0000
48887 bf7b8000
48888 bf7c0000
48889 bf7c8000
48890 bf7d0000
48891 bf7d8000
48892 bf7e0000
48893 bf7e8000
48894 bf7f0000
48895 bf7f8000
48896 bf800000
48897 bf808000
48898 bf810000
48899 bf818000
48900 bf820000
48901 bf828000
48902 bf830000
48903 bf838000
48904 bf840000
48905 bf848000
48906 bf850000
48907 bf858000
48908 bf860000
48909 bf868000
48910 bf870000
48911 bf878000
48912 bf880000
48913 bf888000
48914 bf890000
48915 bf898000
48916 bf8a0000
48917 bf8a8000
48918 bf8b0000
48919 bf8b8000
48920 bf8c0000
48921 bf8c8000
48922 bf8d0000
48923 bf8d8000
48924 bf8e0000
48925 bf8e8000
48926 bf8f0000
48927 bf8f8000
48928 bf900000
48929 bf908000
48930 bf910000
48931 bf918000
48932 bf920000
48933 bf928000
48934 bf930000
48935 bf938000
48936 bf940000
48937 bf948000
48938 bf950000
48939 bf958000
48940 bf960000
48941 bf968000
48942 bf970000
48943 bf978000
48944 bf980000
48945 bf988000
48946 bf990000
48947 bf998000
48948 bf9a0000
48949 bf9a8000
48950 bf9b0000
48951 bf9b8000
48952 bf9c0000
48953 bf9c8000
48954 bf9d0000
48955 bf9d8000
48956 bf9e0000
48957 bf9e8000
48958 bf9f0000
48959 bf9f8000
48960 bfa00000
48961 bfa08000
48962 bfa10000
48963 bfa18000
48964 bfa20000
48965 bfa28000
48966 bfa30000
48967 bfa38000
48968 bfa40000
48969 bfa48000
48970 bfa50000
48971 bfa58000
48972 bfa60000
48973 bfa68000
48974 bfa70000
48975 bfa78000
48976 bfa80000
48977 bfa88000
48978 bfa90000
48979 bfa98000
48980 bfaa0000
48981 bfaa8000
48982 bfab0000
48983 bfab8000
48984 bfac0000
48985 bfac8000
48986 bfad0000
48987 bfad8000
48988 bfae0000
48989 bfae8000
48990 bfaf0000
48991 bfaf8000
48992 bfb00000
48993 bfb08000
48994 bfb10000
48995 bfb18000
48996 bfb20000
48997 bfb28000
48998 bfb30000
48999 bfb38000
49000 bfb40000
49001 bfb48000
49002 bfb50000
49003 bfb58000
49004 bfb60000
49005 bfb68000
49006 bfb70000
49007 bfb78000
49008 bfb80000
49009 bfb88000
49010 bfb90000
49011 bfb98000
49012 bfba0000
49013 bfba8000
49014 bfbb0000
49015 bfbb8000
49016 bfbc0000
49017 bfbc8000
49018 bfbd0000
49019 bfbd8000
49020 bfbe0000
49021 bfbe8000
49022 bfbf0000
49023 bfbf8000
49024 bfc00000
49025 bfc08000
49026 bfc10000
49027 bfc18000
49028 bfc20000
49029 bfc28000
49030 bfc30000
49031 bfc38000
49032 bfc40000
49033 bfc48000
49034 bfc50000
49035 bfc58000
49036 bfc60000
49037 bfc68000
49038 bfc70000
49039 bfc78000
49040 bfc80000
49041 bfc88000
49042 bfc90000
49043 bfc98000
49044 bfca0000
49045 bfca8000
49046 bfcb0000
49047 bfcb8000
49048 bfcc0000
49049 bfcc8000
49050 bfcd0000
49051 bfcd8000
49052 bfce0000
49053 bfce8000
49054 bfcf0000
49055 bfcf8000
49056 bfd00000
49057 bfd08000
49058 bfd10000
49059 bfd18000
49060 bfd20000
49061 bfd28000
49062 bfd30000
49063 bfd38000
49064 bfd40000
49065 bfd48000
49066 bfd50000
49067 bfd58000
49068 bfd60000
49069 bfd68000
49070 bfd70000
49071 bfd78000
49072 bfd80000
49073 bfd88000
49074 bfd90000
49075 bfd98000
49076 bfda0000
49077 bfda8000
49078 bfdb0000
49079 bfdb8000
49080 bfdc0000
49081 bfdc8000
49082 bfdd0000
49083 bfdd8000
49084 bfde0000
49085 bfde8000
49086 bfdf0000
49087 bfdf8000
49088 bfe00000
49089 bfe08000
49090 bfe10000
49091 bfe18000
49092 bfe20000
49093 bfe28000
49094 bfe30000
49095 bfe38000
49096 bfe40000
49097 bfe48000
49098 bfe50000
49099 bfe58000
49100 bfe60000
49101 bfe68000
49102 bfe70000
49103 bfe78000
49104 bfe80000
49105 bfe88000
49106 bfe90000
49107 bfe98000
49108 bfea0000
49109 bfea8000
49110 bfeb0000
49111 bfeb8000
49112 bfec0000
49113 bfec8000
49114 bfed0000
49115 bfed8000
49116 bfee0000
49117 bfee8000
49118 bfef0000
49119 bfef8000
49120 bff00000
49121 bff08000
49122 bff10000
49123 bff18000
49124 bff20000
49125 bff28000
49126 bff30000
49127 bff38000
49128 bff40000
49129 bff48000
49130 bff50000
49131 bff58000
49132 bff60000
49133 bff68000
49134 bff70000
49135 bff78000
49136 bff80000
49137 bff88000
49138 bff90000
49139 bff98000
49140 bffa0000
49141 bffa8000
49142 bffb0000
49143 bffb8000
49144 bffc0000
49145 bffc8000
49146 bffd0000
49147 bffd8000
49148 bffe0000
49149 bffe8000
49150 bfff0000
49151 bfff8000
49152 c0000000
49153 c0008000
49154 c0010000
49155 c0018000
49156 c0020000
49157 c0028000
49158 c0030000
49159 c0038000
49160 c0040000
49161 c0048000
49162 c0050000
49163 c0058000
49164 c0060000
49165 c0068000
49166 c0070000
49167 c0078000
49168 c0080000
49169 c0088000
49170 c0090000
49171 c0098000
49172 c00a0000
49173 c00a8000
49174 c00b0000
49175 c00b8000
49176 c00c0000
49177 c00c8000
49178 c00d0000
49179 c00d8000
49180 c00e0000
49181 c00e8000
49182 c00f0000
49183 c00f8000
49184 c0100000
49185 c0108000
49186 c0110000
49187 c0118000
49188 c0120000
49189 c0128000
49190 c0130000
49191 c0138000
49192 c0140000
49193 c0148000
49194 c0150000
49195 c0158000
49196 c0160000
49197 c0168000
49198 c0170000
49199 c0178000
49200 c0180000
49201 c0188000
49202 c0190000
49203 c0198000
49204 c01a0000
49205 c01a8000
49206 c01b0000
49207 c01b8000
49208 c01c0000
49209 c01c8000
49210 c01d0000
49211 c01d8000
49212 c01e0000
49213 c01e8000
49214 c01f0000
49215 c01f8000
49216 c0200000
49217 c0208000
49218 c0210000
49219 c0218000
49220 c0220000
49221 c0228000
49222 c0230000
49223 c0238000
49224 c0240000
49225 c0248000
49226 c0250000
49227 c0258000
49228 c0260000
49229 c0268000
49230 c0270000
49231 c0278000
49232 c0280000
49233 c0288000
49234 c0290000
49235 c0298000
49236 c02a0000
49237 c02a8000
49238 c02b0000
49239 c02b8000
49240 c02c0000
49241 c02c8000
49242 c02d0000
49243 c02d8000
49244 c02e0000
49245 c02e8000
49246 c02f0000
49247 c02f8000
49248 c0300000
49249 c0308000
49250 c0310000
49251 c0318000
49252 c0320000
49253 c0328000
49254 c0330000
49255 c0338000
49256 c0340000
49257 c0348000
49258 c0350000
49259 c0358000
49260 c0360000
49261 c0368000
49262 c0370000
49263 c0378000
49264 c0380000
49265 c0388000
49266 c0390000
49267 c0398000
49268 c03a0000
49269 c03a8000
49270 c03b0000
49271 c03b8000
49272 c03c0000
49273 c03c8000
49274 c03d0000
49275 c03d8000
49276 c03e0000
49277 c03e8000
49278 c03f0000
49279 c03f8000
49280 c0400000
49281 c0408000
49282 c0410000
49283 c0418000
49284 c0420000
49285 c0428000
49286 c0430000
49287 c0438000
49288 c0440000
49289 c0448000
49290 c0450000
49291 c0458000
49292 c0460000
49293 c0468000
49294 c0470000
49295 c0478000
49296 c0480000
49297 c0488000
49298 c0490000
49299 c0498000
49300 c04a0000
49301 c04a8000
49302 c04b0000
49303 c04b8000
49304 c04c0000
49305 c04c8000
49306 c04d0000
49307 c04d8000
49308 c04e0000
49309 c04e8000
49310 c04f0000
49311 c04f8000
49312 c0500000
49313 c0508000
49314 c0510000
49315 c0518000
49316 c0520000
49317 c0528000
49318 c0530000
49319 c0538000
49320 c0540000
49321 c0548000
49322 c0550000
49323 c0558000
49324 c0560000
49325 c0568000
49326 c0570000
49327 c0578000
49328 c0580000
49329 c0588000
49330 c0590000
49331 c0598000
49332 c05a0000
49333 c05a8000
49334 c05b0000
49335 c05b8000
49336 c05c0000
49337 c05c8000
49338 c05d0000
49339 c05d8000
49340 c05e0000
49341 c05e8000
49342 c05f0000
49343 c05f8000
49344 c0600000
49345 c0608000
49346 c0610000
49347 c0618000
49348 c0620000
49349 c0628000
49350 c0630000
49351 c0638000
49352 c0640000
49353 c0648000
49354 c0650000
49355 c0658000
49356 c0660000
49357 c0668000
49358 c0670000
49359 c0678000
49360 c0680000
49361 c0688000
49362 c0690000
49363 c0698000
49364 c06a0000
49365 c06a8000
49366 c06b0000
49367 c06b8000
49368 c06c0000
49369 c06c8000
49370 c06d0000
49371 c06d8000
49372 c06e0000
49373 c06e8000
49374 c06f0000
49375 c06f8000
49376 c0700000
49377 c0708000
49378 c0710000
49379 c0718000
49380 c0720000
49381 c0728000
49382 c0730000
49383 c0738000
49384 c0740000
49385 c0748000
49386 c0750000
49387 c0758000
49388 c0760000
49389 c0768000
49390 c0770000
49391 c0778000
49392 c0780000
49393 c0788000
49394 c0790000
49395 c0798000
49396 c07a0000
49397 c07a8000
49398 c07b0000
49399 c07b8000
49400 c07c0000
49401 c07c8000
49402 c07d0000
49403 c07d8000
49404 c07e0000
49405 c07e8000
49406 c07f0000
49407 c07f8000
49408 c0800000
49409 c0808000
49410 c0810000
49411 c0818000
49412 c0820000
49413 c0828000
49414 c0830000
49415 c0838000
49416 c0840000
49417 c0848000
49418 c0850000
49419 c0858000
49420 c0860000
49421 c0868000
49422 c0870000
49423 c0878000
49424 c0880000
49425 c0888000
49426 c0890000
49427 c0898000
49428 c08a0000
49429 c08a8000
49430 c08b0000
49431 c08b8000
49432 c08c0000
49433 c08c8000
49434 c08d0000
49435 c08d8000
49436 c08e0000
49437 c08e8000
49438 c08f0000
49439 c08f8000
49440 c0900000
49441 c0908000
49442 c0910000
49443 c0918000
49444 c0920000
49445 c0928000
49446 c0930000
49447 c0938000
49448 c0940000
49449 c0948000
49450 c0950000
49451 c0958000
49452 c0960000
49453 c0968000
49454 c0970000
49455 c0978000
49456 c0980000
49457 c0988000
49458 c0990000
49459 c0998000
49460 c09a0000
49461 c09a8000
49462 c09b0000
49463 c09b8000
49464 c09c0000
49465 c09c8000
49466 c09d0000
49467 c09d8000
49468 c09e0000
49469 c09e8000
49470 c09f0000
49471 c09f8000
49472 c0a00000
49473 c0a08000
49474 c0a10000
49475 c0a18000
49476 c0a20000
49477 c0a28000
49478 c0a30000
49479 c0a38000
49480 c0a40000
49481 c0a48000
49482 c0a50000
49483 c0a58000
49484 c0a60000
49485 c0a68000
49486 c0a70000
49487 c0a78000
49488 c0a80000
49489 c0a88000
49490 c0a90000
49491 c0a98000
49492 c0aa0000
49493 c0aa8000
49494 c0ab0000
49495 c0ab8000
49496 c0ac0000
49497 c0ac8000
49498 c0ad0000
49499 c0ad8000
49500 c0ae0000
49501 c0ae8000
49502 c0af0000
49503 c0af8000
49504 c0b00000
49505 c0b08000
49506 c0b10000
49507 c0b18000
49508 c0b20000
49509 c0b28000
49510 c0b30000
49511 c0b38000
49512 c0b40000
49513 c0b48000
49514 c0b50000
49515 c0b58000
49516 c0b60000
49517 c0b68000
49518 c0b70000
49519 c0b78000
49520 c0b80000
49521 c0b88000
49522 c0b90000
49523 c0b98000
49524 c0ba0000
49525 c0ba8000
49526 c0bb0000
49527 c0bb8000
49528 c0bc0000
49529 c0bc8000
49530 c0bd0000
49531 c0bd8000
49532 c0be0000
49533 c0be8000
49534 c0bf0000
49535 c0bf8000
49536 c0c00000
49537 c0c08000
49538 c0c10000
49539 c0c18000
49540 c0c20000
49541 c0c28000
49542 c0c30000
49543 c0c38000
49544 c0c40000
49545 c0c48000
49546 c0c50000
49547 c0c58000
49548 c0c60000
49549 c0c68000
49550 c0c70000
49551 c0c78000
49552 c0c80000
49553 c0c88000
49554 c0c90000
49555 c0c98000
49556 c0ca0000
49557 c0ca8000
49558 c0cb0000
49559 c0cb8000
49560 c0cc0000
49561 c0cc8000
49562 c0cd0000
49563 c0cd8000
49564 c0ce0000
49565 c0ce8000
49566 c0cf0000
49567 c0cf8000
49568 c0d00000
49569 c0d08000
49570 c0d10000
49571 c0d18000
49572 c0d20000
49573 c0d28000
49574 c0d30000
49575 c0d38000
49576 c0d40000
49577 c0d48000
49578 c0d50000
49579 c0d58000
49580 c0d60000
49581 c0d68000
49582 c0d70000
49583 c0d78000
49584 c0d80000
49585 c0d88000
49586 c0d90000
49587 c0d98000
49588 c0da0000
49589 c0da8000
49590 c0db0000
49591 c0db8000
49592 c0dc0000
49593 c0dc8000
49594 c0dd0000
49595 c0dd8000
49596 c0de0000
49597 c0de8000
49598 c0df0000
49599 c0df8000
49600 c0e00000
49601 c0e08000
49602 c0e10000
49603 c0e18000
49604 c0e20000
49605 c0e28000
49606 c0e30000
49607 c0e38000
49608 c0e40000
49609 c0e48000
49610 c0e50000
49611 c0e58000
49612 c0e60000
49613 c0e68000
49614 c0e70000
49615 c0e78000
49616 c0e80000
49617 c0e88000
49618 c0e90000
49619 c0e98000
49620 c0ea0000
49621 c0ea8000
49622 c0eb0000
49623 c0eb8000
49624 c0ec0000
49625 c0ec8000
49626 c0ed0000
49627 c0ed8000
49628 c0ee0000
49629 c0ee8000
49630 c0ef0000
49631 c0ef8000
49632 c0f00000
49633 c0f08000
49634 c0f10000
49635 c0f18000
49636 c0f20000
49637 c0f28000
49638 c0f30000
49639 c0f38000
49640 c0f40000
49641 c0f48000
49642 c0f50000
49643 c0f58000
49644 c0f60000
49645 c0f68000
49646 c0f70000
49647 c0f78000
49648 c0f80000
49649 c0f88000
49650 c0f90000
49651 c0f98000
49652 c0fa0000
49653 c0fa8000
49654 c0fb0000
49655 c0fb8000
49656 c0fc0000
49657 c0fc8000
49658 c0fd0000
49659 c0fd8000
49660 c0fe0000
49661 c0fe8000
49662 c0ff0000
49663 c0ff8000
49664 c1000000
49665 c1008000
49666 c1010000
49667 c1018000
49668 c1020000
49669 c1028000
49670 c1030000
49671 c1038000
49672 c1040000
49673 c1048000
49674 c1050000
49675 c1058000
49676 c1060000
49677 c1068000
49678 c1070000
49679 c1078000
49680 c1080000
49681 c1088000
49682 c1090000
49683 c1098000
49684 c10a0000
49685 c10a8000
49686 c10b0000
49687 c10b8000
49688 c10c0000
49689 c10c8000
49690 c10d0000
49691 c10d8000
49692 c10e0000
49693 c10e8000
49694 c10f0000
49695 c10f8000
49696 c1100000
49697 c1108000
49698 c1110000
49699 c1118000
49700 c1120000
49701 c1128000
49702 c1130000
49703 c1138000
49704 c1140000
49705 c1148000
49706 c1150000
49707 c1158000
49708 c1160000
49709 c1168000
49710 c1170000
49711 c1178000
49712 c1180000
49713 c1188000
49714 c1190000
49715 c1198000
49716 c11a0000
49717 c11a8000
49718 c11b0000
49719 c11b8000
49720 c11c0000
49721 c11c8000
49722 c11d0000
49723 c11d8000
49724 c11e0000
49725 c11e8000
49726 c11f0000
49727 c11f8000
49728 c1200000
49729 c1208000
49730 c1210000
49731 c1218000
49732 c1220000
49733 c1228000
49734 c1230000
49735 c1238000
49736 c1240000
49737 c1248000
49738 c1250000
49739 c1258000
49740 c1260000
49741 c1268000
49742 c1270000
49743 c1278000
49744 c1280000
49745 c1288000
49746 c1290000
49747 c1298000
49748 c12a0000
49749 c12a8000
49750 c12b0000
49751 c12b8000
49752 c12c0000
49753 c12c8000
49754 c12d0000
49755 c12d8000
49756 c12e0000
49757 c12e8000
49758 c12f0000
49759 c12f8000
49760 c1300000
49761 c1308000
49762 c1310000
49763 c1318000
49764 c1320000
49765 c1328000
49766 c1330000
49767 c1338000
49768 c1340000
49769 c1348000
49770 c1350000
49771 c1358000
49772 c1360000
49773 c1368000
49774 c1370000
49775 c1378000
49776 c1380000
49777 c1388000
49778 c1390000
49779 c1398000
49780 c13a0000
49781 c13a8000
49782 c13b0000
49783 c13b8000
49784 c13c0000
49785 c13c8000
49786 c13d0000
49787 c13d8000
49788 c13e0000
49789 c13e8000
49790 c13f0000
49791 c13f8000
49792 c1400000
49793 c1408000
49794 c1410000
49795 c1418000
49796 c1420000
49797 c1428000
49798 c1430000
49799 c1438000
49800 c1440000
49801 c1448000
49802 c1450000
49803 c1458000
49804 c1460000
49805 c1468000
49806 c1470000
49807 c1478000
49808 c1480000
49809 c1488000
49810 c1490000
49811 c1498000
49812 c14a0000
49813 c14a8000
49814 c14b0000
49815 c14b8000
49816 c14c0000
49817 c14c8000
49818 c14d0000
49819 c14d8000
49820 c14e0000
49821 c14e8000
49822 c14f0000
49823 c14f8000
49824 c1500000
49825 c1508000
49826 c1510000
49827 c1518000
49828 c1520000
49829 c1528000
49830 c1530000
49831 c1538000
49832 c1540000
49833 c1548000
49834 c1550000
49835 c1558000
49836 c1560000
49837 c1568000
49838 c1570000
49839 c1578000
49840 c1580000
49841 c1588000
49842 c1590000
49843 c1598000
49844 c15a0000
49845 c15a8000
49846 c15b0000
49847 c15b8000
49848 c15c0000
49849 c15c8000
49850 c15d0000
49851 c15d8000
49852 c15e0000
49853 c15e8000
49854 c15f0000
49855 c15f8000
49856 c1600000
49857 c1608000
49858 c1610000
49859 c1618000
49860 c1620000
49861 c1628000
49862 c1630000
49863 c1638000
49864 c1640000
49865 c1648000
49866 c1650000
49867 c1658000
49868 c1660000
49869 c1668000
49870 c1670000
49871 c1678000
49872 c1680000
49873 c1688000
49874 c1690000
49875 c1698000
49876 c16a0000
49877 c16a8000
49878 c16b0000
49879 c16b8000
49880 c16c0000
49881 c16c8000
49882 c16d0000
49883 c16d8000
49884 c16e0000
49885 c16e8000
49886 c16f0000
49887 c16f8000
49888 c1700000
49889 c1708000
49890 c1710000
49891 c1718000
49892 c1720000
49893 c1728000
49894 c1730000
49895 c1738000
49896 c1740000
49897 c1748000
49898 c1750000
49899 c1758000
49900 c1760000
49901 c1768000
49902 c1770000
49903 c1778000
49904 c1780000
49905 c1788000
49906 c1790000
49907 c1798000
49908 c17a0000
49909 c17a8000
49910 c17b0000
49911 c17b8000
49912 c17c0000
49913 c17c8000
49914 c17d0000
49915 c17d8000
49916 c17e0000
49917 c17e8000
49918 c17f0000
49919 c17f8000
49920 c1800000
49921 c1808000
49922 c1810000
49923 c1818000
49924 c1820000
49925 c1828000
49926 c1830000
49927 c1838000
49928 c1840000
49929 c1848000
49930 c1850000
49931 c1858000
49932 c1860000
49933 c1868000
49934 c1870000
49935 c1878000
49936 c1880000
49937 c1888000
49938 c1890000
49939 c1898000
49940 c18a0000
49941 c18a8000
49942 c18b0000
49943 c18b8000
49944 c18c0000
49945 c18c8000
49946 c18d0000
49947 c18d8000
49948 c18e0000
49949 c18e8000
49950 c18f0000
49951 c18f8000
49952 c1900000
49953 c1908000
49954 c1910000
49955 c1918000
49956 c1920000
49957 c1928000
49958 c1930000
49959 c1938000
49960 c1940000
49961 c1948000
49962 c1950000
49963 c1958000
49964 c1960000
49965 c1968000
49966 c1970000
49967 c1978000
49968 c1980000
49969 c1988000
49970 c1990000
49971 c1998000
49972 c19a0000
49973 c19a8000
49974 c19b0000
49975 c19b8000
49976 c19c0000
49977 c19c8000
49978 c19d0000
49979 c19d8000
49980 c19e0000
49981 c19e8000
49982 c19f0000
49983 c19f8000
49984 c1a00000
49985 c1a08000
49986 c1a10000
49987 c1a18000
49988 c1a20000
49989 c1a28000
49990 c1a30000
49991 c1a38000
49992 c1a40000
49993 c1a48000
49994 c1a50000
49995 c1a58000
49996 c1a60000
49997 c1a68000
49998 c1a70000
49999 c1a78000
50000 c1a80000
50001 c1a88000
50002 c1a90000
50003 c1a98000
50004 c1aa0000
50005 c1aa8000
50006 c1ab0000
50007 c1ab8000
50008 c1ac0000
50009 c1ac8000
50010 c1ad0000
50011 c1ad8000
50012 c1ae0000
50013 c1ae8000
50014 c1af0000
50015 c1af8000
50016 c1b00000
50017 c1b08000
50018 c1b10000
50019 c1b18000
50020 c1b20000
50021 c1b28000
50022 c1b30000
50023 c1b38000
50024 c1b40000
50025 c1b48000
50026 c1b50000
50027 c1b58000
50028 c1b60000
50029 c1b68000
50030 c1b70000
50031 c1b78000
50032 c1b80000
50033 c1b88000
50034 c1b90000
50035 c1b98000
50036 c1ba0000
50037 c1ba8000
50038 c1bb0000
50039 c1bb8000
50040 c1bc0000
50041 c1bc8000
50042 c1bd0000
50043 c1bd8000
50044 c1be0000
50045 c1be8000
50046 c1bf0000
50047 c1bf8000
50048 c1c00000
50049 c1c08000
50050 c1c10000
50051 c1c18000
50052 c1c20000
50053 c1c28000
50054 c1c30000
50055 c1c38000
50056 c1c40000
50057 c1c48000
50058 c1c50000
50059 c1c58000
50060 c1c60000
50061 c1c68000
50062 c1c70000
50063 c1c78000
50064 c1c80000
50065 c1c88000
50066 c1c90000
50067 c1c98000
50068 c1ca0000
50069 c1ca8000
50070 c1cb0000
50071 c1cb8000
50072 c1cc0000
50073 c1cc8000
50074 c1cd0000
50075 c1cd8000
50076 c1ce0000
50077 c1ce8000
50078 c1cf0000
50079 c1cf8000
50080 c1d00000
50081 c1d08000
50082 c1d10000
50083 c1d18000
50084 c1d20000
50085 c1d28000
50086 c1d30000
50087 c1d38000
50088 c1d40000
50089 c1d48000
50090 c1d50000
50091 c1d58000
50092 c1d60000
50093 c1d68000
50094 c1d70000
50095 c1d78000
50096 c1d80000
50097 c1d88000
50098 c1d90000
50099 c1d98000
50100 c1da0000
50101 c1da8000
50102 c1db0000
50103 c1db8000
50104 c1dc0000
50105 c1dc8000
50106 c1dd0000
50107 c1dd8000
50108 c1de0000
50109 c1de8000
50110 c1df0000
50111 c1df8000
50112 c1e00000
50113 c1e08000
50114 c1e10000
50115 c1e18000
50116 c1e20000
50117 c1e28000
50118 c1e30000
50119 c1e38000
50120 c1e40000
50121 c1e48000
50122 c1e50000
50123 c1e58000
50124 c1e60000
50125 c1e68000
50126 c1e70000
50127 c1e78000
50128 c1e80000
50129 c1e88000
50130 c1e90000
50131 c1e98000
50132 c1ea0000
50133 c1ea8000
50134 c1eb0000
50135 c1eb8000
50136 c1ec0000
50137 c1ec8000
50138 c1ed0000
50139 c1ed8000
50140 c1ee0000
50141 c1ee8000
50142 c1ef0000
50143 c1ef8000
50144 c1f00000
50145 c1f08000
50146 c1f10000
50147 c1f18000
50148 c1f20000
50149 c1f28000
50150 c1f30000
50151 c1f38000
50152 c1f40000
50153 c1f48000
50154 c1f50000
50155 c1f58000
50156 c1f60000
50157 c1f68000
50158 c1f70000
50159 c1f78000
50160 c1f80000
50161 c1f88000
50162 c1f90000
50163 c1f98000
50164 c1fa0000
50165 c1fa8000
50166 c1fb0000
50167 c1fb8000
50168 c1fc0000
50169 c1fc8000
50170 c1fd0000
50171 c1fd8000
50172 c1fe0000
50173 c1fe8000
50174 c1ff0000
50175 c1ff8000
50176 c2000000
50177 c2008000
50178 c2010000
50179 c2018000
50180 c2020000
50181 c2028000
50182 c2030000
50183 c2038000
50184 c2040000
50185 c2048000
50186 c2050000
50187 c2058000
50188 c2060000
50189 c2068000
50190 c2070000
50191 c2078000
50192 c2080000
50193 c2088000
50194 c2090000
50195 c2098000
50196 c20a0000
50197 c20a8000
50198 c20b0000
50199 c20b8000
50200 c20c0000
50201 c20c8000
50202 c20d0000
50203 c20d8000
50204 c20e0000
50205 c20e8000
50206 c20f0000
50207 c20f8000
50208 c2100000
50209 c2108000
50210 c2110000
50211 c2118000
50212 c2120000
50213 c2128000
50214 c2130000
50215 c2138000
50216 c2140000
50217 c2148000
50218 c2150000
50219 c2158000
50220 c2160000
50221 c2168000
50222 c2170000
50223 c2178000
50224 c2180000
50225 c2188000
50226 c2190000
50227 c2198000
50228 c21a0000
50229 c21a8000
50230 c21b0000
50231 c21b8000
50232 c21c0000
50233 c21c8000
50234 c21d0000
50235 c21d8000
50236 c21e0000
50237 c21e8000
50238 c21f0000
50239 c21f8000
50240 c2200000
50241 c2208000
50242 c2210000
50243 c2218000
50244 c2220000
50245 c2228000
50246 c2230000
50247 c2238000
50248 c2240000
50249 c2248000
50250 c2250000
50251 c2258000
50252 c2260000
50253 c2268000
50254 c2270000
50255 c2278000
50256 c2280000
50257 c2288000
50258 c2290000
50259 c2298000
50260 c22a0000
50261 c22a8000
50262 c22b0000
50263 c22b8000
50264 c22c0000
50265 c22c8000
50266 c22d0000
50267 c22d8000
50268 c22e0000
50269 c22e8000
50270 c22f0000
50271 c22f8000
50272 c2300000
50273 c2308000
50274 c2310000
50275 c2318000
50276 c2320000
50277 c2328000
50278 c2330000
50279 c2338000
50280 c2340000
50281 c2348000
50282 c2350000
50283 c2358000
50284 c2360000
50285 c2368000
50286 c2370000
50287 c2378000
50288 c2380000
50289 c2388000
50290 c2390000
50291 c2398000
50292 c23a0000
50293 c23a8000
50294 c23b0000
50295 c23b8000
50296 c23c0000
50297 c23c8000
50298 c23d0000
50299 c23d8000
50300 c23e0000
50301 c23e8000
50302 c23f0000
50303 c23f8000
50304 c2400000
50305 c2408000
50306 c2410000
50307 c2418000
50308 c2420000
50309 c2428000
50310 c2430000
50311 c2438000
50312 c2440000
50313 c2448000
50314 c2450000
50315 c2458000
50316 c2460000
50317 c2468000
50318 c2470000
50319 c2478000
50320 c2480000
50321 c2488000
50322 c2490000
50323 c2498000
50324 c24a0000
50325 c24a8000
50326 c24b0000
50327 c24b8000
50328 c24c0000
50329 c24c8000
50330 c24d0000
50331 c24d8000
50332 c24e0000
50333 c24e8000
50334 c24f0000
50335 c24f8000
50336 c2500000
50337 c2508000
50338 c2510000
50339 c2518000
50340 c2520000
50341 c2528000
50342 c2530000
50343 c2538000
50344 c2540000
50345 c2548000
50346 c2550000
50347 c2558000
50348 c2560000
50349 c2568000
50350 c2570000
50351 c2578000
50352 c2580000
50353 c2588000
50354 c2590000
50355 c2598000
50356 c25a0000
50357 c25a8000
50358 c25b0000
50359 c25b8000
50360 c25c0000
50361 c25c8000
50362 c25d0000
50363 c25d8000
50364 c25e0000
50365 c25e8000
50366 c25f0000
50367 c25f8000
50368 c2600000
50369 c2608000
50370 c2610000
50371 c2618000
50372 c2620000
50373 c2628000
50374 c2630000
50375 c2638000
50376 c2640000
50377 c2648000
50378 c2650000
50379 c2658000
50380 c2660000
50381 c2668000
50382 c2670000
50383 c2678000
50384 c2680000
50385 c2688000
50386 c2690000
50387 c2698000
50388 c26a0000
50389 c26a8000
50390 c26b0000
50391 c26b8000
50392 c26c0000
50393 c26c8000
50394 c26d0000
50395 c26d8000
50396 c26e0000
50397 c26e8000
50398 c26f0000
50399 c26f8000
50400 c2700000
50401 c2708000
50402 c2710000
50403 c2718000
50404 c2720000
50405 c2728000
50406 c2730000
50407 c2738000
50408 c2740000
50409 c2748000
50410 c2750000
50411 c2758000
50412 c2760000
50413 c2768000
50414 c2770000
50415 c2778000
50416 c2780000
50417 c2788000
50418 c2790000
50419 c2798000
50420 c27a0000
50421 c27a8000
50422 c27b0000
50423 c27b8000
50424 c27c0000
50425 c27c8000
50426 c27d0000
50427 c27d8000
50428 c27e0000
50429 c27e8000
50430 c27f0000
50431 c27f8000
50432 c2800000
50433 c2808000
50434 c2810000
50435 c2818000
50436 c2820000
50437 c2828000
50438 c2830000
50439 c2838000
50440 c2840000
50441 c2848000
50442 c2850000
50443 c2858000
50444 c2860000
50445 c2868000
50446 c2870000
50447 c2878000
50448 c2880000
50449 c2888000
50450 c2890000
50451 c2898000
50452 c28a0000
50453 c28a8000
50454 c28b0000
50455 c28b8000
50456 c28c0000
50457 c28c8000
50458 c28d0000
50459 c28d8000
50460 c28e0000
50461 c28e8000
50462 c28f0000
50463 c28f8000
50464 c2900000
50465 c2908000
50466 c2910000
50467 c2918000
50468 c2920000
50469 c2928000
50470 c2930000
50471 c2938000
50472 c2940000
50473 c2948000
50474 c2950000
50475 c2958000
50476 c2960000
50477 c2968000
50478 c2970000
50479 c2978000
50480 c2980000
50481 c2988000
50482 c2990000
50483 c2998000
50484 c29a0000
50485 c29a8000
50486 c29b0000
50487 c29b8000
50488 c29c0000
50489 c29c8000
50490 c29d0000
50491 c29d8000
50492 c29e0000
50493 c29e8000
50494 c29f0000
50495 c29f8000
50496 c2a00000
50497 c2a08000
50498 c2a10000
50499 c2a18000
50500 c2a20000
50501 c2a28000
50502 c2a30000
50503 c2a38000
50504 c2a40000
50505 c2a48000
50506 c2a50000
50507 c2a58000
50508 c2a60000
50509 c2a68000
50510 c2a70000
50511 c2a78000
50512 c2a80000
50513 c2a88000
50514 c2a90000
50515 c2a98000
50516 c2aa0000
50517 c2aa8000
50518 c2ab0000
50519 c2ab8000
50520 c2ac0000
50521 c2ac8000
50522 c2ad0000
50523 c2ad8000
50524 c2ae0000
50525 c2ae8000
50526 c2af0000
50527 c2af8000
50528 c2b00000
50529 c2b08000
50530 c2b10000
50531 c2b18000
50532 c2b20000
50533 c2b28000
50534 c2b30000
50535 c2b38000
50536 c2b40000
50537 c2b48000
50538 c2b50000
50539 c2b58000
50540 c2b60000
50541 c2b68000
50542 c2b70000
50543 c2b78000
50544 c2b80000
50545 c2b88000
50546 c2b90000
50547 c2b98000
50548 c2ba0000
50549 c2ba8000
50550 c2bb0000
50551 c2bb8000
50552 c2bc0000
50553 c2bc8000
50554 c2bd0000
50555 c2bd8000
50556 c2be0000
50557 c2be8000
50558 c2bf0000
50559 c2bf8000
50560 c2c00000
50561 c2c08000
50562 c2c10000
50563 c2c18000
50564 c2c20000
50565 c2c28000
50566 c2c30000
50567 c2c38000
50568 c2c40000
50569 c2c48000
50570 c2c50000
50571 c2c58000
50572 c2c60000
50573 c2c68000
50574 c2c70000
50575 c2c78000
50576 c2c80000
50577 c2c88000
50578 c2c90000
50579 c2c98000
50580 c2ca0000
50581 c2ca8000
50582 c2cb0000
50583 c2cb8000
50584 c2cc0000
50585 c2cc8000
50586 c2cd0000
50587 c2cd8000
50588 c2ce0000
50589 c2ce8000
50590 c2cf0000
50591 c2cf8000
50592 c2d00000
50593 c2d08000
50594 c2d10000
50595 c2d18000
50596 c2d20000
50597 c2d28000
50598 c2d30000
50599 c2d38000
50600 c2d40000
50601 c2d48000
50602 c2d50000
50603 c2d58000
50604 c2d60000
50605 c2d68000
50606 c2d70000
50607 c2d78000
50608 c2d80000
50609 c2d88000
50610 c2d90000
50611 c2d98000
50612 c2da0000
50613 c2da8000
50614 c2db0000
50615 c2db8000
50616 c2dc0000
50617 c2dc8000
50618 c2dd0000
50619 c2dd8000
50620 c2de0000
50621 c2de8000
50622 c2df0000
50623 c2df8000
50624 c2e00000
50625 c2e08000
50626 c2e10000
50627 c2e18000
50628 c2e20000
50629 c2e28000
50630 c2e30000
50631 c2e38000
50632 c2e40000
50633 c2e48000
50634 c2e50000
50635 c2e58000
50636 c2e60000
50637 c2e68000
50638 c2e70000
50639 c2e78000
50640 c2e80000
50641 c2e88000
50642 c2e90000
50643 c2e98000
50644 c2ea0000
50645 c2ea8000
50646 c2eb0000
50647 c2eb8000
50648 c2ec0000
50649 c2ec8000
50650 c2ed0000
50651 c2ed8000
50652 c2ee0000
50653 c2ee8000
50654 c2ef0000
50655 c2ef8000
50656 c2f00000
50657 c2f08000
50658 c2f10000
50659 c2f18000
50660 c2f20000
50661 c2f28000
50662 c2f30000
50663 c2f38000
50664 c2f40000
50665 c2f48000
50666 c2f50000
50667 c2f58000
50668 c2f60000
50669 c2f68000
50670 c2f70000
50671 c2f78000
50672 c2f80000
50673 c2f88000
50674 c2f90000
50675 c2f98000
50676 c2fa0000
50677 c2fa8000
50678 c2fb0000
50679 c2fb8000
50680 c2fc0000
50681 c2fc8000
50682 c2fd0000
50683 c2fd8000
50684 c2fe0000
50685 c2fe8000
50686 c2ff0000
50687 c2ff8000
50688 c3000000
50689 c3008000
50690 c3010000
50691 c3018000
50692 c3020000
50693 c3028000
50694 c3030000
50695 c3038000
50696 c3040000
50697 c3048000
50698 c3050000
50699 c3058000
50700 c3060000
50701 c3068000
50702 c3070000
50703 c3078000
50704 c3080000
50705 c3088000
50706 c3090000
50707 c3098000
50708 c30a0000
50709 c30a8000
50710 c30b0000
50711 c30b8000
50712 c30c0000
50713 c30c8000
50714 c30d0000
50715 c30d8000
50716 c30e0000
50717 c30e8000
50718 c30f0000
50719 c30f8000
50720 c3100000
50721 c3108000
50722 c3110000
50723 c3118000
50724 c3120000
50725 c3128000
50726 c3130000
50727 c3138000
50728 c3140000
50729 c3148000
50730 c3150000
50731 c3158000
50732 c3160000
50733 c3168000
50734 c3170000
50735 c3178000
50736 c3180000
50737 c3188000
50738 c3190000
50739 c3198000
50740 c31a0000
50741 c31a8000
50742 c31b0000
50743 c31b8000
50744 c31c0000
50745 c31c8000
50746 c31d0000
50747 c31d8000
50748 c31e0000
50749 c31e8000
50750 c31f0000
50751 c31f8000
50752 c3200000
50753 c3208000
50754 c3210000
50755 c3218000
50756 c3220000
50757 c3228000
50758 c3230000
50759 c3238000
50760 c3240000
50761 c3248000
50762 c3250000
50763 c3258000
50764 c3260000
50765 c3268000
50766 c3270000
50767 c3278000
50768 c3280000
50769 c3288000
50770 c3290000
50771 c3298000
50772 c32a0000
50773 c32a8000
50774 c32b0000
50775 c32b8000
50776 c32c0000
50777 c32c8000
50778 c32d0000
50779 c32d8000
50780 c32e0000
50781 c32e8000
50782 c32f0000
50783 c32f8000
50784 c3300000
50785 c3308000
50786 c3310000
50787 c3318000
50788 c3320000
50789 c3328000
50790 c3330000
50791 c3338000
50792 c3340000
50793 c3348000
50794 c3350000
50795 c3358000
50796 c3360000
50797 c3368000
50798 c3370000
50799 c3378000
50800 c3380000
50801 c3388000
50802 c3390000
50803 c3398000
50804 c33a0000
50805 c33a8000
50806 c33b0000
50807 c33b8000
50808 c33c0000
50809 c33c8000
50810 c33d0000
50811 c33d8000
50812 c33e0000
50813 c33e8000
50814 c33f0000
50815 c33f8000
50816 c3400000
50817 c3408000
50818 c3410000
50819 c3418000
50820 c3420000
50821 c3428000
50822 c3430000
50823 c3438000
50824 c3440000
50825 c3448000
50826 c3450000
50827 c3458000
50828 c3460000
50829 c3468000
50830 c3470000
50831 c3478000
50832 c3480000
50833 c3488000
50834 c3490000
50835 c3498000
50836 c34a0000
50837 c34a8000
50838 c34b0000
50839 c34b8000
50840 c34c0000
50841 c34c8000
50842 c34d0000
50843 c34d8000
50844 c34e0000
50845 c34e8000
50846 c34f0000
50847 c34f8000
50848 c3500000
50849 c3508000
50850 c3510000
50851 c3518000
50852 c3520000
50853 c3528000
50854 c3530000
50855 c3538000
50856 c3540000
50857 c3548000
50858 c3550000
50859 c3558000
50860 c3560000
50861 c3568000
50862 c3570000
50863 c3578000
50864 c3580000
50865 c3588000
50866 c3590000
50867 c3598000
50868 c35a0000
50869 c35a8000
50870 c35b0000
50871 c35b8000
50872 c35c0000
50873 c35c8000
50874 c35d0000
50875 c35d8000
50876 c35e0000
50877 c35e8000
50878 c35f0000
50879 c35f8000
50880 c3600000
50881 c3608000
50882 c3610000
50883 c3618000
50884 c3620000
50885 c3628000
50886 c3630000
50887 c3638000
50888 c3640000
50889 c3648000
50890 c3650000
50891 c3658000
50892 c3660000
50893 c3668000
50894 c3670000
50895 c3678000
50896 c3680000
50897 c3688000
50898 c3690000
50899 c3698000
50900 c36a0000
50901 c36a8000
50902 c36b0000
50903 c36b8000
50904 c36c0000
50905 c36c8000
50906 c36d0000
50907 c36d8000
50908 c36e0000
50909 c36e8000
50910 c36f0000
50911 c36f8000
50912 c3700000
50913 c3708000
50914 c3710000
50915 c3718000
50916 c3720000
50917 c3728000
50918 c3730000
50919 c3738000
50920 c3740000
50921 c3748000
50922 c3750000
50923 c3758000
50924 c3760000
50925 c3768000
50926 c3770000
50927 c3778000
50928 c3780000
50929 c3788000
50930 c3790000
50931 c3798000
50932 c37a0000
50933 c37a8000
50934 c37b0000
50935 c37b8000
50936 c37c0000
50937 c37c8000
50938 c37d0000
50939 c37d8000
50940 c37e0000
50941 c37e8000
50942 c37f0000
50943 c37f8000
50944 c3800000
50945 c3808000
50946 c3810000
50947 c3818000
50948 c3820000
50949 c3828000
50950 c3830000
50951 c3838000
50952 c3840000
50953 c3848000
50954 c3850000
50955 c3858000
50956 c3860000
50957 c3868000
50958 c3870000
50959 c3878000
50960 c3880000
50961 c3888000
50962 c3890000
50963 c3898000
50964 c38a0000
50965 c38a8000
50966 c38b0000
50967 c38b8000
50968 c38c0000
50969 c38c8000
50970 c38d0000
50971 c38d8000
50972 c38e0000
50973 c38e8000
50974 c38f0000
50975 c38f8000
50976 c3900000
50977 c3908000
50978 c3910000
50979 c3918000
50980 c3920000
50981 c3928000
50982 c3930000
50983 c3938000
50984 c3940000
50985 c3948000
50986 c3950000
50987 c3958000
50988 c3960000
50989 c3968000
50990 c3970000
50991 c3978000
50992 c3980000
50993 c3988000
50994 c3990000
50995 c3998000
50996 c39a0000
50997 c39a8000
50998 c39b0000
50999 c39b8000
51000 c39c0000
51001 c39c8000
51002 c39d0000
51003 c39d8000
51004 c39e0000
51005 c39e8000
51006 c39f0000
51007 c39f8000
51008 c3a00000
51009 c3a08000
51010 c3a10000
51011 c3a18000
51012 c3a20000
51013 c3a28000
51014 c3a30000
51015 c3a38000
51016 c3a40000
51017 c3a48000
51018 c3a50000
51019 c3a58000
51020 c3a60000
51021 c3a68000
51022 c3a70000
51023 c3a78000
51024 c3a80000
51025 c3a88000
51026 c3a90000
51027 c3a98000
51028 c3aa0000
51029 c3aa8000
51030 c3ab0000
51031 c3ab8000
51032 c3ac0000
51033 c3ac8000
51034 c3ad0000
51035 c3ad8000
51036 c3ae0000
51037 c3ae8000
51038 c3af0000
51039 c3af8000
51040 c3b00000
51041 c3b08000
51042 c3b10000
51043 c3b18000
51044 c3b20000
51045 c3b28000
51046 c3b30000
51047 c3b38000
51048 c3b40000
51049 c3b48000
51050 c3b50000
51051 c3b58000
51052 c3b60000
51053 c3b68000
51054 c3b70000
51055 c3b78000
51056 c3b80000
51057 c3b88000
51058 c3b90000
51059 c3b98000
51060 c3ba0000
51061 c3ba8000
51062 c3bb0000
51063 c3bb8000
51064 c3bc0000
51065 c3bc8000
51066 c3bd0000
51067 c3bd8000
51068 c3be0000
51069 c3be8000
51070 c3bf0000
51071 c3bf8000
51072 c3c00000
51073 c3c08000
51074 c3c10000
51075 c3c18000
51076 c3c20000
51077 c3c28000
51078 c3c30000
51079 c3c38000
51080 c3c40000
51081 c3c48000
51082 c3c50000
51083 c3c58000
51084 c3c60000
51085 c3c68000
51086 c3c70000
51087 c3c78000
51088 c3c80000
51089 c3c88000
51090 c3c90000
51091 c3c98000
51092 c3ca0000
51093 c3ca8000
51094 c3cb0000
51095 c3cb8000
51096 c3cc0000
51097 c3cc8000
51098 c3cd0000
51099 c3cd8000
51100 c3ce0000
51101 c3ce8000
51102 c3cf0000
51103 c3cf8000
51104 c3d00000
51105 c3d08000
51106 c3d10000
51107 c3d18000
51108 c3d20000
51109 c3d28000
51110 c3d30000
51111 c3d38000
51112 c3d40000
51113 c3d48000
51114 c3d50000
51115 c3d58000
51116 c3d60000
51117 c3d68000
51118 c3d70000
51119 c3d78000
51120 c3d80000
51121 c3d88000
51122 c3d90000
51123 c3d98000
51124 c3da0000
51125 c3da8000
51126 c3db0000
51127 c3db8000
51128 c3dc0000
51129 c3dc8000
51130 c3dd0000
51131 c3dd8000
51132 c3de0000
51133 c3de8000
51134 c3df0000
51135 c3df8000
51136 c3e00000
51137 c3e08000
51138 c3e10000
51139 c3e18000
51140 c3e20000
51141 c3e28000
51142 c3e30000
51143 c3e38000
51144 c3e40000
51145 c3e48000
51146 c3e50000
51147 c3e58000
51148 c3e60000
51149 c3e68000
51150 c3e70000
51151 c3e78000
51152 c3e80000
51153 c3e88000
51154 c3e90000
51155 c3e98000
51156 c3ea0000
51157 c3ea8000
51158 c3eb0000
51159 c3eb8000
51160 c3ec0000
51161 c3ec8000
51162 c3ed0000
51163 c3ed8000
51164 c3ee0000
51165 c3ee8000
51166 c3ef0000
51167 c3ef8000
51168 c3f00000
51169 c3f08000
51170 c3f10000
51171 c3f18000
51172 c3f20000
51173 c3f28000
51174 c3f30000
51175 c3f38000
51176 c3f40000
51177 c3f48000
51178 c3f50000
51179 c3f58000
51180 c3f60000
51181 c3f68000
51182 c3f70000
51183 c3f78000
51184 c3f80000
51185 c3f88000
51186 c3f90000
51187 c3f98000
51188 c3fa0000
51189 c3fa8000
51190 c3fb0000
51191 c3fb8000
51192 c3fc0000
51193 c3fc8000
51194 c3fd0000
51195 c3fd8000
51196 c3fe0000
51197 c3fe8000
51198 c3ff0000
51199 c3ff8000
51200 c4000000
51201 c4008000
51202 c4010000
51203 c4018000
51204 c4020000
51205 c4028000
51206 c4030000
51207 c4038000
51208 c4040000
51209 c4048000
51210 c4050000
51211 c4058000
51212 c4060000
51213 c4068000
51214 c4070000
51215 c4078000
51216 c4080000
51217 c4088000
51218 c4090000
51219 c4098000
51220 c40a0000
51221 c40a8000
51222 c40b0000
51223 c40b8000
51224 c40c0000
51225 c40c8000
51226 c40d0000
51227 c40d8000
51228 c40e0000
51229 c40e8000
51230 c40f0000
51231 c40f8000
51232 c4100000
51233 c4108000
51234 c4110000
51235 c4118000
51236 c4120000
51237 c4128000
51238 c4130000
51239 c4138000
51240 c4140000
51241 c4148000
51242 c4150000
51243 c4158000
51244 c4160000
51245 c4168000
51246 c4170000
51247 c4178000
51248 c4180000
51249 c4188000
51250 c4190000
51251 c4198000
51252 c41a0000
51253 c41a8000
51254 c41b0000
51255 c41b8000
51256 c41c0000
51257 c41c8000
51258 c41d0000
51259 c41d8000
51260 c41e0000
51261 c41e8000
51262 c41f0000
51263 c41f8000
51264 c4200000
51265 c4208000
51266 c4210000
51267 c4218000
51268 c4220000
51269 c4228000
51270 c4230000
51271 c4238000
51272 c4240000
51273 c4248000
51274 c4250000
51275 c4258000
51276 c4260000
51277 c4268000
51278 c4270000
51279 c4278000
51280 c4280000
51281 c4288000
51282 c4290000
51283 c4298000
51284 c42a0000
51285 c42a8000
51286 c42b0000
51287 c42b8000
51288 c42c0000
51289 c42c8000
51290 c42d0000
51291 c42d8000
51292 c42e0000
51293 c42e8000
51294 c42f0000
51295 c42f8000
51296 c4300000
51297 c4308000
51298 c4310000
51299 c4318000
51300 c4320000
51301 c4328000
51302 c4330000
51303 c4338000
51304 c4340000
51305 c4348000
51306 c4350000
51307 c4358000
51308 c4360000
51309 c4368000
51310 c4370000
51311 c4378000
51312 c4380000
51313 c4388000
51314 c4390000
51315 c4398000
51316 c43a0000
51317 c43a8000
51318 c43b0000
51319 c43b8000
51320 c43c0000
51321 c43c8000
51322 c43d0000
51323 c43d8000
51324 c43e0000
51325 c43e8000
51326 c43f0000
51327 c43f8000
51328 c4400000
51329 c4408000
51330 c4410000
51331 c4418000
51332 c4420000
51333 c4428000
51334 c4430000
51335 c4438000
51336 c4440000
51337 c4448000
51338 c4450000
51339 c4458000
51340 c4460000
51341 c4468000
51342 c4470000
51343 c4478000
51344 c4480000
51345 c4488000
51346 c4490000
51347 c4498000
51348 c44a0000
51349 c44a8000
51350 c44b0000
51351 c44b8000
51352 c44c0000
51353 c44c8000
51354 c44d0000
51355 c44d8000
51356 c44e0000
51357 c44e8000
51358 c44f0000
51359 c44f8000
51360 c4500000
51361 c4508000
51362 c4510000
51363 c4518000
51364 c4520000
51365 c4528000
51366 c4530000
51367 c4538000
51368 c4540000
51369 c4548000
51370 c4550000
51371 c4558000
51372 c4560000
51373 c4568000
51374 c4570000
51375 c4578000
51376 c4580000
51377 c4588000
51378 c4590000
51379 c4598000
51380 c45a0000
51381 c45a8000
51382 c45b0000
51383 c45b8000
51384 c45c0000
51385 c45c8000
51386 c45d0000
51387 c45d8000
51388 c45e0000
51389 c45e8000
51390 c45f0000
51391 c45f8000
51392 c4600000
51393 c4608000
51394 c4610000
51395 c4618000
51396 c4620000
51397 c4628000
51398 c4630000
51399 c4638000
51400 c4640000
51401 c4648000
51402 c4650000
51403 c4658000
51404 c4660000
51405 c4668000
51406 c4670000
51407 c4678000
51408 c4680000
51409 c4688000
51410 c4690000
51411 c4698000
51412 c46a0000
51413 c46a8000
51414 c46b0000
51415 c46b8000
51416 c46c0000
51417 c46c8000
51418 c46d0000
51419 c46d8000
51420 c46e0000
51421 c46e8000
51422 c46f0000
51423 c46f8000
51424 c4700000
51425 c4708000
51426 c4710000
51427 c4718000
51428 c4720000
51429 c4728000
51430 c4730000
51431 c4738000
51432 c4740000
51433 c4748000
51434 c4750000
51435 c4758000
51436 c4760000
51437 c4768000
51438 c4770000
51439 c4778000
51440 c4780000
51441 c4788000
51442 c4790000
51443 c4798000
51444 c47a0000
51445 c47a8000
51446 c47b0000
51447 c47b8000
51448 c47c0000
51449 c47c8000
51450 c47d0000
51451 c47d8000
51452 c47e0000
51453 c47e8000
51454 c47f0000
51455 c47f8000
51456 c4800000
51457 c4808000
51458 c4810000
51459 c4818000
51460 c4820000
51461 c4828000
51462 c4830000
51463 c4838000
51464 c4840000
51465 c4848000
51466 c4850000
51467 c4858000
51468 c4860000
51469 c4868000
51470 c4870000
51471 c4878000
51472 c4880000
51473 c4888000
51474 c4890000
51475 c4898000
51476 c48a0000
51477 c48a8000
51478 c48b0000
51479 c48b8000
51480 c48c0000
51481 c48c8000
51482 c48d0000
51483 c48d8000
51484 c48e0000
51485 c48e8000
51486 c48f0000
51487 c48f8000
51488 c4900000
51489 c4908000
51490 c4910000
51491 c4918000
51492 c4920000
51493 c4928000
51494 c4930000
51495 c4938000
51496 c4940000
51497 c4948000
51498 c4950000
51499 c4958000
51500 c4960000
51501 c4968000
51502 c4970000
51503 c4978000
51504 c4980000
51505 c4988000
51506 c4990000
51507 c4998000
51508 c49a0000
51509 c49a8000
51510 c49b0000
51511 c49b8000
51512 c49c0000
51513 c49c8000
51514 c49d0000
51515 c49d8000
51516 c49e0000
51517 c49e8000
51518 c49f0000
51519 c49f8000
51520 c4a00000
51521 c4a08000
51522 c4a10000
51523 c4a18000
51524 c4a20000
51525 c4a28000
51526 c4a30000
51527 c4a38000
51528 c4a40000
51529 c4a48000
51530 c4a50000
51531 c4a58000
51532 c4a60000
51533 c4a68000
51534 c4a70000
51535 c4a78000
51536 c4a80000
51537 c4a88000
51538 c4a90000
51539 c4a98000
51540 c4aa0000
51541 c4aa8000
51542 c4ab0000
51543 c4ab8000
51544 c4ac0000
51545 c4ac8000
51546 c4ad0000
51547 c4ad8000
51548 c4ae0000
51549 c4ae8000
51550 c4af0000
51551 c4af8000
51552 c4b00000
51553 c4b08000
51554 c4b10000
51555 c4b18000
51556 c4b20000
51557 c4b28000
51558 c4b30000
51559 c4b38000
51560 c4b40000
51561 c4b48000
51562 c4b50000
51563 c4b58000
51564 c4b60000
51565 c4b68000
51566 c4b70000
51567 c4b78000
51568 c4b80000
51569 c4b88000
51570 c4b90000
51571 c4b98000
51572 c4ba0000
51573 c4ba8000
51574 c4bb0000
51575 c4bb8000
51576 c4bc0000
51577 c4bc8000
51578 c4bd0000
51579 c4bd8000
51580 c4be0000
51581 c4be8000
51582 c4bf0000
51583 c4bf8000
51584 c4c00000
51585 c4c08000
51586 c4c10000
51587 c4c18000
51588 c4c20000
51589 c4c28000
51590 c4c30000
51591 c4c38000
51592 c4c40000
51593 c4c48000
51594 c4c50000
51595 c4c58000
51596 c4c60000
51597 c4c68000
51598 c4c70000
51599 c4c78000
51600 c4c80000
51601 c4c88000
51602 c4c90000
51603 c4c98000
51604 c4ca0000
51605 c4ca8000
51606 c4cb0000
51607 c4cb8000
51608 c4cc0000
51609 c4cc8000
51610 c4cd0000
51611 c4cd8000
51612 c4ce0000
51613 c4ce8000
51614 c4cf0000
51615 c4cf8000
51616 c4d00000
51617 c4d08000
51618 c4d10000
51619 c4d18000
51620 c4d20000
51621 c4d28000
51622 c4d30000
51623 c4d38000
51624 c4d40000
51625 c4d48000
51626 c4d50000
51627 c4d58000
51628 c4d60000
51629 c4d68000
51630 c4d70000
51631 c4d78000
51632 c4d80000
51633 c4d88000
51634 c4d90000
51635 c4d98000
51636 c4da0000
51637 c4da8000
51638 c4db0000
51639 c4db8000
51640 c4dc0000
51641 c4dc8000
51642 c4dd0000
51643 c4dd8000
51644 c4de0000
51645 c4de8000
51646 c4df0000
51647 c4df8000
51648 c4e00000
51649 c4e08000
51650 c4e10000
51651 c4e18000
51652 c4e20000
51653 c4e28000
51654 c4e30000
51655 c4e38000
51656 c4e40000
51657 c4e48000
51658 c4e50000
51659 c4e58000
51660 c4e60000
51661 c4e68000
51662 c4e70000
51663 c4e78000
51664 c4e80000
51665 c4e88000
51666 c4e90000
51667 c4e98000
51668 c4ea0000
51669 c4ea8000
51670 c4eb0000
51671 c4eb8000
51672 c4ec0000
51673 c4ec8000
51674 c4ed0000
51675 c4ed8000
51676 c4ee0000
51677 c4ee8000
51678 c4ef0000
51679 c4ef8000
51680 c4f00000
51681 c4f08000
51682 c4f10000
51683 c4f18000
51684 c4f20000
51685 c4f28000
51686 c4f30000
51687 c4f38000
51688 c4f40000
51689 c4f48000
51690 c4f50000
51691 c4f58000
51692 c4f60000
51693 c4f68000
51694 c4f70000
51695 c4f78000
51696 c4f80000
51697 c4f88000
51698 c4f90000
51699 c4f98000
51700 c4fa0000
51701 c4fa8000
51702 c4fb0000
51703 c4fb8000
51704 c4fc0000
51705 c4fc8000
51706 c4fd0000
51707 c4fd8000
51708 c4fe0000
51709 c4fe8000
51710 c4ff0000
51711 c4ff8000
51712 c5000000
51713 c5008000
51714 c5010000
51715 c5018000
51716 c5020000
51717 c5028000
51718 c5030000
51719 c5038000
51720 c5040000
51721 c5048000
51722 c5050000
51723 c5058000
51724 c5060000
51725 c5068000
51726 c5070000
51727 c5078000
51728 c5080000
51729 c5088000
51730 c5090000
51731 c5098000
51732 c50a0000
51733 c50a8000
51734 c50b0000
51735 c50b8000
51736 c50c0000
51737 c50c8000
51738 c50d0000
51739 c50d8000
51740 c50e0000
51741 c50e8000
51742 c50f0000
51743 c50f8000
51744 c5100000
51745 c5108000
51746 c5110000
51747 c5118000
51748 c5120000
51749 c5128000
51750 c5130000
51751 c5138000
51752 c5140000
51753 c5148000
51754 c5150000
51755 c5158000
51756 c5160000
51757 c5168000
51758 c5170000
51759 c5178000
51760 c5180000
51761 c5188000
51762 c5190000
51763 c5198000
51764 c51a0000
51765 c51a8000
51766 c51b0000
51767 c51b8000
51768 c51c0000
51769 c51c8000
51770 c51d0000
51771 c51d8000
51772 c51e0000
51773 c51e8000
51774 c51f0000
51775 c51f8000
51776 c5200000
51777 c5208000
51778 c5210000
51779 c5218000
51780 c5220000
51781 c5228000
51782 c5230000
51783 c5238000
51784 c5240000
51785 c5248000
51786 c5250000
51787 c5258000
51788 c5260000
51789 c5268000
51790 c5270000
51791 c5278000
51792 c5280000
51793 c5288000
51794 c5290000
51795 c5298000
51796 c52a0000
51797 c52a8000
51798 c52b0000
51799 c52b8000
51800 c52c0000
51801 c52c8000
51802 c52d0000
51803 c52d8000
51804 c52e0000
51805 c52e8000
51806 c52f0000
51807 c52f8000
51808 c5300000
51809 c5308000
51810 c5310000
51811 c5318000
51812 c5320000
51813 c5328000
51814 c5330000
51815 c5338000
51816 c5340000
51817 c5348000
51818 c5350000
51819 c5358000
51820 c5360000
51821 c5368000
51822 c5370000
51823 c5378000
51824 c5380000
51825 c5388000
51826 c5390000
51827 c5398000
51828 c53a0000
51829 c53a8000
51830 c53b0000
51831 c53b8000
51832 c53c0000
51833 c53c8000
51834 c53d0000
51835 c53d8000
51836 c53e0000
51837 c53e8000
51838 c53f0000
51839 c53f8000
51840 c5400000
51841 c5408000
51842 c5410000
51843 c5418000
51844 c5420000
51845 c5428000
51846 c5430000
51847 c5438000
51848 c5440000
51849 c5448000
51850 c5450000
51851 c5458000
51852 c5460000
51853 c5468000
51854 c5470000
51855 c5478000
51856 c5480000
51857 c5488000
51858 c5490000
51859 c5498000
51860 c54a0000
51861 c54a8000
51862 c54b0000
51863 c54b8000
51864 c54c0000
51865 c54c8000
51866 c54d0000
51867 c54d8000
51868 c54e0000
51869 c54e8000
51870 c54f0000
51871 c54f8000
51872 c5500000
51873 c5508000
51874 c5510000
51875 c5518000
51876 c5520000
51877 c5528000
51878 c5530000
51879 c5538000
51880 c5540000
51881 c5548000
51882 c5550000
51883 c5558000
51884 c5560000
51885 c5568000
51886 c5570000
51887 c5578000
51888 c5580000
51889 c5588000
51890 c5590000
51891 c5598000
51892 c55a0000
51893 c55a8000
51894 c55b0000
51895 c55b8000
51896 c55c0000
51897 c55c8000
51898 c55d0000
51899 c55d8000
51900 c55e0000
51901 c55e8000
51902 c55f0000
51903 c55f8000
51904 c5600000
51905 c5608000
51906 c5610000
51907 c5618000
51908 c5620000
51909 c5628000
51910 c5630000
51911 c5638000
51912 c5640000
51913 c5648000
51914 c5650000
51915 c5658000
51916 c5660000
51917 c5668000
51918 c5670000
51919 c5678000
51920 c5680000
51921 c5688000
51922 c5690000
51923 c5698000
51924 c56a0000
51925 c56a8000
51926 c56b0000
51927 c56b8000
51928 c56c0000
51929 c56c8000
51930 c56d0000
51931 c56d8000
51932 c56e0000
51933 c56e8000
51934 c56f0000
51935 c56f8000
51936 c5700000
51937 c5708000
51938 c5710000
51939 c5718000
51940 c5720000
51941 c5728000
51942 c5730000
51943 c5738000
51944 c5740000
51945 c5748000
51946 c5750000
51947 c5758000
51948 c5760000
51949 c5768000
51950 c5770000
51951 c5778000
51952 c5780000
51953 c5788000
51954 c5790000
51955 c5798000
51956 c57a0000
51957 c57a8000
51958 c57b0000
51959 c57b8000
51960 c57c0000
51961 c57c8000
51962 c57d0000
51963 c57d8000
51964 c57e0000
51965 c57e8000
51966 c57f0000
51967 c57f8000
51968 c5800000
51969 c5808000
51970 c5810000
51971 c5818000
51972 c5820000
51973 c5828000
51974 c5830000
51975 c5838000
51976 c5840000
51977 c5848000
51978 c5850000
51979 c5858000
51980 c5860000
51981 c5868000
51982 c5870000
51983 c5878000
51984 c5880000
51985 c5888000
51986 c5890000
51987 c5898000
51988 c58a0000
51989 c58a8000
51990 c58b0000
51991 c58b8000
51992 c58c0000
51993 c58c8000
51994 c58d0000
51995 c58d8000
51996 c58e0000
51997 c58e8000
51998 c58f0000
51999 c58f8000
52000 c5900000
52001 c5908000
52002 c5910000
52003 c5918000
52004 c5920000
52005 c5928000
52006 c5930000
52007 c5938000
52008 c5940000
52009 c5948000
52010 c5950000
52011 c5958000
52012 c5960000
52013 c5968000
52014 c5970000
52015 c5978000
52016 c5980000
52017 c5988000
52018 c5990000
52019 c5998000
52020 c59a0000
52021 c59a8000
52022 c59b0000
52023 c59b8000
52024 c59c0000
52025 c59c8000
52026 c59d0000
52027 c59d8000
52028 c59e0000
52029 c59e8000
52030 c59f0000
52031 c59f8000
52032 c5a00000
52033 c5a08000
52034 c5a10000
52035 c5a18000
52036 c5a20000
52037 c5a28000
52038 c5a30000
52039 c5a38000
52040 c5a40000
52041 c5a48000
52042 c5a50000
52043 c5a58000
52044 c5a60000
52045 c5a68000
52046 c5a70000
52047 c5a78000
52048 c5a80000
52049 c5a88000
52050 c5a90000
52051 c5a98000
52052 c5aa0000
52053 c5aa8000
52054 c5ab0000
52055 c5ab8000
52056 c5ac0000
52057 c5ac8000
52058 c5ad0000
52059 c5ad8000
52060 c5ae0000
52061 c5ae8000
52062 c5af0000
52063 c5af8000
52064 c5b00000
52065 c5b08000
52066 c5b10000
52067 c5b18000
52068 c5b20000
52069 c5b28000
52070 c5b30000
52071 c5b38000
52072 c5b40000
52073 c5b48000
52074 c5b50000
52075 c5b58000
52076 c5b60000
52077 c5b68000
52078 c5b70000
52079 c5b78000
52080 c5b80000
52081 c5b88000
52082 c5b90000
52083 c5b98000
52084 c5ba0000
52085 c5ba8000
52086 c5bb0000
52087 c5bb8000
52088 c5bc0000
52089 c5bc8000
52090 c5bd0000
52091 c5bd8000
52092 c5be0000
52093 c5be8000
52094 c5bf0000
52095 c5bf8000
52096 c5c00000
52097 c5c08000
52098 c5c10000
52099 c5c18000
52100 c5c20000
52101 c5c28000
52102 c5c30000
52103 c5c38000
52104 c5c40000
52105 c5c48000
52106 c5c50000
52107 c5c58000
52108 c5c60000
52109 c5c68000
52110 c5c70000
52111 c5c78000
52112 c5c80000
52113 c5c88000
52114 c5c90000
52115 c5c98000
52116 c5ca0000
52117 c5ca8000
52118 c5cb0000
52119 c5cb8000
52120 c5cc0000
52121 c5cc8000
52122 c5cd0000
52123 c5cd8000
52124 c5ce0000
52125 c5ce8000
52126 c5cf0000
52127 c5cf8000
52128 c5d00000
52129 c5d08000
52130 c5d10000
52131 c5d18000
52132 c5d20000
52133 c5d28000
52134 c5d30000
52135 c5d38000
52136 c5d40000
52137 c5d48000
52138 c5d50000
52139 c5d58000
52140 c5d60000
52141 c5d68000
52142 c5d70000
52143 c5d78000
52144 c5d80000
52145 c5d88000
52146 c5d90000
52147 c5d98000
52148 c5da0000
52149 c5da8000
52150 c5db0000
52151 c5db8000
52152 c5dc0000
52153 c5dc8000
52154 c5dd0000
52155 c5dd8000
52156 c5de0000
52157 c5de8000
52158 c5df0000
52159 c5df8000
52160 c5e00000
52161 c5e08000
52162 c5e10000
52163 c5e18000
52164 c5e20000
52165 c5e28000
52166 c5e30000
52167 c5e38000
52168 c5e40000
52169 c5e48000
52170 c5e50000
52171 c5e58000
52172 c5e60000
52173 c5e68000
52174 c5e70000
52175 c5e78000
52176 c5e80000
52177 c5e88000
52178 c5e90000
52179 c5e98000
52180 c5ea0000
52181 c5ea8000
52182 c5eb0000
52183 c5eb8000
52184 c5ec0000
52185 c5ec8000
52186 c5ed0000
52187 c5ed8000
52188 c5ee0000
52189 c5ee8000
52190 c5ef0000
52191 c5ef8000
52192 c5f00000
52193 c5f08000
52194 c5f10000
52195 c5f18000
52196 c5f20000
52197 c5f28000
52198 c5f30000
52199 c5f38000
52200 c5f40000
52201 c5f48000
52202 c5f50000
52203 c5f58000
52204 c5f60000
52205 c5f68000
52206 c5f70000
52207 c5f78000
52208 c5f80000
52209 c5f88000
52210 c5f90000
52211 c5f98000
52212 c5fa0000
52213 c5fa8000
52214 c5fb0000
52215 c5fb8000
52216 c5fc0000
52217 c5fc8000
52218 c5fd0000
52219 c5fd8000
52220 c5fe0000
52221 c5fe8000
52222 c5ff0000
52223 c5ff8000
52224 c6000000
52225 c6008000
52226 c6010000
52227 c6018000
52228 c6020000
52229 c6028000
52230 c6030000
52231 c6038000
52232 c6040000
52233 c6048000
52234 c6050000
52235 c6058000
52236 c6060000
52237 c6068000
52238 c6070000
52239 c6078000
52240 c6080000
52241 c6088000
52242 c6090000
52243 c6098000
52244 c60a0000
52245 c60a8000
52246 c60b0000
52247 c60b8000
52248 c60c0000
52249 c60c8000
52250 c60d0000
52251 c60d8000
52252 c60e0000
52253 c60e8000
52254 c60f0000
52255 c60f8000
52256 c6100000
52257 c6108000
52258 c6110000
52259 c6118000
52260 c6120000
52261 c6128000
52262 c6130000
52263 c6138000
52264 c6140000
52265 c6148000
52266 c6150000
52267 c6158000
52268 c6160000
52269 c6168000
52270 c6170000
52271 c6178000
52272 c6180000
52273 c6188000
52274 c6190000
52275 c6198000
52276 c61a0000
52277 c61a8000
52278 c61b0000
52279 c61b8000
52280 c61c0000
52281 c61c8000
52282 c61d0000
52283 c61d8000
52284 c61e0000
52285 c61e8000
52286 c61f0000
52287 c61f8000
52288 c6200000
52289 c6208000
52290 c6210000
52291 c6218000
52292 c6220000
52293 c6228000
52294 c6230000
52295 c6238000
52296 c6240000
52297 c6248000
52298 c6250000
52299 c6258000
52300 c6260000
52301 c6268000
52302 c6270000
52303 c6278000
52304 c6280000
52305 c6288000
52306 c6290000
52307 c6298000
52308 c62a0000
52309 c62a8000
52310 c62b0000
52311 c62b8000
52312 c62c0000
52313 c62c8000
52314 c62d0000
52315 c62d8000
52316 c62e0000
52317 c62e8000
52318 c62f0000
52319 c62f8000
52320 c6300000
52321 c6308000
52322 c6310000
52323 c6318000
52324 c6320000
52325 c6328000
52326 c6330000
52327 c6338000
52328 c6340000
52329 c6348000
52330 c6350000
52331 c6358000
52332 c6360000
52333 c6368000
52334 c6370000
52335 c6378000
52336 c6380000
52337 c6388000
52338 c6390000
52339 c6398000
52340 c63a0000
52341 c63a8000
52342 c63b0000
52343 c63b8000
52344 c63c0000
52345 c63c8000
52346 c63d0000
52347 c63d8000
52348 c63e0000
52349 c63e8000
52350 c63f0000
52351 c63f8000
52352 c6400000
52353 c6408000
52354 c6410000
52355 c6418000
52356 c6420000
52357 c6428000
52358 c6430000
52359 c6438000
52360 c6440000
52361 c6448000
52362 c6450000
52363 c6458000
52364 c6460000
52365 c6468000
52366 c6470000
52367 c6478000
52368 c6480000
52369 c6488000
52370 c6490000
52371 c6498000
52372 c64a0000
52373 c64a8000
52374 c64b0000
52375 c64b8000
52376 c64c0000
52377 c64c8000
52378 c64d0000
52379 c64d8000
52380 c64e0000
52381 c64e8000
52382 c64f0000
52383 c64f8000
52384 c6500000
52385 c6508000
52386 c6510000
52387 c6518000
52388 c6520000
52389 c6528000
52390 c6530000
52391 c6538000
52392 c6540000
52393 c6548000
52394 c6550000
52395 c6558000
52396 c6560000
52397 c6568000
52398 c6570000
52399 c6578000
52400 c6580000
52401 c6588000
52402 c6590000
52403 c6598000
52404 c65a0000
52405 c65a8000
52406 c65b0000
52407 c65b8000
52408 c65c0000
52409 c65c8000
52410 c65d0000
52411 c65d8000
52412 c65e0000
52413 c65e8000
52414 c65f0000
52415 c65f8000
52416 c6600000
52417 c6608000
52418 c6610000
52419 c6618000
52420 c6620000
52421 c6628000
52422 c6630000
52423 c6638000
52424 c6640000
52425 c6648000
52426 c6650000
52427 c6658000
52428 c6660000
52429 c6668000
52430 c6670000
52431 c6678000
52432 c6680000
52433 c6688000
52434 c6690000
52435 c6698000
52436 c66a0000
52437 c66a8000
52438 c66b0000
52439 c66b8000
52440 c66c0000
52441 c66c8000
52442 c66d0000
52443 c66d8000
52444 c66e0000
52445 c66e8000
52446 c66f0000
52447 c66f8000
52448 c6700000
52449 c6708000
52450 c6710000
52451 c6718000
52452 c6720000
52453 c6728000
52454 c6730000
52455 c6738000
52456 c6740000
52457 c6748000
52458 c6750000
52459 c6758000
52460 c6760000
52461 c6768000
52462 c6770000
52463 c6778000
52464 c6780000
52465 c6788000
52466 c6790000
52467 c6798000
52468 c67a0000
52469 c67a8000
52470 c67b0000
52471 c67b8000
52472 c67c0000
52473 c67c8000
52474 c67d0000
52475 c67d8000
52476 c67e0000
52477 c67e8000
52478 c67f0000
52479 c67f8000
52480 c6800000
52481 c6808000
52482 c6810000
52483 c6818000
52484 c6820000
52485 c6828000
52486 c6830000
52487 c6838000
52488 c6840000
52489 c6848000
52490 c6850000
52491 c6858000
52492 c6860000
52493 c6868000
52494 c6870000
52495 c6878000
52496 c6880000
52497 c6888000
52498 c6890000
52499 c6898000
52500 c68a0000
52501 c68a8000
52502 c68b0000
52503 c68b8000
52504 c68c0000
52505 c68c8000
52506 c68d0000
52507 c68d8000
52508 c68e0000
52509 c68e8000
52510 c68f0000
52511 c68f8000
52512 c6900000
52513 c6908000
52514 c6910000
52515 c6918000
52516 c6920000
52517 c6928000
52518 c6930000
52519 c6938000
52520 c6940000
52521 c6948000
52522 c6950000
52523 c6958000
52524 c6960000
52525 c6968000
52526 c6970000
52527 c6978000
52528 c6980000
52529 c6988000
52530 c6990000
52531 c6998000
52532 c69a0000
52533 c69a8000
52534 c69b0000
52535 c69b8000
52536 c69c0000
52537 c69c8000
52538 c69d0000
52539 c69d8000
52540 c69e0000
52541 c69e8000
52542 c69f0000
52543 c69f8000
52544 c6a00000
52545 c6a08000
52546 c6a10000
52547 c6a18000
52548 c6a20000
52549 c6a28000
52550 c6a30000
52551 c6a38000
52552 c6a40000
52553 c6a48000
52554 c6a50000
52555 c6a58000
52556 c6a60000
52557 c6a68000
52558 c6a70000
52559 c6a78000
52560 c6a80000
52561 c6a88000
52562 c6a90000
52563 c6a98000
52564 c6aa0000
52565 c6aa8000
52566 c6ab0000
52567 c6ab8000
52568 c6ac0000
52569 c6ac8000
52570 c6ad0000
52571 c6ad8000
52572 c6ae0000
52573 c6ae8000
52574 c6af0000
52575 c6af8000
52576 c6b00000
52577 c6b08000
52578 c6b10000
52579 c6b18000
52580 c6b20000
52581 c6b28000
52582 c6b30000
52583 c6b38000
52584 c6b40000
52585 c6b48000
52586 c6b50000
52587 c6b58000
52588 c6b60000
52589 c6b68000
52590 c6b70000
52591 c6b78000
52592 c6b80000
52593 c6b88000
52594 c6b90000
52595 c6b98000
52596 c6ba0000
52597 c6ba8000
52598 c6bb0000
52599 c6bb8000
52600 c6bc0000
52601 c6bc8000
52602 c6bd0000
52603 c6bd8000
52604 c6be0000
52605 c6be8000
52606 c6bf0000
52607 c6bf8000
52608 c6c00000
52609 c6c08000
52610 c6c10000
52611 c6c18000
52612 c6c20000
52613 c6c28000
52614 c6c30000
52615 c6c38000
52616 c6c40000
52617 c6c48000
52618 c6c50000
52619 c6c58000
52620 c6c60000
52621 c6c68000
52622 c6c70000
52623 c6c78000
52624 c6c80000
52625 c6c88000
52626 c6c90000
52627 c6c98000
52628 c6ca0000
52629 c6ca8000
52630 c6cb0000
52631 c6cb8000
52632 c6cc0000
52633 c6cc8000
52634 c6cd0000
52635 c6cd8000
52636 c6ce0000
52637 c6ce8000
52638 c6cf0000
52639 c6cf8000
52640 c6d00000
52641 c6d08000
52642 c6d10000
52643 c6d18000
52644 c6d20000
52645 c6d28000
52646 c6d30000
52647 c6d38000
52648 c6d40000
52649 c6d48000
52650 c6d50000
52651 c6d58000
52652 c6d60000
52653 c6d68000
52654 c6d70000
52655 c6d78000
52656 c6d80000
52657 c6d88000
52658 c6d90000
52659 c6d98000
52660 c6da0000
52661 c6da8000
52662 c6db0000
52663 c6db8000
52664 c6dc0000
52665 c6dc8000
52666 c6dd0000
52667 c6dd8000
52668 c6de0000
52669 c6de8000
52670 c6df0000
52671 c6df8000
52672 c6e00000
52673 c6e08000
52674 c6e10000
52675 c6e18000
52676 c6e20000
52677 c6e28000
52678 c6e30000
52679 c6e38000
52680 c6e40000
52681 c6e48000
52682 c6e50000
52683 c6e58000
52684 c6e60000
52685 c6e68000
52686 c6e70000
52687 c6e78000
52688 c6e80000
52689 c6e88000
52690 c6e90000
52691 c6e98000
52692 c6ea0000
52693 c6ea8000
52694 c6eb0000
52695 c6eb8000
52696 c6ec0000
52697 c6ec8000
52698 c6ed0000
52699 c6ed8000
52700 c6ee0000
52701 c6ee8000
52702 c6ef0000
52703 c6ef8000
52704 c6f00000
52705 c6f08000
52706 c6f10000
52707 c6f18000
52708 c6f20000
52709 c6f28000
52710 c6f30000
52711 c6f38000
52712 c6f40000
52713 c6f48000
52714 c6f50000
52715 c6f58000
52716 c6f60000
52717 c6f68000
52718 c6f70000
52719 c6f78000
52720 c6f80000
52721 c6f88000
52722 c6f90000
52723 c6f98000
52724 c6fa0000
52725 c6fa8000
52726 c6fb0000
52727 c6fb8000
52728 c6fc0000
52729 c6fc8000
52730 c6fd0000
52731 c6fd8000
52732 c6fe0000
52733 c6fe8000
52734 c6ff0000
52735 c6ff8000
52736 c7000000
52737 c7008000
52738 c7010000
52739 c7018000
52740 c7020000
52741 c7028000
52742 c7030000
52743 c7038000
52744 c7040000
52745 c7048000
52746 c7050000
52747 c7058000
52748 c7060000
52749 c7068000
52750 c7070000
52751 c7078000
52752 c7080000
52753 c7088000
52754 c7090000
52755 c7098000
52756 c70a0000
52757 c70a8000
52758 c70b0000
52759 c70b8000
52760 c70c0000
52761 c70c8000
52762 c70d0000
52763 c70d8000
52764 c70e0000
52765 c70e8000
52766 c70f0000
52767 c70f8000
52768 c7100000
52769 c7108000
52770 c7110000
52771 c7118000
52772 c7120000
52773 c7128000
52774 c7130000
52775 c7138000
52776 c7140000
52777 c7148000
52778 c7150000
52779 c7158000
52780 c7160000
52781 c7168000
52782 c7170000
52783 c7178000
52784 c7180000
52785 c7188000
52786 c7190000
52787 c7198000
52788 c71a0000
52789 c71a8000
52790 c71b0000
52791 c71b8000
52792 c71c0000
52793 c71c8000
52794 c71d0000
52795 c71d8000
52796 c71e0000
52797 c71e8000
52798 c71f0000
52799 c71f8000
52800 c7200000
52801 c7208000
52802 c7210000
52803 c7218000
52804 c7220000
52805 c7228000
52806 c7230000
52807 c7238000
52808 c7240000
52809 c7248000
52810 c7250000
52811 c7258000
52812 c7260000
52813 c7268000
52814 c7270000
52815 c7278000
52816 c7280000
52817 c7288000
52818 c7290000
52819 c7298000
52820 c72a0000
52821 c72a8000
52822 c72b0000
52823 c72b8000
52824 c72c0000
52825 c72c8000
52826 c72d0000
52827 c72d8000
52828 c72e0000
52829 c72e8000
52830 c72f0000
52831 c72f8000
52832 c7300000
52833 c7308000
52834 c7310000
52835 c7318000
52836 c7320000
52837 c7328000
52838 c7330000
52839 c7338000
52840 c7340000
52841 c7348000
52842 c7350000
52843 c7358000
52844 c7360000
52845 c7368000
52846 c7370000
52847 c7378000
52848 c7380000
52849 c7388000
52850 c7390000
52851 c7398000
52852 c73a0000
52853 c73a8000
52854 c73b0000
52855 c73b8000
52856 c73c0000
52857 c73c8000
52858 c73d0000
52859 c73d8000
52860 c73e0000
52861 c73e8000
52862 c73f0000
52863 c73f8000
52864 c7400000
52865 c7408000
52866 c7410000
52867 c7418000
52868 c7420000
52869 c7428000
52870 c7430000
52871 c7438000
52872 c7440000
52873 c7448000
52874 c7450000
52875 c7458000
52876 c7460000
52877 c7468000
52878 c7470000
52879 c7478000
52880 c7480000
52881 c7488000
52882 c7490000
52883 c7498000
52884 c74a0000
52885 c74a8000
52886 c74b0000
52887 c74b8000
52888 c74c0000
52889 c74c8000
52890 c74d0000
52891 c74d8000
52892 c74e0000
52893 c74e8000
52894 c74f0000
52895 c74f8000
52896 c7500000
52897 c7508000
52898 c7510000
52899 c7518000
52900 c7520000
52901 c7528000
52902 c7530000
52903 c7538000
52904 c7540000
52905 c7548000
52906 c7550000
52907 c7558000
52908 c7560000
52909 c7568000
52910 c7570000
52911 c7578000
52912 c7580000
52913 c7588000
52914 c7590000
52915 c7598000
52916 c75a0000
52917 c75a8000
52918 c75b0000
52919 c75b8000
52920 c75c0000
52921 c75c8000
52922 c75d0000
52923 c75d8000
52924 c75e0000
52925 c75e8000
52926 c75f0000
52927 c75f8000
52928 c7600000
52929 c7608000
52930 c7610000
52931 c7618000
52932 c7620000
52933 c7628000
52934 c7630000
52935 c7638000
52936 c7640000
52937 c7648000
52938 c7650000
52939 c7658000
52940 c7660000
52941 c7668000
52942 c7670000
52943 c7678000
52944 c7680000
52945 c7688000
52946 c7690000
52947 c7698000
52948 c76a0000
52949 c76a8000
52950 c76b0000
52951 c76b8000
52952 c76c0000
52953 c76c8000
52954 c76d0000
52955 c76d8000
52956 c76e0000
52957 c76e8000
52958 c76f0000
52959 c76f8000
52960 c7700000
52961 c7708000
52962 c7710000
52963 c7718000
52964 c7720000
52965 c7728000
52966 c7730000
52967 c7738000
52968 c7740000
52969 c7748000
52970 c7750000
52971 c7758000
52972 c7760000
52973 c7768000
52974 c7770000
52975 c7778000
52976 c7780000
52977 c7788000
52978 c7790000
52979 c7798000
52980 c77a0000
52981 c77a8000
52982 c77b0000
52983 c77b8000
52984 c77c0000
52985 c77c8000
52986 c77d0000
52987 c77d8000
52988 c77e0000
52989 c77e8000
52990 c77f0000
52991 c77f8000
52992 c7800000
52993 c7808000
52994 c7810000
52995 c7818000
52996 c7820000
52997 c7828000
52998 c7830000
52999 c7838000
53000 c7840000
53001 c7848000
53002 c7850000
53003 c7858000
53004 c7860000
53005 c7868000
53006 c7870000
53007 c7878000
53008 c7880000
53009 c7888000
53010 c7890000
53011 c7898000
53012 c78a0000
53013 c78a8000
53014 c78b0000
53015 c78b8000
53016 c78c0000
53017 c78c8000
53018 c78d0000
53019 c78d8000
53020 c78e0000
53021 c78e8000
53022 c78f0000
53023 c78f8000
53024 c7900000
53025 c7908000
53026 c7910000
53027 c7918000
53028 c7920000
53029 c7928000
53030 c7930000
53031 c7938000
53032 c7940000
53033 c7948000
53034 c7950000
53035 c7958000
53036 c7960000
53037 c7968000
53038 c7970000
53039 c7978000
53040 c7980000
53041 c7988000
53042 c7990000
53043 c7998000
53044 c79a0000
53045 c79a8000
53046 c79b0000
53047 c79b8000
53048 c79c0000
53049 c79c8000
53050 c79d0000
53051 c79d8000
53052 c79e0000
53053 c79e8000
53054 c79f0000
53055 c79f8000
53056 c7a00000
53057 c7a08000
53058 c7a10000
53059 c7a18000
53060 c7a20000
53061 c7a28000
53062 c7a30000
53063 c7a38000
53064 c7a40000
53065 c7a48000
53066 c7a50000
53067 c7a58000
53068 c7a60000
53069 c7a68000
53070 c7a70000
53071 c7a78000
53072 c7a80000
53073 c7a88000
53074 c7a90000
53075 c7a98000
53076 c7aa0000
53077 c7aa8000
53078 c7ab0000
53079 c7ab8000
53080 c7ac0000
53081 c7ac8000
53082 c7ad0000
53083 c7ad8000
53084 c7ae0000
53085 c7ae8000
53086 c7af0000
53087 c7af8000
53088 c7b00000
53089 c7b08000
53090 c7b10000
53091 c7b18000
53092 c7b20000
53093 c7b28000
53094 c7b30000
53095 c7b38000
53096 c7b40000
53097 c7b48000
53098 c7b50000
53099 c7b58000
53100 c7b60000
53101 c7b68000
53102 c7b70000
53103 c7b78000
53104 c7b80000
53105 c7b88000
53106 c7b90000
53107 c7b98000
53108 c7ba0000
53109 c7ba8000
53110 c7bb0000
53111 c7bb8000
53112 c7bc0000
53113 c7bc8000
53114 c7bd0000
53115 c7bd8000
53116 c7be0000
53117 c7be8000
53118 c7bf0000
53119 c7bf8000
53120 c7c00000
53121 c7c08000
53122 c7c10000
53123 c7c18000
53124 c7c20000
53125 c7c28000
53126 c7c30000
53127 c7c38000
53128 c7c40000
53129 c7c48000
53130 c7c50000
53131 c7c58000
53132 c7c60000
53133 c7c68000
53134 c7c70000
53135 c7c78000
53136 c7c80000
53137 c7c88000
53138 c7c90000
53139 c7c98000
53140 c7ca0000
53141 c7ca8000
53142 c7cb0000
53143 c7cb8000
53144 c7cc0000
53145 c7cc8000
53146 c7cd0000
53147 c7cd8000
53148 c7ce0000
53149 c7ce8000
53150 c7cf0000
53151 c7cf8000
53152 c7d00000
53153 c7d08000
53154 c7d10000
53155 c7d18000
53156 c7d20000
53157 c7d28000
53158 c7d30000
53159 c7d38000
53160 c7d40000
53161 c7d48000
53162 c7d50000
53163 c7d58000
53164 c7d60000
53165 c7d68000
53166 c7d70000
53167 c7d78000
53168 c7d80000
53169 c7d88000
53170 c7d90000
53171 c7d98000
53172 c7da0000
53173 c7da8000
53174 c7db0000
53175 c7db8000
53176 c7dc0000
53177 c7dc8000
53178 c7dd0000
53179 c7dd8000
53180 c7de0000
53181 c7de8000
53182 c7df0000
53183 c7df8000
53184 c7e00000
53185 c7e08000
53186 c7e10000
53187 c7e18000
53188 c7e20000
53189 c7e28000
53190 c7e30000
53191 c7e38000
53192 c7e40000
53193 c7e48000
53194 c7e50000
53195 c7e58000
53196 c7e60000
53197 c7e68000
53198 c7e70000
53199 c7e78000
53200 c7e80000
53201 c7e88000
53202 c7e90000
53203 c7e98000
53204 c7ea0000
53205 c7ea8000
53206 c7eb0000
53207 c7eb8000
53208 c7ec0000
53209 c7ec8000
53210 c7ed0000
53211 c7ed8000
53212 c7ee0000
53213 c7ee8000
53214 c7ef0000
53215 c7ef8000
53216 c7f00000
53217 c7f08000
53218 c7f10000
53219 c7f18000
53220 c7f20000
53221 c7f28000
53222 c7f30000
53223 c7f38000
53224 c7f40000
53225 c7f48000
53226 c7f50000
53227 c7f58000
53228 c7f60000
53229 c7f68000
53230 c7f70000
53231 c7f78000
53232 c7f80000
53233 c7f88000
53234 c7f90000
53235 c7f98000
53236 c7fa0000
53237 c7fa8000
53238 c7fb0000
53239 c7fb8000
53240 c7fc0000
53241 c7fc8000
53242 c7fd0000
53243 c7fd8000
53244 c7fe0000
53245 c7fe8000
53246 c7ff0000
53247 c7ff8000
53248 c8000000
53249 c8008000
53250 c8010000
53251 c8018000
53252 c8020000
53253 c8028000
53254 c8030000
53255 c8038000
53256 c8040000
53257 c8048000
53258 c8050000
53259 c8058000
53260 c8060000
53261 c8068000
53262 c8070000
53263 c8078000
53264 c8080000
53265 c8088000
53266 c8090000
53267 c8098000
53268 c80a0000
53269 c80a8000
53270 c80b0000
53271 c80b8000
53272 c80c0000
53273 c80c8000
53274 c80d0000
53275 c80d8000
53276 c80e0000
53277 c80e8000
53278 c80f0000
53279 c80f8000
53280 c8100000
53281 c8108000
53282 c8110000
53283 c8118000
53284 c8120000
53285 c8128000
53286 c8130000
53287 c8138000
53288 c8140000
53289 c8148000
53290 c8150000
53291 c8158000
53292 c8160000
53293 c8168000
53294 c8170000
53295 c8178000
53296 c8180000
53297 c8188000
53298 c8190000
53299 c8198000
53300 c81a0000
53301 c81a8000
53302 c81b0000
53303 c81b8000
53304 c81c0000
53305 c81c8000
53306 c81d0000
53307 c81d8000
53308 c81e0000
53309 c81e8000
53310 c81f0000
53311 c81f8000
53312 c8200000
53313 c8208000
53314 c8210000
53315 c8218000
53316 c8220000
53317 c8228000
53318 c8230000
53319 c8238000
53320 c8240000
53321 c8248000
53322 c8250000
53323 c8258000
53324 c8260000
53325 c8268000
53326 c8270000
53327 c8278000
53328 c8280000
53329 c8288000
53330 c8290000
53331 c8298000
53332 c82a0000
53333 c82a8000
53334 c82b0000
53335 c82b8000
53336 c82c0000
53337 c82c8000
53338 c82d0000
53339 c82d8000
53340 c82e0000
53341 c82e8000
53342 c82f0000
53343 c82f8000
53344 c8300000
53345 c8308000
53346 c8310000
53347 c8318000
53348 c8320000
53349 c8328000
53350 c8330000
53351 c8338000
53352 c8340000
53353 c8348000
53354 c8350000
53355 c8358000
53356 c8360000
53357 c8368000
53358 c8370000
53359 c8378000
53360 c8380000
53361 c8388000
53362 c8390000
53363 c8398000
53364 c83a0000
53365 c83a8000
53366 c83b0000
53367 c83b8000
53368 c83c0000
53369 c83c8000
53370 c83d0000
53371 c83d8000
53372 c83e0000
53373 c83e8000
53374 c83f0000
53375 c83f8000
53376 c8400000
53377 c8408000
53378 c8410000
53379 c8418000
53380 c8420000
53381 c8428000
53382 c8430000
53383 c8438000
53384 c8440000
53385 c8448000
53386 c8450000
53387 c8458000
53388 c8460000
53389 c8468000
53390 c8470000
53391 c8478000
53392 c8480000
53393 c8488000
53394 c8490000
53395 c8498000
53396 c84a0000
53397 c84a8000
53398 c84b0000
53399 c84b8000
53400 c84c0000
53401 c84c8000
53402 c84d0000
53403 c84d8000
53404 c84e0000
53405 c84e8000
53406 c84f0000
53407 c84f8000
53408 c8500000
53409 c8508000
53410 c8510000
53411 c8518000
53412 c8520000
53413 c8528000
53414 c8530000
53415 c8538000
53416 c8540000
53417 c8548000
53418 c8550000
53419 c8558000
53420 c8560000
53421 c8568000
53422 c8570000
53423 c8578000
53424 c8580000
53425 c8588000
53426 c8590000
53427 c8598000
53428 c85a0000
53429 c85a8000
53430 c85b0000
53431 c85b8000
53432 c85c0000
53433 c85c8000
53434 c85d0000
53435 c85d8000
53436 c85e0000
53437 c85e8000
53438 c85f0000
53439 c85f8000
53440 c8600000
53441 c8608000
53442 c8610000
53443 c8618000
53444 c8620000
53445 c8628000
53446 c8630000
53447 c8638000
53448 c8640000
53449 c8648000
53450 c8650000
53451 c8658000
53452 c8660000
53453 c8668000
53454 c8670000
53455 c8678000
53456 c8680000
53457 c8688000
53458 c8690000
53459 c8698000
53460 c86a0000
53461 c86a8000
53462 c86b0000
53463 c86b8000
53464 c86c0000
53465 c86c8000
53466 c86d0000
53467 c86d8000
53468 c86e0000
53469 c86e8000
53470 c86f0000
53471 c86f8000
53472 c8700000
53473 c8708000
53474 c8710000
53475 c8718000
53476 c8720000
53477 c8728000
53478 c8730000
53479 c8738000
53480 c8740000
53481 c8748000
53482 c8750000
53483 c8758000
53484 c8760000
53485 c8768000
53486 c8770000
53487 c8778000
53488 c8780000
53489 c8788000
53490 c8790000
53491 c8798000
53492 c87a0000
53493 c87a8000
53494 c87b0000
53495 c87b8000
53496 c87c0000
53497 c87c8000
53498 c87d0000
53499 c87d8000
53500 c87e0000
53501 c87e8000
53502 c87f0000
53503 c87f8000
53504 c8800000
53505 c8808000
53506 c8810000
53507 c8818000
53508 c8820000
53509 c8828000
53510 c8830000
53511 c8838000
53512 c8840000
53513 c8848000
53514 c8850000
53515 c8858000
53516 c8860000
53517 c8868000
53518 c8870000
53519 c8878000
53520 c8880000
53521 c8888000
53522 c8890000
53523 c8898000
53524 c88a0000
53525 c88a8000
53526 c88b0000
53527 c88b8000
53528 c88c0000
53529 c88c8000
53530 c88d0000
53531 c88d8000
53532 c88e0000
53533 c88e8000
53534 c88f0000
53535 c88f8000
53536 c8900000
53537 c8908000
53538 c8910000
53539 c8918000
53540 c8920000
53541 c8928000
53542 c8930000
53543 c8938000
53544 c8940000
53545 c8948000
53546 c8950000
53547 c8958000
53548 c8960000
53549 c8968000
53550 c8970000
53551 c8978000
53552 c8980000
53553 c8988000
53554 c8990000
53555 c8998000
53556 c89a0000
53557 c89a8000
53558 c89b0000
53559 c89b8000
53560 c89c0000
53561 c89c8000
53562 c89d0000
53563 c89d8000
53564 c89e0000
53565 c89e8000
53566 c89f0000
53567 c89f8000
53568 c8a00000
53569 c8a08000
53570 c8a10000
53571 c8a18000
53572 c8a20000
53573 c8a28000
53574 c8a30000
53575 c8a38000
53576 c8a40000
53577 c8a48000
53578 c8a50000
53579 c8a58000
53580 c8a60000
53581 c8a68000
53582 c8a70000
53583 c8a78000
53584 c8a80000
53585 c8a88000
53586 c8a90000
53587 c8a98000
53588 c8aa0000
53589 c8aa8000
53590 c8ab0000
53591 c8ab8000
53592 c8ac0000
53593 c8ac8000
53594 c8ad0000
53595 c8ad8000
53596 c8ae0000
53597 c8ae8000
53598 c8af0000
53599 c8af8000
53600 c8b00000
53601 c8b08000
53602 c8b10000
53603 c8b18000
53604 c8b20000
53605 c8b28000
53606 c8b30000
53607 c8b38000
53608 c8b40000
53609 c8b48000
53610 c8b50000
53611 c8b58000
53612 c8b60000
53613 c8b68000
53614 c8b70000
53615 c8b78000
53616 c8b80000
53617 c8b88000
53618 c8b90000
53619 c8b98000
53620 c8ba0000
53621 c8ba8000
53622 c8bb0000
53623 c8bb8000
53624 c8bc0000
53625 c8bc8000
53626 c8bd0000
53627 c8bd8000
53628 c8be0000
53629 c8be8000
53630 c8bf0000
53631 c8bf8000
53632 c8c00000
53633 c8c08000
53634 c8c10000
53635 c8c18000
53636 c8c20000
53637 c8c28000
53638 c8c30000
53639 c8c38000
53640 c8c40000
53641 c8c48000
53642 c8c50000
53643 c8c58000
53644 c8c60000
53645 c8c68000
53646 c8c70000
53647 c8c78000
53648 c8c80000
53649 c8c88000
53650 c8c90000
53651 c8c98000
53652 c8ca0000
53653 c8ca8000
53654 c8cb0000
53655 c8cb8000
53656 c8cc0000
53657 c8cc8000
53658 c8cd0000
53659 c8cd8000
53660 c8ce0000
53661 c8ce8000
53662 c8cf0000
53663 c8cf8000
53664 c8d00000
53665 c8d08000
53666 c8d10000
53667 c8d18000
53668 c8d20000
53669 c8d28000
53670 c8d30000
53671 c8d38000
53672 c8d40000
53673 c8d48000
53674 c8d50000
53675 c8d58000
53676 c8d60000
53677 c8d68000
53678 c8d70000
53679 c8d78000
53680 c8d80000
53681 c8d88000
53682 c8d90000
53683 c8d98000
53684 c8da0000
53685 c8da8000
53686 c8db0000
53687 c8db8000
53688 c8dc0000
53689 c8dc8000
53690 c8dd0000
53691 c8dd8000
53692 c8de0000
53693 c8de8000
53694 c8df0000
53695 c8df8000
53696 c8e00000
53697 c8e08000
53698 c8e10000
53699 c8e18000
53700 c8e20000
53701 c8e28000
53702 c8e30000
53703 c8e38000
53704 c8e40000
53705 c8e48000
53706 c8e50000
53707 c8e58000
53708 c8e60000
53709 c8e68000
53710 c8e70000
53711 c8e78000
53712 c8e80000
53713 c8e88000
53714 c8e90000
53715 c8e98000
53716 c8ea0000
53717 c8ea8000
53718 c8eb0000
53719 c8eb8000
53720 c8ec0000
53721 c8ec8000
53722 c8ed0000
53723 c8ed8000
53724 c8ee0000
53725 c8ee8000
53726 c8ef0000
53727 c8ef8000
53728 c8f00000
53729 c8f08000
53730 c8f10000
53731 c8f18000
53732 c8f20000
53733 c8f28000
53734 c8f30000
53735 c8f38000
53736 c8f40000
53737 c8f48000
53738 c8f50000
53739 c8f58000
53740 c8f60000
53741 c8f68000
53742 c8f70000
53743 c8f78000
53744 c8f80000
53745 c8f88000
53746 c8f90000
53747 c8f98000
53748 c8fa0000
53749 c8fa8000
53750 c8fb0000
53751 c8fb8000
53752 c8fc0000
53753 c8fc8000
53754 c8fd0000
53755 c8fd8000
53756 c8fe0000
53757 c8fe8000
53758 c8ff0000
53759 c8ff8000
53760 c9000000
53761 c9008000
53762 c9010000
53763 c9018000
53764 c9020000
53765 c9028000
53766 c9030000
53767 c9038000
53768 c9040000
53769 c9048000
53770 c9050000
53771 c9058000
53772 c9060000
53773 c9068000
53774 c9070000
53775 c9078000
53776 c9080000
53777 c9088000
53778 c9090000
53779 c9098000
53780 c90a0000
53781 c90a8000
53782 c90b0000
53783 c90b8000
53784 c90c0000
53785 c90c8000
53786 c90d0000
53787 c90d8000
53788 c90e0000
53789 c90e8000
53790 c90f0000
53791 c90f8000
53792 c9100000
53793 c9108000
53794 c9110000
53795 c9118000
53796 c9120000
53797 c9128000
53798 c9130000
53799 c9138000
53800 c9140000
53801 c9148000
53802 c9150000
53803 c9158000
53804 c9160000
53805 c9168000
53806 c9170000
53807 c9178000
53808 c9180000
53809 c9188000
53810 c9190000
53811 c9198000
53812 c91a0000
53813 c91a8000
53814 c91b0000
53815 c91b8000
53816 c91c0000
53817 c91c8000
53818 c91d0000
53819 c91d8000
53820 c91e0000
53821 c91e8000
53822 c91f0000
53823 c91f8000
53824 c9200000
53825 c9208000
53826 c9210000
53827 c9218000
53828 c9220000
53829 c9228000
53830 c9230000
53831 c9238000
53832 c9240000
53833 c9248000
53834 c9250000
53835 c9258000
53836 c9260000
53837 c9268000
53838 c9270000
53839 c9278000
53840 c9280000
53841 c9288000
53842 c9290000
53843 c9298000
53844 c92a0000
53845 c92a8000
53846 c92b0000
53847 c92b8000
53848 c92c0000
53849 c92c8000
53850 c92d0000
53851 c92d8000
53852 c92e0000
53853 c92e8000
53854 c92f0000
53855 c92f8000
53856 c9300000
53857 c9308000
53858 c9310000
53859 c9318000
53860 c9320000
53861 c9328000
53862 c9330000
53863 c9338000
53864 c9340000
53865 c9348000
53866 c9350000
53867 c9358000
53868 c9360000
53869 c9368000
53870 c9370000
53871 c9378000
53872 c9380000
53873 c9388000
53874 c9390000
53875 c9398000
53876 c93a0000
53877 c93a8000
53878 c93b0000
53879 c93b8000
53880 c93c0000
53881 c93c8000
53882 c93d0000
53883 c93d8000
53884 c93e0000
53885 c93e8000
53886 c93f0000
53887 c93f8000
53888 c9400000
53889 c9408000
53890 c9410000
53891 c9418000
53892 c9420000
53893 c9428000
53894 c9430000
53895 c9438000
53896 c9440000
53897 c9448000
53898 c9450000
53899 c9458000
53900 c9460000
53901 c9468000
53902 c9470000
53903 c9478000
53904 c9480000
53905 c9488000
53906 c9490000
53907 c9498000
53908 c94a0000
53909 c94a8000
53910 c94b0000
53911 c94b8000
53912 c94c0000
53913 c94c8000
53914 c94d0000
53915 c94d8000
53916 c94e0000
53917 c94e8000
53918 c94f0000
53919 c94f8000
53920 c9500000
53921 c9508000
53922 c9510000
53923 c9518000
53924 c9520000
53925 c9528000
53926 c9530000
53927 c9538000
53928 c9540000
53929 c9548000
53930 c9550000
53931 c9558000
53932 c9560000
53933 c9568000
53934 c9570000
53935 c9578000
53936 c9580000
53937 c9588000
53938 c9590000
53939 c9598000
53940 c95a0000
53941 c95a8000
53942 c95b0000
53943 c95b8000
53944 c95c0000
53945 c95c8000
53946 c95d0000
53947 c95d8000
53948 c95e0000
53949 c95e8000
53950 c95f0000
53951 c95f8000
53952 c9600000
53953 c9608000
53954 c9610000
53955 c9618000
53956 c9620000
53957 c9628000
53958 c9630000
53959 c9638000
53960 c9640000
53961 c9648000
53962 c9650000
53963 c9658000
53964 c9660000
53965 c9668000
53966 c9670000
53967 c9678000
53968 c9680000
53969 c9688000
53970 c9690000
53971 c9698000
53972 c96a0000
53973 c96a8000
53974 c96b0000
53975 c96b8000
53976 c96c0000
53977 c96c8000
53978 c96d0000
53979 c96d8000
53980 c96e0000
53981 c96e8000
53982 c96f0000
53983 c96f8000
53984 c9700000
53985 c9708000
53986 c9710000
53987 c9718000
53988 c9720000
53989 c9728000
53990 c9730000
53991 c9738000
53992 c9740000
53993 c9748000
53994 c9750000
53995 c9758000
53996 c9760000
53997 c9768000
53998 c9770000
53999 c9778000
54000 c9780000
54001 c9788000
54002 c9790000
54003 c9798000
54004 c97a0000
54005 c97a8000
54006 c97b0000
54007 c97b8000
54008 c97c0000
54009 c97c8000
54010 c97d0000
54011 c97d8000
54012 c97e0000
54013 c97e8000
54014 c97f0000
54015 c97f8000
54016 c9800000
54017 c9808000
54018 c9810000
54019 c9818000
54020 c9820000
54021 c9828000
54022 c9830000
54023 c9838000
54024 c9840000
54025 c9848000
54026 c9850000
54027 c9858000
54028 c9860000
54029 c9868000
54030 c9870000
54031 c9878000
54032 c9880000
54033 c9888000
54034 c9890000
54035 c9898000
54036 c98a0000
54037 c98a8000
54038 c98b0000
54039 c98b8000
54040 c98c0000
54041 c98c8000
54042 c98d0000
54043 c98d8000
54044 c98e0000
54045 c98e8000
54046 c98f0000
54047 c98f8000
54048 c9900000
54049 c9908000
54050 c9910000
54051 c9918000
54052 c9920000
54053 c9928000
54054 c9930000
54055 c9938000
54056 c9940000
54057 c9948000
54058 c9950000
54059 c9958000
54060 c9960000
54061 c9968000
54062 c9970000
54063 c9978000
54064 c9980000
54065 c9988000
54066 c9990000
54067 c9998000
54068 c99a0000
54069 c99a8000
54070 c99b0000
54071 c99b8000
54072 c99c0000
54073 c99c8000
54074 c99d0000
54075 c99d8000
54076 c99e0000
54077 c99e8000
54078 c99f0000
54079 c99f8000
54080 c9a00000
54081 c9a08000
54082 c9a10000
54083 c9a18000
54084 c9a20000
54085 c9a28000
54086 c9a30000
54087 c9a38000
54088 c9a40000
54089 c9a48000
54090 c9a50000
54091 c9a58000
54092 c9a60000
54093 c9a68000
54094 c9a70000
54095 c9a78000
54096 c9a80000
54097 c9a88000
54098 c9a90000
54099 c9a98000
54100 c9aa0000
54101 c9aa8000
54102 c9ab0000
54103 c9ab8000
54104 c9ac0000
54105 c9ac8000
54106 c9ad0000
54107 c9ad8000
54108 c9ae0000
54109 c9ae8000
54110 c9af0000
54111 c9af8000
54112 c9b00000
54113 c9b08000
54114 c9b10000
54115 c9b18000
54116 c9b20000
54117 c9b28000
54118 c9b30000
54119 c9b38000
54120 c9b40000
54121 c9b48000
54122 c9b50000
54123 c9b58000
54124 c9b60000
54125 c9b68000
54126 c9b70000
54127 c9b78000
54128 c9b80000
54129 c9b88000
54130 c9b90000
54131 c9b98000
54132 c9ba0000
54133 c9ba8000
54134 c9bb0000
54135 c9bb8000
54136 c9bc0000
54137 c9bc8000
54138 c9bd0000
54139 c9bd8000
54140 c9be0000
54141 c9be8000
54142 c9bf0000
54143 c9bf8000
54144 c9c00000
54145 c9c08000
54146 c9c10000
54147 c9c18000
54148 c9c20000
54149 c9c28000
54150 c9c30000
54151 c9c38000
54152 c9c40000
54153 c9c48000
54154 c9c50000
54155 c9c58000
54156 c9c60000
54157 c9c68000
54158 c9c70000
54159 c9c78000
54160 c9c80000
54161 c9c88000
54162 c9c90000
54163 c9c98000
54164 c9ca0000
54165 c9ca8000
54166 c9cb0000
54167 c9cb8000
54168 c9cc0000
54169 c9cc8000
54170 c9cd0000
54171 c9cd8000
54172 c9ce0000
54173 c9ce8000
54174 c9cf0000
54175 c9cf8000
54176 c9d00000
54177 c9d08000
54178 c9d10000
54179 c9d18000
54180 c9d20000
54181 c9d28000
54182 c9d30000
54183 c9d38000
54184 c9d40000
54185 c9d48000
54186 c9d50000
54187 c9d58000
54188 c9d60000
54189 c9d68000
54190 c9d70000
54191 c9d78000
54192 c9d80000
54193 c9d88000
54194 c9d90000
54195 c9d98000
54196 c9da0000
54197 c9da8000
54198 c9db0000
54199 c9db8000
54200 c9dc0000
54201 c9dc8000
54202 c9dd0000
54203 c9dd8000
54204 c9de0000
54205 c9de8000
54206 c9df0000
54207 c9df8000
54208 c9e00000
54209 c9e08000
54210 c9e10000
54211 c9e18000
54212 c9e20000
54213 c9e28000
54214 c9e30000
54215 c9e38000
54216 c9e40000
54217 c9e48000
54218 c9e50000
54219 c9e58000
54220 c9e60000
54221 c9e68000
54222 c9e70000
54223 c9e78000
54224 c9e80000
54225 c9e88000
54226 c9e90000
54227 c9e98000
54228 c9ea0000
54229 c9ea8000
54230 c9eb0000
54231 c9eb8000
54232 c9ec0000
54233 c9ec8000
54234 c9ed0000
54235 c9ed8000
54236 c9ee0000
54237 c9ee8000
54238 c9ef0000
54239 c9ef8000
54240 c9f00000
54241 c9f08000
54242 c9f10000
54243 c9f18000
54244 c9f20000
54245 c9f28000
54246 c9f30000
54247 c9f38000
54248 c9f40000
54249 c9f48000
54250 c9f50000
54251 c9f58000
54252 c9f60000
54253 c9f68000
54254 c9f70000
54255 c9f78000
54256 c9f80000
54257 c9f88000
54258 c9f90000
54259 c9f98000
54260 c9fa0000
54261 c9fa8000
54262 c9fb0000
54263 c9fb8000
54264 c9fc0000
54265 c9fc8000
54266 c9fd0000
54267 c9fd8000
54268 c9fe0000
54269 c9fe8000
54270 c9ff0000
54271 c9ff8000
54272 ca000000
54273 ca008000
54274 ca010000
54275 ca018000
54276 ca020000
54277 ca028000
54278 ca030000
54279 ca038000
54280 ca040000
54281 ca048000
54282 ca050000
54283 ca058000
54284 ca060000
54285 ca068000
54286 ca070000
54287 ca078000
54288 ca080000
54289 ca088000
54290 ca090000
54291 ca098000
54292 ca0a0000
54293 ca0a8000
54294 ca0b0000
54295 ca0b8000
54296 ca0c0000
54297 ca0c8000
54298 ca0d0000
54299 ca0d8000
54300 ca0e0000
54301 ca0e8000
54302 ca0f0000
54303 ca0f8000
54304 ca100000
54305 ca108000
54306 ca110000
54307 ca118000
54308 ca120000
54309 ca128000
54310 ca130000
54311 ca138000
54312 ca140000
54313 ca148000
54314 ca150000
54315 ca158000
54316 ca160000
54317 ca168000
54318 ca170000
54319 ca178000
54320 ca180000
54321 ca188000
54322 ca190000
54323 ca198000
54324 ca1a0000
54325 ca1a8000
54326 ca1b0000
54327 ca1b8000
54328 ca1c0000
54329 ca1c8000
54330 ca1d0000
54331 ca1d8000
54332 ca1e0000
54333 ca1e8000
54334 ca1f0000
54335 ca1f8000
54336 ca200000
54337 ca208000
54338 ca210000
54339 ca218000
54340 ca220000
54341 ca228000
54342 ca230000
54343 ca238000
54344 ca240000
54345 ca248000
54346 ca250000
54347 ca258000
54348 ca260000
54349 ca268000
54350 ca270000
54351 ca278000
54352 ca280000
54353 ca288000
54354 ca290000
54355 ca298000
54356 ca2a0000
54357 ca2a8000
54358 ca2b0000
54359 ca2b8000
54360 ca2c0000
54361 ca2c8000
54362 ca2d0000
54363 ca2d8000
54364 ca2e0000
54365 ca2e8000
54366 ca2f0000
54367 ca2f8000
54368 ca300000
54369 ca308000
54370 ca310000
54371 ca318000
54372 ca320000
54373 ca328000
54374 ca330000
54375 ca338000
54376 ca340000
54377 ca348000
54378 ca350000
54379 ca358000
54380 ca360000
54381 ca368000
54382 ca370000
54383 ca378000
54384 ca380000
54385 ca388000
54386 ca390000
54387 ca398000
54388 ca3a0000
54389 ca3a8000
54390 ca3b0000
54391 ca3b8000
54392 ca3c0000
54393 ca3c8000
54394 ca3d0000
54395 ca3d8000
54396 ca3e0000
54397 ca3e8000
54398 ca3f0000
54399 ca3f8000
54400 ca400000
54401 ca408000
54402 ca410000
54403 ca418000
54404 ca420000
54405 ca428000
54406 ca430000
54407 ca438000
54408 ca440000
54409 ca448000
54410 ca450000
54411 ca458000
54412 ca460000
54413 ca468000
54414 ca470000
54415 ca478000
54416 ca480000
54417 ca488000
54418 ca490000
54419 ca498000
54420 ca4a0000
54421 ca4a8000
54422 ca4b0000
54423 ca4b8000
54424 ca4c0000
54425 ca4c8000
54426 ca4d0000
54427 ca4d8000
54428 ca4e0000
54429 ca4e8000
54430 ca4f0000
54431 ca4f8000
54432 ca500000
54433 ca508000
54434 ca510000
54435 ca518000
54436 ca520000
54437 ca528000
54438 ca530000
54439 ca538000
54440 ca540000
54441 ca548000
54442 ca550000
54443 ca558000
54444 ca560000
54445 ca568000
54446 ca570000
54447 ca578000
54448 ca580000
54449 ca588000
54450 ca590000
54451 ca598000
54452 ca5a0000
54453 ca5a8000
54454 ca5b0000
54455 ca5b8000
54456 ca5c0000
54457 ca5c8000
54458 ca5d0000
54459 ca5d8000
54460 ca5e0000
54461 ca5e8000
54462 ca5f0000
54463 ca5f8000
54464 ca600000
54465 ca608000
54466 ca610000
54467 ca618000
54468 ca620000
54469 ca628000
54470 ca630000
54471 ca638000
54472 ca640000
54473 ca648000
54474 ca650000
54475 ca658000
54476 ca660000
54477 ca668000
54478 ca670000
54479 ca678000
54480 ca680000
54481 ca688000
54482 ca690000
54483 ca698000
54484 ca6a0000
54485 ca6a8000
54486 ca6b0000
54487 ca6b8000
54488 ca6c0000
54489 ca6c8000
54490 ca6d0000
54491 ca6d8000
54492 ca6e0000
54493 ca6e8000
54494 ca6f0000
54495 ca6f8000
54496 ca700000
54497 ca708000
54498 ca710000
54499 ca718000
54500 ca720000
54501 ca728000
54502 ca730000
54503 ca738000
54504 ca740000
54505 ca748000
54506 ca750000
54507 ca758000
54508 ca760000
54509 ca768000
54510 ca770000
54511 ca778000
54512 ca780000
54513 ca788000
54514 ca790000
54515 ca798000
54516 ca7a0000
54517 ca7a8000
54518 ca7b0000
54519 ca7b8000
54520 ca7c0000
54521 ca7c8000
54522 ca7d0000
54523 ca7d8000
54524 ca7e0000
54525 ca7e8000
54526 ca7f0000
54527 ca7f8000
54528 ca800000
54529 ca808000
54530 ca810000
54531 ca818000
54532 ca820000
54533 ca828000
54534 ca830000
54535 ca838000
54536 ca840000
54537 ca848000
54538 ca850000
54539 ca858000
54540 ca860000
54541 ca868000
54542 ca870000
54543 ca878000
54544 ca880000
54545 ca888000
54546 ca890000
54547 ca898000
54548 ca8a0000
54549 ca8a8000
54550 ca8b0000
54551 ca8b8000
54552 ca8c0000
54553 ca8c8000
54554 ca8d0000
54555 ca8d8000
54556 ca8e0000
54557 ca8e8000
54558 ca8f0000
54559 ca8f8000
54560 ca900000
54561 ca908000
54562 ca910000
54563 ca918000
54564 ca920000
54565 ca928000
54566 ca930000
54567 ca938000
54568 ca940000
54569 ca948000
54570 ca950000
54571 ca958000
54572 ca960000
54573 ca968000
54574 ca970000
54575 ca978000
54576 ca980000
54577 ca988000
54578 ca990000
54579 ca998000
54580 ca9a0000
54581 ca9a8000
54582 ca9b0000
54583 ca9b8000
54584 ca9c0000
54585 ca9c8000
54586 ca9d0000
54587 ca9d8000
54588 ca9e0000
54589 ca9e8000
54590 ca9f0000
54591 ca9f8000
54592 caa00000
54593 caa08000
54594 caa10000
54595 caa18000
54596 caa20000
54597 caa28000
54598 caa30000
54599 caa38000
54600 caa40000
54601 caa48000
54602 caa50000
54603 caa58000
54604 caa60000
54605 caa68000
54606 caa70000
54607 caa78000
54608 caa80000
54609 caa88000
54610 caa90000
54611 caa98000
54612 caaa0000
54613 caaa8000
54614 caab0000
54615 caab8000
54616 caac0000
54617 caac8000
54618 caad0000
54619 caad8000
54620 caae0000
54621 caae8000
54622 caaf0000
54623 caaf8000
54624 cab00000
54625 cab08000
54626 cab10000
54627 cab18000
54628 cab20000
54629 cab28000
54630 cab30000
54631 cab38000
54632 cab40000
54633 cab48000
54634 cab50000
54635 cab58000
54636 cab60000
54637 cab68000
54638 cab70000
54639 cab78000
54640 cab80000
54641 cab88000
54642 cab90000
54643 cab98000
54644 caba0000
54645 caba8000
54646 cabb0000
54647 cabb8000
54648 cabc0000
54649 cabc8000
54650 cabd0000
54651 cabd8000
54652 cabe0000
54653 cabe8000
54654 cabf0000
54655 cabf8000
54656 cac00000
54657 cac08000
54658 cac10000
54659 cac18000
54660 cac20000
54661 cac28000
54662 cac30000
54663 cac38000
54664 cac40000
54665 cac48000
54666 cac50000
54667 cac58000
54668 cac60000
54669 cac68000
54670 cac70000
54671 cac78000
54672 cac80000
54673 cac88000
54674 cac90000
54675 cac98000
54676 caca0000
54677 caca8000
54678 cacb0000
54679 cacb8000
54680 cacc0000
54681 cacc8000
54682 cacd0000
54683 cacd8000
54684 cace0000
54685 cace8000
54686 cacf0000
54687 cacf8000
54688 cad00000
54689 cad08000
54690 cad10000
54691 cad18000
54692 cad20000
54693 cad28000
54694 cad30000
54695 cad38000
54696 cad40000
54697 cad48000
54698 cad50000
54699 cad58000
54700 cad60000
54701 cad68000
54702 cad70000
54703 cad78000
54704 cad80000
54705 cad88000
54706 cad90000
54707 cad98000
54708 cada0000
54709 cada8000
54710 cadb0000
54711 cadb8000
54712 cadc0000
54713 cadc8000
54714 cadd0000
54715 cadd8000
54716 cade0000
54717 cade8000
54718 cadf0000
54719 cadf8000
54720 cae00000
54721 cae08000
54722 cae10000
54723 cae18000
54724 cae20000
54725 cae28000
54726 cae30000
54727 cae38000
54728 cae40000
54729 cae48000
54730 cae50000
54731 cae58000
54732 cae60000
54733 cae68000
54734 cae70000
54735 cae78000
54736 cae80000
54737 cae88000
54738 cae90000
54739 cae98000
54740 caea0000
54741 caea8000
54742 caeb0000
54743 caeb8000
54744 caec0000
54745 caec8000
54746 caed0000
54747 caed8000
54748 caee0000
54749 caee8000
54750 caef0000
54751 caef8000
54752 caf00000
54753 caf08000
54754 caf10000
54755 caf18000
54756 caf20000
54757 caf28000
54758 caf30000
54759 caf38000
54760 caf40000
54761 caf48000
54762 caf50000
54763 caf58000
54764 caf60000
54765 caf68000
54766 caf70000
54767 caf78000
54768 caf80000
54769 caf88000
54770 caf90000
54771 caf98000
54772 cafa0000
54773 cafa8000
54774 cafb0000
54775 cafb8000
54776 cafc0000
54777 cafc8000
54778 cafd0000
54779 cafd8000
54780 cafe0000
54781 cafe8000
54782 caff0000
54783 caff8000
54784 cb000000
54785 cb008000
54786 cb010000
54787 cb018000
54788 cb020000
54789 cb028000
54790 cb030000
54791 cb038000
54792 cb040000
54793 cb048000
54794 cb050000
54795 cb058000
54796 cb060000
54797 cb068000
54798 cb070000
54799 cb078000
54800 cb080000
54801 cb088000
54802 cb090000
54803 cb098000
54804 cb0a0000
54805 cb0a8000
54806 cb0b0000
54807 cb0b8000
54808 cb0c0000
54809 cb0c8000
54810 cb0d0000
54811 cb0d8000
54812 cb0e0000
54813 cb0e8000
54814 cb0f0000
54815 cb0f8000
54816 cb100000
54817 cb108000
54818 cb110000
54819 cb118000
54820 cb120000
54821 cb128000
54822 cb130000
54823 cb138000
54824 cb140000
54825 cb148000
54826 cb150000
54827 cb158000
54828 cb160000
54829 cb168000
54830 cb170000
54831 cb178000
54832 cb180000
54833 cb188000
54834 cb190000
54835 cb198000
54836 cb1a0000
54837 cb1a8000
54838 cb1b0000
54839 cb1b8000
54840 cb1c0000
54841 cb1c8000
54842 cb1d0000
54843 cb1d8000
54844 cb1e0000
54845 cb1e8000
54846 cb1f0000
54847 cb1f8000
54848 cb200000
54849 cb208000
54850 cb210000
54851 cb218000
54852 cb220000
54853 cb228000
54854 cb230000
54855 cb238000
54856 cb240000
54857 cb248000
54858 cb250000
54859 cb258000
54860 cb260000
54861 cb268000
54862 cb270000
54863 cb278000
54864 cb280000
54865 cb288000
54866 cb290000
54867 cb298000
54868 cb2a0000
54869 cb2a8000
54870 cb2b0000
54871 cb2b8000
54872 cb2c0000
54873 cb2c8000
54874 cb2d0000
54875 cb2d8000
54876 cb2e0000
54877 cb2e8000
54878 cb2f0000
54879 cb2f8000
54880 cb300000
54881 cb308000
54882 cb310000
54883 cb318000
54884 cb320000
54885 cb328000
54886 cb330000
54887 cb338000
54888 cb340000
54889 cb348000
54890 cb350000
54891 cb358000
54892 cb360000
54893 cb368000
54894 cb370000
54895 cb378000
54896 cb380000
54897 cb388000
54898 cb390000
54899 cb398000
54900 cb3a0000
54901 cb3a8000
54902 cb3b0000
54903 cb3b8000
54904 cb3c0000
54905 cb3c8000
54906 cb3d0000
54907 cb3d8000
54908 cb3e0000
54909 cb3e8000
54910 cb3f0000
54911 cb3f8000
54912 cb400000
54913 cb408000
54914 cb410000
54915 cb418000
54916 cb420000
54917 cb428000
54918 cb430000
54919 cb438000
54920 cb440000
54921 cb448000
54922 cb450000
54923 cb458000
54924 cb460000
54925 cb468000
54926 cb470000
54927 cb478000
54928 cb480000
54929 cb488000
54930 cb490000
54931 cb498000
54932 cb4a0000
54933 cb4a8000
54934 cb4b0000
54935 cb4b8000
54936 cb4c0000
54937 cb4c8000
54938 cb4d0000
54939 cb4d8000
54940 cb4e0000
54941 cb4e8000
54942 cb4f0000
54943 cb4f8000
54944 cb500000
54945 cb508000
54946 cb510000
54947 cb518000
54948 cb520000
54949 cb528000
54950 cb530000
54951 cb538000
54952 cb540000
54953 cb548000
54954 cb550000
54955 cb558000
54956 cb560000
54957 cb568000
54958 cb570000
54959 cb578000
54960 cb580000
54961 cb588000
54962 cb590000
54963 cb598000
54964 cb5a0000
54965 cb5a8000
54966 cb5b0000
54967 cb5b8000
54968 cb5c0000
54969 cb5c8000
54970 cb5d0000
54971 cb5d8000
54972 cb5e0000
54973 cb5e8000
54974 cb5f0000
54975 cb5f8000
54976 cb600000
54977 cb608000
54978 cb610000
54979 cb618000
54980 cb620000
54981 cb628000
54982 cb630000
54983 cb638000
54984 cb640000
54985 cb648000
54986 cb650000
54987 cb658000
54988 cb660000
54989 cb668000
54990 cb670000
54991 cb678000
54992 cb680000
54993 cb688000
54994 cb690000
54995 cb698000
54996 cb6a0000
54997 cb6a8000
54998 cb6b0000
54999 cb6b8000
55000 cb6c0000
55001 cb6c8000
55002 cb6d0000
55003 cb6d8000
55004 cb6e0000
55005 cb6e8000
55006 cb6f0000
55007 cb6f8000
55008 cb700000
55009 cb708000
55010 cb710000
55011 cb718000
55012 cb720000
55013 cb728000
55014 cb730000
55015 cb738000
55016 cb740000
55017 cb748000
55018 cb750000
55019 cb758000
55020 cb760000
55021 cb768000
55022 cb770000
55023 cb778000
55024 cb780000
55025 cb788000
55026 cb790000
55027 cb798000
55028 cb7a0000
55029 cb7a8000
55030 cb7b0000
55031 cb7b8000
55032 cb7c0000
55033 cb7c8000
55034 cb7d0000
55035 cb7d8000
55036 cb7e0000
55037 cb7e8000
55038 cb7f0000
55039 cb7f8000
55040 cb800000
55041 cb808000
55042 cb810000
55043 cb818000
55044 cb820000
55045 cb828000
55046 cb830000
55047 cb838000
55048 cb840000
55049 cb848000
55050 cb850000
55051 cb858000
55052 cb860000
55053 cb868000
55054 cb870000
55055 cb878000
55056 cb880000
55057 cb888000
55058 cb890000
55059 cb898000
55060 cb8a0000
55061 cb8a8000
55062 cb8b0000
55063 cb8b8000
55064 cb8c0000
55065 cb8c8000
55066 cb8d0000
55067 cb8d8000
55068 cb8e0000
55069 cb8e8000
55070 cb8f0000
55071 cb8f8000
55072 cb900000
55073 cb908000
55074 cb910000
55075 cb918000
55076 cb920000
55077 cb928000
55078 cb930000
55079 cb938000
55080 cb940000
55081 cb948000
55082 cb950000
55083 cb958000
55084 cb960000
55085 cb968000
55086 cb970000
55087 cb978000
55088 cb980000
55089 cb988000
55090 cb990000
55091 cb998000
55092 cb9a0000
55093 cb9a8000
55094 cb9b0000
55095 cb9b8000
55096 cb9c0000
55097 cb9c8000
55098 cb9d0000
55099 cb9d8000
55100 cb9e0000
55101 cb9e8000
55102 cb9f0000
55103 cb9f8000
55104 cba00000
55105 cba08000
55106 cba10000
55107 cba18000
55108 cba20000
55109 cba28000
55110 cba30000
55111 cba38000
55112 cba40000
55113 cba48000
55114 cba50000
55115 cba58000
55116 cba60000
55117 cba68000
55118 cba70000
55119 cba78000
55120 cba80000
55121 cba88000
55122 cba90000
55123 cba98000
55124 cbaa0000
55125 cbaa8000
55126 cbab0000
55127 cbab8000
55128 cbac0000
55129 cbac8000
55130 cbad0000
55131 cbad8000
55132 cbae0000
55133 cbae8000
55134 cbaf0000
55135 cbaf8000
55136 cbb00000
55137 cbb08000
55138 cbb10000
55139 cbb18000
55140 cbb20000
55141 cbb28000
55142 cbb30000
55143 cbb38000
55144 cbb40000
55145 cbb48000
55146 cbb50000
55147 cbb58000
55148 cbb60000
55149 cbb68000
55150 cbb70000
55151 cbb78000
55152 cbb80000
55153 cbb88000
55154 cbb90000
55155 cbb98000
55156 cbba0000
55157 cbba8000
55158 cbbb0000
55159 cbbb8000
55160 cbbc0000
55161 cbbc8000
55162 cbbd0000
55163 cbbd8000
55164 cbbe0000
55165 cbbe8000
55166 cbbf0000
55167 cbbf8000
55168 cbc00000
55169 cbc08000
55170 cbc10000
55171 cbc18000
55172 cbc20000
55173 cbc28000
55174 cbc30000
55175 cbc38000
55176 cbc40000
55177 cbc48000
55178 cbc50000
55179 cbc58000
55180 cbc60000
55181 cbc68000
55182 cbc70000
55183 cbc78000
55184 cbc80000
55185 cbc88000
55186 cbc90000
55187 cbc98000
55188 cbca0000
55189 cbca8000
55190 cbcb0000
55191 cbcb8000
55192 cbcc0000
55193 cbcc8000
55194 cbcd0000
55195 cbcd8000
55196 cbce0000
55197 cbce8000
55198 cbcf0000
55199 cbcf8000
55200 cbd00000
55201 cbd08000
55202 cbd10000
55203 cbd18000
55204 cbd20000
55205 cbd28000
55206 cbd30000
55207 cbd38000
55208 cbd40000
55209 cbd48000
55210 cbd50000
55211 cbd58000
55212 cbd60000
55213 cbd68000
55214 cbd70000
55215 cbd78000
55216 cbd80000
55217 cbd88000
55218 cbd90000
55219 cbd98000
55220 cbda0000
55221 cbda8000
55222 cbdb0000
55223 cbdb8000
55224 cbdc0000
55225 cbdc8000
55226 cbdd0000
55227 cbdd8000
55228 cbde0000
55229 cbde8000
55230 cbdf0000
55231 cbdf8000
55232 cbe00000
55233 cbe08000
55234 cbe10000
55235 cbe18000
55236 cbe20000
55237 cbe28000
55238 cbe30000
55239 cbe38000
55240 cbe40000
55241 cbe48000
55242 cbe50000
55243 cbe58000
55244 cbe60000
55245 cbe68000
55246 cbe70000
55247 cbe78000
55248 cbe80000
55249 cbe88000
55250 cbe90000
55251 cbe98000
55252 cbea0000
55253 cbea8000
55254 cbeb0000
55255 cbeb8000
55256 cbec0000
55257 cbec8000
55258 cbed0000
55259 cbed8000
55260 cbee0000
55261 cbee8000
55262 cbef0000
55263 cbef8000
55264 cbf00000
55265 cbf08000
55266 cbf10000
55267 cbf18000
55268 cbf20000
55269 cbf28000
55270 cbf30000
55271 cbf38000
55272 cbf40000
55273 cbf48000
55274 cbf50000
55275 cbf58000
55276 cbf60000
55277 cbf68000
55278 cbf70000
55279 cbf78000
55280 cbf80000
55281 cbf88000
55282 cbf90000
55283 cbf98000
55284 cbfa0000
55285 cbfa8000
55286 cbfb0000
55287 cbfb8000
55288 cbfc0000
55289 cbfc8000
55290 cbfd0000
55291 cbfd8000
55292 cbfe0000
55293 cbfe8000
55294 cbff0000
55295 cbff8000
55296 cc000000
55297 cc008000
55298 cc010000
55299 cc018000
55300 cc020000
55301 cc028000
55302 cc030000
55303 cc038000
55304 cc040000
55305 cc048000
55306 cc050000
55307 cc058000
55308 cc060000
55309 cc068000
55310 cc070000
55311 cc078000
55312 cc080000
55313 cc088000
55314 cc090000
55315 cc098000
55316 cc0a0000
55317 cc0a8000
55318 cc0b0000
55319 cc0b8000
55320 cc0c0000
55321 cc0c8000
55322 cc0d0000
55323 cc0d8000
55324 cc0e0000
55325 cc0e8000
55326 cc0f0000
55327 cc0f8000
55328 cc100000
55329 cc108000
55330 cc110000
55331 cc118000
55332 cc120000
55333 cc128000
55334 cc130000
55335 cc138000
55336 cc140000
55337 cc148000
55338 cc150000
55339 cc158000
55340 cc160000
55341 cc168000
55342 cc170000
55343 cc178000
55344 cc180000
55345 cc188000
55346 cc190000
55347 cc198000
55348 cc1a0000
55349 cc1a8000
55350 cc1b0000
55351 cc1b8000
55352 cc1c0000
55353 cc1c8000
55354 cc1d0000
55355 cc1d8000
55356 cc1e0000
55357 cc1e8000
55358 cc1f0000
55359 cc1f8000
55360 cc200000
55361 cc208000
55362 cc210000
55363 cc218000
55364 cc220000
55365 cc228000
55366 cc230000
55367 cc238000
55368 cc240000
55369 cc248000
55370 cc250000
55371 cc258000
55372 cc260000
55373 cc268000
55374 cc270000
55375 cc278000
55376 cc280000
55377 cc288000
55378 cc290000
55379 cc298000
55380 cc2a0000
55381 cc2a8000
55382 cc2b0000
55383 cc2b8000
55384 cc2c0000
55385 cc2c8000
55386 cc2d0000
55387 cc2d8000
55388 cc2e0000
55389 cc2e8000
55390 cc2f0000
55391 cc2f8000
55392 cc300000
55393 cc308000
55394 cc310000
55395 cc318000
55396 cc320000
55397 cc328000
55398 cc330000
55399 cc338000
55400 cc340000
55401 cc348000
55402 cc350000
55403 cc358000
55404 cc360000
55405 cc368000
55406 cc370000
55407 cc378000
55408 cc380000
55409 cc388000
55410 cc390000
55411 cc398000
55412 cc3a0000
55413 cc3a8000
55414 cc3b0000
55415 cc3b8000
55416 cc3c0000
55417 cc3c8000
55418 cc3d0000
55419 cc3d8000
55420 cc3e0000
55421 cc3e8000
55422 cc3f0000
55423 cc3f8000
55424 cc400000
55425 cc408000
55426 cc410000
55427 cc418000
55428 cc420000
55429 cc428000
55430 cc430000
55431 cc438000
55432 cc440000
55433 cc448000
55434 cc450000
55435 cc458000
55436 cc460000
55437 cc468000
55438 cc470000
55439 cc478000
55440 cc480000
55441 cc488000
55442 cc490000
55443 cc498000
55444 cc4a0000
55445 cc4a8000
55446 cc4b0000
55447 cc4b8000
55448 cc4c0000
55449 cc4c8000
55450 cc4d0000
55451 cc4d8000
55452 cc4e0000
55453 cc4e8000
55454 cc4f0000
55455 cc4f8000
55456 cc500000
55457 cc508000
55458 cc510000
55459 cc518000
55460 cc520000
55461 cc528000
55462 cc530000
55463 cc538000
55464 cc540000
55465 cc548000
55466 cc550000
55467 cc558000
55468 cc560000
55469 cc568000
55470 cc570000
55471 cc578000
55472 cc580000
55473 cc588000
55474 cc590000
55475 cc598000
55476 cc5a0000
55477 cc5a8000
55478 cc5b0000
55479 cc5b8000
55480 cc5c0000
55481 cc5c8000
55482 cc5d0000
55483 cc5d8000
55484 cc5e0000
55485 cc5e8000
55486 cc5f0000
55487 cc5f8000
55488 cc600000
55489 cc608000
55490 cc610000
55491 cc618000
55492 cc620000
55493 cc628000
55494 cc630000
55495 cc638000
55496 cc640000
55497 cc648000
55498 cc650000
55499 cc658000
55500 cc660000
55501 cc668000
55502 cc670000
55503 cc678000
55504 cc680000
55505 cc688000
55506 cc690000
55507 cc698000
55508 cc6a0000
55509 cc6a8000
55510 cc6b0000
55511 cc6b8000
55512 cc6c0000
55513 cc6c8000
55514 cc6d0000
55515 cc6d8000
55516 cc6e0000
55517 cc6e8000
55518 cc6f0000
55519 cc6f8000
55520 cc700000
55521 cc708000
55522 cc710000
55523 cc718000
55524 cc720000
55525 cc728000
55526 cc730000
55527 cc738000
55528 cc740000
55529 cc748000
55530 cc750000
55531 cc758000
55532 cc760000
55533 cc768000
55534 cc770000
55535 cc778000
55536 cc780000
55537 cc788000
55538 cc790000
55539 cc798000
55540 cc7a0000
55541 cc7a8000
55542 cc7b0000
55543 cc7b8000
55544 cc7c0000
55545 cc7c8000
55546 cc7d0000
55547 cc7d8000
55548 cc7e0000
55549 cc7e8000
55550 cc7f0000
55551 cc7f8000
55552 cc800000
55553 cc808000
55554 cc810000
55555 cc818000
55556 cc820000
55557 cc828000
55558 cc830000
55559 cc838000
55560 cc840000
55561 cc848000
55562 cc850000
55563 cc858000
55564 cc860000
55565 cc868000
55566 cc870000
55567 cc878000
55568 cc880000
55569 cc888000
55570 cc890000
55571 cc898000
55572 cc8a0000
55573 cc8a8000
55574 cc8b0000
55575 cc8b8000
55576 cc8c0000
55577 cc8c8000
55578 cc8d0000
55579 cc8d8000
55580 cc8e0000
55581 cc8e8000
55582 cc8f0000
55583 cc8f8000
55584 cc900000
55585 cc908000
55586 cc910000
55587 cc918000
55588 cc920000
55589 cc928000
55590 cc930000
55591 cc938000
55592 cc940000
55593 cc948000
55594 cc950000
55595 cc958000
55596 cc960000
55597 cc968000
55598 cc970000
55599 cc978000
55600 cc980000
55601 cc988000
55602 cc990000
55603 cc998000
55604 cc9a0000
55605 cc9a8000
55606 cc9b0000
55607 cc9b8000
55608 cc9c0000
55609 cc9c8000
55610 cc9d0000
55611 cc9d8000
55612 cc9e0000
55613 cc9e8000
55614 cc9f0000
55615 cc9f8000
55616 cca00000
55617 cca08000
55618 cca10000
55619 cca18000
55620 cca20000
55621 cca28000
55622 cca30000
55623 cca38000
55624 cca40000
55625 cca48000
55626 cca50000
55627 cca58000
55628 cca60000
55629 cca68000
55630 cca70000
55631 cca78000
55632 cca80000
55633 cca88000
55634 cca90000
55635 cca98000
55636 ccaa0000
55637 ccaa8000
55638 ccab0000
55639 ccab8000
55640 ccac0000
55641 ccac8000
55642 ccad0000
55643 ccad8000
55644 ccae0000
55645 ccae8000
55646 ccaf0000
55647 ccaf8000
55648 ccb00000
55649 ccb08000
55650 ccb10000
55651 ccb18000
55652 ccb20000
55653 ccb28000
55654 ccb30000
55655 ccb38000
55656 ccb40000
55657 ccb48000
55658 ccb50000
55659 ccb58000
55660 ccb60000
55661 ccb68000
55662 ccb70000
55663 ccb78000
55664 ccb80000
55665 ccb88000
55666 ccb90000
55667 ccb98000
55668 ccba0000
55669 ccba8000
55670 ccbb0000
55671 ccbb8000
55672 ccbc0000
55673 ccbc8000
55674 ccbd0000
55675 ccbd8000
55676 ccbe0000
55677 ccbe8000
55678 ccbf0000
55679 ccbf8000
55680 ccc00000
55681 ccc08000
55682 ccc10000
55683 ccc18000
55684 ccc20000
55685 ccc28000
55686 ccc30000
55687 ccc38000
55688 ccc40000
55689 ccc48000
55690 ccc50000
55691 ccc58000
55692 ccc60000
55693 ccc68000
55694 ccc70000
55695 ccc78000
55696 ccc80000
55697 ccc88000
55698 ccc90000
55699 ccc98000
55700 ccca0000
55701 ccca8000
55702 cccb0000
55703 cccb8000
55704 cccc0000
55705 cccc8000
55706 cccd0000
55707 cccd8000
55708 ccce0000
55709 ccce8000
55710 cccf0000
55711 cccf8000
55712 ccd00000
55713 ccd08000
55714 ccd10000
55715 ccd18000
55716 ccd20000
55717 ccd28000
55718 ccd30000
55719 ccd38000
55720 ccd40000
55721 ccd48000
55722 ccd50000
55723 ccd58000
55724 ccd60000
55725 ccd68000
55726 ccd70000
55727 ccd78000
55728 ccd80000
55729 ccd88000
55730 ccd90000
55731 ccd98000
55732 ccda0000
55733 ccda8000
55734 ccdb0000
55735 ccdb8000
55736 ccdc0000
55737 ccdc8000
55738 ccdd0000
55739 ccdd8000
55740 ccde0000
55741 ccde8000
55742 ccdf0000
55743 ccdf8000
55744 cce00000
55745 cce08000
55746 cce10000
55747 cce18000
55748 cce20000
55749 cce28000
55750 cce30000
55751 cce38000
55752 cce40000
55753 cce48000
55754 cce50000
55755 cce58000
55756 cce60000
55757 cce68000
55758 cce70000
55759 cce78000
55760 cce80000
55761 cce88000
55762 cce90000
55763 cce98000
55764 ccea0000
55765 ccea8000
55766 cceb0000
55767 cceb8000
55768 ccec0000
55769 ccec8000
55770 cced0000
55771 cced8000
55772 ccee0000
55773 ccee8000
55774 ccef0000
55775 ccef8000
55776 ccf00000
55777 ccf08000
55778 ccf10000
55779 ccf18000
55780 ccf20000
55781 ccf28000
55782 ccf30000
55783 ccf38000
55784 ccf40000
55785 ccf48000
55786 ccf50000
55787 ccf58000
55788 ccf60000
55789 ccf68000
55790 ccf70000
55791 ccf78000
55792 ccf80000
55793 ccf88000
55794 ccf90000
55795 ccf98000
55796 ccfa0000
55797 ccfa8000
55798 ccfb0000
55799 ccfb8000
55800 ccfc0000
55801 ccfc8000
55802 ccfd0000
55803 ccfd8000
55804 ccfe0000
55805 ccfe8000
55806 ccff0000
55807 ccff8000
55808 cd000000
55809 cd008000
55810 cd010000
55811 cd018000
55812 cd020000
55813 cd028000
55814 cd030000
55815 cd038000
55816 cd040000
55817 cd048000
55818 cd050000
55819 cd058000
55820 cd060000
55821 cd068000
55822 cd070000
55823 cd078000
55824 cd080000
55825 cd088000
55826 cd090000
55827 cd098000
55828 cd0a0000
55829 cd0a8000
55830 cd0b0000
55831 cd0b8000
55832 cd0c0000
55833 cd0c8000
55834 cd0d0000
55835 cd0d8000
55836 cd0e0000
55837 cd0e8000
55838 cd0f0000
55839 cd0f8000
55840 cd100000
55841 cd108000
55842 cd110000
55843 cd118000
55844 cd120000
55845 cd128000
55846 cd130000
55847 cd138000
55848 cd140000
55849 cd148000
55850 cd150000
55851 cd158000
55852 cd160000
55853 cd168000
55854 cd170000
55855 cd178000
55856 cd180000
55857 cd188000
55858 cd190000
55859 cd198000
55860 cd1a0000
55861 cd1a8000
55862 cd1b0000
55863 cd1b8000
55864 cd1c0000
55865 cd1c8000
55866 cd1d0000
55867 cd1d8000
55868 cd1e0000
55869 cd1e8000
55870 cd1f0000
55871 cd1f8000
55872 cd200000
55873 cd208000
55874 cd210000
55875 cd218000
55876 cd220000
55877 cd228000
55878 cd230000
55879 cd238000
55880 cd240000
55881 cd248000
55882 cd250000
55883 cd258000
55884 cd260000
55885 cd268000
55886 cd270000
55887 cd278000
55888 cd280000
55889 cd288000
55890 cd290000
55891 cd298000
55892 cd2a0000
55893 cd2a8000
55894 cd2b0000
55895 cd2b8000
55896 cd2c0000
55897 cd2c8000
55898 cd2d0000
55899 cd2d8000
55900 cd2e0000
55901 cd2e8000
55902 cd2f0000
55903 cd2f8000
55904 cd300000
55905 cd308000
55906 cd310000
55907 cd318000
55908 cd320000
55909 cd328000
55910 cd330000
55911 cd338000
55912 cd340000
55913 cd348000
55914 cd350000
55915 cd358000
55916 cd360000
55917 cd368000
55918 cd370000
55919 cd378000
55920 cd380000
55921 cd388000
55922 cd390000
55923 cd398000
55924 cd3a0000
55925 cd3a8000
55926 cd3b0000
55927 cd3b8000
55928 cd3c0000
55929 cd3c8000
55930 cd3d0000
55931 cd3d8000
55932 cd3e0000
55933 cd3e8000
55934 cd3f0000
55935 cd3f8000
55936 cd400000
55937 cd408000
55938 cd410000
55939 cd418000
55940 cd420000
55941 cd428000
55942 cd430000
55943 cd438000
55944 cd440000
55945 cd448000
55946 cd450000
55947 cd458000
55948 cd460000
55949 cd468000
55950 cd470000
55951 cd478000
55952 cd480000
55953 cd488000
55954 cd490000
55955 cd498000
55956 cd4a0000
55957 cd4a8000
55958 cd4b0000
55959 cd4b8000
55960 cd4c0000
55961 cd4c8000
55962 cd4d0000
55963 cd4d8000
55964 cd4e0000
55965 cd4e8000
55966 cd4f0000
55967 cd4f8000
55968 cd500000
55969 cd508000
55970 cd510000
55971 cd518000
55972 cd520000
55973 cd528000
55974 cd530000
55975 cd538000
55976 cd540000
55977 cd548000
55978 cd550000
55979 cd558000
55980 cd560000
55981 cd568000
55982 cd570000
55983 cd578000
55984 cd580000
55985 cd588000
55986 cd590000
55987 cd598000
55988 cd5a0000
55989 cd5a8000
55990 cd5b0000
55991 cd5b8000
55992 cd5c0000
55993 cd5c8000
55994 cd5d0000
55995 cd5d8000
55996 cd5e0000
55997 cd5e8000
55998 cd5f0000
55999 cd5f8000
56000 cd600000
56001 cd608000
56002 cd610000
56003 cd618000
56004 cd620000
56005 cd628000
56006 cd630000
56007 cd638000
56008 cd640000
56009 cd648000
56010 cd650000
56011 cd658000
56012 cd660000
56013 cd668000
56014 cd670000
56015 cd678000
56016 cd680000
56017 cd688000
56018 cd690000
56019 cd698000
56020 cd6a0000
56021 cd6a8000
56022 cd6b0000
56023 cd6b8000
56024 cd6c0000
56025 cd6c8000
56026 cd6d0000
56027 cd6d8000
56028 cd6e0000
56029 cd6e8000
56030 cd6f0000
56031 cd6f8000
56032 cd700000
56033 cd708000
56034 cd710000
56035 cd718000
56036 cd720000
56037 cd728000
56038 cd730000
56039 cd738000
56040 cd740000
56041 cd748000
56042 cd750000
56043 cd758000
56044 cd760000
56045 cd768000
56046 cd770000
56047 cd778000
56048 cd780000
56049 cd788000
56050 cd790000
56051 cd798000
56052 cd7a0000
56053 cd7a8000
56054 cd7b0000
56055 cd7b8000
56056 cd7c0000
56057 cd7c8000
56058 cd7d0000
56059 cd7d8000
56060 cd7e0000
56061 cd7e8000
56062 cd7f0000
56063 cd7f8000
56064 cd800000
56065 cd808000
56066 cd810000
56067 cd818000
56068 cd820000
56069 cd828000
56070 cd830000
56071 cd838000
56072 cd840000
56073 cd848000
56074 cd850000
56075 cd858000
56076 cd860000
56077 cd868000
56078 cd870000
56079 cd878000
56080 cd880000
56081 cd888000
56082 cd890000
56083 cd898000
56084 cd8a0000
56085 cd8a8000
56086 cd8b0000
56087 cd8b8000
56088 cd8c0000
56089 cd8c8000
56090 cd8d0000
56091 cd8d8000
56092 cd8e0000
56093 cd8e8000
56094 cd8f0000
56095 cd8f8000
56096 cd900000
56097 cd908000
56098 cd910000
56099 cd918000
56100 cd920000
56101 cd928000
56102 cd930000
56103 cd938000
56104 cd940000
56105 cd948000
56106 cd950000
56107 cd958000
56108 cd960000
56109 cd968000
56110 cd970000
56111 cd978000
56112 cd980000
56113 cd988000
56114 cd990000
56115 cd998000
56116 cd9a0000
56117 cd9a8000
56118 cd9b0000
56119 cd9b8000
56120 cd9c0000
56121 cd9c8000
56122 cd9d0000
56123 cd9d8000
56124 cd9e0000
56125 cd9e8000
56126 cd9f0000
56127 cd9f8000
56128 cda00000
56129 cda08000
56130 cda10000
56131 cda18000
56132 cda20000
56133 cda28000
56134 cda30000
56135 cda38000
56136 cda40000
56137 cda48000
56138 cda50000
56139 cda58000
56140 cda60000
56141 cda68000
56142 cda70000
56143 cda78000
56144 cda80000
56145 cda88000
56146 cda90000
56147 cda98000
56148 cdaa0000
56149 cdaa8000
56150 cdab0000
56151 cdab8000
56152 cdac0000
56153 cdac8000
56154 cdad0000
56155 cdad8000
56156 cdae0000
56157 cdae8000
56158 cdaf0000
56159 cdaf8000
56160 cdb00000
56161 cdb08000
56162 cdb10000
56163 cdb18000
56164 cdb20000
56165 cdb28000
56166 cdb30000
56167 cdb38000
56168 cdb40000
56169 cdb48000
56170 cdb50000
56171 cdb58000
56172 cdb60000
56173 cdb68000
56174 cdb70000
56175 cdb78000
56176 cdb80000
56177 cdb88000
56178 cdb90000
56179 cdb98000
56180 cdba0000
56181 cdba8000
56182 cdbb0000
56183 cdbb8000
56184 cdbc0000
56185 cdbc8000
56186 cdbd0000
56187 cdbd8000
56188 cdbe0000
56189 cdbe8000
56190 cdbf0000
56191 cdbf8000
56192 cdc00000
56193 cdc08000
56194 cdc10000
56195 cdc18000
56196 cdc20000
56197 cdc28000
56198 cdc30000
56199 cdc38000
56200 cdc40000
56201 cdc48000
56202 cdc50000
56203 cdc58000
56204 cdc60000
56205 cdc68000
56206 cdc70000
56207 cdc78000
56208 cdc80000
56209 cdc88000
56210 cdc90000
56211 cdc98000
56212 cdca0000
56213 cdca8000
56214 cdcb0000
56215 cdcb8000
56216 cdcc0000
56217 cdcc8000
56218 cdcd0000
56219 cdcd8000
56220 cdce0000
56221 cdce8000
56222 cdcf0000
56223 cdcf8000
56224 cdd00000
56225 cdd08000
56226 cdd10000
56227 cdd18000
56228 cdd20000
56229 cdd28000
56230 cdd30000
56231 cdd38000
56232 cdd40000
56233 cdd48000
56234 cdd50000
56235 cdd58000
56236 cdd60000
56237 cdd68000
56238 cdd70000
56239 cdd78000
56240 cdd80000
56241 cdd88000
56242 cdd90000
56243 cdd98000
56244 cdda0000
56245 cdda8000
56246 cddb0000
56247 cddb8000
56248 cddc0000
56249 cddc8000
56250 cddd0000
56251 cddd8000
56252 cdde0000
56253 cdde8000
56254 cddf0000
56255 cddf8000
56256 cde00000
56257 cde08000
56258 cde10000
56259 cde18000
56260 cde20000
56261 cde28000
56262 cde30000
56263 cde38000
56264 cde40000
56265 cde48000
56266 cde50000
56267 cde58000
56268 cde60000
56269 cde68000
56270 cde70000
56271 cde78000
56272 cde80000
56273 cde88000
56274 cde90000
56275 cde98000
56276 cdea0000
56277 cdea8000
56278 cdeb0000
56279 cdeb8000
56280 cdec0000
56281 cdec8000
56282 cded0000
56283 cded8000
56284 cdee0000
56285 cdee8000
56286 cdef0000
56287 cdef8000
56288 cdf00000
56289 cdf08000
56290 cdf10000
56291 cdf18000
56292 cdf20000
56293 cdf28000
56294 cdf30000
56295 cdf38000
56296 cdf40000
56297 cdf48000
56298 cdf50000
56299 cdf58000
56300 cdf60000
56301 cdf68000
56302 cdf70000
56303 cdf78000
56304 cdf80000
56305 cdf88000
56306 cdf90000
56307 cdf98000
56308 cdfa0000
56309 cdfa8000
56310 cdfb0000
56311 cdfb8000
56312 cdfc0000
56313 cdfc8000
56314 cdfd0000
56315 cdfd8000
56316 cdfe0000
56317 cdfe8000
56318 cdff0000
56319 cdff8000
56320 ce000000
56321 ce008000
56322 ce010000
56323 ce018000
56324 ce020000
56325 ce028000
56326 ce030000
56327 ce038000
56328 ce040000
56329 ce048000
56330 ce050000
56331 ce058000
56332 ce060000
56333 ce068000
56334 ce070000
56335 ce078000
56336 ce080000
56337 ce088000
56338 ce090000
56339 ce098000
56340 ce0a0000
56341 ce0a8000
56342 ce0b0000
56343 ce0b8000
56344 ce0c0000
56345 ce0c8000
56346 ce0d0000
56347 ce0d8000
56348 ce0e0000
56349 ce0e8000
56350 ce0f0000
56351 ce0f8000
56352 ce100000
56353 ce108000
56354 ce110000
56355 ce118000
56356 ce120000
56357 ce128000
56358 ce130000
56359 ce138000
56360 ce140000
56361 ce148000
56362 ce150000
56363 ce158000
56364 ce160000
56365 ce168000
56366 ce170000
56367 ce178000
56368 ce180000
56369 ce188000
56370 ce190000
56371 ce198000
56372 ce1a0000
56373 ce1a8000
56374 ce1b0000
56375 ce1b8000
56376 ce1c0000
56377 ce1c8000
56378 ce1d0000
56379 ce1d8000
56380 ce1e0000
56381 ce1e8000
56382 ce1f0000
56383 ce1f8000
56384 ce200000
56385 ce208000
56386 ce210000
56387 ce218000
56388 ce220000
56389 ce228000
56390 ce230000
56391 ce238000
56392 ce240000
56393 ce248000
56394 ce250000
56395 ce258000
56396 ce260000
56397 ce268000
56398 ce270000
56399 ce278000
56400 ce280000
56401 ce288000
56402 ce290000
56403 ce298000
56404 ce2a0000
56405 ce2a8000
56406 ce2b0000
56407 ce2b8000
56408 ce2c0000
56409 ce2c8000
56410 ce2d0000
56411 ce2d8000
56412 ce2e0000
56413 ce2e8000
56414 ce2f0000
56415 ce2f8000
56416 ce300000
56417 ce308000
56418 ce310000
56419 ce318000
56420 ce320000
56421 ce328000
56422 ce330000
56423 ce338000
56424 ce340000
56425 ce348000
56426 ce350000
56427 ce358000
56428 ce360000
56429 ce368000
56430 ce370000
56431 ce378000
56432 ce380000
56433 ce388000
56434 ce390000
56435 ce398000
56436 ce3a0000
56437 ce3a8000
56438 ce3b0000
56439 ce3b8000
56440 ce3c0000
56441 ce3c8000
56442 ce3d0000
56443 ce3d8000
56444 ce3e0000
56445 ce3e8000
56446 ce3f0000
56447 ce3f8000
56448 ce400000
56449 ce408000
56450 ce410000
56451 ce418000
56452 ce420000
56453 ce428000
56454 ce430000
56455 ce438000
56456 ce440000
56457 ce448000
56458 ce450000
56459 ce458000
56460 ce460000
56461 ce468000
56462 ce470000
56463 ce478000
56464 ce480000
56465 ce488000
56466 ce490000
56467 ce498000
56468 ce4a0000
56469 ce4a8000
56470 ce4b0000
56471 ce4b8000
56472 ce4c0000
56473 ce4c8000
56474 ce4d0000
56475 ce4d8000
56476 ce4e0000
56477 ce4e8000
56478 ce4f0000
56479 ce4f8000
56480 ce500000
56481 ce508000
56482 ce510000
56483 ce518000
56484 ce520000
56485 ce528000
56486 ce530000
56487 ce538000
56488 ce540000
56489 ce548000
56490 ce550000
56491 ce558000
56492 ce560000
56493 ce568000
56494 ce570000
56495 ce578000
56496 ce580000
56497 ce588000
56498 ce590000
56499 ce598000
56500 ce5a0000
56501 ce5a8000
56502 ce5b0000
56503 ce5b8000
56504 ce5c0000
56505 ce5c8000
56506 ce5d0000
56507 ce5d8000
56508 ce5e0000
56509 ce5e8000
56510 ce5f0000
56511 ce5f8000
56512 ce600000
56513 ce608000
56514 ce610000
56515 ce618000
56516 ce620000
56517 ce628000
56518 ce630000
56519 ce638000
56520 ce640000
56521 ce648000
56522 ce650000
56523 ce658000
56524 ce660000
56525 ce668000
56526 ce670000
56527 ce678000
56528 ce680000
56529 ce688000
56530 ce690000
56531 ce698000
56532 ce6a0000
56533 ce6a8000
56534 ce6b0000
56535 ce6b8000
56536 ce6c0000
56537 ce6c8000
56538 ce6d0000
56539 ce6d8000
56540 ce6e0000
56541 ce6e8000
56542 ce6f0000
56543 ce6f8000
56544 ce700000
56545 ce708000
56546 ce710000
56547 ce718000
56548 ce720000
56549 ce728000
56550 ce730000
56551 ce738000
56552 ce740000
56553 ce748000
56554 ce750000
56555 ce758000
56556 ce760000
56557 ce768000
56558 ce770000
56559 ce778000
56560 ce780000
56561 ce788000
56562 ce790000
56563 ce798000
56564 ce7a0000
56565 ce7a8000
56566 ce7b0000
56567 ce7b8000
56568 ce7c0000
56569 ce7c8000
56570 ce7d0000
56571 ce7d8000
56572 ce7e0000
56573 ce7e8000
56574 ce7f0000
56575 ce7f8000
56576 ce800000
56577 ce808000
56578 ce810000
56579 ce818000
56580 ce820000
56581 ce828000
56582 ce830000
56583 ce838000
56584 ce840000
56585 ce848000
56586 ce850000
56587 ce858000
56588 ce860000
56589 ce868000
56590 ce870000
56591 ce878000
56592 ce880000
56593 ce888000
56594 ce890000
56595 ce898000
56596 ce8a0000
56597 ce8a8000
56598 ce8b0000
56599 ce8b8000
56600 ce8c0000
56601 ce8c8000
56602 ce8d0000
56603 ce8d8000
56604 ce8e0000
56605 ce8e8000
56606 ce8f0000
56607 ce8f8000
56608 ce900000
56609 ce908000
56610 ce910000
56611 ce918000
56612 ce920000
56613 ce928000
56614 ce930000
56615 ce938000
56616 ce940000
56617 ce948000
56618 ce950000
56619 ce958000
56620 ce960000
56621 ce968000
56622 ce970000
56623 ce978000
56624 ce980000
56625 ce988000
56626 ce990000
56627 ce998000
56628 ce9a0000
56629 ce9a8000
56630 ce9b0000
56631 ce9b8000
56632 ce9c0000
56633 ce9c8000
56634 ce9d0000
56635 ce9d8000
56636 ce9e0000
56637 ce9e8000
56638 ce9f0000
56639 ce9f8000
56640 cea00000
56641 cea08000
56642 cea10000
56643 cea18000
56644 cea20000
56645 cea28000
56646 cea30000
56647 cea38000
56648 cea40000
56649 cea48000
56650 cea50000
56651 cea58000
56652 cea60000
56653 cea68000
56654 cea70000
56655 cea78000
56656 cea80000
56657 cea88000
56658 cea90000
56659 cea98000
56660 ceaa0000
56661 ceaa8000
56662 ceab0000
56663 ceab8000
56664 ceac0000
56665 ceac8000
56666 cead0000
56667 cead8000
56668 ceae0000
56669 ceae8000
56670 ceaf0000
56671 ceaf8000
56672 ceb00000
56673 ceb08000
56674 ceb10000
56675 ceb18000
56676 ceb20000
56677 ceb28000
56678 ceb30000
56679 ceb38000
56680 ceb40000
56681 ceb48000
56682 ceb50000
56683 ceb58000
56684 ceb60000
56685 ceb68000
56686 ceb70000
56687 ceb78000
56688 ceb80000
56689 ceb88000
56690 ceb90000
56691 ceb98000
56692 ceba0000
56693 ceba8000
56694 cebb0000
56695 cebb8000
56696 cebc0000
56697 cebc8000
56698 cebd0000
56699 cebd8000
56700 cebe0000
56701 cebe8000
56702 cebf0000
56703 cebf8000
56704 cec00000
56705 cec08000
56706 cec10000
56707 cec18000
56708 cec20000
56709 cec28000
56710 cec30000
56711 cec38000
56712 cec40000
56713 cec48000
56714 cec50000
56715 cec58000
56716 cec60000
56717 cec68000
56718 cec70000
56719 cec78000
56720 cec80000
56721 cec88000
56722 cec90000
56723 cec98000
56724 ceca0000
56725 ceca8000
56726 cecb0000
56727 cecb8000
56728 cecc0000
56729 cecc8000
56730 cecd0000
56731 cecd8000
56732 cece0000
56733 cece8000
56734 cecf0000
56735 cecf8000
56736 ced00000
56737 ced08000
56738 ced10000
56739 ced18000
56740 ced20000
56741 ced28000
56742 ced30000
56743 ced38000
56744 ced40000
56745 ced48000
56746 ced50000
56747 ced58000
56748 ced60000
56749 ced68000
56750 ced70000
56751 ced78000
56752 ced80000
56753 ced88000
56754 ced90000
56755 ced98000
56756 ceda0000
56757 ceda8000
56758 cedb0000
56759 cedb8000
56760 cedc0000
56761 cedc8000
56762 cedd0000
56763 cedd8000
56764 cede0000
56765 cede8000
56766 cedf0000
56767 cedf8000
56768 cee00000
56769 cee08000
56770 cee10000
56771 cee18000
56772 cee20000
56773 cee28000
56774 cee30000
56775 cee38000
56776 cee40000
56777 cee48000
56778 cee50000
56779 cee58000
56780 cee60000
56781 cee68000
56782 cee70000
56783 cee78000
56784 cee80000
56785 cee88000
56786 cee90000
56787 cee98000
56788 ceea0000
56789 ceea8000
56790 ceeb0000
56791 ceeb8000
56792 ceec0000
56793 ceec8000
56794 ceed0000
56795 ceed8000
56796 ceee0000
56797 ceee8000
56798 ceef0000
56799 ceef8000
56800 cef00000
56801 cef08000
56802 cef10000
56803 cef18000
56804 cef20000
56805 cef28000
56806 cef30000
56807 cef38000
56808 cef40000
56809 cef48000
56810 cef50000
56811 cef58000
56812 cef60000
56813 cef68000
56814 cef70000
56815 cef78000
56816 cef80000
56817 cef88000
56818 cef90000
56819 cef98000
56820 cefa0000
56821 cefa8000
56822 cefb0000
56823 cefb8000
56824 cefc0000
56825 cefc8000
56826 cefd0000
56827 cefd8000
56828 cefe0000
56829 cefe8000
56830 ceff0000
56831 ceff8000
56832 cf000000
56833 cf008000
56834 cf010000
56835 cf018000
56836 cf020000
56837 cf028000
56838 cf030000
56839 cf038000
56840 cf040000
56841 cf048000
56842 cf050000
56843 cf058000
56844 cf060000
56845 cf068000
56846 cf070000
56847 cf078000
56848 cf080000
56849 cf088000
56850 cf090000
56851 cf098000
56852 cf0a0000
56853 cf0a8000
56854 cf0b0000
56855 cf0b8000
56856 cf0c0000
56857 cf0c8000
56858 cf0d0000
56859 cf0d8000
56860 cf0e0000
56861 cf0e8000
56862 cf0f0000
56863 cf0f8000
56864 cf100000
56865 cf108000
56866 cf110000
56867 cf118000
56868 cf120000
56869 cf128000
56870 cf130000
56871 cf138000
56872 cf140000
56873 cf148000
56874 cf150000
56875 cf158000
56876 cf160000
56877 cf168000
56878 cf170000
56879 cf178000
56880 cf180000
56881 cf188000
56882 cf190000
56883 cf198000
56884 cf1a0000
56885 cf1a8000
56886 cf1b0000
56887 cf1b8000
56888 cf1c0000
56889 cf1c8000
56890 cf1d0000
56891 cf1d8000
56892 cf1e0000
56893 cf1e8000
56894 cf1f0000
56895 cf1f8000
56896 cf200000
56897 cf208000
56898 cf210000
56899 cf218000
56900 cf220000
56901 cf228000
56902 cf230000
56903 cf238000
56904 cf240000
56905 cf248000
56906 cf250000
56907 cf258000
56908 cf260000
56909 cf268000
56910 cf270000
56911 cf278000
56912 cf280000
56913 cf288000
56914 cf290000
56915 cf298000
56916 cf2a0000
56917 cf2a8000
56918 cf2b0000
56919 cf2b8000
56920 cf2c0000
56921 cf2c8000
56922 cf2d0000
56923 cf2d8000
56924 cf2e0000
56925 cf2e8000
56926 cf2f0000
56927 cf2f8000
56928 cf300000
56929 cf308000
56930 cf310000
56931 cf318000
56932 cf320000
56933 cf328000
56934 cf330000
56935 cf338000
56936 cf340000
56937 cf348000
56938 cf350000
56939 cf358000
56940 cf360000
56941 cf368000
56942 cf370000
56943 cf378000
56944 cf380000
56945 cf388000
56946 cf390000
56947 cf398000
56948 cf3a0000
56949 cf3a8000
56950 cf3b0000
56951 cf3b8000
56952 cf3c0000
56953 cf3c8000
56954 cf3d0000
56955 cf3d8000
56956 cf3e0000
56957 cf3e8000
56958 cf3f0000
56959 cf3f8000
56960 cf400000
56961 cf408000
56962 cf410000
56963 cf418000
56964 cf420000
56965 cf428000
56966 cf430000
56967 cf438000
56968 cf440000
56969 cf448000
56970 cf450000
56971 cf458000
56972 cf460000
56973 cf468000
56974 cf470000
56975 cf478000
56976 cf480000
56977 cf488000
56978 cf490000
56979 cf498000
56980 cf4a0000
56981 cf4a8000
56982 cf4b0000
56983 cf4b8000
56984 cf4c0000
56985 cf4c8000
56986 cf4d0000
56987 cf4d8000
56988 cf4e0000
56989 cf4e8000
56990 cf4f0000
56991 cf4f8000
56992 cf500000
56993 cf508000
56994 cf510000
56995 cf518000
56996 cf520000
56997 cf528000
56998 cf530000
56999 cf538000
57000 cf540000
57001 cf548000
57002 cf550000
57003 cf558000
57004 cf560000
57005 cf568000
57006 cf570000
57007 cf578000
57008 cf580000
57009 cf588000
57010 cf590000
57011 cf598000
57012 cf5a0000
57013 cf5a8000
57014 cf5b0000
57015 cf5b8000
57016 cf5c0000
57017 cf5c8000
57018 cf5d0000
57019 cf5d8000
57020 cf5e0000
57021 cf5e8000
57022 cf5f0000
57023 cf5f8000
57024 cf600000
57025 cf608000
57026 cf610000
57027 cf618000
57028 cf620000
57029 cf628000
57030 cf630000
57031 cf638000
57032 cf640000
57033 cf648000
57034 cf650000
57035 cf658000
57036 cf660000
57037 cf668000
57038 cf670000
57039 cf678000
57040 cf680000
57041 cf688000
57042 cf690000
57043 cf698000
57044 cf6a0000
57045 cf6a8000
57046 cf6b0000
57047 cf6b8000
57048 cf6c0000
57049 cf6c8000
57050 cf6d0000
57051 cf6d8000
57052 cf6e0000
57053 cf6e8000
57054 cf6f0000
57055 cf6f8000
57056 cf700000
57057 cf708000
57058 cf710000
57059 cf718000
57060 cf720000
57061 cf728000
57062 cf730000
57063 cf738000
57064 cf740000
57065 cf748000
57066 cf750000
57067 cf758000
57068 cf760000
57069 cf768000
57070 cf770000
57071 cf778000
57072 cf780000
57073 cf788000
57074 cf790000
57075 cf798000
57076 cf7a0000
57077 cf7a8000
57078 cf7b0000
57079 cf7b8000
57080 cf7c0000
57081 cf7c8000
57082 cf7d0000
57083 cf7d8000
57084 cf7e0000
57085 cf7e8000
57086 cf7f0000
57087 cf7f8000
57088 cf800000
57089 cf808000
57090 cf810000
57091 cf818000
57092 cf820000
57093 cf828000
57094 cf830000
57095 cf838000
57096 cf840000
57097 cf848000
57098 cf850000
57099 cf858000
57100 cf860000
57101 cf868000
57102 cf870000
57103 cf878000
57104 cf880000
57105 cf888000
57106 cf890000
57107 cf898000
57108 cf8a0000
57109 cf8a8000
57110 cf8b0000
57111 cf8b8000
57112 cf8c0000
57113 cf8c8000
57114 cf8d0000
57115 cf8d8000
57116 cf8e0000
57117 cf8e8000
57118 cf8f0000
57119 cf8f8000
57120 cf900000
57121 cf908000
57122 cf910000
57123 cf918000
57124 cf920000
57125 cf928000
57126 cf930000
57127 cf938000
57128 cf940000
57129 cf948000
57130 cf950000
57131 cf958000
57132 cf960000
57133 cf968000
57134 cf970000
57135 cf978000
57136 cf980000
57137 cf988000
57138 cf990000
57139 cf998000
57140 cf9a0000
57141 cf9a8000
57142 cf9b0000
57143 cf9b8000
57144 cf9c0000
57145 cf9c8000
57146 cf9d0000
57147 cf9d8000
57148 cf9e0000
57149 cf9e8000
57150 cf9f0000
57151 cf9f8000
57152 cfa00000
57153 cfa08000
57154 cfa10000
57155 cfa18000
57156 cfa20000
57157 cfa28000
57158 cfa30000
57159 cfa38000
57160 cfa40000
57161 cfa48000
57162 cfa50000
57163 cfa58000
57164 cfa60000
57165 cfa68000
57166 cfa70000
57167 cfa78000
57168 cfa80000
57169 cfa88000
57170 cfa90000
57171 cfa98000
57172 cfaa0000
57173 cfaa8000
57174 cfab0000
57175 cfab8000
57176 cfac0000
57177 cfac8000
57178 cfad0000
57179 cfad8000
57180 cfae0000
57181 cfae8000
57182 cfaf0000
57183 cfaf8000
57184 cfb00000
57185 cfb08000
57186 cfb10000
57187 cfb18000
57188 cfb20000
57189 cfb28000
57190 cfb30000
57191 cfb38000
57192 cfb40000
57193 cfb48000
57194 cfb50000
57195 cfb58000
57196 cfb60000
57197 cfb68000
57198 cfb70000
57199 cfb78000
57200 cfb80000
57201 cfb88000
57202 cfb90000
57203 cfb98000
57204 cfba0000
57205 cfba8000
57206 cfbb0000
57207 cfbb8000
57208 cfbc0000
57209 cfbc8000
57210 cfbd0000
57211 cfbd8000
57212 cfbe0000
57213 cfbe8000
57214 cfbf0000
57215 cfbf8000
57216 cfc00000
57217 cfc08000
57218 cfc10000
57219 cfc18000
57220 cfc20000
57221 cfc28000
57222 cfc30000
57223 cfc38000
57224 cfc40000
57225 cfc48000
57226 cfc50000
57227 cfc58000
57228 cfc60000
57229 cfc68000
57230 cfc70000
57231 cfc78000
57232 cfc80000
57233 cfc88000
57234 cfc90000
57235 cfc98000
57236 cfca0000
57237 cfca8000
57238 cfcb0000
57239 cfcb8000
57240 cfcc0000
57241 cfcc8000
57242 cfcd0000
57243 cfcd8000
57244 cfce0000
57245 cfce8000
57246 cfcf0000
57247 cfcf8000
57248 cfd00000
57249 cfd08000
57250 cfd10000
57251 cfd18000
57252 cfd20000
57253 cfd28000
57254 cfd30000
57255 cfd38000
57256 cfd40000
57257 cfd48000
57258 cfd50000
57259 cfd58000
57260 cfd60000
57261 cfd68000
57262 cfd70000
57263 cfd78000
57264 cfd80000
57265 cfd88000
57266 cfd90000
57267 cfd98000
57268 cfda0000
57269 cfda8000
57270 cfdb0000
57271 cfdb8000
57272 cfdc0000
57273 cfdc8000
57274 cfdd0000
57275 cfdd8000
57276 cfde0000
57277 cfde8000
57278 cfdf0000
57279 cfdf8000
57280 cfe00000
57281 cfe08000
57282 cfe10000
57283 cfe18000
57284 cfe20000
57285 cfe28000
57286 cfe30000
57287 cfe38000
57288 cfe40000
57289 cfe48000
57290 cfe50000
57291 cfe58000
57292 cfe60000
57293 cfe68000
57294 cfe70000
57295 cfe78000
57296 cfe80000
57297 cfe88000
57298 cfe90000
57299 cfe98000
57300 cfea0000
57301 cfea8000
57302 cfeb0000
57303 cfeb8000
57304 cfec0000
57305 cfec8000
57306 cfed0000
57307 cfed8000
57308 cfee0000
57309 cfee8000
57310 cfef0000
57311 cfef8000
57312 cff00000
57313 cff08000
57314 cff10000
57315 cff18000
57316 cff20000
57317 cff28000
57318 cff30000
57319 cff38000
57320 cff40000
57321 cff48000
57322 cff50000
57323 cff58000
57324 cff60000
57325 cff68000
57326 cff70000
57327 cff78000
57328 cff80000
57329 cff88000
57330 cff90000
57331 cff98000
57332 cffa0000
57333 cffa8000
57334 cffb0000
57335 cffb8000
57336 cffc0000
57337 cffc8000
57338 cffd0000
57339 cffd8000
57340 cffe0000
57341 cffe8000
57342 cfff0000
57343 cfff8000
57344 d0000000
57345 d0008000
57346 d0010000
57347 d0018000
57348 d0020000
57349 d0028000
57350 d0030000
57351 d0038000
57352 d0040000
57353 d0048000
57354 d0050000
57355 d0058000
57356 d0060000
57357 d0068000
57358 d0070000
57359 d0078000
57360 d0080000
57361 d0088000
57362 d0090000
57363 d0098000
57364 d00a0000
57365 d00a8000
57366 d00b0000
57367 d00b8000
57368 d00c0000
57369 d00c8000
57370 d00d0000
57371 d00d8000
57372 d00e0000
57373 d00e8000
57374 d00f0000
57375 d00f8000
57376 d0100000
57377 d0108000
57378 d0110000
57379 d0118000
57380 d0120000
57381 d0128000
57382 d0130000
57383 d0138000
57384 d0140000
57385 d0148000
57386 d0150000
57387 d0158000
57388 d0160000
57389 d0168000
57390 d0170000
57391 d0178000
57392 d0180000
57393 d0188000
57394 d0190000
57395 d0198000
57396 d01a0000
57397 d01a8000
57398 d01b0000
57399 d01b8000
57400 d01c0000
57401 d01c8000
57402 d01d0000
57403 d01d8000
57404 d01e0000
57405 d01e8000
57406 d01f0000
57407 d01f8000
57408 d0200000
57409 d0208000
57410 d0210000
57411 d0218000
57412 d0220000
57413 d0228000
57414 d0230000
57415 d0238000
57416 d0240000
57417 d0248000
57418 d0250000
57419 d0258000
57420 d0260000
57421 d0268000
57422 d0270000
57423 d0278000
57424 d0280000
57425 d0288000
57426 d0290000
57427 d0298000
57428 d02a0000
57429 d02a8000
57430 d02b0000
57431 d02b8000
57432 d02c0000
57433 d02c8000
57434 d02d0000
57435 d02d8000
57436 d02e0000
57437 d02e8000
57438 d02f0000
57439 d02f8000
57440 d0300000
57441 d0308000
57442 d0310000
57443 d0318000
57444 d0320000
57445 d0328000
57446 d0330000
57447 d0338000
57448 d0340000
57449 d0348000
57450 d0350000
57451 d0358000
57452 d0360000
57453 d0368000
57454 d0370000
57455 d0378000
57456 d0380000
57457 d0388000
57458 d0390000
57459 d0398000
57460 d03a0000
57461 d03a8000
57462 d03b0000
57463 d03b8000
57464 d03c0000
57465 d03c8000
57466 d03d0000
57467 d03d8000
57468 d03e0000
57469 d03e8000
57470 d03f0000
57471 d03f8000
57472 d0400000
57473 d0408000
57474 d0410000
57475 d0418000
57476 d0420000
57477 d0428000
57478 d0430000
57479 d0438000
57480 d0440000
57481 d0448000
57482 d0450000
57483 d0458000
57484 d0460000
57485 d0468000
57486 d0470000
57487 d0478000
57488 d0480000
57489 d0488000
57490 d0490000
57491 d0498000
57492 d04a0000
57493 d04a8000
57494 d04b0000
57495 d04b8000
57496 d04c0000
57497 d04c8000
57498 d04d0000
57499 d04d8000
57500 d04e0000
57501 d04e8000
57502 d04f0000
57503 d04f8000
57504 d0500000
57505 d0508000
57506 d0510000
57507 d0518000
57508 d0520000
57509 d0528000
57510 d0530000
57511 d0538000
57512 d0540000
57513 d0548000
57514 d0550000
57515 d0558000
57516 d0560000
57517 d0568000
57518 d0570000
57519 d0578000
57520 d0580000
57521 d0588000
57522 d0590000
57523 d0598000
57524 d05a0000
57525 d05a8000
57526 d05b0000
57527 d05b8000
57528 d05c0000
57529 d05c8000
57530 d05d0000
57531 d05d8000
57532 d05e0000
57533 d05e8000
57534 d05f0000
57535 d05f8000
57536 d0600000
57537 d0608000
57538 d0610000
57539 d0618000
57540 d0620000
57541 d0628000
57542 d0630000
57543 d0638000
57544 d0640000
57545 d0648000
57546 d0650000
57547 d0658000
57548 d0660000
57549 d0668000
57550 d0670000
57551 d0678000
57552 d0680000
57553 d0688000
57554 d0690000
57555 d0698000
57556 d06a0000
57557 d06a8000
57558 d06b0000
57559 d06b8000
57560 d06c0000
57561 d06c8000
57562 d06d0000
57563 d06d8000
57564 d06e0000
57565 d06e8000
57566 d06f0000
57567 d06f8000
57568 d0700000
57569 d0708000
57570 d0710000
57571 d0718000
57572 d0720000
57573 d0728000
57574 d0730000
57575 d0738000
57576 d0740000
57577 d0748000
57578 d0750000
57579 d0758000
57580 d0760000
57581 d0768000
57582 d0770000
57583 d0778000
57584 d0780000
57585 d0788000
57586 d0790000
57587 d0798000
57588 d07a0000
57589 d07a8000
57590 d07b0000
57591 d07b8000
57592 d07c0000
57593 d07c8000
57594 d07d0000
57595 d07d8000
57596 d07e0000
57597 d07e8000
57598 d07f0000
57599 d07f8000
57600 d0800000
57601 d0808000
57602 d0810000
57603 d0818000
57604 d0820000
57605 d0828000
57606 d0830000
57607 d0838000
57608 d0840000
57609 d0848000
57610 d0850000
57611 d0858000
57612 d0860000
57613 d0868000
57614 d0870000
57615 d0878000
57616 d0880000
57617 d0888000
57618 d0890000
57619 d0898000
57620 d08a0000
57621 d08a8000
57622 d08b0000
57623 d08b8000
57624 d08c0000
57625 d08c8000
57626 d08d0000
57627 d08d8000
57628 d08e0000
57629 d08e8000
57630 d08f0000
57631 d08f8000
57632 d0900000
57633 d0908000
57634 d0910000
57635 d0918000
57636 d0920000
57637 d0928000
57638 d0930000
57639 d0938000
57640 d0940000
57641 d0948000
57642 d0950000
57643 d0958000
57644 d0960000
57645 d0968000
57646 d0970000
57647 d0978000
57648 d0980000
57649 d0988000
57650 d0990000
57651 d0998000
57652 d09a0000
57653 d09a8000
57654 d09b0000
57655 d09b8000
57656 d09c0000
57657 d09c8000
57658 d09d0000
57659 d09d8000
57660 d09e0000
57661 d09e8000
57662 d09f0000
57663 d09f8000
57664 d0a00000
57665 d0a08000
57666 d0a10000
57667 d0a18000
57668 d0a20000
57669 d0a28000
57670 d0a30000
57671 d0a38000
57672 d0a40000
57673 d0a48000
57674 d0a50000
57675 d0a58000
57676 d0a60000
57677 d0a68000
57678 d0a70000
57679 d0a78000
57680 d0a80000
57681 d0a88000
57682 d0a90000
57683 d0a98000
57684 d0aa0000
57685 d0aa8000
57686 d0ab0000
57687 d0ab8000
57688 d0ac0000
57689 d0ac8000
57690 d0ad0000
57691 d0ad8000
57692 d0ae0000
57693 d0ae8000
57694 d0af0000
57695 d0af8000
57696 d0b00000
57697 d0b08000
57698 d0b10000
57699 d0b18000
57700 d0b20000
57701 d0b28000
57702 d0b30000
57703 d0b38000
57704 d0b40000
57705 d0b48000
57706 d0b50000
57707 d0b58000
57708 d0b60000
57709 d0b68000
57710 d0b70000
57711 d0b78000
57712 d0b80000
57713 d0b88000
57714 d0b90000
57715 d0b98000
57716 d0ba0000
57717 d0ba8000
57718 d0bb0000
57719 d0bb8000
57720 d0bc0000
57721 d0bc8000
57722 d0bd0000
57723 d0bd8000
57724 d0be0000
57725 d0be8000
57726 d0bf0000
57727 d0bf8000
57728 d0c00000
57729 d0c08000
57730 d0c10000
57731 d0c18000
57732 d0c20000
57733 d0c28000
57734 d0c30000
57735 d0c38000
57736 d0c40000
57737 d0c48000
57738 d0c50000
57739 d0c58000
57740 d0c60000
57741 d0c68000
57742 d0c70000
57743 d0c78000
57744 d0c80000
57745 d0c88000
57746 d0c90000
57747 d0c98000
57748 d0ca0000
57749 d0ca8000
57750 d0cb0000
57751 d0cb8000
57752 d0cc0000
57753 d0cc8000
57754 d0cd0000
57755 d0cd8000
57756 d0ce0000
57757 d0ce8000
57758 d0cf0000
57759 d0cf8000
57760 d0d00000
57761 d0d08000
57762 d0d10000
57763 d0d18000
57764 d0d20000
57765 d0d28000
57766 d0d30000
57767 d0d38000
57768 d0d40000
57769 d0d48000
57770 d0d50000
57771 d0d58000
57772 d0d60000
57773 d0d68000
57774 d0d70000
57775 d0d78000
57776 d0d80000
57777 d0d88000
57778 d0d90000
57779 d0d98000
57780 d0da0000
57781 d0da8000
57782 d0db0000
57783 d0db8000
57784 d0dc0000
57785 d0dc8000
57786 d0dd0000
57787 d0dd8000
57788 d0de0000
57789 d0de8000
57790 d0df0000
57791 d0df8000
57792 d0e00000
57793 d0e08000
57794 d0e10000
57795 d0e18000
57796 d0e20000
57797 d0e28000
57798 d0e30000
57799 d0e38000
57800 d0e40000
57801 d0e48000
57802 d0e50000
57803 d0e58000
57804 d0e60000
57805 d0e68000
57806 d0e70000
57807 d0e78000
57808 d0e80000
57809 d0e88000
57810 d0e90000
57811 d0e98000
57812 d0ea0000
57813 d0ea8000
57814 d0eb0000
57815 d0eb8000
57816 d0ec0000
57817 d0ec8000
57818 d0ed0000
57819 d0ed8000
57820 d0ee0000
57821 d0ee8000
57822 d0ef0000
57823 d0ef8000
57824 d0f00000
57825 d0f08000
57826 d0f10000
57827 d0f18000
57828 d0f20000
57829 d0f28000
57830 d0f30000
57831 d0f38000
57832 d0f40000
57833 d0f48000
57834 d0f50000
57835 d0f58000
57836 d0f60000
57837 d0f68000
57838 d0f70000
57839 d0f78000
57840 d0f80000
57841 d0f88000
57842 d0f90000
57843 d0f98000
57844 d0fa0000
57845 d0fa8000
57846 d0fb0000
57847 d0fb8000
57848 d0fc0000
57849 d0fc8000
57850 d0fd0000
57851 d0fd8000
57852 d0fe0000
57853 d0fe8000
57854 d0ff0000
57855 d0ff8000
57856 d1000000
57857 d1008000
57858 d1010000
57859 d1018000
57860 d1020000
57861 d1028000
57862 d1030000
57863 d1038000
57864 d1040000
57865 d1048000
57866 d1050000
57867 d1058000
57868 d1060000
57869 d1068000
57870 d1070000
57871 d1078000
57872 d1080000
57873 d1088000
57874 d1090000
57875 d1098000
57876 d10a0000
57877 d10a8000
57878 d10b0000
57879 d10b8000
57880 d10c0000
57881 d10c8000
57882 d10d0000
57883 d10d8000
57884 d10e0000
57885 d10e8000
57886 d10f0000
57887 d10f8000
57888 d1100000
57889 d1108000
57890 d1110000
57891 d1118000
57892 d1120000
57893 d1128000
57894 d1130000
57895 d1138000
57896 d1140000
57897 d1148000
57898 d1150000
57899 d1158000
57900 d1160000
57901 d1168000
57902 d1170000
57903 d1178000
57904 d1180000
57905 d1188000
57906 d1190000
57907 d1198000
57908 d11a0000
57909 d11a8000
57910 d11b0000
57911 d11b8000
57912 d11c0000
57913 d11c8000
57914 d11d0000
57915 d11d8000
57916 d11e0000
57917 d11e8000
57918 d11f0000
57919 d11f8000
57920 d1200000
57921 d1208000
57922 d1210000
57923 d1218000
57924 d1220000
57925 d1228000
57926 d1230000
57927 d1238000
57928 d1240000
57929 d1248000
57930 d1250000
57931 d1258000
57932 d1260000
57933 d1268000
57934 d1270000
57935 d1278000
57936 d1280000
57937 d1288000
57938 d1290000
57939 d1298000
57940 d12a0000
57941 d12a8000
57942 d12b0000
57943 d12b8000
57944 d12c0000
57945 d12c8000
57946 d12d0000
57947 d12d8000
57948 d12e0000
57949 d12e8000
57950 d12f0000
57951 d12f8000
57952 d1300000
57953 d1308000
57954 d1310000
57955 d1318000
57956 d1320000
57957 d1328000
57958 d1330000
57959 d1338000
57960 d1340000
57961 d1348000
57962 d1350000
57963 d1358000
57964 d1360000
57965 d1368000
57966 d1370000
57967 d1378000
57968 d1380000
57969 d1388000
57970 d1390000
57971 d1398000
57972 d13a0000
57973 d13a8000
57974 d13b0000
57975 d13b8000
57976 d13c0000
57977 d13c8000
57978 d13d0000
57979 d13d8000
57980 d13e0000
57981 d13e8000
57982 d13f0000
57983 d13f8000
57984 d1400000
57985 d1408000
57986 d1410000
57987 d1418000
57988 d1420000
57989 d1428000
57990 d1430000
57991 d1438000
57992 d1440000
57993 d1448000
57994 d1450000
57995 d1458000
57996 d1460000
57997 d1468000
57998 d1470000
57999 d1478000
58000 d1480000
58001 d1488000
58002 d1490000
58003 d1498000
58004 d14a0000
58005 d14a8000
58006 d14b0000
58007 d14b8000
58008 d14c0000
58009 d14c8000
58010 d14d0000
58011 d14d8000
58012 d14e0000
58013 d14e8000
58014 d14f0000
58015 d14f8000
58016 d1500000
58017 d1508000
58018 d1510000
58019 d1518000
58020 d1520000
58021 d1528000
58022 d1530000
58023 d1538000
58024 d1540000
58025 d1548000
58026 d1550000
58027 d1558000
58028 d1560000
58029 d1568000
58030 d1570000
58031 d1578000
58032 d1580000
58033 d1588000
58034 d1590000
58035 d1598000
58036 d15a0000
58037 d15a8000
58038 d15b0000
58039 d15b8000
58040 d15c0000
58041 d15c8000
58042 d15d0000
58043 d15d8000
58044 d15e0000
58045 d15e8000
58046 d15f0000
58047 d15f8000
58048 d1600000
58049 d1608000
58050 d1610000
58051 d1618000
58052 d1620000
58053 d1628000
58054 d1630000
58055 d1638000
58056 d1640000
58057 d1648000
58058 d1650000
58059 d1658000
58060 d1660000
58061 d1668000
58062 d1670000
58063 d1678000
58064 d1680000
58065 d1688000
58066 d1690000
58067 d1698000
58068 d16a0000
58069 d16a8000
58070 d16b0000
58071 d16b8000
58072 d16c0000
58073 d16c8000
58074 d16d0000
58075 d16d8000
58076 d16e0000
58077 d16e8000
58078 d16f0000
58079 d16f8000
58080 d1700000
58081 d1708000
58082 d1710000
58083 d1718000
58084 d1720000
58085 d1728000
58086 d1730000
58087 d1738000
58088 d1740000
58089 d1748000
58090 d1750000
58091 d1758000
58092 d1760000
58093 d1768000
58094 d1770000
58095 d1778000
58096 d1780000
58097 d1788000
58098 d1790000
58099 d1798000
58100 d17a0000
58101 d17a8000
58102 d17b0000
58103 d17b8000
58104 d17c0000
58105 d17c8000
58106 d17d0000
58107 d17d8000
58108 d17e0000
58109 d17e8000
58110 d17f0000
58111 d17f8000
58112 d1800000
58113 d1808000
58114 d1810000
58115 d1818000
58116 d1820000
58117 d1828000
58118 d1830000
58119 d1838000
58120 d1840000
58121 d1848000
58122 d1850000
58123 d1858000
58124 d1860000
58125 d1868000
58126 d1870000
58127 d1878000
58128 d1880000
58129 d1888000
58130 d1890000
58131 d1898000
58132 d18a0000
58133 d18a8000
58134 d18b0000
58135 d18b8000
58136 d18c0000
58137 d18c8000
58138 d18d0000
58139 d18d8000
58140 d18e0000
58141 d18e8000
58142 d18f0000
58143 d18f8000
58144 d1900000
58145 d1908000
58146 d1910000
58147 d1918000
58148 d1920000
58149 d1928000
58150 d1930000
58151 d1938000
58152 d1940000
58153 d1948000
58154 d1950000
58155 d1958000
58156 d1960000
58157 d1968000
58158 d1970000
58159 d1978000
58160 d1980000
58161 d1988000
58162 d1990000
58163 d1998000
58164 d19a0000
58165 d19a8000
58166 d19b0000
58167 d19b8000
58168 d19c0000
58169 d19c8000
58170 d19d0000
58171 d19d8000
58172 d19e0000
58173 d19e8000
58174 d19f0000
58175 d19f8000
58176 d1a00000
58177 d1a08000
58178 d1a10000
58179 d1a18000
58180 d1a20000
58181 d1a28000
58182 d1a30000
58183 d1a38000
58184 d1a40000
58185 d1a48000
58186 d1a50000
58187 d1a58000
58188 d1a60000
58189 d1a68000
58190 d1a70000
58191 d1a78000
58192 d1a80000
58193 d1a88000
58194 d1a90000
58195 d1a98000
58196 d1aa0000
58197 d1aa8000
58198 d1ab0000
58199 d1ab8000
58200 d1ac0000
58201 d1ac8000
58202 d1ad0000
58203 d1ad8000
58204 d1ae0000
58205 d1ae8000
58206 d1af0000
58207 d1af8000
58208 d1b00000
58209 d1b08000
58210 d1b10000
58211 d1b18000
58212 d1b20000
58213 d1b28000
58214 d1b30000
58215 d1b38000
58216 d1b40000
58217 d1b48000
58218 d1b50000
58219 d1b58000
58220 d1b60000
58221 d1b68000
58222 d1b70000
58223 d1b78000
58224 d1b80000
58225 d1b88000
58226 d1b90000
58227 d1b98000
58228 d1ba0000
58229 d1ba8000
58230 d1bb0000
58231 d1bb8000
58232 d1bc0000
58233 d1bc8000
58234 d1bd0000
58235 d1bd8000
58236 d1be0000
58237 d1be8000
58238 d1bf0000
58239 d1bf8000
58240 d1c00000
58241 d1c08000
58242 d1c10000
58243 d1c18000
58244 d1c20000
58245 d1c28000
58246 d1c30000
58247 d1c38000
58248 d1c40000
58249 d1c48000
58250 d1c50000
58251 d1c58000
58252 d1c60000
58253 d1c68000
58254 d1c70000
58255 d1c78000
58256 d1c80000
58257 d1c88000
58258 d1c90000
58259 d1c98000
58260 d1ca0000
58261 d1ca8000
58262 d1cb0000
58263 d1cb8000
58264 d1cc0000
58265 d1cc8000
58266 d1cd0000
58267 d1cd8000
58268 d1ce0000
58269 d1ce8000
58270 d1cf0000
58271 d1cf8000
58272 d1d00000
58273 d1d08000
58274 d1d10000
58275 d1d18000
58276 d1d20000
58277 d1d28000
58278 d1d30000
58279 d1d38000
58280 d1d40000
58281 d1d48000
58282 d1d50000
58283 d1d58000
58284 d1d60000
58285 d1d68000
58286 d1d70000
58287 d1d78000
58288 d1d80000
58289 d1d88000
58290 d1d90000
58291 d1d98000
58292 d1da0000
58293 d1da8000
58294 d1db0000
58295 d1db8000
58296 d1dc0000
58297 d1dc8000
58298 d1dd0000
58299 d1dd8000
58300 d1de0000
58301 d1de8000
58302 d1df0000
58303 d1df8000
58304 d1e00000
58305 d1e08000
58306 d1e10000
58307 d1e18000
58308 d1e20000
58309 d1e28000
58310 d1e30000
58311 d1e38000
58312 d1e40000
58313 d1e48000
58314 d1e50000
58315 d1e58000
58316 d1e60000
58317 d1e68000
58318 d1e70000
58319 d1e78000
58320 d1e80000
58321 d1e88000
58322 d1e90000
58323 d1e98000
58324 d1ea0000
58325 d1ea8000
58326 d1eb0000
58327 d1eb8000
58328 d1ec0000
58329 d1ec8000
58330 d1ed0000
58331 d1ed8000
58332 d1ee0000
58333 d1ee8000
58334 d1ef0000
58335 d1ef8000
58336 d1f00000
58337 d1f08000
58338 d1f10000
58339 d1f18000
58340 d1f20000
58341 d1f28000
58342 d1f30000
58343 d1f38000
58344 d1f40000
58345 d1f48000
58346 d1f50000
58347 d1f58000
58348 d1f60000
58349 d1f68000
58350 d1f70000
58351 d1f78000
58352 d1f80000
58353 d1f88000
58354 d1f90000
58355 d1f98000
58356 d1fa0000
58357 d1fa8000
58358 d1fb0000
58359 d1fb8000
58360 d1fc0000
58361 d1fc8000
58362 d1fd0000
58363 d1fd8000
58364 d1fe0000
58365 d1fe8000
58366 d1ff0000
58367 d1ff8000
58368 d2000000
58369 d2008000
58370 d2010000
58371 d2018000
58372 d2020000
58373 d2028000
58374 d2030000
58375 d2038000
58376 d2040000
58377 d2048000
58378 d2050000
58379 d2058000
58380 d2060000
58381 d2068000
58382 d2070000
58383 d2078000
58384 d2080000
58385 d2088000
58386 d2090000
58387 d2098000
58388 d20a0000
58389 d20a8000
58390 d20b0000
58391 d20b8000
58392 d20c0000
58393 d20c8000
58394 d20d0000
58395 d20d8000
58396 d20e0000
58397 d20e8000
58398 d20f0000
58399 d20f8000
58400 d2100000
58401 d2108000
58402 d2110000
58403 d2118000
58404 d2120000
58405 d2128000
58406 d2130000
58407 d2138000
58408 d2140000
58409 d2148000
58410 d2150000
58411 d2158000
58412 d2160000
58413 d2168000
58414 d2170000
58415 d2178000
58416 d2180000
58417 d2188000
58418 d2190000
58419 d2198000
58420 d21a0000
58421 d21a8000
58422 d21b0000
58423 d21b8000
58424 d21c0000
58425 d21c8000
58426 d21d0000
58427 d21d8000
58428 d21e0000
58429 d21e8000
58430 d21f0000
58431 d21f8000
58432 d2200000
58433 d2208000
58434 d2210000
58435 d2218000
58436 d2220000
58437 d2228000
58438 d2230000
58439 d2238000
58440 d2240000
58441 d2248000
58442 d2250000
58443 d2258000
58444 d2260000
58445 d2268000
58446 d2270000
58447 d2278000
58448 d2280000
58449 d2288000
58450 d2290000
58451 d2298000
58452 d22a0000
58453 d22a8000
58454 d22b0000
58455 d22b8000
58456 d22c0000
58457 d22c8000
58458 d22d0000
58459 d22d8000
58460 d22e0000
58461 d22e8000
58462 d22f0000
58463 d22f8000
58464 d2300000
58465 d2308000
58466 d2310000
58467 d2318000
58468 d2320000
58469 d2328000
58470 d2330000
58471 d2338000
58472 d2340000
58473 d2348000
58474 d2350000
58475 d2358000
58476 d2360000
58477 d2368000
58478 d2370000
58479 d2378000
58480 d2380000
58481 d2388000
58482 d2390000
58483 d2398000
58484 d23a0000
58485 d23a8000
58486 d23b0000
58487 d23b8000
58488 d23c0000
58489 d23c8000
58490 d23d0000
58491 d23d8000
58492 d23e0000
58493 d23e8000
58494 d23f0000
58495 d23f8000
58496 d2400000
58497 d2408000
58498 d2410000
58499 d2418000
58500 d2420000
58501 d2428000
58502 d2430000
58503 d2438000
58504 d2440000
58505 d2448000
58506 d2450000
58507 d2458000
58508 d2460000
58509 d2468000
58510 d2470000
58511 d2478000
58512 d2480000
58513 d2488000
58514 d2490000
58515 d2498000
58516 d24a0000
58517 d24a8000
58518 d24b0000
58519 d24b8000
58520 d24c0000
58521 d24c8000
58522 d24d0000
58523 d24d8000
58524 d24e0000
58525 d24e8000
58526 d24f0000
58527 d24f8000
58528 d2500000
58529 d2508000
58530 d2510000
58531 d2518000
58532 d2520000
58533 d2528000
58534 d2530000
58535 d2538000
58536 d2540000
58537 d2548000
58538 d2550000
58539 d2558000
58540 d2560000
58541 d2568000
58542 d2570000
58543 d2578000
58544 d2580000
58545 d2588000
58546 d2590000
58547 d2598000
58548 d25a0000
58549 d25a8000
58550 d25b0000
58551 d25b8000
58552 d25c0000
58553 d25c8000
58554 d25d0000
58555 d25d8000
58556 d25e0000
58557 d25e8000
58558 d25f0000
58559 d25f8000
58560 d2600000
58561 d2608000
58562 d2610000
58563 d2618000
58564 d2620000
58565 d2628000
58566 d2630000
58567 d2638000
58568 d2640000
58569 d2648000
58570 d2650000
58571 d2658000
58572 d2660000
58573 d2668000
58574 d2670000
58575 d2678000
58576 d2680000
58577 d2688000
58578 d2690000
58579 d2698000
58580 d26a0000
58581 d26a8000
58582 d26b0000
58583 d26b8000
58584 d26c0000
58585 d26c8000
58586 d26d0000
58587 d26d8000
58588 d26e0000
58589 d26e8000
58590 d26f0000
58591 d26f8000
58592 d2700000
58593 d2708000
58594 d2710000
58595 d2718000
58596 d2720000
58597 d2728000
58598 d2730000
58599 d2738000
58600 d2740000
58601 d2748000
58602 d2750000
58603 d2758000
58604 d2760000
58605 d2768000
58606 d2770000
58607 d2778000
58608 d2780000
58609 d2788000
58610 d2790000
58611 d2798000
58612 d27a0000
58613 d27a8000
58614 d27b0000
58615 d27b8000
58616 d27c0000
58617 d27c8000
58618 d27d0000
58619 d27d8000
58620 d27e0000
58621 d27e8000
58622 d27f0000
58623 d27f8000
58624 d2800000
58625 d2808000
58626 d2810000
58627 d2818000
58628 d2820000
58629 d2828000
58630 d2830000
58631 d2838000
58632 d2840000
58633 d2848000
58634 d2850000
58635 d2858000
58636 d2860000
58637 d2868000
58638 d2870000
58639 d2878000
58640 d2880000
58641 d2888000
58642 d2890000
58643 d2898000
58644 d28a0000
58645 d28a8000
58646 d28b0000
58647 d28b8000
58648 d28c0000
58649 d28c8000
58650 d28d0000
58651 d28d8000
58652 d28e0000
58653 d28e8000
58654 d28f0000
58655 d28f8000
58656 d2900000
58657 d2908000
58658 d2910000
58659 d2918000
58660 d2920000
58661 d2928000
58662 d2930000
58663 d2938000
58664 d2940000
58665 d2948000
58666 d2950000
58667 d2958000
58668 d2960000
58669 d2968000
58670 d2970000
58671 d2978000
58672 d2980000
58673 d2988000
58674 d2990000
58675 d2998000
58676 d29a0000
58677 d29a8000
58678 d29b0000
58679 d29b8000
58680 d29c0000
58681 d29c8000
58682 d29d0000
58683 d29d8000
58684 d29e0000
58685 d29e8000
58686 d29f0000
58687 d29f8000
58688 d2a00000
58689 d2a08000
58690 d2a10000
58691 d2a18000
58692 d2a20000
58693 d2a28000
58694 d2a30000
58695 d2a38000
58696 d2a40000
58697 d2a48000
58698 d2a50000
58699 d2a58000
58700 d2a60000
58701 d2a68000
58702 d2a70000
58703 d2a78000
58704 d2a80000
58705 d2a88000
58706 d2a90000
58707 d2a98000
58708 d2aa0000
58709 d2aa8000
58710 d2ab0000
58711 d2ab8000
58712 d2ac0000
58713 d2ac8000
58714 d2ad0000
58715 d2ad8000
58716 d2ae0000
58717 d2ae8000
58718 d2af0000
58719 d2af8000
58720 d2b00000
58721 d2b08000
58722 d2b10000
58723 d2b18000
58724 d2b20000
58725 d2b28000
58726 d2b30000
58727 d2b38000
58728 d2b40000
58729 d2b48000
58730 d2b50000
58731 d2b58000
58732 d2b60000
58733 d2b68000
58734 d2b70000
58735 d2b78000
58736 d2b80000
58737 d2b88000
58738 d2b90000
58739 d2b98000
58740 d2ba0000
58741 d2ba8000
58742 d2bb0000
58743 d2bb8000
58744 d2bc0000
58745 d2bc8000
58746 d2bd0000
58747 d2bd8000
58748 d2be0000
58749 d2be8000
58750 d2bf0000
58751 d2bf8000
58752 d2c00000
58753 d2c08000
58754 d2c10000
58755 d2c18000
58756 d2c20000
58757 d2c28000
58758 d2c30000
58759 d2c38000
58760 d2c40000
58761 d2c48000
58762 d2c50000
58763 d2c58000
58764 d2c60000
58765 d2c68000
58766 d2c70000
58767 d2c78000
58768 d2c80000
58769 d2c88000
58770 d2c90000
58771 d2c98000
58772 d2ca0000
58773 d2ca8000
58774 d2cb0000
58775 d2cb8000
58776 d2cc0000
58777 d2cc8000
58778 d2cd0000
58779 d2cd8000
58780 d2ce0000
58781 d2ce8000
58782 d2cf0000
58783 d2cf8000
58784 d2d00000
58785 d2d08000
58786 d2d10000
58787 d2d18000
58788 d2d20000
58789 d2d28000
58790 d2d30000
58791 d2d38000
58792 d2d40000
58793 d2d48000
58794 d2d50000
58795 d2d58000
58796 d2d60000
58797 d2d68000
58798 d2d70000
58799 d2d78000
58800 d2d80000
58801 d2d88000
58802 d2d90000
58803 d2d98000
58804 d2da0000
58805 d2da8000
58806 d2db0000
58807 d2db8000
58808 d2dc0000
58809 d2dc8000
58810 d2dd0000
58811 d2dd8000
58812 d2de0000
58813 d2de8000
58814 d2df0000
58815 d2df8000
58816 d2e00000
58817 d2e08000
58818 d2e10000
58819 d2e18000
58820 d2e20000
58821 d2e28000
58822 d2e30000
58823 d2e38000
58824 d2e40000
58825 d2e48000
58826 d2e50000
58827 d2e58000
58828 d2e60000
58829 d2e68000
58830 d2e70000
58831 d2e78000
58832 d2e80000
58833 d2e88000
58834 d2e90000
58835 d2e98000
58836 d2ea0000
58837 d2ea8000
58838 d2eb0000
58839 d2eb8000
58840 d2ec0000
58841 d2ec8000
58842 d2ed0000
58843 d2ed8000
58844 d2ee0000
58845 d2ee8000
58846 d2ef0000
58847 d2ef8000
58848 d2f00000
58849 d2f08000
58850 d2f10000
58851 d2f18000
58852 d2f20000
58853 d2f28000
58854 d2f30000
58855 d2f38000
58856 d2f40000
58857 d2f48000
58858 d2f50000
58859 d2f58000
58860 d2f60000
58861 d2f68000
58862 d2f70000
58863 d2f78000
58864 d2f80000
58865 d2f88000
58866 d2f90000
58867 d2f98000
58868 d2fa0000
58869 d2fa8000
58870 d2fb0000
58871 d2fb8000
58872 d2fc0000
58873 d2fc8000
58874 d2fd0000
58875 d2fd8000
58876 d2fe0000
58877 d2fe8000
58878 d2ff0000
58879 d2ff8000
58880 d3000000
58881 d3008000
58882 d3010000
58883 d3018000
58884 d3020000
58885 d3028000
58886 d3030000
58887 d3038000
58888 d3040000
58889 d3048000
58890 d3050000
58891 d3058000
58892 d3060000
58893 d3068000
58894 d3070000
58895 d3078000
58896 d3080000
58897 d3088000
58898 d3090000
58899 d3098000
58900 d30a0000
58901 d30a8000
58902 d30b0000
58903 d30b8000
58904 d30c0000
58905 d30c8000
58906 d30d0000
58907 d30d8000
58908 d30e0000
58909 d30e8000
58910 d30f0000
58911 d30f8000
58912 d3100000
58913 d3108000
58914 d3110000
58915 d3118000
58916 d3120000
58917 d3128000
58918 d3130000
58919 d3138000
58920 d3140000
58921 d3148000
58922 d3150000
58923 d3158000
58924 d3160000
58925 d3168000
58926 d3170000
58927 d3178000
58928 d3180000
58929 d3188000
58930 d3190000
58931 d3198000
58932 d31a0000
58933 d31a8000
58934 d31b0000
58935 d31b8000
58936 d31c0000
58937 d31c8000
58938 d31d0000
58939 d31d8000
58940 d31e0000
58941 d31e8000
58942 d31f0000
58943 d31f8000
58944 d3200000
58945 d3208000
58946 d3210000
58947 d3218000
58948 d3220000
58949 d3228000
58950 d3230000
58951 d3238000
58952 d3240000
58953 d3248000
58954 d3250000
58955 d3258000
58956 d3260000
58957 d3268000
58958 d3270000
58959 d3278000
58960 d3280000
58961 d3288000
58962 d3290000
58963 d3298000
58964 d32a0000
58965 d32a8000
58966 d32b0000
58967 d32b8000
58968 d32c0000
58969 d32c8000
58970 d32d0000
58971 d32d8000
58972 d32e0000
58973 d32e8000
58974 d32f0000
58975 d32f8000
58976 d3300000
58977 d3308000
58978 d3310000
58979 d3318000
58980 d3320000
58981 d3328000
58982 d3330000
58983 d3338000
58984 d3340000
58985 d3348000
58986 d3350000
58987 d3358000
58988 d3360000
58989 d3368000
58990 d3370000
58991 d3378000
58992 d3380000
58993 d3388000
58994 d3390000
58995 d3398000
58996 d33a0000
58997 d33a8000
58998 d33b0000
58999 d33b8000
59000 d33c0000
59001 d33c8000
59002 d33d0000
59003 d33d8000
59004 d33e0000
59005 d33e8000
59006 d33f0000
59007 d33f8000
59008 d3400000
59009 d3408000
59010 d3410000
59011 d3418000
59012 d3420000
59013 d3428000
59014 d3430000
59015 d3438000
59016 d3440000
59017 d3448000
59018 d3450000
59019 d3458000
59020 d3460000
59021 d3468000
59022 d3470000
59023 d3478000
59024 d3480000
59025 d3488000
59026 d3490000
59027 d3498000
59028 d34a0000
59029 d34a8000
59030 d34b0000
59031 d34b8000
59032 d34c0000
59033 d34c8000
59034 d34d0000
59035 d34d8000
59036 d34e0000
59037 d34e8000
59038 d34f0000
59039 d34f8000
59040 d3500000
59041 d3508000
59042 d3510000
59043 d3518000
59044 d3520000
59045 d3528000
59046 d3530000
59047 d3538000
59048 d3540000
59049 d3548000
59050 d3550000
59051 d3558000
59052 d3560000
59053 d3568000
59054 d3570000
59055 d3578000
59056 d3580000
59057 d3588000
59058 d3590000
59059 d3598000
59060 d35a0000
59061 d35a8000
59062 d35b0000
59063 d35b8000
59064 d35c0000
59065 d35c8000
59066 d35d0000
59067 d35d8000
59068 d35e0000
59069 d35e8000
59070 d35f0000
59071 d35f8000
59072 d3600000
59073 d3608000
59074 d3610000
59075 d3618000
59076 d3620000
59077 d3628000
59078 d3630000
59079 d3638000
59080 d3640000
59081 d3648000
59082 d3650000
59083 d3658000
59084 d3660000
59085 d3668000
59086 d3670000
59087 d3678000
59088 d3680000
59089 d3688000
59090 d3690000
59091 d3698000
59092 d36a0000
59093 d36a8000
59094 d36b0000
59095 d36b8000
59096 d36c0000
59097 d36c8000
59098 d36d0000
59099 d36d8000
59100 d36e0000
59101 d36e8000
59102 d36f0000
59103 d36f8000
59104 d3700000
59105 d3708000
59106 d3710000
59107 d3718000
59108 d3720000
59109 d3728000
59110 d3730000
59111 d3738000
59112 d3740000
59113 d3748000
59114 d3750000
59115 d3758000
59116 d3760000
59117 d3768000
59118 d3770000
59119 d3778000
59120 d3780000
59121 d3788000
59122 d3790000
59123 d3798000
59124 d37a0000
59125 d37a8000
59126 d37b0000
59127 d37b8000
59128 d37c0000
59129 d37c8000
59130 d37d0000
59131 d37d8000
59132 d37e0000
59133 d37e8000
59134 d37f0000
59135 d37f8000
59136 d3800000
59137 d3808000
59138 d3810000
59139 d3818000
59140 d3820000
59141 d3828000
59142 d3830000
59143 d3838000
59144 d3840000
59145 d3848000
59146 d3850000
59147 d3858000
59148 d3860000
59149 d3868000
59150 d3870000
59151 d3878000
59152 d3880000
59153 d3888000
59154 d3890000
59155 d3898000
59156 d38a0000
59157 d38a8000
59158 d38b0000
59159 d38b8000
59160 d38c0000
59161 d38c8000
59162 d38d0000
59163 d38d8000
59164 d38e0000
59165 d38e8000
59166 d38f0000
59167 d38f8000
59168 d3900000
59169 d3908000
59170 d3910000
59171 d3918000
59172 d3920000
59173 d3928000
59174 d3930000
59175 d3938000
59176 d3940000
59177 d3948000
59178 d3950000
59179 d3958000
59180 d3960000
59181 d3968000
59182 d3970000
59183 d3978000
59184 d3980000
59185 d3988000
59186 d3990000
59187 d3998000
59188 d39a0000
59189 d39a8000
59190 d39b0000
59191 d39b8000
59192 d39c0000
59193 d39c8000
59194 d39d0000
59195 d39d8000
59196 d39e0000
59197 d39e8000
59198 d39f0000
59199 d39f8000
59200 d3a00000
59201 d3a08000
59202 d3a10000
59203 d3a18000
59204 d3a20000
59205 d3a28000
59206 d3a30000
59207 d3a38000
59208 d3a40000
59209 d3a48000
59210 d3a50000
59211 d3a58000
59212 d3a60000
59213 d3a68000
59214 d3a70000
59215 d3a78000
59216 d3a80000
59217 d3a88000
59218 d3a90000
59219 d3a98000
59220 d3aa0000
59221 d3aa8000
59222 d3ab0000
59223 d3ab8000
59224 d3ac0000
59225 d3ac8000
59226 d3ad0000
59227 d3ad8000
59228 d3ae0000
59229 d3ae8000
59230 d3af0000
59231 d3af8000
59232 d3b00000
59233 d3b08000
59234 d3b10000
59235 d3b18000
59236 d3b20000
59237 d3b28000
59238 d3b30000
59239 d3b38000
59240 d3b40000
59241 d3b48000
59242 d3b50000
59243 d3b58000
59244 d3b60000
59245 d3b68000
59246 d3b70000
59247 d3b78000
59248 d3b80000
59249 d3b88000
59250 d3b90000
59251 d3b98000
59252 d3ba0000
59253 d3ba8000
59254 d3bb0000
59255 d3bb8000
59256 d3bc0000
59257 d3bc8000
59258 d3bd0000
59259 d3bd8000
59260 d3be0000
59261 d3be8000
59262 d3bf0000
59263 d3bf8000
59264 d3c00000
59265 d3c08000
59266 d3c10000
59267 d3c18000
59268 d3c20000
59269 d3c28000
59270 d3c30000
59271 d3c38000
59272 d3c40000
59273 d3c48000
59274 d3c50000
59275 d3c58000
59276 d3c60000
59277 d3c68000
59278 d3c70000
59279 d3c78000
59280 d3c80000
59281 d3c88000
59282 d3c90000
59283 d3c98000
59284 d3ca0000
59285 d3ca8000
59286 d3cb0000
59287 d3cb8000
59288 d3cc0000
59289 d3cc8000
59290 d3cd0000
59291 d3cd8000
59292 d3ce0000
59293 d3ce8000
59294 d3cf0000
59295 d3cf8000
59296 d3d00000
59297 d3d08000
59298 d3d10000
59299 d3d18000
59300 d3d20000
59301 d3d28000
59302 d3d30000
59303 d3d38000
59304 d3d40000
59305 d3d48000
59306 d3d50000
59307 d3d58000
59308 d3d60000
59309 d3d68000
59310 d3d70000
59311 d3d78000
59312 d3d80000
59313 d3d88000
59314 d3d90000
59315 d3d98000
59316 d3da0000
59317 d3da8000
59318 d3db0000
59319 d3db8000
59320 d3dc0000
59321 d3dc8000
59322 d3dd0000
59323 d3dd8000
59324 d3de0000
59325 d3de8000
59326 d3df0000
59327 d3df8000
59328 d3e00000
59329 d3e08000
59330 d3e10000
59331 d3e18000
59332 d3e20000
59333 d3e28000
59334 d3e30000
59335 d3e38000
59336 d3e40000
59337 d3e48000
59338 d3e50000
59339 d3e58000
59340 d3e60000
59341 d3e68000
59342 d3e70000
59343 d3e78000
59344 d3e80000
59345 d3e88000
59346 d3e90000
59347 d3e98000
59348 d3ea0000
59349 d3ea8000
59350 d3eb0000
59351 d3eb8000
59352 d3ec0000
59353 d3ec8000
59354 d3ed0000
59355 d3ed8000
59356 d3ee0000
59357 d3ee8000
59358 d3ef0000
59359 d3ef8000
59360 d3f00000
59361 d3f08000
59362 d3f10000
59363 d3f18000
59364 d3f20000
59365 d3f28000
59366 d3f30000
59367 d3f38000
59368 d3f40000
59369 d3f48000
59370 d3f50000
59371 d3f58000
59372 d3f60000
59373 d3f68000
59374 d3f70000
59375 d3f78000
59376 d3f80000
59377 d3f88000
59378 d3f90000
59379 d3f98000
59380 d3fa0000
59381 d3fa8000
59382 d3fb0000
59383 d3fb8000
59384 d3fc0000
59385 d3fc8000
59386 d3fd0000
59387 d3fd8000
59388 d3fe0000
59389 d3fe8000
59390 d3ff0000
59391 d3ff8000
59392 d4000000
59393 d4008000
59394 d4010000
59395 d4018000
59396 d4020000
59397 d4028000
59398 d4030000
59399 d4038000
59400 d4040000
59401 d4048000
59402 d4050000
59403 d4058000
59404 d4060000
59405 d4068000
59406 d4070000
59407 d4078000
59408 d4080000
59409 d4088000
59410 d4090000
59411 d4098000
59412 d40a0000
59413 d40a8000
59414 d40b0000
59415 d40b8000
59416 d40c0000
59417 d40c8000
59418 d40d0000
59419 d40d8000
59420 d40e0000
59421 d40e8000
59422 d40f0000
59423 d40f8000
59424 d4100000
59425 d4108000
59426 d4110000
59427 d4118000
59428 d4120000
59429 d4128000
59430 d4130000
59431 d4138000
59432 d4140000
59433 d4148000
59434 d4150000
59435 d4158000
59436 d4160000
59437 d4168000
59438 d4170000
59439 d4178000
59440 d4180000
59441 d4188000
59442 d4190000
59443 d4198000
59444 d41a0000
59445 d41a8000
59446 d41b0000
59447 d41b8000
59448 d41c0000
59449 d41c8000
59450 d41d0000
59451 d41d8000
59452 d41e0000
59453 d41e8000
59454 d41f0000
59455 d41f8000
59456 d4200000
59457 d4208000
59458 d4210000
59459 d4218000
59460 d4220000
59461 d4228000
59462 d4230000
59463 d4238000
59464 d4240000
59465 d4248000
59466 d4250000
59467 d4258000
59468 d4260000
59469 d4268000
59470 d4270000
59471 d4278000
59472 d4280000
59473 d4288000
59474 d4290000
59475 d4298000
59476 d42a0000
59477 d42a8000
59478 d42b0000
59479 d42b8000
59480 d42c0000
59481 d42c8000
59482 d42d0000
59483 d42d8000
59484 d42e0000
59485 d42e8000
59486 d42f0000
59487 d42f8000
59488 d4300000
59489 d4308000
59490 d4310000
59491 d4318000
59492 d4320000
59493 d4328000
59494 d4330000
59495 d4338000
59496 d4340000
59497 d4348000
59498 d4350000
59499 d4358000
59500 d4360000
59501 d4368000
59502 d4370000
59503 d4378000
59504 d4380000
59505 d4388000
59506 d4390000
59507 d4398000
59508 d43a0000
59509 d43a8000
59510 d43b0000
59511 d43b8000
59512 d43c0000
59513 d43c8000
59514 d43d0000
59515 d43d8000
59516 d43e0000
59517 d43e8000
59518 d43f0000
59519 d43f8000
59520 d4400000
59521 d4408000
59522 d4410000
59523 d4418000
59524 d4420000
59525 d4428000
59526 d4430000
59527 d4438000
59528 d4440000
59529 d4448000
59530 d4450000
59531 d4458000
59532 d4460000
59533 d4468000
59534 d4470000
59535 d4478000
59536 d4480000
59537 d4488000
59538 d4490000
59539 d4498000
59540 d44a0000
59541 d44a8000
59542 d44b0000
59543 d44b8000
59544 d44c0000
59545 d44c8000
59546 d44d0000
59547 d44d8000
59548 d44e0000
59549 d44e8000
59550 d44f0000
59551 d44f8000
59552 d4500000
59553 d4508000
59554 d4510000
59555 d4518000
59556 d4520000
59557 d4528000
59558 d4530000
59559 d4538000
59560 d4540000
59561 d4548000
59562 d4550000
59563 d4558000
59564 d4560000
59565 d4568000
59566 d4570000
59567 d4578000
59568 d4580000
59569 d4588000
59570 d4590000
59571 d4598000
59572 d45a0000
59573 d45a8000
59574 d45b0000
59575 d45b8000
59576 d45c0000
59577 d45c8000
59578 d45d0000
59579 d45d8000
59580 d45e0000
59581 d45e8000
59582 d45f0000
59583 d45f8000
59584 d4600000
59585 d4608000
59586 d4610000
59587 d4618000
59588 d4620000
59589 d4628000
59590 d4630000
59591 d4638000
59592 d4640000
59593 d4648000
59594 d4650000
59595 d4658000
59596 d4660000
59597 d4668000
59598 d4670000
59599 d4678000
59600 d4680000
59601 d4688000
59602 d4690000
59603 d4698000
59604 d46a0000
59605 d46a8000
59606 d46b0000
59607 d46b8000
59608 d46c0000
59609 d46c8000
59610 d46d0000
59611 d46d8000
59612 d46e0000
59613 d46e8000
59614 d46f0000
59615 d46f8000
59616 d4700000
59617 d4708000
59618 d4710000
59619 d4718000
59620 d4720000
59621 d4728000
59622 d4730000
59623 d4738000
59624 d4740000
59625 d4748000
59626 d4750000
59627 d4758000
59628 d4760000
59629 d4768000
59630 d4770000
59631 d4778000
59632 d4780000
59633 d4788000
59634 d4790000
59635 d4798000
59636 d47a0000
59637 d47a8000
59638 d47b0000
59639 d47b8000
59640 d47c0000
59641 d47c8000
59642 d47d0000
59643 d47d8000
59644 d47e0000
59645 d47e8000
59646 d47f0000
59647 d47f8000
59648 d4800000
59649 d4808000
59650 d4810000
59651 d4818000
59652 d4820000
59653 d4828000
59654 d4830000
59655 d4838000
59656 d4840000
59657 d4848000
59658 d4850000
59659 d4858000
59660 d4860000
59661 d4868000
59662 d4870000
59663 d4878000
59664 d4880000
59665 d4888000
59666 d4890000
59667 d4898000
59668 d48a0000
59669 d48a8000
59670 d48b0000
59671 d48b8000
59672 d48c0000
59673 d48c8000
59674 d48d0000
59675 d48d8000
59676 d48e0000
59677 d48e8000
59678 d48f0000
59679 d48f8000
59680 d4900000
59681 d4908000
59682 d4910000
59683 d4918000
59684 d4920000
59685 d4928000
59686 d4930000
59687 d4938000
59688 d4940000
59689 d4948000
59690 d4950000
59691 d4958000
59692 d4960000
59693 d4968000
59694 d4970000
59695 d4978000
59696 d4980000
59697 d4988000
59698 d4990000
59699 d4998000
59700 d49a0000
59701 d49a8000
59702 d49b0000
59703 d49b8000
59704 d49c0000
59705 d49c8000
59706 d49d0000
59707 d49d8000
59708 d49e0000
59709 d49e8000
59710 d49f0000
59711 d49f8000
59712 d4a00000
59713 d4a08000
59714 d4a10000
59715 d4a18000
59716 d4a20000
59717 d4a28000
59718 d4a30000
59719 d4a38000
59720 d4a40000
59721 d4a48000
59722 d4a50000
59723 d4a58000
59724 d4a60000
59725 d4a68000
59726 d4a70000
59727 d4a78000
59728 d4a80000
59729 d4a88000
59730 d4a90000
59731 d4a98000
59732 d4aa0000
59733 d4aa8000
59734 d4ab0000
59735 d4ab8000
59736 d4ac0000
59737 d4ac8000
59738 d4ad0000
59739 d4ad8000
59740 d4ae0000
59741 d4ae8000
59742 d4af0000
59743 d4af8000
59744 d4b00000
59745 d4b08000
59746 d4b10000
59747 d4b18000
59748 d4b20000
59749 d4b28000
59750 d4b30000
59751 d4b38000
59752 d4b40000
59753 d4b48000
59754 d4b50000
59755 d4b58000
59756 d4b60000
59757 d4b68000
59758 d4b70000
59759 d4b78000
59760 d4b80000
59761 d4b88000
59762 d4b90000
59763 d4b98000
59764 d4ba0000
59765 d4ba8000
59766 d4bb0000
59767 d4bb8000
59768 d4bc0000
59769 d4bc8000
59770 d4bd0000
59771 d4bd8000
59772 d4be0000
59773 d4be8000
59774 d4bf0000
59775 d4bf8000
59776 d4c00000
59777 d4c08000
59778 d4c10000
59779 d4c18000
59780 d4c20000
59781 d4c28000
59782 d4c30000
59783 d4c38000
59784 d4c40000
59785 d4c48000
59786 d4c50000
59787 d4c58000
59788 d4c60000
59789 d4c68000
59790 d4c70000
59791 d4c78000
59792 d4c80000
59793 d4c88000
59794 d4c90000
59795 d4c98000
59796 d4ca0000
59797 d4ca8000
59798 d4cb0000
59799 d4cb8000
59800 d4cc0000
59801 d4cc8000
59802 d4cd0000
59803 d4cd8000
59804 d4ce0000
59805 d4ce8000
59806 d4cf0000
59807 d4cf8000
59808 d4d00000
59809 d4d08000
59810 d4d10000
59811 d4d18000
59812 d4d20000
59813 d4d28000
59814 d4d30000
59815 d4d38000
59816 d4d40000
59817 d4d48000
59818 d4d50000
59819 d4d58000
59820 d4d60000
59821 d4d68000
59822 d4d70000
59823 d4d78000
59824 d4d80000
59825 d4d88000
59826 d4d90000
59827 d4d98000
59828 d4da0000
59829 d4da8000
59830 d4db0000
59831 d4db8000
59832 d4dc0000
59833 d4dc8000
59834 d4dd0000
59835 d4dd8000
59836 d4de0000
59837 d4de8000
59838 d4df0000
59839 d4df8000
59840 d4e00000
59841 d4e08000
59842 d4e10000
59843 d4e18000
59844 d4e20000
59845 d4e28000
59846 d4e30000
59847 d4e38000
59848 d4e40000
59849 d4e48000
59850 d4e50000
59851 d4e58000
59852 d4e60000
59853 d4e68000
59854 d4e70000
59855 d4e78000
59856 d4e80000
59857 d4e88000
59858 d4e90000
59859 d4e98000
59860 d4ea0000
59861 d4ea8000
59862 d4eb0000
59863 d4eb8000
59864 d4ec0000
59865 d4ec8000
59866 d4ed0000
59867 d4ed8000
59868 d4ee0000
59869 d4ee8000
59870 d4ef0000
59871 d4ef8000
59872 d4f00000
59873 d4f08000
59874 d4f10000
59875 d4f18000
59876 d4f20000
59877 d4f28000
59878 d4f30000
59879 d4f38000
59880 d4f40000
59881 d4f48000
59882 d4f50000
59883 d4f58000
59884 d4f60000
59885 d4f68000
59886 d4f70000
59887 d4f78000
59888 d4f80000
59889 d4f88000
59890 d4f90000
59891 d4f98000
59892 d4fa0000
59893 d4fa8000
59894 d4fb0000
59895 d4fb8000
59896 d4fc0000
59897 d4fc8000
59898 d4fd0000
59899 d4fd8000
59900 d4fe0000
59901 d4fe8000
59902 d4ff0000
59903 d4ff8000
59904 d5000000
59905 d5008000
59906 d5010000
59907 d5018000
59908 d5020000
59909 d5028000
59910 d5030000
59911 d5038000
59912 d5040000
59913 d5048000
59914 d5050000
59915 d5058000
59916 d5060000
59917 d5068000
59918 d5070000
59919 d5078000
59920 d5080000
59921 d5088000
59922 d5090000
59923 d5098000
59924 d50a0000
59925 d50a8000
59926 d50b0000
59927 d50b8000
59928 d50c0000
59929 d50c8000
59930 d50d0000
59931 d50d8000
59932 d50e0000
59933 d50e8000
59934 d50f0000
59935 d50f8000
59936 d5100000
59937 d5108000
59938 d5110000
59939 d5118000
59940 d5120000
59941 d5128000
59942 d5130000
59943 d5138000
59944 d5140000
59945 d5148000
59946 d5150000
59947 d5158000
59948 d5160000
59949 d5168000
59950 d5170000
59951 d5178000
59952 d5180000
59953 d5188000
59954 d5190000
59955 d5198000
59956 d51a0000
59957 d51a8000
59958 d51b0000
59959 d51b8000
59960 d51c0000
59961 d51c8000
59962 d51d0000
59963 d51d8000
59964 d51e0000
59965 d51e8000
59966 d51f0000
59967 d51f8000
59968 d5200000
59969 d5208000
59970 d5210000
59971 d5218000
59972 d5220000
59973 d5228000
59974 d5230000
59975 d5238000
59976 d5240000
59977 d5248000
59978 d5250000
59979 d5258000
59980 d5260000
59981 d5268000
59982 d5270000
59983 d5278000
59984 d5280000
59985 d5288000
59986 d5290000
59987 d5298000
59988 d52a0000
59989 d52a8000
59990 d52b0000
59991 d52b8000
59992 d52c0000
59993 d52c8000
59994 d52d0000
59995 d52d8000
59996 d52e0000
59997 d52e8000
59998 d52f0000
59999 d52f8000
60000 d5300000
60001 d5308000
60002 d5310000
60003 d5318000
60004 d5320000
60005 d5328000
60006 d5330000
60007 d5338000
60008 d5340000
60009 d5348000
60010 d5350000
60011 d5358000
60012 d5360000
60013 d5368000
60014 d5370000
60015 d5378000
60016 d5380000
60017 d5388000
60018 d5390000
60019 d5398000
60020 d53a0000
60021 d53a8000
60022 d53b0000
60023 d53b8000
60024 d53c0000
60025 d53c8000
60026 d53d0000
60027 d53d8000
60028 d53e0000
60029 d53e8000
60030 d53f0000
60031 d53f8000
60032 d5400000
60033 d5408000
60034 d5410000
60035 d5418000
60036 d5420000
60037 d5428000
60038 d5430000
60039 d5438000
60040 d5440000
60041 d5448000
60042 d5450000
60043 d5458000
60044 d5460000
60045 d5468000
60046 d5470000
60047 d5478000
60048 d5480000
60049 d5488000
60050 d5490000
60051 d5498000
60052 d54a0000
60053 d54a8000
60054 d54b0000
60055 d54b8000
60056 d54c0000
60057 d54c8000
60058 d54d0000
60059 d54d8000
60060 d54e0000
60061 d54e8000
60062 d54f0000
60063 d54f8000
60064 d5500000
60065 d5508000
60066 d5510000
60067 d5518000
60068 d5520000
60069 d5528000
60070 d5530000
60071 d5538000
60072 d5540000
60073 d5548000
60074 d5550000
60075 d5558000
60076 d5560000
60077 d5568000
60078 d5570000
60079 d5578000
60080 d5580000
60081 d5588000
60082 d5590000
60083 d5598000
60084 d55a0000
60085 d55a8000
60086 d55b0000
60087 d55b8000
60088 d55c0000
60089 d55c8000
60090 d55d0000
60091 d55d8000
60092 d55e0000
60093 d55e8000
60094 d55f0000
60095 d55f8000
60096 d5600000
60097 d5608000
60098 d5610000
60099 d5618000
60100 d5620000
60101 d5628000
60102 d5630000
60103 d5638000
60104 d5640000
60105 d5648000
60106 d5650000
60107 d5658000
60108 d5660000
60109 d5668000
60110 d5670000
60111 d5678000
60112 d5680000
60113 d5688000
60114 d5690000
60115 d5698000
60116 d56a0000
60117 d56a8000
60118 d56b0000
60119 d56b8000
60120 d56c0000
60121 d56c8000
60122 d56d0000
60123 d56d8000
60124 d56e0000
60125 d56e8000
60126 d56f0000
60127 d56f8000
60128 d5700000
60129 d5708000
60130 d5710000
60131 d5718000
60132 d5720000
60133 d5728000
60134 d5730000
60135 d5738000
60136 d5740000
60137 d5748000
60138 d5750000
60139 d5758000
60140 d5760000
60141 d5768000
60142 d5770000
60143 d5778000
60144 d5780000
60145 d5788000
60146 d5790000
60147 d5798000
60148 d57a0000
60149 d57a8000
60150 d57b0000
60151 d57b8000
60152 d57c0000
60153 d57c8000
60154 d57d0000
60155 d57d8000
60156 d57e0000
60157 d57e8000
60158 d57f0000
60159 d57f8000
60160 d5800000
60161 d5808000
60162 d5810000
60163 d5818000
60164 d5820000
60165 d5828000
60166 d5830000
60167 d5838000
60168 d5840000
60169 d5848000
60170 d5850000
60171 d5858000
60172 d5860000
60173 d5868000
60174 d5870000
60175 d5878000
60176 d5880000
60177 d5888000
60178 d5890000
60179 d5898000
60180 d58a0000
60181 d58a8000
60182 d58b0000
60183 d58b8000
60184 d58c0000
60185 d58c8000
60186 d58d0000
60187 d58d8000
60188 d58e0000
60189 d58e8000
60190 d58f0000
60191 d58f8000
60192 d5900000
60193 d5908000
60194 d5910000
60195 d5918000
60196 d5920000
60197 d5928000
60198 d5930000
60199 d5938000
60200 d5940000
60201 d5948000
60202 d5950000
60203 d5958000
60204 d5960000
60205 d5968000
60206 d5970000
60207 d5978000
60208 d5980000
60209 d5988000
60210 d5990000
60211 d5998000
60212 d59a0000
60213 d59a8000
60214 d59b0000
60215 d59b8000
60216 d59c0000
60217 d59c8000
60218 d59d0000
60219 d59d8000
60220 d59e0000
60221 d59e8000
60222 d59f0000
60223 d59f8000
60224 d5a00000
60225 d5a08000
60226 d5a10000
60227 d5a18000
60228 d5a20000
60229 d5a28000
60230 d5a30000
60231 d5a38000
60232 d5a40000
60233 d5a48000
60234 d5a50000
60235 d5a58000
60236 d5a60000
60237 d5a68000
60238 d5a70000
60239 d5a78000
60240 d5a80000
60241 d5a88000
60242 d5a90000
60243 d5a98000
60244 d5aa0000
60245 d5aa8000
60246 d5ab0000
60247 d5ab8000
60248 d5ac0000
60249 d5ac8000
60250 d5ad0000
60251 d5ad8000
60252 d5ae0000
60253 d5ae8000
60254 d5af0000
60255 d5af8000
60256 d5b00000
60257 d5b08000
60258 d5b10000
60259 d5b18000
60260 d5b20000
60261 d5b28000
60262 d5b30000
60263 d5b38000
60264 d5b40000
60265 d5b48000
60266 d5b50000
60267 d5b58000
60268 d5b60000
60269 d5b68000
60270 d5b70000
60271 d5b78000
60272 d5b80000
60273 d5b88000
60274 d5b90000
60275 d5b98000
60276 d5ba0000
60277 d5ba8000
60278 d5bb0000
60279 d5bb8000
60280 d5bc0000
60281 d5bc8000
60282 d5bd0000
60283 d5bd8000
60284 d5be0000
60285 d5be8000
60286 d5bf0000
60287 d5bf8000
60288 d5c00000
60289 d5c08000
60290 d5c10000
60291 d5c18000
60292 d5c20000
60293 d5c28000
60294 d5c30000
60295 d5c38000
60296 d5c40000
60297 d5c48000
60298 d5c50000
60299 d5c58000
60300 d5c60000
60301 d5c68000
60302 d5c70000
60303 d5c78000
60304 d5c80000
60305 d5c88000
60306 d5c90000
60307 d5c98000
60308 d5ca0000
60309 d5ca8000
60310 d5cb0000
60311 d5cb8000
60312 d5cc0000
60313 d5cc8000
60314 d5cd0000
60315 d5cd8000
60316 d5ce0000
60317 d5ce8000
60318 d5cf0000
60319 d5cf8000
60320 d5d00000
60321 d5d08000
60322 d5d10000
60323 d5d18000
60324 d5d20000
60325 d5d28000
60326 d5d30000
60327 d5d38000
60328 d5d40000
60329 d5d48000
60330 d5d50000
60331 d5d58000
60332 d5d60000
60333 d5d68000
60334 d5d70000
60335 d5d78000
60336 d5d80000
60337 d5d88000
60338 d5d90000
60339 d5d98000
60340 d5da0000
60341 d5da8000
60342 d5db0000
60343 d5db8000
60344 d5dc0000
60345 d5dc8000
60346 d5dd0000
60347 d5dd8000
60348 d5de0000
60349 d5de8000
60350 d5df0000
60351 d5df8000
60352 d5e00000
60353 d5e08000
60354 d5e10000
60355 d5e18000
60356 d5e20000
60357 d5e28000
60358 d5e30000
60359 d5e38000
60360 d5e40000
60361 d5e48000
60362 d5e50000
60363 d5e58000
60364 d5e60000
60365 d5e68000
60366 d5e70000
60367 d5e78000
60368 d5e80000
60369 d5e88000
60370 d5e90000
60371 d5e98000
60372 d5ea0000
60373 d5ea8000
60374 d5eb0000
60375 d5eb8000
60376 d5ec0000
60377 d5ec8000
60378 d5ed0000
60379 d5ed8000
60380 d5ee0000
60381 d5ee8000
60382 d5ef0000
60383 d5ef8000
60384 d5f00000
60385 d5f08000
60386 d5f10000
60387 d5f18000
60388 d5f20000
60389 d5f28000
60390 d5f30000
60391 d5f38000
60392 d5f40000
60393 d5f48000
60394 d5f50000
60395 d5f58000
60396 d5f60000
60397 d5f68000
60398 d5f70000
60399 d5f78000
60400 d5f80000
60401 d5f88000
60402 d5f90000
60403 d5f98000
60404 d5fa0000
60405 d5fa8000
60406 d5fb0000
60407 d5fb8000
60408 d5fc0000
60409 d5fc8000
60410 d5fd0000
60411 d5fd8000
60412 d5fe0000
60413 d5fe8000
60414 d5ff0000
60415 d5ff8000
60416 d6000000
60417 d6008000
60418 d6010000
60419 d6018000
60420 d6020000
60421 d6028000
60422 d6030000
60423 d6038000
60424 d6040000
60425 d6048000
60426 d6050000
60427 d6058000
60428 d6060000
60429 d6068000
60430 d6070000
60431 d6078000
60432 d6080000
60433 d6088000
60434 d6090000
60435 d6098000
60436 d60a0000
60437 d60a8000
60438 d60b0000
60439 d60b8000
60440 d60c0000
60441 d60c8000
60442 d60d0000
60443 d60d8000
60444 d60e0000
60445 d60e8000
60446 d60f0000
60447 d60f8000
60448 d6100000
60449 d6108000
60450 d6110000
60451 d6118000
60452 d6120000
60453 d6128000
60454 d6130000
60455 d6138000
60456 d6140000
60457 d6148000
60458 d6150000
60459 d6158000
60460 d6160000
60461 d6168000
60462 d6170000
60463 d6178000
60464 d6180000
60465 d6188000
60466 d6190000
60467 d6198000
60468 d61a0000
60469 d61a8000
60470 d61b0000
60471 d61b8000
60472 d61c0000
60473 d61c8000
60474 d61d0000
60475 d61d8000
60476 d61e0000
60477 d61e8000
60478 d61f0000
60479 d61f8000
60480 d6200000
60481 d6208000
60482 d6210000
60483 d6218000
60484 d6220000
60485 d6228000
60486 d6230000
60487 d6238000
60488 d6240000
60489 d6248000
60490 d6250000
60491 d6258000
60492 d6260000
60493 d6268000
60494 d6270000
60495 d6278000
60496 d6280000
60497 d6288000
60498 d6290000
60499 d6298000
60500 d62a0000
60501 d62a8000
60502 d62b0000
60503 d62b8000
60504 d62c0000
60505 d62c8000
60506 d62d0000
60507 d62d8000
60508 d62e0000
60509 d62e8000
60510 d62f0000
60511 d62f8000
60512 d6300000
60513 d6308000
60514 d6310000
60515 d6318000
60516 d6320000
60517 d6328000
60518 d6330000
60519 d6338000
60520 d6340000
60521 d6348000
60522 d6350000
60523 d6358000
60524 d6360000
60525 d6368000
60526 d6370000
60527 d6378000
60528 d6380000
60529 d6388000
60530 d6390000
60531 d6398000
60532 d63a0000
60533 d63a8000
60534 d63b0000
60535 d63b8000
60536 d63c0000
60537 d63c8000
60538 d63d0000
60539 d63d8000
60540 d63e0000
60541 d63e8000
60542 d63f0000
60543 d63f8000
60544 d6400000
60545 d6408000
60546 d6410000
60547 d6418000
60548 d6420000
60549 d6428000
60550 d6430000
60551 d6438000
60552 d6440000
60553 d6448000
60554 d6450000
60555 d6458000
60556 d6460000
60557 d6468000
60558 d6470000
60559 d6478000
60560 d6480000
60561 d6488000
60562 d6490000
60563 d6498000
60564 d64a0000
60565 d64a8000
60566 d64b0000
60567 d64b8000
60568 d64c0000
60569 d64c8000
60570 d64d0000
60571 d64d8000
60572 d64e0000
60573 d64e8000
60574 d64f0000
60575 d64f8000
60576 d6500000
60577 d6508000
60578 d6510000
60579 d6518000
60580 d6520000
60581 d6528000
60582 d6530000
60583 d6538000
60584 d6540000
60585 d6548000
60586 d6550000
60587 d6558000
60588 d6560000
60589 d6568000
60590 d6570000
60591 d6578000
60592 d6580000
60593 d6588000
60594 d6590000
60595 d6598000
60596 d65a0000
60597 d65a8000
60598 d65b0000
60599 d65b8000
60600 d65c0000
60601 d65c8000
60602 d65d0000
60603 d65d8000
60604 d65e0000
60605 d65e8000
60606 d65f0000
60607 d65f8000
60608 d6600000
60609 d6608000
60610 d6610000
60611 d6618000
60612 d6620000
60613 d6628000
60614 d6630000
60615 d6638000
60616 d6640000
60617 d6648000
60618 d6650000
60619 d6658000
60620 d6660000
60621 d6668000
60622 d6670000
60623 d6678000
60624 d6680000
60625 d6688000
60626 d6690000
60627 d6698000
60628 d66a0000
60629 d66a8000
60630 d66b0000
60631 d66b8000
60632 d66c0000
60633 d66c8000
60634 d66d0000
60635 d66d8000
60636 d66e0000
60637 d66e8000
60638 d66f0000
60639 d66f8000
60640 d6700000
60641 d6708000
60642 d6710000
60643 d6718000
60644 d6720000
60645 d6728000
60646 d6730000
60647 d6738000
60648 d6740000
60649 d6748000
60650 d6750000
60651 d6758000
60652 d6760000
60653 d6768000
60654 d6770000
60655 d6778000
60656 d6780000
60657 d6788000
60658 d6790000
60659 d6798000
60660 d67a0000
60661 d67a8000
60662 d67b0000
60663 d67b8000
60664 d67c0000
60665 d67c8000
60666 d67d0000
60667 d67d8000
60668 d67e0000
60669 d67e8000
60670 d67f0000
60671 d67f8000
60672 d6800000
60673 d6808000
60674 d6810000
60675 d6818000
60676 d6820000
60677 d6828000
60678 d6830000
60679 d6838000
60680 d6840000
60681 d6848000
60682 d6850000
60683 d6858000
60684 d6860000
60685 d6868000
60686 d6870000
60687 d6878000
60688 d6880000
60689 d6888000
60690 d6890000
60691 d6898000
60692 d68a0000
60693 d68a8000
60694 d68b0000
60695 d68b8000
60696 d68c0000
60697 d68c8000
60698 d68d0000
60699 d68d8000
60700 d68e0000
60701 d68e8000
60702 d68f0000
60703 d68f8000
60704 d6900000
60705 d6908000
60706 d6910000
60707 d6918000
60708 d6920000
60709 d6928000
60710 d6930000
60711 d6938000
60712 d6940000
60713 d6948000
60714 d6950000
60715 d6958000
60716 d6960000
60717 d6968000
60718 d6970000
60719 d6978000
60720 d6980000
60721 d6988000
60722 d6990000
60723 d6998000
60724 d69a0000
60725 d69a8000
60726 d69b0000
60727 d69b8000
60728 d69c0000
60729 d69c8000
60730 d69d0000
60731 d69d8000
60732 d69e0000
60733 d69e8000
60734 d69f0000
60735 d69f8000
60736 d6a00000
60737 d6a08000
60738 d6a10000
60739 d6a18000
60740 d6a20000
60741 d6a28000
60742 d6a30000
60743 d6a38000
60744 d6a40000
60745 d6a48000
60746 d6a50000
60747 d6a58000
60748 d6a60000
60749 d6a68000
60750 d6a70000
60751 d6a78000
60752 d6a80000
60753 d6a88000
60754 d6a90000
60755 d6a98000
60756 d6aa0000
60757 d6aa8000
60758 d6ab0000
60759 d6ab8000
60760 d6ac0000
60761 d6ac8000
60762 d6ad0000
60763 d6ad8000
60764 d6ae0000
60765 d6ae8000
60766 d6af0000
60767 d6af8000
60768 d6b00000
60769 d6b08000
60770 d6b10000
60771 d6b18000
60772 d6b20000
60773 d6b28000
60774 d6b30000
60775 d6b38000
60776 d6b40000
60777 d6b48000
60778 d6b50000
60779 d6b58000
60780 d6b60000
60781 d6b68000
60782 d6b70000
60783 d6b78000
60784 d6b80000
60785 d6b88000
60786 d6b90000
60787 d6b98000
60788 d6ba0000
60789 d6ba8000
60790 d6bb0000
60791 d6bb8000
60792 d6bc0000
60793 d6bc8000
60794 d6bd0000
60795 d6bd8000
60796 d6be0000
60797 d6be8000
60798 d6bf0000
60799 d6bf8000
60800 d6c00000
60801 d6c08000
60802 d6c10000
60803 d6c18000
60804 d6c20000
60805 d6c28000
60806 d6c30000
60807 d6c38000
60808 d6c40000
60809 d6c48000
60810 d6c50000
60811 d6c58000
60812 d6c60000
60813 d6c68000
60814 d6c70000
60815 d6c78000
60816 d6c80000
60817 d6c88000
60818 d6c90000
60819 d6c98000
60820 d6ca0000
60821 d6ca8000
60822 d6cb0000
60823 d6cb8000
60824 d6cc0000
60825 d6cc8000
60826 d6cd0000
60827 d6cd8000
60828 d6ce0000
60829 d6ce8000
60830 d6cf0000
60831 d6cf8000
60832 d6d00000
60833 d6d08000
60834 d6d10000
60835 d6d18000
60836 d6d20000
60837 d6d28000
60838 d6d30000
60839 d6d38000
60840 d6d40000
60841 d6d48000
60842 d6d50000
60843 d6d58000
60844 d6d60000
60845 d6d68000
60846 d6d70000
60847 d6d78000
60848 d6d80000
60849 d6d88000
60850 d6d90000
60851 d6d98000
60852 d6da0000
60853 d6da8000
60854 d6db0000
60855 d6db8000
60856 d6dc0000
60857 d6dc8000
60858 d6dd0000
60859 d6dd8000
60860 d6de0000
60861 d6de8000
60862 d6df0000
60863 d6df8000
60864 d6e00000
60865 d6e08000
60866 d6e10000
60867 d6e18000
60868 d6e20000
60869 d6e28000
60870 d6e30000
60871 d6e38000
60872 d6e40000
60873 d6e48000
60874 d6e50000
60875 d6e58000
60876 d6e60000
60877 d6e68000
60878 d6e70000
60879 d6e78000
60880 d6e80000
60881 d6e88000
60882 d6e90000
60883 d6e98000
60884 d6ea0000
60885 d6ea8000
60886 d6eb0000
60887 d6eb8000
60888 d6ec0000
60889 d6ec8000
60890 d6ed0000
60891 d6ed8000
60892 d6ee0000
60893 d6ee8000
60894 d6ef0000
60895 d6ef8000
60896 d6f00000
60897 d6f08000
60898 d6f10000
60899 d6f18000
60900 d6f20000
60901 d6f28000
60902 d6f30000
60903 d6f38000
60904 d6f40000
60905 d6f48000
60906 d6f50000
60907 d6f58000
60908 d6f60000
60909 d6f68000
60910 d6f70000
60911 d6f78000
60912 d6f80000
60913 d6f88000
60914 d6f90000
60915 d6f98000
60916 d6fa0000
60917 d6fa8000
60918 d6fb0000
60919 d6fb8000
60920 d6fc0000
60921 d6fc8000
60922 d6fd0000
60923 d6fd8000
60924 d6fe0000
60925 d6fe8000
60926 d6ff0000
60927 d6ff8000
60928 d7000000
60929 d7008000
60930 d7010000
60931 d7018000
60932 d7020000
60933 d7028000
60934 d7030000
60935 d7038000
60936 d7040000
60937 d7048000
60938 d7050000
60939 d7058000
60940 d7060000
60941 d7068000
60942 d7070000
60943 d7078000
60944 d7080000
60945 d7088000
60946 d7090000
60947 d7098000
60948 d70a0000
60949 d70a8000
60950 d70b0000
60951 d70b8000
60952 d70c0000
60953 d70c8000
60954 d70d0000
60955 d70d8000
60956 d70e0000
60957 d70e8000
60958 d70f0000
60959 d70f8000
60960 d7100000
60961 d7108000
60962 d7110000
60963 d7118000
60964 d7120000
60965 d7128000
60966 d7130000
60967 d7138000
60968 d7140000
60969 d7148000
60970 d7150000
60971 d7158000
60972 d7160000
60973 d7168000
60974 d7170000
60975 d7178000
60976 d7180000
60977 d7188000
60978 d7190000
60979 d7198000
60980 d71a0000
60981 d71a8000
60982 d71b0000
60983 d71b8000
60984 d71c0000
60985 d71c8000
60986 d71d0000
60987 d71d8000
60988 d71e0000
60989 d71e8000
60990 d71f0000
60991 d71f8000
60992 d7200000
60993 d7208000
60994 d7210000
60995 d7218000
60996 d7220000
60997 d7228000
60998 d7230000
60999 d7238000
61000 d7240000
61001 d7248000
61002 d7250000
61003 d7258000
61004 d7260000
61005 d7268000
61006 d7270000
61007 d7278000
61008 d7280000
61009 d7288000
61010 d7290000
61011 d7298000
61012 d72a0000
61013 d72a8000
61014 d72b0000
61015 d72b8000
61016 d72c0000
61017 d72c8000
61018 d72d0000
61019 d72d8000
61020 d72e0000
61021 d72e8000
61022 d72f0000
61023 d72f8000
61024 d7300000
61025 d7308000
61026 d7310000
61027 d7318000
61028 d7320000
61029 d7328000
61030 d7330000
61031 d7338000
61032 d7340000
61033 d7348000
61034 d7350000
61035 d7358000
61036 d7360000
61037 d7368000
61038 d7370000
61039 d7378000
61040 d7380000
61041 d7388000
61042 d7390000
61043 d7398000
61044 d73a0000
61045 d73a8000
61046 d73b0000
61047 d73b8000
61048 d73c0000
61049 d73c8000
61050 d73d0000
61051 d73d8000
61052 d73e0000
61053 d73e8000
61054 d73f0000
61055 d73f8000
61056 d7400000
61057 d7408000
61058 d7410000
61059 d7418000
61060 d7420000
61061 d7428000
61062 d7430000
61063 d7438000
61064 d7440000
61065 d7448000
61066 d7450000
61067 d7458000
61068 d7460000
61069 d7468000
61070 d7470000
61071 d7478000
61072 d7480000
61073 d7488000
61074 d7490000
61075 d7498000
61076 d74a0000
61077 d74a8000
61078 d74b0000
61079 d74b8000
61080 d74c0000
61081 d74c8000
61082 d74d0000
61083 d74d8000
61084 d74e0000
61085 d74e8000
61086 d74f0000
61087 d74f8000
61088 d7500000
61089 d7508000
61090 d7510000
61091 d7518000
61092 d7520000
61093 d7528000
61094 d7530000
61095 d7538000
61096 d7540000
61097 d7548000
61098 d7550000
61099 d7558000
61100 d7560000
61101 d7568000
61102 d7570000
61103 d7578000
61104 d7580000
61105 d7588000
61106 d7590000
61107 d7598000
61108 d75a0000
61109 d75a8000
61110 d75b0000
61111 d75b8000
61112 d75c0000
61113 d75c8000
61114 d75d0000
61115 d75d8000
61116 d75e0000
61117 d75e8000
61118 d75f0000
61119 d75f8000
61120 d7600000
61121 d7608000
61122 d7610000
61123 d7618000
61124 d7620000
61125 d7628000
61126 d7630000
61127 d7638000
61128 d7640000
61129 d7648000
61130 d7650000
61131 d7658000
61132 d7660000
61133 d7668000
61134 d7670000
61135 d7678000
61136 d7680000
61137 d7688000
61138 d7690000
61139 d7698000
61140 d76a0000
61141 d76a8000
61142 d76b0000
61143 d76b8000
61144 d76c0000
61145 d76c8000
61146 d76d0000
61147 d76d8000
61148 d76e0000
61149 d76e8000
61150 d76f0000
61151 d76f8000
61152 d7700000
61153 d7708000
61154 d7710000
61155 d7718000
61156 d7720000
61157 d7728000
61158 d7730000
61159 d7738000
61160 d7740000
61161 d7748000
61162 d7750000
61163 d7758000
61164 d7760000
61165 d7768000
61166 d7770000
61167 d7778000
61168 d7780000
61169 d7788000
61170 d7790000
61171 d7798000
61172 d77a0000
61173 d77a8000
61174 d77b0000
61175 d77b8000
61176 d77c0000
61177 d77c8000
61178 d77d0000
61179 d77d8000
61180 d77e0000
61181 d77e8000
61182 d77f0000
61183 d77f8000
61184 d7800000
61185 d7808000
61186 d7810000
61187 d7818000
61188 d7820000
61189 d7828000
61190 d7830000
61191 d7838000
61192 d7840000
61193 d7848000
61194 d7850000
61195 d7858000
61196 d7860000
61197 d7868000
61198 d7870000
61199 d7878000
61200 d7880000
61201 d7888000
61202 d7890000
61203 d7898000
61204 d78a0000
61205 d78a8000
61206 d78b0000
61207 d78b8000
61208 d78c0000
61209 d78c8000
61210 d78d0000
61211 d78d8000
61212 d78e0000
61213 d78e8000
61214 d78f0000
61215 d78f8000
61216 d7900000
61217 d7908000
61218 d7910000
61219 d7918000
61220 d7920000
61221 d7928000
61222 d7930000
61223 d7938000
61224 d7940000
61225 d7948000
61226 d7950000
61227 d7958000
61228 d7960000
61229 d7968000
61230 d7970000
61231 d7978000
61232 d7980000
61233 d7988000
61234 d7990000
61235 d7998000
61236 d79a0000
61237 d79a8000
61238 d79b0000
61239 d79b8000
61240 d79c0000
61241 d79c8000
61242 d79d0000
61243 d79d8000
61244 d79e0000
61245 d79e8000
61246 d79f0000
61247 d79f8000
61248 d7a00000
61249 d7a08000
61250 d7a10000
61251 d7a18000
61252 d7a20000
61253 d7a28000
61254 d7a30000
61255 d7a38000
61256 d7a40000
61257 d7a48000
61258 d7a50000
61259 d7a58000
61260 d7a60000
61261 d7a68000
61262 d7a70000
61263 d7a78000
61264 d7a80000
61265 d7a88000
61266 d7a90000
61267 d7a98000
61268 d7aa0000
61269 d7aa8000
61270 d7ab0000
61271 d7ab8000
61272 d7ac0000
61273 d7ac8000
61274 d7ad0000
61275 d7ad8000
61276 d7ae0000
61277 d7ae8000
61278 d7af0000
61279 d7af8000
61280 d7b00000
61281 d7b08000
61282 d7b10000
61283 d7b18000
61284 d7b20000
61285 d7b28000
61286 d7b30000
61287 d7b38000
61288 d7b40000
61289 d7b48000
61290 d7b50000
61291 d7b58000
61292 d7b60000
61293 d7b68000
61294 d7b70000
61295 d7b78000
61296 d7b80000
61297 d7b88000
61298 d7b90000
61299 d7b98000
61300 d7ba0000
61301 d7ba8000
61302 d7bb0000
61303 d7bb8000
61304 d7bc0000
61305 d7bc8000
61306 d7bd0000
61307 d7bd8000
61308 d7be0000
61309 d7be8000
61310 d7bf0000
61311 d7bf8000
61312 d7c00000
61313 d7c08000
61314 d7c10000
61315 d7c18000
61316 d7c20000
61317 d7c28000
61318 d7c30000
61319 d7c38000
61320 d7c40000
61321 d7c48000
61322 d7c50000
61323 d7c58000
61324 d7c60000
61325 d7c68000
61326 d7c70000
61327 d7c78000
61328 d7c80000
61329 d7c88000
61330 d7c90000
61331 d7c98000
61332 d7ca0000
61333 d7ca8000
61334 d7cb0000
61335 d7cb8000
61336 d7cc0000
61337 d7cc8000
61338 d7cd0000
61339 d7cd8000
61340 d7ce0000
61341 d7ce8000
61342 d7cf0000
61343 d7cf8000
61344 d7d00000
61345 d7d08000
61346 d7d10000
61347 d7d18000
61348 d7d20000
61349 d7d28000
61350 d7d30000
61351 d7d38000
61352 d7d40000
61353 d7d48000
61354 d7d50000
61355 d7d58000
61356 d7d60000
61357 d7d68000
61358 d7d70000
61359 d7d78000
61360 d7d80000
61361 d7d88000
61362 d7d90000
61363 d7d98000
61364 d7da0000
61365 d7da8000
61366 d7db0000
61367 d7db8000
61368 d7dc0000
61369 d7dc8000
61370 d7dd0000
61371 d7dd8000
61372 d7de0000
61373 d7de8000
61374 d7df0000
61375 d7df8000
61376 d7e00000
61377 d7e08000
61378 d7e10000
61379 d7e18000
61380 d7e20000
61381 d7e28000
61382 d7e30000
61383 d7e38000
61384 d7e40000
61385 d7e48000
61386 d7e50000
61387 d7e58000
61388 d7e60000
61389 d7e68000
61390 d7e70000
61391 d7e78000
61392 d7e80000
61393 d7e88000
61394 d7e90000
61395 d7e98000
61396 d7ea0000
61397 d7ea8000
61398 d7eb0000
61399 d7eb8000
61400 d7ec0000
61401 d7ec8000
61402 d7ed0000
61403 d7ed8000
61404 d7ee0000
61405 d7ee8000
61406 d7ef0000
61407 d7ef8000
61408 d7f00000
61409 d7f08000
61410 d7f10000
61411 d7f18000
61412 d7f20000
61413 d7f28000
61414 d7f30000
61415 d7f38000
61416 d7f40000
61417 d7f48000
61418 d7f50000
61419 d7f58000
61420 d7f60000
61421 d7f68000
61422 d7f70000
61423 d7f78000
61424 d7f80000
61425 d7f88000
61426 d7f90000
61427 d7f98000
61428 d7fa0000
61429 d7fa8000
61430 d7fb0000
61431 d7fb8000
61432 d7fc0000
61433 d7fc8000
61434 d7fd0000
61435 d7fd8000
61436 d7fe0000
61437 d7fe8000
61438 d7ff0000
61439 d7ff8000
61440 d8000000
61441 d8008000
61442 d8010000
61443 d8018000
61444 d8020000
61445 d8028000
61446 d8030000
61447 d8038000
61448 d8040000
61449 d8048000
61450 d8050000
61451 d8058000
61452 d8060000
61453 d8068000
61454 d8070000
61455 d8078000
61456 d8080000
61457 d8088000
61458 d8090000
61459 d8098000
61460 d80a0000
61461 d80a8000
61462 d80b0000
61463 d80b8000
61464 d80c0000
61465 d80c8000
61466 d80d0000
61467 d80d8000
61468 d80e0000
61469 d80e8000
61470 d80f0000
61471 d80f8000
61472 d8100000
61473 d8108000
61474 d8110000
61475 d8118000
61476 d8120000
61477 d8128000
61478 d8130000
61479 d8138000
61480 d8140000
61481 d8148000
61482 d8150000
61483 d8158000
61484 d8160000
61485 d8168000
61486 d8170000
61487 d8178000
61488 d8180000
61489 d8188000
61490 d8190000
61491 d8198000
61492 d81a0000
61493 d81a8000
61494 d81b0000
61495 d81b8000
61496 d81c0000
61497 d81c8000
61498 d81d0000
61499 d81d8000
61500 d81e0000
61501 d81e8000
61502 d81f0000
61503 d81f8000
61504 d8200000
61505 d8208000
61506 d8210000
61507 d8218000
61508 d8220000
61509 d8228000
61510 d8230000
61511 d8238000
61512 d8240000
61513 d8248000
61514 d8250000
61515 d8258000
61516 d8260000
61517 d8268000
61518 d8270000
61519 d8278000
61520 d8280000
61521 d8288000
61522 d8290000
61523 d8298000
61524 d82a0000
61525 d82a8000
61526 d82b0000
61527 d82b8000
61528 d82c0000
61529 d82c8000
61530 d82d0000
61531 d82d8000
61532 d82e0000
61533 d82e8000
61534 d82f0000
61535 d82f8000
61536 d8300000
61537 d8308000
61538 d8310000
61539 d8318000
61540 d8320000
61541 d8328000
61542 d8330000
61543 d8338000
61544 d8340000
61545 d8348000
61546 d8350000
61547 d8358000
61548 d8360000
61549 d8368000
61550 d8370000
61551 d8378000
61552 d8380000
61553 d8388000
61554 d8390000
61555 d8398000
61556 d83a0000
61557 d83a8000
61558 d83b0000
61559 d83b8000
61560 d83c0000
61561 d83c8000
61562 d83d0000
61563 d83d8000
61564 d83e0000
61565 d83e8000
61566 d83f0000
61567 d83f8000
61568 d8400000
61569 d8408000
61570 d8410000
61571 d8418000
61572 d8420000
61573 d8428000
61574 d8430000
61575 d8438000
61576 d8440000
61577 d8448000
61578 d8450000
61579 d8458000
61580 d8460000
61581 d8468000
61582 d8470000
61583 d8478000
61584 d8480000
61585 d8488000
61586 d8490000
61587 d8498000
61588 d84a0000
61589 d84a8000
61590 d84b0000
61591 d84b8000
61592 d84c0000
61593 d84c8000
61594 d84d0000
61595 d84d8000
61596 d84e0000
61597 d84e8000
61598 d84f0000
61599 d84f8000
61600 d8500000
61601 d8508000
61602 d8510000
61603 d8518000
61604 d8520000
61605 d8528000
61606 d8530000
61607 d8538000
61608 d8540000
61609 d8548000
61610 d8550000
61611 d8558000
61612 d8560000
61613 d8568000
61614 d8570000
61615 d8578000
61616 d8580000
61617 d8588000
61618 d8590000
61619 d8598000
61620 d85a0000
61621 d85a8000
61622 d85b0000
61623 d85b8000
61624 d85c0000
61625 d85c8000
61626 d85d0000
61627 d85d8000
61628 d85e0000
61629 d85e8000
61630 d85f0000
61631 d85f8000
61632 d8600000
61633 d8608000
61634 d8610000
61635 d8618000
61636 d8620000
61637 d8628000
61638 d8630000
61639 d8638000
61640 d8640000
61641 d8648000
61642 d8650000
61643 d8658000
61644 d8660000
61645 d8668000
61646 d8670000
61647 d8678000
61648 d8680000
61649 d8688000
61650 d8690000
61651 d8698000
61652 d86a0000
61653 d86a8000
61654 d86b0000
61655 d86b8000
61656 d86c0000
61657 d86c8000
61658 d86d0000
61659 d86d8000
61660 d86e0000
61661 d86e8000
61662 d86f0000
61663 d86f8000
61664 d8700000
61665 d8708000
61666 d8710000
61667 d8718000
61668 d8720000
61669 d8728000
61670 d8730000
61671 d8738000
61672 d8740000
61673 d8748000
61674 d8750000
61675 d8758000
61676 d8760000
61677 d8768000
61678 d8770000
61679 d8778000
61680 d8780000
61681 d8788000
61682 d8790000
61683 d8798000
61684 d87a0000
61685 d87a8000
61686 d87b0000
61687 d87b8000
61688 d87c0000
61689 d87c8000
61690 d87d0000
61691 d87d8000
61692 d87e0000
61693 d87e8000
61694 d87f0000
61695 d87f8000
61696 d8800000
61697 d8808000
61698 d8810000
61699 d8818000
61700 d8820000
61701 d8828000
61702 d8830000
61703 d8838000
61704 d8840000
61705 d8848000
61706 d8850000
61707 d8858000
61708 d8860000
61709 d8868000
61710 d8870000
61711 d8878000
61712 d8880000
61713 d8888000
61714 d8890000
61715 d8898000
61716 d88a0000
61717 d88a8000
61718 d88b0000
61719 d88b8000
61720 d88c0000
61721 d88c8000
61722 d88d0000
61723 d88d8000
61724 d88e0000
61725 d88e8000
61726 d88f0000
61727 d88f8000
61728 d8900000
61729 d8908000
61730 d8910000
61731 d8918000
61732 d8920000
61733 d8928000
61734 d8930000
61735 d8938000
61736 d8940000
61737 d8948000
61738 d8950000
61739 d8958000
61740 d8960000
61741 d8968000
61742 d8970000
61743 d8978000
61744 d8980000
61745 d8988000
61746 d8990000
61747 d8998000
61748 d89a0000
61749 d89a8000
61750 d89b0000
61751 d89b8000
61752 d89c0000
61753 d89c8000
61754 d89d0000
61755 d89d8000
61756 d89e0000
61757 d89e8000
61758 d89f0000
61759 d89f8000
61760 d8a00000
61761 d8a08000
61762 d8a10000
61763 d8a18000
61764 d8a20000
61765 d8a28000
61766 d8a30000
61767 d8a38000
61768 d8a40000
61769 d8a48000
61770 d8a50000
61771 d8a58000
61772 d8a60000
61773 d8a68000
61774 d8a70000
61775 d8a78000
61776 d8a80000
61777 d8a88000
61778 d8a90000
61779 d8a98000
61780 d8aa0000
61781 d8aa8000
61782 d8ab0000
61783 d8ab8000
61784 d8ac0000
61785 d8ac8000
61786 d8ad0000
61787 d8ad8000
61788 d8ae0000
61789 d8ae8000
61790 d8af0000
61791 d8af8000
61792 d8b00000
61793 d8b08000
61794 d8b10000
61795 d8b18000
61796 d8b20000
61797 d8b28000
61798 d8b30000
61799 d8b38000
61800 d8b40000
61801 d8b48000
61802 d8b50000
61803 d8b58000
61804 d8b60000
61805 d8b68000
61806 d8b70000
61807 d8b78000
61808 d8b80000
61809 d8b88000
61810 d8b90000
61811 d8b98000
61812 d8ba0000
61813 d8ba8000
61814 d8bb0000
61815 d8bb8000
61816 d8bc0000
61817 d8bc8000
61818 d8bd0000
61819 d8bd8000
61820 d8be0000
61821 d8be8000
61822 d8bf0000
61823 d8bf8000
61824 d8c00000
61825 d8c08000
61826 d8c10000
61827 d8c18000
61828 d8c20000
61829 d8c28000
61830 d8c30000
61831 d8c38000
61832 d8c40000
61833 d8c48000
61834 d8c50000
61835 d8c58000
61836 d8c60000
61837 d8c68000
61838 d8c70000
61839 d8c78000
61840 d8c80000
61841 d8c88000
61842 d8c90000
61843 d8c98000
61844 d8ca0000
61845 d8ca8000
61846 d8cb0000
61847 d8cb8000
61848 d8cc0000
61849 d8cc8000
61850 d8cd0000
61851 d8cd8000
61852 d8ce0000
61853 d8ce8000
61854 d8cf0000
61855 d8cf8000
61856 d8d00000
61857 d8d08000
61858 d8d10000
61859 d8d18000
61860 d8d20000
61861 d8d28000
61862 d8d30000
61863 d8d38000
61864 d8d40000
61865 d8d48000
61866 d8d50000
61867 d8d58000
61868 d8d60000
61869 d8d68000
61870 d8d70000
61871 d8d78000
61872 d8d80000
61873 d8d88000
61874 d8d90000
61875 d8d98000
61876 d8da0000
61877 d8da8000
61878 d8db0000
61879 d8db8000
61880 d8dc0000
61881 d8dc8000
61882 d8dd0000
61883 d8dd8000
61884 d8de0000
61885 d8de8000
61886 d8df0000
61887 d8df8000
61888 d8e00000
61889 d8e08000
61890 d8e10000
61891 d8e18000
61892 d8e20000
61893 d8e28000
61894 d8e30000
61895 d8e38000
61896 d8e40000
61897 d8e48000
61898 d8e50000
61899 d8e58000
61900 d8e60000
61901 d8e68000
61902 d8e70000
61903 d8e78000
61904 d8e80000
61905 d8e88000
61906 d8e90000
61907 d8e98000
61908 d8ea0000
61909 d8ea8000
61910 d8eb0000
61911 d8eb8000
61912 d8ec0000
61913 d8ec8000
61914 d8ed0000
61915 d8ed8000
61916 d8ee0000
61917 d8ee8000
61918 d8ef0000
61919 d8ef8000
61920 d8f00000
61921 d8f08000
61922 d8f10000
61923 d8f18000
61924 d8f20000
61925 d8f28000
61926 d8f30000
61927 d8f38000
61928 d8f40000
61929 d8f48000
61930 d8f50000
61931 d8f58000
61932 d8f60000
61933 d8f68000
61934 d8f70000
61935 d8f78000
61936 d8f80000
61937 d8f88000
61938 d8f90000
61939 d8f98000
61940 d8fa0000
61941 d8fa8000
61942 d8fb0000
61943 d8fb8000
61944 d8fc0000
61945 d8fc8000
61946 d8fd0000
61947 d8fd8000
61948 d8fe0000
61949 d8fe8000
61950 d8ff0000
61951 d8ff8000
61952 d9000000
61953 d9008000
61954 d9010000
61955 d9018000
61956 d9020000
61957 d9028000
61958 d9030000
61959 d9038000
61960 d9040000
61961 d9048000
61962 d9050000
61963 d9058000
61964 d9060000
61965 d9068000
61966 d9070000
61967 d9078000
61968 d9080000
61969 d9088000
61970 d9090000
61971 d9098000
61972 d90a0000
61973 d90a8000
61974 d90b0000
61975 d90b8000
61976 d90c0000
61977 d90c8000
61978 d90d0000
61979 d90d8000
61980 d90e0000
61981 d90e8000
61982 d90f0000
61983 d90f8000
61984 d9100000
61985 d9108000
61986 d9110000
61987 d9118000
61988 d9120000
61989 d9128000
61990 d9130000
61991 d9138000
61992 d9140000
61993 d9148000
61994 d9150000
61995 d9158000
61996 d9160000
61997 d9168000
61998 d9170000
61999 d9178000
62000 d9180000
62001 d9188000
62002 d9190000
62003 d9198000
62004 d91a0000
62005 d91a8000
62006 d91b0000
62007 d91b8000
62008 d91c0000
62009 d91c8000
62010 d91d0000
62011 d91d8000
62012 d91e0000
62013 d91e8000
62014 d91f0000
62015 d91f8000
62016 d9200000
62017 d9208000
62018 d9210000
62019 d9218000
62020 d9220000
62021 d9228000
62022 d9230000
62023 d9238000
62024 d9240000
62025 d9248000
62026 d9250000
62027 d9258000
62028 d9260000
62029 d9268000
62030 d9270000
62031 d9278000
62032 d9280000
62033 d9288000
62034 d9290000
62035 d9298000
62036 d92a0000
62037 d92a8000
62038 d92b0000
62039 d92b8000
62040 d92c0000
62041 d92c8000
62042 d92d0000
62043 d92d8000
62044 d92e0000
62045 d92e8000
62046 d92f0000
62047 d92f8000
62048 d9300000
62049 d9308000
62050 d9310000
62051 d9318000
62052 d9320000
62053 d9328000
62054 d9330000
62055 d9338000
62056 d9340000
62057 d9348000
62058 d9350000
62059 d9358000
62060 d9360000
62061 d9368000
62062 d9370000
62063 d9378000
62064 d9380000
62065 d9388000
62066 d9390000
62067 d9398000
62068 d93a0000
62069 d93a8000
62070 d93b0000
62071 d93b8000
62072 d93c0000
62073 d93c8000
62074 d93d0000
62075 d93d8000
62076 d93e0000
62077 d93e8000
62078 d93f0000
62079 d93f8000
62080 d9400000
62081 d9408000
62082 d9410000
62083 d9418000
62084 d9420000
62085 d9428000
62086 d9430000
62087 d9438000
62088 d9440000
62089 d9448000
62090 d9450000
62091 d9458000
62092 d9460000
62093 d9468000
62094 d9470000
62095 d9478000
62096 d9480000
62097 d9488000
62098 d9490000
62099 d9498000
62100 d94a0000
62101 d94a8000
62102 d94b0000
62103 d94b8000
62104 d94c0000
62105 d94c8000
62106 d94d0000
62107 d94d8000
62108 d94e0000
62109 d94e8000
62110 d94f0000
62111 d94f8000
62112 d9500000
62113 d9508000
62114 d9510000
62115 d9518000
62116 d9520000
62117 d9528000
62118 d9530000
62119 d9538000
62120 d9540000
62121 d9548000
62122 d9550000
62123 d9558000
62124 d9560000
62125 d9568000
62126 d9570000
62127 d9578000
62128 d9580000
62129 d9588000
62130 d9590000
62131 d9598000
62132 d95a0000
62133 d95a8000
62134 d95b0000
62135 d95b8000
62136 d95c0000
62137 d95c8000
62138 d95d0000
62139 d95d8000
62140 d95e0000
62141 d95e8000
62142 d95f0000
62143 d95f8000
62144 d9600000
62145 d9608000
62146 d9610000
62147 d9618000
62148 d9620000
62149 d9628000
62150 d9630000
62151 d9638000
62152 d9640000
62153 d9648000
62154 d9650000
62155 d9658000
62156 d9660000
62157 d9668000
62158 d9670000
62159 d9678000
62160 d9680000
62161 d9688000
62162 d9690000
62163 d9698000
62164 d96a0000
62165 d96a8000
62166 d96b0000
62167 d96b8000
62168 d96c0000
62169 d96c8000
62170 d96d0000
62171 d96d8000
62172 d96e0000
62173 d96e8000
62174 d96f0000
62175 d96f8000
62176 d9700000
62177 d9708000
62178 d9710000
62179 d9718000
62180 d9720000
62181 d9728000
62182 d9730000
62183 d9738000
62184 d9740000
62185 d9748000
62186 d9750000
62187 d9758000
62188 d9760000
62189 d9768000
62190 d9770000
62191 d9778000
62192 d9780000
62193 d9788000
62194 d9790000
62195 d9798000
62196 d97a0000
62197 d97a8000
62198 d97b0000
62199 d97b8000
62200 d97c0000
62201 d97c8000
62202 d97d0000
62203 d97d8000
62204 d97e0000
62205 d97e8000
62206 d97f0000
62207 d97f8000
62208 d9800000
62209 d9808000
62210 d9810000
62211 d9818000
62212 d9820000
62213 d9828000
62214 d9830000
62215 d9838000
62216 d9840000
62217 d9848000
62218 d9850000
62219 d9858000
62220 d9860000
62221 d9868000
62222 d9870000
62223 d9878000
62224 d9880000
62225 d9888000
62226 d9890000
62227 d9898000
62228 d98a0000
62229 d98a8000
62230 d98b0000
62231 d98b8000
62232 d98c0000
62233 d98c8000
62234 d98d0000
62235 d98d8000
62236 d98e0000
62237 d98e8000
62238 d98f0000
62239 d98f8000
62240 d9900000
62241 d9908000
62242 d9910000
62243 d9918000
62244 d9920000
62245 d9928000
62246 d9930000
62247 d9938000
62248 d9940000
62249 d9948000
62250 d9950000
62251 d9958000
62252 d9960000
62253 d9968000
62254 d9970000
62255 d9978000
62256 d9980000
62257 d9988000
62258 d9990000
62259 d9998000
62260 d99a0000
62261 d99a8000
62262 d99b0000
62263 d99b8000
62264 d99c0000
62265 d99c8000
62266 d99d0000
62267 d99d8000
62268 d99e0000
62269 d99e8000
62270 d99f0000
62271 d99f8000
62272 d9a00000
62273 d9a08000
62274 d9a10000
62275 d9a18000
62276 d9a20000
62277 d9a28000
62278 d9a30000
62279 d9a38000
62280 d9a40000
62281 d9a48000
62282 d9a50000
62283 d9a58000
62284 d9a60000
62285 d9a68000
62286 d9a70000
62287 d9a78000
62288 d9a80000
62289 d9a88000
62290 d9a90000
62291 d9a98000
62292 d9aa0000
62293 d9aa8000
62294 d9ab0000
62295 d9ab8000
62296 d9ac0000
62297 d9ac8000
62298 d9ad0000
62299 d9ad8000
62300 d9ae0000
62301 d9ae8000
62302 d9af0000
62303 d9af8000
62304 d9b00000
62305 d9b08000
62306 d9b10000
62307 d9b18000
62308 d9b20000
62309 d9b28000
62310 d9b30000
62311 d9b38000
62312 d9b40000
62313 d9b48000
62314 d9b50000
62315 d9b58000
62316 d9b60000
62317 d9b68000
62318 d9b70000
62319 d9b78000
62320 d9b80000
62321 d9b88000
62322 d9b90000
62323 d9b98000
62324 d9ba0000
62325 d9ba8000
62326 d9bb0000
62327 d9bb8000
62328 d9bc0000
62329 d9bc8000
62330 d9bd0000
62331 d9bd8000
62332 d9be0000
62333 d9be8000
62334 d9bf0000
62335 d9bf8000
62336 d9c00000
62337 d9c08000
62338 d9c10000
62339 d9c18000
62340 d9c20000
62341 d9c28000
62342 d9c30000
62343 d9c38000
62344 d9c40000
62345 d9c48000
62346 d9c50000
62347 d9c58000
62348 d9c60000
62349 d9c68000
62350 d9c70000
62351 d9c78000
62352 d9c80000
62353 d9c88000
62354 d9c90000
62355 d9c98000
62356 d9ca0000
62357 d9ca8000
62358 d9cb0000
62359 d9cb8000
62360 d9cc0000
62361 d9cc8000
62362 d9cd0000
62363 d9cd8000
62364 d9ce0000
62365 d9ce8000
62366 d9cf0000
62367 d9cf8000
62368 d9d00000
62369 d9d08000
62370 d9d10000
62371 d9d18000
62372 d9d20000
62373 d9d28000
62374 d9d30000
62375 d9d38000
62376 d9d40000
62377 d9d48000
62378 d9d50000
62379 d9d58000
62380 d9d60000
62381 d9d68000
62382 d9d70000
62383 d9d78000
62384 d9d80000
62385 d9d88000
62386 d9d90000
62387 d9d98000
62388 d9da0000
62389 d9da8000
62390 d9db0000
62391 d9db8000
62392 d9dc0000
62393 d9dc8000
62394 d9dd0000
62395 d9dd8000
62396 d9de0000
62397 d9de8000
62398 d9df0000
62399 d9df8000
62400 d9e00000
62401 d9e08000
62402 d9e10000
62403 d9e18000
62404 d9e20000
62405 d9e28000
62406 d9e30000
62407 d9e38000
62408 d9e40000
62409 d9e48000
62410 d9e50000
62411 d9e58000
62412 d9e60000
62413 d9e68000
62414 d9e70000
62415 d9e78000
62416 d9e80000
62417 d9e88000
62418 d9e90000
62419 d9e98000
62420 d9ea0000
62421 d9ea8000
62422 d9eb0000
62423 d9eb8000
62424 d9ec0000
62425 d9ec8000
62426 d9ed0000
62427 d9ed8000
62428 d9ee0000
62429 d9ee8000
62430 d9ef0000
62431 d9ef8000
62432 d9f00000
62433 d9f08000
62434 d9f10000
62435 d9f18000
62436 d9f20000
62437 d9f28000
62438 d9f30000
62439 d9f38000
62440 d9f40000
62441 d9f48000
62442 d9f50000
62443 d9f58000
62444 d9f60000
62445 d9f68000
62446 d9f70000
62447 d9f78000
62448 d9f80000
62449 d9f88000
62450 d9f90000
62451 d9f98000
62452 d9fa0000
62453 d9fa8000
62454 d9fb0000
62455 d9fb8000
62456 d9fc0000
62457 d9fc8000
62458 d9fd0000
62459 d9fd8000
62460 d9fe0000
62461 d9fe8000
62462 d9ff0000
62463 d9ff8000
62464 da000000
62465 da008000
62466 da010000
62467 da018000
62468 da020000
62469 da028000
62470 da030000
62471 da038000
62472 da040000
62473 da048000
62474 da050000
62475 da058000
62476 da060000
62477 da068000
62478 da070000
62479 da078000
62480 da080000
62481 da088000
62482 da090000
62483 da098000
62484 da0a0000
62485 da0a8000
62486 da0b0000
62487 da0b8000
62488 da0c0000
62489 da0c8000
62490 da0d0000
62491 da0d8000
62492 da0e0000
62493 da0e8000
62494 da0f0000
62495 da0f8000
62496 da100000
62497 da108000
62498 da110000
62499 da118000
62500 da120000
62501 da128000
62502 da130000
62503 da138000
62504 da140000
62505 da148000
62506 da150000
62507 da158000
62508 da160000
62509 da168000
62510 da170000
62511 da178000
62512 da180000
62513 da188000
62514 da190000
62515 da198000
62516 da1a0000
62517 da1a8000
62518 da1b0000
62519 da1b8000
62520 da1c0000
62521 da1c8000
62522 da1d0000
62523 da1d8000
62524 da1e0000
62525 da1e8000
62526 da1f0000
62527 da1f8000
62528 da200000
62529 da208000
62530 da210000
62531 da218000
62532 da220000
62533 da228000
62534 da230000
62535 da238000
62536 da240000
62537 da248000
62538 da250000
62539 da258000
62540 da260000
62541 da268000
62542 da270000
62543 da278000
62544 da280000
62545 da288000
62546 da290000
62547 da298000
62548 da2a0000
62549 da2a8000
62550 da2b0000
62551 da2b8000
62552 da2c0000
62553 da2c8000
62554 da2d0000
62555 da2d8000
62556 da2e0000
62557 da2e8000
62558 da2f0000
62559 da2f8000
62560 da300000
62561 da308000
62562 da310000
62563 da318000
62564 da320000
62565 da328000
62566 da330000
62567 da338000
62568 da340000
62569 da348000
62570 da350000
62571 da358000
62572 da360000
62573 da368000
62574 da370000
62575 da378000
62576 da380000
62577 da388000
62578 da390000
62579 da398000
62580 da3a0000
62581 da3a8000
62582 da3b0000
62583 da3b8000
62584 da3c0000
62585 da3c8000
62586 da3d0000
62587 da3d8000
62588 da3e0000
62589 da3e8000
62590 da3f0000
62591 da3f8000
62592 da400000
62593 da408000
62594 da410000
62595 da418000
62596 da420000
62597 da428000
62598 da430000
62599 da438000
62600 da440000
62601 da448000
62602 da450000
62603 da458000
62604 da460000
62605 da468000
62606 da470000
62607 da478000
62608 da480000
62609 da488000
62610 da490000
62611 da498000
62612 da4a0000
62613 da4a8000
62614 da4b0000
62615 da4b8000
62616 da4c0000
62617 da4c8000
62618 da4d0000
62619 da4d8000
62620 da4e0000
62621 da4e8000
62622 da4f0000
62623 da4f8000
62624 da500000
62625 da508000
62626 da510000
62627 da518000
62628 da520000
62629 da528000
62630 da530000
62631 da538000
62632 da540000
62633 da548000
62634 da550000
62635 da558000
62636 da560000
62637 da568000
62638 da570000
62639 da578000
62640 da580000
62641 da588000
62642 da590000
62643 da598000
62644 da5a0000
62645 da5a8000
62646 da5b0000
62647 da5b8000
62648 da5c0000
62649 da5c8000
62650 da5d0000
62651 da5d8000
62652 da5e0000
62653 da5e8000
62654 da5f0000
62655 da5f8000
62656 da600000
62657 da608000
62658 da610000
62659 da618000
62660 da620000
62661 da628000
62662 da630000
62663 da638000
62664 da640000
62665 da648000
62666 da650000
62667 da658000
62668 da660000
62669 da668000
62670 da670000
62671 da678000
62672 da680000
62673 da688000
62674 da690000
62675 da698000
62676 da6a0000
62677 da6a8000
62678 da6b0000
62679 da6b8000
62680 da6c0000
62681 da6c8000
62682 da6d0000
62683 da6d8000
62684 da6e0000
62685 da6e8000
62686 da6f0000
62687 da6f8000
62688 da700000
62689 da708000
62690 da710000
62691 da718000
62692 da720000
62693 da728000
62694 da730000
62695 da738000
62696 da740000
62697 da748000
62698 da750000
62699 da758000
62700 da760000
62701 da768000
62702 da770000
62703 da778000
62704 da780000
62705 da788000
62706 da790000
62707 da798000
62708 da7a0000
62709 da7a8000
62710 da7b0000
62711 da7b8000
62712 da7c0000
62713 da7c8000
62714 da7d0000
62715 da7d8000
62716 da7e0000
62717 da7e8000
62718 da7f0000
62719 da7f8000
62720 da800000
62721 da808000
62722 da810000
62723 da818000
62724 da820000
62725 da828000
62726 da830000
62727 da838000
62728 da840000
62729 da848000
62730 da850000
62731 da858000
62732 da860000
62733 da868000
62734 da870000
62735 da878000
62736 da880000
62737 da888000
62738 da890000
62739 da898000
62740 da8a0000
62741 da8a8000
62742 da8b0000
62743 da8b8000
62744 da8c0000
62745 da8c8000
62746 da8d0000
62747 da8d8000
62748 da8e0000
62749 da8e8000
62750 da8f0000
62751 da8f8000
62752 da900000
62753 da908000
62754 da910000
62755 da918000
62756 da920000
62757 da928000
62758 da930000
62759 da938000
62760 da940000
62761 da948000
62762 da950000
62763 da958000
62764 da960000
62765 da968000
62766 da970000
62767 da978000
62768 da980000
62769 da988000
62770 da990000
62771 da998000
62772 da9a0000
62773 da9a8000
62774 da9b0000
62775 da9b8000
62776 da9c0000
62777 da9c8000
62778 da9d0000
62779 da9d8000
62780 da9e0000
62781 da9e8000
62782 da9f0000
62783 da9f8000
62784 daa00000
62785 daa08000
62786 daa10000
62787 daa18000
62788 daa20000
62789 daa28000
62790 daa30000
62791 daa38000
62792 daa40000
62793 daa48000
62794 daa50000
62795 daa58000
62796 daa60000
62797 daa68000
62798 daa70000
62799 daa78000
62800 daa80000
62801 daa88000
62802 daa90000
62803 daa98000
62804 daaa0000
62805 daaa8000
62806 daab0000
62807 daab8000
62808 daac0000
62809 daac8000
62810 daad0000
62811 daad8000
62812 daae0000
62813 daae8000
62814 daaf0000
62815 daaf8000
62816 dab00000
62817 dab08000
62818 dab10000
62819 dab18000
62820 dab20000
62821 dab28000
62822 dab30000
62823 dab38000
62824 dab40000
62825 dab48000
62826 dab50000
62827 dab58000
62828 dab60000
62829 dab68000
62830 dab70000
62831 dab78000
62832 dab80000
62833 dab88000
62834 dab90000
62835 dab98000
62836 daba0000
62837 daba8000
62838 dabb0000
62839 dabb8000
62840 dabc0000
62841 dabc8000
62842 dabd0000
62843 dabd8000
62844 dabe0000
62845 dabe8000
62846 dabf0000
62847 dabf8000
62848 dac00000
62849 dac08000
62850 dac10000
62851 dac18000
62852 dac20000
62853 dac28000
62854 dac30000
62855 dac38000
62856 dac40000
62857 dac48000
62858 dac50000
62859 dac58000
62860 dac60000
62861 dac68000
62862 dac70000
62863 dac78000
62864 dac80000
62865 dac88000
62866 dac90000
62867 dac98000
62868 daca0000
62869 daca8000
62870 dacb0000
62871 dacb8000
62872 dacc0000
62873 dacc8000
62874 dacd0000
62875 dacd8000
62876 dace0000
62877 dace8000
62878 dacf0000
62879 dacf8000
62880 dad00000
62881 dad08000
62882 dad10000
62883 dad18000
62884 dad20000
62885 dad28000
62886 dad30000
62887 dad38000
62888 dad40000
62889 dad48000
62890 dad50000
62891 dad58000
62892 dad60000
62893 dad68000
62894 dad70000
62895 dad78000
62896 dad80000
62897 dad88000
62898 dad90000
62899 dad98000
62900 dada0000
62901 dada8000
62902 dadb0000
62903 dadb8000
62904 dadc0000
62905 dadc8000
62906 dadd0000
62907 dadd8000
62908 dade0000
62909 dade8000
62910 dadf0000
62911 dadf8000
62912 dae00000
62913 dae08000
62914 dae10000
62915 dae18000
62916 dae20000
62917 dae28000
62918 dae30000
62919 dae38000
62920 dae40000
62921 dae48000
62922 dae50000
62923 dae58000
62924 dae60000
62925 dae68000
62926 dae70000
62927 dae78000
62928 dae80000
62929 dae88000
62930 dae90000
62931 dae98000
62932 daea0000
62933 daea8000
62934 daeb0000
62935 daeb8000
62936 daec0000
62937 daec8000
62938 daed0000
62939 daed8000
62940 daee0000
62941 daee8000
62942 daef0000
62943 daef8000
62944 daf00000
62945 daf08000
62946 daf10000
62947 daf18000
62948 daf20000
62949 daf28000
62950 daf30000
62951 daf38000
62952 daf40000
62953 daf48000
62954 daf50000
62955 daf58000
62956 daf60000
62957 daf68000
62958 daf70000
62959 daf78000
62960 daf80000
62961 daf88000
62962 daf90000
62963 daf98000
62964 dafa0000
62965 dafa8000
62966 dafb0000
62967 dafb8000
62968 dafc0000
62969 dafc8000
62970 dafd0000
62971 dafd8000
62972 dafe0000
62973 dafe8000
62974 daff0000
62975 daff8000
62976 db000000
62977 db008000
62978 db010000
62979 db018000
62980 db020000
62981 db028000
62982 db030000
62983 db038000
62984 db040000
62985 db048000
62986 db050000
62987 db058000
62988 db060000
62989 db068000
62990 db070000
62991 db078000
62992 db080000
62993 db088000
62994 db090000
62995 db098000
62996 db0a0000
62997 db0a8000
62998 db0b0000
62999 db0b8000
63000 db0c0000
63001 db0c8000
63002 db0d0000
63003 db0d8000
63004 db0e0000
63005 db0e8000
63006 db0f0000
63007 db0f8000
63008 db100000
63009 db108000
63010 db110000
63011 db118000
63012 db120000
63013 db128000
63014 db130000
63015 db138000
63016 db140000
63017 db148000
63018 db150000
63019 db158000
63020 db160000
63021 db168000
63022 db170000
63023 db178000
63024 db180000
63025 db188000
63026 db190000
63027 db198000
63028 db1a0000
63029 db1a8000
63030 db1b0000
63031 db1b8000
63032 db1c0000
63033 db1c8000
63034 db1d0000
63035 db1d8000
63036 db1e0000
63037 db1e8000
63038 db1f0000
63039 db1f8000
63040 db200000
63041 db208000
63042 db210000
63043 db218000
63044 db220000
63045 db228000
63046 db230000
63047 db238000
63048 db240000
63049 db248000
63050 db250000
63051 db258000
63052 db260000
63053 db268000
63054 db270000
63055 db278000
63056 db280000
63057 db288000
63058 db290000
63059 db298000
63060 db2a0000
63061 db2a8000
63062 db2b0000
63063 db2b8000
63064 db2c0000
63065 db2c8000
63066 db2d0000
63067 db2d8000
63068 db2e0000
63069 db2e8000
63070 db2f0000
63071 db2f8000
63072 db300000
63073 db308000
63074 db310000
63075 db318000
63076 db320000
63077 db328000
63078 db330000
63079 db338000
63080 db340000
63081 db348000
63082 db350000
63083 db358000
63084 db360000
63085 db368000
63086 db370000
63087 db378000
63088 db380000
63089 db388000
63090 db390000
63091 db398000
63092 db3a0000
63093 db3a8000
63094 db3b0000
63095 db3b8000
63096 db3c0000
63097 db3c8000
63098 db3d0000
63099 db3d8000
63100 db3e0000
63101 db3e8000
63102 db3f0000
63103 db3f8000
63104 db400000
63105 db408000
63106 db410000
63107 db418000
63108 db420000
63109 db428000
63110 db430000
63111 db438000
63112 db440000
63113 db448000
63114 db450000
63115 db458000
63116 db460000
63117 db468000
63118 db470000
63119 db478000
63120 db480000
63121 db488000
63122 db490000
63123 db498000
63124 db4a0000
63125 db4a8000
63126 db4b0000
63127 db4b8000
63128 db4c0000
63129 db4c8000
63130 db4d0000
63131 db4d8000
63132 db4e0000
63133 db4e8000
63134 db4f0000
63135 db4f8000
63136 db500000
63137 db508000
63138 db510000
63139 db518000
63140 db520000
63141 db528000
63142 db530000
63143 db538000
63144 db540000
63145 db548000
63146 db550000
63147 db558000
63148 db560000
63149 db568000
63150 db570000
63151 db578000
63152 db580000
63153 db588000
63154 db590000
63155 db598000
63156 db5a0000
63157 db5a8000
63158 db5b0000
63159 db5b8000
63160 db5c0000
63161 db5c8000
63162 db5d0000
63163 db5d8000
63164 db5e0000
63165 db5e8000
63166 db5f0000
63167 db5f8000
63168 db600000
63169 db608000
63170 db610000
63171 db618000
63172 db620000
63173 db628000
63174 db630000
63175 db638000
63176 db640000
63177 db648000
63178 db650000
63179 db658000
63180 db660000
63181 db668000
63182 db670000
63183 db678000
63184 db680000
63185 db688000
63186 db690000
63187 db698000
63188 db6a0000
63189 db6a8000
63190 db6b0000
63191 db6b8000
63192 db6c0000
63193 db6c8000
63194 db6d0000
63195 db6d8000
63196 db6e0000
63197 db6e8000
63198 db6f0000
63199 db6f8000
63200 db700000
63201 db708000
63202 db710000
63203 db718000
63204 db720000
63205 db728000
63206 db730000
63207 db738000
63208 db740000
63209 db748000
63210 db750000
63211 db758000
63212 db760000
63213 db768000
63214 db770000
63215 db778000
63216 db780000
63217 db788000
63218 db790000
63219 db798000
63220 db7a0000
63221 db7a8000
63222 db7b0000
63223 db7b8000
63224 db7c0000
63225 db7c8000
63226 db7d0000
63227 db7d8000
63228 db7e0000
63229 db7e8000
63230 db7f0000
63231 db7f8000
63232 db800000
63233 db808000
63234 db810000
63235 db818000
63236 db820000
63237 db828000
63238 db830000
63239 db838000
63240 db840000
63241 db848000
63242 db850000
63243 db858000
63244 db860000
63245 db868000
63246 db870000
63247 db878000
63248 db880000
63249 db888000
63250 db890000
63251 db898000
63252 db8a0000
63253 db8a8000
63254 db8b0000
63255 db8b8000
63256 db8c0000
63257 db8c8000
63258 db8d0000
63259 db8d8000
63260 db8e0000
63261 db8e8000
63262 db8f0000
63263 db8f8000
63264 db900000
63265 db908000
63266 db910000
63267 db918000
63268 db920000
63269 db928000
63270 db930000
63271 db938000
63272 db940000
63273 db948000
63274 db950000
63275 db958000
63276 db960000
63277 db968000
63278 db970000
63279 db978000
63280 db980000
63281 db988000
63282 db990000
63283 db998000
63284 db9a0000
63285 db9a8000
63286 db9b0000
63287 db9b8000
63288 db9c0000
63289 db9c8000
63290 db9d0000
63291 db9d8000
63292 db9e0000
63293 db9e8000
63294 db9f0000
63295 db9f8000
63296 dba00000
63297 dba08000
63298 dba10000
63299 dba18000
63300 dba20000
63301 dba28000
63302 dba30000
63303 dba38000
63304 dba40000
63305 dba48000
63306 dba50000
63307 dba58000
63308 dba60000
63309 dba68000
63310 dba70000
63311 dba78000
63312 dba80000
63313 dba88000
63314 dba90000
63315 dba98000
63316 dbaa0000
63317 dbaa8000
63318 dbab0000
63319 dbab8000
63320 dbac0000
63321 dbac8000
63322 dbad0000
63323 dbad8000
63324 dbae0000
63325 dbae8000
63326 dbaf0000
63327 dbaf8000
63328 dbb00000
63329 dbb08000
63330 dbb10000
63331 dbb18000
63332 dbb20000
63333 dbb28000
63334 dbb30000
63335 dbb38000
63336 dbb40000
63337 dbb48000
63338 dbb50000
63339 dbb58000
63340 dbb60000
63341 dbb68000
63342 dbb70000
63343 dbb78000
63344 dbb80000
63345 dbb88000
63346 dbb90000
63347 dbb98000
63348 dbba0000
63349 dbba8000
63350 dbbb0000
63351 dbbb8000
63352 dbbc0000
63353 dbbc8000
63354 dbbd0000
63355 dbbd8000
63356 dbbe0000
63357 dbbe8000
63358 dbbf0000
63359 dbbf8000
63360 dbc00000
63361 dbc08000
63362 dbc10000
63363 dbc18000
63364 dbc20000
63365 dbc28000
63366 dbc30000
63367 dbc38000
63368 dbc40000
63369 dbc48000
63370 dbc50000
63371 dbc58000
63372 dbc60000
63373 dbc68000
63374 dbc70000
63375 dbc78000
63376 dbc80000
63377 dbc88000
63378 dbc90000
63379 dbc98000
63380 dbca0000
63381 dbca8000
63382 dbcb0000
63383 dbcb8000
63384 dbcc0000
63385 dbcc8000
63386 dbcd0000
63387 dbcd8000
63388 dbce0000
63389 dbce8000
63390 dbcf0000
63391 dbcf8000
63392 dbd00000
63393 dbd08000
63394 dbd10000
63395 dbd18000
63396 dbd20000
63397 dbd28000
63398 dbd30000
63399 dbd38000
63400 dbd40000
63401 dbd48000
63402 dbd50000
63403 dbd58000
63404 dbd60000
63405 dbd68000
63406 dbd70000
63407 dbd78000
63408 dbd80000
63409 dbd88000
63410 dbd90000
63411 dbd98000
63412 dbda0000
63413 dbda8000
63414 dbdb0000
63415 dbdb8000
63416 dbdc0000
63417 dbdc8000
63418 dbdd0000
63419 dbdd8000
63420 dbde0000
63421 dbde8000
63422 dbdf0000
63423 dbdf8000
63424 dbe00000
63425 dbe08000
63426 dbe10000
63427 dbe18000
63428 dbe20000
63429 dbe28000
63430 dbe30000
63431 dbe38000
63432 dbe40000
63433 dbe48000
63434 dbe50000
63435 dbe58000
63436 dbe60000
63437 dbe68000
63438 dbe70000
63439 dbe78000
63440 dbe80000
63441 dbe88000
63442 dbe90000
63443 dbe98000
63444 dbea0000
63445 dbea8000
63446 dbeb0000
63447 dbeb8000
63448 dbec0000
63449 dbec8000
63450 dbed0000
63451 dbed8000
63452 dbee0000
63453 dbee8000
63454 dbef0000
63455 dbef8000
63456 dbf00000
63457 dbf08000
63458 dbf10000
63459 dbf18000
63460 dbf20000
63461 dbf28000
63462 dbf30000
63463 dbf38000
63464 dbf40000
63465 dbf48000
63466 dbf50000
63467 dbf58000
63468 dbf60000
63469 dbf68000
63470 dbf70000
63471 dbf78000
63472 dbf80000
63473 dbf88000
63474 dbf90000
63475 dbf98000
63476 dbfa0000
63477 dbfa8000
63478 dbfb0000
63479 dbfb8000
63480 dbfc0000
63481 dbfc8000
63482 dbfd0000
63483 dbfd8000
63484 dbfe0000
63485 dbfe8000
63486 dbff0000
63487 dbff8000
63488 dc000000
63489 dc008000
63490 dc010000
63491 dc018000
63492 dc020000
63493 dc028000
63494 dc030000
63495 dc038000
63496 dc040000
63497 dc048000
63498 dc050000
63499 dc058000
63500 dc060000
63501 dc068000
63502 dc070000
63503 dc078000
63504 dc080000
63505 dc088000
63506 dc090000
63507 dc098000
63508 dc0a0000
63509 dc0a8000
63510 dc0b0000
63511 dc0b8000
63512 dc0c0000
63513 dc0c8000
63514 dc0d0000
63515 dc0d8000
63516 dc0e0000
63517 dc0e8000
63518 dc0f0000
63519 dc0f8000
63520 dc100000
63521 dc108000
63522 dc110000
63523 dc118000
63524 dc120000
63525 dc128000
63526 dc130000
63527 dc138000
63528 dc140000
63529 dc148000
63530 dc150000
63531 dc158000
63532 dc160000
63533 dc168000
63534 dc170000
63535 dc178000
63536 dc180000
63537 dc188000
63538 dc190000
63539 dc198000
63540 dc1a0000
63541 dc1a8000
63542 dc1b0000
63543 dc1b8000
63544 dc1c0000
63545 dc1c8000
63546 dc1d0000
63547 dc1d8000
63548 dc1e0000
63549 dc1e8000
63550 dc1f0000
63551 dc1f8000
63552 dc200000
63553 dc208000
63554 dc210000
63555 dc218000
63556 dc220000
63557 dc228000
63558 dc230000
63559 dc238000
63560 dc240000
63561 dc248000
63562 dc250000
63563 dc258000
63564 dc260000
63565 dc268000
63566 dc270000
63567 dc278000
63568 dc280000
63569 dc288000
63570 dc290000
63571 dc298000
63572 dc2a0000
63573 dc2a8000
63574 dc2b0000
63575 dc2b8000
63576 dc2c0000
63577 dc2c8000
63578 dc2d0000
63579 dc2d8000
63580 dc2e0000
63581 dc2e8000
63582 dc2f0000
63583 dc2f8000
63584 dc300000
63585 dc308000
63586 dc310000
63587 dc318000
63588 dc320000
63589 dc328000
63590 dc330000
63591 dc338000
63592 dc340000
63593 dc348000
63594 dc350000
63595 dc358000
63596 dc360000
63597 dc368000
63598 dc370000
63599 dc378000
63600 dc380000
63601 dc388000
63602 dc390000
63603 dc398000
63604 dc3a0000
63605 dc3a8000
63606 dc3b0000
63607 dc3b8000
63608 dc3c0000
63609 dc3c8000
63610 dc3d0000
63611 dc3d8000
63612 dc3e0000
63613 dc3e8000
63614 dc3f0000
63615 dc3f8000
63616 dc400000
63617 dc408000
63618 dc410000
63619 dc418000
63620 dc420000
63621 dc428000
63622 dc430000
63623 dc438000
63624 dc440000
63625 dc448000
63626 dc450000
63627 dc458000
63628 dc460000
63629 dc468000
63630 dc470000
63631 dc478000
63632 dc480000
63633 dc488000
63634 dc490000
63635 dc498000
63636 dc4a0000
63637 dc4a8000
63638 dc4b0000
63639 dc4b8000
63640 dc4c0000
63641 dc4c8000
63642 dc4d0000
63643 dc4d8000
63644 dc4e0000
63645 dc4e8000
63646 dc4f0000
63647 dc4f8000
63648 dc500000
63649 dc508000
63650 dc510000
63651 dc518000
63652 dc520000
63653 dc528000
63654 dc530000
63655 dc538000
63656 dc540000
63657 dc548000
63658 dc550000
63659 dc558000
63660 dc560000
63661 dc568000
63662 dc570000
63663 dc578000
63664 dc580000
63665 dc588000
63666 dc590000
63667 dc598000
63668 dc5a0000
63669 dc5a8000
63670 dc5b0000
63671 dc5b8000
63672 dc5c0000
63673 dc5c8000
63674 dc5d0000
63675 dc5d8000
63676 dc5e0000
63677 dc5e8000
63678 dc5f0000
63679 dc5f8000
63680 dc600000
63681 dc608000
63682 dc610000
63683 dc618000
63684 dc620000
63685 dc628000
63686 dc630000
63687 dc638000
63688 dc640000
63689 dc648000
63690 dc650000
63691 dc658000
63692 dc660000
63693 dc668000
63694 dc670000
63695 dc678000
63696 dc680000
63697 dc688000
63698 dc690000
63699 dc698000
63700 dc6a0000
63701 dc6a8000
63702 dc6b0000
63703 dc6b8000
63704 dc6c0000
63705 dc6c8000
63706 dc6d0000
63707 dc6d8000
63708 dc6e0000
63709 dc6e8000
63710 dc6f0000
63711 dc6f8000
63712 dc700000
63713 dc708000
63714 dc710000
63715 dc718000
63716 dc720000
63717 dc728000
63718 dc730000
63719 dc738000
63720 dc740000
63721 dc748000
63722 dc750000
63723 dc758000
63724 dc760000
63725 dc768000
63726 dc770000
63727 dc778000
63728 dc780000
63729 dc788000
63730 dc790000
63731 dc798000
63732 dc7a0000
63733 dc7a8000
63734 dc7b0000
63735 dc7b8000
63736 dc7c0000
63737 dc7c8000
63738 dc7d0000
63739 dc7d8000
63740 dc7e0000
63741 dc7e8000
63742 dc7f0000
63743 dc7f8000
63744 dc800000
63745 dc808000
63746 dc810000
63747 dc818000
63748 dc820000
63749 dc828000
63750 dc830000
63751 dc838000
63752 dc840000
63753 dc848000
63754 dc850000
63755 dc858000
63756 dc860000
63757 dc868000
63758 dc870000
63759 dc878000
63760 dc880000
63761 dc888000
63762 dc890000
63763 dc898000
63764 dc8a0000
63765 dc8a8000
63766 dc8b0000
63767 dc8b8000
63768 dc8c0000
63769 dc8c8000
63770 dc8d0000
63771 dc8d8000
63772 dc8e0000
63773 dc8e8000
63774 dc8f0000
63775 dc8f8000
63776 dc900000
63777 dc908000
63778 dc910000
63779 dc918000
63780 dc920000
63781 dc928000
63782 dc930000
63783 dc938000
63784 dc940000
63785 dc948000
63786 dc950000
63787 dc958000
63788 dc960000
63789 dc968000
63790 dc970000
63791 dc978000
63792 dc980000
63793 dc988000
63794 dc990000
63795 dc998000
63796 dc9a0000
63797 dc9a8000
63798 dc9b0000
63799 dc9b8000
63800 dc9c0000
63801 dc9c8000
63802 dc9d0000
63803 dc9d8000
63804 dc9e0000
63805 dc9e8000
63806 dc9f0000
63807 dc9f8000
63808 dca00000
63809 dca08000
63810 dca10000
63811 dca18000
63812 dca20000
63813 dca28000
63814 dca30000
63815 dca38000
63816 dca40000
63817 dca48000
63818 dca50000
63819 dca58000
63820 dca60000
63821 dca68000
63822 dca70000
63823 dca78000
63824 dca80000
63825 dca88000
63826 dca90000
63827 dca98000
63828 dcaa0000
63829 dcaa8000
63830 dcab0000
63831 dcab8000
63832 dcac0000
63833 dcac8000
63834 dcad0000
63835 dcad8000
63836 dcae0000
63837 dcae8000
63838 dcaf0000
63839 dcaf8000
63840 dcb00000
63841 dcb08000
63842 dcb10000
63843 dcb18000
63844 dcb20000
63845 dcb28000
63846 dcb30000
63847 dcb38000
63848 dcb40000
63849 dcb48000
63850 dcb50000
63851 dcb58000
63852 dcb60000
63853 dcb68000
63854 dcb70000
63855 dcb78000
63856 dcb80000
63857 dcb88000
63858 dcb90000
63859 dcb98000
63860 dcba0000
63861 dcba8000
63862 dcbb0000
63863 dcbb8000
63864 dcbc0000
63865 dcbc8000
63866 dcbd0000
63867 dcbd8000
63868 dcbe0000
63869 dcbe8000
63870 dcbf0000
63871 dcbf8000
63872 dcc00000
63873 dcc08000
63874 dcc10000
63875 dcc18000
63876 dcc20000
63877 dcc28000
63878 dcc30000
63879 dcc38000
63880 dcc40000
63881 dcc48000
63882 dcc50000
63883 dcc58000
63884 dcc60000
63885 dcc68000
63886 dcc70000
63887 dcc78000
63888 dcc80000
63889 dcc88000
63890 dcc90000
63891 dcc98000
63892 dcca0000
63893 dcca8000
63894 dccb0000
63895 dccb8000
63896 dccc0000
63897 dccc8000
63898 dccd0000
63899 dccd8000
63900 dcce0000
63901 dcce8000
63902 dccf0000
63903 dccf8000
63904 dcd00000
63905 dcd08000
63906 dcd10000
63907 dcd18000
63908 dcd20000
63909 dcd28000
63910 dcd30000
63911 dcd38000
63912 dcd40000
63913 dcd48000
63914 dcd50000
63915 dcd58000
63916 dcd60000
63917 dcd68000
63918 dcd70000
63919 dcd78000
63920 dcd80000
63921 dcd88000
63922 dcd90000
63923 dcd98000
63924 dcda0000
63925 dcda8000
63926 dcdb0000
63927 dcdb8000
63928 dcdc0000
63929 dcdc8000
63930 dcdd0000
63931 dcdd8000
63932 dcde0000
63933 dcde8000
63934 dcdf0000
63935 dcdf8000
63936 dce00000
63937 dce08000
63938 dce10000
63939 dce18000
63940 dce20000
63941 dce28000
63942 dce30000
63943 dce38000
63944 dce40000
63945 dce48000
63946 dce50000
63947 dce58000
63948 dce60000
63949 dce68000
63950 dce70000
63951 dce78000
63952 dce80000
63953 dce88000
63954 dce90000
63955 dce98000
63956 dcea0000
63957 dcea8000
63958 dceb0000
63959 dceb8000
63960 dcec0000
63961 dcec8000
63962 dced0000
63963 dced8000
63964 dcee0000
63965 dcee8000
63966 dcef0000
63967 dcef8000
63968 dcf00000
63969 dcf08000
63970 dcf10000
63971 dcf18000
63972 dcf20000
63973 dcf28000
63974 dcf30000
63975 dcf38000
63976 dcf40000
63977 dcf48000
63978 dcf50000
63979 dcf58000
63980 dcf60000
63981 dcf68000
63982 dcf70000
63983 dcf78000
63984 dcf80000
63985 dcf88000
63986 dcf90000
63987 dcf98000
63988 dcfa0000
63989 dcfa8000
63990 dcfb0000
63991 dcfb8000
63992 dcfc0000
63993 dcfc8000
63994 dcfd0000
63995 dcfd8000
63996 dcfe0000
63997 dcfe8000
63998 dcff0000
63999 dcff8000
64000 dd000000
64001 dd008000
64002 dd010000
64003 dd018000
64004 dd020000
64005 dd028000
64006 dd030000
64007 dd038000
64008 dd040000
64009 dd048000
64010 dd050000
64011 dd058000
64012 dd060000
64013 dd068000
64014 dd070000
64015 dd078000
64016 dd080000
64017 dd088000
64018 dd090000
64019 dd098000
64020 dd0a0000
64021 dd0a8000
64022 dd0b0000
64023 dd0b8000
64024 dd0c0000
64025 dd0c8000
64026 dd0d0000
64027 dd0d8000
64028 dd0e0000
64029 dd0e8000
64030 dd0f0000
64031 dd0f8000
64032 dd100000
64033 dd108000
64034 dd110000
64035 dd118000
64036 dd120000
64037 dd128000
64038 dd130000
64039 dd138000
64040 dd140000
64041 dd148000
64042 dd150000
64043 dd158000
64044 dd160000
64045 dd168000
64046 dd170000
64047 dd178000
64048 dd180000
64049 dd188000
64050 dd190000
64051 dd198000
64052 dd1a0000
64053 dd1a8000
64054 dd1b0000
64055 dd1b8000
64056 dd1c0000
64057 dd1c8000
64058 dd1d0000
64059 dd1d8000
64060 dd1e0000
64061 dd1e8000
64062 dd1f0000
64063 dd1f8000
64064 dd200000
64065 dd208000
64066 dd210000
64067 dd218000
64068 dd220000
64069 dd228000
64070 dd230000
64071 dd238000
64072 dd240000
64073 dd248000
64074 dd250000
64075 dd258000
64076 dd260000
64077 dd268000
64078 dd270000
64079 dd278000
64080 dd280000
64081 dd288000
64082 dd290000
64083 dd298000
64084 dd2a0000
64085 dd2a8000
64086 dd2b0000
64087 dd2b8000
64088 dd2c0000
64089 dd2c8000
64090 dd2d0000
64091 dd2d8000
64092 dd2e0000
64093 dd2e8000
64094 dd2f0000
64095 dd2f8000
64096 dd300000
64097 dd308000
64098 dd310000
64099 dd318000
64100 dd320000
64101 dd328000
64102 dd330000
64103 dd338000
64104 dd340000
64105 dd348000
64106 dd350000
64107 dd358000
64108 dd360000
64109 dd368000
64110 dd370000
64111 dd378000
64112 dd380000
64113 dd388000
64114 dd390000
64115 dd398000
64116 dd3a0000
64117 dd3a8000
64118 dd3b0000
64119 dd3b8000
64120 dd3c0000
64121 dd3c8000
64122 dd3d0000
64123 dd3d8000
64124 dd3e0000
64125 dd3e8000
64126 dd3f0000
64127 dd3f8000
64128 dd400000
64129 dd408000
64130 dd410000
64131 dd418000
64132 dd420000
64133 dd428000
64134 dd430000
64135 dd438000
64136 dd440000
64137 dd448000
64138 dd450000
64139 dd458000
64140 dd460000
64141 dd468000
64142 dd470000
64143 dd478000
64144 dd480000
64145 dd488000
64146 dd490000
64147 dd498000
64148 dd4a0000
64149 dd4a8000
64150 dd4b0000
64151 dd4b8000
64152 dd4c0000
64153 dd4c8000
64154 dd4d0000
64155 dd4d8000
64156 dd4e0000
64157 dd4e8000
64158 dd4f0000
64159 dd4f8000
64160 dd500000
64161 dd508000
64162 dd510000
64163 dd518000
64164 dd520000
64165 dd528000
64166 dd530000
64167 dd538000
64168 dd540000
64169 dd548000
64170 dd550000
64171 dd558000
64172 dd560000
64173 dd568000
64174 dd570000
64175 dd578000
64176 dd580000
64177 dd588000
64178 dd590000
64179 dd598000
64180 dd5a0000
64181 dd5a8000
64182 dd5b0000
64183 dd5b8000
64184 dd5c0000
64185 dd5c8000
64186 dd5d0000
64187 dd5d8000
64188 dd5e0000
64189 dd5e8000
64190 dd5f0000
64191 dd5f8000
64192 dd600000
64193 dd608000
64194 dd610000
64195 dd618000
64196 dd620000
64197 dd628000
64198 dd630000
64199 dd638000
64200 dd640000
64201 dd648000
64202 dd650000
64203 dd658000
64204 dd660000
64205 dd668000
64206 dd670000
64207 dd678000
64208 dd680000
64209 dd688000
64210 dd690000
64211 dd698000
64212 dd6a0000
64213 dd6a8000
64214 dd6b0000
64215 dd6b8000
64216 dd6c0000
64217 dd6c8000
64218 dd6d0000
64219 dd6d8000
64220 dd6e0000
64221 dd6e8000
64222 dd6f0000
64223 dd6f8000
64224 dd700000
64225 dd708000
64226 dd710000
64227 dd718000
64228 dd720000
64229 dd728000
64230 dd730000
64231 dd738000
64232 dd740000
64233 dd748000
64234 dd750000
64235 dd758000
64236 dd760000
64237 dd768000
64238 dd770000
64239 dd778000
64240 dd780000
64241 dd788000
64242 dd790000
64243 dd798000
64244 dd7a0000
64245 dd7a8000
64246 dd7b0000
64247 dd7b8000
64248 dd7c0000
64249 dd7c8000
64250 dd7d0000
64251 dd7d8000
64252 dd7e0000
64253 dd7e8000
64254 dd7f0000
64255 dd7f8000
64256 dd800000
64257 dd808000
64258 dd810000
64259 dd818000
64260 dd820000
64261 dd828000
64262 dd830000
64263 dd838000
64264 dd840000
64265 dd848000
64266 dd850000
64267 dd858000
64268 dd860000
64269 dd868000
64270 dd870000
64271 dd878000
64272 dd880000
64273 dd888000
64274 dd890000
64275 dd898000
64276 dd8a0000
64277 dd8a8000
64278 dd8b0000
64279 dd8b8000
64280 dd8c0000
64281 dd8c8000
64282 dd8d0000
64283 dd8d8000
64284 dd8e0000
64285 dd8e8000
64286 dd8f0000
64287 dd8f8000
64288 dd900000
64289 dd908000
64290 dd910000
64291 dd918000
64292 dd920000
64293 dd928000
64294 dd930000
64295 dd938000
64296 dd940000
64297 dd948000
64298 dd950000
64299 dd958000
64300 dd960000
64301 dd968000
64302 dd970000
64303 dd978000
64304 dd980000
64305 dd988000
64306 dd990000
64307 dd998000
64308 dd9a0000
64309 dd9a8000
64310 dd9b0000
64311 dd9b8000
64312 dd9c0000
64313 dd9c8000
64314 dd9d0000
64315 dd9d8000
64316 dd9e0000
64317 dd9e8000
64318 dd9f0000
64319 dd9f8000
64320 dda00000
64321 dda08000
64322 dda10000
64323 dda18000
64324 dda20000
64325 dda28000
64326 dda30000
64327 dda38000
64328 dda40000
64329 dda48000
64330 dda50000
64331 dda58000
64332 dda60000
64333 dda68000
64334 dda70000
64335 dda78000
64336 dda80000
64337 dda88000
64338 dda90000
64339 dda98000
64340 ddaa0000
64341 ddaa8000
64342 ddab0000
64343 ddab8000
64344 ddac0000
64345 ddac8000
64346 ddad0000
64347 ddad8000
64348 ddae0000
64349 ddae8000
64350 ddaf0000
64351 ddaf8000
64352 ddb00000
64353 ddb08000
64354 ddb10000
64355 ddb18000
64356 ddb20000
64357 ddb28000
64358 ddb30000
64359 ddb38000
64360 ddb40000
64361 ddb48000
64362 ddb50000
64363 ddb58000
64364 ddb60000
64365 ddb68000
64366 ddb70000
64367 ddb78000
64368 ddb80000
64369 ddb88000
64370 ddb90000
64371 ddb98000
64372 ddba0000
64373 ddba8000
64374 ddbb0000
64375 ddbb8000
64376 ddbc0000
64377 ddbc8000
64378 ddbd0000
64379 ddbd8000
64380 ddbe0000
64381 ddbe8000
64382 ddbf0000
64383 ddbf8000
64384 ddc00000
64385 ddc08000
64386 ddc10000
64387 ddc18000
64388 ddc20000
64389 ddc28000
64390 ddc30000
64391 ddc38000
64392 ddc40000
64393 ddc48000
64394 ddc50000
64395 ddc58000
64396 ddc60000
64397 ddc68000
64398 ddc70000
64399 ddc78000
64400 ddc80000
64401 ddc88000
64402 ddc90000
64403 ddc98000
64404 ddca0000
64405 ddca8000
64406 ddcb0000
64407 ddcb8000
64408 ddcc0000
64409 ddcc8000
64410 ddcd0000
64411 ddcd8000
64412 ddce0000
64413 ddce8000
64414 ddcf0000
64415 ddcf8000
64416 ddd00000
64417 ddd08000
64418 ddd10000
64419 ddd18000
64420 ddd20000
64421 ddd28000
64422 ddd30000
64423 ddd38000
64424 ddd40000
64425 ddd48000
64426 ddd50000
64427 ddd58000
64428 ddd60000
64429 ddd68000
64430 ddd70000
64431 ddd78000
64432 ddd80000
64433 ddd88000
64434 ddd90000
64435 ddd98000
64436 ddda0000
64437 ddda8000
64438 dddb0000
64439 dddb8000
64440 dddc0000
64441 dddc8000
64442 dddd0000
64443 dddd8000
64444 ddde0000
64445 ddde8000
64446 dddf0000
64447 dddf8000
64448 dde00000
64449 dde08000
64450 dde10000
64451 dde18000
64452 dde20000
64453 dde28000
64454 dde30000
64455 dde38000
64456 dde40000
64457 dde48000
64458 dde50000
64459 dde58000
64460 dde60000
64461 dde68000
64462 dde70000
64463 dde78000
64464 dde80000
64465 dde88000
64466 dde90000
64467 dde98000
64468 ddea0000
64469 ddea8000
64470 ddeb0000
64471 ddeb8000
64472 ddec0000
64473 ddec8000
64474 dded0000
64475 dded8000
64476 ddee0000
64477 ddee8000
64478 ddef0000
64479 ddef8000
64480 ddf00000
64481 ddf08000
64482 ddf10000
64483 ddf18000
64484 ddf20000
64485 ddf28000
64486 ddf30000
64487 ddf38000
64488 ddf40000
64489 ddf48000
64490 ddf50000
64491 ddf58000
64492 ddf60000
64493 ddf68000
64494 ddf70000
64495 ddf78000
64496 ddf80000
64497 ddf88000
64498 ddf90000
64499 ddf98000
64500 ddfa0000
64501 ddfa8000
64502 ddfb0000
64503 ddfb8000
64504 ddfc0000
64505 ddfc8000
64506 ddfd0000
64507 ddfd8000
64508 ddfe0000
64509 ddfe8000
64510 ddff0000
64511 ddff8000
64512 de000000
64513 de008000
64514 de010000
64515 de018000
64516 de020000
64517 de028000
64518 de030000
64519 de038000
64520 de040000
64521 de048000
64522 de050000
64523 de058000
64524 de060000
64525 de068000
64526 de070000
64527 de078000
64528 de080000
64529 de088000
64530 de090000
64531 de098000
64532 de0a0000
64533 de0a8000
64534 de0b0000
64535 de0b8000
64536 de0c0000
64537 de0c8000
64538 de0d0000
64539 de0d8000
64540 de0e0000
64541 de0e8000
64542 de0f0000
64543 de0f8000
64544 de100000
64545 de108000
64546 de110000
64547 de118000
64548 de120000
64549 de128000
64550 de130000
64551 de138000
64552 de140000
64553 de148000
64554 de150000
64555 de158000
64556 de160000
64557 de168000
64558 de170000
64559 de178000
64560 de180000
64561 de188000
64562 de190000
64563 de198000
64564 de1a0000
64565 de1a8000
64566 de1b0000
64567 de1b8000
64568 de1c0000
64569 de1c8000
64570 de1d0000
64571 de1d8000
64572 de1e0000
64573 de1e8000
64574 de1f0000
64575 de1f8000
64576 de200000
64577 de208000
64578 de210000
64579 de218000
64580 de220000
64581 de228000
64582 de230000
64583 de238000
64584 de240000
64585 de248000
64586 de250000
64587 de258000
64588 de260000
64589 de268000
64590 de270000
64591 de278000
64592 de280000
64593 de288000
64594 de290000
64595 de298000
64596 de2a0000
64597 de2a8000
64598 de2b0000
64599 de2b8000
64600 de2c0000
64601 de2c8000
64602 de2d0000
64603 de2d8000
64604 de2e0000
64605 de2e8000
64606 de2f0000
64607 de2f8000
64608 de300000
64609 de308000
64610 de310000
64611 de318000
64612 de320000
64613 de328000
64614 de330000
64615 de338000
64616 de340000
64617 de348000
64618 de350000
64619 de358000
64620 de360000
64621 de368000
64622 de370000
64623 de378000
64624 de380000
64625 de388000
64626 de390000
64627 de398000
64628 de3a0000
64629 de3a8000
64630 de3b0000
64631 de3b8000
64632 de3c0000
64633 de3c8000
64634 de3d0000
64635 de3d8000
64636 de3e0000
64637 de3e8000
64638 de3f0000
64639 de3f8000
64640 de400000
64641 de408000
64642 de410000
64643 de418000
64644 de420000
64645 de428000
64646 de430000
64647 de438000
64648 de440000
64649 de448000
64650 de450000
64651 de458000
64652 de460000
64653 de468000
64654 de470000
64655 de478000
64656 de480000
64657 de488000
64658 de490000
64659 de498000
64660 de4a0000
64661 de4a8000
64662 de4b0000
64663 de4b8000
64664 de4c0000
64665 de4c8000
64666 de4d0000
64667 de4d8000
64668 de4e0000
64669 de4e8000
64670 de4f0000
64671 de4f8000
64672 de500000
64673 de508000
64674 de510000
64675 de518000
64676 de520000
64677 de528000
64678 de530000
64679 de538000
64680 de540000
64681 de548000
64682 de550000
64683 de558000
64684 de560000
64685 de568000
64686 de570000
64687 de578000
64688 de580000
64689 de588000
64690 de590000
64691 de598000
64692 de5a0000
64693 de5a8000
64694 de5b0000
64695 de5b8000
64696 de5c0000
64697 de5c8000
64698 de5d0000
64699 de5d8000
64700 de5e0000
64701 de5e8000
64702 de5f0000
64703 de5f8000
64704 de600000
64705 de608000
64706 de610000
64707 de618000
64708 de620000
64709 de628000
64710 de630000
64711 de638000
64712 de640000
64713 de648000
64714 de650000
64715 de658000
64716 de660000
64717 de668000
64718 de670000
64719 de678000
64720 de680000
64721 de688000
64722 de690000
64723 de698000
64724 de6a0000
64725 de6a8000
64726 de6b0000
64727 de6b8000
64728 de6c0000
64729 de6c8000
64730 de6d0000
64731 de6d8000
64732 de6e0000
64733 de6e8000
64734 de6f0000
64735 de6f8000
64736 de700000
64737 de708000
64738 de710000
64739 de718000
64740 de720000
64741 de728000
64742 de730000
64743 de738000
64744 de740000
64745 de748000
64746 de750000
64747 de758000
64748 de760000
64749 de768000
64750 de770000
64751 de778000
64752 de780000
64753 de788000
64754 de790000
64755 de798000
64756 de7a0000
64757 de7a8000
64758 de7b0000
64759 de7b8000
64760 de7c0000
64761 de7c8000
64762 de7d0000
64763 de7d8000
64764 de7e0000
64765 de7e8000
64766 de7f0000
64767 de7f8000
64768 de800000
64769 de808000
64770 de810000
64771 de818000
64772 de820000
64773 de828000
64774 de830000
64775 de838000
64776 de840000
64777 de848000
64778 de850000
64779 de858000
64780 de860000
64781 de868000
64782 de870000
64783 de878000
64784 de880000
64785 de888000
64786 de890000
64787 de898000
64788 de8a0000
64789 de8a8000
64790 de8b0000
64791 de8b8000
64792 de8c0000
64793 de8c8000
64794 de8d0000
64795 de8d8000
64796 de8e0000
64797 de8e8000
64798 de8f0000
64799 de8f8000
64800 de900000
64801 de908000
64802 de910000
64803 de918000
64804 de920000
64805 de928000
64806 de930000
64807 de938000
64808 de940000
64809 de948000
64810 de950000
64811 de958000
64812 de960000
64813 de968000
64814 de970000
64815 de978000
64816 de980000
64817 de988000
64818 de990000
64819 de998000
64820 de9a0000
64821 de9a8000
64822 de9b0000
64823 de9b8000
64824 de9c0000
64825 de9c8000
64826 de9d0000
64827 de9d8000
64828 de9e0000
64829 de9e8000
64830 de9f0000
64831 de9f8000
64832 dea00000
64833 dea08000
64834 dea10000
64835 dea18000
64836 dea20000
64837 dea28000
64838 dea30000
64839 dea38000
64840 dea40000
64841 dea48000
64842 dea50000
64843 dea58000
64844 dea60000
64845 dea68000
64846 dea70000
64847 dea78000
64848 dea80000
64849 dea88000
64850 dea90000
64851 dea98000
64852 deaa0000
64853 deaa8000
64854 deab0000
64855 deab8000
64856 deac0000
64857 deac8000
64858 dead0000
64859 dead8000
64860 deae0000
64861 deae8000
64862 deaf0000
64863 deaf8000
64864 deb00000
64865 deb08000
64866 deb10000
64867 deb18000
64868 deb20000
64869 deb28000
64870 deb30000
64871 deb38000
64872 deb40000
64873 deb48000
64874 deb50000
64875 deb58000
64876 deb60000
64877 deb68000
64878 deb70000
64879 deb78000
64880 deb80000
64881 deb88000
64882 deb90000
64883 deb98000
64884 deba0000
64885 deba8000
64886 debb0000
64887 debb8000
64888 debc0000
64889 debc8000
64890 debd0000
64891 debd8000
64892 debe0000
64893 debe8000
64894 debf0000
64895 debf8000
64896 dec00000
64897 dec08000
64898 dec10000
64899 dec18000
64900 dec20000
64901 dec28000
64902 dec30000
64903 dec38000
64904 dec40000
64905 dec48000
64906 dec50000
64907 dec58000
64908 dec60000
64909 dec68000
64910 dec70000
64911 dec78000
64912 dec80000
64913 dec88000
64914 dec90000
64915 dec98000
64916 deca0000
64917 deca8000
64918 decb0000
64919 decb8000
64920 decc0000
64921 decc8000
64922 decd0000
64923 decd8000
64924 dece0000
64925 dece8000
64926 decf0000
64927 decf8000
64928 ded00000
64929 ded08000
64930 ded10000
64931 ded18000
64932 ded20000
64933 ded28000
64934 ded30000
64935 ded38000
64936 ded40000
64937 ded48000
64938 ded50000
64939 ded58000
64940 ded60000
64941 ded68000
64942 ded70000
64943 ded78000
64944 ded80000
64945 ded88000
64946 ded90000
64947 ded98000
64948 deda0000
64949 deda8000
64950 dedb0000
64951 dedb8000
64952 dedc0000
64953 dedc8000
64954 dedd0000
64955 dedd8000
64956 dede0000
64957 dede8000
64958 dedf0000
64959 dedf8000
64960 dee00000
64961 dee08000
64962 dee10000
64963 dee18000
64964 dee20000
64965 dee28000
64966 dee30000
64967 dee38000
64968 dee40000
64969 dee48000
64970 dee50000
64971 dee58000
64972 dee60000
64973 dee68000
64974 dee70000
64975 dee78000
64976 dee80000
64977 dee88000
64978 dee90000
64979 dee98000
64980 deea0000
64981 deea8000
64982 deeb0000
64983 deeb8000
64984 deec0000
64985 deec8000
64986 deed0000
64987 deed8000
64988 deee0000
64989 deee8000
64990 deef0000
64991 deef8000
64992 def00000
64993 def08000
64994 def10000
64995 def18000
64996 def20000
64997 def28000
64998 def30000
64999 def38000
65000 def40000
65001 def48000
65002 def50000
65003 def58000
65004 def60000
65005 def68000
65006 def70000
65007 def78000
65008 def80000
65009 def88000
65010 def90000
65011 def98000
65012 defa0000
65013 defa8000
65014 defb0000
65015 defb8000
65016 defc0000
65017 defc8000
65018 defd0000
65019 defd8000
65020 defe0000
65021 defe8000
65022 deff0000
65023 deff8000
65024 df000000
65025 df008000
65026 df010000
65027 df018000
65028 df020000
65029 df028000
65030 df030000
65031 df038000
65032 df040000
65033 df048000
65034 df050000
65035 df058000
65036 df060000
65037 df068000
65038 df070000
65039 df078000
65040 df080000
65041 df088000
65042 df090000
65043 df098000
65044 df0a0000
65045 df0a8000
65046 df0b0000
65047 df0b8000
65048 df0c0000
65049 df0c8000
65050 df0d0000
65051 df0d8000
65052 df0e0000
65053 df0e8000
65054 df0f0000
65055 df0f8000
65056 df100000
65057 df108000
65058 df110000
65059 df118000
65060 df120000
65061 df128000
65062 df130000
65063 df138000
65064 df140000
65065 df148000
65066 df150000
65067 df158000
65068 df160000
65069 df168000
65070 df170000
65071 df178000
65072 df180000
65073 df188000
65074 df190000
65075 df198000
65076 df1a0000
65077 df1a8000
65078 df1b0000
65079 df1b8000
65080 df1c0000
65081 df1c8000
65082 df1d0000
65083 df1d8000
65084 df1e0000
65085 df1e8000
65086 df1f0000
65087 df1f8000
65088 df200000
65089 df208000
65090 df210000
65091 df218000
65092 df220000
65093 df228000
65094 df230000
65095 df238000
65096 df240000
65097 df248000
65098 df250000
65099 df258000
65100 df260000
65101 df268000
65102 df270000
65103 df278000
65104 df280000
65105 df288000
65106 df290000
65107 df298000
65108 df2a0000
65109 df2a8000
65110 df2b0000
65111 df2b8000
65112 df2c0000
65113 df2c8000
65114 df2d0000
65115 df2d8000
65116 df2e0000
65117 df2e8000
65118 df2f0000
65119 df2f8000
65120 df300000
65121 df308000
65122 df310000
65123 df318000
65124 df320000
65125 df328000
65126 df330000
65127 df338000
65128 df340000
65129 df348000
65130 df350000
65131 df358000
65132 df360000
65133 df368000
65134 df370000
65135 df378000
65136 df380000
65137 df388000
65138 df390000
65139 df398000
65140 df3a0000
65141 df3a8000
65142 df3b0000
65143 df3b8000
65144 df3c0000
65145 df3c8000
65146 df3d0000
65147 df3d8000
65148 df3e0000
65149 df3e8000
65150 df3f0000
65151 df3f8000
65152 df400000
65153 df408000
65154 df410000
65155 df418000
65156 df420000
65157 df428000
65158 df430000
65159 df438000
65160 df440000
65161 df448000
65162 df450000
65163 df458000
65164 df460000
65165 df468000
65166 df470000
65167 df478000
65168 df480000
65169 df488000
65170 df490000
65171 df498000
65172 df4a0000
65173 df4a8000
65174 df4b0000
65175 df4b8000
65176 df4c0000
65177 df4c8000
65178 df4d0000
65179 df4d8000
65180 df4e0000
65181 df4e8000
65182 df4f0000
65183 df4f8000
65184 df500000
65185 df508000
65186 df510000
65187 df518000
65188 df520000
65189 df528000
65190 df530000
65191 df538000
65192 df540000
65193 df548000
65194 df550000
65195 df558000
65196 df560000
65197 df568000
65198 df570000
65199 df578000
65200 df580000
65201 df588000
65202 df590000
65203 df598000
65204 df5a0000
65205 df5a8000
65206 df5b0000
65207 df5b8000
65208 df5c0000
65209 df5c8000
65210 df5d0000
65211 df5d8000
65212 df5e0000
65213 df5e8000
65214 df5f0000
65215 df5f8000
65216 df600000
65217 df608000
65218 df610000
65219 df618000
65220 df620000
65221 df628000
65222 df630000
65223 df638000
65224 df640000
65225 df648000
65226 df650000
65227 df658000
65228 df660000
65229 df668000
65230 df670000
65231 df678000
65232 df680000
65233 df688000
65234 df690000
65235 df698000
65236 df6a0000
65237 df6a8000
65238 df6b0000
65239 df6b8000
65240 df6c0000
65241 df6c8000
65242 df6d0000
65243 df6d8000
65244 df6e0000
65245 df6e8000
65246 df6f0000
65247 df6f8000
65248 df700000
65249 df708000
65250 df710000
65251 df718000
65252 df720000
65253 df728000
65254 df730000
65255 df738000
65256 df740000
65257 df748000
65258 df750000
65259 df758000
65260 df760000
65261 df768000
65262 df770000
65263 df778000
65264 df780000
65265 df788000
65266 df790000
65267 df798000
65268 df7a0000
65269 df7a8000
65270 df7b0000
65271 df7b8000
65272 df7c0000
65273 df7c8000
65274 df7d0000
65275 df7d8000
65276 df7e0000
65277 df7e8000
65278 df7f0000
65279 df7f8000
65280 df800000
65281 df808000
65282 df810000
65283 df818000
65284 df820000
65285 df828000
65286 df830000
65287 df838000
65288 df840000
65289 df848000
65290 df850000
65291 df858000
65292 df860000
65293 df868000
65294 df870000
65295 df878000
65296 df880000
65297 df888000
65298 df890000
65299 df898000
65300 df8a0000
65301 df8a8000
65302 df8b0000
65303 df8b8000
65304 df8c0000
65305 df8c8000
65306 df8d0000
65307 df8d8000
65308 df8e0000
65309 df8e8000
65310 df8f0000
65311 df8f8000
65312 df900000
65313 df908000
65314 df910000
65315 df918000
65316 df920000
65317 df928000
65318 df930000
65319 df938000
65320 df940000
65321 df948000
65322 df950000
65323 df958000
65324 df960000
65325 df968000
65326 df970000
65327 df978000
65328 df980000
65329 df988000
65330 df990000
65331 df998000
65332 df9a0000
65333 df9a8000
65334 df9b0000
65335 df9b8000
65336 df9c0000
65337 df9c8000
65338 df9d0000
65339 df9d8000
65340 df9e0000
65341 df9e8000
65342 df9f0000
65343 df9f8000
65344 dfa00000
65345 dfa08000
65346 dfa10000
65347 dfa18000
65348 dfa20000
65349 dfa28000
65350 dfa30000
65351 dfa38000
65352 dfa40000
65353 dfa48000
65354 dfa50000
65355 dfa58000
65356 dfa60000
65357 dfa68000
65358 dfa70000
65359 dfa78000
65360 dfa80000
65361 dfa88000
65362 dfa90000
65363 dfa98000
65364 dfaa0000
65365 dfaa8000
65366 dfab0000
65367 dfab8000
65368 dfac0000
65369 dfac8000
65370 dfad0000
65371 dfad8000
65372 dfae0000
65373 dfae8000
65374 dfaf0000
65375 dfaf8000
65376 dfb00000
65377 dfb08000
65378 dfb10000
65379 dfb18000
65380 dfb20000
65381 dfb28000
65382 dfb30000
65383 dfb38000
65384 dfb40000
65385 dfb48000
65386 dfb50000
65387 dfb58000
65388 dfb60000
65389 dfb68000
65390 dfb70000
65391 dfb78000
65392 dfb80000
65393 dfb88000
65394 dfb90000
65395 dfb98000
65396 dfba0000
65397 dfba8000
65398 dfbb0000
65399 dfbb8000
65400 dfbc0000
65401 dfbc8000
65402 dfbd0000
65403 dfbd8000
65404 dfbe0000
65405 dfbe8000
65406 dfbf0000
65407 dfbf8000
65408 dfc00000
65409 dfc08000
65410 dfc10000
65411 dfc18000
65412 dfc20000
65413 dfc28000
65414 dfc30000
65415 dfc38000
65416 dfc40000
65417 dfc48000
65418 dfc50000
65419 dfc58000
65420 dfc60000
65421 dfc68000
65422 dfc70000
65423 dfc78000
65424 dfc80000
65425 dfc88000
65426 dfc90000
65427 dfc98000
65428 dfca0000
65429 dfca8000
65430 dfcb0000
65431 dfcb8000
65432 dfcc0000
65433 dfcc8000
65434 dfcd0000
65435 dfcd8000
65436 dfce0000
65437 dfce8000
65438 dfcf0000
65439 dfcf8000
65440 dfd00000
65441 dfd08000
65442 dfd10000
65443 dfd18000
65444 dfd20000
65445 dfd28000
65446 dfd30000
65447 dfd38000
65448 dfd40000
65449 dfd48000
65450 dfd50000
65451 dfd58000
65452 dfd60000
65453 dfd68000
65454 dfd70000
65455 dfd78000
65456 dfd80000
65457 dfd88000
65458 dfd90000
65459 dfd98000
65460 dfda0000
65461 dfda8000
65462 dfdb0000
65463 dfdb8000
65464 dfdc0000
65465 dfdc8000
65466 dfdd0000
65467 dfdd8000
65468 dfde0000
65469 dfde8000
65470 dfdf0000
65471 dfdf8000
65472 dfe00000
65473 dfe08000
65474 dfe10000
65475 dfe18000
65476 dfe20000
65477 dfe28000
65478 dfe30000
65479 dfe38000
65480 dfe40000
65481 dfe48000
65482 dfe50000
65483 dfe58000
65484 dfe60000
65485 dfe68000
65486 dfe70000
65487 dfe78000
65488 dfe80000
65489 dfe88000
65490 dfe90000
65491 dfe98000
65492 dfea0000
65493 dfea8000
65494 dfeb0000
65495 dfeb8000
65496 dfec0000
65497 dfec8000
65498 dfed0000
65499 dfed8000
65500 dfee0000
65501 dfee8000
65502 dfef0000
65503 dfef8000
65504 dff00000
65505 dff08000
65506 dff10000
65507 dff18000
65508 dff20000
65509 dff28000
65510 dff30000
65511 dff38000
65512 dff40000
65513 dff48000
65514 dff50000
65515 dff58000
65516 dff60000
65517 dff68000
65518 dff70000
65519 dff78000
65520 dff80000
65521 dff88000
65522 dff90000
65523 dff98000
65524 dffa0000
65525 dffa8000
65526 dffb0000
65527 dffb8000
65528 dffc0000
65529 dffc8000
65530 dffd0000
65531 dffd8000
65532 dffe0000
65533 dffe8000
65534 dfff0000
65535 dfff8000
tb_bnf16.v:11: $finish called at 131072000 (1ps)
