0 00000000
1 24800000
2 25800000
3 26800000
4 27800000
5 28000000
6 28800000
7 29000000
8 29800000
9 29c00000
10 2a000000
11 2a400000
12 2a800000
13 2ac00000
14 2b000000
15 2b400000
16 2b800000
17 2ba00000
18 2bc00000
19 2be00000
20 2c000000
21 2c200000
22 2c400000
23 2c600000
24 2c800000
25 2ca00000
26 2cc00000
27 2ce00000
28 2d000000
29 2d200000
30 2d400000
31 2d600000
32 2d800000
33 2d900000
34 2da00000
35 2db00000
36 2dc00000
37 2dd00000
38 2de00000
39 2df00000
40 2e000000
41 2e100000
42 2e200000
43 2e300000
44 2e400000
45 2e500000
46 2e600000
47 2e700000
48 2e800000
49 2e900000
50 2ea00000
51 2eb00000
52 2ec00000
53 2ed00000
54 2ee00000
55 2ef00000
56 2f000000
57 2f100000
58 2f200000
59 2f300000
60 2f400000
61 2f500000
62 2f600000
63 2f700000
64 2f800000
65 2f880000
66 2f900000
67 2f980000
68 2fa00000
69 2fa80000
70 2fb00000
71 2fb80000
72 2fc00000
73 2fc80000
74 2fd00000
75 2fd80000
76 2fe00000
77 2fe80000
78 2ff00000
79 2ff80000
80 30000000
81 30080000
82 30100000
83 30180000
84 30200000
85 30280000
86 30300000
87 30380000
88 30400000
89 30480000
90 30500000
91 30580000
92 30600000
93 30680000
94 30700000
95 30780000
96 30800000
97 30880000
98 30900000
99 30980000
100 30a00000
101 30a80000
102 30b00000
103 30b80000
104 30c00000
105 30c80000
106 30d00000
107 30d80000
108 30e00000
109 30e80000
110 30f00000
111 30f80000
112 31000000
113 31080000
114 31100000
115 31180000
116 31200000
117 31280000
118 31300000
119 31380000
120 31400000
121 31480000
122 31500000
123 31580000
124 31600000
125 31680000
126 31700000
127 31780000
128 31800000
129 31840000
130 31880000
131 318c0000
132 31900000
133 31940000
134 31980000
135 319c0000
136 31a00000
137 31a40000
138 31a80000
139 31ac0000
140 31b00000
141 31b40000
142 31b80000
143 31bc0000
144 31c00000
145 31c40000
146 31c80000
147 31cc0000
148 31d00000
149 31d40000
150 31d80000
151 31dc0000
152 31e00000
153 31e40000
154 31e80000
155 31ec0000
156 31f00000
157 31f40000
158 31f80000
159 31fc0000
160 32000000
161 32040000
162 32080000
163 320c0000
164 32100000
165 32140000
166 32180000
167 321c0000
168 32200000
169 32240000
170 32280000
171 322c0000
172 32300000
173 32340000
174 32380000
175 323c0000
176 32400000
177 32440000
178 32480000
179 324c0000
180 32500000
181 32540000
182 32580000
183 325c0000
184 32600000
185 32640000
186 32680000
187 326c0000
188 32700000
189 32740000
190 32780000
191 327c0000
192 32800000
193 32840000
194 32880000
195 328c0000
196 32900000
197 32940000
198 32980000
199 329c0000
200 32a00000
201 32a40000
202 32a80000
203 32ac0000
204 32b00000
205 32b40000
206 32b80000
207 32bc0000
208 32c00000
209 32c40000
210 32c80000
211 32cc0000
212 32d00000
213 32d40000
214 32d80000
215 32dc0000
216 32e00000
217 32e40000
218 32e80000
219 32ec0000
220 32f00000
221 32f40000
222 32f80000
223 32fc0000
224 33000000
225 33040000
226 33080000
227 330c0000
228 33100000
229 33140000
230 33180000
231 331c0000
232 33200000
233 33240000
234 33280000
235 332c0000
236 33300000
237 33340000
238 33380000
239 333c0000
240 33400000
241 33440000
242 33480000
243 334c0000
244 33500000
245 33540000
246 33580000
247 335c0000
248 33600000
249 33640000
250 33680000
251 336c0000
252 33700000
253 33740000
254 33780000
255 337c0000
256 33800000
257 33820000
258 33840000
259 33860000
260 33880000
261 338a0000
262 338c0000
263 338e0000
264 33900000
265 33920000
266 33940000
267 33960000
268 33980000
269 339a0000
270 339c0000
271 339e0000
272 33a00000
273 33a20000
274 33a40000
275 33a60000
276 33a80000
277 33aa0000
278 33ac0000
279 33ae0000
280 33b00000
281 33b20000
282 33b40000
283 33b60000
284 33b80000
285 33ba0000
286 33bc0000
287 33be0000
288 33c00000
289 33c20000
290 33c40000
291 33c60000
292 33c80000
293 33ca0000
294 33cc0000
295 33ce0000
296 33d00000
297 33d20000
298 33d40000
299 33d60000
300 33d80000
301 33da0000
302 33dc0000
303 33de0000
304 33e00000
305 33e20000
306 33e40000
307 33e60000
308 33e80000
309 33ea0000
310 33ec0000
311 33ee0000
312 33f00000
313 33f20000
314 33f40000
315 33f60000
316 33f80000
317 33fa0000
318 33fc0000
319 33fe0000
320 34000000
321 34020000
322 34040000
323 34060000
324 34080000
325 340a0000
326 340c0000
327 340e0000
328 34100000
329 34120000
330 34140000
331 34160000
332 34180000
333 341a0000
334 341c0000
335 341e0000
336 34200000
337 34220000
338 34240000
339 34260000
340 34280000
341 342a0000
342 342c0000
343 342e0000
344 34300000
345 34320000
346 34340000
347 34360000
348 34380000
349 343a0000
350 343c0000
351 343e0000
352 34400000
353 34420000
354 34440000
355 34460000
356 34480000
357 344a0000
358 344c0000
359 344e0000
360 34500000
361 34520000
362 34540000
363 34560000
364 34580000
365 345a0000
366 345c0000
367 345e0000
368 34600000
369 34620000
370 34640000
371 34660000
372 34680000
373 346a0000
374 346c0000
375 346e0000
376 34700000
377 34720000
378 34740000
379 34760000
380 34780000
381 347a0000
382 347c0000
383 347e0000
384 34800000
385 34820000
386 34840000
387 34860000
388 34880000
389 348a0000
390 348c0000
391 348e0000
392 34900000
393 34920000
394 34940000
395 34960000
396 34980000
397 349a0000
398 349c0000
399 349e0000
400 34a00000
401 34a20000
402 34a40000
403 34a60000
404 34a80000
405 34aa0000
406 34ac0000
407 34ae0000
408 34b00000
409 34b20000
410 34b40000
411 34b60000
412 34b80000
413 34ba0000
414 34bc0000
415 34be0000
416 34c00000
417 34c20000
418 34c40000
419 34c60000
420 34c80000
421 34ca0000
422 34cc0000
423 34ce0000
424 34d00000
425 34d20000
426 34d40000
427 34d60000
428 34d80000
429 34da0000
430 34dc0000
431 34de0000
432 34e00000
433 34e20000
434 34e40000
435 34e60000
436 34e80000
437 34ea0000
438 34ec0000
439 34ee0000
440 34f00000
441 34f20000
442 34f40000
443 34f60000
444 34f80000
445 34fa0000
446 34fc0000
447 34fe0000
448 35000000
449 35020000
450 35040000
451 35060000
452 35080000
453 350a0000
454 350c0000
455 350e0000
456 35100000
457 35120000
458 35140000
459 35160000
460 35180000
461 351a0000
462 351c0000
463 351e0000
464 35200000
465 35220000
466 35240000
467 35260000
468 35280000
469 352a0000
470 352c0000
471 352e0000
472 35300000
473 35320000
474 35340000
475 35360000
476 35380000
477 353a0000
478 353c0000
479 353e0000
480 35400000
481 35420000
482 35440000
483 35460000
484 35480000
485 354a0000
486 354c0000
487 354e0000
488 35500000
489 35520000
490 35540000
491 35560000
492 35580000
493 355a0000
494 355c0000
495 355e0000
496 35600000
497 35620000
498 35640000
499 35660000
500 35680000
501 356a0000
502 356c0000
503 356e0000
504 35700000
505 35720000
506 35740000
507 35760000
508 35780000
509 357a0000
510 357c0000
511 357e0000
512 35800000
513 35810000
514 35820000
515 35830000
516 35840000
517 35850000
518 35860000
519 35870000
520 35880000
521 35890000
522 358a0000
523 358b0000
524 358c0000
525 358d0000
526 358e0000
527 358f0000
528 35900000
529 35910000
530 35920000
531 35930000
532 35940000
533 35950000
534 35960000
535 35970000
536 35980000
537 35990000
538 359a0000
539 359b0000
540 359c0000
541 359d0000
542 359e0000
543 359f0000
544 35a00000
545 35a10000
546 35a20000
547 35a30000
548 35a40000
549 35a50000
550 35a60000
551 35a70000
552 35a80000
553 35a90000
554 35aa0000
555 35ab0000
556 35ac0000
557 35ad0000
558 35ae0000
559 35af0000
560 35b00000
561 35b10000
562 35b20000
563 35b30000
564 35b40000
565 35b50000
566 35b60000
567 35b70000
568 35b80000
569 35b90000
570 35ba0000
571 35bb0000
572 35bc0000
573 35bd0000
574 35be0000
575 35bf0000
576 35c00000
577 35c10000
578 35c20000
579 35c30000
580 35c40000
581 35c50000
582 35c60000
583 35c70000
584 35c80000
585 35c90000
586 35ca0000
587 35cb0000
588 35cc0000
589 35cd0000
590 35ce0000
591 35cf0000
592 35d00000
593 35d10000
594 35d20000
595 35d30000
596 35d40000
597 35d50000
598 35d60000
599 35d70000
600 35d80000
601 35d90000
602 35da0000
603 35db0000
604 35dc0000
605 35dd0000
606 35de0000
607 35df0000
608 35e00000
609 35e10000
610 35e20000
611 35e30000
612 35e40000
613 35e50000
614 35e60000
615 35e70000
616 35e80000
617 35e90000
618 35ea0000
619 35eb0000
620 35ec0000
621 35ed0000
622 35ee0000
623 35ef0000
624 35f00000
625 35f10000
626 35f20000
627 35f30000
628 35f40000
629 35f50000
630 35f60000
631 35f70000
632 35f80000
633 35f90000
634 35fa0000
635 35fb0000
636 35fc0000
637 35fd0000
638 35fe0000
639 35ff0000
640 36000000
641 36010000
642 36020000
643 36030000
644 36040000
645 36050000
646 36060000
647 36070000
648 36080000
649 36090000
650 360a0000
651 360b0000
652 360c0000
653 360d0000
654 360e0000
655 360f0000
656 36100000
657 36110000
658 36120000
659 36130000
660 36140000
661 36150000
662 36160000
663 36170000
664 36180000
665 36190000
666 361a0000
667 361b0000
668 361c0000
669 361d0000
670 361e0000
671 361f0000
672 36200000
673 36210000
674 36220000
675 36230000
676 36240000
677 36250000
678 36260000
679 36270000
680 36280000
681 36290000
682 362a0000
683 362b0000
684 362c0000
685 362d0000
686 362e0000
687 362f0000
688 36300000
689 36310000
690 36320000
691 36330000
692 36340000
693 36350000
694 36360000
695 36370000
696 36380000
697 36390000
698 363a0000
699 363b0000
700 363c0000
701 363d0000
702 363e0000
703 363f0000
704 36400000
705 36410000
706 36420000
707 36430000
708 36440000
709 36450000
710 36460000
711 36470000
712 36480000
713 36490000
714 364a0000
715 364b0000
716 364c0000
717 364d0000
718 364e0000
719 364f0000
720 36500000
721 36510000
722 36520000
723 36530000
724 36540000
725 36550000
726 36560000
727 36570000
728 36580000
729 36590000
730 365a0000
731 365b0000
732 365c0000
733 365d0000
734 365e0000
735 365f0000
736 36600000
737 36610000
738 36620000
739 36630000
740 36640000
741 36650000
742 36660000
743 36670000
744 36680000
745 36690000
746 366a0000
747 366b0000
748 366c0000
749 366d0000
750 366e0000
751 366f0000
752 36700000
753 36710000
754 36720000
755 36730000
756 36740000
757 36750000
758 36760000
759 36770000
760 36780000
761 36790000
762 367a0000
763 367b0000
764 367c0000
765 367d0000
766 367e0000
767 367f0000
768 36800000
769 36810000
770 36820000
771 36830000
772 36840000
773 36850000
774 36860000
775 36870000
776 36880000
777 36890000
778 368a0000
779 368b0000
780 368c0000
781 368d0000
782 368e0000
783 368f0000
784 36900000
785 36910000
786 36920000
787 36930000
788 36940000
789 36950000
790 36960000
791 36970000
792 36980000
793 36990000
794 369a0000
795 369b0000
796 369c0000
797 369d0000
798 369e0000
799 369f0000
800 36a00000
801 36a10000
802 36a20000
803 36a30000
804 36a40000
805 36a50000
806 36a60000
807 36a70000
808 36a80000
809 36a90000
810 36aa0000
811 36ab0000
812 36ac0000
813 36ad0000
814 36ae0000
815 36af0000
816 36b00000
817 36b10000
818 36b20000
819 36b30000
820 36b40000
821 36b50000
822 36b60000
823 36b70000
824 36b80000
825 36b90000
826 36ba0000
827 36bb0000
828 36bc0000
829 36bd0000
830 36be0000
831 36bf0000
832 36c00000
833 36c10000
834 36c20000
835 36c30000
836 36c40000
837 36c50000
838 36c60000
839 36c70000
840 36c80000
841 36c90000
842 36ca0000
843 36cb0000
844 36cc0000
845 36cd0000
846 36ce0000
847 36cf0000
848 36d00000
849 36d10000
850 36d20000
851 36d30000
852 36d40000
853 36d50000
854 36d60000
855 36d70000
856 36d80000
857 36d90000
858 36da0000
859 36db0000
860 36dc0000
861 36dd0000
862 36de0000
863 36df0000
864 36e00000
865 36e10000
866 36e20000
867 36e30000
868 36e40000
869 36e50000
870 36e60000
871 36e70000
872 36e80000
873 36e90000
874 36ea0000
875 36eb0000
876 36ec0000
877 36ed0000
878 36ee0000
879 36ef0000
880 36f00000
881 36f10000
882 36f20000
883 36f30000
884 36f40000
885 36f50000
886 36f60000
887 36f70000
888 36f80000
889 36f90000
890 36fa0000
891 36fb0000
892 36fc0000
893 36fd0000
894 36fe0000
895 36ff0000
896 37000000
897 37010000
898 37020000
899 37030000
900 37040000
901 37050000
902 37060000
903 37070000
904 37080000
905 37090000
906 370a0000
907 370b0000
908 370c0000
909 370d0000
910 370e0000
911 370f0000
912 37100000
913 37110000
914 37120000
915 37130000
916 37140000
917 37150000
918 37160000
919 37170000
920 37180000
921 37190000
922 371a0000
923 371b0000
924 371c0000
925 371d0000
926 371e0000
927 371f0000
928 37200000
929 37210000
930 37220000
931 37230000
932 37240000
933 37250000
934 37260000
935 37270000
936 37280000
937 37290000
938 372a0000
939 372b0000
940 372c0000
941 372d0000
942 372e0000
943 372f0000
944 37300000
945 37310000
946 37320000
947 37330000
948 37340000
949 37350000
950 37360000
951 37370000
952 37380000
953 37390000
954 373a0000
955 373b0000
956 373c0000
957 373d0000
958 373e0000
959 373f0000
960 37400000
961 37410000
962 37420000
963 37430000
964 37440000
965 37450000
966 37460000
967 37470000
968 37480000
969 37490000
970 374a0000
971 374b0000
972 374c0000
973 374d0000
974 374e0000
975 374f0000
976 37500000
977 37510000
978 37520000
979 37530000
980 37540000
981 37550000
982 37560000
983 37570000
984 37580000
985 37590000
986 375a0000
987 375b0000
988 375c0000
989 375d0000
990 375e0000
991 375f0000
992 37600000
993 37610000
994 37620000
995 37630000
996 37640000
997 37650000
998 37660000
999 37670000
1000 37680000
1001 37690000
1002 376a0000
1003 376b0000
1004 376c0000
1005 376d0000
1006 376e0000
1007 376f0000
1008 37700000
1009 37710000
1010 37720000
1011 37730000
1012 37740000
1013 37750000
1014 37760000
1015 37770000
1016 37780000
1017 37790000
1018 377a0000
1019 377b0000
1020 377c0000
1021 377d0000
1022 377e0000
1023 377f0000
1024 37800000
1025 37808000
1026 37810000
1027 37818000
1028 37820000
1029 37828000
1030 37830000
1031 37838000
1032 37840000
1033 37848000
1034 37850000
1035 37858000
1036 37860000
1037 37868000
1038 37870000
1039 37878000
1040 37880000
1041 37888000
1042 37890000
1043 37898000
1044 378a0000
1045 378a8000
1046 378b0000
1047 378b8000
1048 378c0000
1049 378c8000
1050 378d0000
1051 378d8000
1052 378e0000
1053 378e8000
1054 378f0000
1055 378f8000
1056 37900000
1057 37908000
1058 37910000
1059 37918000
1060 37920000
1061 37928000
1062 37930000
1063 37938000
1064 37940000
1065 37948000
1066 37950000
1067 37958000
1068 37960000
1069 37968000
1070 37970000
1071 37978000
1072 37980000
1073 37988000
1074 37990000
1075 37998000
1076 379a0000
1077 379a8000
1078 379b0000
1079 379b8000
1080 379c0000
1081 379c8000
1082 379d0000
1083 379d8000
1084 379e0000
1085 379e8000
1086 379f0000
1087 379f8000
1088 37a00000
1089 37a08000
1090 37a10000
1091 37a18000
1092 37a20000
1093 37a28000
1094 37a30000
1095 37a38000
1096 37a40000
1097 37a48000
1098 37a50000
1099 37a58000
1100 37a60000
1101 37a68000
1102 37a70000
1103 37a78000
1104 37a80000
1105 37a88000
1106 37a90000
1107 37a98000
1108 37aa0000
1109 37aa8000
1110 37ab0000
1111 37ab8000
1112 37ac0000
1113 37ac8000
1114 37ad0000
1115 37ad8000
1116 37ae0000
1117 37ae8000
1118 37af0000
1119 37af8000
1120 37b00000
1121 37b08000
1122 37b10000
1123 37b18000
1124 37b20000
1125 37b28000
1126 37b30000
1127 37b38000
1128 37b40000
1129 37b48000
1130 37b50000
1131 37b58000
1132 37b60000
1133 37b68000
1134 37b70000
1135 37b78000
1136 37b80000
1137 37b88000
1138 37b90000
1139 37b98000
1140 37ba0000
1141 37ba8000
1142 37bb0000
1143 37bb8000
1144 37bc0000
1145 37bc8000
1146 37bd0000
1147 37bd8000
1148 37be0000
1149 37be8000
1150 37bf0000
1151 37bf8000
1152 37c00000
1153 37c08000
1154 37c10000
1155 37c18000
1156 37c20000
1157 37c28000
1158 37c30000
1159 37c38000
1160 37c40000
1161 37c48000
1162 37c50000
1163 37c58000
1164 37c60000
1165 37c68000
1166 37c70000
1167 37c78000
1168 37c80000
1169 37c88000
1170 37c90000
1171 37c98000
1172 37ca0000
1173 37ca8000
1174 37cb0000
1175 37cb8000
1176 37cc0000
1177 37cc8000
1178 37cd0000
1179 37cd8000
1180 37ce0000
1181 37ce8000
1182 37cf0000
1183 37cf8000
1184 37d00000
1185 37d08000
1186 37d10000
1187 37d18000
1188 37d20000
1189 37d28000
1190 37d30000
1191 37d38000
1192 37d40000
1193 37d48000
1194 37d50000
1195 37d58000
1196 37d60000
1197 37d68000
1198 37d70000
1199 37d78000
1200 37d80000
1201 37d88000
1202 37d90000
1203 37d98000
1204 37da0000
1205 37da8000
1206 37db0000
1207 37db8000
1208 37dc0000
1209 37dc8000
1210 37dd0000
1211 37dd8000
1212 37de0000
1213 37de8000
1214 37df0000
1215 37df8000
1216 37e00000
1217 37e08000
1218 37e10000
1219 37e18000
1220 37e20000
1221 37e28000
1222 37e30000
1223 37e38000
1224 37e40000
1225 37e48000
1226 37e50000
1227 37e58000
1228 37e60000
1229 37e68000
1230 37e70000
1231 37e78000
1232 37e80000
1233 37e88000
1234 37e90000
1235 37e98000
1236 37ea0000
1237 37ea8000
1238 37eb0000
1239 37eb8000
1240 37ec0000
1241 37ec8000
1242 37ed0000
1243 37ed8000
1244 37ee0000
1245 37ee8000
1246 37ef0000
1247 37ef8000
1248 37f00000
1249 37f08000
1250 37f10000
1251 37f18000
1252 37f20000
1253 37f28000
1254 37f30000
1255 37f38000
1256 37f40000
1257 37f48000
1258 37f50000
1259 37f58000
1260 37f60000
1261 37f68000
1262 37f70000
1263 37f78000
1264 37f80000
1265 37f88000
1266 37f90000
1267 37f98000
1268 37fa0000
1269 37fa8000
1270 37fb0000
1271 37fb8000
1272 37fc0000
1273 37fc8000
1274 37fd0000
1275 37fd8000
1276 37fe0000
1277 37fe8000
1278 37ff0000
1279 37ff8000
1280 38000000
1281 38008000
1282 38010000
1283 38018000
1284 38020000
1285 38028000
1286 38030000
1287 38038000
1288 38040000
1289 38048000
1290 38050000
1291 38058000
1292 38060000
1293 38068000
1294 38070000
1295 38078000
1296 38080000
1297 38088000
1298 38090000
1299 38098000
1300 380a0000
1301 380a8000
1302 380b0000
1303 380b8000
1304 380c0000
1305 380c8000
1306 380d0000
1307 380d8000
1308 380e0000
1309 380e8000
1310 380f0000
1311 380f8000
1312 38100000
1313 38108000
1314 38110000
1315 38118000
1316 38120000
1317 38128000
1318 38130000
1319 38138000
1320 38140000
1321 38148000
1322 38150000
1323 38158000
1324 38160000
1325 38168000
1326 38170000
1327 38178000
1328 38180000
1329 38188000
1330 38190000
1331 38198000
1332 381a0000
1333 381a8000
1334 381b0000
1335 381b8000
1336 381c0000
1337 381c8000
1338 381d0000
1339 381d8000
1340 381e0000
1341 381e8000
1342 381f0000
1343 381f8000
1344 38200000
1345 38208000
1346 38210000
1347 38218000
1348 38220000
1349 38228000
1350 38230000
1351 38238000
1352 38240000
1353 38248000
1354 38250000
1355 38258000
1356 38260000
1357 38268000
1358 38270000
1359 38278000
1360 38280000
1361 38288000
1362 38290000
1363 38298000
1364 382a0000
1365 382a8000
1366 382b0000
1367 382b8000
1368 382c0000
1369 382c8000
1370 382d0000
1371 382d8000
1372 382e0000
1373 382e8000
1374 382f0000
1375 382f8000
1376 38300000
1377 38308000
1378 38310000
1379 38318000
1380 38320000
1381 38328000
1382 38330000
1383 38338000
1384 38340000
1385 38348000
1386 38350000
1387 38358000
1388 38360000
1389 38368000
1390 38370000
1391 38378000
1392 38380000
1393 38388000
1394 38390000
1395 38398000
1396 383a0000
1397 383a8000
1398 383b0000
1399 383b8000
1400 383c0000
1401 383c8000
1402 383d0000
1403 383d8000
1404 383e0000
1405 383e8000
1406 383f0000
1407 383f8000
1408 38400000
1409 38408000
1410 38410000
1411 38418000
1412 38420000
1413 38428000
1414 38430000
1415 38438000
1416 38440000
1417 38448000
1418 38450000
1419 38458000
1420 38460000
1421 38468000
1422 38470000
1423 38478000
1424 38480000
1425 38488000
1426 38490000
1427 38498000
1428 384a0000
1429 384a8000
1430 384b0000
1431 384b8000
1432 384c0000
1433 384c8000
1434 384d0000
1435 384d8000
1436 384e0000
1437 384e8000
1438 384f0000
1439 384f8000
1440 38500000
1441 38508000
1442 38510000
1443 38518000
1444 38520000
1445 38528000
1446 38530000
1447 38538000
1448 38540000
1449 38548000
1450 38550000
1451 38558000
1452 38560000
1453 38568000
1454 38570000
1455 38578000
1456 38580000
1457 38588000
1458 38590000
1459 38598000
1460 385a0000
1461 385a8000
1462 385b0000
1463 385b8000
1464 385c0000
1465 385c8000
1466 385d0000
1467 385d8000
1468 385e0000
1469 385e8000
1470 385f0000
1471 385f8000
1472 38600000
1473 38608000
1474 38610000
1475 38618000
1476 38620000
1477 38628000
1478 38630000
1479 38638000
1480 38640000
1481 38648000
1482 38650000
1483 38658000
1484 38660000
1485 38668000
1486 38670000
1487 38678000
1488 38680000
1489 38688000
1490 38690000
1491 38698000
1492 386a0000
1493 386a8000
1494 386b0000
1495 386b8000
1496 386c0000
1497 386c8000
1498 386d0000
1499 386d8000
1500 386e0000
1501 386e8000
1502 386f0000
1503 386f8000
1504 38700000
1505 38708000
1506 38710000
1507 38718000
1508 38720000
1509 38728000
1510 38730000
1511 38738000
1512 38740000
1513 38748000
1514 38750000
1515 38758000
1516 38760000
1517 38768000
1518 38770000
1519 38778000
1520 38780000
1521 38788000
1522 38790000
1523 38798000
1524 387a0000
1525 387a8000
1526 387b0000
1527 387b8000
1528 387c0000
1529 387c8000
1530 387d0000
1531 387d8000
1532 387e0000
1533 387e8000
1534 387f0000
1535 387f8000
1536 38800000
1537 38808000
1538 38810000
1539 38818000
1540 38820000
1541 38828000
1542 38830000
1543 38838000
1544 38840000
1545 38848000
1546 38850000
1547 38858000
1548 38860000
1549 38868000
1550 38870000
1551 38878000
1552 38880000
1553 38888000
1554 38890000
1555 38898000
1556 388a0000
1557 388a8000
1558 388b0000
1559 388b8000
1560 388c0000
1561 388c8000
1562 388d0000
1563 388d8000
1564 388e0000
1565 388e8000
1566 388f0000
1567 388f8000
1568 38900000
1569 38908000
1570 38910000
1571 38918000
1572 38920000
1573 38928000
1574 38930000
1575 38938000
1576 38940000
1577 38948000
1578 38950000
1579 38958000
1580 38960000
1581 38968000
1582 38970000
1583 38978000
1584 38980000
1585 38988000
1586 38990000
1587 38998000
1588 389a0000
1589 389a8000
1590 389b0000
1591 389b8000
1592 389c0000
1593 389c8000
1594 389d0000
1595 389d8000
1596 389e0000
1597 389e8000
1598 389f0000
1599 389f8000
1600 38a00000
1601 38a08000
1602 38a10000
1603 38a18000
1604 38a20000
1605 38a28000
1606 38a30000
1607 38a38000
1608 38a40000
1609 38a48000
1610 38a50000
1611 38a58000
1612 38a60000
1613 38a68000
1614 38a70000
1615 38a78000
1616 38a80000
1617 38a88000
1618 38a90000
1619 38a98000
1620 38aa0000
1621 38aa8000
1622 38ab0000
1623 38ab8000
1624 38ac0000
1625 38ac8000
1626 38ad0000
1627 38ad8000
1628 38ae0000
1629 38ae8000
1630 38af0000
1631 38af8000
1632 38b00000
1633 38b08000
1634 38b10000
1635 38b18000
1636 38b20000
1637 38b28000
1638 38b30000
1639 38b38000
1640 38b40000
1641 38b48000
1642 38b50000
1643 38b58000
1644 38b60000
1645 38b68000
1646 38b70000
1647 38b78000
1648 38b80000
1649 38b88000
1650 38b90000
1651 38b98000
1652 38ba0000
1653 38ba8000
1654 38bb0000
1655 38bb8000
1656 38bc0000
1657 38bc8000
1658 38bd0000
1659 38bd8000
1660 38be0000
1661 38be8000
1662 38bf0000
1663 38bf8000
1664 38c00000
1665 38c08000
1666 38c10000
1667 38c18000
1668 38c20000
1669 38c28000
1670 38c30000
1671 38c38000
1672 38c40000
1673 38c48000
1674 38c50000
1675 38c58000
1676 38c60000
1677 38c68000
1678 38c70000
1679 38c78000
1680 38c80000
1681 38c88000
1682 38c90000
1683 38c98000
1684 38ca0000
1685 38ca8000
1686 38cb0000
1687 38cb8000
1688 38cc0000
1689 38cc8000
1690 38cd0000
1691 38cd8000
1692 38ce0000
1693 38ce8000
1694 38cf0000
1695 38cf8000
1696 38d00000
1697 38d08000
1698 38d10000
1699 38d18000
1700 38d20000
1701 38d28000
1702 38d30000
1703 38d38000
1704 38d40000
1705 38d48000
1706 38d50000
1707 38d58000
1708 38d60000
1709 38d68000
1710 38d70000
1711 38d78000
1712 38d80000
1713 38d88000
1714 38d90000
1715 38d98000
1716 38da0000
1717 38da8000
1718 38db0000
1719 38db8000
1720 38dc0000
1721 38dc8000
1722 38dd0000
1723 38dd8000
1724 38de0000
1725 38de8000
1726 38df0000
1727 38df8000
1728 38e00000
1729 38e08000
1730 38e10000
1731 38e18000
1732 38e20000
1733 38e28000
1734 38e30000
1735 38e38000
1736 38e40000
1737 38e48000
1738 38e50000
1739 38e58000
1740 38e60000
1741 38e68000
1742 38e70000
1743 38e78000
1744 38e80000
1745 38e88000
1746 38e90000
1747 38e98000
1748 38ea0000
1749 38ea8000
1750 38eb0000
1751 38eb8000
1752 38ec0000
1753 38ec8000
1754 38ed0000
1755 38ed8000
1756 38ee0000
1757 38ee8000
1758 38ef0000
1759 38ef8000
1760 38f00000
1761 38f08000
1762 38f10000
1763 38f18000
1764 38f20000
1765 38f28000
1766 38f30000
1767 38f38000
1768 38f40000
1769 38f48000
1770 38f50000
1771 38f58000
1772 38f60000
1773 38f68000
1774 38f70000
1775 38f78000
1776 38f80000
1777 38f88000
1778 38f90000
1779 38f98000
1780 38fa0000
1781 38fa8000
1782 38fb0000
1783 38fb8000
1784 38fc0000
1785 38fc8000
1786 38fd0000
1787 38fd8000
1788 38fe0000
1789 38fe8000
1790 38ff0000
1791 38ff8000
1792 39000000
1793 39008000
1794 39010000
1795 39018000
1796 39020000
1797 39028000
1798 39030000
1799 39038000
1800 39040000
1801 39048000
1802 39050000
1803 39058000
1804 39060000
1805 39068000
1806 39070000
1807 39078000
1808 39080000
1809 39088000
1810 39090000
1811 39098000
1812 390a0000
1813 390a8000
1814 390b0000
1815 390b8000
1816 390c0000
1817 390c8000
1818 390d0000
1819 390d8000
1820 390e0000
1821 390e8000
1822 390f0000
1823 390f8000
1824 39100000
1825 39108000
1826 39110000
1827 39118000
1828 39120000
1829 39128000
1830 39130000
1831 39138000
1832 39140000
1833 39148000
1834 39150000
1835 39158000
1836 39160000
1837 39168000
1838 39170000
1839 39178000
1840 39180000
1841 39188000
1842 39190000
1843 39198000
1844 391a0000
1845 391a8000
1846 391b0000
1847 391b8000
1848 391c0000
1849 391c8000
1850 391d0000
1851 391d8000
1852 391e0000
1853 391e8000
1854 391f0000
1855 391f8000
1856 39200000
1857 39208000
1858 39210000
1859 39218000
1860 39220000
1861 39228000
1862 39230000
1863 39238000
1864 39240000
1865 39248000
1866 39250000
1867 39258000
1868 39260000
1869 39268000
1870 39270000
1871 39278000
1872 39280000
1873 39288000
1874 39290000
1875 39298000
1876 392a0000
1877 392a8000
1878 392b0000
1879 392b8000
1880 392c0000
1881 392c8000
1882 392d0000
1883 392d8000
1884 392e0000
1885 392e8000
1886 392f0000
1887 392f8000
1888 39300000
1889 39308000
1890 39310000
1891 39318000
1892 39320000
1893 39328000
1894 39330000
1895 39338000
1896 39340000
1897 39348000
1898 39350000
1899 39358000
1900 39360000
1901 39368000
1902 39370000
1903 39378000
1904 39380000
1905 39388000
1906 39390000
1907 39398000
1908 393a0000
1909 393a8000
1910 393b0000
1911 393b8000
1912 393c0000
1913 393c8000
1914 393d0000
1915 393d8000
1916 393e0000
1917 393e8000
1918 393f0000
1919 393f8000
1920 39400000
1921 39408000
1922 39410000
1923 39418000
1924 39420000
1925 39428000
1926 39430000
1927 39438000
1928 39440000
1929 39448000
1930 39450000
1931 39458000
1932 39460000
1933 39468000
1934 39470000
1935 39478000
1936 39480000
1937 39488000
1938 39490000
1939 39498000
1940 394a0000
1941 394a8000
1942 394b0000
1943 394b8000
1944 394c0000
1945 394c8000
1946 394d0000
1947 394d8000
1948 394e0000
1949 394e8000
1950 394f0000
1951 394f8000
1952 39500000
1953 39508000
1954 39510000
1955 39518000
1956 39520000
1957 39528000
1958 39530000
1959 39538000
1960 39540000
1961 39548000
1962 39550000
1963 39558000
1964 39560000
1965 39568000
1966 39570000
1967 39578000
1968 39580000
1969 39588000
1970 39590000
1971 39598000
1972 395a0000
1973 395a8000
1974 395b0000
1975 395b8000
1976 395c0000
1977 395c8000
1978 395d0000
1979 395d8000
1980 395e0000
1981 395e8000
1982 395f0000
1983 395f8000
1984 39600000
1985 39608000
1986 39610000
1987 39618000
1988 39620000
1989 39628000
1990 39630000
1991 39638000
1992 39640000
1993 39648000
1994 39650000
1995 39658000
1996 39660000
1997 39668000
1998 39670000
1999 39678000
2000 39680000
2001 39688000
2002 39690000
2003 39698000
2004 396a0000
2005 396a8000
2006 396b0000
2007 396b8000
2008 396c0000
2009 396c8000
2010 396d0000
2011 396d8000
2012 396e0000
2013 396e8000
2014 396f0000
2015 396f8000
2016 39700000
2017 39708000
2018 39710000
2019 39718000
2020 39720000
2021 39728000
2022 39730000
2023 39738000
2024 39740000
2025 39748000
2026 39750000
2027 39758000
2028 39760000
2029 39768000
2030 39770000
2031 39778000
2032 39780000
2033 39788000
2034 39790000
2035 39798000
2036 397a0000
2037 397a8000
2038 397b0000
2039 397b8000
2040 397c0000
2041 397c8000
2042 397d0000
2043 397d8000
2044 397e0000
2045 397e8000
2046 397f0000
2047 397f8000
2048 39800000
2049 39804000
2050 39808000
2051 3980c000
2052 39810000
2053 39814000
2054 39818000
2055 3981c000
2056 39820000
2057 39824000
2058 39828000
2059 3982c000
2060 39830000
2061 39834000
2062 39838000
2063 3983c000
2064 39840000
2065 39844000
2066 39848000
2067 3984c000
2068 39850000
2069 39854000
2070 39858000
2071 3985c000
2072 39860000
2073 39864000
2074 39868000
2075 3986c000
2076 39870000
2077 39874000
2078 39878000
2079 3987c000
2080 39880000
2081 39884000
2082 39888000
2083 3988c000
2084 39890000
2085 39894000
2086 39898000
2087 3989c000
2088 398a0000
2089 398a4000
2090 398a8000
2091 398ac000
2092 398b0000
2093 398b4000
2094 398b8000
2095 398bc000
2096 398c0000
2097 398c4000
2098 398c8000
2099 398cc000
2100 398d0000
2101 398d4000
2102 398d8000
2103 398dc000
2104 398e0000
2105 398e4000
2106 398e8000
2107 398ec000
2108 398f0000
2109 398f4000
2110 398f8000
2111 398fc000
2112 39900000
2113 39904000
2114 39908000
2115 3990c000
2116 39910000
2117 39914000
2118 39918000
2119 3991c000
2120 39920000
2121 39924000
2122 39928000
2123 3992c000
2124 39930000
2125 39934000
2126 39938000
2127 3993c000
2128 39940000
2129 39944000
2130 39948000
2131 3994c000
2132 39950000
2133 39954000
2134 39958000
2135 3995c000
2136 39960000
2137 39964000
2138 39968000
2139 3996c000
2140 39970000
2141 39974000
2142 39978000
2143 3997c000
2144 39980000
2145 39984000
2146 39988000
2147 3998c000
2148 39990000
2149 39994000
2150 39998000
2151 3999c000
2152 399a0000
2153 399a4000
2154 399a8000
2155 399ac000
2156 399b0000
2157 399b4000
2158 399b8000
2159 399bc000
2160 399c0000
2161 399c4000
2162 399c8000
2163 399cc000
2164 399d0000
2165 399d4000
2166 399d8000
2167 399dc000
2168 399e0000
2169 399e4000
2170 399e8000
2171 399ec000
2172 399f0000
2173 399f4000
2174 399f8000
2175 399fc000
2176 39a00000
2177 39a04000
2178 39a08000
2179 39a0c000
2180 39a10000
2181 39a14000
2182 39a18000
2183 39a1c000
2184 39a20000
2185 39a24000
2186 39a28000
2187 39a2c000
2188 39a30000
2189 39a34000
2190 39a38000
2191 39a3c000
2192 39a40000
2193 39a44000
2194 39a48000
2195 39a4c000
2196 39a50000
2197 39a54000
2198 39a58000
2199 39a5c000
2200 39a60000
2201 39a64000
2202 39a68000
2203 39a6c000
2204 39a70000
2205 39a74000
2206 39a78000
2207 39a7c000
2208 39a80000
2209 39a84000
2210 39a88000
2211 39a8c000
2212 39a90000
2213 39a94000
2214 39a98000
2215 39a9c000
2216 39aa0000
2217 39aa4000
2218 39aa8000
2219 39aac000
2220 39ab0000
2221 39ab4000
2222 39ab8000
2223 39abc000
2224 39ac0000
2225 39ac4000
2226 39ac8000
2227 39acc000
2228 39ad0000
2229 39ad4000
2230 39ad8000
2231 39adc000
2232 39ae0000
2233 39ae4000
2234 39ae8000
2235 39aec000
2236 39af0000
2237 39af4000
2238 39af8000
2239 39afc000
2240 39b00000
2241 39b04000
2242 39b08000
2243 39b0c000
2244 39b10000
2245 39b14000
2246 39b18000
2247 39b1c000
2248 39b20000
2249 39b24000
2250 39b28000
2251 39b2c000
2252 39b30000
2253 39b34000
2254 39b38000
2255 39b3c000
2256 39b40000
2257 39b44000
2258 39b48000
2259 39b4c000
2260 39b50000
2261 39b54000
2262 39b58000
2263 39b5c000
2264 39b60000
2265 39b64000
2266 39b68000
2267 39b6c000
2268 39b70000
2269 39b74000
2270 39b78000
2271 39b7c000
2272 39b80000
2273 39b84000
2274 39b88000
2275 39b8c000
2276 39b90000
2277 39b94000
2278 39b98000
2279 39b9c000
2280 39ba0000
2281 39ba4000
2282 39ba8000
2283 39bac000
2284 39bb0000
2285 39bb4000
2286 39bb8000
2287 39bbc000
2288 39bc0000
2289 39bc4000
2290 39bc8000
2291 39bcc000
2292 39bd0000
2293 39bd4000
2294 39bd8000
2295 39bdc000
2296 39be0000
2297 39be4000
2298 39be8000
2299 39bec000
2300 39bf0000
2301 39bf4000
2302 39bf8000
2303 39bfc000
2304 39c00000
2305 39c04000
2306 39c08000
2307 39c0c000
2308 39c10000
2309 39c14000
2310 39c18000
2311 39c1c000
2312 39c20000
2313 39c24000
2314 39c28000
2315 39c2c000
2316 39c30000
2317 39c34000
2318 39c38000
2319 39c3c000
2320 39c40000
2321 39c44000
2322 39c48000
2323 39c4c000
2324 39c50000
2325 39c54000
2326 39c58000
2327 39c5c000
2328 39c60000
2329 39c64000
2330 39c68000
2331 39c6c000
2332 39c70000
2333 39c74000
2334 39c78000
2335 39c7c000
2336 39c80000
2337 39c84000
2338 39c88000
2339 39c8c000
2340 39c90000
2341 39c94000
2342 39c98000
2343 39c9c000
2344 39ca0000
2345 39ca4000
2346 39ca8000
2347 39cac000
2348 39cb0000
2349 39cb4000
2350 39cb8000
2351 39cbc000
2352 39cc0000
2353 39cc4000
2354 39cc8000
2355 39ccc000
2356 39cd0000
2357 39cd4000
2358 39cd8000
2359 39cdc000
2360 39ce0000
2361 39ce4000
2362 39ce8000
2363 39cec000
2364 39cf0000
2365 39cf4000
2366 39cf8000
2367 39cfc000
2368 39d00000
2369 39d04000
2370 39d08000
2371 39d0c000
2372 39d10000
2373 39d14000
2374 39d18000
2375 39d1c000
2376 39d20000
2377 39d24000
2378 39d28000
2379 39d2c000
2380 39d30000
2381 39d34000
2382 39d38000
2383 39d3c000
2384 39d40000
2385 39d44000
2386 39d48000
2387 39d4c000
2388 39d50000
2389 39d54000
2390 39d58000
2391 39d5c000
2392 39d60000
2393 39d64000
2394 39d68000
2395 39d6c000
2396 39d70000
2397 39d74000
2398 39d78000
2399 39d7c000
2400 39d80000
2401 39d84000
2402 39d88000
2403 39d8c000
2404 39d90000
2405 39d94000
2406 39d98000
2407 39d9c000
2408 39da0000
2409 39da4000
2410 39da8000
2411 39dac000
2412 39db0000
2413 39db4000
2414 39db8000
2415 39dbc000
2416 39dc0000
2417 39dc4000
2418 39dc8000
2419 39dcc000
2420 39dd0000
2421 39dd4000
2422 39dd8000
2423 39ddc000
2424 39de0000
2425 39de4000
2426 39de8000
2427 39dec000
2428 39df0000
2429 39df4000
2430 39df8000
2431 39dfc000
2432 39e00000
2433 39e04000
2434 39e08000
2435 39e0c000
2436 39e10000
2437 39e14000
2438 39e18000
2439 39e1c000
2440 39e20000
2441 39e24000
2442 39e28000
2443 39e2c000
2444 39e30000
2445 39e34000
2446 39e38000
2447 39e3c000
2448 39e40000
2449 39e44000
2450 39e48000
2451 39e4c000
2452 39e50000
2453 39e54000
2454 39e58000
2455 39e5c000
2456 39e60000
2457 39e64000
2458 39e68000
2459 39e6c000
2460 39e70000
2461 39e74000
2462 39e78000
2463 39e7c000
2464 39e80000
2465 39e84000
2466 39e88000
2467 39e8c000
2468 39e90000
2469 39e94000
2470 39e98000
2471 39e9c000
2472 39ea0000
2473 39ea4000
2474 39ea8000
2475 39eac000
2476 39eb0000
2477 39eb4000
2478 39eb8000
2479 39ebc000
2480 39ec0000
2481 39ec4000
2482 39ec8000
2483 39ecc000
2484 39ed0000
2485 39ed4000
2486 39ed8000
2487 39edc000
2488 39ee0000
2489 39ee4000
2490 39ee8000
2491 39eec000
2492 39ef0000
2493 39ef4000
2494 39ef8000
2495 39efc000
2496 39f00000
2497 39f04000
2498 39f08000
2499 39f0c000
2500 39f10000
2501 39f14000
2502 39f18000
2503 39f1c000
2504 39f20000
2505 39f24000
2506 39f28000
2507 39f2c000
2508 39f30000
2509 39f34000
2510 39f38000
2511 39f3c000
2512 39f40000
2513 39f44000
2514 39f48000
2515 39f4c000
2516 39f50000
2517 39f54000
2518 39f58000
2519 39f5c000
2520 39f60000
2521 39f64000
2522 39f68000
2523 39f6c000
2524 39f70000
2525 39f74000
2526 39f78000
2527 39f7c000
2528 39f80000
2529 39f84000
2530 39f88000
2531 39f8c000
2532 39f90000
2533 39f94000
2534 39f98000
2535 39f9c000
2536 39fa0000
2537 39fa4000
2538 39fa8000
2539 39fac000
2540 39fb0000
2541 39fb4000
2542 39fb8000
2543 39fbc000
2544 39fc0000
2545 39fc4000
2546 39fc8000
2547 39fcc000
2548 39fd0000
2549 39fd4000
2550 39fd8000
2551 39fdc000
2552 39fe0000
2553 39fe4000
2554 39fe8000
2555 39fec000
2556 39ff0000
2557 39ff4000
2558 39ff8000
2559 39ffc000
2560 3a000000
2561 3a004000
2562 3a008000
2563 3a00c000
2564 3a010000
2565 3a014000
2566 3a018000
2567 3a01c000
2568 3a020000
2569 3a024000
2570 3a028000
2571 3a02c000
2572 3a030000
2573 3a034000
2574 3a038000
2575 3a03c000
2576 3a040000
2577 3a044000
2578 3a048000
2579 3a04c000
2580 3a050000
2581 3a054000
2582 3a058000
2583 3a05c000
2584 3a060000
2585 3a064000
2586 3a068000
2587 3a06c000
2588 3a070000
2589 3a074000
2590 3a078000
2591 3a07c000
2592 3a080000
2593 3a084000
2594 3a088000
2595 3a08c000
2596 3a090000
2597 3a094000
2598 3a098000
2599 3a09c000
2600 3a0a0000
2601 3a0a4000
2602 3a0a8000
2603 3a0ac000
2604 3a0b0000
2605 3a0b4000
2606 3a0b8000
2607 3a0bc000
2608 3a0c0000
2609 3a0c4000
2610 3a0c8000
2611 3a0cc000
2612 3a0d0000
2613 3a0d4000
2614 3a0d8000
2615 3a0dc000
2616 3a0e0000
2617 3a0e4000
2618 3a0e8000
2619 3a0ec000
2620 3a0f0000
2621 3a0f4000
2622 3a0f8000
2623 3a0fc000
2624 3a100000
2625 3a104000
2626 3a108000
2627 3a10c000
2628 3a110000
2629 3a114000
2630 3a118000
2631 3a11c000
2632 3a120000
2633 3a124000
2634 3a128000
2635 3a12c000
2636 3a130000
2637 3a134000
2638 3a138000
2639 3a13c000
2640 3a140000
2641 3a144000
2642 3a148000
2643 3a14c000
2644 3a150000
2645 3a154000
2646 3a158000
2647 3a15c000
2648 3a160000
2649 3a164000
2650 3a168000
2651 3a16c000
2652 3a170000
2653 3a174000
2654 3a178000
2655 3a17c000
2656 3a180000
2657 3a184000
2658 3a188000
2659 3a18c000
2660 3a190000
2661 3a194000
2662 3a198000
2663 3a19c000
2664 3a1a0000
2665 3a1a4000
2666 3a1a8000
2667 3a1ac000
2668 3a1b0000
2669 3a1b4000
2670 3a1b8000
2671 3a1bc000
2672 3a1c0000
2673 3a1c4000
2674 3a1c8000
2675 3a1cc000
2676 3a1d0000
2677 3a1d4000
2678 3a1d8000
2679 3a1dc000
2680 3a1e0000
2681 3a1e4000
2682 3a1e8000
2683 3a1ec000
2684 3a1f0000
2685 3a1f4000
2686 3a1f8000
2687 3a1fc000
2688 3a200000
2689 3a204000
2690 3a208000
2691 3a20c000
2692 3a210000
2693 3a214000
2694 3a218000
2695 3a21c000
2696 3a220000
2697 3a224000
2698 3a228000
2699 3a22c000
2700 3a230000
2701 3a234000
2702 3a238000
2703 3a23c000
2704 3a240000
2705 3a244000
2706 3a248000
2707 3a24c000
2708 3a250000
2709 3a254000
2710 3a258000
2711 3a25c000
2712 3a260000
2713 3a264000
2714 3a268000
2715 3a26c000
2716 3a270000
2717 3a274000
2718 3a278000
2719 3a27c000
2720 3a280000
2721 3a284000
2722 3a288000
2723 3a28c000
2724 3a290000
2725 3a294000
2726 3a298000
2727 3a29c000
2728 3a2a0000
2729 3a2a4000
2730 3a2a8000
2731 3a2ac000
2732 3a2b0000
2733 3a2b4000
2734 3a2b8000
2735 3a2bc000
2736 3a2c0000
2737 3a2c4000
2738 3a2c8000
2739 3a2cc000
2740 3a2d0000
2741 3a2d4000
2742 3a2d8000
2743 3a2dc000
2744 3a2e0000
2745 3a2e4000
2746 3a2e8000
2747 3a2ec000
2748 3a2f0000
2749 3a2f4000
2750 3a2f8000
2751 3a2fc000
2752 3a300000
2753 3a304000
2754 3a308000
2755 3a30c000
2756 3a310000
2757 3a314000
2758 3a318000
2759 3a31c000
2760 3a320000
2761 3a324000
2762 3a328000
2763 3a32c000
2764 3a330000
2765 3a334000
2766 3a338000
2767 3a33c000
2768 3a340000
2769 3a344000
2770 3a348000
2771 3a34c000
2772 3a350000
2773 3a354000
2774 3a358000
2775 3a35c000
2776 3a360000
2777 3a364000
2778 3a368000
2779 3a36c000
2780 3a370000
2781 3a374000
2782 3a378000
2783 3a37c000
2784 3a380000
2785 3a384000
2786 3a388000
2787 3a38c000
2788 3a390000
2789 3a394000
2790 3a398000
2791 3a39c000
2792 3a3a0000
2793 3a3a4000
2794 3a3a8000
2795 3a3ac000
2796 3a3b0000
2797 3a3b4000
2798 3a3b8000
2799 3a3bc000
2800 3a3c0000
2801 3a3c4000
2802 3a3c8000
2803 3a3cc000
2804 3a3d0000
2805 3a3d4000
2806 3a3d8000
2807 3a3dc000
2808 3a3e0000
2809 3a3e4000
2810 3a3e8000
2811 3a3ec000
2812 3a3f0000
2813 3a3f4000
2814 3a3f8000
2815 3a3fc000
2816 3a400000
2817 3a404000
2818 3a408000
2819 3a40c000
2820 3a410000
2821 3a414000
2822 3a418000
2823 3a41c000
2824 3a420000
2825 3a424000
2826 3a428000
2827 3a42c000
2828 3a430000
2829 3a434000
2830 3a438000
2831 3a43c000
2832 3a440000
2833 3a444000
2834 3a448000
2835 3a44c000
2836 3a450000
2837 3a454000
2838 3a458000
2839 3a45c000
2840 3a460000
2841 3a464000
2842 3a468000
2843 3a46c000
2844 3a470000
2845 3a474000
2846 3a478000
2847 3a47c000
2848 3a480000
2849 3a484000
2850 3a488000
2851 3a48c000
2852 3a490000
2853 3a494000
2854 3a498000
2855 3a49c000
2856 3a4a0000
2857 3a4a4000
2858 3a4a8000
2859 3a4ac000
2860 3a4b0000
2861 3a4b4000
2862 3a4b8000
2863 3a4bc000
2864 3a4c0000
2865 3a4c4000
2866 3a4c8000
2867 3a4cc000
2868 3a4d0000
2869 3a4d4000
2870 3a4d8000
2871 3a4dc000
2872 3a4e0000
2873 3a4e4000
2874 3a4e8000
2875 3a4ec000
2876 3a4f0000
2877 3a4f4000
2878 3a4f8000
2879 3a4fc000
2880 3a500000
2881 3a504000
2882 3a508000
2883 3a50c000
2884 3a510000
2885 3a514000
2886 3a518000
2887 3a51c000
2888 3a520000
2889 3a524000
2890 3a528000
2891 3a52c000
2892 3a530000
2893 3a534000
2894 3a538000
2895 3a53c000
2896 3a540000
2897 3a544000
2898 3a548000
2899 3a54c000
2900 3a550000
2901 3a554000
2902 3a558000
2903 3a55c000
2904 3a560000
2905 3a564000
2906 3a568000
2907 3a56c000
2908 3a570000
2909 3a574000
2910 3a578000
2911 3a57c000
2912 3a580000
2913 3a584000
2914 3a588000
2915 3a58c000
2916 3a590000
2917 3a594000
2918 3a598000
2919 3a59c000
2920 3a5a0000
2921 3a5a4000
2922 3a5a8000
2923 3a5ac000
2924 3a5b0000
2925 3a5b4000
2926 3a5b8000
2927 3a5bc000
2928 3a5c0000
2929 3a5c4000
2930 3a5c8000
2931 3a5cc000
2932 3a5d0000
2933 3a5d4000
2934 3a5d8000
2935 3a5dc000
2936 3a5e0000
2937 3a5e4000
2938 3a5e8000
2939 3a5ec000
2940 3a5f0000
2941 3a5f4000
2942 3a5f8000
2943 3a5fc000
2944 3a600000
2945 3a604000
2946 3a608000
2947 3a60c000
2948 3a610000
2949 3a614000
2950 3a618000
2951 3a61c000
2952 3a620000
2953 3a624000
2954 3a628000
2955 3a62c000
2956 3a630000
2957 3a634000
2958 3a638000
2959 3a63c000
2960 3a640000
2961 3a644000
2962 3a648000
2963 3a64c000
2964 3a650000
2965 3a654000
2966 3a658000
2967 3a65c000
2968 3a660000
2969 3a664000
2970 3a668000
2971 3a66c000
2972 3a670000
2973 3a674000
2974 3a678000
2975 3a67c000
2976 3a680000
2977 3a684000
2978 3a688000
2979 3a68c000
2980 3a690000
2981 3a694000
2982 3a698000
2983 3a69c000
2984 3a6a0000
2985 3a6a4000
2986 3a6a8000
2987 3a6ac000
2988 3a6b0000
2989 3a6b4000
2990 3a6b8000
2991 3a6bc000
2992 3a6c0000
2993 3a6c4000
2994 3a6c8000
2995 3a6cc000
2996 3a6d0000
2997 3a6d4000
2998 3a6d8000
2999 3a6dc000
3000 3a6e0000
3001 3a6e4000
3002 3a6e8000
3003 3a6ec000
3004 3a6f0000
3005 3a6f4000
3006 3a6f8000
3007 3a6fc000
3008 3a700000
3009 3a704000
3010 3a708000
3011 3a70c000
3012 3a710000
3013 3a714000
3014 3a718000
3015 3a71c000
3016 3a720000
3017 3a724000
3018 3a728000
3019 3a72c000
3020 3a730000
3021 3a734000
3022 3a738000
3023 3a73c000
3024 3a740000
3025 3a744000
3026 3a748000
3027 3a74c000
3028 3a750000
3029 3a754000
3030 3a758000
3031 3a75c000
3032 3a760000
3033 3a764000
3034 3a768000
3035 3a76c000
3036 3a770000
3037 3a774000
3038 3a778000
3039 3a77c000
3040 3a780000
3041 3a784000
3042 3a788000
3043 3a78c000
3044 3a790000
3045 3a794000
3046 3a798000
3047 3a79c000
3048 3a7a0000
3049 3a7a4000
3050 3a7a8000
3051 3a7ac000
3052 3a7b0000
3053 3a7b4000
3054 3a7b8000
3055 3a7bc000
3056 3a7c0000
3057 3a7c4000
3058 3a7c8000
3059 3a7cc000
3060 3a7d0000
3061 3a7d4000
3062 3a7d8000
3063 3a7dc000
3064 3a7e0000
3065 3a7e4000
3066 3a7e8000
3067 3a7ec000
3068 3a7f0000
3069 3a7f4000
3070 3a7f8000
3071 3a7fc000
3072 3a800000
3073 3a804000
3074 3a808000
3075 3a80c000
3076 3a810000
3077 3a814000
3078 3a818000
3079 3a81c000
3080 3a820000
3081 3a824000
3082 3a828000
3083 3a82c000
3084 3a830000
3085 3a834000
3086 3a838000
3087 3a83c000
3088 3a840000
3089 3a844000
3090 3a848000
3091 3a84c000
3092 3a850000
3093 3a854000
3094 3a858000
3095 3a85c000
3096 3a860000
3097 3a864000
3098 3a868000
3099 3a86c000
3100 3a870000
3101 3a874000
3102 3a878000
3103 3a87c000
3104 3a880000
3105 3a884000
3106 3a888000
3107 3a88c000
3108 3a890000
3109 3a894000
3110 3a898000
3111 3a89c000
3112 3a8a0000
3113 3a8a4000
3114 3a8a8000
3115 3a8ac000
3116 3a8b0000
3117 3a8b4000
3118 3a8b8000
3119 3a8bc000
3120 3a8c0000
3121 3a8c4000
3122 3a8c8000
3123 3a8cc000
3124 3a8d0000
3125 3a8d4000
3126 3a8d8000
3127 3a8dc000
3128 3a8e0000
3129 3a8e4000
3130 3a8e8000
3131 3a8ec000
3132 3a8f0000
3133 3a8f4000
3134 3a8f8000
3135 3a8fc000
3136 3a900000
3137 3a904000
3138 3a908000
3139 3a90c000
3140 3a910000
3141 3a914000
3142 3a918000
3143 3a91c000
3144 3a920000
3145 3a924000
3146 3a928000
3147 3a92c000
3148 3a930000
3149 3a934000
3150 3a938000
3151 3a93c000
3152 3a940000
3153 3a944000
3154 3a948000
3155 3a94c000
3156 3a950000
3157 3a954000
3158 3a958000
3159 3a95c000
3160 3a960000
3161 3a964000
3162 3a968000
3163 3a96c000
3164 3a970000
3165 3a974000
3166 3a978000
3167 3a97c000
3168 3a980000
3169 3a984000
3170 3a988000
3171 3a98c000
3172 3a990000
3173 3a994000
3174 3a998000
3175 3a99c000
3176 3a9a0000
3177 3a9a4000
3178 3a9a8000
3179 3a9ac000
3180 3a9b0000
3181 3a9b4000
3182 3a9b8000
3183 3a9bc000
3184 3a9c0000
3185 3a9c4000
3186 3a9c8000
3187 3a9cc000
3188 3a9d0000
3189 3a9d4000
3190 3a9d8000
3191 3a9dc000
3192 3a9e0000
3193 3a9e4000
3194 3a9e8000
3195 3a9ec000
3196 3a9f0000
3197 3a9f4000
3198 3a9f8000
3199 3a9fc000
3200 3aa00000
3201 3aa04000
3202 3aa08000
3203 3aa0c000
3204 3aa10000
3205 3aa14000
3206 3aa18000
3207 3aa1c000
3208 3aa20000
3209 3aa24000
3210 3aa28000
3211 3aa2c000
3212 3aa30000
3213 3aa34000
3214 3aa38000
3215 3aa3c000
3216 3aa40000
3217 3aa44000
3218 3aa48000
3219 3aa4c000
3220 3aa50000
3221 3aa54000
3222 3aa58000
3223 3aa5c000
3224 3aa60000
3225 3aa64000
3226 3aa68000
3227 3aa6c000
3228 3aa70000
3229 3aa74000
3230 3aa78000
3231 3aa7c000
3232 3aa80000
3233 3aa84000
3234 3aa88000
3235 3aa8c000
3236 3aa90000
3237 3aa94000
3238 3aa98000
3239 3aa9c000
3240 3aaa0000
3241 3aaa4000
3242 3aaa8000
3243 3aaac000
3244 3aab0000
3245 3aab4000
3246 3aab8000
3247 3aabc000
3248 3aac0000
3249 3aac4000
3250 3aac8000
3251 3aacc000
3252 3aad0000
3253 3aad4000
3254 3aad8000
3255 3aadc000
3256 3aae0000
3257 3aae4000
3258 3aae8000
3259 3aaec000
3260 3aaf0000
3261 3aaf4000
3262 3aaf8000
3263 3aafc000
3264 3ab00000
3265 3ab04000
3266 3ab08000
3267 3ab0c000
3268 3ab10000
3269 3ab14000
3270 3ab18000
3271 3ab1c000
3272 3ab20000
3273 3ab24000
3274 3ab28000
3275 3ab2c000
3276 3ab30000
3277 3ab34000
3278 3ab38000
3279 3ab3c000
3280 3ab40000
3281 3ab44000
3282 3ab48000
3283 3ab4c000
3284 3ab50000
3285 3ab54000
3286 3ab58000
3287 3ab5c000
3288 3ab60000
3289 3ab64000
3290 3ab68000
3291 3ab6c000
3292 3ab70000
3293 3ab74000
3294 3ab78000
3295 3ab7c000
3296 3ab80000
3297 3ab84000
3298 3ab88000
3299 3ab8c000
3300 3ab90000
3301 3ab94000
3302 3ab98000
3303 3ab9c000
3304 3aba0000
3305 3aba4000
3306 3aba8000
3307 3abac000
3308 3abb0000
3309 3abb4000
3310 3abb8000
3311 3abbc000
3312 3abc0000
3313 3abc4000
3314 3abc8000
3315 3abcc000
3316 3abd0000
3317 3abd4000
3318 3abd8000
3319 3abdc000
3320 3abe0000
3321 3abe4000
3322 3abe8000
3323 3abec000
3324 3abf0000
3325 3abf4000
3326 3abf8000
3327 3abfc000
3328 3ac00000
3329 3ac04000
3330 3ac08000
3331 3ac0c000
3332 3ac10000
3333 3ac14000
3334 3ac18000
3335 3ac1c000
3336 3ac20000
3337 3ac24000
3338 3ac28000
3339 3ac2c000
3340 3ac30000
3341 3ac34000
3342 3ac38000
3343 3ac3c000
3344 3ac40000
3345 3ac44000
3346 3ac48000
3347 3ac4c000
3348 3ac50000
3349 3ac54000
3350 3ac58000
3351 3ac5c000
3352 3ac60000
3353 3ac64000
3354 3ac68000
3355 3ac6c000
3356 3ac70000
3357 3ac74000
3358 3ac78000
3359 3ac7c000
3360 3ac80000
3361 3ac84000
3362 3ac88000
3363 3ac8c000
3364 3ac90000
3365 3ac94000
3366 3ac98000
3367 3ac9c000
3368 3aca0000
3369 3aca4000
3370 3aca8000
3371 3acac000
3372 3acb0000
3373 3acb4000
3374 3acb8000
3375 3acbc000
3376 3acc0000
3377 3acc4000
3378 3acc8000
3379 3accc000
3380 3acd0000
3381 3acd4000
3382 3acd8000
3383 3acdc000
3384 3ace0000
3385 3ace4000
3386 3ace8000
3387 3acec000
3388 3acf0000
3389 3acf4000
3390 3acf8000
3391 3acfc000
3392 3ad00000
3393 3ad04000
3394 3ad08000
3395 3ad0c000
3396 3ad10000
3397 3ad14000
3398 3ad18000
3399 3ad1c000
3400 3ad20000
3401 3ad24000
3402 3ad28000
3403 3ad2c000
3404 3ad30000
3405 3ad34000
3406 3ad38000
3407 3ad3c000
3408 3ad40000
3409 3ad44000
3410 3ad48000
3411 3ad4c000
3412 3ad50000
3413 3ad54000
3414 3ad58000
3415 3ad5c000
3416 3ad60000
3417 3ad64000
3418 3ad68000
3419 3ad6c000
3420 3ad70000
3421 3ad74000
3422 3ad78000
3423 3ad7c000
3424 3ad80000
3425 3ad84000
3426 3ad88000
3427 3ad8c000
3428 3ad90000
3429 3ad94000
3430 3ad98000
3431 3ad9c000
3432 3ada0000
3433 3ada4000
3434 3ada8000
3435 3adac000
3436 3adb0000
3437 3adb4000
3438 3adb8000
3439 3adbc000
3440 3adc0000
3441 3adc4000
3442 3adc8000
3443 3adcc000
3444 3add0000
3445 3add4000
3446 3add8000
3447 3addc000
3448 3ade0000
3449 3ade4000
3450 3ade8000
3451 3adec000
3452 3adf0000
3453 3adf4000
3454 3adf8000
3455 3adfc000
3456 3ae00000
3457 3ae04000
3458 3ae08000
3459 3ae0c000
3460 3ae10000
3461 3ae14000
3462 3ae18000
3463 3ae1c000
3464 3ae20000
3465 3ae24000
3466 3ae28000
3467 3ae2c000
3468 3ae30000
3469 3ae34000
3470 3ae38000
3471 3ae3c000
3472 3ae40000
3473 3ae44000
3474 3ae48000
3475 3ae4c000
3476 3ae50000
3477 3ae54000
3478 3ae58000
3479 3ae5c000
3480 3ae60000
3481 3ae64000
3482 3ae68000
3483 3ae6c000
3484 3ae70000
3485 3ae74000
3486 3ae78000
3487 3ae7c000
3488 3ae80000
3489 3ae84000
3490 3ae88000
3491 3ae8c000
3492 3ae90000
3493 3ae94000
3494 3ae98000
3495 3ae9c000
3496 3aea0000
3497 3aea4000
3498 3aea8000
3499 3aeac000
3500 3aeb0000
3501 3aeb4000
3502 3aeb8000
3503 3aebc000
3504 3aec0000
3505 3aec4000
3506 3aec8000
3507 3aecc000
3508 3aed0000
3509 3aed4000
3510 3aed8000
3511 3aedc000
3512 3aee0000
3513 3aee4000
3514 3aee8000
3515 3aeec000
3516 3aef0000
3517 3aef4000
3518 3aef8000
3519 3aefc000
3520 3af00000
3521 3af04000
3522 3af08000
3523 3af0c000
3524 3af10000
3525 3af14000
3526 3af18000
3527 3af1c000
3528 3af20000
3529 3af24000
3530 3af28000
3531 3af2c000
3532 3af30000
3533 3af34000
3534 3af38000
3535 3af3c000
3536 3af40000
3537 3af44000
3538 3af48000
3539 3af4c000
3540 3af50000
3541 3af54000
3542 3af58000
3543 3af5c000
3544 3af60000
3545 3af64000
3546 3af68000
3547 3af6c000
3548 3af70000
3549 3af74000
3550 3af78000
3551 3af7c000
3552 3af80000
3553 3af84000
3554 3af88000
3555 3af8c000
3556 3af90000
3557 3af94000
3558 3af98000
3559 3af9c000
3560 3afa0000
3561 3afa4000
3562 3afa8000
3563 3afac000
3564 3afb0000
3565 3afb4000
3566 3afb8000
3567 3afbc000
3568 3afc0000
3569 3afc4000
3570 3afc8000
3571 3afcc000
3572 3afd0000
3573 3afd4000
3574 3afd8000
3575 3afdc000
3576 3afe0000
3577 3afe4000
3578 3afe8000
3579 3afec000
3580 3aff0000
3581 3aff4000
3582 3aff8000
3583 3affc000
3584 3b000000
3585 3b004000
3586 3b008000
3587 3b00c000
3588 3b010000
3589 3b014000
3590 3b018000
3591 3b01c000
3592 3b020000
3593 3b024000
3594 3b028000
3595 3b02c000
3596 3b030000
3597 3b034000
3598 3b038000
3599 3b03c000
3600 3b040000
3601 3b044000
3602 3b048000
3603 3b04c000
3604 3b050000
3605 3b054000
3606 3b058000
3607 3b05c000
3608 3b060000
3609 3b064000
3610 3b068000
3611 3b06c000
3612 3b070000
3613 3b074000
3614 3b078000
3615 3b07c000
3616 3b080000
3617 3b084000
3618 3b088000
3619 3b08c000
3620 3b090000
3621 3b094000
3622 3b098000
3623 3b09c000
3624 3b0a0000
3625 3b0a4000
3626 3b0a8000
3627 3b0ac000
3628 3b0b0000
3629 3b0b4000
3630 3b0b8000
3631 3b0bc000
3632 3b0c0000
3633 3b0c4000
3634 3b0c8000
3635 3b0cc000
3636 3b0d0000
3637 3b0d4000
3638 3b0d8000
3639 3b0dc000
3640 3b0e0000
3641 3b0e4000
3642 3b0e8000
3643 3b0ec000
3644 3b0f0000
3645 3b0f4000
3646 3b0f8000
3647 3b0fc000
3648 3b100000
3649 3b104000
3650 3b108000
3651 3b10c000
3652 3b110000
3653 3b114000
3654 3b118000
3655 3b11c000
3656 3b120000
3657 3b124000
3658 3b128000
3659 3b12c000
3660 3b130000
3661 3b134000
3662 3b138000
3663 3b13c000
3664 3b140000
3665 3b144000
3666 3b148000
3667 3b14c000
3668 3b150000
3669 3b154000
3670 3b158000
3671 3b15c000
3672 3b160000
3673 3b164000
3674 3b168000
3675 3b16c000
3676 3b170000
3677 3b174000
3678 3b178000
3679 3b17c000
3680 3b180000
3681 3b184000
3682 3b188000
3683 3b18c000
3684 3b190000
3685 3b194000
3686 3b198000
3687 3b19c000
3688 3b1a0000
3689 3b1a4000
3690 3b1a8000
3691 3b1ac000
3692 3b1b0000
3693 3b1b4000
3694 3b1b8000
3695 3b1bc000
3696 3b1c0000
3697 3b1c4000
3698 3b1c8000
3699 3b1cc000
3700 3b1d0000
3701 3b1d4000
3702 3b1d8000
3703 3b1dc000
3704 3b1e0000
3705 3b1e4000
3706 3b1e8000
3707 3b1ec000
3708 3b1f0000
3709 3b1f4000
3710 3b1f8000
3711 3b1fc000
3712 3b200000
3713 3b204000
3714 3b208000
3715 3b20c000
3716 3b210000
3717 3b214000
3718 3b218000
3719 3b21c000
3720 3b220000
3721 3b224000
3722 3b228000
3723 3b22c000
3724 3b230000
3725 3b234000
3726 3b238000
3727 3b23c000
3728 3b240000
3729 3b244000
3730 3b248000
3731 3b24c000
3732 3b250000
3733 3b254000
3734 3b258000
3735 3b25c000
3736 3b260000
3737 3b264000
3738 3b268000
3739 3b26c000
3740 3b270000
3741 3b274000
3742 3b278000
3743 3b27c000
3744 3b280000
3745 3b284000
3746 3b288000
3747 3b28c000
3748 3b290000
3749 3b294000
3750 3b298000
3751 3b29c000
3752 3b2a0000
3753 3b2a4000
3754 3b2a8000
3755 3b2ac000
3756 3b2b0000
3757 3b2b4000
3758 3b2b8000
3759 3b2bc000
3760 3b2c0000
3761 3b2c4000
3762 3b2c8000
3763 3b2cc000
3764 3b2d0000
3765 3b2d4000
3766 3b2d8000
3767 3b2dc000
3768 3b2e0000
3769 3b2e4000
3770 3b2e8000
3771 3b2ec000
3772 3b2f0000
3773 3b2f4000
3774 3b2f8000
3775 3b2fc000
3776 3b300000
3777 3b304000
3778 3b308000
3779 3b30c000
3780 3b310000
3781 3b314000
3782 3b318000
3783 3b31c000
3784 3b320000
3785 3b324000
3786 3b328000
3787 3b32c000
3788 3b330000
3789 3b334000
3790 3b338000
3791 3b33c000
3792 3b340000
3793 3b344000
3794 3b348000
3795 3b34c000
3796 3b350000
3797 3b354000
3798 3b358000
3799 3b35c000
3800 3b360000
3801 3b364000
3802 3b368000
3803 3b36c000
3804 3b370000
3805 3b374000
3806 3b378000
3807 3b37c000
3808 3b380000
3809 3b384000
3810 3b388000
3811 3b38c000
3812 3b390000
3813 3b394000
3814 3b398000
3815 3b39c000
3816 3b3a0000
3817 3b3a4000
3818 3b3a8000
3819 3b3ac000
3820 3b3b0000
3821 3b3b4000
3822 3b3b8000
3823 3b3bc000
3824 3b3c0000
3825 3b3c4000
3826 3b3c8000
3827 3b3cc000
3828 3b3d0000
3829 3b3d4000
3830 3b3d8000
3831 3b3dc000
3832 3b3e0000
3833 3b3e4000
3834 3b3e8000
3835 3b3ec000
3836 3b3f0000
3837 3b3f4000
3838 3b3f8000
3839 3b3fc000
3840 3b400000
3841 3b404000
3842 3b408000
3843 3b40c000
3844 3b410000
3845 3b414000
3846 3b418000
3847 3b41c000
3848 3b420000
3849 3b424000
3850 3b428000
3851 3b42c000
3852 3b430000
3853 3b434000
3854 3b438000
3855 3b43c000
3856 3b440000
3857 3b444000
3858 3b448000
3859 3b44c000
3860 3b450000
3861 3b454000
3862 3b458000
3863 3b45c000
3864 3b460000
3865 3b464000
3866 3b468000
3867 3b46c000
3868 3b470000
3869 3b474000
3870 3b478000
3871 3b47c000
3872 3b480000
3873 3b484000
3874 3b488000
3875 3b48c000
3876 3b490000
3877 3b494000
3878 3b498000
3879 3b49c000
3880 3b4a0000
3881 3b4a4000
3882 3b4a8000
3883 3b4ac000
3884 3b4b0000
3885 3b4b4000
3886 3b4b8000
3887 3b4bc000
3888 3b4c0000
3889 3b4c4000
3890 3b4c8000
3891 3b4cc000
3892 3b4d0000
3893 3b4d4000
3894 3b4d8000
3895 3b4dc000
3896 3b4e0000
3897 3b4e4000
3898 3b4e8000
3899 3b4ec000
3900 3b4f0000
3901 3b4f4000
3902 3b4f8000
3903 3b4fc000
3904 3b500000
3905 3b504000
3906 3b508000
3907 3b50c000
3908 3b510000
3909 3b514000
3910 3b518000
3911 3b51c000
3912 3b520000
3913 3b524000
3914 3b528000
3915 3b52c000
3916 3b530000
3917 3b534000
3918 3b538000
3919 3b53c000
3920 3b540000
3921 3b544000
3922 3b548000
3923 3b54c000
3924 3b550000
3925 3b554000
3926 3b558000
3927 3b55c000
3928 3b560000
3929 3b564000
3930 3b568000
3931 3b56c000
3932 3b570000
3933 3b574000
3934 3b578000
3935 3b57c000
3936 3b580000
3937 3b584000
3938 3b588000
3939 3b58c000
3940 3b590000
3941 3b594000
3942 3b598000
3943 3b59c000
3944 3b5a0000
3945 3b5a4000
3946 3b5a8000
3947 3b5ac000
3948 3b5b0000
3949 3b5b4000
3950 3b5b8000
3951 3b5bc000
3952 3b5c0000
3953 3b5c4000
3954 3b5c8000
3955 3b5cc000
3956 3b5d0000
3957 3b5d4000
3958 3b5d8000
3959 3b5dc000
3960 3b5e0000
3961 3b5e4000
3962 3b5e8000
3963 3b5ec000
3964 3b5f0000
3965 3b5f4000
3966 3b5f8000
3967 3b5fc000
3968 3b600000
3969 3b604000
3970 3b608000
3971 3b60c000
3972 3b610000
3973 3b614000
3974 3b618000
3975 3b61c000
3976 3b620000
3977 3b624000
3978 3b628000
3979 3b62c000
3980 3b630000
3981 3b634000
3982 3b638000
3983 3b63c000
3984 3b640000
3985 3b644000
3986 3b648000
3987 3b64c000
3988 3b650000
3989 3b654000
3990 3b658000
3991 3b65c000
3992 3b660000
3993 3b664000
3994 3b668000
3995 3b66c000
3996 3b670000
3997 3b674000
3998 3b678000
3999 3b67c000
4000 3b680000
4001 3b684000
4002 3b688000
4003 3b68c000
4004 3b690000
4005 3b694000
4006 3b698000
4007 3b69c000
4008 3b6a0000
4009 3b6a4000
4010 3b6a8000
4011 3b6ac000
4012 3b6b0000
4013 3b6b4000
4014 3b6b8000
4015 3b6bc000
4016 3b6c0000
4017 3b6c4000
4018 3b6c8000
4019 3b6cc000
4020 3b6d0000
4021 3b6d4000
4022 3b6d8000
4023 3b6dc000
4024 3b6e0000
4025 3b6e4000
4026 3b6e8000
4027 3b6ec000
4028 3b6f0000
4029 3b6f4000
4030 3b6f8000
4031 3b6fc000
4032 3b700000
4033 3b704000
4034 3b708000
4035 3b70c000
4036 3b710000
4037 3b714000
4038 3b718000
4039 3b71c000
4040 3b720000
4041 3b724000
4042 3b728000
4043 3b72c000
4044 3b730000
4045 3b734000
4046 3b738000
4047 3b73c000
4048 3b740000
4049 3b744000
4050 3b748000
4051 3b74c000
4052 3b750000
4053 3b754000
4054 3b758000
4055 3b75c000
4056 3b760000
4057 3b764000
4058 3b768000
4059 3b76c000
4060 3b770000
4061 3b774000
4062 3b778000
4063 3b77c000
4064 3b780000
4065 3b784000
4066 3b788000
4067 3b78c000
4068 3b790000
4069 3b794000
4070 3b798000
4071 3b79c000
4072 3b7a0000
4073 3b7a4000
4074 3b7a8000
4075 3b7ac000
4076 3b7b0000
4077 3b7b4000
4078 3b7b8000
4079 3b7bc000
4080 3b7c0000
4081 3b7c4000
4082 3b7c8000
4083 3b7cc000
4084 3b7d0000
4085 3b7d4000
4086 3b7d8000
4087 3b7dc000
4088 3b7e0000
4089 3b7e4000
4090 3b7e8000
4091 3b7ec000
4092 3b7f0000
4093 3b7f4000
4094 3b7f8000
4095 3b7fc000
4096 3b800000
4097 3b802000
4098 3b804000
4099 3b806000
4100 3b808000
4101 3b80a000
4102 3b80c000
4103 3b80e000
4104 3b810000
4105 3b812000
4106 3b814000
4107 3b816000
4108 3b818000
4109 3b81a000
4110 3b81c000
4111 3b81e000
4112 3b820000
4113 3b822000
4114 3b824000
4115 3b826000
4116 3b828000
4117 3b82a000
4118 3b82c000
4119 3b82e000
4120 3b830000
4121 3b832000
4122 3b834000
4123 3b836000
4124 3b838000
4125 3b83a000
4126 3b83c000
4127 3b83e000
4128 3b840000
4129 3b842000
4130 3b844000
4131 3b846000
4132 3b848000
4133 3b84a000
4134 3b84c000
4135 3b84e000
4136 3b850000
4137 3b852000
4138 3b854000
4139 3b856000
4140 3b858000
4141 3b85a000
4142 3b85c000
4143 3b85e000
4144 3b860000
4145 3b862000
4146 3b864000
4147 3b866000
4148 3b868000
4149 3b86a000
4150 3b86c000
4151 3b86e000
4152 3b870000
4153 3b872000
4154 3b874000
4155 3b876000
4156 3b878000
4157 3b87a000
4158 3b87c000
4159 3b87e000
4160 3b880000
4161 3b882000
4162 3b884000
4163 3b886000
4164 3b888000
4165 3b88a000
4166 3b88c000
4167 3b88e000
4168 3b890000
4169 3b892000
4170 3b894000
4171 3b896000
4172 3b898000
4173 3b89a000
4174 3b89c000
4175 3b89e000
4176 3b8a0000
4177 3b8a2000
4178 3b8a4000
4179 3b8a6000
4180 3b8a8000
4181 3b8aa000
4182 3b8ac000
4183 3b8ae000
4184 3b8b0000
4185 3b8b2000
4186 3b8b4000
4187 3b8b6000
4188 3b8b8000
4189 3b8ba000
4190 3b8bc000
4191 3b8be000
4192 3b8c0000
4193 3b8c2000
4194 3b8c4000
4195 3b8c6000
4196 3b8c8000
4197 3b8ca000
4198 3b8cc000
4199 3b8ce000
4200 3b8d0000
4201 3b8d2000
4202 3b8d4000
4203 3b8d6000
4204 3b8d8000
4205 3b8da000
4206 3b8dc000
4207 3b8de000
4208 3b8e0000
4209 3b8e2000
4210 3b8e4000
4211 3b8e6000
4212 3b8e8000
4213 3b8ea000
4214 3b8ec000
4215 3b8ee000
4216 3b8f0000
4217 3b8f2000
4218 3b8f4000
4219 3b8f6000
4220 3b8f8000
4221 3b8fa000
4222 3b8fc000
4223 3b8fe000
4224 3b900000
4225 3b902000
4226 3b904000
4227 3b906000
4228 3b908000
4229 3b90a000
4230 3b90c000
4231 3b90e000
4232 3b910000
4233 3b912000
4234 3b914000
4235 3b916000
4236 3b918000
4237 3b91a000
4238 3b91c000
4239 3b91e000
4240 3b920000
4241 3b922000
4242 3b924000
4243 3b926000
4244 3b928000
4245 3b92a000
4246 3b92c000
4247 3b92e000
4248 3b930000
4249 3b932000
4250 3b934000
4251 3b936000
4252 3b938000
4253 3b93a000
4254 3b93c000
4255 3b93e000
4256 3b940000
4257 3b942000
4258 3b944000
4259 3b946000
4260 3b948000
4261 3b94a000
4262 3b94c000
4263 3b94e000
4264 3b950000
4265 3b952000
4266 3b954000
4267 3b956000
4268 3b958000
4269 3b95a000
4270 3b95c000
4271 3b95e000
4272 3b960000
4273 3b962000
4274 3b964000
4275 3b966000
4276 3b968000
4277 3b96a000
4278 3b96c000
4279 3b96e000
4280 3b970000
4281 3b972000
4282 3b974000
4283 3b976000
4284 3b978000
4285 3b97a000
4286 3b97c000
4287 3b97e000
4288 3b980000
4289 3b982000
4290 3b984000
4291 3b986000
4292 3b988000
4293 3b98a000
4294 3b98c000
4295 3b98e000
4296 3b990000
4297 3b992000
4298 3b994000
4299 3b996000
4300 3b998000
4301 3b99a000
4302 3b99c000
4303 3b99e000
4304 3b9a0000
4305 3b9a2000
4306 3b9a4000
4307 3b9a6000
4308 3b9a8000
4309 3b9aa000
4310 3b9ac000
4311 3b9ae000
4312 3b9b0000
4313 3b9b2000
4314 3b9b4000
4315 3b9b6000
4316 3b9b8000
4317 3b9ba000
4318 3b9bc000
4319 3b9be000
4320 3b9c0000
4321 3b9c2000
4322 3b9c4000
4323 3b9c6000
4324 3b9c8000
4325 3b9ca000
4326 3b9cc000
4327 3b9ce000
4328 3b9d0000
4329 3b9d2000
4330 3b9d4000
4331 3b9d6000
4332 3b9d8000
4333 3b9da000
4334 3b9dc000
4335 3b9de000
4336 3b9e0000
4337 3b9e2000
4338 3b9e4000
4339 3b9e6000
4340 3b9e8000
4341 3b9ea000
4342 3b9ec000
4343 3b9ee000
4344 3b9f0000
4345 3b9f2000
4346 3b9f4000
4347 3b9f6000
4348 3b9f8000
4349 3b9fa000
4350 3b9fc000
4351 3b9fe000
4352 3ba00000
4353 3ba02000
4354 3ba04000
4355 3ba06000
4356 3ba08000
4357 3ba0a000
4358 3ba0c000
4359 3ba0e000
4360 3ba10000
4361 3ba12000
4362 3ba14000
4363 3ba16000
4364 3ba18000
4365 3ba1a000
4366 3ba1c000
4367 3ba1e000
4368 3ba20000
4369 3ba22000
4370 3ba24000
4371 3ba26000
4372 3ba28000
4373 3ba2a000
4374 3ba2c000
4375 3ba2e000
4376 3ba30000
4377 3ba32000
4378 3ba34000
4379 3ba36000
4380 3ba38000
4381 3ba3a000
4382 3ba3c000
4383 3ba3e000
4384 3ba40000
4385 3ba42000
4386 3ba44000
4387 3ba46000
4388 3ba48000
4389 3ba4a000
4390 3ba4c000
4391 3ba4e000
4392 3ba50000
4393 3ba52000
4394 3ba54000
4395 3ba56000
4396 3ba58000
4397 3ba5a000
4398 3ba5c000
4399 3ba5e000
4400 3ba60000
4401 3ba62000
4402 3ba64000
4403 3ba66000
4404 3ba68000
4405 3ba6a000
4406 3ba6c000
4407 3ba6e000
4408 3ba70000
4409 3ba72000
4410 3ba74000
4411 3ba76000
4412 3ba78000
4413 3ba7a000
4414 3ba7c000
4415 3ba7e000
4416 3ba80000
4417 3ba82000
4418 3ba84000
4419 3ba86000
4420 3ba88000
4421 3ba8a000
4422 3ba8c000
4423 3ba8e000
4424 3ba90000
4425 3ba92000
4426 3ba94000
4427 3ba96000
4428 3ba98000
4429 3ba9a000
4430 3ba9c000
4431 3ba9e000
4432 3baa0000
4433 3baa2000
4434 3baa4000
4435 3baa6000
4436 3baa8000
4437 3baaa000
4438 3baac000
4439 3baae000
4440 3bab0000
4441 3bab2000
4442 3bab4000
4443 3bab6000
4444 3bab8000
4445 3baba000
4446 3babc000
4447 3babe000
4448 3bac0000
4449 3bac2000
4450 3bac4000
4451 3bac6000
4452 3bac8000
4453 3baca000
4454 3bacc000
4455 3bace000
4456 3bad0000
4457 3bad2000
4458 3bad4000
4459 3bad6000
4460 3bad8000
4461 3bada000
4462 3badc000
4463 3bade000
4464 3bae0000
4465 3bae2000
4466 3bae4000
4467 3bae6000
4468 3bae8000
4469 3baea000
4470 3baec000
4471 3baee000
4472 3baf0000
4473 3baf2000
4474 3baf4000
4475 3baf6000
4476 3baf8000
4477 3bafa000
4478 3bafc000
4479 3bafe000
4480 3bb00000
4481 3bb02000
4482 3bb04000
4483 3bb06000
4484 3bb08000
4485 3bb0a000
4486 3bb0c000
4487 3bb0e000
4488 3bb10000
4489 3bb12000
4490 3bb14000
4491 3bb16000
4492 3bb18000
4493 3bb1a000
4494 3bb1c000
4495 3bb1e000
4496 3bb20000
4497 3bb22000
4498 3bb24000
4499 3bb26000
4500 3bb28000
4501 3bb2a000
4502 3bb2c000
4503 3bb2e000
4504 3bb30000
4505 3bb32000
4506 3bb34000
4507 3bb36000
4508 3bb38000
4509 3bb3a000
4510 3bb3c000
4511 3bb3e000
4512 3bb40000
4513 3bb42000
4514 3bb44000
4515 3bb46000
4516 3bb48000
4517 3bb4a000
4518 3bb4c000
4519 3bb4e000
4520 3bb50000
4521 3bb52000
4522 3bb54000
4523 3bb56000
4524 3bb58000
4525 3bb5a000
4526 3bb5c000
4527 3bb5e000
4528 3bb60000
4529 3bb62000
4530 3bb64000
4531 3bb66000
4532 3bb68000
4533 3bb6a000
4534 3bb6c000
4535 3bb6e000
4536 3bb70000
4537 3bb72000
4538 3bb74000
4539 3bb76000
4540 3bb78000
4541 3bb7a000
4542 3bb7c000
4543 3bb7e000
4544 3bb80000
4545 3bb82000
4546 3bb84000
4547 3bb86000
4548 3bb88000
4549 3bb8a000
4550 3bb8c000
4551 3bb8e000
4552 3bb90000
4553 3bb92000
4554 3bb94000
4555 3bb96000
4556 3bb98000
4557 3bb9a000
4558 3bb9c000
4559 3bb9e000
4560 3bba0000
4561 3bba2000
4562 3bba4000
4563 3bba6000
4564 3bba8000
4565 3bbaa000
4566 3bbac000
4567 3bbae000
4568 3bbb0000
4569 3bbb2000
4570 3bbb4000
4571 3bbb6000
4572 3bbb8000
4573 3bbba000
4574 3bbbc000
4575 3bbbe000
4576 3bbc0000
4577 3bbc2000
4578 3bbc4000
4579 3bbc6000
4580 3bbc8000
4581 3bbca000
4582 3bbcc000
4583 3bbce000
4584 3bbd0000
4585 3bbd2000
4586 3bbd4000
4587 3bbd6000
4588 3bbd8000
4589 3bbda000
4590 3bbdc000
4591 3bbde000
4592 3bbe0000
4593 3bbe2000
4594 3bbe4000
4595 3bbe6000
4596 3bbe8000
4597 3bbea000
4598 3bbec000
4599 3bbee000
4600 3bbf0000
4601 3bbf2000
4602 3bbf4000
4603 3bbf6000
4604 3bbf8000
4605 3bbfa000
4606 3bbfc000
4607 3bbfe000
4608 3bc00000
4609 3bc02000
4610 3bc04000
4611 3bc06000
4612 3bc08000
4613 3bc0a000
4614 3bc0c000
4615 3bc0e000
4616 3bc10000
4617 3bc12000
4618 3bc14000
4619 3bc16000
4620 3bc18000
4621 3bc1a000
4622 3bc1c000
4623 3bc1e000
4624 3bc20000
4625 3bc22000
4626 3bc24000
4627 3bc26000
4628 3bc28000
4629 3bc2a000
4630 3bc2c000
4631 3bc2e000
4632 3bc30000
4633 3bc32000
4634 3bc34000
4635 3bc36000
4636 3bc38000
4637 3bc3a000
4638 3bc3c000
4639 3bc3e000
4640 3bc40000
4641 3bc42000
4642 3bc44000
4643 3bc46000
4644 3bc48000
4645 3bc4a000
4646 3bc4c000
4647 3bc4e000
4648 3bc50000
4649 3bc52000
4650 3bc54000
4651 3bc56000
4652 3bc58000
4653 3bc5a000
4654 3bc5c000
4655 3bc5e000
4656 3bc60000
4657 3bc62000
4658 3bc64000
4659 3bc66000
4660 3bc68000
4661 3bc6a000
4662 3bc6c000
4663 3bc6e000
4664 3bc70000
4665 3bc72000
4666 3bc74000
4667 3bc76000
4668 3bc78000
4669 3bc7a000
4670 3bc7c000
4671 3bc7e000
4672 3bc80000
4673 3bc82000
4674 3bc84000
4675 3bc86000
4676 3bc88000
4677 3bc8a000
4678 3bc8c000
4679 3bc8e000
4680 3bc90000
4681 3bc92000
4682 3bc94000
4683 3bc96000
4684 3bc98000
4685 3bc9a000
4686 3bc9c000
4687 3bc9e000
4688 3bca0000
4689 3bca2000
4690 3bca4000
4691 3bca6000
4692 3bca8000
4693 3bcaa000
4694 3bcac000
4695 3bcae000
4696 3bcb0000
4697 3bcb2000
4698 3bcb4000
4699 3bcb6000
4700 3bcb8000
4701 3bcba000
4702 3bcbc000
4703 3bcbe000
4704 3bcc0000
4705 3bcc2000
4706 3bcc4000
4707 3bcc6000
4708 3bcc8000
4709 3bcca000
4710 3bccc000
4711 3bcce000
4712 3bcd0000
4713 3bcd2000
4714 3bcd4000
4715 3bcd6000
4716 3bcd8000
4717 3bcda000
4718 3bcdc000
4719 3bcde000
4720 3bce0000
4721 3bce2000
4722 3bce4000
4723 3bce6000
4724 3bce8000
4725 3bcea000
4726 3bcec000
4727 3bcee000
4728 3bcf0000
4729 3bcf2000
4730 3bcf4000
4731 3bcf6000
4732 3bcf8000
4733 3bcfa000
4734 3bcfc000
4735 3bcfe000
4736 3bd00000
4737 3bd02000
4738 3bd04000
4739 3bd06000
4740 3bd08000
4741 3bd0a000
4742 3bd0c000
4743 3bd0e000
4744 3bd10000
4745 3bd12000
4746 3bd14000
4747 3bd16000
4748 3bd18000
4749 3bd1a000
4750 3bd1c000
4751 3bd1e000
4752 3bd20000
4753 3bd22000
4754 3bd24000
4755 3bd26000
4756 3bd28000
4757 3bd2a000
4758 3bd2c000
4759 3bd2e000
4760 3bd30000
4761 3bd32000
4762 3bd34000
4763 3bd36000
4764 3bd38000
4765 3bd3a000
4766 3bd3c000
4767 3bd3e000
4768 3bd40000
4769 3bd42000
4770 3bd44000
4771 3bd46000
4772 3bd48000
4773 3bd4a000
4774 3bd4c000
4775 3bd4e000
4776 3bd50000
4777 3bd52000
4778 3bd54000
4779 3bd56000
4780 3bd58000
4781 3bd5a000
4782 3bd5c000
4783 3bd5e000
4784 3bd60000
4785 3bd62000
4786 3bd64000
4787 3bd66000
4788 3bd68000
4789 3bd6a000
4790 3bd6c000
4791 3bd6e000
4792 3bd70000
4793 3bd72000
4794 3bd74000
4795 3bd76000
4796 3bd78000
4797 3bd7a000
4798 3bd7c000
4799 3bd7e000
4800 3bd80000
4801 3bd82000
4802 3bd84000
4803 3bd86000
4804 3bd88000
4805 3bd8a000
4806 3bd8c000
4807 3bd8e000
4808 3bd90000
4809 3bd92000
4810 3bd94000
4811 3bd96000
4812 3bd98000
4813 3bd9a000
4814 3bd9c000
4815 3bd9e000
4816 3bda0000
4817 3bda2000
4818 3bda4000
4819 3bda6000
4820 3bda8000
4821 3bdaa000
4822 3bdac000
4823 3bdae000
4824 3bdb0000
4825 3bdb2000
4826 3bdb4000
4827 3bdb6000
4828 3bdb8000
4829 3bdba000
4830 3bdbc000
4831 3bdbe000
4832 3bdc0000
4833 3bdc2000
4834 3bdc4000
4835 3bdc6000
4836 3bdc8000
4837 3bdca000
4838 3bdcc000
4839 3bdce000
4840 3bdd0000
4841 3bdd2000
4842 3bdd4000
4843 3bdd6000
4844 3bdd8000
4845 3bdda000
4846 3bddc000
4847 3bdde000
4848 3bde0000
4849 3bde2000
4850 3bde4000
4851 3bde6000
4852 3bde8000
4853 3bdea000
4854 3bdec000
4855 3bdee000
4856 3bdf0000
4857 3bdf2000
4858 3bdf4000
4859 3bdf6000
4860 3bdf8000
4861 3bdfa000
4862 3bdfc000
4863 3bdfe000
4864 3be00000
4865 3be02000
4866 3be04000
4867 3be06000
4868 3be08000
4869 3be0a000
4870 3be0c000
4871 3be0e000
4872 3be10000
4873 3be12000
4874 3be14000
4875 3be16000
4876 3be18000
4877 3be1a000
4878 3be1c000
4879 3be1e000
4880 3be20000
4881 3be22000
4882 3be24000
4883 3be26000
4884 3be28000
4885 3be2a000
4886 3be2c000
4887 3be2e000
4888 3be30000
4889 3be32000
4890 3be34000
4891 3be36000
4892 3be38000
4893 3be3a000
4894 3be3c000
4895 3be3e000
4896 3be40000
4897 3be42000
4898 3be44000
4899 3be46000
4900 3be48000
4901 3be4a000
4902 3be4c000
4903 3be4e000
4904 3be50000
4905 3be52000
4906 3be54000
4907 3be56000
4908 3be58000
4909 3be5a000
4910 3be5c000
4911 3be5e000
4912 3be60000
4913 3be62000
4914 3be64000
4915 3be66000
4916 3be68000
4917 3be6a000
4918 3be6c000
4919 3be6e000
4920 3be70000
4921 3be72000
4922 3be74000
4923 3be76000
4924 3be78000
4925 3be7a000
4926 3be7c000
4927 3be7e000
4928 3be80000
4929 3be82000
4930 3be84000
4931 3be86000
4932 3be88000
4933 3be8a000
4934 3be8c000
4935 3be8e000
4936 3be90000
4937 3be92000
4938 3be94000
4939 3be96000
4940 3be98000
4941 3be9a000
4942 3be9c000
4943 3be9e000
4944 3bea0000
4945 3bea2000
4946 3bea4000
4947 3bea6000
4948 3bea8000
4949 3beaa000
4950 3beac000
4951 3beae000
4952 3beb0000
4953 3beb2000
4954 3beb4000
4955 3beb6000
4956 3beb8000
4957 3beba000
4958 3bebc000
4959 3bebe000
4960 3bec0000
4961 3bec2000
4962 3bec4000
4963 3bec6000
4964 3bec8000
4965 3beca000
4966 3becc000
4967 3bece000
4968 3bed0000
4969 3bed2000
4970 3bed4000
4971 3bed6000
4972 3bed8000
4973 3beda000
4974 3bedc000
4975 3bede000
4976 3bee0000
4977 3bee2000
4978 3bee4000
4979 3bee6000
4980 3bee8000
4981 3beea000
4982 3beec000
4983 3beee000
4984 3bef0000
4985 3bef2000
4986 3bef4000
4987 3bef6000
4988 3bef8000
4989 3befa000
4990 3befc000
4991 3befe000
4992 3bf00000
4993 3bf02000
4994 3bf04000
4995 3bf06000
4996 3bf08000
4997 3bf0a000
4998 3bf0c000
4999 3bf0e000
5000 3bf10000
5001 3bf12000
5002 3bf14000
5003 3bf16000
5004 3bf18000
5005 3bf1a000
5006 3bf1c000
5007 3bf1e000
5008 3bf20000
5009 3bf22000
5010 3bf24000
5011 3bf26000
5012 3bf28000
5013 3bf2a000
5014 3bf2c000
5015 3bf2e000
5016 3bf30000
5017 3bf32000
5018 3bf34000
5019 3bf36000
5020 3bf38000
5021 3bf3a000
5022 3bf3c000
5023 3bf3e000
5024 3bf40000
5025 3bf42000
5026 3bf44000
5027 3bf46000
5028 3bf48000
5029 3bf4a000
5030 3bf4c000
5031 3bf4e000
5032 3bf50000
5033 3bf52000
5034 3bf54000
5035 3bf56000
5036 3bf58000
5037 3bf5a000
5038 3bf5c000
5039 3bf5e000
5040 3bf60000
5041 3bf62000
5042 3bf64000
5043 3bf66000
5044 3bf68000
5045 3bf6a000
5046 3bf6c000
5047 3bf6e000
5048 3bf70000
5049 3bf72000
5050 3bf74000
5051 3bf76000
5052 3bf78000
5053 3bf7a000
5054 3bf7c000
5055 3bf7e000
5056 3bf80000
5057 3bf82000
5058 3bf84000
5059 3bf86000
5060 3bf88000
5061 3bf8a000
5062 3bf8c000
5063 3bf8e000
5064 3bf90000
5065 3bf92000
5066 3bf94000
5067 3bf96000
5068 3bf98000
5069 3bf9a000
5070 3bf9c000
5071 3bf9e000
5072 3bfa0000
5073 3bfa2000
5074 3bfa4000
5075 3bfa6000
5076 3bfa8000
5077 3bfaa000
5078 3bfac000
5079 3bfae000
5080 3bfb0000
5081 3bfb2000
5082 3bfb4000
5083 3bfb6000
5084 3bfb8000
5085 3bfba000
5086 3bfbc000
5087 3bfbe000
5088 3bfc0000
5089 3bfc2000
5090 3bfc4000
5091 3bfc6000
5092 3bfc8000
5093 3bfca000
5094 3bfcc000
5095 3bfce000
5096 3bfd0000
5097 3bfd2000
5098 3bfd4000
5099 3bfd6000
5100 3bfd8000
5101 3bfda000
5102 3bfdc000
5103 3bfde000
5104 3bfe0000
5105 3bfe2000
5106 3bfe4000
5107 3bfe6000
5108 3bfe8000
5109 3bfea000
5110 3bfec000
5111 3bfee000
5112 3bff0000
5113 3bff2000
5114 3bff4000
5115 3bff6000
5116 3bff8000
5117 3bffa000
5118 3bffc000
5119 3bffe000
5120 3c000000
5121 3c002000
5122 3c004000
5123 3c006000
5124 3c008000
5125 3c00a000
5126 3c00c000
5127 3c00e000
5128 3c010000
5129 3c012000
5130 3c014000
5131 3c016000
5132 3c018000
5133 3c01a000
5134 3c01c000
5135 3c01e000
5136 3c020000
5137 3c022000
5138 3c024000
5139 3c026000
5140 3c028000
5141 3c02a000
5142 3c02c000
5143 3c02e000
5144 3c030000
5145 3c032000
5146 3c034000
5147 3c036000
5148 3c038000
5149 3c03a000
5150 3c03c000
5151 3c03e000
5152 3c040000
5153 3c042000
5154 3c044000
5155 3c046000
5156 3c048000
5157 3c04a000
5158 3c04c000
5159 3c04e000
5160 3c050000
5161 3c052000
5162 3c054000
5163 3c056000
5164 3c058000
5165 3c05a000
5166 3c05c000
5167 3c05e000
5168 3c060000
5169 3c062000
5170 3c064000
5171 3c066000
5172 3c068000
5173 3c06a000
5174 3c06c000
5175 3c06e000
5176 3c070000
5177 3c072000
5178 3c074000
5179 3c076000
5180 3c078000
5181 3c07a000
5182 3c07c000
5183 3c07e000
5184 3c080000
5185 3c082000
5186 3c084000
5187 3c086000
5188 3c088000
5189 3c08a000
5190 3c08c000
5191 3c08e000
5192 3c090000
5193 3c092000
5194 3c094000
5195 3c096000
5196 3c098000
5197 3c09a000
5198 3c09c000
5199 3c09e000
5200 3c0a0000
5201 3c0a2000
5202 3c0a4000
5203 3c0a6000
5204 3c0a8000
5205 3c0aa000
5206 3c0ac000
5207 3c0ae000
5208 3c0b0000
5209 3c0b2000
5210 3c0b4000
5211 3c0b6000
5212 3c0b8000
5213 3c0ba000
5214 3c0bc000
5215 3c0be000
5216 3c0c0000
5217 3c0c2000
5218 3c0c4000
5219 3c0c6000
5220 3c0c8000
5221 3c0ca000
5222 3c0cc000
5223 3c0ce000
5224 3c0d0000
5225 3c0d2000
5226 3c0d4000
5227 3c0d6000
5228 3c0d8000
5229 3c0da000
5230 3c0dc000
5231 3c0de000
5232 3c0e0000
5233 3c0e2000
5234 3c0e4000
5235 3c0e6000
5236 3c0e8000
5237 3c0ea000
5238 3c0ec000
5239 3c0ee000
5240 3c0f0000
5241 3c0f2000
5242 3c0f4000
5243 3c0f6000
5244 3c0f8000
5245 3c0fa000
5246 3c0fc000
5247 3c0fe000
5248 3c100000
5249 3c102000
5250 3c104000
5251 3c106000
5252 3c108000
5253 3c10a000
5254 3c10c000
5255 3c10e000
5256 3c110000
5257 3c112000
5258 3c114000
5259 3c116000
5260 3c118000
5261 3c11a000
5262 3c11c000
5263 3c11e000
5264 3c120000
5265 3c122000
5266 3c124000
5267 3c126000
5268 3c128000
5269 3c12a000
5270 3c12c000
5271 3c12e000
5272 3c130000
5273 3c132000
5274 3c134000
5275 3c136000
5276 3c138000
5277 3c13a000
5278 3c13c000
5279 3c13e000
5280 3c140000
5281 3c142000
5282 3c144000
5283 3c146000
5284 3c148000
5285 3c14a000
5286 3c14c000
5287 3c14e000
5288 3c150000
5289 3c152000
5290 3c154000
5291 3c156000
5292 3c158000
5293 3c15a000
5294 3c15c000
5295 3c15e000
5296 3c160000
5297 3c162000
5298 3c164000
5299 3c166000
5300 3c168000
5301 3c16a000
5302 3c16c000
5303 3c16e000
5304 3c170000
5305 3c172000
5306 3c174000
5307 3c176000
5308 3c178000
5309 3c17a000
5310 3c17c000
5311 3c17e000
5312 3c180000
5313 3c182000
5314 3c184000
5315 3c186000
5316 3c188000
5317 3c18a000
5318 3c18c000
5319 3c18e000
5320 3c190000
5321 3c192000
5322 3c194000
5323 3c196000
5324 3c198000
5325 3c19a000
5326 3c19c000
5327 3c19e000
5328 3c1a0000
5329 3c1a2000
5330 3c1a4000
5331 3c1a6000
5332 3c1a8000
5333 3c1aa000
5334 3c1ac000
5335 3c1ae000
5336 3c1b0000
5337 3c1b2000
5338 3c1b4000
5339 3c1b6000
5340 3c1b8000
5341 3c1ba000
5342 3c1bc000
5343 3c1be000
5344 3c1c0000
5345 3c1c2000
5346 3c1c4000
5347 3c1c6000
5348 3c1c8000
5349 3c1ca000
5350 3c1cc000
5351 3c1ce000
5352 3c1d0000
5353 3c1d2000
5354 3c1d4000
5355 3c1d6000
5356 3c1d8000
5357 3c1da000
5358 3c1dc000
5359 3c1de000
5360 3c1e0000
5361 3c1e2000
5362 3c1e4000
5363 3c1e6000
5364 3c1e8000
5365 3c1ea000
5366 3c1ec000
5367 3c1ee000
5368 3c1f0000
5369 3c1f2000
5370 3c1f4000
5371 3c1f6000
5372 3c1f8000
5373 3c1fa000
5374 3c1fc000
5375 3c1fe000
5376 3c200000
5377 3c202000
5378 3c204000
5379 3c206000
5380 3c208000
5381 3c20a000
5382 3c20c000
5383 3c20e000
5384 3c210000
5385 3c212000
5386 3c214000
5387 3c216000
5388 3c218000
5389 3c21a000
5390 3c21c000
5391 3c21e000
5392 3c220000
5393 3c222000
5394 3c224000
5395 3c226000
5396 3c228000
5397 3c22a000
5398 3c22c000
5399 3c22e000
5400 3c230000
5401 3c232000
5402 3c234000
5403 3c236000
5404 3c238000
5405 3c23a000
5406 3c23c000
5407 3c23e000
5408 3c240000
5409 3c242000
5410 3c244000
5411 3c246000
5412 3c248000
5413 3c24a000
5414 3c24c000
5415 3c24e000
5416 3c250000
5417 3c252000
5418 3c254000
5419 3c256000
5420 3c258000
5421 3c25a000
5422 3c25c000
5423 3c25e000
5424 3c260000
5425 3c262000
5426 3c264000
5427 3c266000
5428 3c268000
5429 3c26a000
5430 3c26c000
5431 3c26e000
5432 3c270000
5433 3c272000
5434 3c274000
5435 3c276000
5436 3c278000
5437 3c27a000
5438 3c27c000
5439 3c27e000
5440 3c280000
5441 3c282000
5442 3c284000
5443 3c286000
5444 3c288000
5445 3c28a000
5446 3c28c000
5447 3c28e000
5448 3c290000
5449 3c292000
5450 3c294000
5451 3c296000
5452 3c298000
5453 3c29a000
5454 3c29c000
5455 3c29e000
5456 3c2a0000
5457 3c2a2000
5458 3c2a4000
5459 3c2a6000
5460 3c2a8000
5461 3c2aa000
5462 3c2ac000
5463 3c2ae000
5464 3c2b0000
5465 3c2b2000
5466 3c2b4000
5467 3c2b6000
5468 3c2b8000
5469 3c2ba000
5470 3c2bc000
5471 3c2be000
5472 3c2c0000
5473 3c2c2000
5474 3c2c4000
5475 3c2c6000
5476 3c2c8000
5477 3c2ca000
5478 3c2cc000
5479 3c2ce000
5480 3c2d0000
5481 3c2d2000
5482 3c2d4000
5483 3c2d6000
5484 3c2d8000
5485 3c2da000
5486 3c2dc000
5487 3c2de000
5488 3c2e0000
5489 3c2e2000
5490 3c2e4000
5491 3c2e6000
5492 3c2e8000
5493 3c2ea000
5494 3c2ec000
5495 3c2ee000
5496 3c2f0000
5497 3c2f2000
5498 3c2f4000
5499 3c2f6000
5500 3c2f8000
5501 3c2fa000
5502 3c2fc000
5503 3c2fe000
5504 3c300000
5505 3c302000
5506 3c304000
5507 3c306000
5508 3c308000
5509 3c30a000
5510 3c30c000
5511 3c30e000
5512 3c310000
5513 3c312000
5514 3c314000
5515 3c316000
5516 3c318000
5517 3c31a000
5518 3c31c000
5519 3c31e000
5520 3c320000
5521 3c322000
5522 3c324000
5523 3c326000
5524 3c328000
5525 3c32a000
5526 3c32c000
5527 3c32e000
5528 3c330000
5529 3c332000
5530 3c334000
5531 3c336000
5532 3c338000
5533 3c33a000
5534 3c33c000
5535 3c33e000
5536 3c340000
5537 3c342000
5538 3c344000
5539 3c346000
5540 3c348000
5541 3c34a000
5542 3c34c000
5543 3c34e000
5544 3c350000
5545 3c352000
5546 3c354000
5547 3c356000
5548 3c358000
5549 3c35a000
5550 3c35c000
5551 3c35e000
5552 3c360000
5553 3c362000
5554 3c364000
5555 3c366000
5556 3c368000
5557 3c36a000
5558 3c36c000
5559 3c36e000
5560 3c370000
5561 3c372000
5562 3c374000
5563 3c376000
5564 3c378000
5565 3c37a000
5566 3c37c000
5567 3c37e000
5568 3c380000
5569 3c382000
5570 3c384000
5571 3c386000
5572 3c388000
5573 3c38a000
5574 3c38c000
5575 3c38e000
5576 3c390000
5577 3c392000
5578 3c394000
5579 3c396000
5580 3c398000
5581 3c39a000
5582 3c39c000
5583 3c39e000
5584 3c3a0000
5585 3c3a2000
5586 3c3a4000
5587 3c3a6000
5588 3c3a8000
5589 3c3aa000
5590 3c3ac000
5591 3c3ae000
5592 3c3b0000
5593 3c3b2000
5594 3c3b4000
5595 3c3b6000
5596 3c3b8000
5597 3c3ba000
5598 3c3bc000
5599 3c3be000
5600 3c3c0000
5601 3c3c2000
5602 3c3c4000
5603 3c3c6000
5604 3c3c8000
5605 3c3ca000
5606 3c3cc000
5607 3c3ce000
5608 3c3d0000
5609 3c3d2000
5610 3c3d4000
5611 3c3d6000
5612 3c3d8000
5613 3c3da000
5614 3c3dc000
5615 3c3de000
5616 3c3e0000
5617 3c3e2000
5618 3c3e4000
5619 3c3e6000
5620 3c3e8000
5621 3c3ea000
5622 3c3ec000
5623 3c3ee000
5624 3c3f0000
5625 3c3f2000
5626 3c3f4000
5627 3c3f6000
5628 3c3f8000
5629 3c3fa000
5630 3c3fc000
5631 3c3fe000
5632 3c400000
5633 3c402000
5634 3c404000
5635 3c406000
5636 3c408000
5637 3c40a000
5638 3c40c000
5639 3c40e000
5640 3c410000
5641 3c412000
5642 3c414000
5643 3c416000
5644 3c418000
5645 3c41a000
5646 3c41c000
5647 3c41e000
5648 3c420000
5649 3c422000
5650 3c424000
5651 3c426000
5652 3c428000
5653 3c42a000
5654 3c42c000
5655 3c42e000
5656 3c430000
5657 3c432000
5658 3c434000
5659 3c436000
5660 3c438000
5661 3c43a000
5662 3c43c000
5663 3c43e000
5664 3c440000
5665 3c442000
5666 3c444000
5667 3c446000
5668 3c448000
5669 3c44a000
5670 3c44c000
5671 3c44e000
5672 3c450000
5673 3c452000
5674 3c454000
5675 3c456000
5676 3c458000
5677 3c45a000
5678 3c45c000
5679 3c45e000
5680 3c460000
5681 3c462000
5682 3c464000
5683 3c466000
5684 3c468000
5685 3c46a000
5686 3c46c000
5687 3c46e000
5688 3c470000
5689 3c472000
5690 3c474000
5691 3c476000
5692 3c478000
5693 3c47a000
5694 3c47c000
5695 3c47e000
5696 3c480000
5697 3c482000
5698 3c484000
5699 3c486000
5700 3c488000
5701 3c48a000
5702 3c48c000
5703 3c48e000
5704 3c490000
5705 3c492000
5706 3c494000
5707 3c496000
5708 3c498000
5709 3c49a000
5710 3c49c000
5711 3c49e000
5712 3c4a0000
5713 3c4a2000
5714 3c4a4000
5715 3c4a6000
5716 3c4a8000
5717 3c4aa000
5718 3c4ac000
5719 3c4ae000
5720 3c4b0000
5721 3c4b2000
5722 3c4b4000
5723 3c4b6000
5724 3c4b8000
5725 3c4ba000
5726 3c4bc000
5727 3c4be000
5728 3c4c0000
5729 3c4c2000
5730 3c4c4000
5731 3c4c6000
5732 3c4c8000
5733 3c4ca000
5734 3c4cc000
5735 3c4ce000
5736 3c4d0000
5737 3c4d2000
5738 3c4d4000
5739 3c4d6000
5740 3c4d8000
5741 3c4da000
5742 3c4dc000
5743 3c4de000
5744 3c4e0000
5745 3c4e2000
5746 3c4e4000
5747 3c4e6000
5748 3c4e8000
5749 3c4ea000
5750 3c4ec000
5751 3c4ee000
5752 3c4f0000
5753 3c4f2000
5754 3c4f4000
5755 3c4f6000
5756 3c4f8000
5757 3c4fa000
5758 3c4fc000
5759 3c4fe000
5760 3c500000
5761 3c502000
5762 3c504000
5763 3c506000
5764 3c508000
5765 3c50a000
5766 3c50c000
5767 3c50e000
5768 3c510000
5769 3c512000
5770 3c514000
5771 3c516000
5772 3c518000
5773 3c51a000
5774 3c51c000
5775 3c51e000
5776 3c520000
5777 3c522000
5778 3c524000
5779 3c526000
5780 3c528000
5781 3c52a000
5782 3c52c000
5783 3c52e000
5784 3c530000
5785 3c532000
5786 3c534000
5787 3c536000
5788 3c538000
5789 3c53a000
5790 3c53c000
5791 3c53e000
5792 3c540000
5793 3c542000
5794 3c544000
5795 3c546000
5796 3c548000
5797 3c54a000
5798 3c54c000
5799 3c54e000
5800 3c550000
5801 3c552000
5802 3c554000
5803 3c556000
5804 3c558000
5805 3c55a000
5806 3c55c000
5807 3c55e000
5808 3c560000
5809 3c562000
5810 3c564000
5811 3c566000
5812 3c568000
5813 3c56a000
5814 3c56c000
5815 3c56e000
5816 3c570000
5817 3c572000
5818 3c574000
5819 3c576000
5820 3c578000
5821 3c57a000
5822 3c57c000
5823 3c57e000
5824 3c580000
5825 3c582000
5826 3c584000
5827 3c586000
5828 3c588000
5829 3c58a000
5830 3c58c000
5831 3c58e000
5832 3c590000
5833 3c592000
5834 3c594000
5835 3c596000
5836 3c598000
5837 3c59a000
5838 3c59c000
5839 3c59e000
5840 3c5a0000
5841 3c5a2000
5842 3c5a4000
5843 3c5a6000
5844 3c5a8000
5845 3c5aa000
5846 3c5ac000
5847 3c5ae000
5848 3c5b0000
5849 3c5b2000
5850 3c5b4000
5851 3c5b6000
5852 3c5b8000
5853 3c5ba000
5854 3c5bc000
5855 3c5be000
5856 3c5c0000
5857 3c5c2000
5858 3c5c4000
5859 3c5c6000
5860 3c5c8000
5861 3c5ca000
5862 3c5cc000
5863 3c5ce000
5864 3c5d0000
5865 3c5d2000
5866 3c5d4000
5867 3c5d6000
5868 3c5d8000
5869 3c5da000
5870 3c5dc000
5871 3c5de000
5872 3c5e0000
5873 3c5e2000
5874 3c5e4000
5875 3c5e6000
5876 3c5e8000
5877 3c5ea000
5878 3c5ec000
5879 3c5ee000
5880 3c5f0000
5881 3c5f2000
5882 3c5f4000
5883 3c5f6000
5884 3c5f8000
5885 3c5fa000
5886 3c5fc000
5887 3c5fe000
5888 3c600000
5889 3c602000
5890 3c604000
5891 3c606000
5892 3c608000
5893 3c60a000
5894 3c60c000
5895 3c60e000
5896 3c610000
5897 3c612000
5898 3c614000
5899 3c616000
5900 3c618000
5901 3c61a000
5902 3c61c000
5903 3c61e000
5904 3c620000
5905 3c622000
5906 3c624000
5907 3c626000
5908 3c628000
5909 3c62a000
5910 3c62c000
5911 3c62e000
5912 3c630000
5913 3c632000
5914 3c634000
5915 3c636000
5916 3c638000
5917 3c63a000
5918 3c63c000
5919 3c63e000
5920 3c640000
5921 3c642000
5922 3c644000
5923 3c646000
5924 3c648000
5925 3c64a000
5926 3c64c000
5927 3c64e000
5928 3c650000
5929 3c652000
5930 3c654000
5931 3c656000
5932 3c658000
5933 3c65a000
5934 3c65c000
5935 3c65e000
5936 3c660000
5937 3c662000
5938 3c664000
5939 3c666000
5940 3c668000
5941 3c66a000
5942 3c66c000
5943 3c66e000
5944 3c670000
5945 3c672000
5946 3c674000
5947 3c676000
5948 3c678000
5949 3c67a000
5950 3c67c000
5951 3c67e000
5952 3c680000
5953 3c682000
5954 3c684000
5955 3c686000
5956 3c688000
5957 3c68a000
5958 3c68c000
5959 3c68e000
5960 3c690000
5961 3c692000
5962 3c694000
5963 3c696000
5964 3c698000
5965 3c69a000
5966 3c69c000
5967 3c69e000
5968 3c6a0000
5969 3c6a2000
5970 3c6a4000
5971 3c6a6000
5972 3c6a8000
5973 3c6aa000
5974 3c6ac000
5975 3c6ae000
5976 3c6b0000
5977 3c6b2000
5978 3c6b4000
5979 3c6b6000
5980 3c6b8000
5981 3c6ba000
5982 3c6bc000
5983 3c6be000
5984 3c6c0000
5985 3c6c2000
5986 3c6c4000
5987 3c6c6000
5988 3c6c8000
5989 3c6ca000
5990 3c6cc000
5991 3c6ce000
5992 3c6d0000
5993 3c6d2000
5994 3c6d4000
5995 3c6d6000
5996 3c6d8000
5997 3c6da000
5998 3c6dc000
5999 3c6de000
6000 3c6e0000
6001 3c6e2000
6002 3c6e4000
6003 3c6e6000
6004 3c6e8000
6005 3c6ea000
6006 3c6ec000
6007 3c6ee000
6008 3c6f0000
6009 3c6f2000
6010 3c6f4000
6011 3c6f6000
6012 3c6f8000
6013 3c6fa000
6014 3c6fc000
6015 3c6fe000
6016 3c700000
6017 3c702000
6018 3c704000
6019 3c706000
6020 3c708000
6021 3c70a000
6022 3c70c000
6023 3c70e000
6024 3c710000
6025 3c712000
6026 3c714000
6027 3c716000
6028 3c718000
6029 3c71a000
6030 3c71c000
6031 3c71e000
6032 3c720000
6033 3c722000
6034 3c724000
6035 3c726000
6036 3c728000
6037 3c72a000
6038 3c72c000
6039 3c72e000
6040 3c730000
6041 3c732000
6042 3c734000
6043 3c736000
6044 3c738000
6045 3c73a000
6046 3c73c000
6047 3c73e000
6048 3c740000
6049 3c742000
6050 3c744000
6051 3c746000
6052 3c748000
6053 3c74a000
6054 3c74c000
6055 3c74e000
6056 3c750000
6057 3c752000
6058 3c754000
6059 3c756000
6060 3c758000
6061 3c75a000
6062 3c75c000
6063 3c75e000
6064 3c760000
6065 3c762000
6066 3c764000
6067 3c766000
6068 3c768000
6069 3c76a000
6070 3c76c000
6071 3c76e000
6072 3c770000
6073 3c772000
6074 3c774000
6075 3c776000
6076 3c778000
6077 3c77a000
6078 3c77c000
6079 3c77e000
6080 3c780000
6081 3c782000
6082 3c784000
6083 3c786000
6084 3c788000
6085 3c78a000
6086 3c78c000
6087 3c78e000
6088 3c790000
6089 3c792000
6090 3c794000
6091 3c796000
6092 3c798000
6093 3c79a000
6094 3c79c000
6095 3c79e000
6096 3c7a0000
6097 3c7a2000
6098 3c7a4000
6099 3c7a6000
6100 3c7a8000
6101 3c7aa000
6102 3c7ac000
6103 3c7ae000
6104 3c7b0000
6105 3c7b2000
6106 3c7b4000
6107 3c7b6000
6108 3c7b8000
6109 3c7ba000
6110 3c7bc000
6111 3c7be000
6112 3c7c0000
6113 3c7c2000
6114 3c7c4000
6115 3c7c6000
6116 3c7c8000
6117 3c7ca000
6118 3c7cc000
6119 3c7ce000
6120 3c7d0000
6121 3c7d2000
6122 3c7d4000
6123 3c7d6000
6124 3c7d8000
6125 3c7da000
6126 3c7dc000
6127 3c7de000
6128 3c7e0000
6129 3c7e2000
6130 3c7e4000
6131 3c7e6000
6132 3c7e8000
6133 3c7ea000
6134 3c7ec000
6135 3c7ee000
6136 3c7f0000
6137 3c7f2000
6138 3c7f4000
6139 3c7f6000
6140 3c7f8000
6141 3c7fa000
6142 3c7fc000
6143 3c7fe000
6144 3c800000
6145 3c802000
6146 3c804000
6147 3c806000
6148 3c808000
6149 3c80a000
6150 3c80c000
6151 3c80e000
6152 3c810000
6153 3c812000
6154 3c814000
6155 3c816000
6156 3c818000
6157 3c81a000
6158 3c81c000
6159 3c81e000
6160 3c820000
6161 3c822000
6162 3c824000
6163 3c826000
6164 3c828000
6165 3c82a000
6166 3c82c000
6167 3c82e000
6168 3c830000
6169 3c832000
6170 3c834000
6171 3c836000
6172 3c838000
6173 3c83a000
6174 3c83c000
6175 3c83e000
6176 3c840000
6177 3c842000
6178 3c844000
6179 3c846000
6180 3c848000
6181 3c84a000
6182 3c84c000
6183 3c84e000
6184 3c850000
6185 3c852000
6186 3c854000
6187 3c856000
6188 3c858000
6189 3c85a000
6190 3c85c000
6191 3c85e000
6192 3c860000
6193 3c862000
6194 3c864000
6195 3c866000
6196 3c868000
6197 3c86a000
6198 3c86c000
6199 3c86e000
6200 3c870000
6201 3c872000
6202 3c874000
6203 3c876000
6204 3c878000
6205 3c87a000
6206 3c87c000
6207 3c87e000
6208 3c880000
6209 3c882000
6210 3c884000
6211 3c886000
6212 3c888000
6213 3c88a000
6214 3c88c000
6215 3c88e000
6216 3c890000
6217 3c892000
6218 3c894000
6219 3c896000
6220 3c898000
6221 3c89a000
6222 3c89c000
6223 3c89e000
6224 3c8a0000
6225 3c8a2000
6226 3c8a4000
6227 3c8a6000
6228 3c8a8000
6229 3c8aa000
6230 3c8ac000
6231 3c8ae000
6232 3c8b0000
6233 3c8b2000
6234 3c8b4000
6235 3c8b6000
6236 3c8b8000
6237 3c8ba000
6238 3c8bc000
6239 3c8be000
6240 3c8c0000
6241 3c8c2000
6242 3c8c4000
6243 3c8c6000
6244 3c8c8000
6245 3c8ca000
6246 3c8cc000
6247 3c8ce000
6248 3c8d0000
6249 3c8d2000
6250 3c8d4000
6251 3c8d6000
6252 3c8d8000
6253 3c8da000
6254 3c8dc000
6255 3c8de000
6256 3c8e0000
6257 3c8e2000
6258 3c8e4000
6259 3c8e6000
6260 3c8e8000
6261 3c8ea000
6262 3c8ec000
6263 3c8ee000
6264 3c8f0000
6265 3c8f2000
6266 3c8f4000
6267 3c8f6000
6268 3c8f8000
6269 3c8fa000
6270 3c8fc000
6271 3c8fe000
6272 3c900000
6273 3c902000
6274 3c904000
6275 3c906000
6276 3c908000
6277 3c90a000
6278 3c90c000
6279 3c90e000
6280 3c910000
6281 3c912000
6282 3c914000
6283 3c916000
6284 3c918000
6285 3c91a000
6286 3c91c000
6287 3c91e000
6288 3c920000
6289 3c922000
6290 3c924000
6291 3c926000
6292 3c928000
6293 3c92a000
6294 3c92c000
6295 3c92e000
6296 3c930000
6297 3c932000
6298 3c934000
6299 3c936000
6300 3c938000
6301 3c93a000
6302 3c93c000
6303 3c93e000
6304 3c940000
6305 3c942000
6306 3c944000
6307 3c946000
6308 3c948000
6309 3c94a000
6310 3c94c000
6311 3c94e000
6312 3c950000
6313 3c952000
6314 3c954000
6315 3c956000
6316 3c958000
6317 3c95a000
6318 3c95c000
6319 3c95e000
6320 3c960000
6321 3c962000
6322 3c964000
6323 3c966000
6324 3c968000
6325 3c96a000
6326 3c96c000
6327 3c96e000
6328 3c970000
6329 3c972000
6330 3c974000
6331 3c976000
6332 3c978000
6333 3c97a000
6334 3c97c000
6335 3c97e000
6336 3c980000
6337 3c982000
6338 3c984000
6339 3c986000
6340 3c988000
6341 3c98a000
6342 3c98c000
6343 3c98e000
6344 3c990000
6345 3c992000
6346 3c994000
6347 3c996000
6348 3c998000
6349 3c99a000
6350 3c99c000
6351 3c99e000
6352 3c9a0000
6353 3c9a2000
6354 3c9a4000
6355 3c9a6000
6356 3c9a8000
6357 3c9aa000
6358 3c9ac000
6359 3c9ae000
6360 3c9b0000
6361 3c9b2000
6362 3c9b4000
6363 3c9b6000
6364 3c9b8000
6365 3c9ba000
6366 3c9bc000
6367 3c9be000
6368 3c9c0000
6369 3c9c2000
6370 3c9c4000
6371 3c9c6000
6372 3c9c8000
6373 3c9ca000
6374 3c9cc000
6375 3c9ce000
6376 3c9d0000
6377 3c9d2000
6378 3c9d4000
6379 3c9d6000
6380 3c9d8000
6381 3c9da000
6382 3c9dc000
6383 3c9de000
6384 3c9e0000
6385 3c9e2000
6386 3c9e4000
6387 3c9e6000
6388 3c9e8000
6389 3c9ea000
6390 3c9ec000
6391 3c9ee000
6392 3c9f0000
6393 3c9f2000
6394 3c9f4000
6395 3c9f6000
6396 3c9f8000
6397 3c9fa000
6398 3c9fc000
6399 3c9fe000
6400 3ca00000
6401 3ca02000
6402 3ca04000
6403 3ca06000
6404 3ca08000
6405 3ca0a000
6406 3ca0c000
6407 3ca0e000
6408 3ca10000
6409 3ca12000
6410 3ca14000
6411 3ca16000
6412 3ca18000
6413 3ca1a000
6414 3ca1c000
6415 3ca1e000
6416 3ca20000
6417 3ca22000
6418 3ca24000
6419 3ca26000
6420 3ca28000
6421 3ca2a000
6422 3ca2c000
6423 3ca2e000
6424 3ca30000
6425 3ca32000
6426 3ca34000
6427 3ca36000
6428 3ca38000
6429 3ca3a000
6430 3ca3c000
6431 3ca3e000
6432 3ca40000
6433 3ca42000
6434 3ca44000
6435 3ca46000
6436 3ca48000
6437 3ca4a000
6438 3ca4c000
6439 3ca4e000
6440 3ca50000
6441 3ca52000
6442 3ca54000
6443 3ca56000
6444 3ca58000
6445 3ca5a000
6446 3ca5c000
6447 3ca5e000
6448 3ca60000
6449 3ca62000
6450 3ca64000
6451 3ca66000
6452 3ca68000
6453 3ca6a000
6454 3ca6c000
6455 3ca6e000
6456 3ca70000
6457 3ca72000
6458 3ca74000
6459 3ca76000
6460 3ca78000
6461 3ca7a000
6462 3ca7c000
6463 3ca7e000
6464 3ca80000
6465 3ca82000
6466 3ca84000
6467 3ca86000
6468 3ca88000
6469 3ca8a000
6470 3ca8c000
6471 3ca8e000
6472 3ca90000
6473 3ca92000
6474 3ca94000
6475 3ca96000
6476 3ca98000
6477 3ca9a000
6478 3ca9c000
6479 3ca9e000
6480 3caa0000
6481 3caa2000
6482 3caa4000
6483 3caa6000
6484 3caa8000
6485 3caaa000
6486 3caac000
6487 3caae000
6488 3cab0000
6489 3cab2000
6490 3cab4000
6491 3cab6000
6492 3cab8000
6493 3caba000
6494 3cabc000
6495 3cabe000
6496 3cac0000
6497 3cac2000
6498 3cac4000
6499 3cac6000
6500 3cac8000
6501 3caca000
6502 3cacc000
6503 3cace000
6504 3cad0000
6505 3cad2000
6506 3cad4000
6507 3cad6000
6508 3cad8000
6509 3cada000
6510 3cadc000
6511 3cade000
6512 3cae0000
6513 3cae2000
6514 3cae4000
6515 3cae6000
6516 3cae8000
6517 3caea000
6518 3caec000
6519 3caee000
6520 3caf0000
6521 3caf2000
6522 3caf4000
6523 3caf6000
6524 3caf8000
6525 3cafa000
6526 3cafc000
6527 3cafe000
6528 3cb00000
6529 3cb02000
6530 3cb04000
6531 3cb06000
6532 3cb08000
6533 3cb0a000
6534 3cb0c000
6535 3cb0e000
6536 3cb10000
6537 3cb12000
6538 3cb14000
6539 3cb16000
6540 3cb18000
6541 3cb1a000
6542 3cb1c000
6543 3cb1e000
6544 3cb20000
6545 3cb22000
6546 3cb24000
6547 3cb26000
6548 3cb28000
6549 3cb2a000
6550 3cb2c000
6551 3cb2e000
6552 3cb30000
6553 3cb32000
6554 3cb34000
6555 3cb36000
6556 3cb38000
6557 3cb3a000
6558 3cb3c000
6559 3cb3e000
6560 3cb40000
6561 3cb42000
6562 3cb44000
6563 3cb46000
6564 3cb48000
6565 3cb4a000
6566 3cb4c000
6567 3cb4e000
6568 3cb50000
6569 3cb52000
6570 3cb54000
6571 3cb56000
6572 3cb58000
6573 3cb5a000
6574 3cb5c000
6575 3cb5e000
6576 3cb60000
6577 3cb62000
6578 3cb64000
6579 3cb66000
6580 3cb68000
6581 3cb6a000
6582 3cb6c000
6583 3cb6e000
6584 3cb70000
6585 3cb72000
6586 3cb74000
6587 3cb76000
6588 3cb78000
6589 3cb7a000
6590 3cb7c000
6591 3cb7e000
6592 3cb80000
6593 3cb82000
6594 3cb84000
6595 3cb86000
6596 3cb88000
6597 3cb8a000
6598 3cb8c000
6599 3cb8e000
6600 3cb90000
6601 3cb92000
6602 3cb94000
6603 3cb96000
6604 3cb98000
6605 3cb9a000
6606 3cb9c000
6607 3cb9e000
6608 3cba0000
6609 3cba2000
6610 3cba4000
6611 3cba6000
6612 3cba8000
6613 3cbaa000
6614 3cbac000
6615 3cbae000
6616 3cbb0000
6617 3cbb2000
6618 3cbb4000
6619 3cbb6000
6620 3cbb8000
6621 3cbba000
6622 3cbbc000
6623 3cbbe000
6624 3cbc0000
6625 3cbc2000
6626 3cbc4000
6627 3cbc6000
6628 3cbc8000
6629 3cbca000
6630 3cbcc000
6631 3cbce000
6632 3cbd0000
6633 3cbd2000
6634 3cbd4000
6635 3cbd6000
6636 3cbd8000
6637 3cbda000
6638 3cbdc000
6639 3cbde000
6640 3cbe0000
6641 3cbe2000
6642 3cbe4000
6643 3cbe6000
6644 3cbe8000
6645 3cbea000
6646 3cbec000
6647 3cbee000
6648 3cbf0000
6649 3cbf2000
6650 3cbf4000
6651 3cbf6000
6652 3cbf8000
6653 3cbfa000
6654 3cbfc000
6655 3cbfe000
6656 3cc00000
6657 3cc02000
6658 3cc04000
6659 3cc06000
6660 3cc08000
6661 3cc0a000
6662 3cc0c000
6663 3cc0e000
6664 3cc10000
6665 3cc12000
6666 3cc14000
6667 3cc16000
6668 3cc18000
6669 3cc1a000
6670 3cc1c000
6671 3cc1e000
6672 3cc20000
6673 3cc22000
6674 3cc24000
6675 3cc26000
6676 3cc28000
6677 3cc2a000
6678 3cc2c000
6679 3cc2e000
6680 3cc30000
6681 3cc32000
6682 3cc34000
6683 3cc36000
6684 3cc38000
6685 3cc3a000
6686 3cc3c000
6687 3cc3e000
6688 3cc40000
6689 3cc42000
6690 3cc44000
6691 3cc46000
6692 3cc48000
6693 3cc4a000
6694 3cc4c000
6695 3cc4e000
6696 3cc50000
6697 3cc52000
6698 3cc54000
6699 3cc56000
6700 3cc58000
6701 3cc5a000
6702 3cc5c000
6703 3cc5e000
6704 3cc60000
6705 3cc62000
6706 3cc64000
6707 3cc66000
6708 3cc68000
6709 3cc6a000
6710 3cc6c000
6711 3cc6e000
6712 3cc70000
6713 3cc72000
6714 3cc74000
6715 3cc76000
6716 3cc78000
6717 3cc7a000
6718 3cc7c000
6719 3cc7e000
6720 3cc80000
6721 3cc82000
6722 3cc84000
6723 3cc86000
6724 3cc88000
6725 3cc8a000
6726 3cc8c000
6727 3cc8e000
6728 3cc90000
6729 3cc92000
6730 3cc94000
6731 3cc96000
6732 3cc98000
6733 3cc9a000
6734 3cc9c000
6735 3cc9e000
6736 3cca0000
6737 3cca2000
6738 3cca4000
6739 3cca6000
6740 3cca8000
6741 3ccaa000
6742 3ccac000
6743 3ccae000
6744 3ccb0000
6745 3ccb2000
6746 3ccb4000
6747 3ccb6000
6748 3ccb8000
6749 3ccba000
6750 3ccbc000
6751 3ccbe000
6752 3ccc0000
6753 3ccc2000
6754 3ccc4000
6755 3ccc6000
6756 3ccc8000
6757 3ccca000
6758 3cccc000
6759 3ccce000
6760 3ccd0000
6761 3ccd2000
6762 3ccd4000
6763 3ccd6000
6764 3ccd8000
6765 3ccda000
6766 3ccdc000
6767 3ccde000
6768 3cce0000
6769 3cce2000
6770 3cce4000
6771 3cce6000
6772 3cce8000
6773 3ccea000
6774 3ccec000
6775 3ccee000
6776 3ccf0000
6777 3ccf2000
6778 3ccf4000
6779 3ccf6000
6780 3ccf8000
6781 3ccfa000
6782 3ccfc000
6783 3ccfe000
6784 3cd00000
6785 3cd02000
6786 3cd04000
6787 3cd06000
6788 3cd08000
6789 3cd0a000
6790 3cd0c000
6791 3cd0e000
6792 3cd10000
6793 3cd12000
6794 3cd14000
6795 3cd16000
6796 3cd18000
6797 3cd1a000
6798 3cd1c000
6799 3cd1e000
6800 3cd20000
6801 3cd22000
6802 3cd24000
6803 3cd26000
6804 3cd28000
6805 3cd2a000
6806 3cd2c000
6807 3cd2e000
6808 3cd30000
6809 3cd32000
6810 3cd34000
6811 3cd36000
6812 3cd38000
6813 3cd3a000
6814 3cd3c000
6815 3cd3e000
6816 3cd40000
6817 3cd42000
6818 3cd44000
6819 3cd46000
6820 3cd48000
6821 3cd4a000
6822 3cd4c000
6823 3cd4e000
6824 3cd50000
6825 3cd52000
6826 3cd54000
6827 3cd56000
6828 3cd58000
6829 3cd5a000
6830 3cd5c000
6831 3cd5e000
6832 3cd60000
6833 3cd62000
6834 3cd64000
6835 3cd66000
6836 3cd68000
6837 3cd6a000
6838 3cd6c000
6839 3cd6e000
6840 3cd70000
6841 3cd72000
6842 3cd74000
6843 3cd76000
6844 3cd78000
6845 3cd7a000
6846 3cd7c000
6847 3cd7e000
6848 3cd80000
6849 3cd82000
6850 3cd84000
6851 3cd86000
6852 3cd88000
6853 3cd8a000
6854 3cd8c000
6855 3cd8e000
6856 3cd90000
6857 3cd92000
6858 3cd94000
6859 3cd96000
6860 3cd98000
6861 3cd9a000
6862 3cd9c000
6863 3cd9e000
6864 3cda0000
6865 3cda2000
6866 3cda4000
6867 3cda6000
6868 3cda8000
6869 3cdaa000
6870 3cdac000
6871 3cdae000
6872 3cdb0000
6873 3cdb2000
6874 3cdb4000
6875 3cdb6000
6876 3cdb8000
6877 3cdba000
6878 3cdbc000
6879 3cdbe000
6880 3cdc0000
6881 3cdc2000
6882 3cdc4000
6883 3cdc6000
6884 3cdc8000
6885 3cdca000
6886 3cdcc000
6887 3cdce000
6888 3cdd0000
6889 3cdd2000
6890 3cdd4000
6891 3cdd6000
6892 3cdd8000
6893 3cdda000
6894 3cddc000
6895 3cdde000
6896 3cde0000
6897 3cde2000
6898 3cde4000
6899 3cde6000
6900 3cde8000
6901 3cdea000
6902 3cdec000
6903 3cdee000
6904 3cdf0000
6905 3cdf2000
6906 3cdf4000
6907 3cdf6000
6908 3cdf8000
6909 3cdfa000
6910 3cdfc000
6911 3cdfe000
6912 3ce00000
6913 3ce02000
6914 3ce04000
6915 3ce06000
6916 3ce08000
6917 3ce0a000
6918 3ce0c000
6919 3ce0e000
6920 3ce10000
6921 3ce12000
6922 3ce14000
6923 3ce16000
6924 3ce18000
6925 3ce1a000
6926 3ce1c000
6927 3ce1e000
6928 3ce20000
6929 3ce22000
6930 3ce24000
6931 3ce26000
6932 3ce28000
6933 3ce2a000
6934 3ce2c000
6935 3ce2e000
6936 3ce30000
6937 3ce32000
6938 3ce34000
6939 3ce36000
6940 3ce38000
6941 3ce3a000
6942 3ce3c000
6943 3ce3e000
6944 3ce40000
6945 3ce42000
6946 3ce44000
6947 3ce46000
6948 3ce48000
6949 3ce4a000
6950 3ce4c000
6951 3ce4e000
6952 3ce50000
6953 3ce52000
6954 3ce54000
6955 3ce56000
6956 3ce58000
6957 3ce5a000
6958 3ce5c000
6959 3ce5e000
6960 3ce60000
6961 3ce62000
6962 3ce64000
6963 3ce66000
6964 3ce68000
6965 3ce6a000
6966 3ce6c000
6967 3ce6e000
6968 3ce70000
6969 3ce72000
6970 3ce74000
6971 3ce76000
6972 3ce78000
6973 3ce7a000
6974 3ce7c000
6975 3ce7e000
6976 3ce80000
6977 3ce82000
6978 3ce84000
6979 3ce86000
6980 3ce88000
6981 3ce8a000
6982 3ce8c000
6983 3ce8e000
6984 3ce90000
6985 3ce92000
6986 3ce94000
6987 3ce96000
6988 3ce98000
6989 3ce9a000
6990 3ce9c000
6991 3ce9e000
6992 3cea0000
6993 3cea2000
6994 3cea4000
6995 3cea6000
6996 3cea8000
6997 3ceaa000
6998 3ceac000
6999 3ceae000
7000 3ceb0000
7001 3ceb2000
7002 3ceb4000
7003 3ceb6000
7004 3ceb8000
7005 3ceba000
7006 3cebc000
7007 3cebe000
7008 3cec0000
7009 3cec2000
7010 3cec4000
7011 3cec6000
7012 3cec8000
7013 3ceca000
7014 3cecc000
7015 3cece000
7016 3ced0000
7017 3ced2000
7018 3ced4000
7019 3ced6000
7020 3ced8000
7021 3ceda000
7022 3cedc000
7023 3cede000
7024 3cee0000
7025 3cee2000
7026 3cee4000
7027 3cee6000
7028 3cee8000
7029 3ceea000
7030 3ceec000
7031 3ceee000
7032 3cef0000
7033 3cef2000
7034 3cef4000
7035 3cef6000
7036 3cef8000
7037 3cefa000
7038 3cefc000
7039 3cefe000
7040 3cf00000
7041 3cf02000
7042 3cf04000
7043 3cf06000
7044 3cf08000
7045 3cf0a000
7046 3cf0c000
7047 3cf0e000
7048 3cf10000
7049 3cf12000
7050 3cf14000
7051 3cf16000
7052 3cf18000
7053 3cf1a000
7054 3cf1c000
7055 3cf1e000
7056 3cf20000
7057 3cf22000
7058 3cf24000
7059 3cf26000
7060 3cf28000
7061 3cf2a000
7062 3cf2c000
7063 3cf2e000
7064 3cf30000
7065 3cf32000
7066 3cf34000
7067 3cf36000
7068 3cf38000
7069 3cf3a000
7070 3cf3c000
7071 3cf3e000
7072 3cf40000
7073 3cf42000
7074 3cf44000
7075 3cf46000
7076 3cf48000
7077 3cf4a000
7078 3cf4c000
7079 3cf4e000
7080 3cf50000
7081 3cf52000
7082 3cf54000
7083 3cf56000
7084 3cf58000
7085 3cf5a000
7086 3cf5c000
7087 3cf5e000
7088 3cf60000
7089 3cf62000
7090 3cf64000
7091 3cf66000
7092 3cf68000
7093 3cf6a000
7094 3cf6c000
7095 3cf6e000
7096 3cf70000
7097 3cf72000
7098 3cf74000
7099 3cf76000
7100 3cf78000
7101 3cf7a000
7102 3cf7c000
7103 3cf7e000
7104 3cf80000
7105 3cf82000
7106 3cf84000
7107 3cf86000
7108 3cf88000
7109 3cf8a000
7110 3cf8c000
7111 3cf8e000
7112 3cf90000
7113 3cf92000
7114 3cf94000
7115 3cf96000
7116 3cf98000
7117 3cf9a000
7118 3cf9c000
7119 3cf9e000
7120 3cfa0000
7121 3cfa2000
7122 3cfa4000
7123 3cfa6000
7124 3cfa8000
7125 3cfaa000
7126 3cfac000
7127 3cfae000
7128 3cfb0000
7129 3cfb2000
7130 3cfb4000
7131 3cfb6000
7132 3cfb8000
7133 3cfba000
7134 3cfbc000
7135 3cfbe000
7136 3cfc0000
7137 3cfc2000
7138 3cfc4000
7139 3cfc6000
7140 3cfc8000
7141 3cfca000
7142 3cfcc000
7143 3cfce000
7144 3cfd0000
7145 3cfd2000
7146 3cfd4000
7147 3cfd6000
7148 3cfd8000
7149 3cfda000
7150 3cfdc000
7151 3cfde000
7152 3cfe0000
7153 3cfe2000
7154 3cfe4000
7155 3cfe6000
7156 3cfe8000
7157 3cfea000
7158 3cfec000
7159 3cfee000
7160 3cff0000
7161 3cff2000
7162 3cff4000
7163 3cff6000
7164 3cff8000
7165 3cffa000
7166 3cffc000
7167 3cffe000
7168 3d000000
7169 3d002000
7170 3d004000
7171 3d006000
7172 3d008000
7173 3d00a000
7174 3d00c000
7175 3d00e000
7176 3d010000
7177 3d012000
7178 3d014000
7179 3d016000
7180 3d018000
7181 3d01a000
7182 3d01c000
7183 3d01e000
7184 3d020000
7185 3d022000
7186 3d024000
7187 3d026000
7188 3d028000
7189 3d02a000
7190 3d02c000
7191 3d02e000
7192 3d030000
7193 3d032000
7194 3d034000
7195 3d036000
7196 3d038000
7197 3d03a000
7198 3d03c000
7199 3d03e000
7200 3d040000
7201 3d042000
7202 3d044000
7203 3d046000
7204 3d048000
7205 3d04a000
7206 3d04c000
7207 3d04e000
7208 3d050000
7209 3d052000
7210 3d054000
7211 3d056000
7212 3d058000
7213 3d05a000
7214 3d05c000
7215 3d05e000
7216 3d060000
7217 3d062000
7218 3d064000
7219 3d066000
7220 3d068000
7221 3d06a000
7222 3d06c000
7223 3d06e000
7224 3d070000
7225 3d072000
7226 3d074000
7227 3d076000
7228 3d078000
7229 3d07a000
7230 3d07c000
7231 3d07e000
7232 3d080000
7233 3d082000
7234 3d084000
7235 3d086000
7236 3d088000
7237 3d08a000
7238 3d08c000
7239 3d08e000
7240 3d090000
7241 3d092000
7242 3d094000
7243 3d096000
7244 3d098000
7245 3d09a000
7246 3d09c000
7247 3d09e000
7248 3d0a0000
7249 3d0a2000
7250 3d0a4000
7251 3d0a6000
7252 3d0a8000
7253 3d0aa000
7254 3d0ac000
7255 3d0ae000
7256 3d0b0000
7257 3d0b2000
7258 3d0b4000
7259 3d0b6000
7260 3d0b8000
7261 3d0ba000
7262 3d0bc000
7263 3d0be000
7264 3d0c0000
7265 3d0c2000
7266 3d0c4000
7267 3d0c6000
7268 3d0c8000
7269 3d0ca000
7270 3d0cc000
7271 3d0ce000
7272 3d0d0000
7273 3d0d2000
7274 3d0d4000
7275 3d0d6000
7276 3d0d8000
7277 3d0da000
7278 3d0dc000
7279 3d0de000
7280 3d0e0000
7281 3d0e2000
7282 3d0e4000
7283 3d0e6000
7284 3d0e8000
7285 3d0ea000
7286 3d0ec000
7287 3d0ee000
7288 3d0f0000
7289 3d0f2000
7290 3d0f4000
7291 3d0f6000
7292 3d0f8000
7293 3d0fa000
7294 3d0fc000
7295 3d0fe000
7296 3d100000
7297 3d102000
7298 3d104000
7299 3d106000
7300 3d108000
7301 3d10a000
7302 3d10c000
7303 3d10e000
7304 3d110000
7305 3d112000
7306 3d114000
7307 3d116000
7308 3d118000
7309 3d11a000
7310 3d11c000
7311 3d11e000
7312 3d120000
7313 3d122000
7314 3d124000
7315 3d126000
7316 3d128000
7317 3d12a000
7318 3d12c000
7319 3d12e000
7320 3d130000
7321 3d132000
7322 3d134000
7323 3d136000
7324 3d138000
7325 3d13a000
7326 3d13c000
7327 3d13e000
7328 3d140000
7329 3d142000
7330 3d144000
7331 3d146000
7332 3d148000
7333 3d14a000
7334 3d14c000
7335 3d14e000
7336 3d150000
7337 3d152000
7338 3d154000
7339 3d156000
7340 3d158000
7341 3d15a000
7342 3d15c000
7343 3d15e000
7344 3d160000
7345 3d162000
7346 3d164000
7347 3d166000
7348 3d168000
7349 3d16a000
7350 3d16c000
7351 3d16e000
7352 3d170000
7353 3d172000
7354 3d174000
7355 3d176000
7356 3d178000
7357 3d17a000
7358 3d17c000
7359 3d17e000
7360 3d180000
7361 3d182000
7362 3d184000
7363 3d186000
7364 3d188000
7365 3d18a000
7366 3d18c000
7367 3d18e000
7368 3d190000
7369 3d192000
7370 3d194000
7371 3d196000
7372 3d198000
7373 3d19a000
7374 3d19c000
7375 3d19e000
7376 3d1a0000
7377 3d1a2000
7378 3d1a4000
7379 3d1a6000
7380 3d1a8000
7381 3d1aa000
7382 3d1ac000
7383 3d1ae000
7384 3d1b0000
7385 3d1b2000
7386 3d1b4000
7387 3d1b6000
7388 3d1b8000
7389 3d1ba000
7390 3d1bc000
7391 3d1be000
7392 3d1c0000
7393 3d1c2000
7394 3d1c4000
7395 3d1c6000
7396 3d1c8000
7397 3d1ca000
7398 3d1cc000
7399 3d1ce000
7400 3d1d0000
7401 3d1d2000
7402 3d1d4000
7403 3d1d6000
7404 3d1d8000
7405 3d1da000
7406 3d1dc000
7407 3d1de000
7408 3d1e0000
7409 3d1e2000
7410 3d1e4000
7411 3d1e6000
7412 3d1e8000
7413 3d1ea000
7414 3d1ec000
7415 3d1ee000
7416 3d1f0000
7417 3d1f2000
7418 3d1f4000
7419 3d1f6000
7420 3d1f8000
7421 3d1fa000
7422 3d1fc000
7423 3d1fe000
7424 3d200000
7425 3d202000
7426 3d204000
7427 3d206000
7428 3d208000
7429 3d20a000
7430 3d20c000
7431 3d20e000
7432 3d210000
7433 3d212000
7434 3d214000
7435 3d216000
7436 3d218000
7437 3d21a000
7438 3d21c000
7439 3d21e000
7440 3d220000
7441 3d222000
7442 3d224000
7443 3d226000
7444 3d228000
7445 3d22a000
7446 3d22c000
7447 3d22e000
7448 3d230000
7449 3d232000
7450 3d234000
7451 3d236000
7452 3d238000
7453 3d23a000
7454 3d23c000
7455 3d23e000
7456 3d240000
7457 3d242000
7458 3d244000
7459 3d246000
7460 3d248000
7461 3d24a000
7462 3d24c000
7463 3d24e000
7464 3d250000
7465 3d252000
7466 3d254000
7467 3d256000
7468 3d258000
7469 3d25a000
7470 3d25c000
7471 3d25e000
7472 3d260000
7473 3d262000
7474 3d264000
7475 3d266000
7476 3d268000
7477 3d26a000
7478 3d26c000
7479 3d26e000
7480 3d270000
7481 3d272000
7482 3d274000
7483 3d276000
7484 3d278000
7485 3d27a000
7486 3d27c000
7487 3d27e000
7488 3d280000
7489 3d282000
7490 3d284000
7491 3d286000
7492 3d288000
7493 3d28a000
7494 3d28c000
7495 3d28e000
7496 3d290000
7497 3d292000
7498 3d294000
7499 3d296000
7500 3d298000
7501 3d29a000
7502 3d29c000
7503 3d29e000
7504 3d2a0000
7505 3d2a2000
7506 3d2a4000
7507 3d2a6000
7508 3d2a8000
7509 3d2aa000
7510 3d2ac000
7511 3d2ae000
7512 3d2b0000
7513 3d2b2000
7514 3d2b4000
7515 3d2b6000
7516 3d2b8000
7517 3d2ba000
7518 3d2bc000
7519 3d2be000
7520 3d2c0000
7521 3d2c2000
7522 3d2c4000
7523 3d2c6000
7524 3d2c8000
7525 3d2ca000
7526 3d2cc000
7527 3d2ce000
7528 3d2d0000
7529 3d2d2000
7530 3d2d4000
7531 3d2d6000
7532 3d2d8000
7533 3d2da000
7534 3d2dc000
7535 3d2de000
7536 3d2e0000
7537 3d2e2000
7538 3d2e4000
7539 3d2e6000
7540 3d2e8000
7541 3d2ea000
7542 3d2ec000
7543 3d2ee000
7544 3d2f0000
7545 3d2f2000
7546 3d2f4000
7547 3d2f6000
7548 3d2f8000
7549 3d2fa000
7550 3d2fc000
7551 3d2fe000
7552 3d300000
7553 3d302000
7554 3d304000
7555 3d306000
7556 3d308000
7557 3d30a000
7558 3d30c000
7559 3d30e000
7560 3d310000
7561 3d312000
7562 3d314000
7563 3d316000
7564 3d318000
7565 3d31a000
7566 3d31c000
7567 3d31e000
7568 3d320000
7569 3d322000
7570 3d324000
7571 3d326000
7572 3d328000
7573 3d32a000
7574 3d32c000
7575 3d32e000
7576 3d330000
7577 3d332000
7578 3d334000
7579 3d336000
7580 3d338000
7581 3d33a000
7582 3d33c000
7583 3d33e000
7584 3d340000
7585 3d342000
7586 3d344000
7587 3d346000
7588 3d348000
7589 3d34a000
7590 3d34c000
7591 3d34e000
7592 3d350000
7593 3d352000
7594 3d354000
7595 3d356000
7596 3d358000
7597 3d35a000
7598 3d35c000
7599 3d35e000
7600 3d360000
7601 3d362000
7602 3d364000
7603 3d366000
7604 3d368000
7605 3d36a000
7606 3d36c000
7607 3d36e000
7608 3d370000
7609 3d372000
7610 3d374000
7611 3d376000
7612 3d378000
7613 3d37a000
7614 3d37c000
7615 3d37e000
7616 3d380000
7617 3d382000
7618 3d384000
7619 3d386000
7620 3d388000
7621 3d38a000
7622 3d38c000
7623 3d38e000
7624 3d390000
7625 3d392000
7626 3d394000
7627 3d396000
7628 3d398000
7629 3d39a000
7630 3d39c000
7631 3d39e000
7632 3d3a0000
7633 3d3a2000
7634 3d3a4000
7635 3d3a6000
7636 3d3a8000
7637 3d3aa000
7638 3d3ac000
7639 3d3ae000
7640 3d3b0000
7641 3d3b2000
7642 3d3b4000
7643 3d3b6000
7644 3d3b8000
7645 3d3ba000
7646 3d3bc000
7647 3d3be000
7648 3d3c0000
7649 3d3c2000
7650 3d3c4000
7651 3d3c6000
7652 3d3c8000
7653 3d3ca000
7654 3d3cc000
7655 3d3ce000
7656 3d3d0000
7657 3d3d2000
7658 3d3d4000
7659 3d3d6000
7660 3d3d8000
7661 3d3da000
7662 3d3dc000
7663 3d3de000
7664 3d3e0000
7665 3d3e2000
7666 3d3e4000
7667 3d3e6000
7668 3d3e8000
7669 3d3ea000
7670 3d3ec000
7671 3d3ee000
7672 3d3f0000
7673 3d3f2000
7674 3d3f4000
7675 3d3f6000
7676 3d3f8000
7677 3d3fa000
7678 3d3fc000
7679 3d3fe000
7680 3d400000
7681 3d402000
7682 3d404000
7683 3d406000
7684 3d408000
7685 3d40a000
7686 3d40c000
7687 3d40e000
7688 3d410000
7689 3d412000
7690 3d414000
7691 3d416000
7692 3d418000
7693 3d41a000
7694 3d41c000
7695 3d41e000
7696 3d420000
7697 3d422000
7698 3d424000
7699 3d426000
7700 3d428000
7701 3d42a000
7702 3d42c000
7703 3d42e000
7704 3d430000
7705 3d432000
7706 3d434000
7707 3d436000
7708 3d438000
7709 3d43a000
7710 3d43c000
7711 3d43e000
7712 3d440000
7713 3d442000
7714 3d444000
7715 3d446000
7716 3d448000
7717 3d44a000
7718 3d44c000
7719 3d44e000
7720 3d450000
7721 3d452000
7722 3d454000
7723 3d456000
7724 3d458000
7725 3d45a000
7726 3d45c000
7727 3d45e000
7728 3d460000
7729 3d462000
7730 3d464000
7731 3d466000
7732 3d468000
7733 3d46a000
7734 3d46c000
7735 3d46e000
7736 3d470000
7737 3d472000
7738 3d474000
7739 3d476000
7740 3d478000
7741 3d47a000
7742 3d47c000
7743 3d47e000
7744 3d480000
7745 3d482000
7746 3d484000
7747 3d486000
7748 3d488000
7749 3d48a000
7750 3d48c000
7751 3d48e000
7752 3d490000
7753 3d492000
7754 3d494000
7755 3d496000
7756 3d498000
7757 3d49a000
7758 3d49c000
7759 3d49e000
7760 3d4a0000
7761 3d4a2000
7762 3d4a4000
7763 3d4a6000
7764 3d4a8000
7765 3d4aa000
7766 3d4ac000
7767 3d4ae000
7768 3d4b0000
7769 3d4b2000
7770 3d4b4000
7771 3d4b6000
7772 3d4b8000
7773 3d4ba000
7774 3d4bc000
7775 3d4be000
7776 3d4c0000
7777 3d4c2000
7778 3d4c4000
7779 3d4c6000
7780 3d4c8000
7781 3d4ca000
7782 3d4cc000
7783 3d4ce000
7784 3d4d0000
7785 3d4d2000
7786 3d4d4000
7787 3d4d6000
7788 3d4d8000
7789 3d4da000
7790 3d4dc000
7791 3d4de000
7792 3d4e0000
7793 3d4e2000
7794 3d4e4000
7795 3d4e6000
7796 3d4e8000
7797 3d4ea000
7798 3d4ec000
7799 3d4ee000
7800 3d4f0000
7801 3d4f2000
7802 3d4f4000
7803 3d4f6000
7804 3d4f8000
7805 3d4fa000
7806 3d4fc000
7807 3d4fe000
7808 3d500000
7809 3d502000
7810 3d504000
7811 3d506000
7812 3d508000
7813 3d50a000
7814 3d50c000
7815 3d50e000
7816 3d510000
7817 3d512000
7818 3d514000
7819 3d516000
7820 3d518000
7821 3d51a000
7822 3d51c000
7823 3d51e000
7824 3d520000
7825 3d522000
7826 3d524000
7827 3d526000
7828 3d528000
7829 3d52a000
7830 3d52c000
7831 3d52e000
7832 3d530000
7833 3d532000
7834 3d534000
7835 3d536000
7836 3d538000
7837 3d53a000
7838 3d53c000
7839 3d53e000
7840 3d540000
7841 3d542000
7842 3d544000
7843 3d546000
7844 3d548000
7845 3d54a000
7846 3d54c000
7847 3d54e000
7848 3d550000
7849 3d552000
7850 3d554000
7851 3d556000
7852 3d558000
7853 3d55a000
7854 3d55c000
7855 3d55e000
7856 3d560000
7857 3d562000
7858 3d564000
7859 3d566000
7860 3d568000
7861 3d56a000
7862 3d56c000
7863 3d56e000
7864 3d570000
7865 3d572000
7866 3d574000
7867 3d576000
7868 3d578000
7869 3d57a000
7870 3d57c000
7871 3d57e000
7872 3d580000
7873 3d582000
7874 3d584000
7875 3d586000
7876 3d588000
7877 3d58a000
7878 3d58c000
7879 3d58e000
7880 3d590000
7881 3d592000
7882 3d594000
7883 3d596000
7884 3d598000
7885 3d59a000
7886 3d59c000
7887 3d59e000
7888 3d5a0000
7889 3d5a2000
7890 3d5a4000
7891 3d5a6000
7892 3d5a8000
7893 3d5aa000
7894 3d5ac000
7895 3d5ae000
7896 3d5b0000
7897 3d5b2000
7898 3d5b4000
7899 3d5b6000
7900 3d5b8000
7901 3d5ba000
7902 3d5bc000
7903 3d5be000
7904 3d5c0000
7905 3d5c2000
7906 3d5c4000
7907 3d5c6000
7908 3d5c8000
7909 3d5ca000
7910 3d5cc000
7911 3d5ce000
7912 3d5d0000
7913 3d5d2000
7914 3d5d4000
7915 3d5d6000
7916 3d5d8000
7917 3d5da000
7918 3d5dc000
7919 3d5de000
7920 3d5e0000
7921 3d5e2000
7922 3d5e4000
7923 3d5e6000
7924 3d5e8000
7925 3d5ea000
7926 3d5ec000
7927 3d5ee000
7928 3d5f0000
7929 3d5f2000
7930 3d5f4000
7931 3d5f6000
7932 3d5f8000
7933 3d5fa000
7934 3d5fc000
7935 3d5fe000
7936 3d600000
7937 3d602000
7938 3d604000
7939 3d606000
7940 3d608000
7941 3d60a000
7942 3d60c000
7943 3d60e000
7944 3d610000
7945 3d612000
7946 3d614000
7947 3d616000
7948 3d618000
7949 3d61a000
7950 3d61c000
7951 3d61e000
7952 3d620000
7953 3d622000
7954 3d624000
7955 3d626000
7956 3d628000
7957 3d62a000
7958 3d62c000
7959 3d62e000
7960 3d630000
7961 3d632000
7962 3d634000
7963 3d636000
7964 3d638000
7965 3d63a000
7966 3d63c000
7967 3d63e000
7968 3d640000
7969 3d642000
7970 3d644000
7971 3d646000
7972 3d648000
7973 3d64a000
7974 3d64c000
7975 3d64e000
7976 3d650000
7977 3d652000
7978 3d654000
7979 3d656000
7980 3d658000
7981 3d65a000
7982 3d65c000
7983 3d65e000
7984 3d660000
7985 3d662000
7986 3d664000
7987 3d666000
7988 3d668000
7989 3d66a000
7990 3d66c000
7991 3d66e000
7992 3d670000
7993 3d672000
7994 3d674000
7995 3d676000
7996 3d678000
7997 3d67a000
7998 3d67c000
7999 3d67e000
8000 3d680000
8001 3d682000
8002 3d684000
8003 3d686000
8004 3d688000
8005 3d68a000
8006 3d68c000
8007 3d68e000
8008 3d690000
8009 3d692000
8010 3d694000
8011 3d696000
8012 3d698000
8013 3d69a000
8014 3d69c000
8015 3d69e000
8016 3d6a0000
8017 3d6a2000
8018 3d6a4000
8019 3d6a6000
8020 3d6a8000
8021 3d6aa000
8022 3d6ac000
8023 3d6ae000
8024 3d6b0000
8025 3d6b2000
8026 3d6b4000
8027 3d6b6000
8028 3d6b8000
8029 3d6ba000
8030 3d6bc000
8031 3d6be000
8032 3d6c0000
8033 3d6c2000
8034 3d6c4000
8035 3d6c6000
8036 3d6c8000
8037 3d6ca000
8038 3d6cc000
8039 3d6ce000
8040 3d6d0000
8041 3d6d2000
8042 3d6d4000
8043 3d6d6000
8044 3d6d8000
8045 3d6da000
8046 3d6dc000
8047 3d6de000
8048 3d6e0000
8049 3d6e2000
8050 3d6e4000
8051 3d6e6000
8052 3d6e8000
8053 3d6ea000
8054 3d6ec000
8055 3d6ee000
8056 3d6f0000
8057 3d6f2000
8058 3d6f4000
8059 3d6f6000
8060 3d6f8000
8061 3d6fa000
8062 3d6fc000
8063 3d6fe000
8064 3d700000
8065 3d702000
8066 3d704000
8067 3d706000
8068 3d708000
8069 3d70a000
8070 3d70c000
8071 3d70e000
8072 3d710000
8073 3d712000
8074 3d714000
8075 3d716000
8076 3d718000
8077 3d71a000
8078 3d71c000
8079 3d71e000
8080 3d720000
8081 3d722000
8082 3d724000
8083 3d726000
8084 3d728000
8085 3d72a000
8086 3d72c000
8087 3d72e000
8088 3d730000
8089 3d732000
8090 3d734000
8091 3d736000
8092 3d738000
8093 3d73a000
8094 3d73c000
8095 3d73e000
8096 3d740000
8097 3d742000
8098 3d744000
8099 3d746000
8100 3d748000
8101 3d74a000
8102 3d74c000
8103 3d74e000
8104 3d750000
8105 3d752000
8106 3d754000
8107 3d756000
8108 3d758000
8109 3d75a000
8110 3d75c000
8111 3d75e000
8112 3d760000
8113 3d762000
8114 3d764000
8115 3d766000
8116 3d768000
8117 3d76a000
8118 3d76c000
8119 3d76e000
8120 3d770000
8121 3d772000
8122 3d774000
8123 3d776000
8124 3d778000
8125 3d77a000
8126 3d77c000
8127 3d77e000
8128 3d780000
8129 3d782000
8130 3d784000
8131 3d786000
8132 3d788000
8133 3d78a000
8134 3d78c000
8135 3d78e000
8136 3d790000
8137 3d792000
8138 3d794000
8139 3d796000
8140 3d798000
8141 3d79a000
8142 3d79c000
8143 3d79e000
8144 3d7a0000
8145 3d7a2000
8146 3d7a4000
8147 3d7a6000
8148 3d7a8000
8149 3d7aa000
8150 3d7ac000
8151 3d7ae000
8152 3d7b0000
8153 3d7b2000
8154 3d7b4000
8155 3d7b6000
8156 3d7b8000
8157 3d7ba000
8158 3d7bc000
8159 3d7be000
8160 3d7c0000
8161 3d7c2000
8162 3d7c4000
8163 3d7c6000
8164 3d7c8000
8165 3d7ca000
8166 3d7cc000
8167 3d7ce000
8168 3d7d0000
8169 3d7d2000
8170 3d7d4000
8171 3d7d6000
8172 3d7d8000
8173 3d7da000
8174 3d7dc000
8175 3d7de000
8176 3d7e0000
8177 3d7e2000
8178 3d7e4000
8179 3d7e6000
8180 3d7e8000
8181 3d7ea000
8182 3d7ec000
8183 3d7ee000
8184 3d7f0000
8185 3d7f2000
8186 3d7f4000
8187 3d7f6000
8188 3d7f8000
8189 3d7fa000
8190 3d7fc000
8191 3d7fe000
8192 3d800000
8193 3d801000
8194 3d802000
8195 3d803000
8196 3d804000
8197 3d805000
8198 3d806000
8199 3d807000
8200 3d808000
8201 3d809000
8202 3d80a000
8203 3d80b000
8204 3d80c000
8205 3d80d000
8206 3d80e000
8207 3d80f000
8208 3d810000
8209 3d811000
8210 3d812000
8211 3d813000
8212 3d814000
8213 3d815000
8214 3d816000
8215 3d817000
8216 3d818000
8217 3d819000
8218 3d81a000
8219 3d81b000
8220 3d81c000
8221 3d81d000
8222 3d81e000
8223 3d81f000
8224 3d820000
8225 3d821000
8226 3d822000
8227 3d823000
8228 3d824000
8229 3d825000
8230 3d826000
8231 3d827000
8232 3d828000
8233 3d829000
8234 3d82a000
8235 3d82b000
8236 3d82c000
8237 3d82d000
8238 3d82e000
8239 3d82f000
8240 3d830000
8241 3d831000
8242 3d832000
8243 3d833000
8244 3d834000
8245 3d835000
8246 3d836000
8247 3d837000
8248 3d838000
8249 3d839000
8250 3d83a000
8251 3d83b000
8252 3d83c000
8253 3d83d000
8254 3d83e000
8255 3d83f000
8256 3d840000
8257 3d841000
8258 3d842000
8259 3d843000
8260 3d844000
8261 3d845000
8262 3d846000
8263 3d847000
8264 3d848000
8265 3d849000
8266 3d84a000
8267 3d84b000
8268 3d84c000
8269 3d84d000
8270 3d84e000
8271 3d84f000
8272 3d850000
8273 3d851000
8274 3d852000
8275 3d853000
8276 3d854000
8277 3d855000
8278 3d856000
8279 3d857000
8280 3d858000
8281 3d859000
8282 3d85a000
8283 3d85b000
8284 3d85c000
8285 3d85d000
8286 3d85e000
8287 3d85f000
8288 3d860000
8289 3d861000
8290 3d862000
8291 3d863000
8292 3d864000
8293 3d865000
8294 3d866000
8295 3d867000
8296 3d868000
8297 3d869000
8298 3d86a000
8299 3d86b000
8300 3d86c000
8301 3d86d000
8302 3d86e000
8303 3d86f000
8304 3d870000
8305 3d871000
8306 3d872000
8307 3d873000
8308 3d874000
8309 3d875000
8310 3d876000
8311 3d877000
8312 3d878000
8313 3d879000
8314 3d87a000
8315 3d87b000
8316 3d87c000
8317 3d87d000
8318 3d87e000
8319 3d87f000
8320 3d880000
8321 3d881000
8322 3d882000
8323 3d883000
8324 3d884000
8325 3d885000
8326 3d886000
8327 3d887000
8328 3d888000
8329 3d889000
8330 3d88a000
8331 3d88b000
8332 3d88c000
8333 3d88d000
8334 3d88e000
8335 3d88f000
8336 3d890000
8337 3d891000
8338 3d892000
8339 3d893000
8340 3d894000
8341 3d895000
8342 3d896000
8343 3d897000
8344 3d898000
8345 3d899000
8346 3d89a000
8347 3d89b000
8348 3d89c000
8349 3d89d000
8350 3d89e000
8351 3d89f000
8352 3d8a0000
8353 3d8a1000
8354 3d8a2000
8355 3d8a3000
8356 3d8a4000
8357 3d8a5000
8358 3d8a6000
8359 3d8a7000
8360 3d8a8000
8361 3d8a9000
8362 3d8aa000
8363 3d8ab000
8364 3d8ac000
8365 3d8ad000
8366 3d8ae000
8367 3d8af000
8368 3d8b0000
8369 3d8b1000
8370 3d8b2000
8371 3d8b3000
8372 3d8b4000
8373 3d8b5000
8374 3d8b6000
8375 3d8b7000
8376 3d8b8000
8377 3d8b9000
8378 3d8ba000
8379 3d8bb000
8380 3d8bc000
8381 3d8bd000
8382 3d8be000
8383 3d8bf000
8384 3d8c0000
8385 3d8c1000
8386 3d8c2000
8387 3d8c3000
8388 3d8c4000
8389 3d8c5000
8390 3d8c6000
8391 3d8c7000
8392 3d8c8000
8393 3d8c9000
8394 3d8ca000
8395 3d8cb000
8396 3d8cc000
8397 3d8cd000
8398 3d8ce000
8399 3d8cf000
8400 3d8d0000
8401 3d8d1000
8402 3d8d2000
8403 3d8d3000
8404 3d8d4000
8405 3d8d5000
8406 3d8d6000
8407 3d8d7000
8408 3d8d8000
8409 3d8d9000
8410 3d8da000
8411 3d8db000
8412 3d8dc000
8413 3d8dd000
8414 3d8de000
8415 3d8df000
8416 3d8e0000
8417 3d8e1000
8418 3d8e2000
8419 3d8e3000
8420 3d8e4000
8421 3d8e5000
8422 3d8e6000
8423 3d8e7000
8424 3d8e8000
8425 3d8e9000
8426 3d8ea000
8427 3d8eb000
8428 3d8ec000
8429 3d8ed000
8430 3d8ee000
8431 3d8ef000
8432 3d8f0000
8433 3d8f1000
8434 3d8f2000
8435 3d8f3000
8436 3d8f4000
8437 3d8f5000
8438 3d8f6000
8439 3d8f7000
8440 3d8f8000
8441 3d8f9000
8442 3d8fa000
8443 3d8fb000
8444 3d8fc000
8445 3d8fd000
8446 3d8fe000
8447 3d8ff000
8448 3d900000
8449 3d901000
8450 3d902000
8451 3d903000
8452 3d904000
8453 3d905000
8454 3d906000
8455 3d907000
8456 3d908000
8457 3d909000
8458 3d90a000
8459 3d90b000
8460 3d90c000
8461 3d90d000
8462 3d90e000
8463 3d90f000
8464 3d910000
8465 3d911000
8466 3d912000
8467 3d913000
8468 3d914000
8469 3d915000
8470 3d916000
8471 3d917000
8472 3d918000
8473 3d919000
8474 3d91a000
8475 3d91b000
8476 3d91c000
8477 3d91d000
8478 3d91e000
8479 3d91f000
8480 3d920000
8481 3d921000
8482 3d922000
8483 3d923000
8484 3d924000
8485 3d925000
8486 3d926000
8487 3d927000
8488 3d928000
8489 3d929000
8490 3d92a000
8491 3d92b000
8492 3d92c000
8493 3d92d000
8494 3d92e000
8495 3d92f000
8496 3d930000
8497 3d931000
8498 3d932000
8499 3d933000
8500 3d934000
8501 3d935000
8502 3d936000
8503 3d937000
8504 3d938000
8505 3d939000
8506 3d93a000
8507 3d93b000
8508 3d93c000
8509 3d93d000
8510 3d93e000
8511 3d93f000
8512 3d940000
8513 3d941000
8514 3d942000
8515 3d943000
8516 3d944000
8517 3d945000
8518 3d946000
8519 3d947000
8520 3d948000
8521 3d949000
8522 3d94a000
8523 3d94b000
8524 3d94c000
8525 3d94d000
8526 3d94e000
8527 3d94f000
8528 3d950000
8529 3d951000
8530 3d952000
8531 3d953000
8532 3d954000
8533 3d955000
8534 3d956000
8535 3d957000
8536 3d958000
8537 3d959000
8538 3d95a000
8539 3d95b000
8540 3d95c000
8541 3d95d000
8542 3d95e000
8543 3d95f000
8544 3d960000
8545 3d961000
8546 3d962000
8547 3d963000
8548 3d964000
8549 3d965000
8550 3d966000
8551 3d967000
8552 3d968000
8553 3d969000
8554 3d96a000
8555 3d96b000
8556 3d96c000
8557 3d96d000
8558 3d96e000
8559 3d96f000
8560 3d970000
8561 3d971000
8562 3d972000
8563 3d973000
8564 3d974000
8565 3d975000
8566 3d976000
8567 3d977000
8568 3d978000
8569 3d979000
8570 3d97a000
8571 3d97b000
8572 3d97c000
8573 3d97d000
8574 3d97e000
8575 3d97f000
8576 3d980000
8577 3d981000
8578 3d982000
8579 3d983000
8580 3d984000
8581 3d985000
8582 3d986000
8583 3d987000
8584 3d988000
8585 3d989000
8586 3d98a000
8587 3d98b000
8588 3d98c000
8589 3d98d000
8590 3d98e000
8591 3d98f000
8592 3d990000
8593 3d991000
8594 3d992000
8595 3d993000
8596 3d994000
8597 3d995000
8598 3d996000
8599 3d997000
8600 3d998000
8601 3d999000
8602 3d99a000
8603 3d99b000
8604 3d99c000
8605 3d99d000
8606 3d99e000
8607 3d99f000
8608 3d9a0000
8609 3d9a1000
8610 3d9a2000
8611 3d9a3000
8612 3d9a4000
8613 3d9a5000
8614 3d9a6000
8615 3d9a7000
8616 3d9a8000
8617 3d9a9000
8618 3d9aa000
8619 3d9ab000
8620 3d9ac000
8621 3d9ad000
8622 3d9ae000
8623 3d9af000
8624 3d9b0000
8625 3d9b1000
8626 3d9b2000
8627 3d9b3000
8628 3d9b4000
8629 3d9b5000
8630 3d9b6000
8631 3d9b7000
8632 3d9b8000
8633 3d9b9000
8634 3d9ba000
8635 3d9bb000
8636 3d9bc000
8637 3d9bd000
8638 3d9be000
8639 3d9bf000
8640 3d9c0000
8641 3d9c1000
8642 3d9c2000
8643 3d9c3000
8644 3d9c4000
8645 3d9c5000
8646 3d9c6000
8647 3d9c7000
8648 3d9c8000
8649 3d9c9000
8650 3d9ca000
8651 3d9cb000
8652 3d9cc000
8653 3d9cd000
8654 3d9ce000
8655 3d9cf000
8656 3d9d0000
8657 3d9d1000
8658 3d9d2000
8659 3d9d3000
8660 3d9d4000
8661 3d9d5000
8662 3d9d6000
8663 3d9d7000
8664 3d9d8000
8665 3d9d9000
8666 3d9da000
8667 3d9db000
8668 3d9dc000
8669 3d9dd000
8670 3d9de000
8671 3d9df000
8672 3d9e0000
8673 3d9e1000
8674 3d9e2000
8675 3d9e3000
8676 3d9e4000
8677 3d9e5000
8678 3d9e6000
8679 3d9e7000
8680 3d9e8000
8681 3d9e9000
8682 3d9ea000
8683 3d9eb000
8684 3d9ec000
8685 3d9ed000
8686 3d9ee000
8687 3d9ef000
8688 3d9f0000
8689 3d9f1000
8690 3d9f2000
8691 3d9f3000
8692 3d9f4000
8693 3d9f5000
8694 3d9f6000
8695 3d9f7000
8696 3d9f8000
8697 3d9f9000
8698 3d9fa000
8699 3d9fb000
8700 3d9fc000
8701 3d9fd000
8702 3d9fe000
8703 3d9ff000
8704 3da00000
8705 3da01000
8706 3da02000
8707 3da03000
8708 3da04000
8709 3da05000
8710 3da06000
8711 3da07000
8712 3da08000
8713 3da09000
8714 3da0a000
8715 3da0b000
8716 3da0c000
8717 3da0d000
8718 3da0e000
8719 3da0f000
8720 3da10000
8721 3da11000
8722 3da12000
8723 3da13000
8724 3da14000
8725 3da15000
8726 3da16000
8727 3da17000
8728 3da18000
8729 3da19000
8730 3da1a000
8731 3da1b000
8732 3da1c000
8733 3da1d000
8734 3da1e000
8735 3da1f000
8736 3da20000
8737 3da21000
8738 3da22000
8739 3da23000
8740 3da24000
8741 3da25000
8742 3da26000
8743 3da27000
8744 3da28000
8745 3da29000
8746 3da2a000
8747 3da2b000
8748 3da2c000
8749 3da2d000
8750 3da2e000
8751 3da2f000
8752 3da30000
8753 3da31000
8754 3da32000
8755 3da33000
8756 3da34000
8757 3da35000
8758 3da36000
8759 3da37000
8760 3da38000
8761 3da39000
8762 3da3a000
8763 3da3b000
8764 3da3c000
8765 3da3d000
8766 3da3e000
8767 3da3f000
8768 3da40000
8769 3da41000
8770 3da42000
8771 3da43000
8772 3da44000
8773 3da45000
8774 3da46000
8775 3da47000
8776 3da48000
8777 3da49000
8778 3da4a000
8779 3da4b000
8780 3da4c000
8781 3da4d000
8782 3da4e000
8783 3da4f000
8784 3da50000
8785 3da51000
8786 3da52000
8787 3da53000
8788 3da54000
8789 3da55000
8790 3da56000
8791 3da57000
8792 3da58000
8793 3da59000
8794 3da5a000
8795 3da5b000
8796 3da5c000
8797 3da5d000
8798 3da5e000
8799 3da5f000
8800 3da60000
8801 3da61000
8802 3da62000
8803 3da63000
8804 3da64000
8805 3da65000
8806 3da66000
8807 3da67000
8808 3da68000
8809 3da69000
8810 3da6a000
8811 3da6b000
8812 3da6c000
8813 3da6d000
8814 3da6e000
8815 3da6f000
8816 3da70000
8817 3da71000
8818 3da72000
8819 3da73000
8820 3da74000
8821 3da75000
8822 3da76000
8823 3da77000
8824 3da78000
8825 3da79000
8826 3da7a000
8827 3da7b000
8828 3da7c000
8829 3da7d000
8830 3da7e000
8831 3da7f000
8832 3da80000
8833 3da81000
8834 3da82000
8835 3da83000
8836 3da84000
8837 3da85000
8838 3da86000
8839 3da87000
8840 3da88000
8841 3da89000
8842 3da8a000
8843 3da8b000
8844 3da8c000
8845 3da8d000
8846 3da8e000
8847 3da8f000
8848 3da90000
8849 3da91000
8850 3da92000
8851 3da93000
8852 3da94000
8853 3da95000
8854 3da96000
8855 3da97000
8856 3da98000
8857 3da99000
8858 3da9a000
8859 3da9b000
8860 3da9c000
8861 3da9d000
8862 3da9e000
8863 3da9f000
8864 3daa0000
8865 3daa1000
8866 3daa2000
8867 3daa3000
8868 3daa4000
8869 3daa5000
8870 3daa6000
8871 3daa7000
8872 3daa8000
8873 3daa9000
8874 3daaa000
8875 3daab000
8876 3daac000
8877 3daad000
8878 3daae000
8879 3daaf000
8880 3dab0000
8881 3dab1000
8882 3dab2000
8883 3dab3000
8884 3dab4000
8885 3dab5000
8886 3dab6000
8887 3dab7000
8888 3dab8000
8889 3dab9000
8890 3daba000
8891 3dabb000
8892 3dabc000
8893 3dabd000
8894 3dabe000
8895 3dabf000
8896 3dac0000
8897 3dac1000
8898 3dac2000
8899 3dac3000
8900 3dac4000
8901 3dac5000
8902 3dac6000
8903 3dac7000
8904 3dac8000
8905 3dac9000
8906 3daca000
8907 3dacb000
8908 3dacc000
8909 3dacd000
8910 3dace000
8911 3dacf000
8912 3dad0000
8913 3dad1000
8914 3dad2000
8915 3dad3000
8916 3dad4000
8917 3dad5000
8918 3dad6000
8919 3dad7000
8920 3dad8000
8921 3dad9000
8922 3dada000
8923 3dadb000
8924 3dadc000
8925 3dadd000
8926 3dade000
8927 3dadf000
8928 3dae0000
8929 3dae1000
8930 3dae2000
8931 3dae3000
8932 3dae4000
8933 3dae5000
8934 3dae6000
8935 3dae7000
8936 3dae8000
8937 3dae9000
8938 3daea000
8939 3daeb000
8940 3daec000
8941 3daed000
8942 3daee000
8943 3daef000
8944 3daf0000
8945 3daf1000
8946 3daf2000
8947 3daf3000
8948 3daf4000
8949 3daf5000
8950 3daf6000
8951 3daf7000
8952 3daf8000
8953 3daf9000
8954 3dafa000
8955 3dafb000
8956 3dafc000
8957 3dafd000
8958 3dafe000
8959 3daff000
8960 3db00000
8961 3db01000
8962 3db02000
8963 3db03000
8964 3db04000
8965 3db05000
8966 3db06000
8967 3db07000
8968 3db08000
8969 3db09000
8970 3db0a000
8971 3db0b000
8972 3db0c000
8973 3db0d000
8974 3db0e000
8975 3db0f000
8976 3db10000
8977 3db11000
8978 3db12000
8979 3db13000
8980 3db14000
8981 3db15000
8982 3db16000
8983 3db17000
8984 3db18000
8985 3db19000
8986 3db1a000
8987 3db1b000
8988 3db1c000
8989 3db1d000
8990 3db1e000
8991 3db1f000
8992 3db20000
8993 3db21000
8994 3db22000
8995 3db23000
8996 3db24000
8997 3db25000
8998 3db26000
8999 3db27000
9000 3db28000
9001 3db29000
9002 3db2a000
9003 3db2b000
9004 3db2c000
9005 3db2d000
9006 3db2e000
9007 3db2f000
9008 3db30000
9009 3db31000
9010 3db32000
9011 3db33000
9012 3db34000
9013 3db35000
9014 3db36000
9015 3db37000
9016 3db38000
9017 3db39000
9018 3db3a000
9019 3db3b000
9020 3db3c000
9021 3db3d000
9022 3db3e000
9023 3db3f000
9024 3db40000
9025 3db41000
9026 3db42000
9027 3db43000
9028 3db44000
9029 3db45000
9030 3db46000
9031 3db47000
9032 3db48000
9033 3db49000
9034 3db4a000
9035 3db4b000
9036 3db4c000
9037 3db4d000
9038 3db4e000
9039 3db4f000
9040 3db50000
9041 3db51000
9042 3db52000
9043 3db53000
9044 3db54000
9045 3db55000
9046 3db56000
9047 3db57000
9048 3db58000
9049 3db59000
9050 3db5a000
9051 3db5b000
9052 3db5c000
9053 3db5d000
9054 3db5e000
9055 3db5f000
9056 3db60000
9057 3db61000
9058 3db62000
9059 3db63000
9060 3db64000
9061 3db65000
9062 3db66000
9063 3db67000
9064 3db68000
9065 3db69000
9066 3db6a000
9067 3db6b000
9068 3db6c000
9069 3db6d000
9070 3db6e000
9071 3db6f000
9072 3db70000
9073 3db71000
9074 3db72000
9075 3db73000
9076 3db74000
9077 3db75000
9078 3db76000
9079 3db77000
9080 3db78000
9081 3db79000
9082 3db7a000
9083 3db7b000
9084 3db7c000
9085 3db7d000
9086 3db7e000
9087 3db7f000
9088 3db80000
9089 3db81000
9090 3db82000
9091 3db83000
9092 3db84000
9093 3db85000
9094 3db86000
9095 3db87000
9096 3db88000
9097 3db89000
9098 3db8a000
9099 3db8b000
9100 3db8c000
9101 3db8d000
9102 3db8e000
9103 3db8f000
9104 3db90000
9105 3db91000
9106 3db92000
9107 3db93000
9108 3db94000
9109 3db95000
9110 3db96000
9111 3db97000
9112 3db98000
9113 3db99000
9114 3db9a000
9115 3db9b000
9116 3db9c000
9117 3db9d000
9118 3db9e000
9119 3db9f000
9120 3dba0000
9121 3dba1000
9122 3dba2000
9123 3dba3000
9124 3dba4000
9125 3dba5000
9126 3dba6000
9127 3dba7000
9128 3dba8000
9129 3dba9000
9130 3dbaa000
9131 3dbab000
9132 3dbac000
9133 3dbad000
9134 3dbae000
9135 3dbaf000
9136 3dbb0000
9137 3dbb1000
9138 3dbb2000
9139 3dbb3000
9140 3dbb4000
9141 3dbb5000
9142 3dbb6000
9143 3dbb7000
9144 3dbb8000
9145 3dbb9000
9146 3dbba000
9147 3dbbb000
9148 3dbbc000
9149 3dbbd000
9150 3dbbe000
9151 3dbbf000
9152 3dbc0000
9153 3dbc1000
9154 3dbc2000
9155 3dbc3000
9156 3dbc4000
9157 3dbc5000
9158 3dbc6000
9159 3dbc7000
9160 3dbc8000
9161 3dbc9000
9162 3dbca000
9163 3dbcb000
9164 3dbcc000
9165 3dbcd000
9166 3dbce000
9167 3dbcf000
9168 3dbd0000
9169 3dbd1000
9170 3dbd2000
9171 3dbd3000
9172 3dbd4000
9173 3dbd5000
9174 3dbd6000
9175 3dbd7000
9176 3dbd8000
9177 3dbd9000
9178 3dbda000
9179 3dbdb000
9180 3dbdc000
9181 3dbdd000
9182 3dbde000
9183 3dbdf000
9184 3dbe0000
9185 3dbe1000
9186 3dbe2000
9187 3dbe3000
9188 3dbe4000
9189 3dbe5000
9190 3dbe6000
9191 3dbe7000
9192 3dbe8000
9193 3dbe9000
9194 3dbea000
9195 3dbeb000
9196 3dbec000
9197 3dbed000
9198 3dbee000
9199 3dbef000
9200 3dbf0000
9201 3dbf1000
9202 3dbf2000
9203 3dbf3000
9204 3dbf4000
9205 3dbf5000
9206 3dbf6000
9207 3dbf7000
9208 3dbf8000
9209 3dbf9000
9210 3dbfa000
9211 3dbfb000
9212 3dbfc000
9213 3dbfd000
9214 3dbfe000
9215 3dbff000
9216 3dc00000
9217 3dc01000
9218 3dc02000
9219 3dc03000
9220 3dc04000
9221 3dc05000
9222 3dc06000
9223 3dc07000
9224 3dc08000
9225 3dc09000
9226 3dc0a000
9227 3dc0b000
9228 3dc0c000
9229 3dc0d000
9230 3dc0e000
9231 3dc0f000
9232 3dc10000
9233 3dc11000
9234 3dc12000
9235 3dc13000
9236 3dc14000
9237 3dc15000
9238 3dc16000
9239 3dc17000
9240 3dc18000
9241 3dc19000
9242 3dc1a000
9243 3dc1b000
9244 3dc1c000
9245 3dc1d000
9246 3dc1e000
9247 3dc1f000
9248 3dc20000
9249 3dc21000
9250 3dc22000
9251 3dc23000
9252 3dc24000
9253 3dc25000
9254 3dc26000
9255 3dc27000
9256 3dc28000
9257 3dc29000
9258 3dc2a000
9259 3dc2b000
9260 3dc2c000
9261 3dc2d000
9262 3dc2e000
9263 3dc2f000
9264 3dc30000
9265 3dc31000
9266 3dc32000
9267 3dc33000
9268 3dc34000
9269 3dc35000
9270 3dc36000
9271 3dc37000
9272 3dc38000
9273 3dc39000
9274 3dc3a000
9275 3dc3b000
9276 3dc3c000
9277 3dc3d000
9278 3dc3e000
9279 3dc3f000
9280 3dc40000
9281 3dc41000
9282 3dc42000
9283 3dc43000
9284 3dc44000
9285 3dc45000
9286 3dc46000
9287 3dc47000
9288 3dc48000
9289 3dc49000
9290 3dc4a000
9291 3dc4b000
9292 3dc4c000
9293 3dc4d000
9294 3dc4e000
9295 3dc4f000
9296 3dc50000
9297 3dc51000
9298 3dc52000
9299 3dc53000
9300 3dc54000
9301 3dc55000
9302 3dc56000
9303 3dc57000
9304 3dc58000
9305 3dc59000
9306 3dc5a000
9307 3dc5b000
9308 3dc5c000
9309 3dc5d000
9310 3dc5e000
9311 3dc5f000
9312 3dc60000
9313 3dc61000
9314 3dc62000
9315 3dc63000
9316 3dc64000
9317 3dc65000
9318 3dc66000
9319 3dc67000
9320 3dc68000
9321 3dc69000
9322 3dc6a000
9323 3dc6b000
9324 3dc6c000
9325 3dc6d000
9326 3dc6e000
9327 3dc6f000
9328 3dc70000
9329 3dc71000
9330 3dc72000
9331 3dc73000
9332 3dc74000
9333 3dc75000
9334 3dc76000
9335 3dc77000
9336 3dc78000
9337 3dc79000
9338 3dc7a000
9339 3dc7b000
9340 3dc7c000
9341 3dc7d000
9342 3dc7e000
9343 3dc7f000
9344 3dc80000
9345 3dc81000
9346 3dc82000
9347 3dc83000
9348 3dc84000
9349 3dc85000
9350 3dc86000
9351 3dc87000
9352 3dc88000
9353 3dc89000
9354 3dc8a000
9355 3dc8b000
9356 3dc8c000
9357 3dc8d000
9358 3dc8e000
9359 3dc8f000
9360 3dc90000
9361 3dc91000
9362 3dc92000
9363 3dc93000
9364 3dc94000
9365 3dc95000
9366 3dc96000
9367 3dc97000
9368 3dc98000
9369 3dc99000
9370 3dc9a000
9371 3dc9b000
9372 3dc9c000
9373 3dc9d000
9374 3dc9e000
9375 3dc9f000
9376 3dca0000
9377 3dca1000
9378 3dca2000
9379 3dca3000
9380 3dca4000
9381 3dca5000
9382 3dca6000
9383 3dca7000
9384 3dca8000
9385 3dca9000
9386 3dcaa000
9387 3dcab000
9388 3dcac000
9389 3dcad000
9390 3dcae000
9391 3dcaf000
9392 3dcb0000
9393 3dcb1000
9394 3dcb2000
9395 3dcb3000
9396 3dcb4000
9397 3dcb5000
9398 3dcb6000
9399 3dcb7000
9400 3dcb8000
9401 3dcb9000
9402 3dcba000
9403 3dcbb000
9404 3dcbc000
9405 3dcbd000
9406 3dcbe000
9407 3dcbf000
9408 3dcc0000
9409 3dcc1000
9410 3dcc2000
9411 3dcc3000
9412 3dcc4000
9413 3dcc5000
9414 3dcc6000
9415 3dcc7000
9416 3dcc8000
9417 3dcc9000
9418 3dcca000
9419 3dccb000
9420 3dccc000
9421 3dccd000
9422 3dcce000
9423 3dccf000
9424 3dcd0000
9425 3dcd1000
9426 3dcd2000
9427 3dcd3000
9428 3dcd4000
9429 3dcd5000
9430 3dcd6000
9431 3dcd7000
9432 3dcd8000
9433 3dcd9000
9434 3dcda000
9435 3dcdb000
9436 3dcdc000
9437 3dcdd000
9438 3dcde000
9439 3dcdf000
9440 3dce0000
9441 3dce1000
9442 3dce2000
9443 3dce3000
9444 3dce4000
9445 3dce5000
9446 3dce6000
9447 3dce7000
9448 3dce8000
9449 3dce9000
9450 3dcea000
9451 3dceb000
9452 3dcec000
9453 3dced000
9454 3dcee000
9455 3dcef000
9456 3dcf0000
9457 3dcf1000
9458 3dcf2000
9459 3dcf3000
9460 3dcf4000
9461 3dcf5000
9462 3dcf6000
9463 3dcf7000
9464 3dcf8000
9465 3dcf9000
9466 3dcfa000
9467 3dcfb000
9468 3dcfc000
9469 3dcfd000
9470 3dcfe000
9471 3dcff000
9472 3dd00000
9473 3dd01000
9474 3dd02000
9475 3dd03000
9476 3dd04000
9477 3dd05000
9478 3dd06000
9479 3dd07000
9480 3dd08000
9481 3dd09000
9482 3dd0a000
9483 3dd0b000
9484 3dd0c000
9485 3dd0d000
9486 3dd0e000
9487 3dd0f000
9488 3dd10000
9489 3dd11000
9490 3dd12000
9491 3dd13000
9492 3dd14000
9493 3dd15000
9494 3dd16000
9495 3dd17000
9496 3dd18000
9497 3dd19000
9498 3dd1a000
9499 3dd1b000
9500 3dd1c000
9501 3dd1d000
9502 3dd1e000
9503 3dd1f000
9504 3dd20000
9505 3dd21000
9506 3dd22000
9507 3dd23000
9508 3dd24000
9509 3dd25000
9510 3dd26000
9511 3dd27000
9512 3dd28000
9513 3dd29000
9514 3dd2a000
9515 3dd2b000
9516 3dd2c000
9517 3dd2d000
9518 3dd2e000
9519 3dd2f000
9520 3dd30000
9521 3dd31000
9522 3dd32000
9523 3dd33000
9524 3dd34000
9525 3dd35000
9526 3dd36000
9527 3dd37000
9528 3dd38000
9529 3dd39000
9530 3dd3a000
9531 3dd3b000
9532 3dd3c000
9533 3dd3d000
9534 3dd3e000
9535 3dd3f000
9536 3dd40000
9537 3dd41000
9538 3dd42000
9539 3dd43000
9540 3dd44000
9541 3dd45000
9542 3dd46000
9543 3dd47000
9544 3dd48000
9545 3dd49000
9546 3dd4a000
9547 3dd4b000
9548 3dd4c000
9549 3dd4d000
9550 3dd4e000
9551 3dd4f000
9552 3dd50000
9553 3dd51000
9554 3dd52000
9555 3dd53000
9556 3dd54000
9557 3dd55000
9558 3dd56000
9559 3dd57000
9560 3dd58000
9561 3dd59000
9562 3dd5a000
9563 3dd5b000
9564 3dd5c000
9565 3dd5d000
9566 3dd5e000
9567 3dd5f000
9568 3dd60000
9569 3dd61000
9570 3dd62000
9571 3dd63000
9572 3dd64000
9573 3dd65000
9574 3dd66000
9575 3dd67000
9576 3dd68000
9577 3dd69000
9578 3dd6a000
9579 3dd6b000
9580 3dd6c000
9581 3dd6d000
9582 3dd6e000
9583 3dd6f000
9584 3dd70000
9585 3dd71000
9586 3dd72000
9587 3dd73000
9588 3dd74000
9589 3dd75000
9590 3dd76000
9591 3dd77000
9592 3dd78000
9593 3dd79000
9594 3dd7a000
9595 3dd7b000
9596 3dd7c000
9597 3dd7d000
9598 3dd7e000
9599 3dd7f000
9600 3dd80000
9601 3dd81000
9602 3dd82000
9603 3dd83000
9604 3dd84000
9605 3dd85000
9606 3dd86000
9607 3dd87000
9608 3dd88000
9609 3dd89000
9610 3dd8a000
9611 3dd8b000
9612 3dd8c000
9613 3dd8d000
9614 3dd8e000
9615 3dd8f000
9616 3dd90000
9617 3dd91000
9618 3dd92000
9619 3dd93000
9620 3dd94000
9621 3dd95000
9622 3dd96000
9623 3dd97000
9624 3dd98000
9625 3dd99000
9626 3dd9a000
9627 3dd9b000
9628 3dd9c000
9629 3dd9d000
9630 3dd9e000
9631 3dd9f000
9632 3dda0000
9633 3dda1000
9634 3dda2000
9635 3dda3000
9636 3dda4000
9637 3dda5000
9638 3dda6000
9639 3dda7000
9640 3dda8000
9641 3dda9000
9642 3ddaa000
9643 3ddab000
9644 3ddac000
9645 3ddad000
9646 3ddae000
9647 3ddaf000
9648 3ddb0000
9649 3ddb1000
9650 3ddb2000
9651 3ddb3000
9652 3ddb4000
9653 3ddb5000
9654 3ddb6000
9655 3ddb7000
9656 3ddb8000
9657 3ddb9000
9658 3ddba000
9659 3ddbb000
9660 3ddbc000
9661 3ddbd000
9662 3ddbe000
9663 3ddbf000
9664 3ddc0000
9665 3ddc1000
9666 3ddc2000
9667 3ddc3000
9668 3ddc4000
9669 3ddc5000
9670 3ddc6000
9671 3ddc7000
9672 3ddc8000
9673 3ddc9000
9674 3ddca000
9675 3ddcb000
9676 3ddcc000
9677 3ddcd000
9678 3ddce000
9679 3ddcf000
9680 3ddd0000
9681 3ddd1000
9682 3ddd2000
9683 3ddd3000
9684 3ddd4000
9685 3ddd5000
9686 3ddd6000
9687 3ddd7000
9688 3ddd8000
9689 3ddd9000
9690 3ddda000
9691 3dddb000
9692 3dddc000
9693 3dddd000
9694 3ddde000
9695 3dddf000
9696 3dde0000
9697 3dde1000
9698 3dde2000
9699 3dde3000
9700 3dde4000
9701 3dde5000
9702 3dde6000
9703 3dde7000
9704 3dde8000
9705 3dde9000
9706 3ddea000
9707 3ddeb000
9708 3ddec000
9709 3dded000
9710 3ddee000
9711 3ddef000
9712 3ddf0000
9713 3ddf1000
9714 3ddf2000
9715 3ddf3000
9716 3ddf4000
9717 3ddf5000
9718 3ddf6000
9719 3ddf7000
9720 3ddf8000
9721 3ddf9000
9722 3ddfa000
9723 3ddfb000
9724 3ddfc000
9725 3ddfd000
9726 3ddfe000
9727 3ddff000
9728 3de00000
9729 3de01000
9730 3de02000
9731 3de03000
9732 3de04000
9733 3de05000
9734 3de06000
9735 3de07000
9736 3de08000
9737 3de09000
9738 3de0a000
9739 3de0b000
9740 3de0c000
9741 3de0d000
9742 3de0e000
9743 3de0f000
9744 3de10000
9745 3de11000
9746 3de12000
9747 3de13000
9748 3de14000
9749 3de15000
9750 3de16000
9751 3de17000
9752 3de18000
9753 3de19000
9754 3de1a000
9755 3de1b000
9756 3de1c000
9757 3de1d000
9758 3de1e000
9759 3de1f000
9760 3de20000
9761 3de21000
9762 3de22000
9763 3de23000
9764 3de24000
9765 3de25000
9766 3de26000
9767 3de27000
9768 3de28000
9769 3de29000
9770 3de2a000
9771 3de2b000
9772 3de2c000
9773 3de2d000
9774 3de2e000
9775 3de2f000
9776 3de30000
9777 3de31000
9778 3de32000
9779 3de33000
9780 3de34000
9781 3de35000
9782 3de36000
9783 3de37000
9784 3de38000
9785 3de39000
9786 3de3a000
9787 3de3b000
9788 3de3c000
9789 3de3d000
9790 3de3e000
9791 3de3f000
9792 3de40000
9793 3de41000
9794 3de42000
9795 3de43000
9796 3de44000
9797 3de45000
9798 3de46000
9799 3de47000
9800 3de48000
9801 3de49000
9802 3de4a000
9803 3de4b000
9804 3de4c000
9805 3de4d000
9806 3de4e000
9807 3de4f000
9808 3de50000
9809 3de51000
9810 3de52000
9811 3de53000
9812 3de54000
9813 3de55000
9814 3de56000
9815 3de57000
9816 3de58000
9817 3de59000
9818 3de5a000
9819 3de5b000
9820 3de5c000
9821 3de5d000
9822 3de5e000
9823 3de5f000
9824 3de60000
9825 3de61000
9826 3de62000
9827 3de63000
9828 3de64000
9829 3de65000
9830 3de66000
9831 3de67000
9832 3de68000
9833 3de69000
9834 3de6a000
9835 3de6b000
9836 3de6c000
9837 3de6d000
9838 3de6e000
9839 3de6f000
9840 3de70000
9841 3de71000
9842 3de72000
9843 3de73000
9844 3de74000
9845 3de75000
9846 3de76000
9847 3de77000
9848 3de78000
9849 3de79000
9850 3de7a000
9851 3de7b000
9852 3de7c000
9853 3de7d000
9854 3de7e000
9855 3de7f000
9856 3de80000
9857 3de81000
9858 3de82000
9859 3de83000
9860 3de84000
9861 3de85000
9862 3de86000
9863 3de87000
9864 3de88000
9865 3de89000
9866 3de8a000
9867 3de8b000
9868 3de8c000
9869 3de8d000
9870 3de8e000
9871 3de8f000
9872 3de90000
9873 3de91000
9874 3de92000
9875 3de93000
9876 3de94000
9877 3de95000
9878 3de96000
9879 3de97000
9880 3de98000
9881 3de99000
9882 3de9a000
9883 3de9b000
9884 3de9c000
9885 3de9d000
9886 3de9e000
9887 3de9f000
9888 3dea0000
9889 3dea1000
9890 3dea2000
9891 3dea3000
9892 3dea4000
9893 3dea5000
9894 3dea6000
9895 3dea7000
9896 3dea8000
9897 3dea9000
9898 3deaa000
9899 3deab000
9900 3deac000
9901 3dead000
9902 3deae000
9903 3deaf000
9904 3deb0000
9905 3deb1000
9906 3deb2000
9907 3deb3000
9908 3deb4000
9909 3deb5000
9910 3deb6000
9911 3deb7000
9912 3deb8000
9913 3deb9000
9914 3deba000
9915 3debb000
9916 3debc000
9917 3debd000
9918 3debe000
9919 3debf000
9920 3dec0000
9921 3dec1000
9922 3dec2000
9923 3dec3000
9924 3dec4000
9925 3dec5000
9926 3dec6000
9927 3dec7000
9928 3dec8000
9929 3dec9000
9930 3deca000
9931 3decb000
9932 3decc000
9933 3decd000
9934 3dece000
9935 3decf000
9936 3ded0000
9937 3ded1000
9938 3ded2000
9939 3ded3000
9940 3ded4000
9941 3ded5000
9942 3ded6000
9943 3ded7000
9944 3ded8000
9945 3ded9000
9946 3deda000
9947 3dedb000
9948 3dedc000
9949 3dedd000
9950 3dede000
9951 3dedf000
9952 3dee0000
9953 3dee1000
9954 3dee2000
9955 3dee3000
9956 3dee4000
9957 3dee5000
9958 3dee6000
9959 3dee7000
9960 3dee8000
9961 3dee9000
9962 3deea000
9963 3deeb000
9964 3deec000
9965 3deed000
9966 3deee000
9967 3deef000
9968 3def0000
9969 3def1000
9970 3def2000
9971 3def3000
9972 3def4000
9973 3def5000
9974 3def6000
9975 3def7000
9976 3def8000
9977 3def9000
9978 3defa000
9979 3defb000
9980 3defc000
9981 3defd000
9982 3defe000
9983 3deff000
9984 3df00000
9985 3df01000
9986 3df02000
9987 3df03000
9988 3df04000
9989 3df05000
9990 3df06000
9991 3df07000
9992 3df08000
9993 3df09000
9994 3df0a000
9995 3df0b000
9996 3df0c000
9997 3df0d000
9998 3df0e000
9999 3df0f000
10000 3df10000
10001 3df11000
10002 3df12000
10003 3df13000
10004 3df14000
10005 3df15000
10006 3df16000
10007 3df17000
10008 3df18000
10009 3df19000
10010 3df1a000
10011 3df1b000
10012 3df1c000
10013 3df1d000
10014 3df1e000
10015 3df1f000
10016 3df20000
10017 3df21000
10018 3df22000
10019 3df23000
10020 3df24000
10021 3df25000
10022 3df26000
10023 3df27000
10024 3df28000
10025 3df29000
10026 3df2a000
10027 3df2b000
10028 3df2c000
10029 3df2d000
10030 3df2e000
10031 3df2f000
10032 3df30000
10033 3df31000
10034 3df32000
10035 3df33000
10036 3df34000
10037 3df35000
10038 3df36000
10039 3df37000
10040 3df38000
10041 3df39000
10042 3df3a000
10043 3df3b000
10044 3df3c000
10045 3df3d000
10046 3df3e000
10047 3df3f000
10048 3df40000
10049 3df41000
10050 3df42000
10051 3df43000
10052 3df44000
10053 3df45000
10054 3df46000
10055 3df47000
10056 3df48000
10057 3df49000
10058 3df4a000
10059 3df4b000
10060 3df4c000
10061 3df4d000
10062 3df4e000
10063 3df4f000
10064 3df50000
10065 3df51000
10066 3df52000
10067 3df53000
10068 3df54000
10069 3df55000
10070 3df56000
10071 3df57000
10072 3df58000
10073 3df59000
10074 3df5a000
10075 3df5b000
10076 3df5c000
10077 3df5d000
10078 3df5e000
10079 3df5f000
10080 3df60000
10081 3df61000
10082 3df62000
10083 3df63000
10084 3df64000
10085 3df65000
10086 3df66000
10087 3df67000
10088 3df68000
10089 3df69000
10090 3df6a000
10091 3df6b000
10092 3df6c000
10093 3df6d000
10094 3df6e000
10095 3df6f000
10096 3df70000
10097 3df71000
10098 3df72000
10099 3df73000
10100 3df74000
10101 3df75000
10102 3df76000
10103 3df77000
10104 3df78000
10105 3df79000
10106 3df7a000
10107 3df7b000
10108 3df7c000
10109 3df7d000
10110 3df7e000
10111 3df7f000
10112 3df80000
10113 3df81000
10114 3df82000
10115 3df83000
10116 3df84000
10117 3df85000
10118 3df86000
10119 3df87000
10120 3df88000
10121 3df89000
10122 3df8a000
10123 3df8b000
10124 3df8c000
10125 3df8d000
10126 3df8e000
10127 3df8f000
10128 3df90000
10129 3df91000
10130 3df92000
10131 3df93000
10132 3df94000
10133 3df95000
10134 3df96000
10135 3df97000
10136 3df98000
10137 3df99000
10138 3df9a000
10139 3df9b000
10140 3df9c000
10141 3df9d000
10142 3df9e000
10143 3df9f000
10144 3dfa0000
10145 3dfa1000
10146 3dfa2000
10147 3dfa3000
10148 3dfa4000
10149 3dfa5000
10150 3dfa6000
10151 3dfa7000
10152 3dfa8000
10153 3dfa9000
10154 3dfaa000
10155 3dfab000
10156 3dfac000
10157 3dfad000
10158 3dfae000
10159 3dfaf000
10160 3dfb0000
10161 3dfb1000
10162 3dfb2000
10163 3dfb3000
10164 3dfb4000
10165 3dfb5000
10166 3dfb6000
10167 3dfb7000
10168 3dfb8000
10169 3dfb9000
10170 3dfba000
10171 3dfbb000
10172 3dfbc000
10173 3dfbd000
10174 3dfbe000
10175 3dfbf000
10176 3dfc0000
10177 3dfc1000
10178 3dfc2000
10179 3dfc3000
10180 3dfc4000
10181 3dfc5000
10182 3dfc6000
10183 3dfc7000
10184 3dfc8000
10185 3dfc9000
10186 3dfca000
10187 3dfcb000
10188 3dfcc000
10189 3dfcd000
10190 3dfce000
10191 3dfcf000
10192 3dfd0000
10193 3dfd1000
10194 3dfd2000
10195 3dfd3000
10196 3dfd4000
10197 3dfd5000
10198 3dfd6000
10199 3dfd7000
10200 3dfd8000
10201 3dfd9000
10202 3dfda000
10203 3dfdb000
10204 3dfdc000
10205 3dfdd000
10206 3dfde000
10207 3dfdf000
10208 3dfe0000
10209 3dfe1000
10210 3dfe2000
10211 3dfe3000
10212 3dfe4000
10213 3dfe5000
10214 3dfe6000
10215 3dfe7000
10216 3dfe8000
10217 3dfe9000
10218 3dfea000
10219 3dfeb000
10220 3dfec000
10221 3dfed000
10222 3dfee000
10223 3dfef000
10224 3dff0000
10225 3dff1000
10226 3dff2000
10227 3dff3000
10228 3dff4000
10229 3dff5000
10230 3dff6000
10231 3dff7000
10232 3dff8000
10233 3dff9000
10234 3dffa000
10235 3dffb000
10236 3dffc000
10237 3dffd000
10238 3dffe000
10239 3dfff000
10240 3e000000
10241 3e001000
10242 3e002000
10243 3e003000
10244 3e004000
10245 3e005000
10246 3e006000
10247 3e007000
10248 3e008000
10249 3e009000
10250 3e00a000
10251 3e00b000
10252 3e00c000
10253 3e00d000
10254 3e00e000
10255 3e00f000
10256 3e010000
10257 3e011000
10258 3e012000
10259 3e013000
10260 3e014000
10261 3e015000
10262 3e016000
10263 3e017000
10264 3e018000
10265 3e019000
10266 3e01a000
10267 3e01b000
10268 3e01c000
10269 3e01d000
10270 3e01e000
10271 3e01f000
10272 3e020000
10273 3e021000
10274 3e022000
10275 3e023000
10276 3e024000
10277 3e025000
10278 3e026000
10279 3e027000
10280 3e028000
10281 3e029000
10282 3e02a000
10283 3e02b000
10284 3e02c000
10285 3e02d000
10286 3e02e000
10287 3e02f000
10288 3e030000
10289 3e031000
10290 3e032000
10291 3e033000
10292 3e034000
10293 3e035000
10294 3e036000
10295 3e037000
10296 3e038000
10297 3e039000
10298 3e03a000
10299 3e03b000
10300 3e03c000
10301 3e03d000
10302 3e03e000
10303 3e03f000
10304 3e040000
10305 3e041000
10306 3e042000
10307 3e043000
10308 3e044000
10309 3e045000
10310 3e046000
10311 3e047000
10312 3e048000
10313 3e049000
10314 3e04a000
10315 3e04b000
10316 3e04c000
10317 3e04d000
10318 3e04e000
10319 3e04f000
10320 3e050000
10321 3e051000
10322 3e052000
10323 3e053000
10324 3e054000
10325 3e055000
10326 3e056000
10327 3e057000
10328 3e058000
10329 3e059000
10330 3e05a000
10331 3e05b000
10332 3e05c000
10333 3e05d000
10334 3e05e000
10335 3e05f000
10336 3e060000
10337 3e061000
10338 3e062000
10339 3e063000
10340 3e064000
10341 3e065000
10342 3e066000
10343 3e067000
10344 3e068000
10345 3e069000
10346 3e06a000
10347 3e06b000
10348 3e06c000
10349 3e06d000
10350 3e06e000
10351 3e06f000
10352 3e070000
10353 3e071000
10354 3e072000
10355 3e073000
10356 3e074000
10357 3e075000
10358 3e076000
10359 3e077000
10360 3e078000
10361 3e079000
10362 3e07a000
10363 3e07b000
10364 3e07c000
10365 3e07d000
10366 3e07e000
10367 3e07f000
10368 3e080000
10369 3e081000
10370 3e082000
10371 3e083000
10372 3e084000
10373 3e085000
10374 3e086000
10375 3e087000
10376 3e088000
10377 3e089000
10378 3e08a000
10379 3e08b000
10380 3e08c000
10381 3e08d000
10382 3e08e000
10383 3e08f000
10384 3e090000
10385 3e091000
10386 3e092000
10387 3e093000
10388 3e094000
10389 3e095000
10390 3e096000
10391 3e097000
10392 3e098000
10393 3e099000
10394 3e09a000
10395 3e09b000
10396 3e09c000
10397 3e09d000
10398 3e09e000
10399 3e09f000
10400 3e0a0000
10401 3e0a1000
10402 3e0a2000
10403 3e0a3000
10404 3e0a4000
10405 3e0a5000
10406 3e0a6000
10407 3e0a7000
10408 3e0a8000
10409 3e0a9000
10410 3e0aa000
10411 3e0ab000
10412 3e0ac000
10413 3e0ad000
10414 3e0ae000
10415 3e0af000
10416 3e0b0000
10417 3e0b1000
10418 3e0b2000
10419 3e0b3000
10420 3e0b4000
10421 3e0b5000
10422 3e0b6000
10423 3e0b7000
10424 3e0b8000
10425 3e0b9000
10426 3e0ba000
10427 3e0bb000
10428 3e0bc000
10429 3e0bd000
10430 3e0be000
10431 3e0bf000
10432 3e0c0000
10433 3e0c1000
10434 3e0c2000
10435 3e0c3000
10436 3e0c4000
10437 3e0c5000
10438 3e0c6000
10439 3e0c7000
10440 3e0c8000
10441 3e0c9000
10442 3e0ca000
10443 3e0cb000
10444 3e0cc000
10445 3e0cd000
10446 3e0ce000
10447 3e0cf000
10448 3e0d0000
10449 3e0d1000
10450 3e0d2000
10451 3e0d3000
10452 3e0d4000
10453 3e0d5000
10454 3e0d6000
10455 3e0d7000
10456 3e0d8000
10457 3e0d9000
10458 3e0da000
10459 3e0db000
10460 3e0dc000
10461 3e0dd000
10462 3e0de000
10463 3e0df000
10464 3e0e0000
10465 3e0e1000
10466 3e0e2000
10467 3e0e3000
10468 3e0e4000
10469 3e0e5000
10470 3e0e6000
10471 3e0e7000
10472 3e0e8000
10473 3e0e9000
10474 3e0ea000
10475 3e0eb000
10476 3e0ec000
10477 3e0ed000
10478 3e0ee000
10479 3e0ef000
10480 3e0f0000
10481 3e0f1000
10482 3e0f2000
10483 3e0f3000
10484 3e0f4000
10485 3e0f5000
10486 3e0f6000
10487 3e0f7000
10488 3e0f8000
10489 3e0f9000
10490 3e0fa000
10491 3e0fb000
10492 3e0fc000
10493 3e0fd000
10494 3e0fe000
10495 3e0ff000
10496 3e100000
10497 3e101000
10498 3e102000
10499 3e103000
10500 3e104000
10501 3e105000
10502 3e106000
10503 3e107000
10504 3e108000
10505 3e109000
10506 3e10a000
10507 3e10b000
10508 3e10c000
10509 3e10d000
10510 3e10e000
10511 3e10f000
10512 3e110000
10513 3e111000
10514 3e112000
10515 3e113000
10516 3e114000
10517 3e115000
10518 3e116000
10519 3e117000
10520 3e118000
10521 3e119000
10522 3e11a000
10523 3e11b000
10524 3e11c000
10525 3e11d000
10526 3e11e000
10527 3e11f000
10528 3e120000
10529 3e121000
10530 3e122000
10531 3e123000
10532 3e124000
10533 3e125000
10534 3e126000
10535 3e127000
10536 3e128000
10537 3e129000
10538 3e12a000
10539 3e12b000
10540 3e12c000
10541 3e12d000
10542 3e12e000
10543 3e12f000
10544 3e130000
10545 3e131000
10546 3e132000
10547 3e133000
10548 3e134000
10549 3e135000
10550 3e136000
10551 3e137000
10552 3e138000
10553 3e139000
10554 3e13a000
10555 3e13b000
10556 3e13c000
10557 3e13d000
10558 3e13e000
10559 3e13f000
10560 3e140000
10561 3e141000
10562 3e142000
10563 3e143000
10564 3e144000
10565 3e145000
10566 3e146000
10567 3e147000
10568 3e148000
10569 3e149000
10570 3e14a000
10571 3e14b000
10572 3e14c000
10573 3e14d000
10574 3e14e000
10575 3e14f000
10576 3e150000
10577 3e151000
10578 3e152000
10579 3e153000
10580 3e154000
10581 3e155000
10582 3e156000
10583 3e157000
10584 3e158000
10585 3e159000
10586 3e15a000
10587 3e15b000
10588 3e15c000
10589 3e15d000
10590 3e15e000
10591 3e15f000
10592 3e160000
10593 3e161000
10594 3e162000
10595 3e163000
10596 3e164000
10597 3e165000
10598 3e166000
10599 3e167000
10600 3e168000
10601 3e169000
10602 3e16a000
10603 3e16b000
10604 3e16c000
10605 3e16d000
10606 3e16e000
10607 3e16f000
10608 3e170000
10609 3e171000
10610 3e172000
10611 3e173000
10612 3e174000
10613 3e175000
10614 3e176000
10615 3e177000
10616 3e178000
10617 3e179000
10618 3e17a000
10619 3e17b000
10620 3e17c000
10621 3e17d000
10622 3e17e000
10623 3e17f000
10624 3e180000
10625 3e181000
10626 3e182000
10627 3e183000
10628 3e184000
10629 3e185000
10630 3e186000
10631 3e187000
10632 3e188000
10633 3e189000
10634 3e18a000
10635 3e18b000
10636 3e18c000
10637 3e18d000
10638 3e18e000
10639 3e18f000
10640 3e190000
10641 3e191000
10642 3e192000
10643 3e193000
10644 3e194000
10645 3e195000
10646 3e196000
10647 3e197000
10648 3e198000
10649 3e199000
10650 3e19a000
10651 3e19b000
10652 3e19c000
10653 3e19d000
10654 3e19e000
10655 3e19f000
10656 3e1a0000
10657 3e1a1000
10658 3e1a2000
10659 3e1a3000
10660 3e1a4000
10661 3e1a5000
10662 3e1a6000
10663 3e1a7000
10664 3e1a8000
10665 3e1a9000
10666 3e1aa000
10667 3e1ab000
10668 3e1ac000
10669 3e1ad000
10670 3e1ae000
10671 3e1af000
10672 3e1b0000
10673 3e1b1000
10674 3e1b2000
10675 3e1b3000
10676 3e1b4000
10677 3e1b5000
10678 3e1b6000
10679 3e1b7000
10680 3e1b8000
10681 3e1b9000
10682 3e1ba000
10683 3e1bb000
10684 3e1bc000
10685 3e1bd000
10686 3e1be000
10687 3e1bf000
10688 3e1c0000
10689 3e1c1000
10690 3e1c2000
10691 3e1c3000
10692 3e1c4000
10693 3e1c5000
10694 3e1c6000
10695 3e1c7000
10696 3e1c8000
10697 3e1c9000
10698 3e1ca000
10699 3e1cb000
10700 3e1cc000
10701 3e1cd000
10702 3e1ce000
10703 3e1cf000
10704 3e1d0000
10705 3e1d1000
10706 3e1d2000
10707 3e1d3000
10708 3e1d4000
10709 3e1d5000
10710 3e1d6000
10711 3e1d7000
10712 3e1d8000
10713 3e1d9000
10714 3e1da000
10715 3e1db000
10716 3e1dc000
10717 3e1dd000
10718 3e1de000
10719 3e1df000
10720 3e1e0000
10721 3e1e1000
10722 3e1e2000
10723 3e1e3000
10724 3e1e4000
10725 3e1e5000
10726 3e1e6000
10727 3e1e7000
10728 3e1e8000
10729 3e1e9000
10730 3e1ea000
10731 3e1eb000
10732 3e1ec000
10733 3e1ed000
10734 3e1ee000
10735 3e1ef000
10736 3e1f0000
10737 3e1f1000
10738 3e1f2000
10739 3e1f3000
10740 3e1f4000
10741 3e1f5000
10742 3e1f6000
10743 3e1f7000
10744 3e1f8000
10745 3e1f9000
10746 3e1fa000
10747 3e1fb000
10748 3e1fc000
10749 3e1fd000
10750 3e1fe000
10751 3e1ff000
10752 3e200000
10753 3e201000
10754 3e202000
10755 3e203000
10756 3e204000
10757 3e205000
10758 3e206000
10759 3e207000
10760 3e208000
10761 3e209000
10762 3e20a000
10763 3e20b000
10764 3e20c000
10765 3e20d000
10766 3e20e000
10767 3e20f000
10768 3e210000
10769 3e211000
10770 3e212000
10771 3e213000
10772 3e214000
10773 3e215000
10774 3e216000
10775 3e217000
10776 3e218000
10777 3e219000
10778 3e21a000
10779 3e21b000
10780 3e21c000
10781 3e21d000
10782 3e21e000
10783 3e21f000
10784 3e220000
10785 3e221000
10786 3e222000
10787 3e223000
10788 3e224000
10789 3e225000
10790 3e226000
10791 3e227000
10792 3e228000
10793 3e229000
10794 3e22a000
10795 3e22b000
10796 3e22c000
10797 3e22d000
10798 3e22e000
10799 3e22f000
10800 3e230000
10801 3e231000
10802 3e232000
10803 3e233000
10804 3e234000
10805 3e235000
10806 3e236000
10807 3e237000
10808 3e238000
10809 3e239000
10810 3e23a000
10811 3e23b000
10812 3e23c000
10813 3e23d000
10814 3e23e000
10815 3e23f000
10816 3e240000
10817 3e241000
10818 3e242000
10819 3e243000
10820 3e244000
10821 3e245000
10822 3e246000
10823 3e247000
10824 3e248000
10825 3e249000
10826 3e24a000
10827 3e24b000
10828 3e24c000
10829 3e24d000
10830 3e24e000
10831 3e24f000
10832 3e250000
10833 3e251000
10834 3e252000
10835 3e253000
10836 3e254000
10837 3e255000
10838 3e256000
10839 3e257000
10840 3e258000
10841 3e259000
10842 3e25a000
10843 3e25b000
10844 3e25c000
10845 3e25d000
10846 3e25e000
10847 3e25f000
10848 3e260000
10849 3e261000
10850 3e262000
10851 3e263000
10852 3e264000
10853 3e265000
10854 3e266000
10855 3e267000
10856 3e268000
10857 3e269000
10858 3e26a000
10859 3e26b000
10860 3e26c000
10861 3e26d000
10862 3e26e000
10863 3e26f000
10864 3e270000
10865 3e271000
10866 3e272000
10867 3e273000
10868 3e274000
10869 3e275000
10870 3e276000
10871 3e277000
10872 3e278000
10873 3e279000
10874 3e27a000
10875 3e27b000
10876 3e27c000
10877 3e27d000
10878 3e27e000
10879 3e27f000
10880 3e280000
10881 3e281000
10882 3e282000
10883 3e283000
10884 3e284000
10885 3e285000
10886 3e286000
10887 3e287000
10888 3e288000
10889 3e289000
10890 3e28a000
10891 3e28b000
10892 3e28c000
10893 3e28d000
10894 3e28e000
10895 3e28f000
10896 3e290000
10897 3e291000
10898 3e292000
10899 3e293000
10900 3e294000
10901 3e295000
10902 3e296000
10903 3e297000
10904 3e298000
10905 3e299000
10906 3e29a000
10907 3e29b000
10908 3e29c000
10909 3e29d000
10910 3e29e000
10911 3e29f000
10912 3e2a0000
10913 3e2a1000
10914 3e2a2000
10915 3e2a3000
10916 3e2a4000
10917 3e2a5000
10918 3e2a6000
10919 3e2a7000
10920 3e2a8000
10921 3e2a9000
10922 3e2aa000
10923 3e2ab000
10924 3e2ac000
10925 3e2ad000
10926 3e2ae000
10927 3e2af000
10928 3e2b0000
10929 3e2b1000
10930 3e2b2000
10931 3e2b3000
10932 3e2b4000
10933 3e2b5000
10934 3e2b6000
10935 3e2b7000
10936 3e2b8000
10937 3e2b9000
10938 3e2ba000
10939 3e2bb000
10940 3e2bc000
10941 3e2bd000
10942 3e2be000
10943 3e2bf000
10944 3e2c0000
10945 3e2c1000
10946 3e2c2000
10947 3e2c3000
10948 3e2c4000
10949 3e2c5000
10950 3e2c6000
10951 3e2c7000
10952 3e2c8000
10953 3e2c9000
10954 3e2ca000
10955 3e2cb000
10956 3e2cc000
10957 3e2cd000
10958 3e2ce000
10959 3e2cf000
10960 3e2d0000
10961 3e2d1000
10962 3e2d2000
10963 3e2d3000
10964 3e2d4000
10965 3e2d5000
10966 3e2d6000
10967 3e2d7000
10968 3e2d8000
10969 3e2d9000
10970 3e2da000
10971 3e2db000
10972 3e2dc000
10973 3e2dd000
10974 3e2de000
10975 3e2df000
10976 3e2e0000
10977 3e2e1000
10978 3e2e2000
10979 3e2e3000
10980 3e2e4000
10981 3e2e5000
10982 3e2e6000
10983 3e2e7000
10984 3e2e8000
10985 3e2e9000
10986 3e2ea000
10987 3e2eb000
10988 3e2ec000
10989 3e2ed000
10990 3e2ee000
10991 3e2ef000
10992 3e2f0000
10993 3e2f1000
10994 3e2f2000
10995 3e2f3000
10996 3e2f4000
10997 3e2f5000
10998 3e2f6000
10999 3e2f7000
11000 3e2f8000
11001 3e2f9000
11002 3e2fa000
11003 3e2fb000
11004 3e2fc000
11005 3e2fd000
11006 3e2fe000
11007 3e2ff000
11008 3e300000
11009 3e301000
11010 3e302000
11011 3e303000
11012 3e304000
11013 3e305000
11014 3e306000
11015 3e307000
11016 3e308000
11017 3e309000
11018 3e30a000
11019 3e30b000
11020 3e30c000
11021 3e30d000
11022 3e30e000
11023 3e30f000
11024 3e310000
11025 3e311000
11026 3e312000
11027 3e313000
11028 3e314000
11029 3e315000
11030 3e316000
11031 3e317000
11032 3e318000
11033 3e319000
11034 3e31a000
11035 3e31b000
11036 3e31c000
11037 3e31d000
11038 3e31e000
11039 3e31f000
11040 3e320000
11041 3e321000
11042 3e322000
11043 3e323000
11044 3e324000
11045 3e325000
11046 3e326000
11047 3e327000
11048 3e328000
11049 3e329000
11050 3e32a000
11051 3e32b000
11052 3e32c000
11053 3e32d000
11054 3e32e000
11055 3e32f000
11056 3e330000
11057 3e331000
11058 3e332000
11059 3e333000
11060 3e334000
11061 3e335000
11062 3e336000
11063 3e337000
11064 3e338000
11065 3e339000
11066 3e33a000
11067 3e33b000
11068 3e33c000
11069 3e33d000
11070 3e33e000
11071 3e33f000
11072 3e340000
11073 3e341000
11074 3e342000
11075 3e343000
11076 3e344000
11077 3e345000
11078 3e346000
11079 3e347000
11080 3e348000
11081 3e349000
11082 3e34a000
11083 3e34b000
11084 3e34c000
11085 3e34d000
11086 3e34e000
11087 3e34f000
11088 3e350000
11089 3e351000
11090 3e352000
11091 3e353000
11092 3e354000
11093 3e355000
11094 3e356000
11095 3e357000
11096 3e358000
11097 3e359000
11098 3e35a000
11099 3e35b000
11100 3e35c000
11101 3e35d000
11102 3e35e000
11103 3e35f000
11104 3e360000
11105 3e361000
11106 3e362000
11107 3e363000
11108 3e364000
11109 3e365000
11110 3e366000
11111 3e367000
11112 3e368000
11113 3e369000
11114 3e36a000
11115 3e36b000
11116 3e36c000
11117 3e36d000
11118 3e36e000
11119 3e36f000
11120 3e370000
11121 3e371000
11122 3e372000
11123 3e373000
11124 3e374000
11125 3e375000
11126 3e376000
11127 3e377000
11128 3e378000
11129 3e379000
11130 3e37a000
11131 3e37b000
11132 3e37c000
11133 3e37d000
11134 3e37e000
11135 3e37f000
11136 3e380000
11137 3e381000
11138 3e382000
11139 3e383000
11140 3e384000
11141 3e385000
11142 3e386000
11143 3e387000
11144 3e388000
11145 3e389000
11146 3e38a000
11147 3e38b000
11148 3e38c000
11149 3e38d000
11150 3e38e000
11151 3e38f000
11152 3e390000
11153 3e391000
11154 3e392000
11155 3e393000
11156 3e394000
11157 3e395000
11158 3e396000
11159 3e397000
11160 3e398000
11161 3e399000
11162 3e39a000
11163 3e39b000
11164 3e39c000
11165 3e39d000
11166 3e39e000
11167 3e39f000
11168 3e3a0000
11169 3e3a1000
11170 3e3a2000
11171 3e3a3000
11172 3e3a4000
11173 3e3a5000
11174 3e3a6000
11175 3e3a7000
11176 3e3a8000
11177 3e3a9000
11178 3e3aa000
11179 3e3ab000
11180 3e3ac000
11181 3e3ad000
11182 3e3ae000
11183 3e3af000
11184 3e3b0000
11185 3e3b1000
11186 3e3b2000
11187 3e3b3000
11188 3e3b4000
11189 3e3b5000
11190 3e3b6000
11191 3e3b7000
11192 3e3b8000
11193 3e3b9000
11194 3e3ba000
11195 3e3bb000
11196 3e3bc000
11197 3e3bd000
11198 3e3be000
11199 3e3bf000
11200 3e3c0000
11201 3e3c1000
11202 3e3c2000
11203 3e3c3000
11204 3e3c4000
11205 3e3c5000
11206 3e3c6000
11207 3e3c7000
11208 3e3c8000
11209 3e3c9000
11210 3e3ca000
11211 3e3cb000
11212 3e3cc000
11213 3e3cd000
11214 3e3ce000
11215 3e3cf000
11216 3e3d0000
11217 3e3d1000
11218 3e3d2000
11219 3e3d3000
11220 3e3d4000
11221 3e3d5000
11222 3e3d6000
11223 3e3d7000
11224 3e3d8000
11225 3e3d9000
11226 3e3da000
11227 3e3db000
11228 3e3dc000
11229 3e3dd000
11230 3e3de000
11231 3e3df000
11232 3e3e0000
11233 3e3e1000
11234 3e3e2000
11235 3e3e3000
11236 3e3e4000
11237 3e3e5000
11238 3e3e6000
11239 3e3e7000
11240 3e3e8000
11241 3e3e9000
11242 3e3ea000
11243 3e3eb000
11244 3e3ec000
11245 3e3ed000
11246 3e3ee000
11247 3e3ef000
11248 3e3f0000
11249 3e3f1000
11250 3e3f2000
11251 3e3f3000
11252 3e3f4000
11253 3e3f5000
11254 3e3f6000
11255 3e3f7000
11256 3e3f8000
11257 3e3f9000
11258 3e3fa000
11259 3e3fb000
11260 3e3fc000
11261 3e3fd000
11262 3e3fe000
11263 3e3ff000
11264 3e400000
11265 3e401000
11266 3e402000
11267 3e403000
11268 3e404000
11269 3e405000
11270 3e406000
11271 3e407000
11272 3e408000
11273 3e409000
11274 3e40a000
11275 3e40b000
11276 3e40c000
11277 3e40d000
11278 3e40e000
11279 3e40f000
11280 3e410000
11281 3e411000
11282 3e412000
11283 3e413000
11284 3e414000
11285 3e415000
11286 3e416000
11287 3e417000
11288 3e418000
11289 3e419000
11290 3e41a000
11291 3e41b000
11292 3e41c000
11293 3e41d000
11294 3e41e000
11295 3e41f000
11296 3e420000
11297 3e421000
11298 3e422000
11299 3e423000
11300 3e424000
11301 3e425000
11302 3e426000
11303 3e427000
11304 3e428000
11305 3e429000
11306 3e42a000
11307 3e42b000
11308 3e42c000
11309 3e42d000
11310 3e42e000
11311 3e42f000
11312 3e430000
11313 3e431000
11314 3e432000
11315 3e433000
11316 3e434000
11317 3e435000
11318 3e436000
11319 3e437000
11320 3e438000
11321 3e439000
11322 3e43a000
11323 3e43b000
11324 3e43c000
11325 3e43d000
11326 3e43e000
11327 3e43f000
11328 3e440000
11329 3e441000
11330 3e442000
11331 3e443000
11332 3e444000
11333 3e445000
11334 3e446000
11335 3e447000
11336 3e448000
11337 3e449000
11338 3e44a000
11339 3e44b000
11340 3e44c000
11341 3e44d000
11342 3e44e000
11343 3e44f000
11344 3e450000
11345 3e451000
11346 3e452000
11347 3e453000
11348 3e454000
11349 3e455000
11350 3e456000
11351 3e457000
11352 3e458000
11353 3e459000
11354 3e45a000
11355 3e45b000
11356 3e45c000
11357 3e45d000
11358 3e45e000
11359 3e45f000
11360 3e460000
11361 3e461000
11362 3e462000
11363 3e463000
11364 3e464000
11365 3e465000
11366 3e466000
11367 3e467000
11368 3e468000
11369 3e469000
11370 3e46a000
11371 3e46b000
11372 3e46c000
11373 3e46d000
11374 3e46e000
11375 3e46f000
11376 3e470000
11377 3e471000
11378 3e472000
11379 3e473000
11380 3e474000
11381 3e475000
11382 3e476000
11383 3e477000
11384 3e478000
11385 3e479000
11386 3e47a000
11387 3e47b000
11388 3e47c000
11389 3e47d000
11390 3e47e000
11391 3e47f000
11392 3e480000
11393 3e481000
11394 3e482000
11395 3e483000
11396 3e484000
11397 3e485000
11398 3e486000
11399 3e487000
11400 3e488000
11401 3e489000
11402 3e48a000
11403 3e48b000
11404 3e48c000
11405 3e48d000
11406 3e48e000
11407 3e48f000
11408 3e490000
11409 3e491000
11410 3e492000
11411 3e493000
11412 3e494000
11413 3e495000
11414 3e496000
11415 3e497000
11416 3e498000
11417 3e499000
11418 3e49a000
11419 3e49b000
11420 3e49c000
11421 3e49d000
11422 3e49e000
11423 3e49f000
11424 3e4a0000
11425 3e4a1000
11426 3e4a2000
11427 3e4a3000
11428 3e4a4000
11429 3e4a5000
11430 3e4a6000
11431 3e4a7000
11432 3e4a8000
11433 3e4a9000
11434 3e4aa000
11435 3e4ab000
11436 3e4ac000
11437 3e4ad000
11438 3e4ae000
11439 3e4af000
11440 3e4b0000
11441 3e4b1000
11442 3e4b2000
11443 3e4b3000
11444 3e4b4000
11445 3e4b5000
11446 3e4b6000
11447 3e4b7000
11448 3e4b8000
11449 3e4b9000
11450 3e4ba000
11451 3e4bb000
11452 3e4bc000
11453 3e4bd000
11454 3e4be000
11455 3e4bf000
11456 3e4c0000
11457 3e4c1000
11458 3e4c2000
11459 3e4c3000
11460 3e4c4000
11461 3e4c5000
11462 3e4c6000
11463 3e4c7000
11464 3e4c8000
11465 3e4c9000
11466 3e4ca000
11467 3e4cb000
11468 3e4cc000
11469 3e4cd000
11470 3e4ce000
11471 3e4cf000
11472 3e4d0000
11473 3e4d1000
11474 3e4d2000
11475 3e4d3000
11476 3e4d4000
11477 3e4d5000
11478 3e4d6000
11479 3e4d7000
11480 3e4d8000
11481 3e4d9000
11482 3e4da000
11483 3e4db000
11484 3e4dc000
11485 3e4dd000
11486 3e4de000
11487 3e4df000
11488 3e4e0000
11489 3e4e1000
11490 3e4e2000
11491 3e4e3000
11492 3e4e4000
11493 3e4e5000
11494 3e4e6000
11495 3e4e7000
11496 3e4e8000
11497 3e4e9000
11498 3e4ea000
11499 3e4eb000
11500 3e4ec000
11501 3e4ed000
11502 3e4ee000
11503 3e4ef000
11504 3e4f0000
11505 3e4f1000
11506 3e4f2000
11507 3e4f3000
11508 3e4f4000
11509 3e4f5000
11510 3e4f6000
11511 3e4f7000
11512 3e4f8000
11513 3e4f9000
11514 3e4fa000
11515 3e4fb000
11516 3e4fc000
11517 3e4fd000
11518 3e4fe000
11519 3e4ff000
11520 3e500000
11521 3e501000
11522 3e502000
11523 3e503000
11524 3e504000
11525 3e505000
11526 3e506000
11527 3e507000
11528 3e508000
11529 3e509000
11530 3e50a000
11531 3e50b000
11532 3e50c000
11533 3e50d000
11534 3e50e000
11535 3e50f000
11536 3e510000
11537 3e511000
11538 3e512000
11539 3e513000
11540 3e514000
11541 3e515000
11542 3e516000
11543 3e517000
11544 3e518000
11545 3e519000
11546 3e51a000
11547 3e51b000
11548 3e51c000
11549 3e51d000
11550 3e51e000
11551 3e51f000
11552 3e520000
11553 3e521000
11554 3e522000
11555 3e523000
11556 3e524000
11557 3e525000
11558 3e526000
11559 3e527000
11560 3e528000
11561 3e529000
11562 3e52a000
11563 3e52b000
11564 3e52c000
11565 3e52d000
11566 3e52e000
11567 3e52f000
11568 3e530000
11569 3e531000
11570 3e532000
11571 3e533000
11572 3e534000
11573 3e535000
11574 3e536000
11575 3e537000
11576 3e538000
11577 3e539000
11578 3e53a000
11579 3e53b000
11580 3e53c000
11581 3e53d000
11582 3e53e000
11583 3e53f000
11584 3e540000
11585 3e541000
11586 3e542000
11587 3e543000
11588 3e544000
11589 3e545000
11590 3e546000
11591 3e547000
11592 3e548000
11593 3e549000
11594 3e54a000
11595 3e54b000
11596 3e54c000
11597 3e54d000
11598 3e54e000
11599 3e54f000
11600 3e550000
11601 3e551000
11602 3e552000
11603 3e553000
11604 3e554000
11605 3e555000
11606 3e556000
11607 3e557000
11608 3e558000
11609 3e559000
11610 3e55a000
11611 3e55b000
11612 3e55c000
11613 3e55d000
11614 3e55e000
11615 3e55f000
11616 3e560000
11617 3e561000
11618 3e562000
11619 3e563000
11620 3e564000
11621 3e565000
11622 3e566000
11623 3e567000
11624 3e568000
11625 3e569000
11626 3e56a000
11627 3e56b000
11628 3e56c000
11629 3e56d000
11630 3e56e000
11631 3e56f000
11632 3e570000
11633 3e571000
11634 3e572000
11635 3e573000
11636 3e574000
11637 3e575000
11638 3e576000
11639 3e577000
11640 3e578000
11641 3e579000
11642 3e57a000
11643 3e57b000
11644 3e57c000
11645 3e57d000
11646 3e57e000
11647 3e57f000
11648 3e580000
11649 3e581000
11650 3e582000
11651 3e583000
11652 3e584000
11653 3e585000
11654 3e586000
11655 3e587000
11656 3e588000
11657 3e589000
11658 3e58a000
11659 3e58b000
11660 3e58c000
11661 3e58d000
11662 3e58e000
11663 3e58f000
11664 3e590000
11665 3e591000
11666 3e592000
11667 3e593000
11668 3e594000
11669 3e595000
11670 3e596000
11671 3e597000
11672 3e598000
11673 3e599000
11674 3e59a000
11675 3e59b000
11676 3e59c000
11677 3e59d000
11678 3e59e000
11679 3e59f000
11680 3e5a0000
11681 3e5a1000
11682 3e5a2000
11683 3e5a3000
11684 3e5a4000
11685 3e5a5000
11686 3e5a6000
11687 3e5a7000
11688 3e5a8000
11689 3e5a9000
11690 3e5aa000
11691 3e5ab000
11692 3e5ac000
11693 3e5ad000
11694 3e5ae000
11695 3e5af000
11696 3e5b0000
11697 3e5b1000
11698 3e5b2000
11699 3e5b3000
11700 3e5b4000
11701 3e5b5000
11702 3e5b6000
11703 3e5b7000
11704 3e5b8000
11705 3e5b9000
11706 3e5ba000
11707 3e5bb000
11708 3e5bc000
11709 3e5bd000
11710 3e5be000
11711 3e5bf000
11712 3e5c0000
11713 3e5c1000
11714 3e5c2000
11715 3e5c3000
11716 3e5c4000
11717 3e5c5000
11718 3e5c6000
11719 3e5c7000
11720 3e5c8000
11721 3e5c9000
11722 3e5ca000
11723 3e5cb000
11724 3e5cc000
11725 3e5cd000
11726 3e5ce000
11727 3e5cf000
11728 3e5d0000
11729 3e5d1000
11730 3e5d2000
11731 3e5d3000
11732 3e5d4000
11733 3e5d5000
11734 3e5d6000
11735 3e5d7000
11736 3e5d8000
11737 3e5d9000
11738 3e5da000
11739 3e5db000
11740 3e5dc000
11741 3e5dd000
11742 3e5de000
11743 3e5df000
11744 3e5e0000
11745 3e5e1000
11746 3e5e2000
11747 3e5e3000
11748 3e5e4000
11749 3e5e5000
11750 3e5e6000
11751 3e5e7000
11752 3e5e8000
11753 3e5e9000
11754 3e5ea000
11755 3e5eb000
11756 3e5ec000
11757 3e5ed000
11758 3e5ee000
11759 3e5ef000
11760 3e5f0000
11761 3e5f1000
11762 3e5f2000
11763 3e5f3000
11764 3e5f4000
11765 3e5f5000
11766 3e5f6000
11767 3e5f7000
11768 3e5f8000
11769 3e5f9000
11770 3e5fa000
11771 3e5fb000
11772 3e5fc000
11773 3e5fd000
11774 3e5fe000
11775 3e5ff000
11776 3e600000
11777 3e601000
11778 3e602000
11779 3e603000
11780 3e604000
11781 3e605000
11782 3e606000
11783 3e607000
11784 3e608000
11785 3e609000
11786 3e60a000
11787 3e60b000
11788 3e60c000
11789 3e60d000
11790 3e60e000
11791 3e60f000
11792 3e610000
11793 3e611000
11794 3e612000
11795 3e613000
11796 3e614000
11797 3e615000
11798 3e616000
11799 3e617000
11800 3e618000
11801 3e619000
11802 3e61a000
11803 3e61b000
11804 3e61c000
11805 3e61d000
11806 3e61e000
11807 3e61f000
11808 3e620000
11809 3e621000
11810 3e622000
11811 3e623000
11812 3e624000
11813 3e625000
11814 3e626000
11815 3e627000
11816 3e628000
11817 3e629000
11818 3e62a000
11819 3e62b000
11820 3e62c000
11821 3e62d000
11822 3e62e000
11823 3e62f000
11824 3e630000
11825 3e631000
11826 3e632000
11827 3e633000
11828 3e634000
11829 3e635000
11830 3e636000
11831 3e637000
11832 3e638000
11833 3e639000
11834 3e63a000
11835 3e63b000
11836 3e63c000
11837 3e63d000
11838 3e63e000
11839 3e63f000
11840 3e640000
11841 3e641000
11842 3e642000
11843 3e643000
11844 3e644000
11845 3e645000
11846 3e646000
11847 3e647000
11848 3e648000
11849 3e649000
11850 3e64a000
11851 3e64b000
11852 3e64c000
11853 3e64d000
11854 3e64e000
11855 3e64f000
11856 3e650000
11857 3e651000
11858 3e652000
11859 3e653000
11860 3e654000
11861 3e655000
11862 3e656000
11863 3e657000
11864 3e658000
11865 3e659000
11866 3e65a000
11867 3e65b000
11868 3e65c000
11869 3e65d000
11870 3e65e000
11871 3e65f000
11872 3e660000
11873 3e661000
11874 3e662000
11875 3e663000
11876 3e664000
11877 3e665000
11878 3e666000
11879 3e667000
11880 3e668000
11881 3e669000
11882 3e66a000
11883 3e66b000
11884 3e66c000
11885 3e66d000
11886 3e66e000
11887 3e66f000
11888 3e670000
11889 3e671000
11890 3e672000
11891 3e673000
11892 3e674000
11893 3e675000
11894 3e676000
11895 3e677000
11896 3e678000
11897 3e679000
11898 3e67a000
11899 3e67b000
11900 3e67c000
11901 3e67d000
11902 3e67e000
11903 3e67f000
11904 3e680000
11905 3e681000
11906 3e682000
11907 3e683000
11908 3e684000
11909 3e685000
11910 3e686000
11911 3e687000
11912 3e688000
11913 3e689000
11914 3e68a000
11915 3e68b000
11916 3e68c000
11917 3e68d000
11918 3e68e000
11919 3e68f000
11920 3e690000
11921 3e691000
11922 3e692000
11923 3e693000
11924 3e694000
11925 3e695000
11926 3e696000
11927 3e697000
11928 3e698000
11929 3e699000
11930 3e69a000
11931 3e69b000
11932 3e69c000
11933 3e69d000
11934 3e69e000
11935 3e69f000
11936 3e6a0000
11937 3e6a1000
11938 3e6a2000
11939 3e6a3000
11940 3e6a4000
11941 3e6a5000
11942 3e6a6000
11943 3e6a7000
11944 3e6a8000
11945 3e6a9000
11946 3e6aa000
11947 3e6ab000
11948 3e6ac000
11949 3e6ad000
11950 3e6ae000
11951 3e6af000
11952 3e6b0000
11953 3e6b1000
11954 3e6b2000
11955 3e6b3000
11956 3e6b4000
11957 3e6b5000
11958 3e6b6000
11959 3e6b7000
11960 3e6b8000
11961 3e6b9000
11962 3e6ba000
11963 3e6bb000
11964 3e6bc000
11965 3e6bd000
11966 3e6be000
11967 3e6bf000
11968 3e6c0000
11969 3e6c1000
11970 3e6c2000
11971 3e6c3000
11972 3e6c4000
11973 3e6c5000
11974 3e6c6000
11975 3e6c7000
11976 3e6c8000
11977 3e6c9000
11978 3e6ca000
11979 3e6cb000
11980 3e6cc000
11981 3e6cd000
11982 3e6ce000
11983 3e6cf000
11984 3e6d0000
11985 3e6d1000
11986 3e6d2000
11987 3e6d3000
11988 3e6d4000
11989 3e6d5000
11990 3e6d6000
11991 3e6d7000
11992 3e6d8000
11993 3e6d9000
11994 3e6da000
11995 3e6db000
11996 3e6dc000
11997 3e6dd000
11998 3e6de000
11999 3e6df000
12000 3e6e0000
12001 3e6e1000
12002 3e6e2000
12003 3e6e3000
12004 3e6e4000
12005 3e6e5000
12006 3e6e6000
12007 3e6e7000
12008 3e6e8000
12009 3e6e9000
12010 3e6ea000
12011 3e6eb000
12012 3e6ec000
12013 3e6ed000
12014 3e6ee000
12015 3e6ef000
12016 3e6f0000
12017 3e6f1000
12018 3e6f2000
12019 3e6f3000
12020 3e6f4000
12021 3e6f5000
12022 3e6f6000
12023 3e6f7000
12024 3e6f8000
12025 3e6f9000
12026 3e6fa000
12027 3e6fb000
12028 3e6fc000
12029 3e6fd000
12030 3e6fe000
12031 3e6ff000
12032 3e700000
12033 3e701000
12034 3e702000
12035 3e703000
12036 3e704000
12037 3e705000
12038 3e706000
12039 3e707000
12040 3e708000
12041 3e709000
12042 3e70a000
12043 3e70b000
12044 3e70c000
12045 3e70d000
12046 3e70e000
12047 3e70f000
12048 3e710000
12049 3e711000
12050 3e712000
12051 3e713000
12052 3e714000
12053 3e715000
12054 3e716000
12055 3e717000
12056 3e718000
12057 3e719000
12058 3e71a000
12059 3e71b000
12060 3e71c000
12061 3e71d000
12062 3e71e000
12063 3e71f000
12064 3e720000
12065 3e721000
12066 3e722000
12067 3e723000
12068 3e724000
12069 3e725000
12070 3e726000
12071 3e727000
12072 3e728000
12073 3e729000
12074 3e72a000
12075 3e72b000
12076 3e72c000
12077 3e72d000
12078 3e72e000
12079 3e72f000
12080 3e730000
12081 3e731000
12082 3e732000
12083 3e733000
12084 3e734000
12085 3e735000
12086 3e736000
12087 3e737000
12088 3e738000
12089 3e739000
12090 3e73a000
12091 3e73b000
12092 3e73c000
12093 3e73d000
12094 3e73e000
12095 3e73f000
12096 3e740000
12097 3e741000
12098 3e742000
12099 3e743000
12100 3e744000
12101 3e745000
12102 3e746000
12103 3e747000
12104 3e748000
12105 3e749000
12106 3e74a000
12107 3e74b000
12108 3e74c000
12109 3e74d000
12110 3e74e000
12111 3e74f000
12112 3e750000
12113 3e751000
12114 3e752000
12115 3e753000
12116 3e754000
12117 3e755000
12118 3e756000
12119 3e757000
12120 3e758000
12121 3e759000
12122 3e75a000
12123 3e75b000
12124 3e75c000
12125 3e75d000
12126 3e75e000
12127 3e75f000
12128 3e760000
12129 3e761000
12130 3e762000
12131 3e763000
12132 3e764000
12133 3e765000
12134 3e766000
12135 3e767000
12136 3e768000
12137 3e769000
12138 3e76a000
12139 3e76b000
12140 3e76c000
12141 3e76d000
12142 3e76e000
12143 3e76f000
12144 3e770000
12145 3e771000
12146 3e772000
12147 3e773000
12148 3e774000
12149 3e775000
12150 3e776000
12151 3e777000
12152 3e778000
12153 3e779000
12154 3e77a000
12155 3e77b000
12156 3e77c000
12157 3e77d000
12158 3e77e000
12159 3e77f000
12160 3e780000
12161 3e781000
12162 3e782000
12163 3e783000
12164 3e784000
12165 3e785000
12166 3e786000
12167 3e787000
12168 3e788000
12169 3e789000
12170 3e78a000
12171 3e78b000
12172 3e78c000
12173 3e78d000
12174 3e78e000
12175 3e78f000
12176 3e790000
12177 3e791000
12178 3e792000
12179 3e793000
12180 3e794000
12181 3e795000
12182 3e796000
12183 3e797000
12184 3e798000
12185 3e799000
12186 3e79a000
12187 3e79b000
12188 3e79c000
12189 3e79d000
12190 3e79e000
12191 3e79f000
12192 3e7a0000
12193 3e7a1000
12194 3e7a2000
12195 3e7a3000
12196 3e7a4000
12197 3e7a5000
12198 3e7a6000
12199 3e7a7000
12200 3e7a8000
12201 3e7a9000
12202 3e7aa000
12203 3e7ab000
12204 3e7ac000
12205 3e7ad000
12206 3e7ae000
12207 3e7af000
12208 3e7b0000
12209 3e7b1000
12210 3e7b2000
12211 3e7b3000
12212 3e7b4000
12213 3e7b5000
12214 3e7b6000
12215 3e7b7000
12216 3e7b8000
12217 3e7b9000
12218 3e7ba000
12219 3e7bb000
12220 3e7bc000
12221 3e7bd000
12222 3e7be000
12223 3e7bf000
12224 3e7c0000
12225 3e7c1000
12226 3e7c2000
12227 3e7c3000
12228 3e7c4000
12229 3e7c5000
12230 3e7c6000
12231 3e7c7000
12232 3e7c8000
12233 3e7c9000
12234 3e7ca000
12235 3e7cb000
12236 3e7cc000
12237 3e7cd000
12238 3e7ce000
12239 3e7cf000
12240 3e7d0000
12241 3e7d1000
12242 3e7d2000
12243 3e7d3000
12244 3e7d4000
12245 3e7d5000
12246 3e7d6000
12247 3e7d7000
12248 3e7d8000
12249 3e7d9000
12250 3e7da000
12251 3e7db000
12252 3e7dc000
12253 3e7dd000
12254 3e7de000
12255 3e7df000
12256 3e7e0000
12257 3e7e1000
12258 3e7e2000
12259 3e7e3000
12260 3e7e4000
12261 3e7e5000
12262 3e7e6000
12263 3e7e7000
12264 3e7e8000
12265 3e7e9000
12266 3e7ea000
12267 3e7eb000
12268 3e7ec000
12269 3e7ed000
12270 3e7ee000
12271 3e7ef000
12272 3e7f0000
12273 3e7f1000
12274 3e7f2000
12275 3e7f3000
12276 3e7f4000
12277 3e7f5000
12278 3e7f6000
12279 3e7f7000
12280 3e7f8000
12281 3e7f9000
12282 3e7fa000
12283 3e7fb000
12284 3e7fc000
12285 3e7fd000
12286 3e7fe000
12287 3e7ff000
12288 3e800000
12289 3e801000
12290 3e802000
12291 3e803000
12292 3e804000
12293 3e805000
12294 3e806000
12295 3e807000
12296 3e808000
12297 3e809000
12298 3e80a000
12299 3e80b000
12300 3e80c000
12301 3e80d000
12302 3e80e000
12303 3e80f000
12304 3e810000
12305 3e811000
12306 3e812000
12307 3e813000
12308 3e814000
12309 3e815000
12310 3e816000
12311 3e817000
12312 3e818000
12313 3e819000
12314 3e81a000
12315 3e81b000
12316 3e81c000
12317 3e81d000
12318 3e81e000
12319 3e81f000
12320 3e820000
12321 3e821000
12322 3e822000
12323 3e823000
12324 3e824000
12325 3e825000
12326 3e826000
12327 3e827000
12328 3e828000
12329 3e829000
12330 3e82a000
12331 3e82b000
12332 3e82c000
12333 3e82d000
12334 3e82e000
12335 3e82f000
12336 3e830000
12337 3e831000
12338 3e832000
12339 3e833000
12340 3e834000
12341 3e835000
12342 3e836000
12343 3e837000
12344 3e838000
12345 3e839000
12346 3e83a000
12347 3e83b000
12348 3e83c000
12349 3e83d000
12350 3e83e000
12351 3e83f000
12352 3e840000
12353 3e841000
12354 3e842000
12355 3e843000
12356 3e844000
12357 3e845000
12358 3e846000
12359 3e847000
12360 3e848000
12361 3e849000
12362 3e84a000
12363 3e84b000
12364 3e84c000
12365 3e84d000
12366 3e84e000
12367 3e84f000
12368 3e850000
12369 3e851000
12370 3e852000
12371 3e853000
12372 3e854000
12373 3e855000
12374 3e856000
12375 3e857000
12376 3e858000
12377 3e859000
12378 3e85a000
12379 3e85b000
12380 3e85c000
12381 3e85d000
12382 3e85e000
12383 3e85f000
12384 3e860000
12385 3e861000
12386 3e862000
12387 3e863000
12388 3e864000
12389 3e865000
12390 3e866000
12391 3e867000
12392 3e868000
12393 3e869000
12394 3e86a000
12395 3e86b000
12396 3e86c000
12397 3e86d000
12398 3e86e000
12399 3e86f000
12400 3e870000
12401 3e871000
12402 3e872000
12403 3e873000
12404 3e874000
12405 3e875000
12406 3e876000
12407 3e877000
12408 3e878000
12409 3e879000
12410 3e87a000
12411 3e87b000
12412 3e87c000
12413 3e87d000
12414 3e87e000
12415 3e87f000
12416 3e880000
12417 3e881000
12418 3e882000
12419 3e883000
12420 3e884000
12421 3e885000
12422 3e886000
12423 3e887000
12424 3e888000
12425 3e889000
12426 3e88a000
12427 3e88b000
12428 3e88c000
12429 3e88d000
12430 3e88e000
12431 3e88f000
12432 3e890000
12433 3e891000
12434 3e892000
12435 3e893000
12436 3e894000
12437 3e895000
12438 3e896000
12439 3e897000
12440 3e898000
12441 3e899000
12442 3e89a000
12443 3e89b000
12444 3e89c000
12445 3e89d000
12446 3e89e000
12447 3e89f000
12448 3e8a0000
12449 3e8a1000
12450 3e8a2000
12451 3e8a3000
12452 3e8a4000
12453 3e8a5000
12454 3e8a6000
12455 3e8a7000
12456 3e8a8000
12457 3e8a9000
12458 3e8aa000
12459 3e8ab000
12460 3e8ac000
12461 3e8ad000
12462 3e8ae000
12463 3e8af000
12464 3e8b0000
12465 3e8b1000
12466 3e8b2000
12467 3e8b3000
12468 3e8b4000
12469 3e8b5000
12470 3e8b6000
12471 3e8b7000
12472 3e8b8000
12473 3e8b9000
12474 3e8ba000
12475 3e8bb000
12476 3e8bc000
12477 3e8bd000
12478 3e8be000
12479 3e8bf000
12480 3e8c0000
12481 3e8c1000
12482 3e8c2000
12483 3e8c3000
12484 3e8c4000
12485 3e8c5000
12486 3e8c6000
12487 3e8c7000
12488 3e8c8000
12489 3e8c9000
12490 3e8ca000
12491 3e8cb000
12492 3e8cc000
12493 3e8cd000
12494 3e8ce000
12495 3e8cf000
12496 3e8d0000
12497 3e8d1000
12498 3e8d2000
12499 3e8d3000
12500 3e8d4000
12501 3e8d5000
12502 3e8d6000
12503 3e8d7000
12504 3e8d8000
12505 3e8d9000
12506 3e8da000
12507 3e8db000
12508 3e8dc000
12509 3e8dd000
12510 3e8de000
12511 3e8df000
12512 3e8e0000
12513 3e8e1000
12514 3e8e2000
12515 3e8e3000
12516 3e8e4000
12517 3e8e5000
12518 3e8e6000
12519 3e8e7000
12520 3e8e8000
12521 3e8e9000
12522 3e8ea000
12523 3e8eb000
12524 3e8ec000
12525 3e8ed000
12526 3e8ee000
12527 3e8ef000
12528 3e8f0000
12529 3e8f1000
12530 3e8f2000
12531 3e8f3000
12532 3e8f4000
12533 3e8f5000
12534 3e8f6000
12535 3e8f7000
12536 3e8f8000
12537 3e8f9000
12538 3e8fa000
12539 3e8fb000
12540 3e8fc000
12541 3e8fd000
12542 3e8fe000
12543 3e8ff000
12544 3e900000
12545 3e901000
12546 3e902000
12547 3e903000
12548 3e904000
12549 3e905000
12550 3e906000
12551 3e907000
12552 3e908000
12553 3e909000
12554 3e90a000
12555 3e90b000
12556 3e90c000
12557 3e90d000
12558 3e90e000
12559 3e90f000
12560 3e910000
12561 3e911000
12562 3e912000
12563 3e913000
12564 3e914000
12565 3e915000
12566 3e916000
12567 3e917000
12568 3e918000
12569 3e919000
12570 3e91a000
12571 3e91b000
12572 3e91c000
12573 3e91d000
12574 3e91e000
12575 3e91f000
12576 3e920000
12577 3e921000
12578 3e922000
12579 3e923000
12580 3e924000
12581 3e925000
12582 3e926000
12583 3e927000
12584 3e928000
12585 3e929000
12586 3e92a000
12587 3e92b000
12588 3e92c000
12589 3e92d000
12590 3e92e000
12591 3e92f000
12592 3e930000
12593 3e931000
12594 3e932000
12595 3e933000
12596 3e934000
12597 3e935000
12598 3e936000
12599 3e937000
12600 3e938000
12601 3e939000
12602 3e93a000
12603 3e93b000
12604 3e93c000
12605 3e93d000
12606 3e93e000
12607 3e93f000
12608 3e940000
12609 3e941000
12610 3e942000
12611 3e943000
12612 3e944000
12613 3e945000
12614 3e946000
12615 3e947000
12616 3e948000
12617 3e949000
12618 3e94a000
12619 3e94b000
12620 3e94c000
12621 3e94d000
12622 3e94e000
12623 3e94f000
12624 3e950000
12625 3e951000
12626 3e952000
12627 3e953000
12628 3e954000
12629 3e955000
12630 3e956000
12631 3e957000
12632 3e958000
12633 3e959000
12634 3e95a000
12635 3e95b000
12636 3e95c000
12637 3e95d000
12638 3e95e000
12639 3e95f000
12640 3e960000
12641 3e961000
12642 3e962000
12643 3e963000
12644 3e964000
12645 3e965000
12646 3e966000
12647 3e967000
12648 3e968000
12649 3e969000
12650 3e96a000
12651 3e96b000
12652 3e96c000
12653 3e96d000
12654 3e96e000
12655 3e96f000
12656 3e970000
12657 3e971000
12658 3e972000
12659 3e973000
12660 3e974000
12661 3e975000
12662 3e976000
12663 3e977000
12664 3e978000
12665 3e979000
12666 3e97a000
12667 3e97b000
12668 3e97c000
12669 3e97d000
12670 3e97e000
12671 3e97f000
12672 3e980000
12673 3e981000
12674 3e982000
12675 3e983000
12676 3e984000
12677 3e985000
12678 3e986000
12679 3e987000
12680 3e988000
12681 3e989000
12682 3e98a000
12683 3e98b000
12684 3e98c000
12685 3e98d000
12686 3e98e000
12687 3e98f000
12688 3e990000
12689 3e991000
12690 3e992000
12691 3e993000
12692 3e994000
12693 3e995000
12694 3e996000
12695 3e997000
12696 3e998000
12697 3e999000
12698 3e99a000
12699 3e99b000
12700 3e99c000
12701 3e99d000
12702 3e99e000
12703 3e99f000
12704 3e9a0000
12705 3e9a1000
12706 3e9a2000
12707 3e9a3000
12708 3e9a4000
12709 3e9a5000
12710 3e9a6000
12711 3e9a7000
12712 3e9a8000
12713 3e9a9000
12714 3e9aa000
12715 3e9ab000
12716 3e9ac000
12717 3e9ad000
12718 3e9ae000
12719 3e9af000
12720 3e9b0000
12721 3e9b1000
12722 3e9b2000
12723 3e9b3000
12724 3e9b4000
12725 3e9b5000
12726 3e9b6000
12727 3e9b7000
12728 3e9b8000
12729 3e9b9000
12730 3e9ba000
12731 3e9bb000
12732 3e9bc000
12733 3e9bd000
12734 3e9be000
12735 3e9bf000
12736 3e9c0000
12737 3e9c1000
12738 3e9c2000
12739 3e9c3000
12740 3e9c4000
12741 3e9c5000
12742 3e9c6000
12743 3e9c7000
12744 3e9c8000
12745 3e9c9000
12746 3e9ca000
12747 3e9cb000
12748 3e9cc000
12749 3e9cd000
12750 3e9ce000
12751 3e9cf000
12752 3e9d0000
12753 3e9d1000
12754 3e9d2000
12755 3e9d3000
12756 3e9d4000
12757 3e9d5000
12758 3e9d6000
12759 3e9d7000
12760 3e9d8000
12761 3e9d9000
12762 3e9da000
12763 3e9db000
12764 3e9dc000
12765 3e9dd000
12766 3e9de000
12767 3e9df000
12768 3e9e0000
12769 3e9e1000
12770 3e9e2000
12771 3e9e3000
12772 3e9e4000
12773 3e9e5000
12774 3e9e6000
12775 3e9e7000
12776 3e9e8000
12777 3e9e9000
12778 3e9ea000
12779 3e9eb000
12780 3e9ec000
12781 3e9ed000
12782 3e9ee000
12783 3e9ef000
12784 3e9f0000
12785 3e9f1000
12786 3e9f2000
12787 3e9f3000
12788 3e9f4000
12789 3e9f5000
12790 3e9f6000
12791 3e9f7000
12792 3e9f8000
12793 3e9f9000
12794 3e9fa000
12795 3e9fb000
12796 3e9fc000
12797 3e9fd000
12798 3e9fe000
12799 3e9ff000
12800 3ea00000
12801 3ea01000
12802 3ea02000
12803 3ea03000
12804 3ea04000
12805 3ea05000
12806 3ea06000
12807 3ea07000
12808 3ea08000
12809 3ea09000
12810 3ea0a000
12811 3ea0b000
12812 3ea0c000
12813 3ea0d000
12814 3ea0e000
12815 3ea0f000
12816 3ea10000
12817 3ea11000
12818 3ea12000
12819 3ea13000
12820 3ea14000
12821 3ea15000
12822 3ea16000
12823 3ea17000
12824 3ea18000
12825 3ea19000
12826 3ea1a000
12827 3ea1b000
12828 3ea1c000
12829 3ea1d000
12830 3ea1e000
12831 3ea1f000
12832 3ea20000
12833 3ea21000
12834 3ea22000
12835 3ea23000
12836 3ea24000
12837 3ea25000
12838 3ea26000
12839 3ea27000
12840 3ea28000
12841 3ea29000
12842 3ea2a000
12843 3ea2b000
12844 3ea2c000
12845 3ea2d000
12846 3ea2e000
12847 3ea2f000
12848 3ea30000
12849 3ea31000
12850 3ea32000
12851 3ea33000
12852 3ea34000
12853 3ea35000
12854 3ea36000
12855 3ea37000
12856 3ea38000
12857 3ea39000
12858 3ea3a000
12859 3ea3b000
12860 3ea3c000
12861 3ea3d000
12862 3ea3e000
12863 3ea3f000
12864 3ea40000
12865 3ea41000
12866 3ea42000
12867 3ea43000
12868 3ea44000
12869 3ea45000
12870 3ea46000
12871 3ea47000
12872 3ea48000
12873 3ea49000
12874 3ea4a000
12875 3ea4b000
12876 3ea4c000
12877 3ea4d000
12878 3ea4e000
12879 3ea4f000
12880 3ea50000
12881 3ea51000
12882 3ea52000
12883 3ea53000
12884 3ea54000
12885 3ea55000
12886 3ea56000
12887 3ea57000
12888 3ea58000
12889 3ea59000
12890 3ea5a000
12891 3ea5b000
12892 3ea5c000
12893 3ea5d000
12894 3ea5e000
12895 3ea5f000
12896 3ea60000
12897 3ea61000
12898 3ea62000
12899 3ea63000
12900 3ea64000
12901 3ea65000
12902 3ea66000
12903 3ea67000
12904 3ea68000
12905 3ea69000
12906 3ea6a000
12907 3ea6b000
12908 3ea6c000
12909 3ea6d000
12910 3ea6e000
12911 3ea6f000
12912 3ea70000
12913 3ea71000
12914 3ea72000
12915 3ea73000
12916 3ea74000
12917 3ea75000
12918 3ea76000
12919 3ea77000
12920 3ea78000
12921 3ea79000
12922 3ea7a000
12923 3ea7b000
12924 3ea7c000
12925 3ea7d000
12926 3ea7e000
12927 3ea7f000
12928 3ea80000
12929 3ea81000
12930 3ea82000
12931 3ea83000
12932 3ea84000
12933 3ea85000
12934 3ea86000
12935 3ea87000
12936 3ea88000
12937 3ea89000
12938 3ea8a000
12939 3ea8b000
12940 3ea8c000
12941 3ea8d000
12942 3ea8e000
12943 3ea8f000
12944 3ea90000
12945 3ea91000
12946 3ea92000
12947 3ea93000
12948 3ea94000
12949 3ea95000
12950 3ea96000
12951 3ea97000
12952 3ea98000
12953 3ea99000
12954 3ea9a000
12955 3ea9b000
12956 3ea9c000
12957 3ea9d000
12958 3ea9e000
12959 3ea9f000
12960 3eaa0000
12961 3eaa1000
12962 3eaa2000
12963 3eaa3000
12964 3eaa4000
12965 3eaa5000
12966 3eaa6000
12967 3eaa7000
12968 3eaa8000
12969 3eaa9000
12970 3eaaa000
12971 3eaab000
12972 3eaac000
12973 3eaad000
12974 3eaae000
12975 3eaaf000
12976 3eab0000
12977 3eab1000
12978 3eab2000
12979 3eab3000
12980 3eab4000
12981 3eab5000
12982 3eab6000
12983 3eab7000
12984 3eab8000
12985 3eab9000
12986 3eaba000
12987 3eabb000
12988 3eabc000
12989 3eabd000
12990 3eabe000
12991 3eabf000
12992 3eac0000
12993 3eac1000
12994 3eac2000
12995 3eac3000
12996 3eac4000
12997 3eac5000
12998 3eac6000
12999 3eac7000
13000 3eac8000
13001 3eac9000
13002 3eaca000
13003 3eacb000
13004 3eacc000
13005 3eacd000
13006 3eace000
13007 3eacf000
13008 3ead0000
13009 3ead1000
13010 3ead2000
13011 3ead3000
13012 3ead4000
13013 3ead5000
13014 3ead6000
13015 3ead7000
13016 3ead8000
13017 3ead9000
13018 3eada000
13019 3eadb000
13020 3eadc000
13021 3eadd000
13022 3eade000
13023 3eadf000
13024 3eae0000
13025 3eae1000
13026 3eae2000
13027 3eae3000
13028 3eae4000
13029 3eae5000
13030 3eae6000
13031 3eae7000
13032 3eae8000
13033 3eae9000
13034 3eaea000
13035 3eaeb000
13036 3eaec000
13037 3eaed000
13038 3eaee000
13039 3eaef000
13040 3eaf0000
13041 3eaf1000
13042 3eaf2000
13043 3eaf3000
13044 3eaf4000
13045 3eaf5000
13046 3eaf6000
13047 3eaf7000
13048 3eaf8000
13049 3eaf9000
13050 3eafa000
13051 3eafb000
13052 3eafc000
13053 3eafd000
13054 3eafe000
13055 3eaff000
13056 3eb00000
13057 3eb01000
13058 3eb02000
13059 3eb03000
13060 3eb04000
13061 3eb05000
13062 3eb06000
13063 3eb07000
13064 3eb08000
13065 3eb09000
13066 3eb0a000
13067 3eb0b000
13068 3eb0c000
13069 3eb0d000
13070 3eb0e000
13071 3eb0f000
13072 3eb10000
13073 3eb11000
13074 3eb12000
13075 3eb13000
13076 3eb14000
13077 3eb15000
13078 3eb16000
13079 3eb17000
13080 3eb18000
13081 3eb19000
13082 3eb1a000
13083 3eb1b000
13084 3eb1c000
13085 3eb1d000
13086 3eb1e000
13087 3eb1f000
13088 3eb20000
13089 3eb21000
13090 3eb22000
13091 3eb23000
13092 3eb24000
13093 3eb25000
13094 3eb26000
13095 3eb27000
13096 3eb28000
13097 3eb29000
13098 3eb2a000
13099 3eb2b000
13100 3eb2c000
13101 3eb2d000
13102 3eb2e000
13103 3eb2f000
13104 3eb30000
13105 3eb31000
13106 3eb32000
13107 3eb33000
13108 3eb34000
13109 3eb35000
13110 3eb36000
13111 3eb37000
13112 3eb38000
13113 3eb39000
13114 3eb3a000
13115 3eb3b000
13116 3eb3c000
13117 3eb3d000
13118 3eb3e000
13119 3eb3f000
13120 3eb40000
13121 3eb41000
13122 3eb42000
13123 3eb43000
13124 3eb44000
13125 3eb45000
13126 3eb46000
13127 3eb47000
13128 3eb48000
13129 3eb49000
13130 3eb4a000
13131 3eb4b000
13132 3eb4c000
13133 3eb4d000
13134 3eb4e000
13135 3eb4f000
13136 3eb50000
13137 3eb51000
13138 3eb52000
13139 3eb53000
13140 3eb54000
13141 3eb55000
13142 3eb56000
13143 3eb57000
13144 3eb58000
13145 3eb59000
13146 3eb5a000
13147 3eb5b000
13148 3eb5c000
13149 3eb5d000
13150 3eb5e000
13151 3eb5f000
13152 3eb60000
13153 3eb61000
13154 3eb62000
13155 3eb63000
13156 3eb64000
13157 3eb65000
13158 3eb66000
13159 3eb67000
13160 3eb68000
13161 3eb69000
13162 3eb6a000
13163 3eb6b000
13164 3eb6c000
13165 3eb6d000
13166 3eb6e000
13167 3eb6f000
13168 3eb70000
13169 3eb71000
13170 3eb72000
13171 3eb73000
13172 3eb74000
13173 3eb75000
13174 3eb76000
13175 3eb77000
13176 3eb78000
13177 3eb79000
13178 3eb7a000
13179 3eb7b000
13180 3eb7c000
13181 3eb7d000
13182 3eb7e000
13183 3eb7f000
13184 3eb80000
13185 3eb81000
13186 3eb82000
13187 3eb83000
13188 3eb84000
13189 3eb85000
13190 3eb86000
13191 3eb87000
13192 3eb88000
13193 3eb89000
13194 3eb8a000
13195 3eb8b000
13196 3eb8c000
13197 3eb8d000
13198 3eb8e000
13199 3eb8f000
13200 3eb90000
13201 3eb91000
13202 3eb92000
13203 3eb93000
13204 3eb94000
13205 3eb95000
13206 3eb96000
13207 3eb97000
13208 3eb98000
13209 3eb99000
13210 3eb9a000
13211 3eb9b000
13212 3eb9c000
13213 3eb9d000
13214 3eb9e000
13215 3eb9f000
13216 3eba0000
13217 3eba1000
13218 3eba2000
13219 3eba3000
13220 3eba4000
13221 3eba5000
13222 3eba6000
13223 3eba7000
13224 3eba8000
13225 3eba9000
13226 3ebaa000
13227 3ebab000
13228 3ebac000
13229 3ebad000
13230 3ebae000
13231 3ebaf000
13232 3ebb0000
13233 3ebb1000
13234 3ebb2000
13235 3ebb3000
13236 3ebb4000
13237 3ebb5000
13238 3ebb6000
13239 3ebb7000
13240 3ebb8000
13241 3ebb9000
13242 3ebba000
13243 3ebbb000
13244 3ebbc000
13245 3ebbd000
13246 3ebbe000
13247 3ebbf000
13248 3ebc0000
13249 3ebc1000
13250 3ebc2000
13251 3ebc3000
13252 3ebc4000
13253 3ebc5000
13254 3ebc6000
13255 3ebc7000
13256 3ebc8000
13257 3ebc9000
13258 3ebca000
13259 3ebcb000
13260 3ebcc000
13261 3ebcd000
13262 3ebce000
13263 3ebcf000
13264 3ebd0000
13265 3ebd1000
13266 3ebd2000
13267 3ebd3000
13268 3ebd4000
13269 3ebd5000
13270 3ebd6000
13271 3ebd7000
13272 3ebd8000
13273 3ebd9000
13274 3ebda000
13275 3ebdb000
13276 3ebdc000
13277 3ebdd000
13278 3ebde000
13279 3ebdf000
13280 3ebe0000
13281 3ebe1000
13282 3ebe2000
13283 3ebe3000
13284 3ebe4000
13285 3ebe5000
13286 3ebe6000
13287 3ebe7000
13288 3ebe8000
13289 3ebe9000
13290 3ebea000
13291 3ebeb000
13292 3ebec000
13293 3ebed000
13294 3ebee000
13295 3ebef000
13296 3ebf0000
13297 3ebf1000
13298 3ebf2000
13299 3ebf3000
13300 3ebf4000
13301 3ebf5000
13302 3ebf6000
13303 3ebf7000
13304 3ebf8000
13305 3ebf9000
13306 3ebfa000
13307 3ebfb000
13308 3ebfc000
13309 3ebfd000
13310 3ebfe000
13311 3ebff000
13312 3ec00000
13313 3ec01000
13314 3ec02000
13315 3ec03000
13316 3ec04000
13317 3ec05000
13318 3ec06000
13319 3ec07000
13320 3ec08000
13321 3ec09000
13322 3ec0a000
13323 3ec0b000
13324 3ec0c000
13325 3ec0d000
13326 3ec0e000
13327 3ec0f000
13328 3ec10000
13329 3ec11000
13330 3ec12000
13331 3ec13000
13332 3ec14000
13333 3ec15000
13334 3ec16000
13335 3ec17000
13336 3ec18000
13337 3ec19000
13338 3ec1a000
13339 3ec1b000
13340 3ec1c000
13341 3ec1d000
13342 3ec1e000
13343 3ec1f000
13344 3ec20000
13345 3ec21000
13346 3ec22000
13347 3ec23000
13348 3ec24000
13349 3ec25000
13350 3ec26000
13351 3ec27000
13352 3ec28000
13353 3ec29000
13354 3ec2a000
13355 3ec2b000
13356 3ec2c000
13357 3ec2d000
13358 3ec2e000
13359 3ec2f000
13360 3ec30000
13361 3ec31000
13362 3ec32000
13363 3ec33000
13364 3ec34000
13365 3ec35000
13366 3ec36000
13367 3ec37000
13368 3ec38000
13369 3ec39000
13370 3ec3a000
13371 3ec3b000
13372 3ec3c000
13373 3ec3d000
13374 3ec3e000
13375 3ec3f000
13376 3ec40000
13377 3ec41000
13378 3ec42000
13379 3ec43000
13380 3ec44000
13381 3ec45000
13382 3ec46000
13383 3ec47000
13384 3ec48000
13385 3ec49000
13386 3ec4a000
13387 3ec4b000
13388 3ec4c000
13389 3ec4d000
13390 3ec4e000
13391 3ec4f000
13392 3ec50000
13393 3ec51000
13394 3ec52000
13395 3ec53000
13396 3ec54000
13397 3ec55000
13398 3ec56000
13399 3ec57000
13400 3ec58000
13401 3ec59000
13402 3ec5a000
13403 3ec5b000
13404 3ec5c000
13405 3ec5d000
13406 3ec5e000
13407 3ec5f000
13408 3ec60000
13409 3ec61000
13410 3ec62000
13411 3ec63000
13412 3ec64000
13413 3ec65000
13414 3ec66000
13415 3ec67000
13416 3ec68000
13417 3ec69000
13418 3ec6a000
13419 3ec6b000
13420 3ec6c000
13421 3ec6d000
13422 3ec6e000
13423 3ec6f000
13424 3ec70000
13425 3ec71000
13426 3ec72000
13427 3ec73000
13428 3ec74000
13429 3ec75000
13430 3ec76000
13431 3ec77000
13432 3ec78000
13433 3ec79000
13434 3ec7a000
13435 3ec7b000
13436 3ec7c000
13437 3ec7d000
13438 3ec7e000
13439 3ec7f000
13440 3ec80000
13441 3ec81000
13442 3ec82000
13443 3ec83000
13444 3ec84000
13445 3ec85000
13446 3ec86000
13447 3ec87000
13448 3ec88000
13449 3ec89000
13450 3ec8a000
13451 3ec8b000
13452 3ec8c000
13453 3ec8d000
13454 3ec8e000
13455 3ec8f000
13456 3ec90000
13457 3ec91000
13458 3ec92000
13459 3ec93000
13460 3ec94000
13461 3ec95000
13462 3ec96000
13463 3ec97000
13464 3ec98000
13465 3ec99000
13466 3ec9a000
13467 3ec9b000
13468 3ec9c000
13469 3ec9d000
13470 3ec9e000
13471 3ec9f000
13472 3eca0000
13473 3eca1000
13474 3eca2000
13475 3eca3000
13476 3eca4000
13477 3eca5000
13478 3eca6000
13479 3eca7000
13480 3eca8000
13481 3eca9000
13482 3ecaa000
13483 3ecab000
13484 3ecac000
13485 3ecad000
13486 3ecae000
13487 3ecaf000
13488 3ecb0000
13489 3ecb1000
13490 3ecb2000
13491 3ecb3000
13492 3ecb4000
13493 3ecb5000
13494 3ecb6000
13495 3ecb7000
13496 3ecb8000
13497 3ecb9000
13498 3ecba000
13499 3ecbb000
13500 3ecbc000
13501 3ecbd000
13502 3ecbe000
13503 3ecbf000
13504 3ecc0000
13505 3ecc1000
13506 3ecc2000
13507 3ecc3000
13508 3ecc4000
13509 3ecc5000
13510 3ecc6000
13511 3ecc7000
13512 3ecc8000
13513 3ecc9000
13514 3ecca000
13515 3eccb000
13516 3eccc000
13517 3eccd000
13518 3ecce000
13519 3eccf000
13520 3ecd0000
13521 3ecd1000
13522 3ecd2000
13523 3ecd3000
13524 3ecd4000
13525 3ecd5000
13526 3ecd6000
13527 3ecd7000
13528 3ecd8000
13529 3ecd9000
13530 3ecda000
13531 3ecdb000
13532 3ecdc000
13533 3ecdd000
13534 3ecde000
13535 3ecdf000
13536 3ece0000
13537 3ece1000
13538 3ece2000
13539 3ece3000
13540 3ece4000
13541 3ece5000
13542 3ece6000
13543 3ece7000
13544 3ece8000
13545 3ece9000
13546 3ecea000
13547 3eceb000
13548 3ecec000
13549 3eced000
13550 3ecee000
13551 3ecef000
13552 3ecf0000
13553 3ecf1000
13554 3ecf2000
13555 3ecf3000
13556 3ecf4000
13557 3ecf5000
13558 3ecf6000
13559 3ecf7000
13560 3ecf8000
13561 3ecf9000
13562 3ecfa000
13563 3ecfb000
13564 3ecfc000
13565 3ecfd000
13566 3ecfe000
13567 3ecff000
13568 3ed00000
13569 3ed01000
13570 3ed02000
13571 3ed03000
13572 3ed04000
13573 3ed05000
13574 3ed06000
13575 3ed07000
13576 3ed08000
13577 3ed09000
13578 3ed0a000
13579 3ed0b000
13580 3ed0c000
13581 3ed0d000
13582 3ed0e000
13583 3ed0f000
13584 3ed10000
13585 3ed11000
13586 3ed12000
13587 3ed13000
13588 3ed14000
13589 3ed15000
13590 3ed16000
13591 3ed17000
13592 3ed18000
13593 3ed19000
13594 3ed1a000
13595 3ed1b000
13596 3ed1c000
13597 3ed1d000
13598 3ed1e000
13599 3ed1f000
13600 3ed20000
13601 3ed21000
13602 3ed22000
13603 3ed23000
13604 3ed24000
13605 3ed25000
13606 3ed26000
13607 3ed27000
13608 3ed28000
13609 3ed29000
13610 3ed2a000
13611 3ed2b000
13612 3ed2c000
13613 3ed2d000
13614 3ed2e000
13615 3ed2f000
13616 3ed30000
13617 3ed31000
13618 3ed32000
13619 3ed33000
13620 3ed34000
13621 3ed35000
13622 3ed36000
13623 3ed37000
13624 3ed38000
13625 3ed39000
13626 3ed3a000
13627 3ed3b000
13628 3ed3c000
13629 3ed3d000
13630 3ed3e000
13631 3ed3f000
13632 3ed40000
13633 3ed41000
13634 3ed42000
13635 3ed43000
13636 3ed44000
13637 3ed45000
13638 3ed46000
13639 3ed47000
13640 3ed48000
13641 3ed49000
13642 3ed4a000
13643 3ed4b000
13644 3ed4c000
13645 3ed4d000
13646 3ed4e000
13647 3ed4f000
13648 3ed50000
13649 3ed51000
13650 3ed52000
13651 3ed53000
13652 3ed54000
13653 3ed55000
13654 3ed56000
13655 3ed57000
13656 3ed58000
13657 3ed59000
13658 3ed5a000
13659 3ed5b000
13660 3ed5c000
13661 3ed5d000
13662 3ed5e000
13663 3ed5f000
13664 3ed60000
13665 3ed61000
13666 3ed62000
13667 3ed63000
13668 3ed64000
13669 3ed65000
13670 3ed66000
13671 3ed67000
13672 3ed68000
13673 3ed69000
13674 3ed6a000
13675 3ed6b000
13676 3ed6c000
13677 3ed6d000
13678 3ed6e000
13679 3ed6f000
13680 3ed70000
13681 3ed71000
13682 3ed72000
13683 3ed73000
13684 3ed74000
13685 3ed75000
13686 3ed76000
13687 3ed77000
13688 3ed78000
13689 3ed79000
13690 3ed7a000
13691 3ed7b000
13692 3ed7c000
13693 3ed7d000
13694 3ed7e000
13695 3ed7f000
13696 3ed80000
13697 3ed81000
13698 3ed82000
13699 3ed83000
13700 3ed84000
13701 3ed85000
13702 3ed86000
13703 3ed87000
13704 3ed88000
13705 3ed89000
13706 3ed8a000
13707 3ed8b000
13708 3ed8c000
13709 3ed8d000
13710 3ed8e000
13711 3ed8f000
13712 3ed90000
13713 3ed91000
13714 3ed92000
13715 3ed93000
13716 3ed94000
13717 3ed95000
13718 3ed96000
13719 3ed97000
13720 3ed98000
13721 3ed99000
13722 3ed9a000
13723 3ed9b000
13724 3ed9c000
13725 3ed9d000
13726 3ed9e000
13727 3ed9f000
13728 3eda0000
13729 3eda1000
13730 3eda2000
13731 3eda3000
13732 3eda4000
13733 3eda5000
13734 3eda6000
13735 3eda7000
13736 3eda8000
13737 3eda9000
13738 3edaa000
13739 3edab000
13740 3edac000
13741 3edad000
13742 3edae000
13743 3edaf000
13744 3edb0000
13745 3edb1000
13746 3edb2000
13747 3edb3000
13748 3edb4000
13749 3edb5000
13750 3edb6000
13751 3edb7000
13752 3edb8000
13753 3edb9000
13754 3edba000
13755 3edbb000
13756 3edbc000
13757 3edbd000
13758 3edbe000
13759 3edbf000
13760 3edc0000
13761 3edc1000
13762 3edc2000
13763 3edc3000
13764 3edc4000
13765 3edc5000
13766 3edc6000
13767 3edc7000
13768 3edc8000
13769 3edc9000
13770 3edca000
13771 3edcb000
13772 3edcc000
13773 3edcd000
13774 3edce000
13775 3edcf000
13776 3edd0000
13777 3edd1000
13778 3edd2000
13779 3edd3000
13780 3edd4000
13781 3edd5000
13782 3edd6000
13783 3edd7000
13784 3edd8000
13785 3edd9000
13786 3edda000
13787 3eddb000
13788 3eddc000
13789 3eddd000
13790 3edde000
13791 3eddf000
13792 3ede0000
13793 3ede1000
13794 3ede2000
13795 3ede3000
13796 3ede4000
13797 3ede5000
13798 3ede6000
13799 3ede7000
13800 3ede8000
13801 3ede9000
13802 3edea000
13803 3edeb000
13804 3edec000
13805 3eded000
13806 3edee000
13807 3edef000
13808 3edf0000
13809 3edf1000
13810 3edf2000
13811 3edf3000
13812 3edf4000
13813 3edf5000
13814 3edf6000
13815 3edf7000
13816 3edf8000
13817 3edf9000
13818 3edfa000
13819 3edfb000
13820 3edfc000
13821 3edfd000
13822 3edfe000
13823 3edff000
13824 3ee00000
13825 3ee01000
13826 3ee02000
13827 3ee03000
13828 3ee04000
13829 3ee05000
13830 3ee06000
13831 3ee07000
13832 3ee08000
13833 3ee09000
13834 3ee0a000
13835 3ee0b000
13836 3ee0c000
13837 3ee0d000
13838 3ee0e000
13839 3ee0f000
13840 3ee10000
13841 3ee11000
13842 3ee12000
13843 3ee13000
13844 3ee14000
13845 3ee15000
13846 3ee16000
13847 3ee17000
13848 3ee18000
13849 3ee19000
13850 3ee1a000
13851 3ee1b000
13852 3ee1c000
13853 3ee1d000
13854 3ee1e000
13855 3ee1f000
13856 3ee20000
13857 3ee21000
13858 3ee22000
13859 3ee23000
13860 3ee24000
13861 3ee25000
13862 3ee26000
13863 3ee27000
13864 3ee28000
13865 3ee29000
13866 3ee2a000
13867 3ee2b000
13868 3ee2c000
13869 3ee2d000
13870 3ee2e000
13871 3ee2f000
13872 3ee30000
13873 3ee31000
13874 3ee32000
13875 3ee33000
13876 3ee34000
13877 3ee35000
13878 3ee36000
13879 3ee37000
13880 3ee38000
13881 3ee39000
13882 3ee3a000
13883 3ee3b000
13884 3ee3c000
13885 3ee3d000
13886 3ee3e000
13887 3ee3f000
13888 3ee40000
13889 3ee41000
13890 3ee42000
13891 3ee43000
13892 3ee44000
13893 3ee45000
13894 3ee46000
13895 3ee47000
13896 3ee48000
13897 3ee49000
13898 3ee4a000
13899 3ee4b000
13900 3ee4c000
13901 3ee4d000
13902 3ee4e000
13903 3ee4f000
13904 3ee50000
13905 3ee51000
13906 3ee52000
13907 3ee53000
13908 3ee54000
13909 3ee55000
13910 3ee56000
13911 3ee57000
13912 3ee58000
13913 3ee59000
13914 3ee5a000
13915 3ee5b000
13916 3ee5c000
13917 3ee5d000
13918 3ee5e000
13919 3ee5f000
13920 3ee60000
13921 3ee61000
13922 3ee62000
13923 3ee63000
13924 3ee64000
13925 3ee65000
13926 3ee66000
13927 3ee67000
13928 3ee68000
13929 3ee69000
13930 3ee6a000
13931 3ee6b000
13932 3ee6c000
13933 3ee6d000
13934 3ee6e000
13935 3ee6f000
13936 3ee70000
13937 3ee71000
13938 3ee72000
13939 3ee73000
13940 3ee74000
13941 3ee75000
13942 3ee76000
13943 3ee77000
13944 3ee78000
13945 3ee79000
13946 3ee7a000
13947 3ee7b000
13948 3ee7c000
13949 3ee7d000
13950 3ee7e000
13951 3ee7f000
13952 3ee80000
13953 3ee81000
13954 3ee82000
13955 3ee83000
13956 3ee84000
13957 3ee85000
13958 3ee86000
13959 3ee87000
13960 3ee88000
13961 3ee89000
13962 3ee8a000
13963 3ee8b000
13964 3ee8c000
13965 3ee8d000
13966 3ee8e000
13967 3ee8f000
13968 3ee90000
13969 3ee91000
13970 3ee92000
13971 3ee93000
13972 3ee94000
13973 3ee95000
13974 3ee96000
13975 3ee97000
13976 3ee98000
13977 3ee99000
13978 3ee9a000
13979 3ee9b000
13980 3ee9c000
13981 3ee9d000
13982 3ee9e000
13983 3ee9f000
13984 3eea0000
13985 3eea1000
13986 3eea2000
13987 3eea3000
13988 3eea4000
13989 3eea5000
13990 3eea6000
13991 3eea7000
13992 3eea8000
13993 3eea9000
13994 3eeaa000
13995 3eeab000
13996 3eeac000
13997 3eead000
13998 3eeae000
13999 3eeaf000
14000 3eeb0000
14001 3eeb1000
14002 3eeb2000
14003 3eeb3000
14004 3eeb4000
14005 3eeb5000
14006 3eeb6000
14007 3eeb7000
14008 3eeb8000
14009 3eeb9000
14010 3eeba000
14011 3eebb000
14012 3eebc000
14013 3eebd000
14014 3eebe000
14015 3eebf000
14016 3eec0000
14017 3eec1000
14018 3eec2000
14019 3eec3000
14020 3eec4000
14021 3eec5000
14022 3eec6000
14023 3eec7000
14024 3eec8000
14025 3eec9000
14026 3eeca000
14027 3eecb000
14028 3eecc000
14029 3eecd000
14030 3eece000
14031 3eecf000
14032 3eed0000
14033 3eed1000
14034 3eed2000
14035 3eed3000
14036 3eed4000
14037 3eed5000
14038 3eed6000
14039 3eed7000
14040 3eed8000
14041 3eed9000
14042 3eeda000
14043 3eedb000
14044 3eedc000
14045 3eedd000
14046 3eede000
14047 3eedf000
14048 3eee0000
14049 3eee1000
14050 3eee2000
14051 3eee3000
14052 3eee4000
14053 3eee5000
14054 3eee6000
14055 3eee7000
14056 3eee8000
14057 3eee9000
14058 3eeea000
14059 3eeeb000
14060 3eeec000
14061 3eeed000
14062 3eeee000
14063 3eeef000
14064 3eef0000
14065 3eef1000
14066 3eef2000
14067 3eef3000
14068 3eef4000
14069 3eef5000
14070 3eef6000
14071 3eef7000
14072 3eef8000
14073 3eef9000
14074 3eefa000
14075 3eefb000
14076 3eefc000
14077 3eefd000
14078 3eefe000
14079 3eeff000
14080 3ef00000
14081 3ef01000
14082 3ef02000
14083 3ef03000
14084 3ef04000
14085 3ef05000
14086 3ef06000
14087 3ef07000
14088 3ef08000
14089 3ef09000
14090 3ef0a000
14091 3ef0b000
14092 3ef0c000
14093 3ef0d000
14094 3ef0e000
14095 3ef0f000
14096 3ef10000
14097 3ef11000
14098 3ef12000
14099 3ef13000
14100 3ef14000
14101 3ef15000
14102 3ef16000
14103 3ef17000
14104 3ef18000
14105 3ef19000
14106 3ef1a000
14107 3ef1b000
14108 3ef1c000
14109 3ef1d000
14110 3ef1e000
14111 3ef1f000
14112 3ef20000
14113 3ef21000
14114 3ef22000
14115 3ef23000
14116 3ef24000
14117 3ef25000
14118 3ef26000
14119 3ef27000
14120 3ef28000
14121 3ef29000
14122 3ef2a000
14123 3ef2b000
14124 3ef2c000
14125 3ef2d000
14126 3ef2e000
14127 3ef2f000
14128 3ef30000
14129 3ef31000
14130 3ef32000
14131 3ef33000
14132 3ef34000
14133 3ef35000
14134 3ef36000
14135 3ef37000
14136 3ef38000
14137 3ef39000
14138 3ef3a000
14139 3ef3b000
14140 3ef3c000
14141 3ef3d000
14142 3ef3e000
14143 3ef3f000
14144 3ef40000
14145 3ef41000
14146 3ef42000
14147 3ef43000
14148 3ef44000
14149 3ef45000
14150 3ef46000
14151 3ef47000
14152 3ef48000
14153 3ef49000
14154 3ef4a000
14155 3ef4b000
14156 3ef4c000
14157 3ef4d000
14158 3ef4e000
14159 3ef4f000
14160 3ef50000
14161 3ef51000
14162 3ef52000
14163 3ef53000
14164 3ef54000
14165 3ef55000
14166 3ef56000
14167 3ef57000
14168 3ef58000
14169 3ef59000
14170 3ef5a000
14171 3ef5b000
14172 3ef5c000
14173 3ef5d000
14174 3ef5e000
14175 3ef5f000
14176 3ef60000
14177 3ef61000
14178 3ef62000
14179 3ef63000
14180 3ef64000
14181 3ef65000
14182 3ef66000
14183 3ef67000
14184 3ef68000
14185 3ef69000
14186 3ef6a000
14187 3ef6b000
14188 3ef6c000
14189 3ef6d000
14190 3ef6e000
14191 3ef6f000
14192 3ef70000
14193 3ef71000
14194 3ef72000
14195 3ef73000
14196 3ef74000
14197 3ef75000
14198 3ef76000
14199 3ef77000
14200 3ef78000
14201 3ef79000
14202 3ef7a000
14203 3ef7b000
14204 3ef7c000
14205 3ef7d000
14206 3ef7e000
14207 3ef7f000
14208 3ef80000
14209 3ef81000
14210 3ef82000
14211 3ef83000
14212 3ef84000
14213 3ef85000
14214 3ef86000
14215 3ef87000
14216 3ef88000
14217 3ef89000
14218 3ef8a000
14219 3ef8b000
14220 3ef8c000
14221 3ef8d000
14222 3ef8e000
14223 3ef8f000
14224 3ef90000
14225 3ef91000
14226 3ef92000
14227 3ef93000
14228 3ef94000
14229 3ef95000
14230 3ef96000
14231 3ef97000
14232 3ef98000
14233 3ef99000
14234 3ef9a000
14235 3ef9b000
14236 3ef9c000
14237 3ef9d000
14238 3ef9e000
14239 3ef9f000
14240 3efa0000
14241 3efa1000
14242 3efa2000
14243 3efa3000
14244 3efa4000
14245 3efa5000
14246 3efa6000
14247 3efa7000
14248 3efa8000
14249 3efa9000
14250 3efaa000
14251 3efab000
14252 3efac000
14253 3efad000
14254 3efae000
14255 3efaf000
14256 3efb0000
14257 3efb1000
14258 3efb2000
14259 3efb3000
14260 3efb4000
14261 3efb5000
14262 3efb6000
14263 3efb7000
14264 3efb8000
14265 3efb9000
14266 3efba000
14267 3efbb000
14268 3efbc000
14269 3efbd000
14270 3efbe000
14271 3efbf000
14272 3efc0000
14273 3efc1000
14274 3efc2000
14275 3efc3000
14276 3efc4000
14277 3efc5000
14278 3efc6000
14279 3efc7000
14280 3efc8000
14281 3efc9000
14282 3efca000
14283 3efcb000
14284 3efcc000
14285 3efcd000
14286 3efce000
14287 3efcf000
14288 3efd0000
14289 3efd1000
14290 3efd2000
14291 3efd3000
14292 3efd4000
14293 3efd5000
14294 3efd6000
14295 3efd7000
14296 3efd8000
14297 3efd9000
14298 3efda000
14299 3efdb000
14300 3efdc000
14301 3efdd000
14302 3efde000
14303 3efdf000
14304 3efe0000
14305 3efe1000
14306 3efe2000
14307 3efe3000
14308 3efe4000
14309 3efe5000
14310 3efe6000
14311 3efe7000
14312 3efe8000
14313 3efe9000
14314 3efea000
14315 3efeb000
14316 3efec000
14317 3efed000
14318 3efee000
14319 3efef000
14320 3eff0000
14321 3eff1000
14322 3eff2000
14323 3eff3000
14324 3eff4000
14325 3eff5000
14326 3eff6000
14327 3eff7000
14328 3eff8000
14329 3eff9000
14330 3effa000
14331 3effb000
14332 3effc000
14333 3effd000
14334 3effe000
14335 3efff000
14336 3f000000
14337 3f001000
14338 3f002000
14339 3f003000
14340 3f004000
14341 3f005000
14342 3f006000
14343 3f007000
14344 3f008000
14345 3f009000
14346 3f00a000
14347 3f00b000
14348 3f00c000
14349 3f00d000
14350 3f00e000
14351 3f00f000
14352 3f010000
14353 3f011000
14354 3f012000
14355 3f013000
14356 3f014000
14357 3f015000
14358 3f016000
14359 3f017000
14360 3f018000
14361 3f019000
14362 3f01a000
14363 3f01b000
14364 3f01c000
14365 3f01d000
14366 3f01e000
14367 3f01f000
14368 3f020000
14369 3f021000
14370 3f022000
14371 3f023000
14372 3f024000
14373 3f025000
14374 3f026000
14375 3f027000
14376 3f028000
14377 3f029000
14378 3f02a000
14379 3f02b000
14380 3f02c000
14381 3f02d000
14382 3f02e000
14383 3f02f000
14384 3f030000
14385 3f031000
14386 3f032000
14387 3f033000
14388 3f034000
14389 3f035000
14390 3f036000
14391 3f037000
14392 3f038000
14393 3f039000
14394 3f03a000
14395 3f03b000
14396 3f03c000
14397 3f03d000
14398 3f03e000
14399 3f03f000
14400 3f040000
14401 3f041000
14402 3f042000
14403 3f043000
14404 3f044000
14405 3f045000
14406 3f046000
14407 3f047000
14408 3f048000
14409 3f049000
14410 3f04a000
14411 3f04b000
14412 3f04c000
14413 3f04d000
14414 3f04e000
14415 3f04f000
14416 3f050000
14417 3f051000
14418 3f052000
14419 3f053000
14420 3f054000
14421 3f055000
14422 3f056000
14423 3f057000
14424 3f058000
14425 3f059000
14426 3f05a000
14427 3f05b000
14428 3f05c000
14429 3f05d000
14430 3f05e000
14431 3f05f000
14432 3f060000
14433 3f061000
14434 3f062000
14435 3f063000
14436 3f064000
14437 3f065000
14438 3f066000
14439 3f067000
14440 3f068000
14441 3f069000
14442 3f06a000
14443 3f06b000
14444 3f06c000
14445 3f06d000
14446 3f06e000
14447 3f06f000
14448 3f070000
14449 3f071000
14450 3f072000
14451 3f073000
14452 3f074000
14453 3f075000
14454 3f076000
14455 3f077000
14456 3f078000
14457 3f079000
14458 3f07a000
14459 3f07b000
14460 3f07c000
14461 3f07d000
14462 3f07e000
14463 3f07f000
14464 3f080000
14465 3f081000
14466 3f082000
14467 3f083000
14468 3f084000
14469 3f085000
14470 3f086000
14471 3f087000
14472 3f088000
14473 3f089000
14474 3f08a000
14475 3f08b000
14476 3f08c000
14477 3f08d000
14478 3f08e000
14479 3f08f000
14480 3f090000
14481 3f091000
14482 3f092000
14483 3f093000
14484 3f094000
14485 3f095000
14486 3f096000
14487 3f097000
14488 3f098000
14489 3f099000
14490 3f09a000
14491 3f09b000
14492 3f09c000
14493 3f09d000
14494 3f09e000
14495 3f09f000
14496 3f0a0000
14497 3f0a1000
14498 3f0a2000
14499 3f0a3000
14500 3f0a4000
14501 3f0a5000
14502 3f0a6000
14503 3f0a7000
14504 3f0a8000
14505 3f0a9000
14506 3f0aa000
14507 3f0ab000
14508 3f0ac000
14509 3f0ad000
14510 3f0ae000
14511 3f0af000
14512 3f0b0000
14513 3f0b1000
14514 3f0b2000
14515 3f0b3000
14516 3f0b4000
14517 3f0b5000
14518 3f0b6000
14519 3f0b7000
14520 3f0b8000
14521 3f0b9000
14522 3f0ba000
14523 3f0bb000
14524 3f0bc000
14525 3f0bd000
14526 3f0be000
14527 3f0bf000
14528 3f0c0000
14529 3f0c1000
14530 3f0c2000
14531 3f0c3000
14532 3f0c4000
14533 3f0c5000
14534 3f0c6000
14535 3f0c7000
14536 3f0c8000
14537 3f0c9000
14538 3f0ca000
14539 3f0cb000
14540 3f0cc000
14541 3f0cd000
14542 3f0ce000
14543 3f0cf000
14544 3f0d0000
14545 3f0d1000
14546 3f0d2000
14547 3f0d3000
14548 3f0d4000
14549 3f0d5000
14550 3f0d6000
14551 3f0d7000
14552 3f0d8000
14553 3f0d9000
14554 3f0da000
14555 3f0db000
14556 3f0dc000
14557 3f0dd000
14558 3f0de000
14559 3f0df000
14560 3f0e0000
14561 3f0e1000
14562 3f0e2000
14563 3f0e3000
14564 3f0e4000
14565 3f0e5000
14566 3f0e6000
14567 3f0e7000
14568 3f0e8000
14569 3f0e9000
14570 3f0ea000
14571 3f0eb000
14572 3f0ec000
14573 3f0ed000
14574 3f0ee000
14575 3f0ef000
14576 3f0f0000
14577 3f0f1000
14578 3f0f2000
14579 3f0f3000
14580 3f0f4000
14581 3f0f5000
14582 3f0f6000
14583 3f0f7000
14584 3f0f8000
14585 3f0f9000
14586 3f0fa000
14587 3f0fb000
14588 3f0fc000
14589 3f0fd000
14590 3f0fe000
14591 3f0ff000
14592 3f100000
14593 3f101000
14594 3f102000
14595 3f103000
14596 3f104000
14597 3f105000
14598 3f106000
14599 3f107000
14600 3f108000
14601 3f109000
14602 3f10a000
14603 3f10b000
14604 3f10c000
14605 3f10d000
14606 3f10e000
14607 3f10f000
14608 3f110000
14609 3f111000
14610 3f112000
14611 3f113000
14612 3f114000
14613 3f115000
14614 3f116000
14615 3f117000
14616 3f118000
14617 3f119000
14618 3f11a000
14619 3f11b000
14620 3f11c000
14621 3f11d000
14622 3f11e000
14623 3f11f000
14624 3f120000
14625 3f121000
14626 3f122000
14627 3f123000
14628 3f124000
14629 3f125000
14630 3f126000
14631 3f127000
14632 3f128000
14633 3f129000
14634 3f12a000
14635 3f12b000
14636 3f12c000
14637 3f12d000
14638 3f12e000
14639 3f12f000
14640 3f130000
14641 3f131000
14642 3f132000
14643 3f133000
14644 3f134000
14645 3f135000
14646 3f136000
14647 3f137000
14648 3f138000
14649 3f139000
14650 3f13a000
14651 3f13b000
14652 3f13c000
14653 3f13d000
14654 3f13e000
14655 3f13f000
14656 3f140000
14657 3f141000
14658 3f142000
14659 3f143000
14660 3f144000
14661 3f145000
14662 3f146000
14663 3f147000
14664 3f148000
14665 3f149000
14666 3f14a000
14667 3f14b000
14668 3f14c000
14669 3f14d000
14670 3f14e000
14671 3f14f000
14672 3f150000
14673 3f151000
14674 3f152000
14675 3f153000
14676 3f154000
14677 3f155000
14678 3f156000
14679 3f157000
14680 3f158000
14681 3f159000
14682 3f15a000
14683 3f15b000
14684 3f15c000
14685 3f15d000
14686 3f15e000
14687 3f15f000
14688 3f160000
14689 3f161000
14690 3f162000
14691 3f163000
14692 3f164000
14693 3f165000
14694 3f166000
14695 3f167000
14696 3f168000
14697 3f169000
14698 3f16a000
14699 3f16b000
14700 3f16c000
14701 3f16d000
14702 3f16e000
14703 3f16f000
14704 3f170000
14705 3f171000
14706 3f172000
14707 3f173000
14708 3f174000
14709 3f175000
14710 3f176000
14711 3f177000
14712 3f178000
14713 3f179000
14714 3f17a000
14715 3f17b000
14716 3f17c000
14717 3f17d000
14718 3f17e000
14719 3f17f000
14720 3f180000
14721 3f181000
14722 3f182000
14723 3f183000
14724 3f184000
14725 3f185000
14726 3f186000
14727 3f187000
14728 3f188000
14729 3f189000
14730 3f18a000
14731 3f18b000
14732 3f18c000
14733 3f18d000
14734 3f18e000
14735 3f18f000
14736 3f190000
14737 3f191000
14738 3f192000
14739 3f193000
14740 3f194000
14741 3f195000
14742 3f196000
14743 3f197000
14744 3f198000
14745 3f199000
14746 3f19a000
14747 3f19b000
14748 3f19c000
14749 3f19d000
14750 3f19e000
14751 3f19f000
14752 3f1a0000
14753 3f1a1000
14754 3f1a2000
14755 3f1a3000
14756 3f1a4000
14757 3f1a5000
14758 3f1a6000
14759 3f1a7000
14760 3f1a8000
14761 3f1a9000
14762 3f1aa000
14763 3f1ab000
14764 3f1ac000
14765 3f1ad000
14766 3f1ae000
14767 3f1af000
14768 3f1b0000
14769 3f1b1000
14770 3f1b2000
14771 3f1b3000
14772 3f1b4000
14773 3f1b5000
14774 3f1b6000
14775 3f1b7000
14776 3f1b8000
14777 3f1b9000
14778 3f1ba000
14779 3f1bb000
14780 3f1bc000
14781 3f1bd000
14782 3f1be000
14783 3f1bf000
14784 3f1c0000
14785 3f1c1000
14786 3f1c2000
14787 3f1c3000
14788 3f1c4000
14789 3f1c5000
14790 3f1c6000
14791 3f1c7000
14792 3f1c8000
14793 3f1c9000
14794 3f1ca000
14795 3f1cb000
14796 3f1cc000
14797 3f1cd000
14798 3f1ce000
14799 3f1cf000
14800 3f1d0000
14801 3f1d1000
14802 3f1d2000
14803 3f1d3000
14804 3f1d4000
14805 3f1d5000
14806 3f1d6000
14807 3f1d7000
14808 3f1d8000
14809 3f1d9000
14810 3f1da000
14811 3f1db000
14812 3f1dc000
14813 3f1dd000
14814 3f1de000
14815 3f1df000
14816 3f1e0000
14817 3f1e1000
14818 3f1e2000
14819 3f1e3000
14820 3f1e4000
14821 3f1e5000
14822 3f1e6000
14823 3f1e7000
14824 3f1e8000
14825 3f1e9000
14826 3f1ea000
14827 3f1eb000
14828 3f1ec000
14829 3f1ed000
14830 3f1ee000
14831 3f1ef000
14832 3f1f0000
14833 3f1f1000
14834 3f1f2000
14835 3f1f3000
14836 3f1f4000
14837 3f1f5000
14838 3f1f6000
14839 3f1f7000
14840 3f1f8000
14841 3f1f9000
14842 3f1fa000
14843 3f1fb000
14844 3f1fc000
14845 3f1fd000
14846 3f1fe000
14847 3f1ff000
14848 3f200000
14849 3f201000
14850 3f202000
14851 3f203000
14852 3f204000
14853 3f205000
14854 3f206000
14855 3f207000
14856 3f208000
14857 3f209000
14858 3f20a000
14859 3f20b000
14860 3f20c000
14861 3f20d000
14862 3f20e000
14863 3f20f000
14864 3f210000
14865 3f211000
14866 3f212000
14867 3f213000
14868 3f214000
14869 3f215000
14870 3f216000
14871 3f217000
14872 3f218000
14873 3f219000
14874 3f21a000
14875 3f21b000
14876 3f21c000
14877 3f21d000
14878 3f21e000
14879 3f21f000
14880 3f220000
14881 3f221000
14882 3f222000
14883 3f223000
14884 3f224000
14885 3f225000
14886 3f226000
14887 3f227000
14888 3f228000
14889 3f229000
14890 3f22a000
14891 3f22b000
14892 3f22c000
14893 3f22d000
14894 3f22e000
14895 3f22f000
14896 3f230000
14897 3f231000
14898 3f232000
14899 3f233000
14900 3f234000
14901 3f235000
14902 3f236000
14903 3f237000
14904 3f238000
14905 3f239000
14906 3f23a000
14907 3f23b000
14908 3f23c000
14909 3f23d000
14910 3f23e000
14911 3f23f000
14912 3f240000
14913 3f241000
14914 3f242000
14915 3f243000
14916 3f244000
14917 3f245000
14918 3f246000
14919 3f247000
14920 3f248000
14921 3f249000
14922 3f24a000
14923 3f24b000
14924 3f24c000
14925 3f24d000
14926 3f24e000
14927 3f24f000
14928 3f250000
14929 3f251000
14930 3f252000
14931 3f253000
14932 3f254000
14933 3f255000
14934 3f256000
14935 3f257000
14936 3f258000
14937 3f259000
14938 3f25a000
14939 3f25b000
14940 3f25c000
14941 3f25d000
14942 3f25e000
14943 3f25f000
14944 3f260000
14945 3f261000
14946 3f262000
14947 3f263000
14948 3f264000
14949 3f265000
14950 3f266000
14951 3f267000
14952 3f268000
14953 3f269000
14954 3f26a000
14955 3f26b000
14956 3f26c000
14957 3f26d000
14958 3f26e000
14959 3f26f000
14960 3f270000
14961 3f271000
14962 3f272000
14963 3f273000
14964 3f274000
14965 3f275000
14966 3f276000
14967 3f277000
14968 3f278000
14969 3f279000
14970 3f27a000
14971 3f27b000
14972 3f27c000
14973 3f27d000
14974 3f27e000
14975 3f27f000
14976 3f280000
14977 3f281000
14978 3f282000
14979 3f283000
14980 3f284000
14981 3f285000
14982 3f286000
14983 3f287000
14984 3f288000
14985 3f289000
14986 3f28a000
14987 3f28b000
14988 3f28c000
14989 3f28d000
14990 3f28e000
14991 3f28f000
14992 3f290000
14993 3f291000
14994 3f292000
14995 3f293000
14996 3f294000
14997 3f295000
14998 3f296000
14999 3f297000
15000 3f298000
15001 3f299000
15002 3f29a000
15003 3f29b000
15004 3f29c000
15005 3f29d000
15006 3f29e000
15007 3f29f000
15008 3f2a0000
15009 3f2a1000
15010 3f2a2000
15011 3f2a3000
15012 3f2a4000
15013 3f2a5000
15014 3f2a6000
15015 3f2a7000
15016 3f2a8000
15017 3f2a9000
15018 3f2aa000
15019 3f2ab000
15020 3f2ac000
15021 3f2ad000
15022 3f2ae000
15023 3f2af000
15024 3f2b0000
15025 3f2b1000
15026 3f2b2000
15027 3f2b3000
15028 3f2b4000
15029 3f2b5000
15030 3f2b6000
15031 3f2b7000
15032 3f2b8000
15033 3f2b9000
15034 3f2ba000
15035 3f2bb000
15036 3f2bc000
15037 3f2bd000
15038 3f2be000
15039 3f2bf000
15040 3f2c0000
15041 3f2c1000
15042 3f2c2000
15043 3f2c3000
15044 3f2c4000
15045 3f2c5000
15046 3f2c6000
15047 3f2c7000
15048 3f2c8000
15049 3f2c9000
15050 3f2ca000
15051 3f2cb000
15052 3f2cc000
15053 3f2cd000
15054 3f2ce000
15055 3f2cf000
15056 3f2d0000
15057 3f2d1000
15058 3f2d2000
15059 3f2d3000
15060 3f2d4000
15061 3f2d5000
15062 3f2d6000
15063 3f2d7000
15064 3f2d8000
15065 3f2d9000
15066 3f2da000
15067 3f2db000
15068 3f2dc000
15069 3f2dd000
15070 3f2de000
15071 3f2df000
15072 3f2e0000
15073 3f2e1000
15074 3f2e2000
15075 3f2e3000
15076 3f2e4000
15077 3f2e5000
15078 3f2e6000
15079 3f2e7000
15080 3f2e8000
15081 3f2e9000
15082 3f2ea000
15083 3f2eb000
15084 3f2ec000
15085 3f2ed000
15086 3f2ee000
15087 3f2ef000
15088 3f2f0000
15089 3f2f1000
15090 3f2f2000
15091 3f2f3000
15092 3f2f4000
15093 3f2f5000
15094 3f2f6000
15095 3f2f7000
15096 3f2f8000
15097 3f2f9000
15098 3f2fa000
15099 3f2fb000
15100 3f2fc000
15101 3f2fd000
15102 3f2fe000
15103 3f2ff000
15104 3f300000
15105 3f301000
15106 3f302000
15107 3f303000
15108 3f304000
15109 3f305000
15110 3f306000
15111 3f307000
15112 3f308000
15113 3f309000
15114 3f30a000
15115 3f30b000
15116 3f30c000
15117 3f30d000
15118 3f30e000
15119 3f30f000
15120 3f310000
15121 3f311000
15122 3f312000
15123 3f313000
15124 3f314000
15125 3f315000
15126 3f316000
15127 3f317000
15128 3f318000
15129 3f319000
15130 3f31a000
15131 3f31b000
15132 3f31c000
15133 3f31d000
15134 3f31e000
15135 3f31f000
15136 3f320000
15137 3f321000
15138 3f322000
15139 3f323000
15140 3f324000
15141 3f325000
15142 3f326000
15143 3f327000
15144 3f328000
15145 3f329000
15146 3f32a000
15147 3f32b000
15148 3f32c000
15149 3f32d000
15150 3f32e000
15151 3f32f000
15152 3f330000
15153 3f331000
15154 3f332000
15155 3f333000
15156 3f334000
15157 3f335000
15158 3f336000
15159 3f337000
15160 3f338000
15161 3f339000
15162 3f33a000
15163 3f33b000
15164 3f33c000
15165 3f33d000
15166 3f33e000
15167 3f33f000
15168 3f340000
15169 3f341000
15170 3f342000
15171 3f343000
15172 3f344000
15173 3f345000
15174 3f346000
15175 3f347000
15176 3f348000
15177 3f349000
15178 3f34a000
15179 3f34b000
15180 3f34c000
15181 3f34d000
15182 3f34e000
15183 3f34f000
15184 3f350000
15185 3f351000
15186 3f352000
15187 3f353000
15188 3f354000
15189 3f355000
15190 3f356000
15191 3f357000
15192 3f358000
15193 3f359000
15194 3f35a000
15195 3f35b000
15196 3f35c000
15197 3f35d000
15198 3f35e000
15199 3f35f000
15200 3f360000
15201 3f361000
15202 3f362000
15203 3f363000
15204 3f364000
15205 3f365000
15206 3f366000
15207 3f367000
15208 3f368000
15209 3f369000
15210 3f36a000
15211 3f36b000
15212 3f36c000
15213 3f36d000
15214 3f36e000
15215 3f36f000
15216 3f370000
15217 3f371000
15218 3f372000
15219 3f373000
15220 3f374000
15221 3f375000
15222 3f376000
15223 3f377000
15224 3f378000
15225 3f379000
15226 3f37a000
15227 3f37b000
15228 3f37c000
15229 3f37d000
15230 3f37e000
15231 3f37f000
15232 3f380000
15233 3f381000
15234 3f382000
15235 3f383000
15236 3f384000
15237 3f385000
15238 3f386000
15239 3f387000
15240 3f388000
15241 3f389000
15242 3f38a000
15243 3f38b000
15244 3f38c000
15245 3f38d000
15246 3f38e000
15247 3f38f000
15248 3f390000
15249 3f391000
15250 3f392000
15251 3f393000
15252 3f394000
15253 3f395000
15254 3f396000
15255 3f397000
15256 3f398000
15257 3f399000
15258 3f39a000
15259 3f39b000
15260 3f39c000
15261 3f39d000
15262 3f39e000
15263 3f39f000
15264 3f3a0000
15265 3f3a1000
15266 3f3a2000
15267 3f3a3000
15268 3f3a4000
15269 3f3a5000
15270 3f3a6000
15271 3f3a7000
15272 3f3a8000
15273 3f3a9000
15274 3f3aa000
15275 3f3ab000
15276 3f3ac000
15277 3f3ad000
15278 3f3ae000
15279 3f3af000
15280 3f3b0000
15281 3f3b1000
15282 3f3b2000
15283 3f3b3000
15284 3f3b4000
15285 3f3b5000
15286 3f3b6000
15287 3f3b7000
15288 3f3b8000
15289 3f3b9000
15290 3f3ba000
15291 3f3bb000
15292 3f3bc000
15293 3f3bd000
15294 3f3be000
15295 3f3bf000
15296 3f3c0000
15297 3f3c1000
15298 3f3c2000
15299 3f3c3000
15300 3f3c4000
15301 3f3c5000
15302 3f3c6000
15303 3f3c7000
15304 3f3c8000
15305 3f3c9000
15306 3f3ca000
15307 3f3cb000
15308 3f3cc000
15309 3f3cd000
15310 3f3ce000
15311 3f3cf000
15312 3f3d0000
15313 3f3d1000
15314 3f3d2000
15315 3f3d3000
15316 3f3d4000
15317 3f3d5000
15318 3f3d6000
15319 3f3d7000
15320 3f3d8000
15321 3f3d9000
15322 3f3da000
15323 3f3db000
15324 3f3dc000
15325 3f3dd000
15326 3f3de000
15327 3f3df000
15328 3f3e0000
15329 3f3e1000
15330 3f3e2000
15331 3f3e3000
15332 3f3e4000
15333 3f3e5000
15334 3f3e6000
15335 3f3e7000
15336 3f3e8000
15337 3f3e9000
15338 3f3ea000
15339 3f3eb000
15340 3f3ec000
15341 3f3ed000
15342 3f3ee000
15343 3f3ef000
15344 3f3f0000
15345 3f3f1000
15346 3f3f2000
15347 3f3f3000
15348 3f3f4000
15349 3f3f5000
15350 3f3f6000
15351 3f3f7000
15352 3f3f8000
15353 3f3f9000
15354 3f3fa000
15355 3f3fb000
15356 3f3fc000
15357 3f3fd000
15358 3f3fe000
15359 3f3ff000
15360 3f400000
15361 3f401000
15362 3f402000
15363 3f403000
15364 3f404000
15365 3f405000
15366 3f406000
15367 3f407000
15368 3f408000
15369 3f409000
15370 3f40a000
15371 3f40b000
15372 3f40c000
15373 3f40d000
15374 3f40e000
15375 3f40f000
15376 3f410000
15377 3f411000
15378 3f412000
15379 3f413000
15380 3f414000
15381 3f415000
15382 3f416000
15383 3f417000
15384 3f418000
15385 3f419000
15386 3f41a000
15387 3f41b000
15388 3f41c000
15389 3f41d000
15390 3f41e000
15391 3f41f000
15392 3f420000
15393 3f421000
15394 3f422000
15395 3f423000
15396 3f424000
15397 3f425000
15398 3f426000
15399 3f427000
15400 3f428000
15401 3f429000
15402 3f42a000
15403 3f42b000
15404 3f42c000
15405 3f42d000
15406 3f42e000
15407 3f42f000
15408 3f430000
15409 3f431000
15410 3f432000
15411 3f433000
15412 3f434000
15413 3f435000
15414 3f436000
15415 3f437000
15416 3f438000
15417 3f439000
15418 3f43a000
15419 3f43b000
15420 3f43c000
15421 3f43d000
15422 3f43e000
15423 3f43f000
15424 3f440000
15425 3f441000
15426 3f442000
15427 3f443000
15428 3f444000
15429 3f445000
15430 3f446000
15431 3f447000
15432 3f448000
15433 3f449000
15434 3f44a000
15435 3f44b000
15436 3f44c000
15437 3f44d000
15438 3f44e000
15439 3f44f000
15440 3f450000
15441 3f451000
15442 3f452000
15443 3f453000
15444 3f454000
15445 3f455000
15446 3f456000
15447 3f457000
15448 3f458000
15449 3f459000
15450 3f45a000
15451 3f45b000
15452 3f45c000
15453 3f45d000
15454 3f45e000
15455 3f45f000
15456 3f460000
15457 3f461000
15458 3f462000
15459 3f463000
15460 3f464000
15461 3f465000
15462 3f466000
15463 3f467000
15464 3f468000
15465 3f469000
15466 3f46a000
15467 3f46b000
15468 3f46c000
15469 3f46d000
15470 3f46e000
15471 3f46f000
15472 3f470000
15473 3f471000
15474 3f472000
15475 3f473000
15476 3f474000
15477 3f475000
15478 3f476000
15479 3f477000
15480 3f478000
15481 3f479000
15482 3f47a000
15483 3f47b000
15484 3f47c000
15485 3f47d000
15486 3f47e000
15487 3f47f000
15488 3f480000
15489 3f481000
15490 3f482000
15491 3f483000
15492 3f484000
15493 3f485000
15494 3f486000
15495 3f487000
15496 3f488000
15497 3f489000
15498 3f48a000
15499 3f48b000
15500 3f48c000
15501 3f48d000
15502 3f48e000
15503 3f48f000
15504 3f490000
15505 3f491000
15506 3f492000
15507 3f493000
15508 3f494000
15509 3f495000
15510 3f496000
15511 3f497000
15512 3f498000
15513 3f499000
15514 3f49a000
15515 3f49b000
15516 3f49c000
15517 3f49d000
15518 3f49e000
15519 3f49f000
15520 3f4a0000
15521 3f4a1000
15522 3f4a2000
15523 3f4a3000
15524 3f4a4000
15525 3f4a5000
15526 3f4a6000
15527 3f4a7000
15528 3f4a8000
15529 3f4a9000
15530 3f4aa000
15531 3f4ab000
15532 3f4ac000
15533 3f4ad000
15534 3f4ae000
15535 3f4af000
15536 3f4b0000
15537 3f4b1000
15538 3f4b2000
15539 3f4b3000
15540 3f4b4000
15541 3f4b5000
15542 3f4b6000
15543 3f4b7000
15544 3f4b8000
15545 3f4b9000
15546 3f4ba000
15547 3f4bb000
15548 3f4bc000
15549 3f4bd000
15550 3f4be000
15551 3f4bf000
15552 3f4c0000
15553 3f4c1000
15554 3f4c2000
15555 3f4c3000
15556 3f4c4000
15557 3f4c5000
15558 3f4c6000
15559 3f4c7000
15560 3f4c8000
15561 3f4c9000
15562 3f4ca000
15563 3f4cb000
15564 3f4cc000
15565 3f4cd000
15566 3f4ce000
15567 3f4cf000
15568 3f4d0000
15569 3f4d1000
15570 3f4d2000
15571 3f4d3000
15572 3f4d4000
15573 3f4d5000
15574 3f4d6000
15575 3f4d7000
15576 3f4d8000
15577 3f4d9000
15578 3f4da000
15579 3f4db000
15580 3f4dc000
15581 3f4dd000
15582 3f4de000
15583 3f4df000
15584 3f4e0000
15585 3f4e1000
15586 3f4e2000
15587 3f4e3000
15588 3f4e4000
15589 3f4e5000
15590 3f4e6000
15591 3f4e7000
15592 3f4e8000
15593 3f4e9000
15594 3f4ea000
15595 3f4eb000
15596 3f4ec000
15597 3f4ed000
15598 3f4ee000
15599 3f4ef000
15600 3f4f0000
15601 3f4f1000
15602 3f4f2000
15603 3f4f3000
15604 3f4f4000
15605 3f4f5000
15606 3f4f6000
15607 3f4f7000
15608 3f4f8000
15609 3f4f9000
15610 3f4fa000
15611 3f4fb000
15612 3f4fc000
15613 3f4fd000
15614 3f4fe000
15615 3f4ff000
15616 3f500000
15617 3f501000
15618 3f502000
15619 3f503000
15620 3f504000
15621 3f505000
15622 3f506000
15623 3f507000
15624 3f508000
15625 3f509000
15626 3f50a000
15627 3f50b000
15628 3f50c000
15629 3f50d000
15630 3f50e000
15631 3f50f000
15632 3f510000
15633 3f511000
15634 3f512000
15635 3f513000
15636 3f514000
15637 3f515000
15638 3f516000
15639 3f517000
15640 3f518000
15641 3f519000
15642 3f51a000
15643 3f51b000
15644 3f51c000
15645 3f51d000
15646 3f51e000
15647 3f51f000
15648 3f520000
15649 3f521000
15650 3f522000
15651 3f523000
15652 3f524000
15653 3f525000
15654 3f526000
15655 3f527000
15656 3f528000
15657 3f529000
15658 3f52a000
15659 3f52b000
15660 3f52c000
15661 3f52d000
15662 3f52e000
15663 3f52f000
15664 3f530000
15665 3f531000
15666 3f532000
15667 3f533000
15668 3f534000
15669 3f535000
15670 3f536000
15671 3f537000
15672 3f538000
15673 3f539000
15674 3f53a000
15675 3f53b000
15676 3f53c000
15677 3f53d000
15678 3f53e000
15679 3f53f000
15680 3f540000
15681 3f541000
15682 3f542000
15683 3f543000
15684 3f544000
15685 3f545000
15686 3f546000
15687 3f547000
15688 3f548000
15689 3f549000
15690 3f54a000
15691 3f54b000
15692 3f54c000
15693 3f54d000
15694 3f54e000
15695 3f54f000
15696 3f550000
15697 3f551000
15698 3f552000
15699 3f553000
15700 3f554000
15701 3f555000
15702 3f556000
15703 3f557000
15704 3f558000
15705 3f559000
15706 3f55a000
15707 3f55b000
15708 3f55c000
15709 3f55d000
15710 3f55e000
15711 3f55f000
15712 3f560000
15713 3f561000
15714 3f562000
15715 3f563000
15716 3f564000
15717 3f565000
15718 3f566000
15719 3f567000
15720 3f568000
15721 3f569000
15722 3f56a000
15723 3f56b000
15724 3f56c000
15725 3f56d000
15726 3f56e000
15727 3f56f000
15728 3f570000
15729 3f571000
15730 3f572000
15731 3f573000
15732 3f574000
15733 3f575000
15734 3f576000
15735 3f577000
15736 3f578000
15737 3f579000
15738 3f57a000
15739 3f57b000
15740 3f57c000
15741 3f57d000
15742 3f57e000
15743 3f57f000
15744 3f580000
15745 3f581000
15746 3f582000
15747 3f583000
15748 3f584000
15749 3f585000
15750 3f586000
15751 3f587000
15752 3f588000
15753 3f589000
15754 3f58a000
15755 3f58b000
15756 3f58c000
15757 3f58d000
15758 3f58e000
15759 3f58f000
15760 3f590000
15761 3f591000
15762 3f592000
15763 3f593000
15764 3f594000
15765 3f595000
15766 3f596000
15767 3f597000
15768 3f598000
15769 3f599000
15770 3f59a000
15771 3f59b000
15772 3f59c000
15773 3f59d000
15774 3f59e000
15775 3f59f000
15776 3f5a0000
15777 3f5a1000
15778 3f5a2000
15779 3f5a3000
15780 3f5a4000
15781 3f5a5000
15782 3f5a6000
15783 3f5a7000
15784 3f5a8000
15785 3f5a9000
15786 3f5aa000
15787 3f5ab000
15788 3f5ac000
15789 3f5ad000
15790 3f5ae000
15791 3f5af000
15792 3f5b0000
15793 3f5b1000
15794 3f5b2000
15795 3f5b3000
15796 3f5b4000
15797 3f5b5000
15798 3f5b6000
15799 3f5b7000
15800 3f5b8000
15801 3f5b9000
15802 3f5ba000
15803 3f5bb000
15804 3f5bc000
15805 3f5bd000
15806 3f5be000
15807 3f5bf000
15808 3f5c0000
15809 3f5c1000
15810 3f5c2000
15811 3f5c3000
15812 3f5c4000
15813 3f5c5000
15814 3f5c6000
15815 3f5c7000
15816 3f5c8000
15817 3f5c9000
15818 3f5ca000
15819 3f5cb000
15820 3f5cc000
15821 3f5cd000
15822 3f5ce000
15823 3f5cf000
15824 3f5d0000
15825 3f5d1000
15826 3f5d2000
15827 3f5d3000
15828 3f5d4000
15829 3f5d5000
15830 3f5d6000
15831 3f5d7000
15832 3f5d8000
15833 3f5d9000
15834 3f5da000
15835 3f5db000
15836 3f5dc000
15837 3f5dd000
15838 3f5de000
15839 3f5df000
15840 3f5e0000
15841 3f5e1000
15842 3f5e2000
15843 3f5e3000
15844 3f5e4000
15845 3f5e5000
15846 3f5e6000
15847 3f5e7000
15848 3f5e8000
15849 3f5e9000
15850 3f5ea000
15851 3f5eb000
15852 3f5ec000
15853 3f5ed000
15854 3f5ee000
15855 3f5ef000
15856 3f5f0000
15857 3f5f1000
15858 3f5f2000
15859 3f5f3000
15860 3f5f4000
15861 3f5f5000
15862 3f5f6000
15863 3f5f7000
15864 3f5f8000
15865 3f5f9000
15866 3f5fa000
15867 3f5fb000
15868 3f5fc000
15869 3f5fd000
15870 3f5fe000
15871 3f5ff000
15872 3f600000
15873 3f601000
15874 3f602000
15875 3f603000
15876 3f604000
15877 3f605000
15878 3f606000
15879 3f607000
15880 3f608000
15881 3f609000
15882 3f60a000
15883 3f60b000
15884 3f60c000
15885 3f60d000
15886 3f60e000
15887 3f60f000
15888 3f610000
15889 3f611000
15890 3f612000
15891 3f613000
15892 3f614000
15893 3f615000
15894 3f616000
15895 3f617000
15896 3f618000
15897 3f619000
15898 3f61a000
15899 3f61b000
15900 3f61c000
15901 3f61d000
15902 3f61e000
15903 3f61f000
15904 3f620000
15905 3f621000
15906 3f622000
15907 3f623000
15908 3f624000
15909 3f625000
15910 3f626000
15911 3f627000
15912 3f628000
15913 3f629000
15914 3f62a000
15915 3f62b000
15916 3f62c000
15917 3f62d000
15918 3f62e000
15919 3f62f000
15920 3f630000
15921 3f631000
15922 3f632000
15923 3f633000
15924 3f634000
15925 3f635000
15926 3f636000
15927 3f637000
15928 3f638000
15929 3f639000
15930 3f63a000
15931 3f63b000
15932 3f63c000
15933 3f63d000
15934 3f63e000
15935 3f63f000
15936 3f640000
15937 3f641000
15938 3f642000
15939 3f643000
15940 3f644000
15941 3f645000
15942 3f646000
15943 3f647000
15944 3f648000
15945 3f649000
15946 3f64a000
15947 3f64b000
15948 3f64c000
15949 3f64d000
15950 3f64e000
15951 3f64f000
15952 3f650000
15953 3f651000
15954 3f652000
15955 3f653000
15956 3f654000
15957 3f655000
15958 3f656000
15959 3f657000
15960 3f658000
15961 3f659000
15962 3f65a000
15963 3f65b000
15964 3f65c000
15965 3f65d000
15966 3f65e000
15967 3f65f000
15968 3f660000
15969 3f661000
15970 3f662000
15971 3f663000
15972 3f664000
15973 3f665000
15974 3f666000
15975 3f667000
15976 3f668000
15977 3f669000
15978 3f66a000
15979 3f66b000
15980 3f66c000
15981 3f66d000
15982 3f66e000
15983 3f66f000
15984 3f670000
15985 3f671000
15986 3f672000
15987 3f673000
15988 3f674000
15989 3f675000
15990 3f676000
15991 3f677000
15992 3f678000
15993 3f679000
15994 3f67a000
15995 3f67b000
15996 3f67c000
15997 3f67d000
15998 3f67e000
15999 3f67f000
16000 3f680000
16001 3f681000
16002 3f682000
16003 3f683000
16004 3f684000
16005 3f685000
16006 3f686000
16007 3f687000
16008 3f688000
16009 3f689000
16010 3f68a000
16011 3f68b000
16012 3f68c000
16013 3f68d000
16014 3f68e000
16015 3f68f000
16016 3f690000
16017 3f691000
16018 3f692000
16019 3f693000
16020 3f694000
16021 3f695000
16022 3f696000
16023 3f697000
16024 3f698000
16025 3f699000
16026 3f69a000
16027 3f69b000
16028 3f69c000
16029 3f69d000
16030 3f69e000
16031 3f69f000
16032 3f6a0000
16033 3f6a1000
16034 3f6a2000
16035 3f6a3000
16036 3f6a4000
16037 3f6a5000
16038 3f6a6000
16039 3f6a7000
16040 3f6a8000
16041 3f6a9000
16042 3f6aa000
16043 3f6ab000
16044 3f6ac000
16045 3f6ad000
16046 3f6ae000
16047 3f6af000
16048 3f6b0000
16049 3f6b1000
16050 3f6b2000
16051 3f6b3000
16052 3f6b4000
16053 3f6b5000
16054 3f6b6000
16055 3f6b7000
16056 3f6b8000
16057 3f6b9000
16058 3f6ba000
16059 3f6bb000
16060 3f6bc000
16061 3f6bd000
16062 3f6be000
16063 3f6bf000
16064 3f6c0000
16065 3f6c1000
16066 3f6c2000
16067 3f6c3000
16068 3f6c4000
16069 3f6c5000
16070 3f6c6000
16071 3f6c7000
16072 3f6c8000
16073 3f6c9000
16074 3f6ca000
16075 3f6cb000
16076 3f6cc000
16077 3f6cd000
16078 3f6ce000
16079 3f6cf000
16080 3f6d0000
16081 3f6d1000
16082 3f6d2000
16083 3f6d3000
16084 3f6d4000
16085 3f6d5000
16086 3f6d6000
16087 3f6d7000
16088 3f6d8000
16089 3f6d9000
16090 3f6da000
16091 3f6db000
16092 3f6dc000
16093 3f6dd000
16094 3f6de000
16095 3f6df000
16096 3f6e0000
16097 3f6e1000
16098 3f6e2000
16099 3f6e3000
16100 3f6e4000
16101 3f6e5000
16102 3f6e6000
16103 3f6e7000
16104 3f6e8000
16105 3f6e9000
16106 3f6ea000
16107 3f6eb000
16108 3f6ec000
16109 3f6ed000
16110 3f6ee000
16111 3f6ef000
16112 3f6f0000
16113 3f6f1000
16114 3f6f2000
16115 3f6f3000
16116 3f6f4000
16117 3f6f5000
16118 3f6f6000
16119 3f6f7000
16120 3f6f8000
16121 3f6f9000
16122 3f6fa000
16123 3f6fb000
16124 3f6fc000
16125 3f6fd000
16126 3f6fe000
16127 3f6ff000
16128 3f700000
16129 3f701000
16130 3f702000
16131 3f703000
16132 3f704000
16133 3f705000
16134 3f706000
16135 3f707000
16136 3f708000
16137 3f709000
16138 3f70a000
16139 3f70b000
16140 3f70c000
16141 3f70d000
16142 3f70e000
16143 3f70f000
16144 3f710000
16145 3f711000
16146 3f712000
16147 3f713000
16148 3f714000
16149 3f715000
16150 3f716000
16151 3f717000
16152 3f718000
16153 3f719000
16154 3f71a000
16155 3f71b000
16156 3f71c000
16157 3f71d000
16158 3f71e000
16159 3f71f000
16160 3f720000
16161 3f721000
16162 3f722000
16163 3f723000
16164 3f724000
16165 3f725000
16166 3f726000
16167 3f727000
16168 3f728000
16169 3f729000
16170 3f72a000
16171 3f72b000
16172 3f72c000
16173 3f72d000
16174 3f72e000
16175 3f72f000
16176 3f730000
16177 3f731000
16178 3f732000
16179 3f733000
16180 3f734000
16181 3f735000
16182 3f736000
16183 3f737000
16184 3f738000
16185 3f739000
16186 3f73a000
16187 3f73b000
16188 3f73c000
16189 3f73d000
16190 3f73e000
16191 3f73f000
16192 3f740000
16193 3f741000
16194 3f742000
16195 3f743000
16196 3f744000
16197 3f745000
16198 3f746000
16199 3f747000
16200 3f748000
16201 3f749000
16202 3f74a000
16203 3f74b000
16204 3f74c000
16205 3f74d000
16206 3f74e000
16207 3f74f000
16208 3f750000
16209 3f751000
16210 3f752000
16211 3f753000
16212 3f754000
16213 3f755000
16214 3f756000
16215 3f757000
16216 3f758000
16217 3f759000
16218 3f75a000
16219 3f75b000
16220 3f75c000
16221 3f75d000
16222 3f75e000
16223 3f75f000
16224 3f760000
16225 3f761000
16226 3f762000
16227 3f763000
16228 3f764000
16229 3f765000
16230 3f766000
16231 3f767000
16232 3f768000
16233 3f769000
16234 3f76a000
16235 3f76b000
16236 3f76c000
16237 3f76d000
16238 3f76e000
16239 3f76f000
16240 3f770000
16241 3f771000
16242 3f772000
16243 3f773000
16244 3f774000
16245 3f775000
16246 3f776000
16247 3f777000
16248 3f778000
16249 3f779000
16250 3f77a000
16251 3f77b000
16252 3f77c000
16253 3f77d000
16254 3f77e000
16255 3f77f000
16256 3f780000
16257 3f781000
16258 3f782000
16259 3f783000
16260 3f784000
16261 3f785000
16262 3f786000
16263 3f787000
16264 3f788000
16265 3f789000
16266 3f78a000
16267 3f78b000
16268 3f78c000
16269 3f78d000
16270 3f78e000
16271 3f78f000
16272 3f790000
16273 3f791000
16274 3f792000
16275 3f793000
16276 3f794000
16277 3f795000
16278 3f796000
16279 3f797000
16280 3f798000
16281 3f799000
16282 3f79a000
16283 3f79b000
16284 3f79c000
16285 3f79d000
16286 3f79e000
16287 3f79f000
16288 3f7a0000
16289 3f7a1000
16290 3f7a2000
16291 3f7a3000
16292 3f7a4000
16293 3f7a5000
16294 3f7a6000
16295 3f7a7000
16296 3f7a8000
16297 3f7a9000
16298 3f7aa000
16299 3f7ab000
16300 3f7ac000
16301 3f7ad000
16302 3f7ae000
16303 3f7af000
16304 3f7b0000
16305 3f7b1000
16306 3f7b2000
16307 3f7b3000
16308 3f7b4000
16309 3f7b5000
16310 3f7b6000
16311 3f7b7000
16312 3f7b8000
16313 3f7b9000
16314 3f7ba000
16315 3f7bb000
16316 3f7bc000
16317 3f7bd000
16318 3f7be000
16319 3f7bf000
16320 3f7c0000
16321 3f7c1000
16322 3f7c2000
16323 3f7c3000
16324 3f7c4000
16325 3f7c5000
16326 3f7c6000
16327 3f7c7000
16328 3f7c8000
16329 3f7c9000
16330 3f7ca000
16331 3f7cb000
16332 3f7cc000
16333 3f7cd000
16334 3f7ce000
16335 3f7cf000
16336 3f7d0000
16337 3f7d1000
16338 3f7d2000
16339 3f7d3000
16340 3f7d4000
16341 3f7d5000
16342 3f7d6000
16343 3f7d7000
16344 3f7d8000
16345 3f7d9000
16346 3f7da000
16347 3f7db000
16348 3f7dc000
16349 3f7dd000
16350 3f7de000
16351 3f7df000
16352 3f7e0000
16353 3f7e1000
16354 3f7e2000
16355 3f7e3000
16356 3f7e4000
16357 3f7e5000
16358 3f7e6000
16359 3f7e7000
16360 3f7e8000
16361 3f7e9000
16362 3f7ea000
16363 3f7eb000
16364 3f7ec000
16365 3f7ed000
16366 3f7ee000
16367 3f7ef000
16368 3f7f0000
16369 3f7f1000
16370 3f7f2000
16371 3f7f3000
16372 3f7f4000
16373 3f7f5000
16374 3f7f6000
16375 3f7f7000
16376 3f7f8000
16377 3f7f9000
16378 3f7fa000
16379 3f7fb000
16380 3f7fc000
16381 3f7fd000
16382 3f7fe000
16383 3f7ff000
16384 3f800000
16385 3f801000
16386 3f802000
16387 3f803000
16388 3f804000
16389 3f805000
16390 3f806000
16391 3f807000
16392 3f808000
16393 3f809000
16394 3f80a000
16395 3f80b000
16396 3f80c000
16397 3f80d000
16398 3f80e000
16399 3f80f000
16400 3f810000
16401 3f811000
16402 3f812000
16403 3f813000
16404 3f814000
16405 3f815000
16406 3f816000
16407 3f817000
16408 3f818000
16409 3f819000
16410 3f81a000
16411 3f81b000
16412 3f81c000
16413 3f81d000
16414 3f81e000
16415 3f81f000
16416 3f820000
16417 3f821000
16418 3f822000
16419 3f823000
16420 3f824000
16421 3f825000
16422 3f826000
16423 3f827000
16424 3f828000
16425 3f829000
16426 3f82a000
16427 3f82b000
16428 3f82c000
16429 3f82d000
16430 3f82e000
16431 3f82f000
16432 3f830000
16433 3f831000
16434 3f832000
16435 3f833000
16436 3f834000
16437 3f835000
16438 3f836000
16439 3f837000
16440 3f838000
16441 3f839000
16442 3f83a000
16443 3f83b000
16444 3f83c000
16445 3f83d000
16446 3f83e000
16447 3f83f000
16448 3f840000
16449 3f841000
16450 3f842000
16451 3f843000
16452 3f844000
16453 3f845000
16454 3f846000
16455 3f847000
16456 3f848000
16457 3f849000
16458 3f84a000
16459 3f84b000
16460 3f84c000
16461 3f84d000
16462 3f84e000
16463 3f84f000
16464 3f850000
16465 3f851000
16466 3f852000
16467 3f853000
16468 3f854000
16469 3f855000
16470 3f856000
16471 3f857000
16472 3f858000
16473 3f859000
16474 3f85a000
16475 3f85b000
16476 3f85c000
16477 3f85d000
16478 3f85e000
16479 3f85f000
16480 3f860000
16481 3f861000
16482 3f862000
16483 3f863000
16484 3f864000
16485 3f865000
16486 3f866000
16487 3f867000
16488 3f868000
16489 3f869000
16490 3f86a000
16491 3f86b000
16492 3f86c000
16493 3f86d000
16494 3f86e000
16495 3f86f000
16496 3f870000
16497 3f871000
16498 3f872000
16499 3f873000
16500 3f874000
16501 3f875000
16502 3f876000
16503 3f877000
16504 3f878000
16505 3f879000
16506 3f87a000
16507 3f87b000
16508 3f87c000
16509 3f87d000
16510 3f87e000
16511 3f87f000
16512 3f880000
16513 3f881000
16514 3f882000
16515 3f883000
16516 3f884000
16517 3f885000
16518 3f886000
16519 3f887000
16520 3f888000
16521 3f889000
16522 3f88a000
16523 3f88b000
16524 3f88c000
16525 3f88d000
16526 3f88e000
16527 3f88f000
16528 3f890000
16529 3f891000
16530 3f892000
16531 3f893000
16532 3f894000
16533 3f895000
16534 3f896000
16535 3f897000
16536 3f898000
16537 3f899000
16538 3f89a000
16539 3f89b000
16540 3f89c000
16541 3f89d000
16542 3f89e000
16543 3f89f000
16544 3f8a0000
16545 3f8a1000
16546 3f8a2000
16547 3f8a3000
16548 3f8a4000
16549 3f8a5000
16550 3f8a6000
16551 3f8a7000
16552 3f8a8000
16553 3f8a9000
16554 3f8aa000
16555 3f8ab000
16556 3f8ac000
16557 3f8ad000
16558 3f8ae000
16559 3f8af000
16560 3f8b0000
16561 3f8b1000
16562 3f8b2000
16563 3f8b3000
16564 3f8b4000
16565 3f8b5000
16566 3f8b6000
16567 3f8b7000
16568 3f8b8000
16569 3f8b9000
16570 3f8ba000
16571 3f8bb000
16572 3f8bc000
16573 3f8bd000
16574 3f8be000
16575 3f8bf000
16576 3f8c0000
16577 3f8c1000
16578 3f8c2000
16579 3f8c3000
16580 3f8c4000
16581 3f8c5000
16582 3f8c6000
16583 3f8c7000
16584 3f8c8000
16585 3f8c9000
16586 3f8ca000
16587 3f8cb000
16588 3f8cc000
16589 3f8cd000
16590 3f8ce000
16591 3f8cf000
16592 3f8d0000
16593 3f8d1000
16594 3f8d2000
16595 3f8d3000
16596 3f8d4000
16597 3f8d5000
16598 3f8d6000
16599 3f8d7000
16600 3f8d8000
16601 3f8d9000
16602 3f8da000
16603 3f8db000
16604 3f8dc000
16605 3f8dd000
16606 3f8de000
16607 3f8df000
16608 3f8e0000
16609 3f8e1000
16610 3f8e2000
16611 3f8e3000
16612 3f8e4000
16613 3f8e5000
16614 3f8e6000
16615 3f8e7000
16616 3f8e8000
16617 3f8e9000
16618 3f8ea000
16619 3f8eb000
16620 3f8ec000
16621 3f8ed000
16622 3f8ee000
16623 3f8ef000
16624 3f8f0000
16625 3f8f1000
16626 3f8f2000
16627 3f8f3000
16628 3f8f4000
16629 3f8f5000
16630 3f8f6000
16631 3f8f7000
16632 3f8f8000
16633 3f8f9000
16634 3f8fa000
16635 3f8fb000
16636 3f8fc000
16637 3f8fd000
16638 3f8fe000
16639 3f8ff000
16640 3f900000
16641 3f901000
16642 3f902000
16643 3f903000
16644 3f904000
16645 3f905000
16646 3f906000
16647 3f907000
16648 3f908000
16649 3f909000
16650 3f90a000
16651 3f90b000
16652 3f90c000
16653 3f90d000
16654 3f90e000
16655 3f90f000
16656 3f910000
16657 3f911000
16658 3f912000
16659 3f913000
16660 3f914000
16661 3f915000
16662 3f916000
16663 3f917000
16664 3f918000
16665 3f919000
16666 3f91a000
16667 3f91b000
16668 3f91c000
16669 3f91d000
16670 3f91e000
16671 3f91f000
16672 3f920000
16673 3f921000
16674 3f922000
16675 3f923000
16676 3f924000
16677 3f925000
16678 3f926000
16679 3f927000
16680 3f928000
16681 3f929000
16682 3f92a000
16683 3f92b000
16684 3f92c000
16685 3f92d000
16686 3f92e000
16687 3f92f000
16688 3f930000
16689 3f931000
16690 3f932000
16691 3f933000
16692 3f934000
16693 3f935000
16694 3f936000
16695 3f937000
16696 3f938000
16697 3f939000
16698 3f93a000
16699 3f93b000
16700 3f93c000
16701 3f93d000
16702 3f93e000
16703 3f93f000
16704 3f940000
16705 3f941000
16706 3f942000
16707 3f943000
16708 3f944000
16709 3f945000
16710 3f946000
16711 3f947000
16712 3f948000
16713 3f949000
16714 3f94a000
16715 3f94b000
16716 3f94c000
16717 3f94d000
16718 3f94e000
16719 3f94f000
16720 3f950000
16721 3f951000
16722 3f952000
16723 3f953000
16724 3f954000
16725 3f955000
16726 3f956000
16727 3f957000
16728 3f958000
16729 3f959000
16730 3f95a000
16731 3f95b000
16732 3f95c000
16733 3f95d000
16734 3f95e000
16735 3f95f000
16736 3f960000
16737 3f961000
16738 3f962000
16739 3f963000
16740 3f964000
16741 3f965000
16742 3f966000
16743 3f967000
16744 3f968000
16745 3f969000
16746 3f96a000
16747 3f96b000
16748 3f96c000
16749 3f96d000
16750 3f96e000
16751 3f96f000
16752 3f970000
16753 3f971000
16754 3f972000
16755 3f973000
16756 3f974000
16757 3f975000
16758 3f976000
16759 3f977000
16760 3f978000
16761 3f979000
16762 3f97a000
16763 3f97b000
16764 3f97c000
16765 3f97d000
16766 3f97e000
16767 3f97f000
16768 3f980000
16769 3f981000
16770 3f982000
16771 3f983000
16772 3f984000
16773 3f985000
16774 3f986000
16775 3f987000
16776 3f988000
16777 3f989000
16778 3f98a000
16779 3f98b000
16780 3f98c000
16781 3f98d000
16782 3f98e000
16783 3f98f000
16784 3f990000
16785 3f991000
16786 3f992000
16787 3f993000
16788 3f994000
16789 3f995000
16790 3f996000
16791 3f997000
16792 3f998000
16793 3f999000
16794 3f99a000
16795 3f99b000
16796 3f99c000
16797 3f99d000
16798 3f99e000
16799 3f99f000
16800 3f9a0000
16801 3f9a1000
16802 3f9a2000
16803 3f9a3000
16804 3f9a4000
16805 3f9a5000
16806 3f9a6000
16807 3f9a7000
16808 3f9a8000
16809 3f9a9000
16810 3f9aa000
16811 3f9ab000
16812 3f9ac000
16813 3f9ad000
16814 3f9ae000
16815 3f9af000
16816 3f9b0000
16817 3f9b1000
16818 3f9b2000
16819 3f9b3000
16820 3f9b4000
16821 3f9b5000
16822 3f9b6000
16823 3f9b7000
16824 3f9b8000
16825 3f9b9000
16826 3f9ba000
16827 3f9bb000
16828 3f9bc000
16829 3f9bd000
16830 3f9be000
16831 3f9bf000
16832 3f9c0000
16833 3f9c1000
16834 3f9c2000
16835 3f9c3000
16836 3f9c4000
16837 3f9c5000
16838 3f9c6000
16839 3f9c7000
16840 3f9c8000
16841 3f9c9000
16842 3f9ca000
16843 3f9cb000
16844 3f9cc000
16845 3f9cd000
16846 3f9ce000
16847 3f9cf000
16848 3f9d0000
16849 3f9d1000
16850 3f9d2000
16851 3f9d3000
16852 3f9d4000
16853 3f9d5000
16854 3f9d6000
16855 3f9d7000
16856 3f9d8000
16857 3f9d9000
16858 3f9da000
16859 3f9db000
16860 3f9dc000
16861 3f9dd000
16862 3f9de000
16863 3f9df000
16864 3f9e0000
16865 3f9e1000
16866 3f9e2000
16867 3f9e3000
16868 3f9e4000
16869 3f9e5000
16870 3f9e6000
16871 3f9e7000
16872 3f9e8000
16873 3f9e9000
16874 3f9ea000
16875 3f9eb000
16876 3f9ec000
16877 3f9ed000
16878 3f9ee000
16879 3f9ef000
16880 3f9f0000
16881 3f9f1000
16882 3f9f2000
16883 3f9f3000
16884 3f9f4000
16885 3f9f5000
16886 3f9f6000
16887 3f9f7000
16888 3f9f8000
16889 3f9f9000
16890 3f9fa000
16891 3f9fb000
16892 3f9fc000
16893 3f9fd000
16894 3f9fe000
16895 3f9ff000
16896 3fa00000
16897 3fa01000
16898 3fa02000
16899 3fa03000
16900 3fa04000
16901 3fa05000
16902 3fa06000
16903 3fa07000
16904 3fa08000
16905 3fa09000
16906 3fa0a000
16907 3fa0b000
16908 3fa0c000
16909 3fa0d000
16910 3fa0e000
16911 3fa0f000
16912 3fa10000
16913 3fa11000
16914 3fa12000
16915 3fa13000
16916 3fa14000
16917 3fa15000
16918 3fa16000
16919 3fa17000
16920 3fa18000
16921 3fa19000
16922 3fa1a000
16923 3fa1b000
16924 3fa1c000
16925 3fa1d000
16926 3fa1e000
16927 3fa1f000
16928 3fa20000
16929 3fa21000
16930 3fa22000
16931 3fa23000
16932 3fa24000
16933 3fa25000
16934 3fa26000
16935 3fa27000
16936 3fa28000
16937 3fa29000
16938 3fa2a000
16939 3fa2b000
16940 3fa2c000
16941 3fa2d000
16942 3fa2e000
16943 3fa2f000
16944 3fa30000
16945 3fa31000
16946 3fa32000
16947 3fa33000
16948 3fa34000
16949 3fa35000
16950 3fa36000
16951 3fa37000
16952 3fa38000
16953 3fa39000
16954 3fa3a000
16955 3fa3b000
16956 3fa3c000
16957 3fa3d000
16958 3fa3e000
16959 3fa3f000
16960 3fa40000
16961 3fa41000
16962 3fa42000
16963 3fa43000
16964 3fa44000
16965 3fa45000
16966 3fa46000
16967 3fa47000
16968 3fa48000
16969 3fa49000
16970 3fa4a000
16971 3fa4b000
16972 3fa4c000
16973 3fa4d000
16974 3fa4e000
16975 3fa4f000
16976 3fa50000
16977 3fa51000
16978 3fa52000
16979 3fa53000
16980 3fa54000
16981 3fa55000
16982 3fa56000
16983 3fa57000
16984 3fa58000
16985 3fa59000
16986 3fa5a000
16987 3fa5b000
16988 3fa5c000
16989 3fa5d000
16990 3fa5e000
16991 3fa5f000
16992 3fa60000
16993 3fa61000
16994 3fa62000
16995 3fa63000
16996 3fa64000
16997 3fa65000
16998 3fa66000
16999 3fa67000
17000 3fa68000
17001 3fa69000
17002 3fa6a000
17003 3fa6b000
17004 3fa6c000
17005 3fa6d000
17006 3fa6e000
17007 3fa6f000
17008 3fa70000
17009 3fa71000
17010 3fa72000
17011 3fa73000
17012 3fa74000
17013 3fa75000
17014 3fa76000
17015 3fa77000
17016 3fa78000
17017 3fa79000
17018 3fa7a000
17019 3fa7b000
17020 3fa7c000
17021 3fa7d000
17022 3fa7e000
17023 3fa7f000
17024 3fa80000
17025 3fa81000
17026 3fa82000
17027 3fa83000
17028 3fa84000
17029 3fa85000
17030 3fa86000
17031 3fa87000
17032 3fa88000
17033 3fa89000
17034 3fa8a000
17035 3fa8b000
17036 3fa8c000
17037 3fa8d000
17038 3fa8e000
17039 3fa8f000
17040 3fa90000
17041 3fa91000
17042 3fa92000
17043 3fa93000
17044 3fa94000
17045 3fa95000
17046 3fa96000
17047 3fa97000
17048 3fa98000
17049 3fa99000
17050 3fa9a000
17051 3fa9b000
17052 3fa9c000
17053 3fa9d000
17054 3fa9e000
17055 3fa9f000
17056 3faa0000
17057 3faa1000
17058 3faa2000
17059 3faa3000
17060 3faa4000
17061 3faa5000
17062 3faa6000
17063 3faa7000
17064 3faa8000
17065 3faa9000
17066 3faaa000
17067 3faab000
17068 3faac000
17069 3faad000
17070 3faae000
17071 3faaf000
17072 3fab0000
17073 3fab1000
17074 3fab2000
17075 3fab3000
17076 3fab4000
17077 3fab5000
17078 3fab6000
17079 3fab7000
17080 3fab8000
17081 3fab9000
17082 3faba000
17083 3fabb000
17084 3fabc000
17085 3fabd000
17086 3fabe000
17087 3fabf000
17088 3fac0000
17089 3fac1000
17090 3fac2000
17091 3fac3000
17092 3fac4000
17093 3fac5000
17094 3fac6000
17095 3fac7000
17096 3fac8000
17097 3fac9000
17098 3faca000
17099 3facb000
17100 3facc000
17101 3facd000
17102 3face000
17103 3facf000
17104 3fad0000
17105 3fad1000
17106 3fad2000
17107 3fad3000
17108 3fad4000
17109 3fad5000
17110 3fad6000
17111 3fad7000
17112 3fad8000
17113 3fad9000
17114 3fada000
17115 3fadb000
17116 3fadc000
17117 3fadd000
17118 3fade000
17119 3fadf000
17120 3fae0000
17121 3fae1000
17122 3fae2000
17123 3fae3000
17124 3fae4000
17125 3fae5000
17126 3fae6000
17127 3fae7000
17128 3fae8000
17129 3fae9000
17130 3faea000
17131 3faeb000
17132 3faec000
17133 3faed000
17134 3faee000
17135 3faef000
17136 3faf0000
17137 3faf1000
17138 3faf2000
17139 3faf3000
17140 3faf4000
17141 3faf5000
17142 3faf6000
17143 3faf7000
17144 3faf8000
17145 3faf9000
17146 3fafa000
17147 3fafb000
17148 3fafc000
17149 3fafd000
17150 3fafe000
17151 3faff000
17152 3fb00000
17153 3fb01000
17154 3fb02000
17155 3fb03000
17156 3fb04000
17157 3fb05000
17158 3fb06000
17159 3fb07000
17160 3fb08000
17161 3fb09000
17162 3fb0a000
17163 3fb0b000
17164 3fb0c000
17165 3fb0d000
17166 3fb0e000
17167 3fb0f000
17168 3fb10000
17169 3fb11000
17170 3fb12000
17171 3fb13000
17172 3fb14000
17173 3fb15000
17174 3fb16000
17175 3fb17000
17176 3fb18000
17177 3fb19000
17178 3fb1a000
17179 3fb1b000
17180 3fb1c000
17181 3fb1d000
17182 3fb1e000
17183 3fb1f000
17184 3fb20000
17185 3fb21000
17186 3fb22000
17187 3fb23000
17188 3fb24000
17189 3fb25000
17190 3fb26000
17191 3fb27000
17192 3fb28000
17193 3fb29000
17194 3fb2a000
17195 3fb2b000
17196 3fb2c000
17197 3fb2d000
17198 3fb2e000
17199 3fb2f000
17200 3fb30000
17201 3fb31000
17202 3fb32000
17203 3fb33000
17204 3fb34000
17205 3fb35000
17206 3fb36000
17207 3fb37000
17208 3fb38000
17209 3fb39000
17210 3fb3a000
17211 3fb3b000
17212 3fb3c000
17213 3fb3d000
17214 3fb3e000
17215 3fb3f000
17216 3fb40000
17217 3fb41000
17218 3fb42000
17219 3fb43000
17220 3fb44000
17221 3fb45000
17222 3fb46000
17223 3fb47000
17224 3fb48000
17225 3fb49000
17226 3fb4a000
17227 3fb4b000
17228 3fb4c000
17229 3fb4d000
17230 3fb4e000
17231 3fb4f000
17232 3fb50000
17233 3fb51000
17234 3fb52000
17235 3fb53000
17236 3fb54000
17237 3fb55000
17238 3fb56000
17239 3fb57000
17240 3fb58000
17241 3fb59000
17242 3fb5a000
17243 3fb5b000
17244 3fb5c000
17245 3fb5d000
17246 3fb5e000
17247 3fb5f000
17248 3fb60000
17249 3fb61000
17250 3fb62000
17251 3fb63000
17252 3fb64000
17253 3fb65000
17254 3fb66000
17255 3fb67000
17256 3fb68000
17257 3fb69000
17258 3fb6a000
17259 3fb6b000
17260 3fb6c000
17261 3fb6d000
17262 3fb6e000
17263 3fb6f000
17264 3fb70000
17265 3fb71000
17266 3fb72000
17267 3fb73000
17268 3fb74000
17269 3fb75000
17270 3fb76000
17271 3fb77000
17272 3fb78000
17273 3fb79000
17274 3fb7a000
17275 3fb7b000
17276 3fb7c000
17277 3fb7d000
17278 3fb7e000
17279 3fb7f000
17280 3fb80000
17281 3fb81000
17282 3fb82000
17283 3fb83000
17284 3fb84000
17285 3fb85000
17286 3fb86000
17287 3fb87000
17288 3fb88000
17289 3fb89000
17290 3fb8a000
17291 3fb8b000
17292 3fb8c000
17293 3fb8d000
17294 3fb8e000
17295 3fb8f000
17296 3fb90000
17297 3fb91000
17298 3fb92000
17299 3fb93000
17300 3fb94000
17301 3fb95000
17302 3fb96000
17303 3fb97000
17304 3fb98000
17305 3fb99000
17306 3fb9a000
17307 3fb9b000
17308 3fb9c000
17309 3fb9d000
17310 3fb9e000
17311 3fb9f000
17312 3fba0000
17313 3fba1000
17314 3fba2000
17315 3fba3000
17316 3fba4000
17317 3fba5000
17318 3fba6000
17319 3fba7000
17320 3fba8000
17321 3fba9000
17322 3fbaa000
17323 3fbab000
17324 3fbac000
17325 3fbad000
17326 3fbae000
17327 3fbaf000
17328 3fbb0000
17329 3fbb1000
17330 3fbb2000
17331 3fbb3000
17332 3fbb4000
17333 3fbb5000
17334 3fbb6000
17335 3fbb7000
17336 3fbb8000
17337 3fbb9000
17338 3fbba000
17339 3fbbb000
17340 3fbbc000
17341 3fbbd000
17342 3fbbe000
17343 3fbbf000
17344 3fbc0000
17345 3fbc1000
17346 3fbc2000
17347 3fbc3000
17348 3fbc4000
17349 3fbc5000
17350 3fbc6000
17351 3fbc7000
17352 3fbc8000
17353 3fbc9000
17354 3fbca000
17355 3fbcb000
17356 3fbcc000
17357 3fbcd000
17358 3fbce000
17359 3fbcf000
17360 3fbd0000
17361 3fbd1000
17362 3fbd2000
17363 3fbd3000
17364 3fbd4000
17365 3fbd5000
17366 3fbd6000
17367 3fbd7000
17368 3fbd8000
17369 3fbd9000
17370 3fbda000
17371 3fbdb000
17372 3fbdc000
17373 3fbdd000
17374 3fbde000
17375 3fbdf000
17376 3fbe0000
17377 3fbe1000
17378 3fbe2000
17379 3fbe3000
17380 3fbe4000
17381 3fbe5000
17382 3fbe6000
17383 3fbe7000
17384 3fbe8000
17385 3fbe9000
17386 3fbea000
17387 3fbeb000
17388 3fbec000
17389 3fbed000
17390 3fbee000
17391 3fbef000
17392 3fbf0000
17393 3fbf1000
17394 3fbf2000
17395 3fbf3000
17396 3fbf4000
17397 3fbf5000
17398 3fbf6000
17399 3fbf7000
17400 3fbf8000
17401 3fbf9000
17402 3fbfa000
17403 3fbfb000
17404 3fbfc000
17405 3fbfd000
17406 3fbfe000
17407 3fbff000
17408 3fc00000
17409 3fc01000
17410 3fc02000
17411 3fc03000
17412 3fc04000
17413 3fc05000
17414 3fc06000
17415 3fc07000
17416 3fc08000
17417 3fc09000
17418 3fc0a000
17419 3fc0b000
17420 3fc0c000
17421 3fc0d000
17422 3fc0e000
17423 3fc0f000
17424 3fc10000
17425 3fc11000
17426 3fc12000
17427 3fc13000
17428 3fc14000
17429 3fc15000
17430 3fc16000
17431 3fc17000
17432 3fc18000
17433 3fc19000
17434 3fc1a000
17435 3fc1b000
17436 3fc1c000
17437 3fc1d000
17438 3fc1e000
17439 3fc1f000
17440 3fc20000
17441 3fc21000
17442 3fc22000
17443 3fc23000
17444 3fc24000
17445 3fc25000
17446 3fc26000
17447 3fc27000
17448 3fc28000
17449 3fc29000
17450 3fc2a000
17451 3fc2b000
17452 3fc2c000
17453 3fc2d000
17454 3fc2e000
17455 3fc2f000
17456 3fc30000
17457 3fc31000
17458 3fc32000
17459 3fc33000
17460 3fc34000
17461 3fc35000
17462 3fc36000
17463 3fc37000
17464 3fc38000
17465 3fc39000
17466 3fc3a000
17467 3fc3b000
17468 3fc3c000
17469 3fc3d000
17470 3fc3e000
17471 3fc3f000
17472 3fc40000
17473 3fc41000
17474 3fc42000
17475 3fc43000
17476 3fc44000
17477 3fc45000
17478 3fc46000
17479 3fc47000
17480 3fc48000
17481 3fc49000
17482 3fc4a000
17483 3fc4b000
17484 3fc4c000
17485 3fc4d000
17486 3fc4e000
17487 3fc4f000
17488 3fc50000
17489 3fc51000
17490 3fc52000
17491 3fc53000
17492 3fc54000
17493 3fc55000
17494 3fc56000
17495 3fc57000
17496 3fc58000
17497 3fc59000
17498 3fc5a000
17499 3fc5b000
17500 3fc5c000
17501 3fc5d000
17502 3fc5e000
17503 3fc5f000
17504 3fc60000
17505 3fc61000
17506 3fc62000
17507 3fc63000
17508 3fc64000
17509 3fc65000
17510 3fc66000
17511 3fc67000
17512 3fc68000
17513 3fc69000
17514 3fc6a000
17515 3fc6b000
17516 3fc6c000
17517 3fc6d000
17518 3fc6e000
17519 3fc6f000
17520 3fc70000
17521 3fc71000
17522 3fc72000
17523 3fc73000
17524 3fc74000
17525 3fc75000
17526 3fc76000
17527 3fc77000
17528 3fc78000
17529 3fc79000
17530 3fc7a000
17531 3fc7b000
17532 3fc7c000
17533 3fc7d000
17534 3fc7e000
17535 3fc7f000
17536 3fc80000
17537 3fc81000
17538 3fc82000
17539 3fc83000
17540 3fc84000
17541 3fc85000
17542 3fc86000
17543 3fc87000
17544 3fc88000
17545 3fc89000
17546 3fc8a000
17547 3fc8b000
17548 3fc8c000
17549 3fc8d000
17550 3fc8e000
17551 3fc8f000
17552 3fc90000
17553 3fc91000
17554 3fc92000
17555 3fc93000
17556 3fc94000
17557 3fc95000
17558 3fc96000
17559 3fc97000
17560 3fc98000
17561 3fc99000
17562 3fc9a000
17563 3fc9b000
17564 3fc9c000
17565 3fc9d000
17566 3fc9e000
17567 3fc9f000
17568 3fca0000
17569 3fca1000
17570 3fca2000
17571 3fca3000
17572 3fca4000
17573 3fca5000
17574 3fca6000
17575 3fca7000
17576 3fca8000
17577 3fca9000
17578 3fcaa000
17579 3fcab000
17580 3fcac000
17581 3fcad000
17582 3fcae000
17583 3fcaf000
17584 3fcb0000
17585 3fcb1000
17586 3fcb2000
17587 3fcb3000
17588 3fcb4000
17589 3fcb5000
17590 3fcb6000
17591 3fcb7000
17592 3fcb8000
17593 3fcb9000
17594 3fcba000
17595 3fcbb000
17596 3fcbc000
17597 3fcbd000
17598 3fcbe000
17599 3fcbf000
17600 3fcc0000
17601 3fcc1000
17602 3fcc2000
17603 3fcc3000
17604 3fcc4000
17605 3fcc5000
17606 3fcc6000
17607 3fcc7000
17608 3fcc8000
17609 3fcc9000
17610 3fcca000
17611 3fccb000
17612 3fccc000
17613 3fccd000
17614 3fcce000
17615 3fccf000
17616 3fcd0000
17617 3fcd1000
17618 3fcd2000
17619 3fcd3000
17620 3fcd4000
17621 3fcd5000
17622 3fcd6000
17623 3fcd7000
17624 3fcd8000
17625 3fcd9000
17626 3fcda000
17627 3fcdb000
17628 3fcdc000
17629 3fcdd000
17630 3fcde000
17631 3fcdf000
17632 3fce0000
17633 3fce1000
17634 3fce2000
17635 3fce3000
17636 3fce4000
17637 3fce5000
17638 3fce6000
17639 3fce7000
17640 3fce8000
17641 3fce9000
17642 3fcea000
17643 3fceb000
17644 3fcec000
17645 3fced000
17646 3fcee000
17647 3fcef000
17648 3fcf0000
17649 3fcf1000
17650 3fcf2000
17651 3fcf3000
17652 3fcf4000
17653 3fcf5000
17654 3fcf6000
17655 3fcf7000
17656 3fcf8000
17657 3fcf9000
17658 3fcfa000
17659 3fcfb000
17660 3fcfc000
17661 3fcfd000
17662 3fcfe000
17663 3fcff000
17664 3fd00000
17665 3fd01000
17666 3fd02000
17667 3fd03000
17668 3fd04000
17669 3fd05000
17670 3fd06000
17671 3fd07000
17672 3fd08000
17673 3fd09000
17674 3fd0a000
17675 3fd0b000
17676 3fd0c000
17677 3fd0d000
17678 3fd0e000
17679 3fd0f000
17680 3fd10000
17681 3fd11000
17682 3fd12000
17683 3fd13000
17684 3fd14000
17685 3fd15000
17686 3fd16000
17687 3fd17000
17688 3fd18000
17689 3fd19000
17690 3fd1a000
17691 3fd1b000
17692 3fd1c000
17693 3fd1d000
17694 3fd1e000
17695 3fd1f000
17696 3fd20000
17697 3fd21000
17698 3fd22000
17699 3fd23000
17700 3fd24000
17701 3fd25000
17702 3fd26000
17703 3fd27000
17704 3fd28000
17705 3fd29000
17706 3fd2a000
17707 3fd2b000
17708 3fd2c000
17709 3fd2d000
17710 3fd2e000
17711 3fd2f000
17712 3fd30000
17713 3fd31000
17714 3fd32000
17715 3fd33000
17716 3fd34000
17717 3fd35000
17718 3fd36000
17719 3fd37000
17720 3fd38000
17721 3fd39000
17722 3fd3a000
17723 3fd3b000
17724 3fd3c000
17725 3fd3d000
17726 3fd3e000
17727 3fd3f000
17728 3fd40000
17729 3fd41000
17730 3fd42000
17731 3fd43000
17732 3fd44000
17733 3fd45000
17734 3fd46000
17735 3fd47000
17736 3fd48000
17737 3fd49000
17738 3fd4a000
17739 3fd4b000
17740 3fd4c000
17741 3fd4d000
17742 3fd4e000
17743 3fd4f000
17744 3fd50000
17745 3fd51000
17746 3fd52000
17747 3fd53000
17748 3fd54000
17749 3fd55000
17750 3fd56000
17751 3fd57000
17752 3fd58000
17753 3fd59000
17754 3fd5a000
17755 3fd5b000
17756 3fd5c000
17757 3fd5d000
17758 3fd5e000
17759 3fd5f000
17760 3fd60000
17761 3fd61000
17762 3fd62000
17763 3fd63000
17764 3fd64000
17765 3fd65000
17766 3fd66000
17767 3fd67000
17768 3fd68000
17769 3fd69000
17770 3fd6a000
17771 3fd6b000
17772 3fd6c000
17773 3fd6d000
17774 3fd6e000
17775 3fd6f000
17776 3fd70000
17777 3fd71000
17778 3fd72000
17779 3fd73000
17780 3fd74000
17781 3fd75000
17782 3fd76000
17783 3fd77000
17784 3fd78000
17785 3fd79000
17786 3fd7a000
17787 3fd7b000
17788 3fd7c000
17789 3fd7d000
17790 3fd7e000
17791 3fd7f000
17792 3fd80000
17793 3fd81000
17794 3fd82000
17795 3fd83000
17796 3fd84000
17797 3fd85000
17798 3fd86000
17799 3fd87000
17800 3fd88000
17801 3fd89000
17802 3fd8a000
17803 3fd8b000
17804 3fd8c000
17805 3fd8d000
17806 3fd8e000
17807 3fd8f000
17808 3fd90000
17809 3fd91000
17810 3fd92000
17811 3fd93000
17812 3fd94000
17813 3fd95000
17814 3fd96000
17815 3fd97000
17816 3fd98000
17817 3fd99000
17818 3fd9a000
17819 3fd9b000
17820 3fd9c000
17821 3fd9d000
17822 3fd9e000
17823 3fd9f000
17824 3fda0000
17825 3fda1000
17826 3fda2000
17827 3fda3000
17828 3fda4000
17829 3fda5000
17830 3fda6000
17831 3fda7000
17832 3fda8000
17833 3fda9000
17834 3fdaa000
17835 3fdab000
17836 3fdac000
17837 3fdad000
17838 3fdae000
17839 3fdaf000
17840 3fdb0000
17841 3fdb1000
17842 3fdb2000
17843 3fdb3000
17844 3fdb4000
17845 3fdb5000
17846 3fdb6000
17847 3fdb7000
17848 3fdb8000
17849 3fdb9000
17850 3fdba000
17851 3fdbb000
17852 3fdbc000
17853 3fdbd000
17854 3fdbe000
17855 3fdbf000
17856 3fdc0000
17857 3fdc1000
17858 3fdc2000
17859 3fdc3000
17860 3fdc4000
17861 3fdc5000
17862 3fdc6000
17863 3fdc7000
17864 3fdc8000
17865 3fdc9000
17866 3fdca000
17867 3fdcb000
17868 3fdcc000
17869 3fdcd000
17870 3fdce000
17871 3fdcf000
17872 3fdd0000
17873 3fdd1000
17874 3fdd2000
17875 3fdd3000
17876 3fdd4000
17877 3fdd5000
17878 3fdd6000
17879 3fdd7000
17880 3fdd8000
17881 3fdd9000
17882 3fdda000
17883 3fddb000
17884 3fddc000
17885 3fddd000
17886 3fdde000
17887 3fddf000
17888 3fde0000
17889 3fde1000
17890 3fde2000
17891 3fde3000
17892 3fde4000
17893 3fde5000
17894 3fde6000
17895 3fde7000
17896 3fde8000
17897 3fde9000
17898 3fdea000
17899 3fdeb000
17900 3fdec000
17901 3fded000
17902 3fdee000
17903 3fdef000
17904 3fdf0000
17905 3fdf1000
17906 3fdf2000
17907 3fdf3000
17908 3fdf4000
17909 3fdf5000
17910 3fdf6000
17911 3fdf7000
17912 3fdf8000
17913 3fdf9000
17914 3fdfa000
17915 3fdfb000
17916 3fdfc000
17917 3fdfd000
17918 3fdfe000
17919 3fdff000
17920 3fe00000
17921 3fe01000
17922 3fe02000
17923 3fe03000
17924 3fe04000
17925 3fe05000
17926 3fe06000
17927 3fe07000
17928 3fe08000
17929 3fe09000
17930 3fe0a000
17931 3fe0b000
17932 3fe0c000
17933 3fe0d000
17934 3fe0e000
17935 3fe0f000
17936 3fe10000
17937 3fe11000
17938 3fe12000
17939 3fe13000
17940 3fe14000
17941 3fe15000
17942 3fe16000
17943 3fe17000
17944 3fe18000
17945 3fe19000
17946 3fe1a000
17947 3fe1b000
17948 3fe1c000
17949 3fe1d000
17950 3fe1e000
17951 3fe1f000
17952 3fe20000
17953 3fe21000
17954 3fe22000
17955 3fe23000
17956 3fe24000
17957 3fe25000
17958 3fe26000
17959 3fe27000
17960 3fe28000
17961 3fe29000
17962 3fe2a000
17963 3fe2b000
17964 3fe2c000
17965 3fe2d000
17966 3fe2e000
17967 3fe2f000
17968 3fe30000
17969 3fe31000
17970 3fe32000
17971 3fe33000
17972 3fe34000
17973 3fe35000
17974 3fe36000
17975 3fe37000
17976 3fe38000
17977 3fe39000
17978 3fe3a000
17979 3fe3b000
17980 3fe3c000
17981 3fe3d000
17982 3fe3e000
17983 3fe3f000
17984 3fe40000
17985 3fe41000
17986 3fe42000
17987 3fe43000
17988 3fe44000
17989 3fe45000
17990 3fe46000
17991 3fe47000
17992 3fe48000
17993 3fe49000
17994 3fe4a000
17995 3fe4b000
17996 3fe4c000
17997 3fe4d000
17998 3fe4e000
17999 3fe4f000
18000 3fe50000
18001 3fe51000
18002 3fe52000
18003 3fe53000
18004 3fe54000
18005 3fe55000
18006 3fe56000
18007 3fe57000
18008 3fe58000
18009 3fe59000
18010 3fe5a000
18011 3fe5b000
18012 3fe5c000
18013 3fe5d000
18014 3fe5e000
18015 3fe5f000
18016 3fe60000
18017 3fe61000
18018 3fe62000
18019 3fe63000
18020 3fe64000
18021 3fe65000
18022 3fe66000
18023 3fe67000
18024 3fe68000
18025 3fe69000
18026 3fe6a000
18027 3fe6b000
18028 3fe6c000
18029 3fe6d000
18030 3fe6e000
18031 3fe6f000
18032 3fe70000
18033 3fe71000
18034 3fe72000
18035 3fe73000
18036 3fe74000
18037 3fe75000
18038 3fe76000
18039 3fe77000
18040 3fe78000
18041 3fe79000
18042 3fe7a000
18043 3fe7b000
18044 3fe7c000
18045 3fe7d000
18046 3fe7e000
18047 3fe7f000
18048 3fe80000
18049 3fe81000
18050 3fe82000
18051 3fe83000
18052 3fe84000
18053 3fe85000
18054 3fe86000
18055 3fe87000
18056 3fe88000
18057 3fe89000
18058 3fe8a000
18059 3fe8b000
18060 3fe8c000
18061 3fe8d000
18062 3fe8e000
18063 3fe8f000
18064 3fe90000
18065 3fe91000
18066 3fe92000
18067 3fe93000
18068 3fe94000
18069 3fe95000
18070 3fe96000
18071 3fe97000
18072 3fe98000
18073 3fe99000
18074 3fe9a000
18075 3fe9b000
18076 3fe9c000
18077 3fe9d000
18078 3fe9e000
18079 3fe9f000
18080 3fea0000
18081 3fea1000
18082 3fea2000
18083 3fea3000
18084 3fea4000
18085 3fea5000
18086 3fea6000
18087 3fea7000
18088 3fea8000
18089 3fea9000
18090 3feaa000
18091 3feab000
18092 3feac000
18093 3fead000
18094 3feae000
18095 3feaf000
18096 3feb0000
18097 3feb1000
18098 3feb2000
18099 3feb3000
18100 3feb4000
18101 3feb5000
18102 3feb6000
18103 3feb7000
18104 3feb8000
18105 3feb9000
18106 3feba000
18107 3febb000
18108 3febc000
18109 3febd000
18110 3febe000
18111 3febf000
18112 3fec0000
18113 3fec1000
18114 3fec2000
18115 3fec3000
18116 3fec4000
18117 3fec5000
18118 3fec6000
18119 3fec7000
18120 3fec8000
18121 3fec9000
18122 3feca000
18123 3fecb000
18124 3fecc000
18125 3fecd000
18126 3fece000
18127 3fecf000
18128 3fed0000
18129 3fed1000
18130 3fed2000
18131 3fed3000
18132 3fed4000
18133 3fed5000
18134 3fed6000
18135 3fed7000
18136 3fed8000
18137 3fed9000
18138 3feda000
18139 3fedb000
18140 3fedc000
18141 3fedd000
18142 3fede000
18143 3fedf000
18144 3fee0000
18145 3fee1000
18146 3fee2000
18147 3fee3000
18148 3fee4000
18149 3fee5000
18150 3fee6000
18151 3fee7000
18152 3fee8000
18153 3fee9000
18154 3feea000
18155 3feeb000
18156 3feec000
18157 3feed000
18158 3feee000
18159 3feef000
18160 3fef0000
18161 3fef1000
18162 3fef2000
18163 3fef3000
18164 3fef4000
18165 3fef5000
18166 3fef6000
18167 3fef7000
18168 3fef8000
18169 3fef9000
18170 3fefa000
18171 3fefb000
18172 3fefc000
18173 3fefd000
18174 3fefe000
18175 3feff000
18176 3ff00000
18177 3ff01000
18178 3ff02000
18179 3ff03000
18180 3ff04000
18181 3ff05000
18182 3ff06000
18183 3ff07000
18184 3ff08000
18185 3ff09000
18186 3ff0a000
18187 3ff0b000
18188 3ff0c000
18189 3ff0d000
18190 3ff0e000
18191 3ff0f000
18192 3ff10000
18193 3ff11000
18194 3ff12000
18195 3ff13000
18196 3ff14000
18197 3ff15000
18198 3ff16000
18199 3ff17000
18200 3ff18000
18201 3ff19000
18202 3ff1a000
18203 3ff1b000
18204 3ff1c000
18205 3ff1d000
18206 3ff1e000
18207 3ff1f000
18208 3ff20000
18209 3ff21000
18210 3ff22000
18211 3ff23000
18212 3ff24000
18213 3ff25000
18214 3ff26000
18215 3ff27000
18216 3ff28000
18217 3ff29000
18218 3ff2a000
18219 3ff2b000
18220 3ff2c000
18221 3ff2d000
18222 3ff2e000
18223 3ff2f000
18224 3ff30000
18225 3ff31000
18226 3ff32000
18227 3ff33000
18228 3ff34000
18229 3ff35000
18230 3ff36000
18231 3ff37000
18232 3ff38000
18233 3ff39000
18234 3ff3a000
18235 3ff3b000
18236 3ff3c000
18237 3ff3d000
18238 3ff3e000
18239 3ff3f000
18240 3ff40000
18241 3ff41000
18242 3ff42000
18243 3ff43000
18244 3ff44000
18245 3ff45000
18246 3ff46000
18247 3ff47000
18248 3ff48000
18249 3ff49000
18250 3ff4a000
18251 3ff4b000
18252 3ff4c000
18253 3ff4d000
18254 3ff4e000
18255 3ff4f000
18256 3ff50000
18257 3ff51000
18258 3ff52000
18259 3ff53000
18260 3ff54000
18261 3ff55000
18262 3ff56000
18263 3ff57000
18264 3ff58000
18265 3ff59000
18266 3ff5a000
18267 3ff5b000
18268 3ff5c000
18269 3ff5d000
18270 3ff5e000
18271 3ff5f000
18272 3ff60000
18273 3ff61000
18274 3ff62000
18275 3ff63000
18276 3ff64000
18277 3ff65000
18278 3ff66000
18279 3ff67000
18280 3ff68000
18281 3ff69000
18282 3ff6a000
18283 3ff6b000
18284 3ff6c000
18285 3ff6d000
18286 3ff6e000
18287 3ff6f000
18288 3ff70000
18289 3ff71000
18290 3ff72000
18291 3ff73000
18292 3ff74000
18293 3ff75000
18294 3ff76000
18295 3ff77000
18296 3ff78000
18297 3ff79000
18298 3ff7a000
18299 3ff7b000
18300 3ff7c000
18301 3ff7d000
18302 3ff7e000
18303 3ff7f000
18304 3ff80000
18305 3ff81000
18306 3ff82000
18307 3ff83000
18308 3ff84000
18309 3ff85000
18310 3ff86000
18311 3ff87000
18312 3ff88000
18313 3ff89000
18314 3ff8a000
18315 3ff8b000
18316 3ff8c000
18317 3ff8d000
18318 3ff8e000
18319 3ff8f000
18320 3ff90000
18321 3ff91000
18322 3ff92000
18323 3ff93000
18324 3ff94000
18325 3ff95000
18326 3ff96000
18327 3ff97000
18328 3ff98000
18329 3ff99000
18330 3ff9a000
18331 3ff9b000
18332 3ff9c000
18333 3ff9d000
18334 3ff9e000
18335 3ff9f000
18336 3ffa0000
18337 3ffa1000
18338 3ffa2000
18339 3ffa3000
18340 3ffa4000
18341 3ffa5000
18342 3ffa6000
18343 3ffa7000
18344 3ffa8000
18345 3ffa9000
18346 3ffaa000
18347 3ffab000
18348 3ffac000
18349 3ffad000
18350 3ffae000
18351 3ffaf000
18352 3ffb0000
18353 3ffb1000
18354 3ffb2000
18355 3ffb3000
18356 3ffb4000
18357 3ffb5000
18358 3ffb6000
18359 3ffb7000
18360 3ffb8000
18361 3ffb9000
18362 3ffba000
18363 3ffbb000
18364 3ffbc000
18365 3ffbd000
18366 3ffbe000
18367 3ffbf000
18368 3ffc0000
18369 3ffc1000
18370 3ffc2000
18371 3ffc3000
18372 3ffc4000
18373 3ffc5000
18374 3ffc6000
18375 3ffc7000
18376 3ffc8000
18377 3ffc9000
18378 3ffca000
18379 3ffcb000
18380 3ffcc000
18381 3ffcd000
18382 3ffce000
18383 3ffcf000
18384 3ffd0000
18385 3ffd1000
18386 3ffd2000
18387 3ffd3000
18388 3ffd4000
18389 3ffd5000
18390 3ffd6000
18391 3ffd7000
18392 3ffd8000
18393 3ffd9000
18394 3ffda000
18395 3ffdb000
18396 3ffdc000
18397 3ffdd000
18398 3ffde000
18399 3ffdf000
18400 3ffe0000
18401 3ffe1000
18402 3ffe2000
18403 3ffe3000
18404 3ffe4000
18405 3ffe5000
18406 3ffe6000
18407 3ffe7000
18408 3ffe8000
18409 3ffe9000
18410 3ffea000
18411 3ffeb000
18412 3ffec000
18413 3ffed000
18414 3ffee000
18415 3ffef000
18416 3fff0000
18417 3fff1000
18418 3fff2000
18419 3fff3000
18420 3fff4000
18421 3fff5000
18422 3fff6000
18423 3fff7000
18424 3fff8000
18425 3fff9000
18426 3fffa000
18427 3fffb000
18428 3fffc000
18429 3fffd000
18430 3fffe000
18431 3ffff000
18432 40000000
18433 40001000
18434 40002000
18435 40003000
18436 40004000
18437 40005000
18438 40006000
18439 40007000
18440 40008000
18441 40009000
18442 4000a000
18443 4000b000
18444 4000c000
18445 4000d000
18446 4000e000
18447 4000f000
18448 40010000
18449 40011000
18450 40012000
18451 40013000
18452 40014000
18453 40015000
18454 40016000
18455 40017000
18456 40018000
18457 40019000
18458 4001a000
18459 4001b000
18460 4001c000
18461 4001d000
18462 4001e000
18463 4001f000
18464 40020000
18465 40021000
18466 40022000
18467 40023000
18468 40024000
18469 40025000
18470 40026000
18471 40027000
18472 40028000
18473 40029000
18474 4002a000
18475 4002b000
18476 4002c000
18477 4002d000
18478 4002e000
18479 4002f000
18480 40030000
18481 40031000
18482 40032000
18483 40033000
18484 40034000
18485 40035000
18486 40036000
18487 40037000
18488 40038000
18489 40039000
18490 4003a000
18491 4003b000
18492 4003c000
18493 4003d000
18494 4003e000
18495 4003f000
18496 40040000
18497 40041000
18498 40042000
18499 40043000
18500 40044000
18501 40045000
18502 40046000
18503 40047000
18504 40048000
18505 40049000
18506 4004a000
18507 4004b000
18508 4004c000
18509 4004d000
18510 4004e000
18511 4004f000
18512 40050000
18513 40051000
18514 40052000
18515 40053000
18516 40054000
18517 40055000
18518 40056000
18519 40057000
18520 40058000
18521 40059000
18522 4005a000
18523 4005b000
18524 4005c000
18525 4005d000
18526 4005e000
18527 4005f000
18528 40060000
18529 40061000
18530 40062000
18531 40063000
18532 40064000
18533 40065000
18534 40066000
18535 40067000
18536 40068000
18537 40069000
18538 4006a000
18539 4006b000
18540 4006c000
18541 4006d000
18542 4006e000
18543 4006f000
18544 40070000
18545 40071000
18546 40072000
18547 40073000
18548 40074000
18549 40075000
18550 40076000
18551 40077000
18552 40078000
18553 40079000
18554 4007a000
18555 4007b000
18556 4007c000
18557 4007d000
18558 4007e000
18559 4007f000
18560 40080000
18561 40081000
18562 40082000
18563 40083000
18564 40084000
18565 40085000
18566 40086000
18567 40087000
18568 40088000
18569 40089000
18570 4008a000
18571 4008b000
18572 4008c000
18573 4008d000
18574 4008e000
18575 4008f000
18576 40090000
18577 40091000
18578 40092000
18579 40093000
18580 40094000
18581 40095000
18582 40096000
18583 40097000
18584 40098000
18585 40099000
18586 4009a000
18587 4009b000
18588 4009c000
18589 4009d000
18590 4009e000
18591 4009f000
18592 400a0000
18593 400a1000
18594 400a2000
18595 400a3000
18596 400a4000
18597 400a5000
18598 400a6000
18599 400a7000
18600 400a8000
18601 400a9000
18602 400aa000
18603 400ab000
18604 400ac000
18605 400ad000
18606 400ae000
18607 400af000
18608 400b0000
18609 400b1000
18610 400b2000
18611 400b3000
18612 400b4000
18613 400b5000
18614 400b6000
18615 400b7000
18616 400b8000
18617 400b9000
18618 400ba000
18619 400bb000
18620 400bc000
18621 400bd000
18622 400be000
18623 400bf000
18624 400c0000
18625 400c1000
18626 400c2000
18627 400c3000
18628 400c4000
18629 400c5000
18630 400c6000
18631 400c7000
18632 400c8000
18633 400c9000
18634 400ca000
18635 400cb000
18636 400cc000
18637 400cd000
18638 400ce000
18639 400cf000
18640 400d0000
18641 400d1000
18642 400d2000
18643 400d3000
18644 400d4000
18645 400d5000
18646 400d6000
18647 400d7000
18648 400d8000
18649 400d9000
18650 400da000
18651 400db000
18652 400dc000
18653 400dd000
18654 400de000
18655 400df000
18656 400e0000
18657 400e1000
18658 400e2000
18659 400e3000
18660 400e4000
18661 400e5000
18662 400e6000
18663 400e7000
18664 400e8000
18665 400e9000
18666 400ea000
18667 400eb000
18668 400ec000
18669 400ed000
18670 400ee000
18671 400ef000
18672 400f0000
18673 400f1000
18674 400f2000
18675 400f3000
18676 400f4000
18677 400f5000
18678 400f6000
18679 400f7000
18680 400f8000
18681 400f9000
18682 400fa000
18683 400fb000
18684 400fc000
18685 400fd000
18686 400fe000
18687 400ff000
18688 40100000
18689 40101000
18690 40102000
18691 40103000
18692 40104000
18693 40105000
18694 40106000
18695 40107000
18696 40108000
18697 40109000
18698 4010a000
18699 4010b000
18700 4010c000
18701 4010d000
18702 4010e000
18703 4010f000
18704 40110000
18705 40111000
18706 40112000
18707 40113000
18708 40114000
18709 40115000
18710 40116000
18711 40117000
18712 40118000
18713 40119000
18714 4011a000
18715 4011b000
18716 4011c000
18717 4011d000
18718 4011e000
18719 4011f000
18720 40120000
18721 40121000
18722 40122000
18723 40123000
18724 40124000
18725 40125000
18726 40126000
18727 40127000
18728 40128000
18729 40129000
18730 4012a000
18731 4012b000
18732 4012c000
18733 4012d000
18734 4012e000
18735 4012f000
18736 40130000
18737 40131000
18738 40132000
18739 40133000
18740 40134000
18741 40135000
18742 40136000
18743 40137000
18744 40138000
18745 40139000
18746 4013a000
18747 4013b000
18748 4013c000
18749 4013d000
18750 4013e000
18751 4013f000
18752 40140000
18753 40141000
18754 40142000
18755 40143000
18756 40144000
18757 40145000
18758 40146000
18759 40147000
18760 40148000
18761 40149000
18762 4014a000
18763 4014b000
18764 4014c000
18765 4014d000
18766 4014e000
18767 4014f000
18768 40150000
18769 40151000
18770 40152000
18771 40153000
18772 40154000
18773 40155000
18774 40156000
18775 40157000
18776 40158000
18777 40159000
18778 4015a000
18779 4015b000
18780 4015c000
18781 4015d000
18782 4015e000
18783 4015f000
18784 40160000
18785 40161000
18786 40162000
18787 40163000
18788 40164000
18789 40165000
18790 40166000
18791 40167000
18792 40168000
18793 40169000
18794 4016a000
18795 4016b000
18796 4016c000
18797 4016d000
18798 4016e000
18799 4016f000
18800 40170000
18801 40171000
18802 40172000
18803 40173000
18804 40174000
18805 40175000
18806 40176000
18807 40177000
18808 40178000
18809 40179000
18810 4017a000
18811 4017b000
18812 4017c000
18813 4017d000
18814 4017e000
18815 4017f000
18816 40180000
18817 40181000
18818 40182000
18819 40183000
18820 40184000
18821 40185000
18822 40186000
18823 40187000
18824 40188000
18825 40189000
18826 4018a000
18827 4018b000
18828 4018c000
18829 4018d000
18830 4018e000
18831 4018f000
18832 40190000
18833 40191000
18834 40192000
18835 40193000
18836 40194000
18837 40195000
18838 40196000
18839 40197000
18840 40198000
18841 40199000
18842 4019a000
18843 4019b000
18844 4019c000
18845 4019d000
18846 4019e000
18847 4019f000
18848 401a0000
18849 401a1000
18850 401a2000
18851 401a3000
18852 401a4000
18853 401a5000
18854 401a6000
18855 401a7000
18856 401a8000
18857 401a9000
18858 401aa000
18859 401ab000
18860 401ac000
18861 401ad000
18862 401ae000
18863 401af000
18864 401b0000
18865 401b1000
18866 401b2000
18867 401b3000
18868 401b4000
18869 401b5000
18870 401b6000
18871 401b7000
18872 401b8000
18873 401b9000
18874 401ba000
18875 401bb000
18876 401bc000
18877 401bd000
18878 401be000
18879 401bf000
18880 401c0000
18881 401c1000
18882 401c2000
18883 401c3000
18884 401c4000
18885 401c5000
18886 401c6000
18887 401c7000
18888 401c8000
18889 401c9000
18890 401ca000
18891 401cb000
18892 401cc000
18893 401cd000
18894 401ce000
18895 401cf000
18896 401d0000
18897 401d1000
18898 401d2000
18899 401d3000
18900 401d4000
18901 401d5000
18902 401d6000
18903 401d7000
18904 401d8000
18905 401d9000
18906 401da000
18907 401db000
18908 401dc000
18909 401dd000
18910 401de000
18911 401df000
18912 401e0000
18913 401e1000
18914 401e2000
18915 401e3000
18916 401e4000
18917 401e5000
18918 401e6000
18919 401e7000
18920 401e8000
18921 401e9000
18922 401ea000
18923 401eb000
18924 401ec000
18925 401ed000
18926 401ee000
18927 401ef000
18928 401f0000
18929 401f1000
18930 401f2000
18931 401f3000
18932 401f4000
18933 401f5000
18934 401f6000
18935 401f7000
18936 401f8000
18937 401f9000
18938 401fa000
18939 401fb000
18940 401fc000
18941 401fd000
18942 401fe000
18943 401ff000
18944 40200000
18945 40201000
18946 40202000
18947 40203000
18948 40204000
18949 40205000
18950 40206000
18951 40207000
18952 40208000
18953 40209000
18954 4020a000
18955 4020b000
18956 4020c000
18957 4020d000
18958 4020e000
18959 4020f000
18960 40210000
18961 40211000
18962 40212000
18963 40213000
18964 40214000
18965 40215000
18966 40216000
18967 40217000
18968 40218000
18969 40219000
18970 4021a000
18971 4021b000
18972 4021c000
18973 4021d000
18974 4021e000
18975 4021f000
18976 40220000
18977 40221000
18978 40222000
18979 40223000
18980 40224000
18981 40225000
18982 40226000
18983 40227000
18984 40228000
18985 40229000
18986 4022a000
18987 4022b000
18988 4022c000
18989 4022d000
18990 4022e000
18991 4022f000
18992 40230000
18993 40231000
18994 40232000
18995 40233000
18996 40234000
18997 40235000
18998 40236000
18999 40237000
19000 40238000
19001 40239000
19002 4023a000
19003 4023b000
19004 4023c000
19005 4023d000
19006 4023e000
19007 4023f000
19008 40240000
19009 40241000
19010 40242000
19011 40243000
19012 40244000
19013 40245000
19014 40246000
19015 40247000
19016 40248000
19017 40249000
19018 4024a000
19019 4024b000
19020 4024c000
19021 4024d000
19022 4024e000
19023 4024f000
19024 40250000
19025 40251000
19026 40252000
19027 40253000
19028 40254000
19029 40255000
19030 40256000
19031 40257000
19032 40258000
19033 40259000
19034 4025a000
19035 4025b000
19036 4025c000
19037 4025d000
19038 4025e000
19039 4025f000
19040 40260000
19041 40261000
19042 40262000
19043 40263000
19044 40264000
19045 40265000
19046 40266000
19047 40267000
19048 40268000
19049 40269000
19050 4026a000
19051 4026b000
19052 4026c000
19053 4026d000
19054 4026e000
19055 4026f000
19056 40270000
19057 40271000
19058 40272000
19059 40273000
19060 40274000
19061 40275000
19062 40276000
19063 40277000
19064 40278000
19065 40279000
19066 4027a000
19067 4027b000
19068 4027c000
19069 4027d000
19070 4027e000
19071 4027f000
19072 40280000
19073 40281000
19074 40282000
19075 40283000
19076 40284000
19077 40285000
19078 40286000
19079 40287000
19080 40288000
19081 40289000
19082 4028a000
19083 4028b000
19084 4028c000
19085 4028d000
19086 4028e000
19087 4028f000
19088 40290000
19089 40291000
19090 40292000
19091 40293000
19092 40294000
19093 40295000
19094 40296000
19095 40297000
19096 40298000
19097 40299000
19098 4029a000
19099 4029b000
19100 4029c000
19101 4029d000
19102 4029e000
19103 4029f000
19104 402a0000
19105 402a1000
19106 402a2000
19107 402a3000
19108 402a4000
19109 402a5000
19110 402a6000
19111 402a7000
19112 402a8000
19113 402a9000
19114 402aa000
19115 402ab000
19116 402ac000
19117 402ad000
19118 402ae000
19119 402af000
19120 402b0000
19121 402b1000
19122 402b2000
19123 402b3000
19124 402b4000
19125 402b5000
19126 402b6000
19127 402b7000
19128 402b8000
19129 402b9000
19130 402ba000
19131 402bb000
19132 402bc000
19133 402bd000
19134 402be000
19135 402bf000
19136 402c0000
19137 402c1000
19138 402c2000
19139 402c3000
19140 402c4000
19141 402c5000
19142 402c6000
19143 402c7000
19144 402c8000
19145 402c9000
19146 402ca000
19147 402cb000
19148 402cc000
19149 402cd000
19150 402ce000
19151 402cf000
19152 402d0000
19153 402d1000
19154 402d2000
19155 402d3000
19156 402d4000
19157 402d5000
19158 402d6000
19159 402d7000
19160 402d8000
19161 402d9000
19162 402da000
19163 402db000
19164 402dc000
19165 402dd000
19166 402de000
19167 402df000
19168 402e0000
19169 402e1000
19170 402e2000
19171 402e3000
19172 402e4000
19173 402e5000
19174 402e6000
19175 402e7000
19176 402e8000
19177 402e9000
19178 402ea000
19179 402eb000
19180 402ec000
19181 402ed000
19182 402ee000
19183 402ef000
19184 402f0000
19185 402f1000
19186 402f2000
19187 402f3000
19188 402f4000
19189 402f5000
19190 402f6000
19191 402f7000
19192 402f8000
19193 402f9000
19194 402fa000
19195 402fb000
19196 402fc000
19197 402fd000
19198 402fe000
19199 402ff000
19200 40300000
19201 40301000
19202 40302000
19203 40303000
19204 40304000
19205 40305000
19206 40306000
19207 40307000
19208 40308000
19209 40309000
19210 4030a000
19211 4030b000
19212 4030c000
19213 4030d000
19214 4030e000
19215 4030f000
19216 40310000
19217 40311000
19218 40312000
19219 40313000
19220 40314000
19221 40315000
19222 40316000
19223 40317000
19224 40318000
19225 40319000
19226 4031a000
19227 4031b000
19228 4031c000
19229 4031d000
19230 4031e000
19231 4031f000
19232 40320000
19233 40321000
19234 40322000
19235 40323000
19236 40324000
19237 40325000
19238 40326000
19239 40327000
19240 40328000
19241 40329000
19242 4032a000
19243 4032b000
19244 4032c000
19245 4032d000
19246 4032e000
19247 4032f000
19248 40330000
19249 40331000
19250 40332000
19251 40333000
19252 40334000
19253 40335000
19254 40336000
19255 40337000
19256 40338000
19257 40339000
19258 4033a000
19259 4033b000
19260 4033c000
19261 4033d000
19262 4033e000
19263 4033f000
19264 40340000
19265 40341000
19266 40342000
19267 40343000
19268 40344000
19269 40345000
19270 40346000
19271 40347000
19272 40348000
19273 40349000
19274 4034a000
19275 4034b000
19276 4034c000
19277 4034d000
19278 4034e000
19279 4034f000
19280 40350000
19281 40351000
19282 40352000
19283 40353000
19284 40354000
19285 40355000
19286 40356000
19287 40357000
19288 40358000
19289 40359000
19290 4035a000
19291 4035b000
19292 4035c000
19293 4035d000
19294 4035e000
19295 4035f000
19296 40360000
19297 40361000
19298 40362000
19299 40363000
19300 40364000
19301 40365000
19302 40366000
19303 40367000
19304 40368000
19305 40369000
19306 4036a000
19307 4036b000
19308 4036c000
19309 4036d000
19310 4036e000
19311 4036f000
19312 40370000
19313 40371000
19314 40372000
19315 40373000
19316 40374000
19317 40375000
19318 40376000
19319 40377000
19320 40378000
19321 40379000
19322 4037a000
19323 4037b000
19324 4037c000
19325 4037d000
19326 4037e000
19327 4037f000
19328 40380000
19329 40381000
19330 40382000
19331 40383000
19332 40384000
19333 40385000
19334 40386000
19335 40387000
19336 40388000
19337 40389000
19338 4038a000
19339 4038b000
19340 4038c000
19341 4038d000
19342 4038e000
19343 4038f000
19344 40390000
19345 40391000
19346 40392000
19347 40393000
19348 40394000
19349 40395000
19350 40396000
19351 40397000
19352 40398000
19353 40399000
19354 4039a000
19355 4039b000
19356 4039c000
19357 4039d000
19358 4039e000
19359 4039f000
19360 403a0000
19361 403a1000
19362 403a2000
19363 403a3000
19364 403a4000
19365 403a5000
19366 403a6000
19367 403a7000
19368 403a8000
19369 403a9000
19370 403aa000
19371 403ab000
19372 403ac000
19373 403ad000
19374 403ae000
19375 403af000
19376 403b0000
19377 403b1000
19378 403b2000
19379 403b3000
19380 403b4000
19381 403b5000
19382 403b6000
19383 403b7000
19384 403b8000
19385 403b9000
19386 403ba000
19387 403bb000
19388 403bc000
19389 403bd000
19390 403be000
19391 403bf000
19392 403c0000
19393 403c1000
19394 403c2000
19395 403c3000
19396 403c4000
19397 403c5000
19398 403c6000
19399 403c7000
19400 403c8000
19401 403c9000
19402 403ca000
19403 403cb000
19404 403cc000
19405 403cd000
19406 403ce000
19407 403cf000
19408 403d0000
19409 403d1000
19410 403d2000
19411 403d3000
19412 403d4000
19413 403d5000
19414 403d6000
19415 403d7000
19416 403d8000
19417 403d9000
19418 403da000
19419 403db000
19420 403dc000
19421 403dd000
19422 403de000
19423 403df000
19424 403e0000
19425 403e1000
19426 403e2000
19427 403e3000
19428 403e4000
19429 403e5000
19430 403e6000
19431 403e7000
19432 403e8000
19433 403e9000
19434 403ea000
19435 403eb000
19436 403ec000
19437 403ed000
19438 403ee000
19439 403ef000
19440 403f0000
19441 403f1000
19442 403f2000
19443 403f3000
19444 403f4000
19445 403f5000
19446 403f6000
19447 403f7000
19448 403f8000
19449 403f9000
19450 403fa000
19451 403fb000
19452 403fc000
19453 403fd000
19454 403fe000
19455 403ff000
19456 40400000
19457 40401000
19458 40402000
19459 40403000
19460 40404000
19461 40405000
19462 40406000
19463 40407000
19464 40408000
19465 40409000
19466 4040a000
19467 4040b000
19468 4040c000
19469 4040d000
19470 4040e000
19471 4040f000
19472 40410000
19473 40411000
19474 40412000
19475 40413000
19476 40414000
19477 40415000
19478 40416000
19479 40417000
19480 40418000
19481 40419000
19482 4041a000
19483 4041b000
19484 4041c000
19485 4041d000
19486 4041e000
19487 4041f000
19488 40420000
19489 40421000
19490 40422000
19491 40423000
19492 40424000
19493 40425000
19494 40426000
19495 40427000
19496 40428000
19497 40429000
19498 4042a000
19499 4042b000
19500 4042c000
19501 4042d000
19502 4042e000
19503 4042f000
19504 40430000
19505 40431000
19506 40432000
19507 40433000
19508 40434000
19509 40435000
19510 40436000
19511 40437000
19512 40438000
19513 40439000
19514 4043a000
19515 4043b000
19516 4043c000
19517 4043d000
19518 4043e000
19519 4043f000
19520 40440000
19521 40441000
19522 40442000
19523 40443000
19524 40444000
19525 40445000
19526 40446000
19527 40447000
19528 40448000
19529 40449000
19530 4044a000
19531 4044b000
19532 4044c000
19533 4044d000
19534 4044e000
19535 4044f000
19536 40450000
19537 40451000
19538 40452000
19539 40453000
19540 40454000
19541 40455000
19542 40456000
19543 40457000
19544 40458000
19545 40459000
19546 4045a000
19547 4045b000
19548 4045c000
19549 4045d000
19550 4045e000
19551 4045f000
19552 40460000
19553 40461000
19554 40462000
19555 40463000
19556 40464000
19557 40465000
19558 40466000
19559 40467000
19560 40468000
19561 40469000
19562 4046a000
19563 4046b000
19564 4046c000
19565 4046d000
19566 4046e000
19567 4046f000
19568 40470000
19569 40471000
19570 40472000
19571 40473000
19572 40474000
19573 40475000
19574 40476000
19575 40477000
19576 40478000
19577 40479000
19578 4047a000
19579 4047b000
19580 4047c000
19581 4047d000
19582 4047e000
19583 4047f000
19584 40480000
19585 40481000
19586 40482000
19587 40483000
19588 40484000
19589 40485000
19590 40486000
19591 40487000
19592 40488000
19593 40489000
19594 4048a000
19595 4048b000
19596 4048c000
19597 4048d000
19598 4048e000
19599 4048f000
19600 40490000
19601 40491000
19602 40492000
19603 40493000
19604 40494000
19605 40495000
19606 40496000
19607 40497000
19608 40498000
19609 40499000
19610 4049a000
19611 4049b000
19612 4049c000
19613 4049d000
19614 4049e000
19615 4049f000
19616 404a0000
19617 404a1000
19618 404a2000
19619 404a3000
19620 404a4000
19621 404a5000
19622 404a6000
19623 404a7000
19624 404a8000
19625 404a9000
19626 404aa000
19627 404ab000
19628 404ac000
19629 404ad000
19630 404ae000
19631 404af000
19632 404b0000
19633 404b1000
19634 404b2000
19635 404b3000
19636 404b4000
19637 404b5000
19638 404b6000
19639 404b7000
19640 404b8000
19641 404b9000
19642 404ba000
19643 404bb000
19644 404bc000
19645 404bd000
19646 404be000
19647 404bf000
19648 404c0000
19649 404c1000
19650 404c2000
19651 404c3000
19652 404c4000
19653 404c5000
19654 404c6000
19655 404c7000
19656 404c8000
19657 404c9000
19658 404ca000
19659 404cb000
19660 404cc000
19661 404cd000
19662 404ce000
19663 404cf000
19664 404d0000
19665 404d1000
19666 404d2000
19667 404d3000
19668 404d4000
19669 404d5000
19670 404d6000
19671 404d7000
19672 404d8000
19673 404d9000
19674 404da000
19675 404db000
19676 404dc000
19677 404dd000
19678 404de000
19679 404df000
19680 404e0000
19681 404e1000
19682 404e2000
19683 404e3000
19684 404e4000
19685 404e5000
19686 404e6000
19687 404e7000
19688 404e8000
19689 404e9000
19690 404ea000
19691 404eb000
19692 404ec000
19693 404ed000
19694 404ee000
19695 404ef000
19696 404f0000
19697 404f1000
19698 404f2000
19699 404f3000
19700 404f4000
19701 404f5000
19702 404f6000
19703 404f7000
19704 404f8000
19705 404f9000
19706 404fa000
19707 404fb000
19708 404fc000
19709 404fd000
19710 404fe000
19711 404ff000
19712 40500000
19713 40501000
19714 40502000
19715 40503000
19716 40504000
19717 40505000
19718 40506000
19719 40507000
19720 40508000
19721 40509000
19722 4050a000
19723 4050b000
19724 4050c000
19725 4050d000
19726 4050e000
19727 4050f000
19728 40510000
19729 40511000
19730 40512000
19731 40513000
19732 40514000
19733 40515000
19734 40516000
19735 40517000
19736 40518000
19737 40519000
19738 4051a000
19739 4051b000
19740 4051c000
19741 4051d000
19742 4051e000
19743 4051f000
19744 40520000
19745 40521000
19746 40522000
19747 40523000
19748 40524000
19749 40525000
19750 40526000
19751 40527000
19752 40528000
19753 40529000
19754 4052a000
19755 4052b000
19756 4052c000
19757 4052d000
19758 4052e000
19759 4052f000
19760 40530000
19761 40531000
19762 40532000
19763 40533000
19764 40534000
19765 40535000
19766 40536000
19767 40537000
19768 40538000
19769 40539000
19770 4053a000
19771 4053b000
19772 4053c000
19773 4053d000
19774 4053e000
19775 4053f000
19776 40540000
19777 40541000
19778 40542000
19779 40543000
19780 40544000
19781 40545000
19782 40546000
19783 40547000
19784 40548000
19785 40549000
19786 4054a000
19787 4054b000
19788 4054c000
19789 4054d000
19790 4054e000
19791 4054f000
19792 40550000
19793 40551000
19794 40552000
19795 40553000
19796 40554000
19797 40555000
19798 40556000
19799 40557000
19800 40558000
19801 40559000
19802 4055a000
19803 4055b000
19804 4055c000
19805 4055d000
19806 4055e000
19807 4055f000
19808 40560000
19809 40561000
19810 40562000
19811 40563000
19812 40564000
19813 40565000
19814 40566000
19815 40567000
19816 40568000
19817 40569000
19818 4056a000
19819 4056b000
19820 4056c000
19821 4056d000
19822 4056e000
19823 4056f000
19824 40570000
19825 40571000
19826 40572000
19827 40573000
19828 40574000
19829 40575000
19830 40576000
19831 40577000
19832 40578000
19833 40579000
19834 4057a000
19835 4057b000
19836 4057c000
19837 4057d000
19838 4057e000
19839 4057f000
19840 40580000
19841 40581000
19842 40582000
19843 40583000
19844 40584000
19845 40585000
19846 40586000
19847 40587000
19848 40588000
19849 40589000
19850 4058a000
19851 4058b000
19852 4058c000
19853 4058d000
19854 4058e000
19855 4058f000
19856 40590000
19857 40591000
19858 40592000
19859 40593000
19860 40594000
19861 40595000
19862 40596000
19863 40597000
19864 40598000
19865 40599000
19866 4059a000
19867 4059b000
19868 4059c000
19869 4059d000
19870 4059e000
19871 4059f000
19872 405a0000
19873 405a1000
19874 405a2000
19875 405a3000
19876 405a4000
19877 405a5000
19878 405a6000
19879 405a7000
19880 405a8000
19881 405a9000
19882 405aa000
19883 405ab000
19884 405ac000
19885 405ad000
19886 405ae000
19887 405af000
19888 405b0000
19889 405b1000
19890 405b2000
19891 405b3000
19892 405b4000
19893 405b5000
19894 405b6000
19895 405b7000
19896 405b8000
19897 405b9000
19898 405ba000
19899 405bb000
19900 405bc000
19901 405bd000
19902 405be000
19903 405bf000
19904 405c0000
19905 405c1000
19906 405c2000
19907 405c3000
19908 405c4000
19909 405c5000
19910 405c6000
19911 405c7000
19912 405c8000
19913 405c9000
19914 405ca000
19915 405cb000
19916 405cc000
19917 405cd000
19918 405ce000
19919 405cf000
19920 405d0000
19921 405d1000
19922 405d2000
19923 405d3000
19924 405d4000
19925 405d5000
19926 405d6000
19927 405d7000
19928 405d8000
19929 405d9000
19930 405da000
19931 405db000
19932 405dc000
19933 405dd000
19934 405de000
19935 405df000
19936 405e0000
19937 405e1000
19938 405e2000
19939 405e3000
19940 405e4000
19941 405e5000
19942 405e6000
19943 405e7000
19944 405e8000
19945 405e9000
19946 405ea000
19947 405eb000
19948 405ec000
19949 405ed000
19950 405ee000
19951 405ef000
19952 405f0000
19953 405f1000
19954 405f2000
19955 405f3000
19956 405f4000
19957 405f5000
19958 405f6000
19959 405f7000
19960 405f8000
19961 405f9000
19962 405fa000
19963 405fb000
19964 405fc000
19965 405fd000
19966 405fe000
19967 405ff000
19968 40600000
19969 40601000
19970 40602000
19971 40603000
19972 40604000
19973 40605000
19974 40606000
19975 40607000
19976 40608000
19977 40609000
19978 4060a000
19979 4060b000
19980 4060c000
19981 4060d000
19982 4060e000
19983 4060f000
19984 40610000
19985 40611000
19986 40612000
19987 40613000
19988 40614000
19989 40615000
19990 40616000
19991 40617000
19992 40618000
19993 40619000
19994 4061a000
19995 4061b000
19996 4061c000
19997 4061d000
19998 4061e000
19999 4061f000
20000 40620000
20001 40621000
20002 40622000
20003 40623000
20004 40624000
20005 40625000
20006 40626000
20007 40627000
20008 40628000
20009 40629000
20010 4062a000
20011 4062b000
20012 4062c000
20013 4062d000
20014 4062e000
20015 4062f000
20016 40630000
20017 40631000
20018 40632000
20019 40633000
20020 40634000
20021 40635000
20022 40636000
20023 40637000
20024 40638000
20025 40639000
20026 4063a000
20027 4063b000
20028 4063c000
20029 4063d000
20030 4063e000
20031 4063f000
20032 40640000
20033 40641000
20034 40642000
20035 40643000
20036 40644000
20037 40645000
20038 40646000
20039 40647000
20040 40648000
20041 40649000
20042 4064a000
20043 4064b000
20044 4064c000
20045 4064d000
20046 4064e000
20047 4064f000
20048 40650000
20049 40651000
20050 40652000
20051 40653000
20052 40654000
20053 40655000
20054 40656000
20055 40657000
20056 40658000
20057 40659000
20058 4065a000
20059 4065b000
20060 4065c000
20061 4065d000
20062 4065e000
20063 4065f000
20064 40660000
20065 40661000
20066 40662000
20067 40663000
20068 40664000
20069 40665000
20070 40666000
20071 40667000
20072 40668000
20073 40669000
20074 4066a000
20075 4066b000
20076 4066c000
20077 4066d000
20078 4066e000
20079 4066f000
20080 40670000
20081 40671000
20082 40672000
20083 40673000
20084 40674000
20085 40675000
20086 40676000
20087 40677000
20088 40678000
20089 40679000
20090 4067a000
20091 4067b000
20092 4067c000
20093 4067d000
20094 4067e000
20095 4067f000
20096 40680000
20097 40681000
20098 40682000
20099 40683000
20100 40684000
20101 40685000
20102 40686000
20103 40687000
20104 40688000
20105 40689000
20106 4068a000
20107 4068b000
20108 4068c000
20109 4068d000
20110 4068e000
20111 4068f000
20112 40690000
20113 40691000
20114 40692000
20115 40693000
20116 40694000
20117 40695000
20118 40696000
20119 40697000
20120 40698000
20121 40699000
20122 4069a000
20123 4069b000
20124 4069c000
20125 4069d000
20126 4069e000
20127 4069f000
20128 406a0000
20129 406a1000
20130 406a2000
20131 406a3000
20132 406a4000
20133 406a5000
20134 406a6000
20135 406a7000
20136 406a8000
20137 406a9000
20138 406aa000
20139 406ab000
20140 406ac000
20141 406ad000
20142 406ae000
20143 406af000
20144 406b0000
20145 406b1000
20146 406b2000
20147 406b3000
20148 406b4000
20149 406b5000
20150 406b6000
20151 406b7000
20152 406b8000
20153 406b9000
20154 406ba000
20155 406bb000
20156 406bc000
20157 406bd000
20158 406be000
20159 406bf000
20160 406c0000
20161 406c1000
20162 406c2000
20163 406c3000
20164 406c4000
20165 406c5000
20166 406c6000
20167 406c7000
20168 406c8000
20169 406c9000
20170 406ca000
20171 406cb000
20172 406cc000
20173 406cd000
20174 406ce000
20175 406cf000
20176 406d0000
20177 406d1000
20178 406d2000
20179 406d3000
20180 406d4000
20181 406d5000
20182 406d6000
20183 406d7000
20184 406d8000
20185 406d9000
20186 406da000
20187 406db000
20188 406dc000
20189 406dd000
20190 406de000
20191 406df000
20192 406e0000
20193 406e1000
20194 406e2000
20195 406e3000
20196 406e4000
20197 406e5000
20198 406e6000
20199 406e7000
20200 406e8000
20201 406e9000
20202 406ea000
20203 406eb000
20204 406ec000
20205 406ed000
20206 406ee000
20207 406ef000
20208 406f0000
20209 406f1000
20210 406f2000
20211 406f3000
20212 406f4000
20213 406f5000
20214 406f6000
20215 406f7000
20216 406f8000
20217 406f9000
20218 406fa000
20219 406fb000
20220 406fc000
20221 406fd000
20222 406fe000
20223 406ff000
20224 40700000
20225 40701000
20226 40702000
20227 40703000
20228 40704000
20229 40705000
20230 40706000
20231 40707000
20232 40708000
20233 40709000
20234 4070a000
20235 4070b000
20236 4070c000
20237 4070d000
20238 4070e000
20239 4070f000
20240 40710000
20241 40711000
20242 40712000
20243 40713000
20244 40714000
20245 40715000
20246 40716000
20247 40717000
20248 40718000
20249 40719000
20250 4071a000
20251 4071b000
20252 4071c000
20253 4071d000
20254 4071e000
20255 4071f000
20256 40720000
20257 40721000
20258 40722000
20259 40723000
20260 40724000
20261 40725000
20262 40726000
20263 40727000
20264 40728000
20265 40729000
20266 4072a000
20267 4072b000
20268 4072c000
20269 4072d000
20270 4072e000
20271 4072f000
20272 40730000
20273 40731000
20274 40732000
20275 40733000
20276 40734000
20277 40735000
20278 40736000
20279 40737000
20280 40738000
20281 40739000
20282 4073a000
20283 4073b000
20284 4073c000
20285 4073d000
20286 4073e000
20287 4073f000
20288 40740000
20289 40741000
20290 40742000
20291 40743000
20292 40744000
20293 40745000
20294 40746000
20295 40747000
20296 40748000
20297 40749000
20298 4074a000
20299 4074b000
20300 4074c000
20301 4074d000
20302 4074e000
20303 4074f000
20304 40750000
20305 40751000
20306 40752000
20307 40753000
20308 40754000
20309 40755000
20310 40756000
20311 40757000
20312 40758000
20313 40759000
20314 4075a000
20315 4075b000
20316 4075c000
20317 4075d000
20318 4075e000
20319 4075f000
20320 40760000
20321 40761000
20322 40762000
20323 40763000
20324 40764000
20325 40765000
20326 40766000
20327 40767000
20328 40768000
20329 40769000
20330 4076a000
20331 4076b000
20332 4076c000
20333 4076d000
20334 4076e000
20335 4076f000
20336 40770000
20337 40771000
20338 40772000
20339 40773000
20340 40774000
20341 40775000
20342 40776000
20343 40777000
20344 40778000
20345 40779000
20346 4077a000
20347 4077b000
20348 4077c000
20349 4077d000
20350 4077e000
20351 4077f000
20352 40780000
20353 40781000
20354 40782000
20355 40783000
20356 40784000
20357 40785000
20358 40786000
20359 40787000
20360 40788000
20361 40789000
20362 4078a000
20363 4078b000
20364 4078c000
20365 4078d000
20366 4078e000
20367 4078f000
20368 40790000
20369 40791000
20370 40792000
20371 40793000
20372 40794000
20373 40795000
20374 40796000
20375 40797000
20376 40798000
20377 40799000
20378 4079a000
20379 4079b000
20380 4079c000
20381 4079d000
20382 4079e000
20383 4079f000
20384 407a0000
20385 407a1000
20386 407a2000
20387 407a3000
20388 407a4000
20389 407a5000
20390 407a6000
20391 407a7000
20392 407a8000
20393 407a9000
20394 407aa000
20395 407ab000
20396 407ac000
20397 407ad000
20398 407ae000
20399 407af000
20400 407b0000
20401 407b1000
20402 407b2000
20403 407b3000
20404 407b4000
20405 407b5000
20406 407b6000
20407 407b7000
20408 407b8000
20409 407b9000
20410 407ba000
20411 407bb000
20412 407bc000
20413 407bd000
20414 407be000
20415 407bf000
20416 407c0000
20417 407c1000
20418 407c2000
20419 407c3000
20420 407c4000
20421 407c5000
20422 407c6000
20423 407c7000
20424 407c8000
20425 407c9000
20426 407ca000
20427 407cb000
20428 407cc000
20429 407cd000
20430 407ce000
20431 407cf000
20432 407d0000
20433 407d1000
20434 407d2000
20435 407d3000
20436 407d4000
20437 407d5000
20438 407d6000
20439 407d7000
20440 407d8000
20441 407d9000
20442 407da000
20443 407db000
20444 407dc000
20445 407dd000
20446 407de000
20447 407df000
20448 407e0000
20449 407e1000
20450 407e2000
20451 407e3000
20452 407e4000
20453 407e5000
20454 407e6000
20455 407e7000
20456 407e8000
20457 407e9000
20458 407ea000
20459 407eb000
20460 407ec000
20461 407ed000
20462 407ee000
20463 407ef000
20464 407f0000
20465 407f1000
20466 407f2000
20467 407f3000
20468 407f4000
20469 407f5000
20470 407f6000
20471 407f7000
20472 407f8000
20473 407f9000
20474 407fa000
20475 407fb000
20476 407fc000
20477 407fd000
20478 407fe000
20479 407ff000
20480 40800000
20481 40801000
20482 40802000
20483 40803000
20484 40804000
20485 40805000
20486 40806000
20487 40807000
20488 40808000
20489 40809000
20490 4080a000
20491 4080b000
20492 4080c000
20493 4080d000
20494 4080e000
20495 4080f000
20496 40810000
20497 40811000
20498 40812000
20499 40813000
20500 40814000
20501 40815000
20502 40816000
20503 40817000
20504 40818000
20505 40819000
20506 4081a000
20507 4081b000
20508 4081c000
20509 4081d000
20510 4081e000
20511 4081f000
20512 40820000
20513 40821000
20514 40822000
20515 40823000
20516 40824000
20517 40825000
20518 40826000
20519 40827000
20520 40828000
20521 40829000
20522 4082a000
20523 4082b000
20524 4082c000
20525 4082d000
20526 4082e000
20527 4082f000
20528 40830000
20529 40831000
20530 40832000
20531 40833000
20532 40834000
20533 40835000
20534 40836000
20535 40837000
20536 40838000
20537 40839000
20538 4083a000
20539 4083b000
20540 4083c000
20541 4083d000
20542 4083e000
20543 4083f000
20544 40840000
20545 40841000
20546 40842000
20547 40843000
20548 40844000
20549 40845000
20550 40846000
20551 40847000
20552 40848000
20553 40849000
20554 4084a000
20555 4084b000
20556 4084c000
20557 4084d000
20558 4084e000
20559 4084f000
20560 40850000
20561 40851000
20562 40852000
20563 40853000
20564 40854000
20565 40855000
20566 40856000
20567 40857000
20568 40858000
20569 40859000
20570 4085a000
20571 4085b000
20572 4085c000
20573 4085d000
20574 4085e000
20575 4085f000
20576 40860000
20577 40861000
20578 40862000
20579 40863000
20580 40864000
20581 40865000
20582 40866000
20583 40867000
20584 40868000
20585 40869000
20586 4086a000
20587 4086b000
20588 4086c000
20589 4086d000
20590 4086e000
20591 4086f000
20592 40870000
20593 40871000
20594 40872000
20595 40873000
20596 40874000
20597 40875000
20598 40876000
20599 40877000
20600 40878000
20601 40879000
20602 4087a000
20603 4087b000
20604 4087c000
20605 4087d000
20606 4087e000
20607 4087f000
20608 40880000
20609 40881000
20610 40882000
20611 40883000
20612 40884000
20613 40885000
20614 40886000
20615 40887000
20616 40888000
20617 40889000
20618 4088a000
20619 4088b000
20620 4088c000
20621 4088d000
20622 4088e000
20623 4088f000
20624 40890000
20625 40891000
20626 40892000
20627 40893000
20628 40894000
20629 40895000
20630 40896000
20631 40897000
20632 40898000
20633 40899000
20634 4089a000
20635 4089b000
20636 4089c000
20637 4089d000
20638 4089e000
20639 4089f000
20640 408a0000
20641 408a1000
20642 408a2000
20643 408a3000
20644 408a4000
20645 408a5000
20646 408a6000
20647 408a7000
20648 408a8000
20649 408a9000
20650 408aa000
20651 408ab000
20652 408ac000
20653 408ad000
20654 408ae000
20655 408af000
20656 408b0000
20657 408b1000
20658 408b2000
20659 408b3000
20660 408b4000
20661 408b5000
20662 408b6000
20663 408b7000
20664 408b8000
20665 408b9000
20666 408ba000
20667 408bb000
20668 408bc000
20669 408bd000
20670 408be000
20671 408bf000
20672 408c0000
20673 408c1000
20674 408c2000
20675 408c3000
20676 408c4000
20677 408c5000
20678 408c6000
20679 408c7000
20680 408c8000
20681 408c9000
20682 408ca000
20683 408cb000
20684 408cc000
20685 408cd000
20686 408ce000
20687 408cf000
20688 408d0000
20689 408d1000
20690 408d2000
20691 408d3000
20692 408d4000
20693 408d5000
20694 408d6000
20695 408d7000
20696 408d8000
20697 408d9000
20698 408da000
20699 408db000
20700 408dc000
20701 408dd000
20702 408de000
20703 408df000
20704 408e0000
20705 408e1000
20706 408e2000
20707 408e3000
20708 408e4000
20709 408e5000
20710 408e6000
20711 408e7000
20712 408e8000
20713 408e9000
20714 408ea000
20715 408eb000
20716 408ec000
20717 408ed000
20718 408ee000
20719 408ef000
20720 408f0000
20721 408f1000
20722 408f2000
20723 408f3000
20724 408f4000
20725 408f5000
20726 408f6000
20727 408f7000
20728 408f8000
20729 408f9000
20730 408fa000
20731 408fb000
20732 408fc000
20733 408fd000
20734 408fe000
20735 408ff000
20736 40900000
20737 40901000
20738 40902000
20739 40903000
20740 40904000
20741 40905000
20742 40906000
20743 40907000
20744 40908000
20745 40909000
20746 4090a000
20747 4090b000
20748 4090c000
20749 4090d000
20750 4090e000
20751 4090f000
20752 40910000
20753 40911000
20754 40912000
20755 40913000
20756 40914000
20757 40915000
20758 40916000
20759 40917000
20760 40918000
20761 40919000
20762 4091a000
20763 4091b000
20764 4091c000
20765 4091d000
20766 4091e000
20767 4091f000
20768 40920000
20769 40921000
20770 40922000
20771 40923000
20772 40924000
20773 40925000
20774 40926000
20775 40927000
20776 40928000
20777 40929000
20778 4092a000
20779 4092b000
20780 4092c000
20781 4092d000
20782 4092e000
20783 4092f000
20784 40930000
20785 40931000
20786 40932000
20787 40933000
20788 40934000
20789 40935000
20790 40936000
20791 40937000
20792 40938000
20793 40939000
20794 4093a000
20795 4093b000
20796 4093c000
20797 4093d000
20798 4093e000
20799 4093f000
20800 40940000
20801 40941000
20802 40942000
20803 40943000
20804 40944000
20805 40945000
20806 40946000
20807 40947000
20808 40948000
20809 40949000
20810 4094a000
20811 4094b000
20812 4094c000
20813 4094d000
20814 4094e000
20815 4094f000
20816 40950000
20817 40951000
20818 40952000
20819 40953000
20820 40954000
20821 40955000
20822 40956000
20823 40957000
20824 40958000
20825 40959000
20826 4095a000
20827 4095b000
20828 4095c000
20829 4095d000
20830 4095e000
20831 4095f000
20832 40960000
20833 40961000
20834 40962000
20835 40963000
20836 40964000
20837 40965000
20838 40966000
20839 40967000
20840 40968000
20841 40969000
20842 4096a000
20843 4096b000
20844 4096c000
20845 4096d000
20846 4096e000
20847 4096f000
20848 40970000
20849 40971000
20850 40972000
20851 40973000
20852 40974000
20853 40975000
20854 40976000
20855 40977000
20856 40978000
20857 40979000
20858 4097a000
20859 4097b000
20860 4097c000
20861 4097d000
20862 4097e000
20863 4097f000
20864 40980000
20865 40981000
20866 40982000
20867 40983000
20868 40984000
20869 40985000
20870 40986000
20871 40987000
20872 40988000
20873 40989000
20874 4098a000
20875 4098b000
20876 4098c000
20877 4098d000
20878 4098e000
20879 4098f000
20880 40990000
20881 40991000
20882 40992000
20883 40993000
20884 40994000
20885 40995000
20886 40996000
20887 40997000
20888 40998000
20889 40999000
20890 4099a000
20891 4099b000
20892 4099c000
20893 4099d000
20894 4099e000
20895 4099f000
20896 409a0000
20897 409a1000
20898 409a2000
20899 409a3000
20900 409a4000
20901 409a5000
20902 409a6000
20903 409a7000
20904 409a8000
20905 409a9000
20906 409aa000
20907 409ab000
20908 409ac000
20909 409ad000
20910 409ae000
20911 409af000
20912 409b0000
20913 409b1000
20914 409b2000
20915 409b3000
20916 409b4000
20917 409b5000
20918 409b6000
20919 409b7000
20920 409b8000
20921 409b9000
20922 409ba000
20923 409bb000
20924 409bc000
20925 409bd000
20926 409be000
20927 409bf000
20928 409c0000
20929 409c1000
20930 409c2000
20931 409c3000
20932 409c4000
20933 409c5000
20934 409c6000
20935 409c7000
20936 409c8000
20937 409c9000
20938 409ca000
20939 409cb000
20940 409cc000
20941 409cd000
20942 409ce000
20943 409cf000
20944 409d0000
20945 409d1000
20946 409d2000
20947 409d3000
20948 409d4000
20949 409d5000
20950 409d6000
20951 409d7000
20952 409d8000
20953 409d9000
20954 409da000
20955 409db000
20956 409dc000
20957 409dd000
20958 409de000
20959 409df000
20960 409e0000
20961 409e1000
20962 409e2000
20963 409e3000
20964 409e4000
20965 409e5000
20966 409e6000
20967 409e7000
20968 409e8000
20969 409e9000
20970 409ea000
20971 409eb000
20972 409ec000
20973 409ed000
20974 409ee000
20975 409ef000
20976 409f0000
20977 409f1000
20978 409f2000
20979 409f3000
20980 409f4000
20981 409f5000
20982 409f6000
20983 409f7000
20984 409f8000
20985 409f9000
20986 409fa000
20987 409fb000
20988 409fc000
20989 409fd000
20990 409fe000
20991 409ff000
20992 40a00000
20993 40a01000
20994 40a02000
20995 40a03000
20996 40a04000
20997 40a05000
20998 40a06000
20999 40a07000
21000 40a08000
21001 40a09000
21002 40a0a000
21003 40a0b000
21004 40a0c000
21005 40a0d000
21006 40a0e000
21007 40a0f000
21008 40a10000
21009 40a11000
21010 40a12000
21011 40a13000
21012 40a14000
21013 40a15000
21014 40a16000
21015 40a17000
21016 40a18000
21017 40a19000
21018 40a1a000
21019 40a1b000
21020 40a1c000
21021 40a1d000
21022 40a1e000
21023 40a1f000
21024 40a20000
21025 40a21000
21026 40a22000
21027 40a23000
21028 40a24000
21029 40a25000
21030 40a26000
21031 40a27000
21032 40a28000
21033 40a29000
21034 40a2a000
21035 40a2b000
21036 40a2c000
21037 40a2d000
21038 40a2e000
21039 40a2f000
21040 40a30000
21041 40a31000
21042 40a32000
21043 40a33000
21044 40a34000
21045 40a35000
21046 40a36000
21047 40a37000
21048 40a38000
21049 40a39000
21050 40a3a000
21051 40a3b000
21052 40a3c000
21053 40a3d000
21054 40a3e000
21055 40a3f000
21056 40a40000
21057 40a41000
21058 40a42000
21059 40a43000
21060 40a44000
21061 40a45000
21062 40a46000
21063 40a47000
21064 40a48000
21065 40a49000
21066 40a4a000
21067 40a4b000
21068 40a4c000
21069 40a4d000
21070 40a4e000
21071 40a4f000
21072 40a50000
21073 40a51000
21074 40a52000
21075 40a53000
21076 40a54000
21077 40a55000
21078 40a56000
21079 40a57000
21080 40a58000
21081 40a59000
21082 40a5a000
21083 40a5b000
21084 40a5c000
21085 40a5d000
21086 40a5e000
21087 40a5f000
21088 40a60000
21089 40a61000
21090 40a62000
21091 40a63000
21092 40a64000
21093 40a65000
21094 40a66000
21095 40a67000
21096 40a68000
21097 40a69000
21098 40a6a000
21099 40a6b000
21100 40a6c000
21101 40a6d000
21102 40a6e000
21103 40a6f000
21104 40a70000
21105 40a71000
21106 40a72000
21107 40a73000
21108 40a74000
21109 40a75000
21110 40a76000
21111 40a77000
21112 40a78000
21113 40a79000
21114 40a7a000
21115 40a7b000
21116 40a7c000
21117 40a7d000
21118 40a7e000
21119 40a7f000
21120 40a80000
21121 40a81000
21122 40a82000
21123 40a83000
21124 40a84000
21125 40a85000
21126 40a86000
21127 40a87000
21128 40a88000
21129 40a89000
21130 40a8a000
21131 40a8b000
21132 40a8c000
21133 40a8d000
21134 40a8e000
21135 40a8f000
21136 40a90000
21137 40a91000
21138 40a92000
21139 40a93000
21140 40a94000
21141 40a95000
21142 40a96000
21143 40a97000
21144 40a98000
21145 40a99000
21146 40a9a000
21147 40a9b000
21148 40a9c000
21149 40a9d000
21150 40a9e000
21151 40a9f000
21152 40aa0000
21153 40aa1000
21154 40aa2000
21155 40aa3000
21156 40aa4000
21157 40aa5000
21158 40aa6000
21159 40aa7000
21160 40aa8000
21161 40aa9000
21162 40aaa000
21163 40aab000
21164 40aac000
21165 40aad000
21166 40aae000
21167 40aaf000
21168 40ab0000
21169 40ab1000
21170 40ab2000
21171 40ab3000
21172 40ab4000
21173 40ab5000
21174 40ab6000
21175 40ab7000
21176 40ab8000
21177 40ab9000
21178 40aba000
21179 40abb000
21180 40abc000
21181 40abd000
21182 40abe000
21183 40abf000
21184 40ac0000
21185 40ac1000
21186 40ac2000
21187 40ac3000
21188 40ac4000
21189 40ac5000
21190 40ac6000
21191 40ac7000
21192 40ac8000
21193 40ac9000
21194 40aca000
21195 40acb000
21196 40acc000
21197 40acd000
21198 40ace000
21199 40acf000
21200 40ad0000
21201 40ad1000
21202 40ad2000
21203 40ad3000
21204 40ad4000
21205 40ad5000
21206 40ad6000
21207 40ad7000
21208 40ad8000
21209 40ad9000
21210 40ada000
21211 40adb000
21212 40adc000
21213 40add000
21214 40ade000
21215 40adf000
21216 40ae0000
21217 40ae1000
21218 40ae2000
21219 40ae3000
21220 40ae4000
21221 40ae5000
21222 40ae6000
21223 40ae7000
21224 40ae8000
21225 40ae9000
21226 40aea000
21227 40aeb000
21228 40aec000
21229 40aed000
21230 40aee000
21231 40aef000
21232 40af0000
21233 40af1000
21234 40af2000
21235 40af3000
21236 40af4000
21237 40af5000
21238 40af6000
21239 40af7000
21240 40af8000
21241 40af9000
21242 40afa000
21243 40afb000
21244 40afc000
21245 40afd000
21246 40afe000
21247 40aff000
21248 40b00000
21249 40b01000
21250 40b02000
21251 40b03000
21252 40b04000
21253 40b05000
21254 40b06000
21255 40b07000
21256 40b08000
21257 40b09000
21258 40b0a000
21259 40b0b000
21260 40b0c000
21261 40b0d000
21262 40b0e000
21263 40b0f000
21264 40b10000
21265 40b11000
21266 40b12000
21267 40b13000
21268 40b14000
21269 40b15000
21270 40b16000
21271 40b17000
21272 40b18000
21273 40b19000
21274 40b1a000
21275 40b1b000
21276 40b1c000
21277 40b1d000
21278 40b1e000
21279 40b1f000
21280 40b20000
21281 40b21000
21282 40b22000
21283 40b23000
21284 40b24000
21285 40b25000
21286 40b26000
21287 40b27000
21288 40b28000
21289 40b29000
21290 40b2a000
21291 40b2b000
21292 40b2c000
21293 40b2d000
21294 40b2e000
21295 40b2f000
21296 40b30000
21297 40b31000
21298 40b32000
21299 40b33000
21300 40b34000
21301 40b35000
21302 40b36000
21303 40b37000
21304 40b38000
21305 40b39000
21306 40b3a000
21307 40b3b000
21308 40b3c000
21309 40b3d000
21310 40b3e000
21311 40b3f000
21312 40b40000
21313 40b41000
21314 40b42000
21315 40b43000
21316 40b44000
21317 40b45000
21318 40b46000
21319 40b47000
21320 40b48000
21321 40b49000
21322 40b4a000
21323 40b4b000
21324 40b4c000
21325 40b4d000
21326 40b4e000
21327 40b4f000
21328 40b50000
21329 40b51000
21330 40b52000
21331 40b53000
21332 40b54000
21333 40b55000
21334 40b56000
21335 40b57000
21336 40b58000
21337 40b59000
21338 40b5a000
21339 40b5b000
21340 40b5c000
21341 40b5d000
21342 40b5e000
21343 40b5f000
21344 40b60000
21345 40b61000
21346 40b62000
21347 40b63000
21348 40b64000
21349 40b65000
21350 40b66000
21351 40b67000
21352 40b68000
21353 40b69000
21354 40b6a000
21355 40b6b000
21356 40b6c000
21357 40b6d000
21358 40b6e000
21359 40b6f000
21360 40b70000
21361 40b71000
21362 40b72000
21363 40b73000
21364 40b74000
21365 40b75000
21366 40b76000
21367 40b77000
21368 40b78000
21369 40b79000
21370 40b7a000
21371 40b7b000
21372 40b7c000
21373 40b7d000
21374 40b7e000
21375 40b7f000
21376 40b80000
21377 40b81000
21378 40b82000
21379 40b83000
21380 40b84000
21381 40b85000
21382 40b86000
21383 40b87000
21384 40b88000
21385 40b89000
21386 40b8a000
21387 40b8b000
21388 40b8c000
21389 40b8d000
21390 40b8e000
21391 40b8f000
21392 40b90000
21393 40b91000
21394 40b92000
21395 40b93000
21396 40b94000
21397 40b95000
21398 40b96000
21399 40b97000
21400 40b98000
21401 40b99000
21402 40b9a000
21403 40b9b000
21404 40b9c000
21405 40b9d000
21406 40b9e000
21407 40b9f000
21408 40ba0000
21409 40ba1000
21410 40ba2000
21411 40ba3000
21412 40ba4000
21413 40ba5000
21414 40ba6000
21415 40ba7000
21416 40ba8000
21417 40ba9000
21418 40baa000
21419 40bab000
21420 40bac000
21421 40bad000
21422 40bae000
21423 40baf000
21424 40bb0000
21425 40bb1000
21426 40bb2000
21427 40bb3000
21428 40bb4000
21429 40bb5000
21430 40bb6000
21431 40bb7000
21432 40bb8000
21433 40bb9000
21434 40bba000
21435 40bbb000
21436 40bbc000
21437 40bbd000
21438 40bbe000
21439 40bbf000
21440 40bc0000
21441 40bc1000
21442 40bc2000
21443 40bc3000
21444 40bc4000
21445 40bc5000
21446 40bc6000
21447 40bc7000
21448 40bc8000
21449 40bc9000
21450 40bca000
21451 40bcb000
21452 40bcc000
21453 40bcd000
21454 40bce000
21455 40bcf000
21456 40bd0000
21457 40bd1000
21458 40bd2000
21459 40bd3000
21460 40bd4000
21461 40bd5000
21462 40bd6000
21463 40bd7000
21464 40bd8000
21465 40bd9000
21466 40bda000
21467 40bdb000
21468 40bdc000
21469 40bdd000
21470 40bde000
21471 40bdf000
21472 40be0000
21473 40be1000
21474 40be2000
21475 40be3000
21476 40be4000
21477 40be5000
21478 40be6000
21479 40be7000
21480 40be8000
21481 40be9000
21482 40bea000
21483 40beb000
21484 40bec000
21485 40bed000
21486 40bee000
21487 40bef000
21488 40bf0000
21489 40bf1000
21490 40bf2000
21491 40bf3000
21492 40bf4000
21493 40bf5000
21494 40bf6000
21495 40bf7000
21496 40bf8000
21497 40bf9000
21498 40bfa000
21499 40bfb000
21500 40bfc000
21501 40bfd000
21502 40bfe000
21503 40bff000
21504 40c00000
21505 40c01000
21506 40c02000
21507 40c03000
21508 40c04000
21509 40c05000
21510 40c06000
21511 40c07000
21512 40c08000
21513 40c09000
21514 40c0a000
21515 40c0b000
21516 40c0c000
21517 40c0d000
21518 40c0e000
21519 40c0f000
21520 40c10000
21521 40c11000
21522 40c12000
21523 40c13000
21524 40c14000
21525 40c15000
21526 40c16000
21527 40c17000
21528 40c18000
21529 40c19000
21530 40c1a000
21531 40c1b000
21532 40c1c000
21533 40c1d000
21534 40c1e000
21535 40c1f000
21536 40c20000
21537 40c21000
21538 40c22000
21539 40c23000
21540 40c24000
21541 40c25000
21542 40c26000
21543 40c27000
21544 40c28000
21545 40c29000
21546 40c2a000
21547 40c2b000
21548 40c2c000
21549 40c2d000
21550 40c2e000
21551 40c2f000
21552 40c30000
21553 40c31000
21554 40c32000
21555 40c33000
21556 40c34000
21557 40c35000
21558 40c36000
21559 40c37000
21560 40c38000
21561 40c39000
21562 40c3a000
21563 40c3b000
21564 40c3c000
21565 40c3d000
21566 40c3e000
21567 40c3f000
21568 40c40000
21569 40c41000
21570 40c42000
21571 40c43000
21572 40c44000
21573 40c45000
21574 40c46000
21575 40c47000
21576 40c48000
21577 40c49000
21578 40c4a000
21579 40c4b000
21580 40c4c000
21581 40c4d000
21582 40c4e000
21583 40c4f000
21584 40c50000
21585 40c51000
21586 40c52000
21587 40c53000
21588 40c54000
21589 40c55000
21590 40c56000
21591 40c57000
21592 40c58000
21593 40c59000
21594 40c5a000
21595 40c5b000
21596 40c5c000
21597 40c5d000
21598 40c5e000
21599 40c5f000
21600 40c60000
21601 40c61000
21602 40c62000
21603 40c63000
21604 40c64000
21605 40c65000
21606 40c66000
21607 40c67000
21608 40c68000
21609 40c69000
21610 40c6a000
21611 40c6b000
21612 40c6c000
21613 40c6d000
21614 40c6e000
21615 40c6f000
21616 40c70000
21617 40c71000
21618 40c72000
21619 40c73000
21620 40c74000
21621 40c75000
21622 40c76000
21623 40c77000
21624 40c78000
21625 40c79000
21626 40c7a000
21627 40c7b000
21628 40c7c000
21629 40c7d000
21630 40c7e000
21631 40c7f000
21632 40c80000
21633 40c81000
21634 40c82000
21635 40c83000
21636 40c84000
21637 40c85000
21638 40c86000
21639 40c87000
21640 40c88000
21641 40c89000
21642 40c8a000
21643 40c8b000
21644 40c8c000
21645 40c8d000
21646 40c8e000
21647 40c8f000
21648 40c90000
21649 40c91000
21650 40c92000
21651 40c93000
21652 40c94000
21653 40c95000
21654 40c96000
21655 40c97000
21656 40c98000
21657 40c99000
21658 40c9a000
21659 40c9b000
21660 40c9c000
21661 40c9d000
21662 40c9e000
21663 40c9f000
21664 40ca0000
21665 40ca1000
21666 40ca2000
21667 40ca3000
21668 40ca4000
21669 40ca5000
21670 40ca6000
21671 40ca7000
21672 40ca8000
21673 40ca9000
21674 40caa000
21675 40cab000
21676 40cac000
21677 40cad000
21678 40cae000
21679 40caf000
21680 40cb0000
21681 40cb1000
21682 40cb2000
21683 40cb3000
21684 40cb4000
21685 40cb5000
21686 40cb6000
21687 40cb7000
21688 40cb8000
21689 40cb9000
21690 40cba000
21691 40cbb000
21692 40cbc000
21693 40cbd000
21694 40cbe000
21695 40cbf000
21696 40cc0000
21697 40cc1000
21698 40cc2000
21699 40cc3000
21700 40cc4000
21701 40cc5000
21702 40cc6000
21703 40cc7000
21704 40cc8000
21705 40cc9000
21706 40cca000
21707 40ccb000
21708 40ccc000
21709 40ccd000
21710 40cce000
21711 40ccf000
21712 40cd0000
21713 40cd1000
21714 40cd2000
21715 40cd3000
21716 40cd4000
21717 40cd5000
21718 40cd6000
21719 40cd7000
21720 40cd8000
21721 40cd9000
21722 40cda000
21723 40cdb000
21724 40cdc000
21725 40cdd000
21726 40cde000
21727 40cdf000
21728 40ce0000
21729 40ce1000
21730 40ce2000
21731 40ce3000
21732 40ce4000
21733 40ce5000
21734 40ce6000
21735 40ce7000
21736 40ce8000
21737 40ce9000
21738 40cea000
21739 40ceb000
21740 40cec000
21741 40ced000
21742 40cee000
21743 40cef000
21744 40cf0000
21745 40cf1000
21746 40cf2000
21747 40cf3000
21748 40cf4000
21749 40cf5000
21750 40cf6000
21751 40cf7000
21752 40cf8000
21753 40cf9000
21754 40cfa000
21755 40cfb000
21756 40cfc000
21757 40cfd000
21758 40cfe000
21759 40cff000
21760 40d00000
21761 40d01000
21762 40d02000
21763 40d03000
21764 40d04000
21765 40d05000
21766 40d06000
21767 40d07000
21768 40d08000
21769 40d09000
21770 40d0a000
21771 40d0b000
21772 40d0c000
21773 40d0d000
21774 40d0e000
21775 40d0f000
21776 40d10000
21777 40d11000
21778 40d12000
21779 40d13000
21780 40d14000
21781 40d15000
21782 40d16000
21783 40d17000
21784 40d18000
21785 40d19000
21786 40d1a000
21787 40d1b000
21788 40d1c000
21789 40d1d000
21790 40d1e000
21791 40d1f000
21792 40d20000
21793 40d21000
21794 40d22000
21795 40d23000
21796 40d24000
21797 40d25000
21798 40d26000
21799 40d27000
21800 40d28000
21801 40d29000
21802 40d2a000
21803 40d2b000
21804 40d2c000
21805 40d2d000
21806 40d2e000
21807 40d2f000
21808 40d30000
21809 40d31000
21810 40d32000
21811 40d33000
21812 40d34000
21813 40d35000
21814 40d36000
21815 40d37000
21816 40d38000
21817 40d39000
21818 40d3a000
21819 40d3b000
21820 40d3c000
21821 40d3d000
21822 40d3e000
21823 40d3f000
21824 40d40000
21825 40d41000
21826 40d42000
21827 40d43000
21828 40d44000
21829 40d45000
21830 40d46000
21831 40d47000
21832 40d48000
21833 40d49000
21834 40d4a000
21835 40d4b000
21836 40d4c000
21837 40d4d000
21838 40d4e000
21839 40d4f000
21840 40d50000
21841 40d51000
21842 40d52000
21843 40d53000
21844 40d54000
21845 40d55000
21846 40d56000
21847 40d57000
21848 40d58000
21849 40d59000
21850 40d5a000
21851 40d5b000
21852 40d5c000
21853 40d5d000
21854 40d5e000
21855 40d5f000
21856 40d60000
21857 40d61000
21858 40d62000
21859 40d63000
21860 40d64000
21861 40d65000
21862 40d66000
21863 40d67000
21864 40d68000
21865 40d69000
21866 40d6a000
21867 40d6b000
21868 40d6c000
21869 40d6d000
21870 40d6e000
21871 40d6f000
21872 40d70000
21873 40d71000
21874 40d72000
21875 40d73000
21876 40d74000
21877 40d75000
21878 40d76000
21879 40d77000
21880 40d78000
21881 40d79000
21882 40d7a000
21883 40d7b000
21884 40d7c000
21885 40d7d000
21886 40d7e000
21887 40d7f000
21888 40d80000
21889 40d81000
21890 40d82000
21891 40d83000
21892 40d84000
21893 40d85000
21894 40d86000
21895 40d87000
21896 40d88000
21897 40d89000
21898 40d8a000
21899 40d8b000
21900 40d8c000
21901 40d8d000
21902 40d8e000
21903 40d8f000
21904 40d90000
21905 40d91000
21906 40d92000
21907 40d93000
21908 40d94000
21909 40d95000
21910 40d96000
21911 40d97000
21912 40d98000
21913 40d99000
21914 40d9a000
21915 40d9b000
21916 40d9c000
21917 40d9d000
21918 40d9e000
21919 40d9f000
21920 40da0000
21921 40da1000
21922 40da2000
21923 40da3000
21924 40da4000
21925 40da5000
21926 40da6000
21927 40da7000
21928 40da8000
21929 40da9000
21930 40daa000
21931 40dab000
21932 40dac000
21933 40dad000
21934 40dae000
21935 40daf000
21936 40db0000
21937 40db1000
21938 40db2000
21939 40db3000
21940 40db4000
21941 40db5000
21942 40db6000
21943 40db7000
21944 40db8000
21945 40db9000
21946 40dba000
21947 40dbb000
21948 40dbc000
21949 40dbd000
21950 40dbe000
21951 40dbf000
21952 40dc0000
21953 40dc1000
21954 40dc2000
21955 40dc3000
21956 40dc4000
21957 40dc5000
21958 40dc6000
21959 40dc7000
21960 40dc8000
21961 40dc9000
21962 40dca000
21963 40dcb000
21964 40dcc000
21965 40dcd000
21966 40dce000
21967 40dcf000
21968 40dd0000
21969 40dd1000
21970 40dd2000
21971 40dd3000
21972 40dd4000
21973 40dd5000
21974 40dd6000
21975 40dd7000
21976 40dd8000
21977 40dd9000
21978 40dda000
21979 40ddb000
21980 40ddc000
21981 40ddd000
21982 40dde000
21983 40ddf000
21984 40de0000
21985 40de1000
21986 40de2000
21987 40de3000
21988 40de4000
21989 40de5000
21990 40de6000
21991 40de7000
21992 40de8000
21993 40de9000
21994 40dea000
21995 40deb000
21996 40dec000
21997 40ded000
21998 40dee000
21999 40def000
22000 40df0000
22001 40df1000
22002 40df2000
22003 40df3000
22004 40df4000
22005 40df5000
22006 40df6000
22007 40df7000
22008 40df8000
22009 40df9000
22010 40dfa000
22011 40dfb000
22012 40dfc000
22013 40dfd000
22014 40dfe000
22015 40dff000
22016 40e00000
22017 40e01000
22018 40e02000
22019 40e03000
22020 40e04000
22021 40e05000
22022 40e06000
22023 40e07000
22024 40e08000
22025 40e09000
22026 40e0a000
22027 40e0b000
22028 40e0c000
22029 40e0d000
22030 40e0e000
22031 40e0f000
22032 40e10000
22033 40e11000
22034 40e12000
22035 40e13000
22036 40e14000
22037 40e15000
22038 40e16000
22039 40e17000
22040 40e18000
22041 40e19000
22042 40e1a000
22043 40e1b000
22044 40e1c000
22045 40e1d000
22046 40e1e000
22047 40e1f000
22048 40e20000
22049 40e21000
22050 40e22000
22051 40e23000
22052 40e24000
22053 40e25000
22054 40e26000
22055 40e27000
22056 40e28000
22057 40e29000
22058 40e2a000
22059 40e2b000
22060 40e2c000
22061 40e2d000
22062 40e2e000
22063 40e2f000
22064 40e30000
22065 40e31000
22066 40e32000
22067 40e33000
22068 40e34000
22069 40e35000
22070 40e36000
22071 40e37000
22072 40e38000
22073 40e39000
22074 40e3a000
22075 40e3b000
22076 40e3c000
22077 40e3d000
22078 40e3e000
22079 40e3f000
22080 40e40000
22081 40e41000
22082 40e42000
22083 40e43000
22084 40e44000
22085 40e45000
22086 40e46000
22087 40e47000
22088 40e48000
22089 40e49000
22090 40e4a000
22091 40e4b000
22092 40e4c000
22093 40e4d000
22094 40e4e000
22095 40e4f000
22096 40e50000
22097 40e51000
22098 40e52000
22099 40e53000
22100 40e54000
22101 40e55000
22102 40e56000
22103 40e57000
22104 40e58000
22105 40e59000
22106 40e5a000
22107 40e5b000
22108 40e5c000
22109 40e5d000
22110 40e5e000
22111 40e5f000
22112 40e60000
22113 40e61000
22114 40e62000
22115 40e63000
22116 40e64000
22117 40e65000
22118 40e66000
22119 40e67000
22120 40e68000
22121 40e69000
22122 40e6a000
22123 40e6b000
22124 40e6c000
22125 40e6d000
22126 40e6e000
22127 40e6f000
22128 40e70000
22129 40e71000
22130 40e72000
22131 40e73000
22132 40e74000
22133 40e75000
22134 40e76000
22135 40e77000
22136 40e78000
22137 40e79000
22138 40e7a000
22139 40e7b000
22140 40e7c000
22141 40e7d000
22142 40e7e000
22143 40e7f000
22144 40e80000
22145 40e81000
22146 40e82000
22147 40e83000
22148 40e84000
22149 40e85000
22150 40e86000
22151 40e87000
22152 40e88000
22153 40e89000
22154 40e8a000
22155 40e8b000
22156 40e8c000
22157 40e8d000
22158 40e8e000
22159 40e8f000
22160 40e90000
22161 40e91000
22162 40e92000
22163 40e93000
22164 40e94000
22165 40e95000
22166 40e96000
22167 40e97000
22168 40e98000
22169 40e99000
22170 40e9a000
22171 40e9b000
22172 40e9c000
22173 40e9d000
22174 40e9e000
22175 40e9f000
22176 40ea0000
22177 40ea1000
22178 40ea2000
22179 40ea3000
22180 40ea4000
22181 40ea5000
22182 40ea6000
22183 40ea7000
22184 40ea8000
22185 40ea9000
22186 40eaa000
22187 40eab000
22188 40eac000
22189 40ead000
22190 40eae000
22191 40eaf000
22192 40eb0000
22193 40eb1000
22194 40eb2000
22195 40eb3000
22196 40eb4000
22197 40eb5000
22198 40eb6000
22199 40eb7000
22200 40eb8000
22201 40eb9000
22202 40eba000
22203 40ebb000
22204 40ebc000
22205 40ebd000
22206 40ebe000
22207 40ebf000
22208 40ec0000
22209 40ec1000
22210 40ec2000
22211 40ec3000
22212 40ec4000
22213 40ec5000
22214 40ec6000
22215 40ec7000
22216 40ec8000
22217 40ec9000
22218 40eca000
22219 40ecb000
22220 40ecc000
22221 40ecd000
22222 40ece000
22223 40ecf000
22224 40ed0000
22225 40ed1000
22226 40ed2000
22227 40ed3000
22228 40ed4000
22229 40ed5000
22230 40ed6000
22231 40ed7000
22232 40ed8000
22233 40ed9000
22234 40eda000
22235 40edb000
22236 40edc000
22237 40edd000
22238 40ede000
22239 40edf000
22240 40ee0000
22241 40ee1000
22242 40ee2000
22243 40ee3000
22244 40ee4000
22245 40ee5000
22246 40ee6000
22247 40ee7000
22248 40ee8000
22249 40ee9000
22250 40eea000
22251 40eeb000
22252 40eec000
22253 40eed000
22254 40eee000
22255 40eef000
22256 40ef0000
22257 40ef1000
22258 40ef2000
22259 40ef3000
22260 40ef4000
22261 40ef5000
22262 40ef6000
22263 40ef7000
22264 40ef8000
22265 40ef9000
22266 40efa000
22267 40efb000
22268 40efc000
22269 40efd000
22270 40efe000
22271 40eff000
22272 40f00000
22273 40f01000
22274 40f02000
22275 40f03000
22276 40f04000
22277 40f05000
22278 40f06000
22279 40f07000
22280 40f08000
22281 40f09000
22282 40f0a000
22283 40f0b000
22284 40f0c000
22285 40f0d000
22286 40f0e000
22287 40f0f000
22288 40f10000
22289 40f11000
22290 40f12000
22291 40f13000
22292 40f14000
22293 40f15000
22294 40f16000
22295 40f17000
22296 40f18000
22297 40f19000
22298 40f1a000
22299 40f1b000
22300 40f1c000
22301 40f1d000
22302 40f1e000
22303 40f1f000
22304 40f20000
22305 40f21000
22306 40f22000
22307 40f23000
22308 40f24000
22309 40f25000
22310 40f26000
22311 40f27000
22312 40f28000
22313 40f29000
22314 40f2a000
22315 40f2b000
22316 40f2c000
22317 40f2d000
22318 40f2e000
22319 40f2f000
22320 40f30000
22321 40f31000
22322 40f32000
22323 40f33000
22324 40f34000
22325 40f35000
22326 40f36000
22327 40f37000
22328 40f38000
22329 40f39000
22330 40f3a000
22331 40f3b000
22332 40f3c000
22333 40f3d000
22334 40f3e000
22335 40f3f000
22336 40f40000
22337 40f41000
22338 40f42000
22339 40f43000
22340 40f44000
22341 40f45000
22342 40f46000
22343 40f47000
22344 40f48000
22345 40f49000
22346 40f4a000
22347 40f4b000
22348 40f4c000
22349 40f4d000
22350 40f4e000
22351 40f4f000
22352 40f50000
22353 40f51000
22354 40f52000
22355 40f53000
22356 40f54000
22357 40f55000
22358 40f56000
22359 40f57000
22360 40f58000
22361 40f59000
22362 40f5a000
22363 40f5b000
22364 40f5c000
22365 40f5d000
22366 40f5e000
22367 40f5f000
22368 40f60000
22369 40f61000
22370 40f62000
22371 40f63000
22372 40f64000
22373 40f65000
22374 40f66000
22375 40f67000
22376 40f68000
22377 40f69000
22378 40f6a000
22379 40f6b000
22380 40f6c000
22381 40f6d000
22382 40f6e000
22383 40f6f000
22384 40f70000
22385 40f71000
22386 40f72000
22387 40f73000
22388 40f74000
22389 40f75000
22390 40f76000
22391 40f77000
22392 40f78000
22393 40f79000
22394 40f7a000
22395 40f7b000
22396 40f7c000
22397 40f7d000
22398 40f7e000
22399 40f7f000
22400 40f80000
22401 40f81000
22402 40f82000
22403 40f83000
22404 40f84000
22405 40f85000
22406 40f86000
22407 40f87000
22408 40f88000
22409 40f89000
22410 40f8a000
22411 40f8b000
22412 40f8c000
22413 40f8d000
22414 40f8e000
22415 40f8f000
22416 40f90000
22417 40f91000
22418 40f92000
22419 40f93000
22420 40f94000
22421 40f95000
22422 40f96000
22423 40f97000
22424 40f98000
22425 40f99000
22426 40f9a000
22427 40f9b000
22428 40f9c000
22429 40f9d000
22430 40f9e000
22431 40f9f000
22432 40fa0000
22433 40fa1000
22434 40fa2000
22435 40fa3000
22436 40fa4000
22437 40fa5000
22438 40fa6000
22439 40fa7000
22440 40fa8000
22441 40fa9000
22442 40faa000
22443 40fab000
22444 40fac000
22445 40fad000
22446 40fae000
22447 40faf000
22448 40fb0000
22449 40fb1000
22450 40fb2000
22451 40fb3000
22452 40fb4000
22453 40fb5000
22454 40fb6000
22455 40fb7000
22456 40fb8000
22457 40fb9000
22458 40fba000
22459 40fbb000
22460 40fbc000
22461 40fbd000
22462 40fbe000
22463 40fbf000
22464 40fc0000
22465 40fc1000
22466 40fc2000
22467 40fc3000
22468 40fc4000
22469 40fc5000
22470 40fc6000
22471 40fc7000
22472 40fc8000
22473 40fc9000
22474 40fca000
22475 40fcb000
22476 40fcc000
22477 40fcd000
22478 40fce000
22479 40fcf000
22480 40fd0000
22481 40fd1000
22482 40fd2000
22483 40fd3000
22484 40fd4000
22485 40fd5000
22486 40fd6000
22487 40fd7000
22488 40fd8000
22489 40fd9000
22490 40fda000
22491 40fdb000
22492 40fdc000
22493 40fdd000
22494 40fde000
22495 40fdf000
22496 40fe0000
22497 40fe1000
22498 40fe2000
22499 40fe3000
22500 40fe4000
22501 40fe5000
22502 40fe6000
22503 40fe7000
22504 40fe8000
22505 40fe9000
22506 40fea000
22507 40feb000
22508 40fec000
22509 40fed000
22510 40fee000
22511 40fef000
22512 40ff0000
22513 40ff1000
22514 40ff2000
22515 40ff3000
22516 40ff4000
22517 40ff5000
22518 40ff6000
22519 40ff7000
22520 40ff8000
22521 40ff9000
22522 40ffa000
22523 40ffb000
22524 40ffc000
22525 40ffd000
22526 40ffe000
22527 40fff000
22528 41000000
22529 41001000
22530 41002000
22531 41003000
22532 41004000
22533 41005000
22534 41006000
22535 41007000
22536 41008000
22537 41009000
22538 4100a000
22539 4100b000
22540 4100c000
22541 4100d000
22542 4100e000
22543 4100f000
22544 41010000
22545 41011000
22546 41012000
22547 41013000
22548 41014000
22549 41015000
22550 41016000
22551 41017000
22552 41018000
22553 41019000
22554 4101a000
22555 4101b000
22556 4101c000
22557 4101d000
22558 4101e000
22559 4101f000
22560 41020000
22561 41021000
22562 41022000
22563 41023000
22564 41024000
22565 41025000
22566 41026000
22567 41027000
22568 41028000
22569 41029000
22570 4102a000
22571 4102b000
22572 4102c000
22573 4102d000
22574 4102e000
22575 4102f000
22576 41030000
22577 41031000
22578 41032000
22579 41033000
22580 41034000
22581 41035000
22582 41036000
22583 41037000
22584 41038000
22585 41039000
22586 4103a000
22587 4103b000
22588 4103c000
22589 4103d000
22590 4103e000
22591 4103f000
22592 41040000
22593 41041000
22594 41042000
22595 41043000
22596 41044000
22597 41045000
22598 41046000
22599 41047000
22600 41048000
22601 41049000
22602 4104a000
22603 4104b000
22604 4104c000
22605 4104d000
22606 4104e000
22607 4104f000
22608 41050000
22609 41051000
22610 41052000
22611 41053000
22612 41054000
22613 41055000
22614 41056000
22615 41057000
22616 41058000
22617 41059000
22618 4105a000
22619 4105b000
22620 4105c000
22621 4105d000
22622 4105e000
22623 4105f000
22624 41060000
22625 41061000
22626 41062000
22627 41063000
22628 41064000
22629 41065000
22630 41066000
22631 41067000
22632 41068000
22633 41069000
22634 4106a000
22635 4106b000
22636 4106c000
22637 4106d000
22638 4106e000
22639 4106f000
22640 41070000
22641 41071000
22642 41072000
22643 41073000
22644 41074000
22645 41075000
22646 41076000
22647 41077000
22648 41078000
22649 41079000
22650 4107a000
22651 4107b000
22652 4107c000
22653 4107d000
22654 4107e000
22655 4107f000
22656 41080000
22657 41081000
22658 41082000
22659 41083000
22660 41084000
22661 41085000
22662 41086000
22663 41087000
22664 41088000
22665 41089000
22666 4108a000
22667 4108b000
22668 4108c000
22669 4108d000
22670 4108e000
22671 4108f000
22672 41090000
22673 41091000
22674 41092000
22675 41093000
22676 41094000
22677 41095000
22678 41096000
22679 41097000
22680 41098000
22681 41099000
22682 4109a000
22683 4109b000
22684 4109c000
22685 4109d000
22686 4109e000
22687 4109f000
22688 410a0000
22689 410a1000
22690 410a2000
22691 410a3000
22692 410a4000
22693 410a5000
22694 410a6000
22695 410a7000
22696 410a8000
22697 410a9000
22698 410aa000
22699 410ab000
22700 410ac000
22701 410ad000
22702 410ae000
22703 410af000
22704 410b0000
22705 410b1000
22706 410b2000
22707 410b3000
22708 410b4000
22709 410b5000
22710 410b6000
22711 410b7000
22712 410b8000
22713 410b9000
22714 410ba000
22715 410bb000
22716 410bc000
22717 410bd000
22718 410be000
22719 410bf000
22720 410c0000
22721 410c1000
22722 410c2000
22723 410c3000
22724 410c4000
22725 410c5000
22726 410c6000
22727 410c7000
22728 410c8000
22729 410c9000
22730 410ca000
22731 410cb000
22732 410cc000
22733 410cd000
22734 410ce000
22735 410cf000
22736 410d0000
22737 410d1000
22738 410d2000
22739 410d3000
22740 410d4000
22741 410d5000
22742 410d6000
22743 410d7000
22744 410d8000
22745 410d9000
22746 410da000
22747 410db000
22748 410dc000
22749 410dd000
22750 410de000
22751 410df000
22752 410e0000
22753 410e1000
22754 410e2000
22755 410e3000
22756 410e4000
22757 410e5000
22758 410e6000
22759 410e7000
22760 410e8000
22761 410e9000
22762 410ea000
22763 410eb000
22764 410ec000
22765 410ed000
22766 410ee000
22767 410ef000
22768 410f0000
22769 410f1000
22770 410f2000
22771 410f3000
22772 410f4000
22773 410f5000
22774 410f6000
22775 410f7000
22776 410f8000
22777 410f9000
22778 410fa000
22779 410fb000
22780 410fc000
22781 410fd000
22782 410fe000
22783 410ff000
22784 41100000
22785 41101000
22786 41102000
22787 41103000
22788 41104000
22789 41105000
22790 41106000
22791 41107000
22792 41108000
22793 41109000
22794 4110a000
22795 4110b000
22796 4110c000
22797 4110d000
22798 4110e000
22799 4110f000
22800 41110000
22801 41111000
22802 41112000
22803 41113000
22804 41114000
22805 41115000
22806 41116000
22807 41117000
22808 41118000
22809 41119000
22810 4111a000
22811 4111b000
22812 4111c000
22813 4111d000
22814 4111e000
22815 4111f000
22816 41120000
22817 41121000
22818 41122000
22819 41123000
22820 41124000
22821 41125000
22822 41126000
22823 41127000
22824 41128000
22825 41129000
22826 4112a000
22827 4112b000
22828 4112c000
22829 4112d000
22830 4112e000
22831 4112f000
22832 41130000
22833 41131000
22834 41132000
22835 41133000
22836 41134000
22837 41135000
22838 41136000
22839 41137000
22840 41138000
22841 41139000
22842 4113a000
22843 4113b000
22844 4113c000
22845 4113d000
22846 4113e000
22847 4113f000
22848 41140000
22849 41141000
22850 41142000
22851 41143000
22852 41144000
22853 41145000
22854 41146000
22855 41147000
22856 41148000
22857 41149000
22858 4114a000
22859 4114b000
22860 4114c000
22861 4114d000
22862 4114e000
22863 4114f000
22864 41150000
22865 41151000
22866 41152000
22867 41153000
22868 41154000
22869 41155000
22870 41156000
22871 41157000
22872 41158000
22873 41159000
22874 4115a000
22875 4115b000
22876 4115c000
22877 4115d000
22878 4115e000
22879 4115f000
22880 41160000
22881 41161000
22882 41162000
22883 41163000
22884 41164000
22885 41165000
22886 41166000
22887 41167000
22888 41168000
22889 41169000
22890 4116a000
22891 4116b000
22892 4116c000
22893 4116d000
22894 4116e000
22895 4116f000
22896 41170000
22897 41171000
22898 41172000
22899 41173000
22900 41174000
22901 41175000
22902 41176000
22903 41177000
22904 41178000
22905 41179000
22906 4117a000
22907 4117b000
22908 4117c000
22909 4117d000
22910 4117e000
22911 4117f000
22912 41180000
22913 41181000
22914 41182000
22915 41183000
22916 41184000
22917 41185000
22918 41186000
22919 41187000
22920 41188000
22921 41189000
22922 4118a000
22923 4118b000
22924 4118c000
22925 4118d000
22926 4118e000
22927 4118f000
22928 41190000
22929 41191000
22930 41192000
22931 41193000
22932 41194000
22933 41195000
22934 41196000
22935 41197000
22936 41198000
22937 41199000
22938 4119a000
22939 4119b000
22940 4119c000
22941 4119d000
22942 4119e000
22943 4119f000
22944 411a0000
22945 411a1000
22946 411a2000
22947 411a3000
22948 411a4000
22949 411a5000
22950 411a6000
22951 411a7000
22952 411a8000
22953 411a9000
22954 411aa000
22955 411ab000
22956 411ac000
22957 411ad000
22958 411ae000
22959 411af000
22960 411b0000
22961 411b1000
22962 411b2000
22963 411b3000
22964 411b4000
22965 411b5000
22966 411b6000
22967 411b7000
22968 411b8000
22969 411b9000
22970 411ba000
22971 411bb000
22972 411bc000
22973 411bd000
22974 411be000
22975 411bf000
22976 411c0000
22977 411c1000
22978 411c2000
22979 411c3000
22980 411c4000
22981 411c5000
22982 411c6000
22983 411c7000
22984 411c8000
22985 411c9000
22986 411ca000
22987 411cb000
22988 411cc000
22989 411cd000
22990 411ce000
22991 411cf000
22992 411d0000
22993 411d1000
22994 411d2000
22995 411d3000
22996 411d4000
22997 411d5000
22998 411d6000
22999 411d7000
23000 411d8000
23001 411d9000
23002 411da000
23003 411db000
23004 411dc000
23005 411dd000
23006 411de000
23007 411df000
23008 411e0000
23009 411e1000
23010 411e2000
23011 411e3000
23012 411e4000
23013 411e5000
23014 411e6000
23015 411e7000
23016 411e8000
23017 411e9000
23018 411ea000
23019 411eb000
23020 411ec000
23021 411ed000
23022 411ee000
23023 411ef000
23024 411f0000
23025 411f1000
23026 411f2000
23027 411f3000
23028 411f4000
23029 411f5000
23030 411f6000
23031 411f7000
23032 411f8000
23033 411f9000
23034 411fa000
23035 411fb000
23036 411fc000
23037 411fd000
23038 411fe000
23039 411ff000
23040 41200000
23041 41201000
23042 41202000
23043 41203000
23044 41204000
23045 41205000
23046 41206000
23047 41207000
23048 41208000
23049 41209000
23050 4120a000
23051 4120b000
23052 4120c000
23053 4120d000
23054 4120e000
23055 4120f000
23056 41210000
23057 41211000
23058 41212000
23059 41213000
23060 41214000
23061 41215000
23062 41216000
23063 41217000
23064 41218000
23065 41219000
23066 4121a000
23067 4121b000
23068 4121c000
23069 4121d000
23070 4121e000
23071 4121f000
23072 41220000
23073 41221000
23074 41222000
23075 41223000
23076 41224000
23077 41225000
23078 41226000
23079 41227000
23080 41228000
23081 41229000
23082 4122a000
23083 4122b000
23084 4122c000
23085 4122d000
23086 4122e000
23087 4122f000
23088 41230000
23089 41231000
23090 41232000
23091 41233000
23092 41234000
23093 41235000
23094 41236000
23095 41237000
23096 41238000
23097 41239000
23098 4123a000
23099 4123b000
23100 4123c000
23101 4123d000
23102 4123e000
23103 4123f000
23104 41240000
23105 41241000
23106 41242000
23107 41243000
23108 41244000
23109 41245000
23110 41246000
23111 41247000
23112 41248000
23113 41249000
23114 4124a000
23115 4124b000
23116 4124c000
23117 4124d000
23118 4124e000
23119 4124f000
23120 41250000
23121 41251000
23122 41252000
23123 41253000
23124 41254000
23125 41255000
23126 41256000
23127 41257000
23128 41258000
23129 41259000
23130 4125a000
23131 4125b000
23132 4125c000
23133 4125d000
23134 4125e000
23135 4125f000
23136 41260000
23137 41261000
23138 41262000
23139 41263000
23140 41264000
23141 41265000
23142 41266000
23143 41267000
23144 41268000
23145 41269000
23146 4126a000
23147 4126b000
23148 4126c000
23149 4126d000
23150 4126e000
23151 4126f000
23152 41270000
23153 41271000
23154 41272000
23155 41273000
23156 41274000
23157 41275000
23158 41276000
23159 41277000
23160 41278000
23161 41279000
23162 4127a000
23163 4127b000
23164 4127c000
23165 4127d000
23166 4127e000
23167 4127f000
23168 41280000
23169 41281000
23170 41282000
23171 41283000
23172 41284000
23173 41285000
23174 41286000
23175 41287000
23176 41288000
23177 41289000
23178 4128a000
23179 4128b000
23180 4128c000
23181 4128d000
23182 4128e000
23183 4128f000
23184 41290000
23185 41291000
23186 41292000
23187 41293000
23188 41294000
23189 41295000
23190 41296000
23191 41297000
23192 41298000
23193 41299000
23194 4129a000
23195 4129b000
23196 4129c000
23197 4129d000
23198 4129e000
23199 4129f000
23200 412a0000
23201 412a1000
23202 412a2000
23203 412a3000
23204 412a4000
23205 412a5000
23206 412a6000
23207 412a7000
23208 412a8000
23209 412a9000
23210 412aa000
23211 412ab000
23212 412ac000
23213 412ad000
23214 412ae000
23215 412af000
23216 412b0000
23217 412b1000
23218 412b2000
23219 412b3000
23220 412b4000
23221 412b5000
23222 412b6000
23223 412b7000
23224 412b8000
23225 412b9000
23226 412ba000
23227 412bb000
23228 412bc000
23229 412bd000
23230 412be000
23231 412bf000
23232 412c0000
23233 412c1000
23234 412c2000
23235 412c3000
23236 412c4000
23237 412c5000
23238 412c6000
23239 412c7000
23240 412c8000
23241 412c9000
23242 412ca000
23243 412cb000
23244 412cc000
23245 412cd000
23246 412ce000
23247 412cf000
23248 412d0000
23249 412d1000
23250 412d2000
23251 412d3000
23252 412d4000
23253 412d5000
23254 412d6000
23255 412d7000
23256 412d8000
23257 412d9000
23258 412da000
23259 412db000
23260 412dc000
23261 412dd000
23262 412de000
23263 412df000
23264 412e0000
23265 412e1000
23266 412e2000
23267 412e3000
23268 412e4000
23269 412e5000
23270 412e6000
23271 412e7000
23272 412e8000
23273 412e9000
23274 412ea000
23275 412eb000
23276 412ec000
23277 412ed000
23278 412ee000
23279 412ef000
23280 412f0000
23281 412f1000
23282 412f2000
23283 412f3000
23284 412f4000
23285 412f5000
23286 412f6000
23287 412f7000
23288 412f8000
23289 412f9000
23290 412fa000
23291 412fb000
23292 412fc000
23293 412fd000
23294 412fe000
23295 412ff000
23296 41300000
23297 41301000
23298 41302000
23299 41303000
23300 41304000
23301 41305000
23302 41306000
23303 41307000
23304 41308000
23305 41309000
23306 4130a000
23307 4130b000
23308 4130c000
23309 4130d000
23310 4130e000
23311 4130f000
23312 41310000
23313 41311000
23314 41312000
23315 41313000
23316 41314000
23317 41315000
23318 41316000
23319 41317000
23320 41318000
23321 41319000
23322 4131a000
23323 4131b000
23324 4131c000
23325 4131d000
23326 4131e000
23327 4131f000
23328 41320000
23329 41321000
23330 41322000
23331 41323000
23332 41324000
23333 41325000
23334 41326000
23335 41327000
23336 41328000
23337 41329000
23338 4132a000
23339 4132b000
23340 4132c000
23341 4132d000
23342 4132e000
23343 4132f000
23344 41330000
23345 41331000
23346 41332000
23347 41333000
23348 41334000
23349 41335000
23350 41336000
23351 41337000
23352 41338000
23353 41339000
23354 4133a000
23355 4133b000
23356 4133c000
23357 4133d000
23358 4133e000
23359 4133f000
23360 41340000
23361 41341000
23362 41342000
23363 41343000
23364 41344000
23365 41345000
23366 41346000
23367 41347000
23368 41348000
23369 41349000
23370 4134a000
23371 4134b000
23372 4134c000
23373 4134d000
23374 4134e000
23375 4134f000
23376 41350000
23377 41351000
23378 41352000
23379 41353000
23380 41354000
23381 41355000
23382 41356000
23383 41357000
23384 41358000
23385 41359000
23386 4135a000
23387 4135b000
23388 4135c000
23389 4135d000
23390 4135e000
23391 4135f000
23392 41360000
23393 41361000
23394 41362000
23395 41363000
23396 41364000
23397 41365000
23398 41366000
23399 41367000
23400 41368000
23401 41369000
23402 4136a000
23403 4136b000
23404 4136c000
23405 4136d000
23406 4136e000
23407 4136f000
23408 41370000
23409 41371000
23410 41372000
23411 41373000
23412 41374000
23413 41375000
23414 41376000
23415 41377000
23416 41378000
23417 41379000
23418 4137a000
23419 4137b000
23420 4137c000
23421 4137d000
23422 4137e000
23423 4137f000
23424 41380000
23425 41381000
23426 41382000
23427 41383000
23428 41384000
23429 41385000
23430 41386000
23431 41387000
23432 41388000
23433 41389000
23434 4138a000
23435 4138b000
23436 4138c000
23437 4138d000
23438 4138e000
23439 4138f000
23440 41390000
23441 41391000
23442 41392000
23443 41393000
23444 41394000
23445 41395000
23446 41396000
23447 41397000
23448 41398000
23449 41399000
23450 4139a000
23451 4139b000
23452 4139c000
23453 4139d000
23454 4139e000
23455 4139f000
23456 413a0000
23457 413a1000
23458 413a2000
23459 413a3000
23460 413a4000
23461 413a5000
23462 413a6000
23463 413a7000
23464 413a8000
23465 413a9000
23466 413aa000
23467 413ab000
23468 413ac000
23469 413ad000
23470 413ae000
23471 413af000
23472 413b0000
23473 413b1000
23474 413b2000
23475 413b3000
23476 413b4000
23477 413b5000
23478 413b6000
23479 413b7000
23480 413b8000
23481 413b9000
23482 413ba000
23483 413bb000
23484 413bc000
23485 413bd000
23486 413be000
23487 413bf000
23488 413c0000
23489 413c1000
23490 413c2000
23491 413c3000
23492 413c4000
23493 413c5000
23494 413c6000
23495 413c7000
23496 413c8000
23497 413c9000
23498 413ca000
23499 413cb000
23500 413cc000
23501 413cd000
23502 413ce000
23503 413cf000
23504 413d0000
23505 413d1000
23506 413d2000
23507 413d3000
23508 413d4000
23509 413d5000
23510 413d6000
23511 413d7000
23512 413d8000
23513 413d9000
23514 413da000
23515 413db000
23516 413dc000
23517 413dd000
23518 413de000
23519 413df000
23520 413e0000
23521 413e1000
23522 413e2000
23523 413e3000
23524 413e4000
23525 413e5000
23526 413e6000
23527 413e7000
23528 413e8000
23529 413e9000
23530 413ea000
23531 413eb000
23532 413ec000
23533 413ed000
23534 413ee000
23535 413ef000
23536 413f0000
23537 413f1000
23538 413f2000
23539 413f3000
23540 413f4000
23541 413f5000
23542 413f6000
23543 413f7000
23544 413f8000
23545 413f9000
23546 413fa000
23547 413fb000
23548 413fc000
23549 413fd000
23550 413fe000
23551 413ff000
23552 41400000
23553 41401000
23554 41402000
23555 41403000
23556 41404000
23557 41405000
23558 41406000
23559 41407000
23560 41408000
23561 41409000
23562 4140a000
23563 4140b000
23564 4140c000
23565 4140d000
23566 4140e000
23567 4140f000
23568 41410000
23569 41411000
23570 41412000
23571 41413000
23572 41414000
23573 41415000
23574 41416000
23575 41417000
23576 41418000
23577 41419000
23578 4141a000
23579 4141b000
23580 4141c000
23581 4141d000
23582 4141e000
23583 4141f000
23584 41420000
23585 41421000
23586 41422000
23587 41423000
23588 41424000
23589 41425000
23590 41426000
23591 41427000
23592 41428000
23593 41429000
23594 4142a000
23595 4142b000
23596 4142c000
23597 4142d000
23598 4142e000
23599 4142f000
23600 41430000
23601 41431000
23602 41432000
23603 41433000
23604 41434000
23605 41435000
23606 41436000
23607 41437000
23608 41438000
23609 41439000
23610 4143a000
23611 4143b000
23612 4143c000
23613 4143d000
23614 4143e000
23615 4143f000
23616 41440000
23617 41441000
23618 41442000
23619 41443000
23620 41444000
23621 41445000
23622 41446000
23623 41447000
23624 41448000
23625 41449000
23626 4144a000
23627 4144b000
23628 4144c000
23629 4144d000
23630 4144e000
23631 4144f000
23632 41450000
23633 41451000
23634 41452000
23635 41453000
23636 41454000
23637 41455000
23638 41456000
23639 41457000
23640 41458000
23641 41459000
23642 4145a000
23643 4145b000
23644 4145c000
23645 4145d000
23646 4145e000
23647 4145f000
23648 41460000
23649 41461000
23650 41462000
23651 41463000
23652 41464000
23653 41465000
23654 41466000
23655 41467000
23656 41468000
23657 41469000
23658 4146a000
23659 4146b000
23660 4146c000
23661 4146d000
23662 4146e000
23663 4146f000
23664 41470000
23665 41471000
23666 41472000
23667 41473000
23668 41474000
23669 41475000
23670 41476000
23671 41477000
23672 41478000
23673 41479000
23674 4147a000
23675 4147b000
23676 4147c000
23677 4147d000
23678 4147e000
23679 4147f000
23680 41480000
23681 41481000
23682 41482000
23683 41483000
23684 41484000
23685 41485000
23686 41486000
23687 41487000
23688 41488000
23689 41489000
23690 4148a000
23691 4148b000
23692 4148c000
23693 4148d000
23694 4148e000
23695 4148f000
23696 41490000
23697 41491000
23698 41492000
23699 41493000
23700 41494000
23701 41495000
23702 41496000
23703 41497000
23704 41498000
23705 41499000
23706 4149a000
23707 4149b000
23708 4149c000
23709 4149d000
23710 4149e000
23711 4149f000
23712 414a0000
23713 414a1000
23714 414a2000
23715 414a3000
23716 414a4000
23717 414a5000
23718 414a6000
23719 414a7000
23720 414a8000
23721 414a9000
23722 414aa000
23723 414ab000
23724 414ac000
23725 414ad000
23726 414ae000
23727 414af000
23728 414b0000
23729 414b1000
23730 414b2000
23731 414b3000
23732 414b4000
23733 414b5000
23734 414b6000
23735 414b7000
23736 414b8000
23737 414b9000
23738 414ba000
23739 414bb000
23740 414bc000
23741 414bd000
23742 414be000
23743 414bf000
23744 414c0000
23745 414c1000
23746 414c2000
23747 414c3000
23748 414c4000
23749 414c5000
23750 414c6000
23751 414c7000
23752 414c8000
23753 414c9000
23754 414ca000
23755 414cb000
23756 414cc000
23757 414cd000
23758 414ce000
23759 414cf000
23760 414d0000
23761 414d1000
23762 414d2000
23763 414d3000
23764 414d4000
23765 414d5000
23766 414d6000
23767 414d7000
23768 414d8000
23769 414d9000
23770 414da000
23771 414db000
23772 414dc000
23773 414dd000
23774 414de000
23775 414df000
23776 414e0000
23777 414e1000
23778 414e2000
23779 414e3000
23780 414e4000
23781 414e5000
23782 414e6000
23783 414e7000
23784 414e8000
23785 414e9000
23786 414ea000
23787 414eb000
23788 414ec000
23789 414ed000
23790 414ee000
23791 414ef000
23792 414f0000
23793 414f1000
23794 414f2000
23795 414f3000
23796 414f4000
23797 414f5000
23798 414f6000
23799 414f7000
23800 414f8000
23801 414f9000
23802 414fa000
23803 414fb000
23804 414fc000
23805 414fd000
23806 414fe000
23807 414ff000
23808 41500000
23809 41501000
23810 41502000
23811 41503000
23812 41504000
23813 41505000
23814 41506000
23815 41507000
23816 41508000
23817 41509000
23818 4150a000
23819 4150b000
23820 4150c000
23821 4150d000
23822 4150e000
23823 4150f000
23824 41510000
23825 41511000
23826 41512000
23827 41513000
23828 41514000
23829 41515000
23830 41516000
23831 41517000
23832 41518000
23833 41519000
23834 4151a000
23835 4151b000
23836 4151c000
23837 4151d000
23838 4151e000
23839 4151f000
23840 41520000
23841 41521000
23842 41522000
23843 41523000
23844 41524000
23845 41525000
23846 41526000
23847 41527000
23848 41528000
23849 41529000
23850 4152a000
23851 4152b000
23852 4152c000
23853 4152d000
23854 4152e000
23855 4152f000
23856 41530000
23857 41531000
23858 41532000
23859 41533000
23860 41534000
23861 41535000
23862 41536000
23863 41537000
23864 41538000
23865 41539000
23866 4153a000
23867 4153b000
23868 4153c000
23869 4153d000
23870 4153e000
23871 4153f000
23872 41540000
23873 41541000
23874 41542000
23875 41543000
23876 41544000
23877 41545000
23878 41546000
23879 41547000
23880 41548000
23881 41549000
23882 4154a000
23883 4154b000
23884 4154c000
23885 4154d000
23886 4154e000
23887 4154f000
23888 41550000
23889 41551000
23890 41552000
23891 41553000
23892 41554000
23893 41555000
23894 41556000
23895 41557000
23896 41558000
23897 41559000
23898 4155a000
23899 4155b000
23900 4155c000
23901 4155d000
23902 4155e000
23903 4155f000
23904 41560000
23905 41561000
23906 41562000
23907 41563000
23908 41564000
23909 41565000
23910 41566000
23911 41567000
23912 41568000
23913 41569000
23914 4156a000
23915 4156b000
23916 4156c000
23917 4156d000
23918 4156e000
23919 4156f000
23920 41570000
23921 41571000
23922 41572000
23923 41573000
23924 41574000
23925 41575000
23926 41576000
23927 41577000
23928 41578000
23929 41579000
23930 4157a000
23931 4157b000
23932 4157c000
23933 4157d000
23934 4157e000
23935 4157f000
23936 41580000
23937 41581000
23938 41582000
23939 41583000
23940 41584000
23941 41585000
23942 41586000
23943 41587000
23944 41588000
23945 41589000
23946 4158a000
23947 4158b000
23948 4158c000
23949 4158d000
23950 4158e000
23951 4158f000
23952 41590000
23953 41591000
23954 41592000
23955 41593000
23956 41594000
23957 41595000
23958 41596000
23959 41597000
23960 41598000
23961 41599000
23962 4159a000
23963 4159b000
23964 4159c000
23965 4159d000
23966 4159e000
23967 4159f000
23968 415a0000
23969 415a1000
23970 415a2000
23971 415a3000
23972 415a4000
23973 415a5000
23974 415a6000
23975 415a7000
23976 415a8000
23977 415a9000
23978 415aa000
23979 415ab000
23980 415ac000
23981 415ad000
23982 415ae000
23983 415af000
23984 415b0000
23985 415b1000
23986 415b2000
23987 415b3000
23988 415b4000
23989 415b5000
23990 415b6000
23991 415b7000
23992 415b8000
23993 415b9000
23994 415ba000
23995 415bb000
23996 415bc000
23997 415bd000
23998 415be000
23999 415bf000
24000 415c0000
24001 415c1000
24002 415c2000
24003 415c3000
24004 415c4000
24005 415c5000
24006 415c6000
24007 415c7000
24008 415c8000
24009 415c9000
24010 415ca000
24011 415cb000
24012 415cc000
24013 415cd000
24014 415ce000
24015 415cf000
24016 415d0000
24017 415d1000
24018 415d2000
24019 415d3000
24020 415d4000
24021 415d5000
24022 415d6000
24023 415d7000
24024 415d8000
24025 415d9000
24026 415da000
24027 415db000
24028 415dc000
24029 415dd000
24030 415de000
24031 415df000
24032 415e0000
24033 415e1000
24034 415e2000
24035 415e3000
24036 415e4000
24037 415e5000
24038 415e6000
24039 415e7000
24040 415e8000
24041 415e9000
24042 415ea000
24043 415eb000
24044 415ec000
24045 415ed000
24046 415ee000
24047 415ef000
24048 415f0000
24049 415f1000
24050 415f2000
24051 415f3000
24052 415f4000
24053 415f5000
24054 415f6000
24055 415f7000
24056 415f8000
24057 415f9000
24058 415fa000
24059 415fb000
24060 415fc000
24061 415fd000
24062 415fe000
24063 415ff000
24064 41600000
24065 41601000
24066 41602000
24067 41603000
24068 41604000
24069 41605000
24070 41606000
24071 41607000
24072 41608000
24073 41609000
24074 4160a000
24075 4160b000
24076 4160c000
24077 4160d000
24078 4160e000
24079 4160f000
24080 41610000
24081 41611000
24082 41612000
24083 41613000
24084 41614000
24085 41615000
24086 41616000
24087 41617000
24088 41618000
24089 41619000
24090 4161a000
24091 4161b000
24092 4161c000
24093 4161d000
24094 4161e000
24095 4161f000
24096 41620000
24097 41621000
24098 41622000
24099 41623000
24100 41624000
24101 41625000
24102 41626000
24103 41627000
24104 41628000
24105 41629000
24106 4162a000
24107 4162b000
24108 4162c000
24109 4162d000
24110 4162e000
24111 4162f000
24112 41630000
24113 41631000
24114 41632000
24115 41633000
24116 41634000
24117 41635000
24118 41636000
24119 41637000
24120 41638000
24121 41639000
24122 4163a000
24123 4163b000
24124 4163c000
24125 4163d000
24126 4163e000
24127 4163f000
24128 41640000
24129 41641000
24130 41642000
24131 41643000
24132 41644000
24133 41645000
24134 41646000
24135 41647000
24136 41648000
24137 41649000
24138 4164a000
24139 4164b000
24140 4164c000
24141 4164d000
24142 4164e000
24143 4164f000
24144 41650000
24145 41651000
24146 41652000
24147 41653000
24148 41654000
24149 41655000
24150 41656000
24151 41657000
24152 41658000
24153 41659000
24154 4165a000
24155 4165b000
24156 4165c000
24157 4165d000
24158 4165e000
24159 4165f000
24160 41660000
24161 41661000
24162 41662000
24163 41663000
24164 41664000
24165 41665000
24166 41666000
24167 41667000
24168 41668000
24169 41669000
24170 4166a000
24171 4166b000
24172 4166c000
24173 4166d000
24174 4166e000
24175 4166f000
24176 41670000
24177 41671000
24178 41672000
24179 41673000
24180 41674000
24181 41675000
24182 41676000
24183 41677000
24184 41678000
24185 41679000
24186 4167a000
24187 4167b000
24188 4167c000
24189 4167d000
24190 4167e000
24191 4167f000
24192 41680000
24193 41681000
24194 41682000
24195 41683000
24196 41684000
24197 41685000
24198 41686000
24199 41687000
24200 41688000
24201 41689000
24202 4168a000
24203 4168b000
24204 4168c000
24205 4168d000
24206 4168e000
24207 4168f000
24208 41690000
24209 41691000
24210 41692000
24211 41693000
24212 41694000
24213 41695000
24214 41696000
24215 41697000
24216 41698000
24217 41699000
24218 4169a000
24219 4169b000
24220 4169c000
24221 4169d000
24222 4169e000
24223 4169f000
24224 416a0000
24225 416a1000
24226 416a2000
24227 416a3000
24228 416a4000
24229 416a5000
24230 416a6000
24231 416a7000
24232 416a8000
24233 416a9000
24234 416aa000
24235 416ab000
24236 416ac000
24237 416ad000
24238 416ae000
24239 416af000
24240 416b0000
24241 416b1000
24242 416b2000
24243 416b3000
24244 416b4000
24245 416b5000
24246 416b6000
24247 416b7000
24248 416b8000
24249 416b9000
24250 416ba000
24251 416bb000
24252 416bc000
24253 416bd000
24254 416be000
24255 416bf000
24256 416c0000
24257 416c1000
24258 416c2000
24259 416c3000
24260 416c4000
24261 416c5000
24262 416c6000
24263 416c7000
24264 416c8000
24265 416c9000
24266 416ca000
24267 416cb000
24268 416cc000
24269 416cd000
24270 416ce000
24271 416cf000
24272 416d0000
24273 416d1000
24274 416d2000
24275 416d3000
24276 416d4000
24277 416d5000
24278 416d6000
24279 416d7000
24280 416d8000
24281 416d9000
24282 416da000
24283 416db000
24284 416dc000
24285 416dd000
24286 416de000
24287 416df000
24288 416e0000
24289 416e1000
24290 416e2000
24291 416e3000
24292 416e4000
24293 416e5000
24294 416e6000
24295 416e7000
24296 416e8000
24297 416e9000
24298 416ea000
24299 416eb000
24300 416ec000
24301 416ed000
24302 416ee000
24303 416ef000
24304 416f0000
24305 416f1000
24306 416f2000
24307 416f3000
24308 416f4000
24309 416f5000
24310 416f6000
24311 416f7000
24312 416f8000
24313 416f9000
24314 416fa000
24315 416fb000
24316 416fc000
24317 416fd000
24318 416fe000
24319 416ff000
24320 41700000
24321 41701000
24322 41702000
24323 41703000
24324 41704000
24325 41705000
24326 41706000
24327 41707000
24328 41708000
24329 41709000
24330 4170a000
24331 4170b000
24332 4170c000
24333 4170d000
24334 4170e000
24335 4170f000
24336 41710000
24337 41711000
24338 41712000
24339 41713000
24340 41714000
24341 41715000
24342 41716000
24343 41717000
24344 41718000
24345 41719000
24346 4171a000
24347 4171b000
24348 4171c000
24349 4171d000
24350 4171e000
24351 4171f000
24352 41720000
24353 41721000
24354 41722000
24355 41723000
24356 41724000
24357 41725000
24358 41726000
24359 41727000
24360 41728000
24361 41729000
24362 4172a000
24363 4172b000
24364 4172c000
24365 4172d000
24366 4172e000
24367 4172f000
24368 41730000
24369 41731000
24370 41732000
24371 41733000
24372 41734000
24373 41735000
24374 41736000
24375 41737000
24376 41738000
24377 41739000
24378 4173a000
24379 4173b000
24380 4173c000
24381 4173d000
24382 4173e000
24383 4173f000
24384 41740000
24385 41741000
24386 41742000
24387 41743000
24388 41744000
24389 41745000
24390 41746000
24391 41747000
24392 41748000
24393 41749000
24394 4174a000
24395 4174b000
24396 4174c000
24397 4174d000
24398 4174e000
24399 4174f000
24400 41750000
24401 41751000
24402 41752000
24403 41753000
24404 41754000
24405 41755000
24406 41756000
24407 41757000
24408 41758000
24409 41759000
24410 4175a000
24411 4175b000
24412 4175c000
24413 4175d000
24414 4175e000
24415 4175f000
24416 41760000
24417 41761000
24418 41762000
24419 41763000
24420 41764000
24421 41765000
24422 41766000
24423 41767000
24424 41768000
24425 41769000
24426 4176a000
24427 4176b000
24428 4176c000
24429 4176d000
24430 4176e000
24431 4176f000
24432 41770000
24433 41771000
24434 41772000
24435 41773000
24436 41774000
24437 41775000
24438 41776000
24439 41777000
24440 41778000
24441 41779000
24442 4177a000
24443 4177b000
24444 4177c000
24445 4177d000
24446 4177e000
24447 4177f000
24448 41780000
24449 41781000
24450 41782000
24451 41783000
24452 41784000
24453 41785000
24454 41786000
24455 41787000
24456 41788000
24457 41789000
24458 4178a000
24459 4178b000
24460 4178c000
24461 4178d000
24462 4178e000
24463 4178f000
24464 41790000
24465 41791000
24466 41792000
24467 41793000
24468 41794000
24469 41795000
24470 41796000
24471 41797000
24472 41798000
24473 41799000
24474 4179a000
24475 4179b000
24476 4179c000
24477 4179d000
24478 4179e000
24479 4179f000
24480 417a0000
24481 417a1000
24482 417a2000
24483 417a3000
24484 417a4000
24485 417a5000
24486 417a6000
24487 417a7000
24488 417a8000
24489 417a9000
24490 417aa000
24491 417ab000
24492 417ac000
24493 417ad000
24494 417ae000
24495 417af000
24496 417b0000
24497 417b1000
24498 417b2000
24499 417b3000
24500 417b4000
24501 417b5000
24502 417b6000
24503 417b7000
24504 417b8000
24505 417b9000
24506 417ba000
24507 417bb000
24508 417bc000
24509 417bd000
24510 417be000
24511 417bf000
24512 417c0000
24513 417c1000
24514 417c2000
24515 417c3000
24516 417c4000
24517 417c5000
24518 417c6000
24519 417c7000
24520 417c8000
24521 417c9000
24522 417ca000
24523 417cb000
24524 417cc000
24525 417cd000
24526 417ce000
24527 417cf000
24528 417d0000
24529 417d1000
24530 417d2000
24531 417d3000
24532 417d4000
24533 417d5000
24534 417d6000
24535 417d7000
24536 417d8000
24537 417d9000
24538 417da000
24539 417db000
24540 417dc000
24541 417dd000
24542 417de000
24543 417df000
24544 417e0000
24545 417e1000
24546 417e2000
24547 417e3000
24548 417e4000
24549 417e5000
24550 417e6000
24551 417e7000
24552 417e8000
24553 417e9000
24554 417ea000
24555 417eb000
24556 417ec000
24557 417ed000
24558 417ee000
24559 417ef000
24560 417f0000
24561 417f1000
24562 417f2000
24563 417f3000
24564 417f4000
24565 417f5000
24566 417f6000
24567 417f7000
24568 417f8000
24569 417f9000
24570 417fa000
24571 417fb000
24572 417fc000
24573 417fd000
24574 417fe000
24575 417ff000
24576 41800000
24577 41802000
24578 41804000
24579 41806000
24580 41808000
24581 4180a000
24582 4180c000
24583 4180e000
24584 41810000
24585 41812000
24586 41814000
24587 41816000
24588 41818000
24589 4181a000
24590 4181c000
24591 4181e000
24592 41820000
24593 41822000
24594 41824000
24595 41826000
24596 41828000
24597 4182a000
24598 4182c000
24599 4182e000
24600 41830000
24601 41832000
24602 41834000
24603 41836000
24604 41838000
24605 4183a000
24606 4183c000
24607 4183e000
24608 41840000
24609 41842000
24610 41844000
24611 41846000
24612 41848000
24613 4184a000
24614 4184c000
24615 4184e000
24616 41850000
24617 41852000
24618 41854000
24619 41856000
24620 41858000
24621 4185a000
24622 4185c000
24623 4185e000
24624 41860000
24625 41862000
24626 41864000
24627 41866000
24628 41868000
24629 4186a000
24630 4186c000
24631 4186e000
24632 41870000
24633 41872000
24634 41874000
24635 41876000
24636 41878000
24637 4187a000
24638 4187c000
24639 4187e000
24640 41880000
24641 41882000
24642 41884000
24643 41886000
24644 41888000
24645 4188a000
24646 4188c000
24647 4188e000
24648 41890000
24649 41892000
24650 41894000
24651 41896000
24652 41898000
24653 4189a000
24654 4189c000
24655 4189e000
24656 418a0000
24657 418a2000
24658 418a4000
24659 418a6000
24660 418a8000
24661 418aa000
24662 418ac000
24663 418ae000
24664 418b0000
24665 418b2000
24666 418b4000
24667 418b6000
24668 418b8000
24669 418ba000
24670 418bc000
24671 418be000
24672 418c0000
24673 418c2000
24674 418c4000
24675 418c6000
24676 418c8000
24677 418ca000
24678 418cc000
24679 418ce000
24680 418d0000
24681 418d2000
24682 418d4000
24683 418d6000
24684 418d8000
24685 418da000
24686 418dc000
24687 418de000
24688 418e0000
24689 418e2000
24690 418e4000
24691 418e6000
24692 418e8000
24693 418ea000
24694 418ec000
24695 418ee000
24696 418f0000
24697 418f2000
24698 418f4000
24699 418f6000
24700 418f8000
24701 418fa000
24702 418fc000
24703 418fe000
24704 41900000
24705 41902000
24706 41904000
24707 41906000
24708 41908000
24709 4190a000
24710 4190c000
24711 4190e000
24712 41910000
24713 41912000
24714 41914000
24715 41916000
24716 41918000
24717 4191a000
24718 4191c000
24719 4191e000
24720 41920000
24721 41922000
24722 41924000
24723 41926000
24724 41928000
24725 4192a000
24726 4192c000
24727 4192e000
24728 41930000
24729 41932000
24730 41934000
24731 41936000
24732 41938000
24733 4193a000
24734 4193c000
24735 4193e000
24736 41940000
24737 41942000
24738 41944000
24739 41946000
24740 41948000
24741 4194a000
24742 4194c000
24743 4194e000
24744 41950000
24745 41952000
24746 41954000
24747 41956000
24748 41958000
24749 4195a000
24750 4195c000
24751 4195e000
24752 41960000
24753 41962000
24754 41964000
24755 41966000
24756 41968000
24757 4196a000
24758 4196c000
24759 4196e000
24760 41970000
24761 41972000
24762 41974000
24763 41976000
24764 41978000
24765 4197a000
24766 4197c000
24767 4197e000
24768 41980000
24769 41982000
24770 41984000
24771 41986000
24772 41988000
24773 4198a000
24774 4198c000
24775 4198e000
24776 41990000
24777 41992000
24778 41994000
24779 41996000
24780 41998000
24781 4199a000
24782 4199c000
24783 4199e000
24784 419a0000
24785 419a2000
24786 419a4000
24787 419a6000
24788 419a8000
24789 419aa000
24790 419ac000
24791 419ae000
24792 419b0000
24793 419b2000
24794 419b4000
24795 419b6000
24796 419b8000
24797 419ba000
24798 419bc000
24799 419be000
24800 419c0000
24801 419c2000
24802 419c4000
24803 419c6000
24804 419c8000
24805 419ca000
24806 419cc000
24807 419ce000
24808 419d0000
24809 419d2000
24810 419d4000
24811 419d6000
24812 419d8000
24813 419da000
24814 419dc000
24815 419de000
24816 419e0000
24817 419e2000
24818 419e4000
24819 419e6000
24820 419e8000
24821 419ea000
24822 419ec000
24823 419ee000
24824 419f0000
24825 419f2000
24826 419f4000
24827 419f6000
24828 419f8000
24829 419fa000
24830 419fc000
24831 419fe000
24832 41a00000
24833 41a02000
24834 41a04000
24835 41a06000
24836 41a08000
24837 41a0a000
24838 41a0c000
24839 41a0e000
24840 41a10000
24841 41a12000
24842 41a14000
24843 41a16000
24844 41a18000
24845 41a1a000
24846 41a1c000
24847 41a1e000
24848 41a20000
24849 41a22000
24850 41a24000
24851 41a26000
24852 41a28000
24853 41a2a000
24854 41a2c000
24855 41a2e000
24856 41a30000
24857 41a32000
24858 41a34000
24859 41a36000
24860 41a38000
24861 41a3a000
24862 41a3c000
24863 41a3e000
24864 41a40000
24865 41a42000
24866 41a44000
24867 41a46000
24868 41a48000
24869 41a4a000
24870 41a4c000
24871 41a4e000
24872 41a50000
24873 41a52000
24874 41a54000
24875 41a56000
24876 41a58000
24877 41a5a000
24878 41a5c000
24879 41a5e000
24880 41a60000
24881 41a62000
24882 41a64000
24883 41a66000
24884 41a68000
24885 41a6a000
24886 41a6c000
24887 41a6e000
24888 41a70000
24889 41a72000
24890 41a74000
24891 41a76000
24892 41a78000
24893 41a7a000
24894 41a7c000
24895 41a7e000
24896 41a80000
24897 41a82000
24898 41a84000
24899 41a86000
24900 41a88000
24901 41a8a000
24902 41a8c000
24903 41a8e000
24904 41a90000
24905 41a92000
24906 41a94000
24907 41a96000
24908 41a98000
24909 41a9a000
24910 41a9c000
24911 41a9e000
24912 41aa0000
24913 41aa2000
24914 41aa4000
24915 41aa6000
24916 41aa8000
24917 41aaa000
24918 41aac000
24919 41aae000
24920 41ab0000
24921 41ab2000
24922 41ab4000
24923 41ab6000
24924 41ab8000
24925 41aba000
24926 41abc000
24927 41abe000
24928 41ac0000
24929 41ac2000
24930 41ac4000
24931 41ac6000
24932 41ac8000
24933 41aca000
24934 41acc000
24935 41ace000
24936 41ad0000
24937 41ad2000
24938 41ad4000
24939 41ad6000
24940 41ad8000
24941 41ada000
24942 41adc000
24943 41ade000
24944 41ae0000
24945 41ae2000
24946 41ae4000
24947 41ae6000
24948 41ae8000
24949 41aea000
24950 41aec000
24951 41aee000
24952 41af0000
24953 41af2000
24954 41af4000
24955 41af6000
24956 41af8000
24957 41afa000
24958 41afc000
24959 41afe000
24960 41b00000
24961 41b02000
24962 41b04000
24963 41b06000
24964 41b08000
24965 41b0a000
24966 41b0c000
24967 41b0e000
24968 41b10000
24969 41b12000
24970 41b14000
24971 41b16000
24972 41b18000
24973 41b1a000
24974 41b1c000
24975 41b1e000
24976 41b20000
24977 41b22000
24978 41b24000
24979 41b26000
24980 41b28000
24981 41b2a000
24982 41b2c000
24983 41b2e000
24984 41b30000
24985 41b32000
24986 41b34000
24987 41b36000
24988 41b38000
24989 41b3a000
24990 41b3c000
24991 41b3e000
24992 41b40000
24993 41b42000
24994 41b44000
24995 41b46000
24996 41b48000
24997 41b4a000
24998 41b4c000
24999 41b4e000
25000 41b50000
25001 41b52000
25002 41b54000
25003 41b56000
25004 41b58000
25005 41b5a000
25006 41b5c000
25007 41b5e000
25008 41b60000
25009 41b62000
25010 41b64000
25011 41b66000
25012 41b68000
25013 41b6a000
25014 41b6c000
25015 41b6e000
25016 41b70000
25017 41b72000
25018 41b74000
25019 41b76000
25020 41b78000
25021 41b7a000
25022 41b7c000
25023 41b7e000
25024 41b80000
25025 41b82000
25026 41b84000
25027 41b86000
25028 41b88000
25029 41b8a000
25030 41b8c000
25031 41b8e000
25032 41b90000
25033 41b92000
25034 41b94000
25035 41b96000
25036 41b98000
25037 41b9a000
25038 41b9c000
25039 41b9e000
25040 41ba0000
25041 41ba2000
25042 41ba4000
25043 41ba6000
25044 41ba8000
25045 41baa000
25046 41bac000
25047 41bae000
25048 41bb0000
25049 41bb2000
25050 41bb4000
25051 41bb6000
25052 41bb8000
25053 41bba000
25054 41bbc000
25055 41bbe000
25056 41bc0000
25057 41bc2000
25058 41bc4000
25059 41bc6000
25060 41bc8000
25061 41bca000
25062 41bcc000
25063 41bce000
25064 41bd0000
25065 41bd2000
25066 41bd4000
25067 41bd6000
25068 41bd8000
25069 41bda000
25070 41bdc000
25071 41bde000
25072 41be0000
25073 41be2000
25074 41be4000
25075 41be6000
25076 41be8000
25077 41bea000
25078 41bec000
25079 41bee000
25080 41bf0000
25081 41bf2000
25082 41bf4000
25083 41bf6000
25084 41bf8000
25085 41bfa000
25086 41bfc000
25087 41bfe000
25088 41c00000
25089 41c02000
25090 41c04000
25091 41c06000
25092 41c08000
25093 41c0a000
25094 41c0c000
25095 41c0e000
25096 41c10000
25097 41c12000
25098 41c14000
25099 41c16000
25100 41c18000
25101 41c1a000
25102 41c1c000
25103 41c1e000
25104 41c20000
25105 41c22000
25106 41c24000
25107 41c26000
25108 41c28000
25109 41c2a000
25110 41c2c000
25111 41c2e000
25112 41c30000
25113 41c32000
25114 41c34000
25115 41c36000
25116 41c38000
25117 41c3a000
25118 41c3c000
25119 41c3e000
25120 41c40000
25121 41c42000
25122 41c44000
25123 41c46000
25124 41c48000
25125 41c4a000
25126 41c4c000
25127 41c4e000
25128 41c50000
25129 41c52000
25130 41c54000
25131 41c56000
25132 41c58000
25133 41c5a000
25134 41c5c000
25135 41c5e000
25136 41c60000
25137 41c62000
25138 41c64000
25139 41c66000
25140 41c68000
25141 41c6a000
25142 41c6c000
25143 41c6e000
25144 41c70000
25145 41c72000
25146 41c74000
25147 41c76000
25148 41c78000
25149 41c7a000
25150 41c7c000
25151 41c7e000
25152 41c80000
25153 41c82000
25154 41c84000
25155 41c86000
25156 41c88000
25157 41c8a000
25158 41c8c000
25159 41c8e000
25160 41c90000
25161 41c92000
25162 41c94000
25163 41c96000
25164 41c98000
25165 41c9a000
25166 41c9c000
25167 41c9e000
25168 41ca0000
25169 41ca2000
25170 41ca4000
25171 41ca6000
25172 41ca8000
25173 41caa000
25174 41cac000
25175 41cae000
25176 41cb0000
25177 41cb2000
25178 41cb4000
25179 41cb6000
25180 41cb8000
25181 41cba000
25182 41cbc000
25183 41cbe000
25184 41cc0000
25185 41cc2000
25186 41cc4000
25187 41cc6000
25188 41cc8000
25189 41cca000
25190 41ccc000
25191 41cce000
25192 41cd0000
25193 41cd2000
25194 41cd4000
25195 41cd6000
25196 41cd8000
25197 41cda000
25198 41cdc000
25199 41cde000
25200 41ce0000
25201 41ce2000
25202 41ce4000
25203 41ce6000
25204 41ce8000
25205 41cea000
25206 41cec000
25207 41cee000
25208 41cf0000
25209 41cf2000
25210 41cf4000
25211 41cf6000
25212 41cf8000
25213 41cfa000
25214 41cfc000
25215 41cfe000
25216 41d00000
25217 41d02000
25218 41d04000
25219 41d06000
25220 41d08000
25221 41d0a000
25222 41d0c000
25223 41d0e000
25224 41d10000
25225 41d12000
25226 41d14000
25227 41d16000
25228 41d18000
25229 41d1a000
25230 41d1c000
25231 41d1e000
25232 41d20000
25233 41d22000
25234 41d24000
25235 41d26000
25236 41d28000
25237 41d2a000
25238 41d2c000
25239 41d2e000
25240 41d30000
25241 41d32000
25242 41d34000
25243 41d36000
25244 41d38000
25245 41d3a000
25246 41d3c000
25247 41d3e000
25248 41d40000
25249 41d42000
25250 41d44000
25251 41d46000
25252 41d48000
25253 41d4a000
25254 41d4c000
25255 41d4e000
25256 41d50000
25257 41d52000
25258 41d54000
25259 41d56000
25260 41d58000
25261 41d5a000
25262 41d5c000
25263 41d5e000
25264 41d60000
25265 41d62000
25266 41d64000
25267 41d66000
25268 41d68000
25269 41d6a000
25270 41d6c000
25271 41d6e000
25272 41d70000
25273 41d72000
25274 41d74000
25275 41d76000
25276 41d78000
25277 41d7a000
25278 41d7c000
25279 41d7e000
25280 41d80000
25281 41d82000
25282 41d84000
25283 41d86000
25284 41d88000
25285 41d8a000
25286 41d8c000
25287 41d8e000
25288 41d90000
25289 41d92000
25290 41d94000
25291 41d96000
25292 41d98000
25293 41d9a000
25294 41d9c000
25295 41d9e000
25296 41da0000
25297 41da2000
25298 41da4000
25299 41da6000
25300 41da8000
25301 41daa000
25302 41dac000
25303 41dae000
25304 41db0000
25305 41db2000
25306 41db4000
25307 41db6000
25308 41db8000
25309 41dba000
25310 41dbc000
25311 41dbe000
25312 41dc0000
25313 41dc2000
25314 41dc4000
25315 41dc6000
25316 41dc8000
25317 41dca000
25318 41dcc000
25319 41dce000
25320 41dd0000
25321 41dd2000
25322 41dd4000
25323 41dd6000
25324 41dd8000
25325 41dda000
25326 41ddc000
25327 41dde000
25328 41de0000
25329 41de2000
25330 41de4000
25331 41de6000
25332 41de8000
25333 41dea000
25334 41dec000
25335 41dee000
25336 41df0000
25337 41df2000
25338 41df4000
25339 41df6000
25340 41df8000
25341 41dfa000
25342 41dfc000
25343 41dfe000
25344 41e00000
25345 41e02000
25346 41e04000
25347 41e06000
25348 41e08000
25349 41e0a000
25350 41e0c000
25351 41e0e000
25352 41e10000
25353 41e12000
25354 41e14000
25355 41e16000
25356 41e18000
25357 41e1a000
25358 41e1c000
25359 41e1e000
25360 41e20000
25361 41e22000
25362 41e24000
25363 41e26000
25364 41e28000
25365 41e2a000
25366 41e2c000
25367 41e2e000
25368 41e30000
25369 41e32000
25370 41e34000
25371 41e36000
25372 41e38000
25373 41e3a000
25374 41e3c000
25375 41e3e000
25376 41e40000
25377 41e42000
25378 41e44000
25379 41e46000
25380 41e48000
25381 41e4a000
25382 41e4c000
25383 41e4e000
25384 41e50000
25385 41e52000
25386 41e54000
25387 41e56000
25388 41e58000
25389 41e5a000
25390 41e5c000
25391 41e5e000
25392 41e60000
25393 41e62000
25394 41e64000
25395 41e66000
25396 41e68000
25397 41e6a000
25398 41e6c000
25399 41e6e000
25400 41e70000
25401 41e72000
25402 41e74000
25403 41e76000
25404 41e78000
25405 41e7a000
25406 41e7c000
25407 41e7e000
25408 41e80000
25409 41e82000
25410 41e84000
25411 41e86000
25412 41e88000
25413 41e8a000
25414 41e8c000
25415 41e8e000
25416 41e90000
25417 41e92000
25418 41e94000
25419 41e96000
25420 41e98000
25421 41e9a000
25422 41e9c000
25423 41e9e000
25424 41ea0000
25425 41ea2000
25426 41ea4000
25427 41ea6000
25428 41ea8000
25429 41eaa000
25430 41eac000
25431 41eae000
25432 41eb0000
25433 41eb2000
25434 41eb4000
25435 41eb6000
25436 41eb8000
25437 41eba000
25438 41ebc000
25439 41ebe000
25440 41ec0000
25441 41ec2000
25442 41ec4000
25443 41ec6000
25444 41ec8000
25445 41eca000
25446 41ecc000
25447 41ece000
25448 41ed0000
25449 41ed2000
25450 41ed4000
25451 41ed6000
25452 41ed8000
25453 41eda000
25454 41edc000
25455 41ede000
25456 41ee0000
25457 41ee2000
25458 41ee4000
25459 41ee6000
25460 41ee8000
25461 41eea000
25462 41eec000
25463 41eee000
25464 41ef0000
25465 41ef2000
25466 41ef4000
25467 41ef6000
25468 41ef8000
25469 41efa000
25470 41efc000
25471 41efe000
25472 41f00000
25473 41f02000
25474 41f04000
25475 41f06000
25476 41f08000
25477 41f0a000
25478 41f0c000
25479 41f0e000
25480 41f10000
25481 41f12000
25482 41f14000
25483 41f16000
25484 41f18000
25485 41f1a000
25486 41f1c000
25487 41f1e000
25488 41f20000
25489 41f22000
25490 41f24000
25491 41f26000
25492 41f28000
25493 41f2a000
25494 41f2c000
25495 41f2e000
25496 41f30000
25497 41f32000
25498 41f34000
25499 41f36000
25500 41f38000
25501 41f3a000
25502 41f3c000
25503 41f3e000
25504 41f40000
25505 41f42000
25506 41f44000
25507 41f46000
25508 41f48000
25509 41f4a000
25510 41f4c000
25511 41f4e000
25512 41f50000
25513 41f52000
25514 41f54000
25515 41f56000
25516 41f58000
25517 41f5a000
25518 41f5c000
25519 41f5e000
25520 41f60000
25521 41f62000
25522 41f64000
25523 41f66000
25524 41f68000
25525 41f6a000
25526 41f6c000
25527 41f6e000
25528 41f70000
25529 41f72000
25530 41f74000
25531 41f76000
25532 41f78000
25533 41f7a000
25534 41f7c000
25535 41f7e000
25536 41f80000
25537 41f82000
25538 41f84000
25539 41f86000
25540 41f88000
25541 41f8a000
25542 41f8c000
25543 41f8e000
25544 41f90000
25545 41f92000
25546 41f94000
25547 41f96000
25548 41f98000
25549 41f9a000
25550 41f9c000
25551 41f9e000
25552 41fa0000
25553 41fa2000
25554 41fa4000
25555 41fa6000
25556 41fa8000
25557 41faa000
25558 41fac000
25559 41fae000
25560 41fb0000
25561 41fb2000
25562 41fb4000
25563 41fb6000
25564 41fb8000
25565 41fba000
25566 41fbc000
25567 41fbe000
25568 41fc0000
25569 41fc2000
25570 41fc4000
25571 41fc6000
25572 41fc8000
25573 41fca000
25574 41fcc000
25575 41fce000
25576 41fd0000
25577 41fd2000
25578 41fd4000
25579 41fd6000
25580 41fd8000
25581 41fda000
25582 41fdc000
25583 41fde000
25584 41fe0000
25585 41fe2000
25586 41fe4000
25587 41fe6000
25588 41fe8000
25589 41fea000
25590 41fec000
25591 41fee000
25592 41ff0000
25593 41ff2000
25594 41ff4000
25595 41ff6000
25596 41ff8000
25597 41ffa000
25598 41ffc000
25599 41ffe000
25600 42000000
25601 42002000
25602 42004000
25603 42006000
25604 42008000
25605 4200a000
25606 4200c000
25607 4200e000
25608 42010000
25609 42012000
25610 42014000
25611 42016000
25612 42018000
25613 4201a000
25614 4201c000
25615 4201e000
25616 42020000
25617 42022000
25618 42024000
25619 42026000
25620 42028000
25621 4202a000
25622 4202c000
25623 4202e000
25624 42030000
25625 42032000
25626 42034000
25627 42036000
25628 42038000
25629 4203a000
25630 4203c000
25631 4203e000
25632 42040000
25633 42042000
25634 42044000
25635 42046000
25636 42048000
25637 4204a000
25638 4204c000
25639 4204e000
25640 42050000
25641 42052000
25642 42054000
25643 42056000
25644 42058000
25645 4205a000
25646 4205c000
25647 4205e000
25648 42060000
25649 42062000
25650 42064000
25651 42066000
25652 42068000
25653 4206a000
25654 4206c000
25655 4206e000
25656 42070000
25657 42072000
25658 42074000
25659 42076000
25660 42078000
25661 4207a000
25662 4207c000
25663 4207e000
25664 42080000
25665 42082000
25666 42084000
25667 42086000
25668 42088000
25669 4208a000
25670 4208c000
25671 4208e000
25672 42090000
25673 42092000
25674 42094000
25675 42096000
25676 42098000
25677 4209a000
25678 4209c000
25679 4209e000
25680 420a0000
25681 420a2000
25682 420a4000
25683 420a6000
25684 420a8000
25685 420aa000
25686 420ac000
25687 420ae000
25688 420b0000
25689 420b2000
25690 420b4000
25691 420b6000
25692 420b8000
25693 420ba000
25694 420bc000
25695 420be000
25696 420c0000
25697 420c2000
25698 420c4000
25699 420c6000
25700 420c8000
25701 420ca000
25702 420cc000
25703 420ce000
25704 420d0000
25705 420d2000
25706 420d4000
25707 420d6000
25708 420d8000
25709 420da000
25710 420dc000
25711 420de000
25712 420e0000
25713 420e2000
25714 420e4000
25715 420e6000
25716 420e8000
25717 420ea000
25718 420ec000
25719 420ee000
25720 420f0000
25721 420f2000
25722 420f4000
25723 420f6000
25724 420f8000
25725 420fa000
25726 420fc000
25727 420fe000
25728 42100000
25729 42102000
25730 42104000
25731 42106000
25732 42108000
25733 4210a000
25734 4210c000
25735 4210e000
25736 42110000
25737 42112000
25738 42114000
25739 42116000
25740 42118000
25741 4211a000
25742 4211c000
25743 4211e000
25744 42120000
25745 42122000
25746 42124000
25747 42126000
25748 42128000
25749 4212a000
25750 4212c000
25751 4212e000
25752 42130000
25753 42132000
25754 42134000
25755 42136000
25756 42138000
25757 4213a000
25758 4213c000
25759 4213e000
25760 42140000
25761 42142000
25762 42144000
25763 42146000
25764 42148000
25765 4214a000
25766 4214c000
25767 4214e000
25768 42150000
25769 42152000
25770 42154000
25771 42156000
25772 42158000
25773 4215a000
25774 4215c000
25775 4215e000
25776 42160000
25777 42162000
25778 42164000
25779 42166000
25780 42168000
25781 4216a000
25782 4216c000
25783 4216e000
25784 42170000
25785 42172000
25786 42174000
25787 42176000
25788 42178000
25789 4217a000
25790 4217c000
25791 4217e000
25792 42180000
25793 42182000
25794 42184000
25795 42186000
25796 42188000
25797 4218a000
25798 4218c000
25799 4218e000
25800 42190000
25801 42192000
25802 42194000
25803 42196000
25804 42198000
25805 4219a000
25806 4219c000
25807 4219e000
25808 421a0000
25809 421a2000
25810 421a4000
25811 421a6000
25812 421a8000
25813 421aa000
25814 421ac000
25815 421ae000
25816 421b0000
25817 421b2000
25818 421b4000
25819 421b6000
25820 421b8000
25821 421ba000
25822 421bc000
25823 421be000
25824 421c0000
25825 421c2000
25826 421c4000
25827 421c6000
25828 421c8000
25829 421ca000
25830 421cc000
25831 421ce000
25832 421d0000
25833 421d2000
25834 421d4000
25835 421d6000
25836 421d8000
25837 421da000
25838 421dc000
25839 421de000
25840 421e0000
25841 421e2000
25842 421e4000
25843 421e6000
25844 421e8000
25845 421ea000
25846 421ec000
25847 421ee000
25848 421f0000
25849 421f2000
25850 421f4000
25851 421f6000
25852 421f8000
25853 421fa000
25854 421fc000
25855 421fe000
25856 42200000
25857 42202000
25858 42204000
25859 42206000
25860 42208000
25861 4220a000
25862 4220c000
25863 4220e000
25864 42210000
25865 42212000
25866 42214000
25867 42216000
25868 42218000
25869 4221a000
25870 4221c000
25871 4221e000
25872 42220000
25873 42222000
25874 42224000
25875 42226000
25876 42228000
25877 4222a000
25878 4222c000
25879 4222e000
25880 42230000
25881 42232000
25882 42234000
25883 42236000
25884 42238000
25885 4223a000
25886 4223c000
25887 4223e000
25888 42240000
25889 42242000
25890 42244000
25891 42246000
25892 42248000
25893 4224a000
25894 4224c000
25895 4224e000
25896 42250000
25897 42252000
25898 42254000
25899 42256000
25900 42258000
25901 4225a000
25902 4225c000
25903 4225e000
25904 42260000
25905 42262000
25906 42264000
25907 42266000
25908 42268000
25909 4226a000
25910 4226c000
25911 4226e000
25912 42270000
25913 42272000
25914 42274000
25915 42276000
25916 42278000
25917 4227a000
25918 4227c000
25919 4227e000
25920 42280000
25921 42282000
25922 42284000
25923 42286000
25924 42288000
25925 4228a000
25926 4228c000
25927 4228e000
25928 42290000
25929 42292000
25930 42294000
25931 42296000
25932 42298000
25933 4229a000
25934 4229c000
25935 4229e000
25936 422a0000
25937 422a2000
25938 422a4000
25939 422a6000
25940 422a8000
25941 422aa000
25942 422ac000
25943 422ae000
25944 422b0000
25945 422b2000
25946 422b4000
25947 422b6000
25948 422b8000
25949 422ba000
25950 422bc000
25951 422be000
25952 422c0000
25953 422c2000
25954 422c4000
25955 422c6000
25956 422c8000
25957 422ca000
25958 422cc000
25959 422ce000
25960 422d0000
25961 422d2000
25962 422d4000
25963 422d6000
25964 422d8000
25965 422da000
25966 422dc000
25967 422de000
25968 422e0000
25969 422e2000
25970 422e4000
25971 422e6000
25972 422e8000
25973 422ea000
25974 422ec000
25975 422ee000
25976 422f0000
25977 422f2000
25978 422f4000
25979 422f6000
25980 422f8000
25981 422fa000
25982 422fc000
25983 422fe000
25984 42300000
25985 42302000
25986 42304000
25987 42306000
25988 42308000
25989 4230a000
25990 4230c000
25991 4230e000
25992 42310000
25993 42312000
25994 42314000
25995 42316000
25996 42318000
25997 4231a000
25998 4231c000
25999 4231e000
26000 42320000
26001 42322000
26002 42324000
26003 42326000
26004 42328000
26005 4232a000
26006 4232c000
26007 4232e000
26008 42330000
26009 42332000
26010 42334000
26011 42336000
26012 42338000
26013 4233a000
26014 4233c000
26015 4233e000
26016 42340000
26017 42342000
26018 42344000
26019 42346000
26020 42348000
26021 4234a000
26022 4234c000
26023 4234e000
26024 42350000
26025 42352000
26026 42354000
26027 42356000
26028 42358000
26029 4235a000
26030 4235c000
26031 4235e000
26032 42360000
26033 42362000
26034 42364000
26035 42366000
26036 42368000
26037 4236a000
26038 4236c000
26039 4236e000
26040 42370000
26041 42372000
26042 42374000
26043 42376000
26044 42378000
26045 4237a000
26046 4237c000
26047 4237e000
26048 42380000
26049 42382000
26050 42384000
26051 42386000
26052 42388000
26053 4238a000
26054 4238c000
26055 4238e000
26056 42390000
26057 42392000
26058 42394000
26059 42396000
26060 42398000
26061 4239a000
26062 4239c000
26063 4239e000
26064 423a0000
26065 423a2000
26066 423a4000
26067 423a6000
26068 423a8000
26069 423aa000
26070 423ac000
26071 423ae000
26072 423b0000
26073 423b2000
26074 423b4000
26075 423b6000
26076 423b8000
26077 423ba000
26078 423bc000
26079 423be000
26080 423c0000
26081 423c2000
26082 423c4000
26083 423c6000
26084 423c8000
26085 423ca000
26086 423cc000
26087 423ce000
26088 423d0000
26089 423d2000
26090 423d4000
26091 423d6000
26092 423d8000
26093 423da000
26094 423dc000
26095 423de000
26096 423e0000
26097 423e2000
26098 423e4000
26099 423e6000
26100 423e8000
26101 423ea000
26102 423ec000
26103 423ee000
26104 423f0000
26105 423f2000
26106 423f4000
26107 423f6000
26108 423f8000
26109 423fa000
26110 423fc000
26111 423fe000
26112 42400000
26113 42402000
26114 42404000
26115 42406000
26116 42408000
26117 4240a000
26118 4240c000
26119 4240e000
26120 42410000
26121 42412000
26122 42414000
26123 42416000
26124 42418000
26125 4241a000
26126 4241c000
26127 4241e000
26128 42420000
26129 42422000
26130 42424000
26131 42426000
26132 42428000
26133 4242a000
26134 4242c000
26135 4242e000
26136 42430000
26137 42432000
26138 42434000
26139 42436000
26140 42438000
26141 4243a000
26142 4243c000
26143 4243e000
26144 42440000
26145 42442000
26146 42444000
26147 42446000
26148 42448000
26149 4244a000
26150 4244c000
26151 4244e000
26152 42450000
26153 42452000
26154 42454000
26155 42456000
26156 42458000
26157 4245a000
26158 4245c000
26159 4245e000
26160 42460000
26161 42462000
26162 42464000
26163 42466000
26164 42468000
26165 4246a000
26166 4246c000
26167 4246e000
26168 42470000
26169 42472000
26170 42474000
26171 42476000
26172 42478000
26173 4247a000
26174 4247c000
26175 4247e000
26176 42480000
26177 42482000
26178 42484000
26179 42486000
26180 42488000
26181 4248a000
26182 4248c000
26183 4248e000
26184 42490000
26185 42492000
26186 42494000
26187 42496000
26188 42498000
26189 4249a000
26190 4249c000
26191 4249e000
26192 424a0000
26193 424a2000
26194 424a4000
26195 424a6000
26196 424a8000
26197 424aa000
26198 424ac000
26199 424ae000
26200 424b0000
26201 424b2000
26202 424b4000
26203 424b6000
26204 424b8000
26205 424ba000
26206 424bc000
26207 424be000
26208 424c0000
26209 424c2000
26210 424c4000
26211 424c6000
26212 424c8000
26213 424ca000
26214 424cc000
26215 424ce000
26216 424d0000
26217 424d2000
26218 424d4000
26219 424d6000
26220 424d8000
26221 424da000
26222 424dc000
26223 424de000
26224 424e0000
26225 424e2000
26226 424e4000
26227 424e6000
26228 424e8000
26229 424ea000
26230 424ec000
26231 424ee000
26232 424f0000
26233 424f2000
26234 424f4000
26235 424f6000
26236 424f8000
26237 424fa000
26238 424fc000
26239 424fe000
26240 42500000
26241 42502000
26242 42504000
26243 42506000
26244 42508000
26245 4250a000
26246 4250c000
26247 4250e000
26248 42510000
26249 42512000
26250 42514000
26251 42516000
26252 42518000
26253 4251a000
26254 4251c000
26255 4251e000
26256 42520000
26257 42522000
26258 42524000
26259 42526000
26260 42528000
26261 4252a000
26262 4252c000
26263 4252e000
26264 42530000
26265 42532000
26266 42534000
26267 42536000
26268 42538000
26269 4253a000
26270 4253c000
26271 4253e000
26272 42540000
26273 42542000
26274 42544000
26275 42546000
26276 42548000
26277 4254a000
26278 4254c000
26279 4254e000
26280 42550000
26281 42552000
26282 42554000
26283 42556000
26284 42558000
26285 4255a000
26286 4255c000
26287 4255e000
26288 42560000
26289 42562000
26290 42564000
26291 42566000
26292 42568000
26293 4256a000
26294 4256c000
26295 4256e000
26296 42570000
26297 42572000
26298 42574000
26299 42576000
26300 42578000
26301 4257a000
26302 4257c000
26303 4257e000
26304 42580000
26305 42582000
26306 42584000
26307 42586000
26308 42588000
26309 4258a000
26310 4258c000
26311 4258e000
26312 42590000
26313 42592000
26314 42594000
26315 42596000
26316 42598000
26317 4259a000
26318 4259c000
26319 4259e000
26320 425a0000
26321 425a2000
26322 425a4000
26323 425a6000
26324 425a8000
26325 425aa000
26326 425ac000
26327 425ae000
26328 425b0000
26329 425b2000
26330 425b4000
26331 425b6000
26332 425b8000
26333 425ba000
26334 425bc000
26335 425be000
26336 425c0000
26337 425c2000
26338 425c4000
26339 425c6000
26340 425c8000
26341 425ca000
26342 425cc000
26343 425ce000
26344 425d0000
26345 425d2000
26346 425d4000
26347 425d6000
26348 425d8000
26349 425da000
26350 425dc000
26351 425de000
26352 425e0000
26353 425e2000
26354 425e4000
26355 425e6000
26356 425e8000
26357 425ea000
26358 425ec000
26359 425ee000
26360 425f0000
26361 425f2000
26362 425f4000
26363 425f6000
26364 425f8000
26365 425fa000
26366 425fc000
26367 425fe000
26368 42600000
26369 42602000
26370 42604000
26371 42606000
26372 42608000
26373 4260a000
26374 4260c000
26375 4260e000
26376 42610000
26377 42612000
26378 42614000
26379 42616000
26380 42618000
26381 4261a000
26382 4261c000
26383 4261e000
26384 42620000
26385 42622000
26386 42624000
26387 42626000
26388 42628000
26389 4262a000
26390 4262c000
26391 4262e000
26392 42630000
26393 42632000
26394 42634000
26395 42636000
26396 42638000
26397 4263a000
26398 4263c000
26399 4263e000
26400 42640000
26401 42642000
26402 42644000
26403 42646000
26404 42648000
26405 4264a000
26406 4264c000
26407 4264e000
26408 42650000
26409 42652000
26410 42654000
26411 42656000
26412 42658000
26413 4265a000
26414 4265c000
26415 4265e000
26416 42660000
26417 42662000
26418 42664000
26419 42666000
26420 42668000
26421 4266a000
26422 4266c000
26423 4266e000
26424 42670000
26425 42672000
26426 42674000
26427 42676000
26428 42678000
26429 4267a000
26430 4267c000
26431 4267e000
26432 42680000
26433 42682000
26434 42684000
26435 42686000
26436 42688000
26437 4268a000
26438 4268c000
26439 4268e000
26440 42690000
26441 42692000
26442 42694000
26443 42696000
26444 42698000
26445 4269a000
26446 4269c000
26447 4269e000
26448 426a0000
26449 426a2000
26450 426a4000
26451 426a6000
26452 426a8000
26453 426aa000
26454 426ac000
26455 426ae000
26456 426b0000
26457 426b2000
26458 426b4000
26459 426b6000
26460 426b8000
26461 426ba000
26462 426bc000
26463 426be000
26464 426c0000
26465 426c2000
26466 426c4000
26467 426c6000
26468 426c8000
26469 426ca000
26470 426cc000
26471 426ce000
26472 426d0000
26473 426d2000
26474 426d4000
26475 426d6000
26476 426d8000
26477 426da000
26478 426dc000
26479 426de000
26480 426e0000
26481 426e2000
26482 426e4000
26483 426e6000
26484 426e8000
26485 426ea000
26486 426ec000
26487 426ee000
26488 426f0000
26489 426f2000
26490 426f4000
26491 426f6000
26492 426f8000
26493 426fa000
26494 426fc000
26495 426fe000
26496 42700000
26497 42702000
26498 42704000
26499 42706000
26500 42708000
26501 4270a000
26502 4270c000
26503 4270e000
26504 42710000
26505 42712000
26506 42714000
26507 42716000
26508 42718000
26509 4271a000
26510 4271c000
26511 4271e000
26512 42720000
26513 42722000
26514 42724000
26515 42726000
26516 42728000
26517 4272a000
26518 4272c000
26519 4272e000
26520 42730000
26521 42732000
26522 42734000
26523 42736000
26524 42738000
26525 4273a000
26526 4273c000
26527 4273e000
26528 42740000
26529 42742000
26530 42744000
26531 42746000
26532 42748000
26533 4274a000
26534 4274c000
26535 4274e000
26536 42750000
26537 42752000
26538 42754000
26539 42756000
26540 42758000
26541 4275a000
26542 4275c000
26543 4275e000
26544 42760000
26545 42762000
26546 42764000
26547 42766000
26548 42768000
26549 4276a000
26550 4276c000
26551 4276e000
26552 42770000
26553 42772000
26554 42774000
26555 42776000
26556 42778000
26557 4277a000
26558 4277c000
26559 4277e000
26560 42780000
26561 42782000
26562 42784000
26563 42786000
26564 42788000
26565 4278a000
26566 4278c000
26567 4278e000
26568 42790000
26569 42792000
26570 42794000
26571 42796000
26572 42798000
26573 4279a000
26574 4279c000
26575 4279e000
26576 427a0000
26577 427a2000
26578 427a4000
26579 427a6000
26580 427a8000
26581 427aa000
26582 427ac000
26583 427ae000
26584 427b0000
26585 427b2000
26586 427b4000
26587 427b6000
26588 427b8000
26589 427ba000
26590 427bc000
26591 427be000
26592 427c0000
26593 427c2000
26594 427c4000
26595 427c6000
26596 427c8000
26597 427ca000
26598 427cc000
26599 427ce000
26600 427d0000
26601 427d2000
26602 427d4000
26603 427d6000
26604 427d8000
26605 427da000
26606 427dc000
26607 427de000
26608 427e0000
26609 427e2000
26610 427e4000
26611 427e6000
26612 427e8000
26613 427ea000
26614 427ec000
26615 427ee000
26616 427f0000
26617 427f2000
26618 427f4000
26619 427f6000
26620 427f8000
26621 427fa000
26622 427fc000
26623 427fe000
26624 42800000
26625 42802000
26626 42804000
26627 42806000
26628 42808000
26629 4280a000
26630 4280c000
26631 4280e000
26632 42810000
26633 42812000
26634 42814000
26635 42816000
26636 42818000
26637 4281a000
26638 4281c000
26639 4281e000
26640 42820000
26641 42822000
26642 42824000
26643 42826000
26644 42828000
26645 4282a000
26646 4282c000
26647 4282e000
26648 42830000
26649 42832000
26650 42834000
26651 42836000
26652 42838000
26653 4283a000
26654 4283c000
26655 4283e000
26656 42840000
26657 42842000
26658 42844000
26659 42846000
26660 42848000
26661 4284a000
26662 4284c000
26663 4284e000
26664 42850000
26665 42852000
26666 42854000
26667 42856000
26668 42858000
26669 4285a000
26670 4285c000
26671 4285e000
26672 42860000
26673 42862000
26674 42864000
26675 42866000
26676 42868000
26677 4286a000
26678 4286c000
26679 4286e000
26680 42870000
26681 42872000
26682 42874000
26683 42876000
26684 42878000
26685 4287a000
26686 4287c000
26687 4287e000
26688 42880000
26689 42882000
26690 42884000
26691 42886000
26692 42888000
26693 4288a000
26694 4288c000
26695 4288e000
26696 42890000
26697 42892000
26698 42894000
26699 42896000
26700 42898000
26701 4289a000
26702 4289c000
26703 4289e000
26704 428a0000
26705 428a2000
26706 428a4000
26707 428a6000
26708 428a8000
26709 428aa000
26710 428ac000
26711 428ae000
26712 428b0000
26713 428b2000
26714 428b4000
26715 428b6000
26716 428b8000
26717 428ba000
26718 428bc000
26719 428be000
26720 428c0000
26721 428c2000
26722 428c4000
26723 428c6000
26724 428c8000
26725 428ca000
26726 428cc000
26727 428ce000
26728 428d0000
26729 428d2000
26730 428d4000
26731 428d6000
26732 428d8000
26733 428da000
26734 428dc000
26735 428de000
26736 428e0000
26737 428e2000
26738 428e4000
26739 428e6000
26740 428e8000
26741 428ea000
26742 428ec000
26743 428ee000
26744 428f0000
26745 428f2000
26746 428f4000
26747 428f6000
26748 428f8000
26749 428fa000
26750 428fc000
26751 428fe000
26752 42900000
26753 42902000
26754 42904000
26755 42906000
26756 42908000
26757 4290a000
26758 4290c000
26759 4290e000
26760 42910000
26761 42912000
26762 42914000
26763 42916000
26764 42918000
26765 4291a000
26766 4291c000
26767 4291e000
26768 42920000
26769 42922000
26770 42924000
26771 42926000
26772 42928000
26773 4292a000
26774 4292c000
26775 4292e000
26776 42930000
26777 42932000
26778 42934000
26779 42936000
26780 42938000
26781 4293a000
26782 4293c000
26783 4293e000
26784 42940000
26785 42942000
26786 42944000
26787 42946000
26788 42948000
26789 4294a000
26790 4294c000
26791 4294e000
26792 42950000
26793 42952000
26794 42954000
26795 42956000
26796 42958000
26797 4295a000
26798 4295c000
26799 4295e000
26800 42960000
26801 42962000
26802 42964000
26803 42966000
26804 42968000
26805 4296a000
26806 4296c000
26807 4296e000
26808 42970000
26809 42972000
26810 42974000
26811 42976000
26812 42978000
26813 4297a000
26814 4297c000
26815 4297e000
26816 42980000
26817 42982000
26818 42984000
26819 42986000
26820 42988000
26821 4298a000
26822 4298c000
26823 4298e000
26824 42990000
26825 42992000
26826 42994000
26827 42996000
26828 42998000
26829 4299a000
26830 4299c000
26831 4299e000
26832 429a0000
26833 429a2000
26834 429a4000
26835 429a6000
26836 429a8000
26837 429aa000
26838 429ac000
26839 429ae000
26840 429b0000
26841 429b2000
26842 429b4000
26843 429b6000
26844 429b8000
26845 429ba000
26846 429bc000
26847 429be000
26848 429c0000
26849 429c2000
26850 429c4000
26851 429c6000
26852 429c8000
26853 429ca000
26854 429cc000
26855 429ce000
26856 429d0000
26857 429d2000
26858 429d4000
26859 429d6000
26860 429d8000
26861 429da000
26862 429dc000
26863 429de000
26864 429e0000
26865 429e2000
26866 429e4000
26867 429e6000
26868 429e8000
26869 429ea000
26870 429ec000
26871 429ee000
26872 429f0000
26873 429f2000
26874 429f4000
26875 429f6000
26876 429f8000
26877 429fa000
26878 429fc000
26879 429fe000
26880 42a00000
26881 42a02000
26882 42a04000
26883 42a06000
26884 42a08000
26885 42a0a000
26886 42a0c000
26887 42a0e000
26888 42a10000
26889 42a12000
26890 42a14000
26891 42a16000
26892 42a18000
26893 42a1a000
26894 42a1c000
26895 42a1e000
26896 42a20000
26897 42a22000
26898 42a24000
26899 42a26000
26900 42a28000
26901 42a2a000
26902 42a2c000
26903 42a2e000
26904 42a30000
26905 42a32000
26906 42a34000
26907 42a36000
26908 42a38000
26909 42a3a000
26910 42a3c000
26911 42a3e000
26912 42a40000
26913 42a42000
26914 42a44000
26915 42a46000
26916 42a48000
26917 42a4a000
26918 42a4c000
26919 42a4e000
26920 42a50000
26921 42a52000
26922 42a54000
26923 42a56000
26924 42a58000
26925 42a5a000
26926 42a5c000
26927 42a5e000
26928 42a60000
26929 42a62000
26930 42a64000
26931 42a66000
26932 42a68000
26933 42a6a000
26934 42a6c000
26935 42a6e000
26936 42a70000
26937 42a72000
26938 42a74000
26939 42a76000
26940 42a78000
26941 42a7a000
26942 42a7c000
26943 42a7e000
26944 42a80000
26945 42a82000
26946 42a84000
26947 42a86000
26948 42a88000
26949 42a8a000
26950 42a8c000
26951 42a8e000
26952 42a90000
26953 42a92000
26954 42a94000
26955 42a96000
26956 42a98000
26957 42a9a000
26958 42a9c000
26959 42a9e000
26960 42aa0000
26961 42aa2000
26962 42aa4000
26963 42aa6000
26964 42aa8000
26965 42aaa000
26966 42aac000
26967 42aae000
26968 42ab0000
26969 42ab2000
26970 42ab4000
26971 42ab6000
26972 42ab8000
26973 42aba000
26974 42abc000
26975 42abe000
26976 42ac0000
26977 42ac2000
26978 42ac4000
26979 42ac6000
26980 42ac8000
26981 42aca000
26982 42acc000
26983 42ace000
26984 42ad0000
26985 42ad2000
26986 42ad4000
26987 42ad6000
26988 42ad8000
26989 42ada000
26990 42adc000
26991 42ade000
26992 42ae0000
26993 42ae2000
26994 42ae4000
26995 42ae6000
26996 42ae8000
26997 42aea000
26998 42aec000
26999 42aee000
27000 42af0000
27001 42af2000
27002 42af4000
27003 42af6000
27004 42af8000
27005 42afa000
27006 42afc000
27007 42afe000
27008 42b00000
27009 42b02000
27010 42b04000
27011 42b06000
27012 42b08000
27013 42b0a000
27014 42b0c000
27015 42b0e000
27016 42b10000
27017 42b12000
27018 42b14000
27019 42b16000
27020 42b18000
27021 42b1a000
27022 42b1c000
27023 42b1e000
27024 42b20000
27025 42b22000
27026 42b24000
27027 42b26000
27028 42b28000
27029 42b2a000
27030 42b2c000
27031 42b2e000
27032 42b30000
27033 42b32000
27034 42b34000
27035 42b36000
27036 42b38000
27037 42b3a000
27038 42b3c000
27039 42b3e000
27040 42b40000
27041 42b42000
27042 42b44000
27043 42b46000
27044 42b48000
27045 42b4a000
27046 42b4c000
27047 42b4e000
27048 42b50000
27049 42b52000
27050 42b54000
27051 42b56000
27052 42b58000
27053 42b5a000
27054 42b5c000
27055 42b5e000
27056 42b60000
27057 42b62000
27058 42b64000
27059 42b66000
27060 42b68000
27061 42b6a000
27062 42b6c000
27063 42b6e000
27064 42b70000
27065 42b72000
27066 42b74000
27067 42b76000
27068 42b78000
27069 42b7a000
27070 42b7c000
27071 42b7e000
27072 42b80000
27073 42b82000
27074 42b84000
27075 42b86000
27076 42b88000
27077 42b8a000
27078 42b8c000
27079 42b8e000
27080 42b90000
27081 42b92000
27082 42b94000
27083 42b96000
27084 42b98000
27085 42b9a000
27086 42b9c000
27087 42b9e000
27088 42ba0000
27089 42ba2000
27090 42ba4000
27091 42ba6000
27092 42ba8000
27093 42baa000
27094 42bac000
27095 42bae000
27096 42bb0000
27097 42bb2000
27098 42bb4000
27099 42bb6000
27100 42bb8000
27101 42bba000
27102 42bbc000
27103 42bbe000
27104 42bc0000
27105 42bc2000
27106 42bc4000
27107 42bc6000
27108 42bc8000
27109 42bca000
27110 42bcc000
27111 42bce000
27112 42bd0000
27113 42bd2000
27114 42bd4000
27115 42bd6000
27116 42bd8000
27117 42bda000
27118 42bdc000
27119 42bde000
27120 42be0000
27121 42be2000
27122 42be4000
27123 42be6000
27124 42be8000
27125 42bea000
27126 42bec000
27127 42bee000
27128 42bf0000
27129 42bf2000
27130 42bf4000
27131 42bf6000
27132 42bf8000
27133 42bfa000
27134 42bfc000
27135 42bfe000
27136 42c00000
27137 42c02000
27138 42c04000
27139 42c06000
27140 42c08000
27141 42c0a000
27142 42c0c000
27143 42c0e000
27144 42c10000
27145 42c12000
27146 42c14000
27147 42c16000
27148 42c18000
27149 42c1a000
27150 42c1c000
27151 42c1e000
27152 42c20000
27153 42c22000
27154 42c24000
27155 42c26000
27156 42c28000
27157 42c2a000
27158 42c2c000
27159 42c2e000
27160 42c30000
27161 42c32000
27162 42c34000
27163 42c36000
27164 42c38000
27165 42c3a000
27166 42c3c000
27167 42c3e000
27168 42c40000
27169 42c42000
27170 42c44000
27171 42c46000
27172 42c48000
27173 42c4a000
27174 42c4c000
27175 42c4e000
27176 42c50000
27177 42c52000
27178 42c54000
27179 42c56000
27180 42c58000
27181 42c5a000
27182 42c5c000
27183 42c5e000
27184 42c60000
27185 42c62000
27186 42c64000
27187 42c66000
27188 42c68000
27189 42c6a000
27190 42c6c000
27191 42c6e000
27192 42c70000
27193 42c72000
27194 42c74000
27195 42c76000
27196 42c78000
27197 42c7a000
27198 42c7c000
27199 42c7e000
27200 42c80000
27201 42c82000
27202 42c84000
27203 42c86000
27204 42c88000
27205 42c8a000
27206 42c8c000
27207 42c8e000
27208 42c90000
27209 42c92000
27210 42c94000
27211 42c96000
27212 42c98000
27213 42c9a000
27214 42c9c000
27215 42c9e000
27216 42ca0000
27217 42ca2000
27218 42ca4000
27219 42ca6000
27220 42ca8000
27221 42caa000
27222 42cac000
27223 42cae000
27224 42cb0000
27225 42cb2000
27226 42cb4000
27227 42cb6000
27228 42cb8000
27229 42cba000
27230 42cbc000
27231 42cbe000
27232 42cc0000
27233 42cc2000
27234 42cc4000
27235 42cc6000
27236 42cc8000
27237 42cca000
27238 42ccc000
27239 42cce000
27240 42cd0000
27241 42cd2000
27242 42cd4000
27243 42cd6000
27244 42cd8000
27245 42cda000
27246 42cdc000
27247 42cde000
27248 42ce0000
27249 42ce2000
27250 42ce4000
27251 42ce6000
27252 42ce8000
27253 42cea000
27254 42cec000
27255 42cee000
27256 42cf0000
27257 42cf2000
27258 42cf4000
27259 42cf6000
27260 42cf8000
27261 42cfa000
27262 42cfc000
27263 42cfe000
27264 42d00000
27265 42d02000
27266 42d04000
27267 42d06000
27268 42d08000
27269 42d0a000
27270 42d0c000
27271 42d0e000
27272 42d10000
27273 42d12000
27274 42d14000
27275 42d16000
27276 42d18000
27277 42d1a000
27278 42d1c000
27279 42d1e000
27280 42d20000
27281 42d22000
27282 42d24000
27283 42d26000
27284 42d28000
27285 42d2a000
27286 42d2c000
27287 42d2e000
27288 42d30000
27289 42d32000
27290 42d34000
27291 42d36000
27292 42d38000
27293 42d3a000
27294 42d3c000
27295 42d3e000
27296 42d40000
27297 42d42000
27298 42d44000
27299 42d46000
27300 42d48000
27301 42d4a000
27302 42d4c000
27303 42d4e000
27304 42d50000
27305 42d52000
27306 42d54000
27307 42d56000
27308 42d58000
27309 42d5a000
27310 42d5c000
27311 42d5e000
27312 42d60000
27313 42d62000
27314 42d64000
27315 42d66000
27316 42d68000
27317 42d6a000
27318 42d6c000
27319 42d6e000
27320 42d70000
27321 42d72000
27322 42d74000
27323 42d76000
27324 42d78000
27325 42d7a000
27326 42d7c000
27327 42d7e000
27328 42d80000
27329 42d82000
27330 42d84000
27331 42d86000
27332 42d88000
27333 42d8a000
27334 42d8c000
27335 42d8e000
27336 42d90000
27337 42d92000
27338 42d94000
27339 42d96000
27340 42d98000
27341 42d9a000
27342 42d9c000
27343 42d9e000
27344 42da0000
27345 42da2000
27346 42da4000
27347 42da6000
27348 42da8000
27349 42daa000
27350 42dac000
27351 42dae000
27352 42db0000
27353 42db2000
27354 42db4000
27355 42db6000
27356 42db8000
27357 42dba000
27358 42dbc000
27359 42dbe000
27360 42dc0000
27361 42dc2000
27362 42dc4000
27363 42dc6000
27364 42dc8000
27365 42dca000
27366 42dcc000
27367 42dce000
27368 42dd0000
27369 42dd2000
27370 42dd4000
27371 42dd6000
27372 42dd8000
27373 42dda000
27374 42ddc000
27375 42dde000
27376 42de0000
27377 42de2000
27378 42de4000
27379 42de6000
27380 42de8000
27381 42dea000
27382 42dec000
27383 42dee000
27384 42df0000
27385 42df2000
27386 42df4000
27387 42df6000
27388 42df8000
27389 42dfa000
27390 42dfc000
27391 42dfe000
27392 42e00000
27393 42e02000
27394 42e04000
27395 42e06000
27396 42e08000
27397 42e0a000
27398 42e0c000
27399 42e0e000
27400 42e10000
27401 42e12000
27402 42e14000
27403 42e16000
27404 42e18000
27405 42e1a000
27406 42e1c000
27407 42e1e000
27408 42e20000
27409 42e22000
27410 42e24000
27411 42e26000
27412 42e28000
27413 42e2a000
27414 42e2c000
27415 42e2e000
27416 42e30000
27417 42e32000
27418 42e34000
27419 42e36000
27420 42e38000
27421 42e3a000
27422 42e3c000
27423 42e3e000
27424 42e40000
27425 42e42000
27426 42e44000
27427 42e46000
27428 42e48000
27429 42e4a000
27430 42e4c000
27431 42e4e000
27432 42e50000
27433 42e52000
27434 42e54000
27435 42e56000
27436 42e58000
27437 42e5a000
27438 42e5c000
27439 42e5e000
27440 42e60000
27441 42e62000
27442 42e64000
27443 42e66000
27444 42e68000
27445 42e6a000
27446 42e6c000
27447 42e6e000
27448 42e70000
27449 42e72000
27450 42e74000
27451 42e76000
27452 42e78000
27453 42e7a000
27454 42e7c000
27455 42e7e000
27456 42e80000
27457 42e82000
27458 42e84000
27459 42e86000
27460 42e88000
27461 42e8a000
27462 42e8c000
27463 42e8e000
27464 42e90000
27465 42e92000
27466 42e94000
27467 42e96000
27468 42e98000
27469 42e9a000
27470 42e9c000
27471 42e9e000
27472 42ea0000
27473 42ea2000
27474 42ea4000
27475 42ea6000
27476 42ea8000
27477 42eaa000
27478 42eac000
27479 42eae000
27480 42eb0000
27481 42eb2000
27482 42eb4000
27483 42eb6000
27484 42eb8000
27485 42eba000
27486 42ebc000
27487 42ebe000
27488 42ec0000
27489 42ec2000
27490 42ec4000
27491 42ec6000
27492 42ec8000
27493 42eca000
27494 42ecc000
27495 42ece000
27496 42ed0000
27497 42ed2000
27498 42ed4000
27499 42ed6000
27500 42ed8000
27501 42eda000
27502 42edc000
27503 42ede000
27504 42ee0000
27505 42ee2000
27506 42ee4000
27507 42ee6000
27508 42ee8000
27509 42eea000
27510 42eec000
27511 42eee000
27512 42ef0000
27513 42ef2000
27514 42ef4000
27515 42ef6000
27516 42ef8000
27517 42efa000
27518 42efc000
27519 42efe000
27520 42f00000
27521 42f02000
27522 42f04000
27523 42f06000
27524 42f08000
27525 42f0a000
27526 42f0c000
27527 42f0e000
27528 42f10000
27529 42f12000
27530 42f14000
27531 42f16000
27532 42f18000
27533 42f1a000
27534 42f1c000
27535 42f1e000
27536 42f20000
27537 42f22000
27538 42f24000
27539 42f26000
27540 42f28000
27541 42f2a000
27542 42f2c000
27543 42f2e000
27544 42f30000
27545 42f32000
27546 42f34000
27547 42f36000
27548 42f38000
27549 42f3a000
27550 42f3c000
27551 42f3e000
27552 42f40000
27553 42f42000
27554 42f44000
27555 42f46000
27556 42f48000
27557 42f4a000
27558 42f4c000
27559 42f4e000
27560 42f50000
27561 42f52000
27562 42f54000
27563 42f56000
27564 42f58000
27565 42f5a000
27566 42f5c000
27567 42f5e000
27568 42f60000
27569 42f62000
27570 42f64000
27571 42f66000
27572 42f68000
27573 42f6a000
27574 42f6c000
27575 42f6e000
27576 42f70000
27577 42f72000
27578 42f74000
27579 42f76000
27580 42f78000
27581 42f7a000
27582 42f7c000
27583 42f7e000
27584 42f80000
27585 42f82000
27586 42f84000
27587 42f86000
27588 42f88000
27589 42f8a000
27590 42f8c000
27591 42f8e000
27592 42f90000
27593 42f92000
27594 42f94000
27595 42f96000
27596 42f98000
27597 42f9a000
27598 42f9c000
27599 42f9e000
27600 42fa0000
27601 42fa2000
27602 42fa4000
27603 42fa6000
27604 42fa8000
27605 42faa000
27606 42fac000
27607 42fae000
27608 42fb0000
27609 42fb2000
27610 42fb4000
27611 42fb6000
27612 42fb8000
27613 42fba000
27614 42fbc000
27615 42fbe000
27616 42fc0000
27617 42fc2000
27618 42fc4000
27619 42fc6000
27620 42fc8000
27621 42fca000
27622 42fcc000
27623 42fce000
27624 42fd0000
27625 42fd2000
27626 42fd4000
27627 42fd6000
27628 42fd8000
27629 42fda000
27630 42fdc000
27631 42fde000
27632 42fe0000
27633 42fe2000
27634 42fe4000
27635 42fe6000
27636 42fe8000
27637 42fea000
27638 42fec000
27639 42fee000
27640 42ff0000
27641 42ff2000
27642 42ff4000
27643 42ff6000
27644 42ff8000
27645 42ffa000
27646 42ffc000
27647 42ffe000
27648 43000000
27649 43002000
27650 43004000
27651 43006000
27652 43008000
27653 4300a000
27654 4300c000
27655 4300e000
27656 43010000
27657 43012000
27658 43014000
27659 43016000
27660 43018000
27661 4301a000
27662 4301c000
27663 4301e000
27664 43020000
27665 43022000
27666 43024000
27667 43026000
27668 43028000
27669 4302a000
27670 4302c000
27671 4302e000
27672 43030000
27673 43032000
27674 43034000
27675 43036000
27676 43038000
27677 4303a000
27678 4303c000
27679 4303e000
27680 43040000
27681 43042000
27682 43044000
27683 43046000
27684 43048000
27685 4304a000
27686 4304c000
27687 4304e000
27688 43050000
27689 43052000
27690 43054000
27691 43056000
27692 43058000
27693 4305a000
27694 4305c000
27695 4305e000
27696 43060000
27697 43062000
27698 43064000
27699 43066000
27700 43068000
27701 4306a000
27702 4306c000
27703 4306e000
27704 43070000
27705 43072000
27706 43074000
27707 43076000
27708 43078000
27709 4307a000
27710 4307c000
27711 4307e000
27712 43080000
27713 43082000
27714 43084000
27715 43086000
27716 43088000
27717 4308a000
27718 4308c000
27719 4308e000
27720 43090000
27721 43092000
27722 43094000
27723 43096000
27724 43098000
27725 4309a000
27726 4309c000
27727 4309e000
27728 430a0000
27729 430a2000
27730 430a4000
27731 430a6000
27732 430a8000
27733 430aa000
27734 430ac000
27735 430ae000
27736 430b0000
27737 430b2000
27738 430b4000
27739 430b6000
27740 430b8000
27741 430ba000
27742 430bc000
27743 430be000
27744 430c0000
27745 430c2000
27746 430c4000
27747 430c6000
27748 430c8000
27749 430ca000
27750 430cc000
27751 430ce000
27752 430d0000
27753 430d2000
27754 430d4000
27755 430d6000
27756 430d8000
27757 430da000
27758 430dc000
27759 430de000
27760 430e0000
27761 430e2000
27762 430e4000
27763 430e6000
27764 430e8000
27765 430ea000
27766 430ec000
27767 430ee000
27768 430f0000
27769 430f2000
27770 430f4000
27771 430f6000
27772 430f8000
27773 430fa000
27774 430fc000
27775 430fe000
27776 43100000
27777 43102000
27778 43104000
27779 43106000
27780 43108000
27781 4310a000
27782 4310c000
27783 4310e000
27784 43110000
27785 43112000
27786 43114000
27787 43116000
27788 43118000
27789 4311a000
27790 4311c000
27791 4311e000
27792 43120000
27793 43122000
27794 43124000
27795 43126000
27796 43128000
27797 4312a000
27798 4312c000
27799 4312e000
27800 43130000
27801 43132000
27802 43134000
27803 43136000
27804 43138000
27805 4313a000
27806 4313c000
27807 4313e000
27808 43140000
27809 43142000
27810 43144000
27811 43146000
27812 43148000
27813 4314a000
27814 4314c000
27815 4314e000
27816 43150000
27817 43152000
27818 43154000
27819 43156000
27820 43158000
27821 4315a000
27822 4315c000
27823 4315e000
27824 43160000
27825 43162000
27826 43164000
27827 43166000
27828 43168000
27829 4316a000
27830 4316c000
27831 4316e000
27832 43170000
27833 43172000
27834 43174000
27835 43176000
27836 43178000
27837 4317a000
27838 4317c000
27839 4317e000
27840 43180000
27841 43182000
27842 43184000
27843 43186000
27844 43188000
27845 4318a000
27846 4318c000
27847 4318e000
27848 43190000
27849 43192000
27850 43194000
27851 43196000
27852 43198000
27853 4319a000
27854 4319c000
27855 4319e000
27856 431a0000
27857 431a2000
27858 431a4000
27859 431a6000
27860 431a8000
27861 431aa000
27862 431ac000
27863 431ae000
27864 431b0000
27865 431b2000
27866 431b4000
27867 431b6000
27868 431b8000
27869 431ba000
27870 431bc000
27871 431be000
27872 431c0000
27873 431c2000
27874 431c4000
27875 431c6000
27876 431c8000
27877 431ca000
27878 431cc000
27879 431ce000
27880 431d0000
27881 431d2000
27882 431d4000
27883 431d6000
27884 431d8000
27885 431da000
27886 431dc000
27887 431de000
27888 431e0000
27889 431e2000
27890 431e4000
27891 431e6000
27892 431e8000
27893 431ea000
27894 431ec000
27895 431ee000
27896 431f0000
27897 431f2000
27898 431f4000
27899 431f6000
27900 431f8000
27901 431fa000
27902 431fc000
27903 431fe000
27904 43200000
27905 43202000
27906 43204000
27907 43206000
27908 43208000
27909 4320a000
27910 4320c000
27911 4320e000
27912 43210000
27913 43212000
27914 43214000
27915 43216000
27916 43218000
27917 4321a000
27918 4321c000
27919 4321e000
27920 43220000
27921 43222000
27922 43224000
27923 43226000
27924 43228000
27925 4322a000
27926 4322c000
27927 4322e000
27928 43230000
27929 43232000
27930 43234000
27931 43236000
27932 43238000
27933 4323a000
27934 4323c000
27935 4323e000
27936 43240000
27937 43242000
27938 43244000
27939 43246000
27940 43248000
27941 4324a000
27942 4324c000
27943 4324e000
27944 43250000
27945 43252000
27946 43254000
27947 43256000
27948 43258000
27949 4325a000
27950 4325c000
27951 4325e000
27952 43260000
27953 43262000
27954 43264000
27955 43266000
27956 43268000
27957 4326a000
27958 4326c000
27959 4326e000
27960 43270000
27961 43272000
27962 43274000
27963 43276000
27964 43278000
27965 4327a000
27966 4327c000
27967 4327e000
27968 43280000
27969 43282000
27970 43284000
27971 43286000
27972 43288000
27973 4328a000
27974 4328c000
27975 4328e000
27976 43290000
27977 43292000
27978 43294000
27979 43296000
27980 43298000
27981 4329a000
27982 4329c000
27983 4329e000
27984 432a0000
27985 432a2000
27986 432a4000
27987 432a6000
27988 432a8000
27989 432aa000
27990 432ac000
27991 432ae000
27992 432b0000
27993 432b2000
27994 432b4000
27995 432b6000
27996 432b8000
27997 432ba000
27998 432bc000
27999 432be000
28000 432c0000
28001 432c2000
28002 432c4000
28003 432c6000
28004 432c8000
28005 432ca000
28006 432cc000
28007 432ce000
28008 432d0000
28009 432d2000
28010 432d4000
28011 432d6000
28012 432d8000
28013 432da000
28014 432dc000
28015 432de000
28016 432e0000
28017 432e2000
28018 432e4000
28019 432e6000
28020 432e8000
28021 432ea000
28022 432ec000
28023 432ee000
28024 432f0000
28025 432f2000
28026 432f4000
28027 432f6000
28028 432f8000
28029 432fa000
28030 432fc000
28031 432fe000
28032 43300000
28033 43302000
28034 43304000
28035 43306000
28036 43308000
28037 4330a000
28038 4330c000
28039 4330e000
28040 43310000
28041 43312000
28042 43314000
28043 43316000
28044 43318000
28045 4331a000
28046 4331c000
28047 4331e000
28048 43320000
28049 43322000
28050 43324000
28051 43326000
28052 43328000
28053 4332a000
28054 4332c000
28055 4332e000
28056 43330000
28057 43332000
28058 43334000
28059 43336000
28060 43338000
28061 4333a000
28062 4333c000
28063 4333e000
28064 43340000
28065 43342000
28066 43344000
28067 43346000
28068 43348000
28069 4334a000
28070 4334c000
28071 4334e000
28072 43350000
28073 43352000
28074 43354000
28075 43356000
28076 43358000
28077 4335a000
28078 4335c000
28079 4335e000
28080 43360000
28081 43362000
28082 43364000
28083 43366000
28084 43368000
28085 4336a000
28086 4336c000
28087 4336e000
28088 43370000
28089 43372000
28090 43374000
28091 43376000
28092 43378000
28093 4337a000
28094 4337c000
28095 4337e000
28096 43380000
28097 43382000
28098 43384000
28099 43386000
28100 43388000
28101 4338a000
28102 4338c000
28103 4338e000
28104 43390000
28105 43392000
28106 43394000
28107 43396000
28108 43398000
28109 4339a000
28110 4339c000
28111 4339e000
28112 433a0000
28113 433a2000
28114 433a4000
28115 433a6000
28116 433a8000
28117 433aa000
28118 433ac000
28119 433ae000
28120 433b0000
28121 433b2000
28122 433b4000
28123 433b6000
28124 433b8000
28125 433ba000
28126 433bc000
28127 433be000
28128 433c0000
28129 433c2000
28130 433c4000
28131 433c6000
28132 433c8000
28133 433ca000
28134 433cc000
28135 433ce000
28136 433d0000
28137 433d2000
28138 433d4000
28139 433d6000
28140 433d8000
28141 433da000
28142 433dc000
28143 433de000
28144 433e0000
28145 433e2000
28146 433e4000
28147 433e6000
28148 433e8000
28149 433ea000
28150 433ec000
28151 433ee000
28152 433f0000
28153 433f2000
28154 433f4000
28155 433f6000
28156 433f8000
28157 433fa000
28158 433fc000
28159 433fe000
28160 43400000
28161 43402000
28162 43404000
28163 43406000
28164 43408000
28165 4340a000
28166 4340c000
28167 4340e000
28168 43410000
28169 43412000
28170 43414000
28171 43416000
28172 43418000
28173 4341a000
28174 4341c000
28175 4341e000
28176 43420000
28177 43422000
28178 43424000
28179 43426000
28180 43428000
28181 4342a000
28182 4342c000
28183 4342e000
28184 43430000
28185 43432000
28186 43434000
28187 43436000
28188 43438000
28189 4343a000
28190 4343c000
28191 4343e000
28192 43440000
28193 43442000
28194 43444000
28195 43446000
28196 43448000
28197 4344a000
28198 4344c000
28199 4344e000
28200 43450000
28201 43452000
28202 43454000
28203 43456000
28204 43458000
28205 4345a000
28206 4345c000
28207 4345e000
28208 43460000
28209 43462000
28210 43464000
28211 43466000
28212 43468000
28213 4346a000
28214 4346c000
28215 4346e000
28216 43470000
28217 43472000
28218 43474000
28219 43476000
28220 43478000
28221 4347a000
28222 4347c000
28223 4347e000
28224 43480000
28225 43482000
28226 43484000
28227 43486000
28228 43488000
28229 4348a000
28230 4348c000
28231 4348e000
28232 43490000
28233 43492000
28234 43494000
28235 43496000
28236 43498000
28237 4349a000
28238 4349c000
28239 4349e000
28240 434a0000
28241 434a2000
28242 434a4000
28243 434a6000
28244 434a8000
28245 434aa000
28246 434ac000
28247 434ae000
28248 434b0000
28249 434b2000
28250 434b4000
28251 434b6000
28252 434b8000
28253 434ba000
28254 434bc000
28255 434be000
28256 434c0000
28257 434c2000
28258 434c4000
28259 434c6000
28260 434c8000
28261 434ca000
28262 434cc000
28263 434ce000
28264 434d0000
28265 434d2000
28266 434d4000
28267 434d6000
28268 434d8000
28269 434da000
28270 434dc000
28271 434de000
28272 434e0000
28273 434e2000
28274 434e4000
28275 434e6000
28276 434e8000
28277 434ea000
28278 434ec000
28279 434ee000
28280 434f0000
28281 434f2000
28282 434f4000
28283 434f6000
28284 434f8000
28285 434fa000
28286 434fc000
28287 434fe000
28288 43500000
28289 43502000
28290 43504000
28291 43506000
28292 43508000
28293 4350a000
28294 4350c000
28295 4350e000
28296 43510000
28297 43512000
28298 43514000
28299 43516000
28300 43518000
28301 4351a000
28302 4351c000
28303 4351e000
28304 43520000
28305 43522000
28306 43524000
28307 43526000
28308 43528000
28309 4352a000
28310 4352c000
28311 4352e000
28312 43530000
28313 43532000
28314 43534000
28315 43536000
28316 43538000
28317 4353a000
28318 4353c000
28319 4353e000
28320 43540000
28321 43542000
28322 43544000
28323 43546000
28324 43548000
28325 4354a000
28326 4354c000
28327 4354e000
28328 43550000
28329 43552000
28330 43554000
28331 43556000
28332 43558000
28333 4355a000
28334 4355c000
28335 4355e000
28336 43560000
28337 43562000
28338 43564000
28339 43566000
28340 43568000
28341 4356a000
28342 4356c000
28343 4356e000
28344 43570000
28345 43572000
28346 43574000
28347 43576000
28348 43578000
28349 4357a000
28350 4357c000
28351 4357e000
28352 43580000
28353 43582000
28354 43584000
28355 43586000
28356 43588000
28357 4358a000
28358 4358c000
28359 4358e000
28360 43590000
28361 43592000
28362 43594000
28363 43596000
28364 43598000
28365 4359a000
28366 4359c000
28367 4359e000
28368 435a0000
28369 435a2000
28370 435a4000
28371 435a6000
28372 435a8000
28373 435aa000
28374 435ac000
28375 435ae000
28376 435b0000
28377 435b2000
28378 435b4000
28379 435b6000
28380 435b8000
28381 435ba000
28382 435bc000
28383 435be000
28384 435c0000
28385 435c2000
28386 435c4000
28387 435c6000
28388 435c8000
28389 435ca000
28390 435cc000
28391 435ce000
28392 435d0000
28393 435d2000
28394 435d4000
28395 435d6000
28396 435d8000
28397 435da000
28398 435dc000
28399 435de000
28400 435e0000
28401 435e2000
28402 435e4000
28403 435e6000
28404 435e8000
28405 435ea000
28406 435ec000
28407 435ee000
28408 435f0000
28409 435f2000
28410 435f4000
28411 435f6000
28412 435f8000
28413 435fa000
28414 435fc000
28415 435fe000
28416 43600000
28417 43602000
28418 43604000
28419 43606000
28420 43608000
28421 4360a000
28422 4360c000
28423 4360e000
28424 43610000
28425 43612000
28426 43614000
28427 43616000
28428 43618000
28429 4361a000
28430 4361c000
28431 4361e000
28432 43620000
28433 43622000
28434 43624000
28435 43626000
28436 43628000
28437 4362a000
28438 4362c000
28439 4362e000
28440 43630000
28441 43632000
28442 43634000
28443 43636000
28444 43638000
28445 4363a000
28446 4363c000
28447 4363e000
28448 43640000
28449 43642000
28450 43644000
28451 43646000
28452 43648000
28453 4364a000
28454 4364c000
28455 4364e000
28456 43650000
28457 43652000
28458 43654000
28459 43656000
28460 43658000
28461 4365a000
28462 4365c000
28463 4365e000
28464 43660000
28465 43662000
28466 43664000
28467 43666000
28468 43668000
28469 4366a000
28470 4366c000
28471 4366e000
28472 43670000
28473 43672000
28474 43674000
28475 43676000
28476 43678000
28477 4367a000
28478 4367c000
28479 4367e000
28480 43680000
28481 43682000
28482 43684000
28483 43686000
28484 43688000
28485 4368a000
28486 4368c000
28487 4368e000
28488 43690000
28489 43692000
28490 43694000
28491 43696000
28492 43698000
28493 4369a000
28494 4369c000
28495 4369e000
28496 436a0000
28497 436a2000
28498 436a4000
28499 436a6000
28500 436a8000
28501 436aa000
28502 436ac000
28503 436ae000
28504 436b0000
28505 436b2000
28506 436b4000
28507 436b6000
28508 436b8000
28509 436ba000
28510 436bc000
28511 436be000
28512 436c0000
28513 436c2000
28514 436c4000
28515 436c6000
28516 436c8000
28517 436ca000
28518 436cc000
28519 436ce000
28520 436d0000
28521 436d2000
28522 436d4000
28523 436d6000
28524 436d8000
28525 436da000
28526 436dc000
28527 436de000
28528 436e0000
28529 436e2000
28530 436e4000
28531 436e6000
28532 436e8000
28533 436ea000
28534 436ec000
28535 436ee000
28536 436f0000
28537 436f2000
28538 436f4000
28539 436f6000
28540 436f8000
28541 436fa000
28542 436fc000
28543 436fe000
28544 43700000
28545 43702000
28546 43704000
28547 43706000
28548 43708000
28549 4370a000
28550 4370c000
28551 4370e000
28552 43710000
28553 43712000
28554 43714000
28555 43716000
28556 43718000
28557 4371a000
28558 4371c000
28559 4371e000
28560 43720000
28561 43722000
28562 43724000
28563 43726000
28564 43728000
28565 4372a000
28566 4372c000
28567 4372e000
28568 43730000
28569 43732000
28570 43734000
28571 43736000
28572 43738000
28573 4373a000
28574 4373c000
28575 4373e000
28576 43740000
28577 43742000
28578 43744000
28579 43746000
28580 43748000
28581 4374a000
28582 4374c000
28583 4374e000
28584 43750000
28585 43752000
28586 43754000
28587 43756000
28588 43758000
28589 4375a000
28590 4375c000
28591 4375e000
28592 43760000
28593 43762000
28594 43764000
28595 43766000
28596 43768000
28597 4376a000
28598 4376c000
28599 4376e000
28600 43770000
28601 43772000
28602 43774000
28603 43776000
28604 43778000
28605 4377a000
28606 4377c000
28607 4377e000
28608 43780000
28609 43782000
28610 43784000
28611 43786000
28612 43788000
28613 4378a000
28614 4378c000
28615 4378e000
28616 43790000
28617 43792000
28618 43794000
28619 43796000
28620 43798000
28621 4379a000
28622 4379c000
28623 4379e000
28624 437a0000
28625 437a2000
28626 437a4000
28627 437a6000
28628 437a8000
28629 437aa000
28630 437ac000
28631 437ae000
28632 437b0000
28633 437b2000
28634 437b4000
28635 437b6000
28636 437b8000
28637 437ba000
28638 437bc000
28639 437be000
28640 437c0000
28641 437c2000
28642 437c4000
28643 437c6000
28644 437c8000
28645 437ca000
28646 437cc000
28647 437ce000
28648 437d0000
28649 437d2000
28650 437d4000
28651 437d6000
28652 437d8000
28653 437da000
28654 437dc000
28655 437de000
28656 437e0000
28657 437e2000
28658 437e4000
28659 437e6000
28660 437e8000
28661 437ea000
28662 437ec000
28663 437ee000
28664 437f0000
28665 437f2000
28666 437f4000
28667 437f6000
28668 437f8000
28669 437fa000
28670 437fc000
28671 437fe000
28672 43800000
28673 43804000
28674 43808000
28675 4380c000
28676 43810000
28677 43814000
28678 43818000
28679 4381c000
28680 43820000
28681 43824000
28682 43828000
28683 4382c000
28684 43830000
28685 43834000
28686 43838000
28687 4383c000
28688 43840000
28689 43844000
28690 43848000
28691 4384c000
28692 43850000
28693 43854000
28694 43858000
28695 4385c000
28696 43860000
28697 43864000
28698 43868000
28699 4386c000
28700 43870000
28701 43874000
28702 43878000
28703 4387c000
28704 43880000
28705 43884000
28706 43888000
28707 4388c000
28708 43890000
28709 43894000
28710 43898000
28711 4389c000
28712 438a0000
28713 438a4000
28714 438a8000
28715 438ac000
28716 438b0000
28717 438b4000
28718 438b8000
28719 438bc000
28720 438c0000
28721 438c4000
28722 438c8000
28723 438cc000
28724 438d0000
28725 438d4000
28726 438d8000
28727 438dc000
28728 438e0000
28729 438e4000
28730 438e8000
28731 438ec000
28732 438f0000
28733 438f4000
28734 438f8000
28735 438fc000
28736 43900000
28737 43904000
28738 43908000
28739 4390c000
28740 43910000
28741 43914000
28742 43918000
28743 4391c000
28744 43920000
28745 43924000
28746 43928000
28747 4392c000
28748 43930000
28749 43934000
28750 43938000
28751 4393c000
28752 43940000
28753 43944000
28754 43948000
28755 4394c000
28756 43950000
28757 43954000
28758 43958000
28759 4395c000
28760 43960000
28761 43964000
28762 43968000
28763 4396c000
28764 43970000
28765 43974000
28766 43978000
28767 4397c000
28768 43980000
28769 43984000
28770 43988000
28771 4398c000
28772 43990000
28773 43994000
28774 43998000
28775 4399c000
28776 439a0000
28777 439a4000
28778 439a8000
28779 439ac000
28780 439b0000
28781 439b4000
28782 439b8000
28783 439bc000
28784 439c0000
28785 439c4000
28786 439c8000
28787 439cc000
28788 439d0000
28789 439d4000
28790 439d8000
28791 439dc000
28792 439e0000
28793 439e4000
28794 439e8000
28795 439ec000
28796 439f0000
28797 439f4000
28798 439f8000
28799 439fc000
28800 43a00000
28801 43a04000
28802 43a08000
28803 43a0c000
28804 43a10000
28805 43a14000
28806 43a18000
28807 43a1c000
28808 43a20000
28809 43a24000
28810 43a28000
28811 43a2c000
28812 43a30000
28813 43a34000
28814 43a38000
28815 43a3c000
28816 43a40000
28817 43a44000
28818 43a48000
28819 43a4c000
28820 43a50000
28821 43a54000
28822 43a58000
28823 43a5c000
28824 43a60000
28825 43a64000
28826 43a68000
28827 43a6c000
28828 43a70000
28829 43a74000
28830 43a78000
28831 43a7c000
28832 43a80000
28833 43a84000
28834 43a88000
28835 43a8c000
28836 43a90000
28837 43a94000
28838 43a98000
28839 43a9c000
28840 43aa0000
28841 43aa4000
28842 43aa8000
28843 43aac000
28844 43ab0000
28845 43ab4000
28846 43ab8000
28847 43abc000
28848 43ac0000
28849 43ac4000
28850 43ac8000
28851 43acc000
28852 43ad0000
28853 43ad4000
28854 43ad8000
28855 43adc000
28856 43ae0000
28857 43ae4000
28858 43ae8000
28859 43aec000
28860 43af0000
28861 43af4000
28862 43af8000
28863 43afc000
28864 43b00000
28865 43b04000
28866 43b08000
28867 43b0c000
28868 43b10000
28869 43b14000
28870 43b18000
28871 43b1c000
28872 43b20000
28873 43b24000
28874 43b28000
28875 43b2c000
28876 43b30000
28877 43b34000
28878 43b38000
28879 43b3c000
28880 43b40000
28881 43b44000
28882 43b48000
28883 43b4c000
28884 43b50000
28885 43b54000
28886 43b58000
28887 43b5c000
28888 43b60000
28889 43b64000
28890 43b68000
28891 43b6c000
28892 43b70000
28893 43b74000
28894 43b78000
28895 43b7c000
28896 43b80000
28897 43b84000
28898 43b88000
28899 43b8c000
28900 43b90000
28901 43b94000
28902 43b98000
28903 43b9c000
28904 43ba0000
28905 43ba4000
28906 43ba8000
28907 43bac000
28908 43bb0000
28909 43bb4000
28910 43bb8000
28911 43bbc000
28912 43bc0000
28913 43bc4000
28914 43bc8000
28915 43bcc000
28916 43bd0000
28917 43bd4000
28918 43bd8000
28919 43bdc000
28920 43be0000
28921 43be4000
28922 43be8000
28923 43bec000
28924 43bf0000
28925 43bf4000
28926 43bf8000
28927 43bfc000
28928 43c00000
28929 43c04000
28930 43c08000
28931 43c0c000
28932 43c10000
28933 43c14000
28934 43c18000
28935 43c1c000
28936 43c20000
28937 43c24000
28938 43c28000
28939 43c2c000
28940 43c30000
28941 43c34000
28942 43c38000
28943 43c3c000
28944 43c40000
28945 43c44000
28946 43c48000
28947 43c4c000
28948 43c50000
28949 43c54000
28950 43c58000
28951 43c5c000
28952 43c60000
28953 43c64000
28954 43c68000
28955 43c6c000
28956 43c70000
28957 43c74000
28958 43c78000
28959 43c7c000
28960 43c80000
28961 43c84000
28962 43c88000
28963 43c8c000
28964 43c90000
28965 43c94000
28966 43c98000
28967 43c9c000
28968 43ca0000
28969 43ca4000
28970 43ca8000
28971 43cac000
28972 43cb0000
28973 43cb4000
28974 43cb8000
28975 43cbc000
28976 43cc0000
28977 43cc4000
28978 43cc8000
28979 43ccc000
28980 43cd0000
28981 43cd4000
28982 43cd8000
28983 43cdc000
28984 43ce0000
28985 43ce4000
28986 43ce8000
28987 43cec000
28988 43cf0000
28989 43cf4000
28990 43cf8000
28991 43cfc000
28992 43d00000
28993 43d04000
28994 43d08000
28995 43d0c000
28996 43d10000
28997 43d14000
28998 43d18000
28999 43d1c000
29000 43d20000
29001 43d24000
29002 43d28000
29003 43d2c000
29004 43d30000
29005 43d34000
29006 43d38000
29007 43d3c000
29008 43d40000
29009 43d44000
29010 43d48000
29011 43d4c000
29012 43d50000
29013 43d54000
29014 43d58000
29015 43d5c000
29016 43d60000
29017 43d64000
29018 43d68000
29019 43d6c000
29020 43d70000
29021 43d74000
29022 43d78000
29023 43d7c000
29024 43d80000
29025 43d84000
29026 43d88000
29027 43d8c000
29028 43d90000
29029 43d94000
29030 43d98000
29031 43d9c000
29032 43da0000
29033 43da4000
29034 43da8000
29035 43dac000
29036 43db0000
29037 43db4000
29038 43db8000
29039 43dbc000
29040 43dc0000
29041 43dc4000
29042 43dc8000
29043 43dcc000
29044 43dd0000
29045 43dd4000
29046 43dd8000
29047 43ddc000
29048 43de0000
29049 43de4000
29050 43de8000
29051 43dec000
29052 43df0000
29053 43df4000
29054 43df8000
29055 43dfc000
29056 43e00000
29057 43e04000
29058 43e08000
29059 43e0c000
29060 43e10000
29061 43e14000
29062 43e18000
29063 43e1c000
29064 43e20000
29065 43e24000
29066 43e28000
29067 43e2c000
29068 43e30000
29069 43e34000
29070 43e38000
29071 43e3c000
29072 43e40000
29073 43e44000
29074 43e48000
29075 43e4c000
29076 43e50000
29077 43e54000
29078 43e58000
29079 43e5c000
29080 43e60000
29081 43e64000
29082 43e68000
29083 43e6c000
29084 43e70000
29085 43e74000
29086 43e78000
29087 43e7c000
29088 43e80000
29089 43e84000
29090 43e88000
29091 43e8c000
29092 43e90000
29093 43e94000
29094 43e98000
29095 43e9c000
29096 43ea0000
29097 43ea4000
29098 43ea8000
29099 43eac000
29100 43eb0000
29101 43eb4000
29102 43eb8000
29103 43ebc000
29104 43ec0000
29105 43ec4000
29106 43ec8000
29107 43ecc000
29108 43ed0000
29109 43ed4000
29110 43ed8000
29111 43edc000
29112 43ee0000
29113 43ee4000
29114 43ee8000
29115 43eec000
29116 43ef0000
29117 43ef4000
29118 43ef8000
29119 43efc000
29120 43f00000
29121 43f04000
29122 43f08000
29123 43f0c000
29124 43f10000
29125 43f14000
29126 43f18000
29127 43f1c000
29128 43f20000
29129 43f24000
29130 43f28000
29131 43f2c000
29132 43f30000
29133 43f34000
29134 43f38000
29135 43f3c000
29136 43f40000
29137 43f44000
29138 43f48000
29139 43f4c000
29140 43f50000
29141 43f54000
29142 43f58000
29143 43f5c000
29144 43f60000
29145 43f64000
29146 43f68000
29147 43f6c000
29148 43f70000
29149 43f74000
29150 43f78000
29151 43f7c000
29152 43f80000
29153 43f84000
29154 43f88000
29155 43f8c000
29156 43f90000
29157 43f94000
29158 43f98000
29159 43f9c000
29160 43fa0000
29161 43fa4000
29162 43fa8000
29163 43fac000
29164 43fb0000
29165 43fb4000
29166 43fb8000
29167 43fbc000
29168 43fc0000
29169 43fc4000
29170 43fc8000
29171 43fcc000
29172 43fd0000
29173 43fd4000
29174 43fd8000
29175 43fdc000
29176 43fe0000
29177 43fe4000
29178 43fe8000
29179 43fec000
29180 43ff0000
29181 43ff4000
29182 43ff8000
29183 43ffc000
29184 44000000
29185 44004000
29186 44008000
29187 4400c000
29188 44010000
29189 44014000
29190 44018000
29191 4401c000
29192 44020000
29193 44024000
29194 44028000
29195 4402c000
29196 44030000
29197 44034000
29198 44038000
29199 4403c000
29200 44040000
29201 44044000
29202 44048000
29203 4404c000
29204 44050000
29205 44054000
29206 44058000
29207 4405c000
29208 44060000
29209 44064000
29210 44068000
29211 4406c000
29212 44070000
29213 44074000
29214 44078000
29215 4407c000
29216 44080000
29217 44084000
29218 44088000
29219 4408c000
29220 44090000
29221 44094000
29222 44098000
29223 4409c000
29224 440a0000
29225 440a4000
29226 440a8000
29227 440ac000
29228 440b0000
29229 440b4000
29230 440b8000
29231 440bc000
29232 440c0000
29233 440c4000
29234 440c8000
29235 440cc000
29236 440d0000
29237 440d4000
29238 440d8000
29239 440dc000
29240 440e0000
29241 440e4000
29242 440e8000
29243 440ec000
29244 440f0000
29245 440f4000
29246 440f8000
29247 440fc000
29248 44100000
29249 44104000
29250 44108000
29251 4410c000
29252 44110000
29253 44114000
29254 44118000
29255 4411c000
29256 44120000
29257 44124000
29258 44128000
29259 4412c000
29260 44130000
29261 44134000
29262 44138000
29263 4413c000
29264 44140000
29265 44144000
29266 44148000
29267 4414c000
29268 44150000
29269 44154000
29270 44158000
29271 4415c000
29272 44160000
29273 44164000
29274 44168000
29275 4416c000
29276 44170000
29277 44174000
29278 44178000
29279 4417c000
29280 44180000
29281 44184000
29282 44188000
29283 4418c000
29284 44190000
29285 44194000
29286 44198000
29287 4419c000
29288 441a0000
29289 441a4000
29290 441a8000
29291 441ac000
29292 441b0000
29293 441b4000
29294 441b8000
29295 441bc000
29296 441c0000
29297 441c4000
29298 441c8000
29299 441cc000
29300 441d0000
29301 441d4000
29302 441d8000
29303 441dc000
29304 441e0000
29305 441e4000
29306 441e8000
29307 441ec000
29308 441f0000
29309 441f4000
29310 441f8000
29311 441fc000
29312 44200000
29313 44204000
29314 44208000
29315 4420c000
29316 44210000
29317 44214000
29318 44218000
29319 4421c000
29320 44220000
29321 44224000
29322 44228000
29323 4422c000
29324 44230000
29325 44234000
29326 44238000
29327 4423c000
29328 44240000
29329 44244000
29330 44248000
29331 4424c000
29332 44250000
29333 44254000
29334 44258000
29335 4425c000
29336 44260000
29337 44264000
29338 44268000
29339 4426c000
29340 44270000
29341 44274000
29342 44278000
29343 4427c000
29344 44280000
29345 44284000
29346 44288000
29347 4428c000
29348 44290000
29349 44294000
29350 44298000
29351 4429c000
29352 442a0000
29353 442a4000
29354 442a8000
29355 442ac000
29356 442b0000
29357 442b4000
29358 442b8000
29359 442bc000
29360 442c0000
29361 442c4000
29362 442c8000
29363 442cc000
29364 442d0000
29365 442d4000
29366 442d8000
29367 442dc000
29368 442e0000
29369 442e4000
29370 442e8000
29371 442ec000
29372 442f0000
29373 442f4000
29374 442f8000
29375 442fc000
29376 44300000
29377 44304000
29378 44308000
29379 4430c000
29380 44310000
29381 44314000
29382 44318000
29383 4431c000
29384 44320000
29385 44324000
29386 44328000
29387 4432c000
29388 44330000
29389 44334000
29390 44338000
29391 4433c000
29392 44340000
29393 44344000
29394 44348000
29395 4434c000
29396 44350000
29397 44354000
29398 44358000
29399 4435c000
29400 44360000
29401 44364000
29402 44368000
29403 4436c000
29404 44370000
29405 44374000
29406 44378000
29407 4437c000
29408 44380000
29409 44384000
29410 44388000
29411 4438c000
29412 44390000
29413 44394000
29414 44398000
29415 4439c000
29416 443a0000
29417 443a4000
29418 443a8000
29419 443ac000
29420 443b0000
29421 443b4000
29422 443b8000
29423 443bc000
29424 443c0000
29425 443c4000
29426 443c8000
29427 443cc000
29428 443d0000
29429 443d4000
29430 443d8000
29431 443dc000
29432 443e0000
29433 443e4000
29434 443e8000
29435 443ec000
29436 443f0000
29437 443f4000
29438 443f8000
29439 443fc000
29440 44400000
29441 44404000
29442 44408000
29443 4440c000
29444 44410000
29445 44414000
29446 44418000
29447 4441c000
29448 44420000
29449 44424000
29450 44428000
29451 4442c000
29452 44430000
29453 44434000
29454 44438000
29455 4443c000
29456 44440000
29457 44444000
29458 44448000
29459 4444c000
29460 44450000
29461 44454000
29462 44458000
29463 4445c000
29464 44460000
29465 44464000
29466 44468000
29467 4446c000
29468 44470000
29469 44474000
29470 44478000
29471 4447c000
29472 44480000
29473 44484000
29474 44488000
29475 4448c000
29476 44490000
29477 44494000
29478 44498000
29479 4449c000
29480 444a0000
29481 444a4000
29482 444a8000
29483 444ac000
29484 444b0000
29485 444b4000
29486 444b8000
29487 444bc000
29488 444c0000
29489 444c4000
29490 444c8000
29491 444cc000
29492 444d0000
29493 444d4000
29494 444d8000
29495 444dc000
29496 444e0000
29497 444e4000
29498 444e8000
29499 444ec000
29500 444f0000
29501 444f4000
29502 444f8000
29503 444fc000
29504 44500000
29505 44504000
29506 44508000
29507 4450c000
29508 44510000
29509 44514000
29510 44518000
29511 4451c000
29512 44520000
29513 44524000
29514 44528000
29515 4452c000
29516 44530000
29517 44534000
29518 44538000
29519 4453c000
29520 44540000
29521 44544000
29522 44548000
29523 4454c000
29524 44550000
29525 44554000
29526 44558000
29527 4455c000
29528 44560000
29529 44564000
29530 44568000
29531 4456c000
29532 44570000
29533 44574000
29534 44578000
29535 4457c000
29536 44580000
29537 44584000
29538 44588000
29539 4458c000
29540 44590000
29541 44594000
29542 44598000
29543 4459c000
29544 445a0000
29545 445a4000
29546 445a8000
29547 445ac000
29548 445b0000
29549 445b4000
29550 445b8000
29551 445bc000
29552 445c0000
29553 445c4000
29554 445c8000
29555 445cc000
29556 445d0000
29557 445d4000
29558 445d8000
29559 445dc000
29560 445e0000
29561 445e4000
29562 445e8000
29563 445ec000
29564 445f0000
29565 445f4000
29566 445f8000
29567 445fc000
29568 44600000
29569 44604000
29570 44608000
29571 4460c000
29572 44610000
29573 44614000
29574 44618000
29575 4461c000
29576 44620000
29577 44624000
29578 44628000
29579 4462c000
29580 44630000
29581 44634000
29582 44638000
29583 4463c000
29584 44640000
29585 44644000
29586 44648000
29587 4464c000
29588 44650000
29589 44654000
29590 44658000
29591 4465c000
29592 44660000
29593 44664000
29594 44668000
29595 4466c000
29596 44670000
29597 44674000
29598 44678000
29599 4467c000
29600 44680000
29601 44684000
29602 44688000
29603 4468c000
29604 44690000
29605 44694000
29606 44698000
29607 4469c000
29608 446a0000
29609 446a4000
29610 446a8000
29611 446ac000
29612 446b0000
29613 446b4000
29614 446b8000
29615 446bc000
29616 446c0000
29617 446c4000
29618 446c8000
29619 446cc000
29620 446d0000
29621 446d4000
29622 446d8000
29623 446dc000
29624 446e0000
29625 446e4000
29626 446e8000
29627 446ec000
29628 446f0000
29629 446f4000
29630 446f8000
29631 446fc000
29632 44700000
29633 44704000
29634 44708000
29635 4470c000
29636 44710000
29637 44714000
29638 44718000
29639 4471c000
29640 44720000
29641 44724000
29642 44728000
29643 4472c000
29644 44730000
29645 44734000
29646 44738000
29647 4473c000
29648 44740000
29649 44744000
29650 44748000
29651 4474c000
29652 44750000
29653 44754000
29654 44758000
29655 4475c000
29656 44760000
29657 44764000
29658 44768000
29659 4476c000
29660 44770000
29661 44774000
29662 44778000
29663 4477c000
29664 44780000
29665 44784000
29666 44788000
29667 4478c000
29668 44790000
29669 44794000
29670 44798000
29671 4479c000
29672 447a0000
29673 447a4000
29674 447a8000
29675 447ac000
29676 447b0000
29677 447b4000
29678 447b8000
29679 447bc000
29680 447c0000
29681 447c4000
29682 447c8000
29683 447cc000
29684 447d0000
29685 447d4000
29686 447d8000
29687 447dc000
29688 447e0000
29689 447e4000
29690 447e8000
29691 447ec000
29692 447f0000
29693 447f4000
29694 447f8000
29695 447fc000
29696 44800000
29697 44804000
29698 44808000
29699 4480c000
29700 44810000
29701 44814000
29702 44818000
29703 4481c000
29704 44820000
29705 44824000
29706 44828000
29707 4482c000
29708 44830000
29709 44834000
29710 44838000
29711 4483c000
29712 44840000
29713 44844000
29714 44848000
29715 4484c000
29716 44850000
29717 44854000
29718 44858000
29719 4485c000
29720 44860000
29721 44864000
29722 44868000
29723 4486c000
29724 44870000
29725 44874000
29726 44878000
29727 4487c000
29728 44880000
29729 44884000
29730 44888000
29731 4488c000
29732 44890000
29733 44894000
29734 44898000
29735 4489c000
29736 448a0000
29737 448a4000
29738 448a8000
29739 448ac000
29740 448b0000
29741 448b4000
29742 448b8000
29743 448bc000
29744 448c0000
29745 448c4000
29746 448c8000
29747 448cc000
29748 448d0000
29749 448d4000
29750 448d8000
29751 448dc000
29752 448e0000
29753 448e4000
29754 448e8000
29755 448ec000
29756 448f0000
29757 448f4000
29758 448f8000
29759 448fc000
29760 44900000
29761 44904000
29762 44908000
29763 4490c000
29764 44910000
29765 44914000
29766 44918000
29767 4491c000
29768 44920000
29769 44924000
29770 44928000
29771 4492c000
29772 44930000
29773 44934000
29774 44938000
29775 4493c000
29776 44940000
29777 44944000
29778 44948000
29779 4494c000
29780 44950000
29781 44954000
29782 44958000
29783 4495c000
29784 44960000
29785 44964000
29786 44968000
29787 4496c000
29788 44970000
29789 44974000
29790 44978000
29791 4497c000
29792 44980000
29793 44984000
29794 44988000
29795 4498c000
29796 44990000
29797 44994000
29798 44998000
29799 4499c000
29800 449a0000
29801 449a4000
29802 449a8000
29803 449ac000
29804 449b0000
29805 449b4000
29806 449b8000
29807 449bc000
29808 449c0000
29809 449c4000
29810 449c8000
29811 449cc000
29812 449d0000
29813 449d4000
29814 449d8000
29815 449dc000
29816 449e0000
29817 449e4000
29818 449e8000
29819 449ec000
29820 449f0000
29821 449f4000
29822 449f8000
29823 449fc000
29824 44a00000
29825 44a04000
29826 44a08000
29827 44a0c000
29828 44a10000
29829 44a14000
29830 44a18000
29831 44a1c000
29832 44a20000
29833 44a24000
29834 44a28000
29835 44a2c000
29836 44a30000
29837 44a34000
29838 44a38000
29839 44a3c000
29840 44a40000
29841 44a44000
29842 44a48000
29843 44a4c000
29844 44a50000
29845 44a54000
29846 44a58000
29847 44a5c000
29848 44a60000
29849 44a64000
29850 44a68000
29851 44a6c000
29852 44a70000
29853 44a74000
29854 44a78000
29855 44a7c000
29856 44a80000
29857 44a84000
29858 44a88000
29859 44a8c000
29860 44a90000
29861 44a94000
29862 44a98000
29863 44a9c000
29864 44aa0000
29865 44aa4000
29866 44aa8000
29867 44aac000
29868 44ab0000
29869 44ab4000
29870 44ab8000
29871 44abc000
29872 44ac0000
29873 44ac4000
29874 44ac8000
29875 44acc000
29876 44ad0000
29877 44ad4000
29878 44ad8000
29879 44adc000
29880 44ae0000
29881 44ae4000
29882 44ae8000
29883 44aec000
29884 44af0000
29885 44af4000
29886 44af8000
29887 44afc000
29888 44b00000
29889 44b04000
29890 44b08000
29891 44b0c000
29892 44b10000
29893 44b14000
29894 44b18000
29895 44b1c000
29896 44b20000
29897 44b24000
29898 44b28000
29899 44b2c000
29900 44b30000
29901 44b34000
29902 44b38000
29903 44b3c000
29904 44b40000
29905 44b44000
29906 44b48000
29907 44b4c000
29908 44b50000
29909 44b54000
29910 44b58000
29911 44b5c000
29912 44b60000
29913 44b64000
29914 44b68000
29915 44b6c000
29916 44b70000
29917 44b74000
29918 44b78000
29919 44b7c000
29920 44b80000
29921 44b84000
29922 44b88000
29923 44b8c000
29924 44b90000
29925 44b94000
29926 44b98000
29927 44b9c000
29928 44ba0000
29929 44ba4000
29930 44ba8000
29931 44bac000
29932 44bb0000
29933 44bb4000
29934 44bb8000
29935 44bbc000
29936 44bc0000
29937 44bc4000
29938 44bc8000
29939 44bcc000
29940 44bd0000
29941 44bd4000
29942 44bd8000
29943 44bdc000
29944 44be0000
29945 44be4000
29946 44be8000
29947 44bec000
29948 44bf0000
29949 44bf4000
29950 44bf8000
29951 44bfc000
29952 44c00000
29953 44c04000
29954 44c08000
29955 44c0c000
29956 44c10000
29957 44c14000
29958 44c18000
29959 44c1c000
29960 44c20000
29961 44c24000
29962 44c28000
29963 44c2c000
29964 44c30000
29965 44c34000
29966 44c38000
29967 44c3c000
29968 44c40000
29969 44c44000
29970 44c48000
29971 44c4c000
29972 44c50000
29973 44c54000
29974 44c58000
29975 44c5c000
29976 44c60000
29977 44c64000
29978 44c68000
29979 44c6c000
29980 44c70000
29981 44c74000
29982 44c78000
29983 44c7c000
29984 44c80000
29985 44c84000
29986 44c88000
29987 44c8c000
29988 44c90000
29989 44c94000
29990 44c98000
29991 44c9c000
29992 44ca0000
29993 44ca4000
29994 44ca8000
29995 44cac000
29996 44cb0000
29997 44cb4000
29998 44cb8000
29999 44cbc000
30000 44cc0000
30001 44cc4000
30002 44cc8000
30003 44ccc000
30004 44cd0000
30005 44cd4000
30006 44cd8000
30007 44cdc000
30008 44ce0000
30009 44ce4000
30010 44ce8000
30011 44cec000
30012 44cf0000
30013 44cf4000
30014 44cf8000
30015 44cfc000
30016 44d00000
30017 44d04000
30018 44d08000
30019 44d0c000
30020 44d10000
30021 44d14000
30022 44d18000
30023 44d1c000
30024 44d20000
30025 44d24000
30026 44d28000
30027 44d2c000
30028 44d30000
30029 44d34000
30030 44d38000
30031 44d3c000
30032 44d40000
30033 44d44000
30034 44d48000
30035 44d4c000
30036 44d50000
30037 44d54000
30038 44d58000
30039 44d5c000
30040 44d60000
30041 44d64000
30042 44d68000
30043 44d6c000
30044 44d70000
30045 44d74000
30046 44d78000
30047 44d7c000
30048 44d80000
30049 44d84000
30050 44d88000
30051 44d8c000
30052 44d90000
30053 44d94000
30054 44d98000
30055 44d9c000
30056 44da0000
30057 44da4000
30058 44da8000
30059 44dac000
30060 44db0000
30061 44db4000
30062 44db8000
30063 44dbc000
30064 44dc0000
30065 44dc4000
30066 44dc8000
30067 44dcc000
30068 44dd0000
30069 44dd4000
30070 44dd8000
30071 44ddc000
30072 44de0000
30073 44de4000
30074 44de8000
30075 44dec000
30076 44df0000
30077 44df4000
30078 44df8000
30079 44dfc000
30080 44e00000
30081 44e04000
30082 44e08000
30083 44e0c000
30084 44e10000
30085 44e14000
30086 44e18000
30087 44e1c000
30088 44e20000
30089 44e24000
30090 44e28000
30091 44e2c000
30092 44e30000
30093 44e34000
30094 44e38000
30095 44e3c000
30096 44e40000
30097 44e44000
30098 44e48000
30099 44e4c000
30100 44e50000
30101 44e54000
30102 44e58000
30103 44e5c000
30104 44e60000
30105 44e64000
30106 44e68000
30107 44e6c000
30108 44e70000
30109 44e74000
30110 44e78000
30111 44e7c000
30112 44e80000
30113 44e84000
30114 44e88000
30115 44e8c000
30116 44e90000
30117 44e94000
30118 44e98000
30119 44e9c000
30120 44ea0000
30121 44ea4000
30122 44ea8000
30123 44eac000
30124 44eb0000
30125 44eb4000
30126 44eb8000
30127 44ebc000
30128 44ec0000
30129 44ec4000
30130 44ec8000
30131 44ecc000
30132 44ed0000
30133 44ed4000
30134 44ed8000
30135 44edc000
30136 44ee0000
30137 44ee4000
30138 44ee8000
30139 44eec000
30140 44ef0000
30141 44ef4000
30142 44ef8000
30143 44efc000
30144 44f00000
30145 44f04000
30146 44f08000
30147 44f0c000
30148 44f10000
30149 44f14000
30150 44f18000
30151 44f1c000
30152 44f20000
30153 44f24000
30154 44f28000
30155 44f2c000
30156 44f30000
30157 44f34000
30158 44f38000
30159 44f3c000
30160 44f40000
30161 44f44000
30162 44f48000
30163 44f4c000
30164 44f50000
30165 44f54000
30166 44f58000
30167 44f5c000
30168 44f60000
30169 44f64000
30170 44f68000
30171 44f6c000
30172 44f70000
30173 44f74000
30174 44f78000
30175 44f7c000
30176 44f80000
30177 44f84000
30178 44f88000
30179 44f8c000
30180 44f90000
30181 44f94000
30182 44f98000
30183 44f9c000
30184 44fa0000
30185 44fa4000
30186 44fa8000
30187 44fac000
30188 44fb0000
30189 44fb4000
30190 44fb8000
30191 44fbc000
30192 44fc0000
30193 44fc4000
30194 44fc8000
30195 44fcc000
30196 44fd0000
30197 44fd4000
30198 44fd8000
30199 44fdc000
30200 44fe0000
30201 44fe4000
30202 44fe8000
30203 44fec000
30204 44ff0000
30205 44ff4000
30206 44ff8000
30207 44ffc000
30208 45000000
30209 45004000
30210 45008000
30211 4500c000
30212 45010000
30213 45014000
30214 45018000
30215 4501c000
30216 45020000
30217 45024000
30218 45028000
30219 4502c000
30220 45030000
30221 45034000
30222 45038000
30223 4503c000
30224 45040000
30225 45044000
30226 45048000
30227 4504c000
30228 45050000
30229 45054000
30230 45058000
30231 4505c000
30232 45060000
30233 45064000
30234 45068000
30235 4506c000
30236 45070000
30237 45074000
30238 45078000
30239 4507c000
30240 45080000
30241 45084000
30242 45088000
30243 4508c000
30244 45090000
30245 45094000
30246 45098000
30247 4509c000
30248 450a0000
30249 450a4000
30250 450a8000
30251 450ac000
30252 450b0000
30253 450b4000
30254 450b8000
30255 450bc000
30256 450c0000
30257 450c4000
30258 450c8000
30259 450cc000
30260 450d0000
30261 450d4000
30262 450d8000
30263 450dc000
30264 450e0000
30265 450e4000
30266 450e8000
30267 450ec000
30268 450f0000
30269 450f4000
30270 450f8000
30271 450fc000
30272 45100000
30273 45104000
30274 45108000
30275 4510c000
30276 45110000
30277 45114000
30278 45118000
30279 4511c000
30280 45120000
30281 45124000
30282 45128000
30283 4512c000
30284 45130000
30285 45134000
30286 45138000
30287 4513c000
30288 45140000
30289 45144000
30290 45148000
30291 4514c000
30292 45150000
30293 45154000
30294 45158000
30295 4515c000
30296 45160000
30297 45164000
30298 45168000
30299 4516c000
30300 45170000
30301 45174000
30302 45178000
30303 4517c000
30304 45180000
30305 45184000
30306 45188000
30307 4518c000
30308 45190000
30309 45194000
30310 45198000
30311 4519c000
30312 451a0000
30313 451a4000
30314 451a8000
30315 451ac000
30316 451b0000
30317 451b4000
30318 451b8000
30319 451bc000
30320 451c0000
30321 451c4000
30322 451c8000
30323 451cc000
30324 451d0000
30325 451d4000
30326 451d8000
30327 451dc000
30328 451e0000
30329 451e4000
30330 451e8000
30331 451ec000
30332 451f0000
30333 451f4000
30334 451f8000
30335 451fc000
30336 45200000
30337 45204000
30338 45208000
30339 4520c000
30340 45210000
30341 45214000
30342 45218000
30343 4521c000
30344 45220000
30345 45224000
30346 45228000
30347 4522c000
30348 45230000
30349 45234000
30350 45238000
30351 4523c000
30352 45240000
30353 45244000
30354 45248000
30355 4524c000
30356 45250000
30357 45254000
30358 45258000
30359 4525c000
30360 45260000
30361 45264000
30362 45268000
30363 4526c000
30364 45270000
30365 45274000
30366 45278000
30367 4527c000
30368 45280000
30369 45284000
30370 45288000
30371 4528c000
30372 45290000
30373 45294000
30374 45298000
30375 4529c000
30376 452a0000
30377 452a4000
30378 452a8000
30379 452ac000
30380 452b0000
30381 452b4000
30382 452b8000
30383 452bc000
30384 452c0000
30385 452c4000
30386 452c8000
30387 452cc000
30388 452d0000
30389 452d4000
30390 452d8000
30391 452dc000
30392 452e0000
30393 452e4000
30394 452e8000
30395 452ec000
30396 452f0000
30397 452f4000
30398 452f8000
30399 452fc000
30400 45300000
30401 45304000
30402 45308000
30403 4530c000
30404 45310000
30405 45314000
30406 45318000
30407 4531c000
30408 45320000
30409 45324000
30410 45328000
30411 4532c000
30412 45330000
30413 45334000
30414 45338000
30415 4533c000
30416 45340000
30417 45344000
30418 45348000
30419 4534c000
30420 45350000
30421 45354000
30422 45358000
30423 4535c000
30424 45360000
30425 45364000
30426 45368000
30427 4536c000
30428 45370000
30429 45374000
30430 45378000
30431 4537c000
30432 45380000
30433 45384000
30434 45388000
30435 4538c000
30436 45390000
30437 45394000
30438 45398000
30439 4539c000
30440 453a0000
30441 453a4000
30442 453a8000
30443 453ac000
30444 453b0000
30445 453b4000
30446 453b8000
30447 453bc000
30448 453c0000
30449 453c4000
30450 453c8000
30451 453cc000
30452 453d0000
30453 453d4000
30454 453d8000
30455 453dc000
30456 453e0000
30457 453e4000
30458 453e8000
30459 453ec000
30460 453f0000
30461 453f4000
30462 453f8000
30463 453fc000
30464 45400000
30465 45404000
30466 45408000
30467 4540c000
30468 45410000
30469 45414000
30470 45418000
30471 4541c000
30472 45420000
30473 45424000
30474 45428000
30475 4542c000
30476 45430000
30477 45434000
30478 45438000
30479 4543c000
30480 45440000
30481 45444000
30482 45448000
30483 4544c000
30484 45450000
30485 45454000
30486 45458000
30487 4545c000
30488 45460000
30489 45464000
30490 45468000
30491 4546c000
30492 45470000
30493 45474000
30494 45478000
30495 4547c000
30496 45480000
30497 45484000
30498 45488000
30499 4548c000
30500 45490000
30501 45494000
30502 45498000
30503 4549c000
30504 454a0000
30505 454a4000
30506 454a8000
30507 454ac000
30508 454b0000
30509 454b4000
30510 454b8000
30511 454bc000
30512 454c0000
30513 454c4000
30514 454c8000
30515 454cc000
30516 454d0000
30517 454d4000
30518 454d8000
30519 454dc000
30520 454e0000
30521 454e4000
30522 454e8000
30523 454ec000
30524 454f0000
30525 454f4000
30526 454f8000
30527 454fc000
30528 45500000
30529 45504000
30530 45508000
30531 4550c000
30532 45510000
30533 45514000
30534 45518000
30535 4551c000
30536 45520000
30537 45524000
30538 45528000
30539 4552c000
30540 45530000
30541 45534000
30542 45538000
30543 4553c000
30544 45540000
30545 45544000
30546 45548000
30547 4554c000
30548 45550000
30549 45554000
30550 45558000
30551 4555c000
30552 45560000
30553 45564000
30554 45568000
30555 4556c000
30556 45570000
30557 45574000
30558 45578000
30559 4557c000
30560 45580000
30561 45584000
30562 45588000
30563 4558c000
30564 45590000
30565 45594000
30566 45598000
30567 4559c000
30568 455a0000
30569 455a4000
30570 455a8000
30571 455ac000
30572 455b0000
30573 455b4000
30574 455b8000
30575 455bc000
30576 455c0000
30577 455c4000
30578 455c8000
30579 455cc000
30580 455d0000
30581 455d4000
30582 455d8000
30583 455dc000
30584 455e0000
30585 455e4000
30586 455e8000
30587 455ec000
30588 455f0000
30589 455f4000
30590 455f8000
30591 455fc000
30592 45600000
30593 45604000
30594 45608000
30595 4560c000
30596 45610000
30597 45614000
30598 45618000
30599 4561c000
30600 45620000
30601 45624000
30602 45628000
30603 4562c000
30604 45630000
30605 45634000
30606 45638000
30607 4563c000
30608 45640000
30609 45644000
30610 45648000
30611 4564c000
30612 45650000
30613 45654000
30614 45658000
30615 4565c000
30616 45660000
30617 45664000
30618 45668000
30619 4566c000
30620 45670000
30621 45674000
30622 45678000
30623 4567c000
30624 45680000
30625 45684000
30626 45688000
30627 4568c000
30628 45690000
30629 45694000
30630 45698000
30631 4569c000
30632 456a0000
30633 456a4000
30634 456a8000
30635 456ac000
30636 456b0000
30637 456b4000
30638 456b8000
30639 456bc000
30640 456c0000
30641 456c4000
30642 456c8000
30643 456cc000
30644 456d0000
30645 456d4000
30646 456d8000
30647 456dc000
30648 456e0000
30649 456e4000
30650 456e8000
30651 456ec000
30652 456f0000
30653 456f4000
30654 456f8000
30655 456fc000
30656 45700000
30657 45704000
30658 45708000
30659 4570c000
30660 45710000
30661 45714000
30662 45718000
30663 4571c000
30664 45720000
30665 45724000
30666 45728000
30667 4572c000
30668 45730000
30669 45734000
30670 45738000
30671 4573c000
30672 45740000
30673 45744000
30674 45748000
30675 4574c000
30676 45750000
30677 45754000
30678 45758000
30679 4575c000
30680 45760000
30681 45764000
30682 45768000
30683 4576c000
30684 45770000
30685 45774000
30686 45778000
30687 4577c000
30688 45780000
30689 45784000
30690 45788000
30691 4578c000
30692 45790000
30693 45794000
30694 45798000
30695 4579c000
30696 457a0000
30697 457a4000
30698 457a8000
30699 457ac000
30700 457b0000
30701 457b4000
30702 457b8000
30703 457bc000
30704 457c0000
30705 457c4000
30706 457c8000
30707 457cc000
30708 457d0000
30709 457d4000
30710 457d8000
30711 457dc000
30712 457e0000
30713 457e4000
30714 457e8000
30715 457ec000
30716 457f0000
30717 457f4000
30718 457f8000
30719 457fc000
30720 45800000
30721 45808000
30722 45810000
30723 45818000
30724 45820000
30725 45828000
30726 45830000
30727 45838000
30728 45840000
30729 45848000
30730 45850000
30731 45858000
30732 45860000
30733 45868000
30734 45870000
30735 45878000
30736 45880000
30737 45888000
30738 45890000
30739 45898000
30740 458a0000
30741 458a8000
30742 458b0000
30743 458b8000
30744 458c0000
30745 458c8000
30746 458d0000
30747 458d8000
30748 458e0000
30749 458e8000
30750 458f0000
30751 458f8000
30752 45900000
30753 45908000
30754 45910000
30755 45918000
30756 45920000
30757 45928000
30758 45930000
30759 45938000
30760 45940000
30761 45948000
30762 45950000
30763 45958000
30764 45960000
30765 45968000
30766 45970000
30767 45978000
30768 45980000
30769 45988000
30770 45990000
30771 45998000
30772 459a0000
30773 459a8000
30774 459b0000
30775 459b8000
30776 459c0000
30777 459c8000
30778 459d0000
30779 459d8000
30780 459e0000
30781 459e8000
30782 459f0000
30783 459f8000
30784 45a00000
30785 45a08000
30786 45a10000
30787 45a18000
30788 45a20000
30789 45a28000
30790 45a30000
30791 45a38000
30792 45a40000
30793 45a48000
30794 45a50000
30795 45a58000
30796 45a60000
30797 45a68000
30798 45a70000
30799 45a78000
30800 45a80000
30801 45a88000
30802 45a90000
30803 45a98000
30804 45aa0000
30805 45aa8000
30806 45ab0000
30807 45ab8000
30808 45ac0000
30809 45ac8000
30810 45ad0000
30811 45ad8000
30812 45ae0000
30813 45ae8000
30814 45af0000
30815 45af8000
30816 45b00000
30817 45b08000
30818 45b10000
30819 45b18000
30820 45b20000
30821 45b28000
30822 45b30000
30823 45b38000
30824 45b40000
30825 45b48000
30826 45b50000
30827 45b58000
30828 45b60000
30829 45b68000
30830 45b70000
30831 45b78000
30832 45b80000
30833 45b88000
30834 45b90000
30835 45b98000
30836 45ba0000
30837 45ba8000
30838 45bb0000
30839 45bb8000
30840 45bc0000
30841 45bc8000
30842 45bd0000
30843 45bd8000
30844 45be0000
30845 45be8000
30846 45bf0000
30847 45bf8000
30848 45c00000
30849 45c08000
30850 45c10000
30851 45c18000
30852 45c20000
30853 45c28000
30854 45c30000
30855 45c38000
30856 45c40000
30857 45c48000
30858 45c50000
30859 45c58000
30860 45c60000
30861 45c68000
30862 45c70000
30863 45c78000
30864 45c80000
30865 45c88000
30866 45c90000
30867 45c98000
30868 45ca0000
30869 45ca8000
30870 45cb0000
30871 45cb8000
30872 45cc0000
30873 45cc8000
30874 45cd0000
30875 45cd8000
30876 45ce0000
30877 45ce8000
30878 45cf0000
30879 45cf8000
30880 45d00000
30881 45d08000
30882 45d10000
30883 45d18000
30884 45d20000
30885 45d28000
30886 45d30000
30887 45d38000
30888 45d40000
30889 45d48000
30890 45d50000
30891 45d58000
30892 45d60000
30893 45d68000
30894 45d70000
30895 45d78000
30896 45d80000
30897 45d88000
30898 45d90000
30899 45d98000
30900 45da0000
30901 45da8000
30902 45db0000
30903 45db8000
30904 45dc0000
30905 45dc8000
30906 45dd0000
30907 45dd8000
30908 45de0000
30909 45de8000
30910 45df0000
30911 45df8000
30912 45e00000
30913 45e08000
30914 45e10000
30915 45e18000
30916 45e20000
30917 45e28000
30918 45e30000
30919 45e38000
30920 45e40000
30921 45e48000
30922 45e50000
30923 45e58000
30924 45e60000
30925 45e68000
30926 45e70000
30927 45e78000
30928 45e80000
30929 45e88000
30930 45e90000
30931 45e98000
30932 45ea0000
30933 45ea8000
30934 45eb0000
30935 45eb8000
30936 45ec0000
30937 45ec8000
30938 45ed0000
30939 45ed8000
30940 45ee0000
30941 45ee8000
30942 45ef0000
30943 45ef8000
30944 45f00000
30945 45f08000
30946 45f10000
30947 45f18000
30948 45f20000
30949 45f28000
30950 45f30000
30951 45f38000
30952 45f40000
30953 45f48000
30954 45f50000
30955 45f58000
30956 45f60000
30957 45f68000
30958 45f70000
30959 45f78000
30960 45f80000
30961 45f88000
30962 45f90000
30963 45f98000
30964 45fa0000
30965 45fa8000
30966 45fb0000
30967 45fb8000
30968 45fc0000
30969 45fc8000
30970 45fd0000
30971 45fd8000
30972 45fe0000
30973 45fe8000
30974 45ff0000
30975 45ff8000
30976 46000000
30977 46008000
30978 46010000
30979 46018000
30980 46020000
30981 46028000
30982 46030000
30983 46038000
30984 46040000
30985 46048000
30986 46050000
30987 46058000
30988 46060000
30989 46068000
30990 46070000
30991 46078000
30992 46080000
30993 46088000
30994 46090000
30995 46098000
30996 460a0000
30997 460a8000
30998 460b0000
30999 460b8000
31000 460c0000
31001 460c8000
31002 460d0000
31003 460d8000
31004 460e0000
31005 460e8000
31006 460f0000
31007 460f8000
31008 46100000
31009 46108000
31010 46110000
31011 46118000
31012 46120000
31013 46128000
31014 46130000
31015 46138000
31016 46140000
31017 46148000
31018 46150000
31019 46158000
31020 46160000
31021 46168000
31022 46170000
31023 46178000
31024 46180000
31025 46188000
31026 46190000
31027 46198000
31028 461a0000
31029 461a8000
31030 461b0000
31031 461b8000
31032 461c0000
31033 461c8000
31034 461d0000
31035 461d8000
31036 461e0000
31037 461e8000
31038 461f0000
31039 461f8000
31040 46200000
31041 46208000
31042 46210000
31043 46218000
31044 46220000
31045 46228000
31046 46230000
31047 46238000
31048 46240000
31049 46248000
31050 46250000
31051 46258000
31052 46260000
31053 46268000
31054 46270000
31055 46278000
31056 46280000
31057 46288000
31058 46290000
31059 46298000
31060 462a0000
31061 462a8000
31062 462b0000
31063 462b8000
31064 462c0000
31065 462c8000
31066 462d0000
31067 462d8000
31068 462e0000
31069 462e8000
31070 462f0000
31071 462f8000
31072 46300000
31073 46308000
31074 46310000
31075 46318000
31076 46320000
31077 46328000
31078 46330000
31079 46338000
31080 46340000
31081 46348000
31082 46350000
31083 46358000
31084 46360000
31085 46368000
31086 46370000
31087 46378000
31088 46380000
31089 46388000
31090 46390000
31091 46398000
31092 463a0000
31093 463a8000
31094 463b0000
31095 463b8000
31096 463c0000
31097 463c8000
31098 463d0000
31099 463d8000
31100 463e0000
31101 463e8000
31102 463f0000
31103 463f8000
31104 46400000
31105 46408000
31106 46410000
31107 46418000
31108 46420000
31109 46428000
31110 46430000
31111 46438000
31112 46440000
31113 46448000
31114 46450000
31115 46458000
31116 46460000
31117 46468000
31118 46470000
31119 46478000
31120 46480000
31121 46488000
31122 46490000
31123 46498000
31124 464a0000
31125 464a8000
31126 464b0000
31127 464b8000
31128 464c0000
31129 464c8000
31130 464d0000
31131 464d8000
31132 464e0000
31133 464e8000
31134 464f0000
31135 464f8000
31136 46500000
31137 46508000
31138 46510000
31139 46518000
31140 46520000
31141 46528000
31142 46530000
31143 46538000
31144 46540000
31145 46548000
31146 46550000
31147 46558000
31148 46560000
31149 46568000
31150 46570000
31151 46578000
31152 46580000
31153 46588000
31154 46590000
31155 46598000
31156 465a0000
31157 465a8000
31158 465b0000
31159 465b8000
31160 465c0000
31161 465c8000
31162 465d0000
31163 465d8000
31164 465e0000
31165 465e8000
31166 465f0000
31167 465f8000
31168 46600000
31169 46608000
31170 46610000
31171 46618000
31172 46620000
31173 46628000
31174 46630000
31175 46638000
31176 46640000
31177 46648000
31178 46650000
31179 46658000
31180 46660000
31181 46668000
31182 46670000
31183 46678000
31184 46680000
31185 46688000
31186 46690000
31187 46698000
31188 466a0000
31189 466a8000
31190 466b0000
31191 466b8000
31192 466c0000
31193 466c8000
31194 466d0000
31195 466d8000
31196 466e0000
31197 466e8000
31198 466f0000
31199 466f8000
31200 46700000
31201 46708000
31202 46710000
31203 46718000
31204 46720000
31205 46728000
31206 46730000
31207 46738000
31208 46740000
31209 46748000
31210 46750000
31211 46758000
31212 46760000
31213 46768000
31214 46770000
31215 46778000
31216 46780000
31217 46788000
31218 46790000
31219 46798000
31220 467a0000
31221 467a8000
31222 467b0000
31223 467b8000
31224 467c0000
31225 467c8000
31226 467d0000
31227 467d8000
31228 467e0000
31229 467e8000
31230 467f0000
31231 467f8000
31232 46800000
31233 46808000
31234 46810000
31235 46818000
31236 46820000
31237 46828000
31238 46830000
31239 46838000
31240 46840000
31241 46848000
31242 46850000
31243 46858000
31244 46860000
31245 46868000
31246 46870000
31247 46878000
31248 46880000
31249 46888000
31250 46890000
31251 46898000
31252 468a0000
31253 468a8000
31254 468b0000
31255 468b8000
31256 468c0000
31257 468c8000
31258 468d0000
31259 468d8000
31260 468e0000
31261 468e8000
31262 468f0000
31263 468f8000
31264 46900000
31265 46908000
31266 46910000
31267 46918000
31268 46920000
31269 46928000
31270 46930000
31271 46938000
31272 46940000
31273 46948000
31274 46950000
31275 46958000
31276 46960000
31277 46968000
31278 46970000
31279 46978000
31280 46980000
31281 46988000
31282 46990000
31283 46998000
31284 469a0000
31285 469a8000
31286 469b0000
31287 469b8000
31288 469c0000
31289 469c8000
31290 469d0000
31291 469d8000
31292 469e0000
31293 469e8000
31294 469f0000
31295 469f8000
31296 46a00000
31297 46a08000
31298 46a10000
31299 46a18000
31300 46a20000
31301 46a28000
31302 46a30000
31303 46a38000
31304 46a40000
31305 46a48000
31306 46a50000
31307 46a58000
31308 46a60000
31309 46a68000
31310 46a70000
31311 46a78000
31312 46a80000
31313 46a88000
31314 46a90000
31315 46a98000
31316 46aa0000
31317 46aa8000
31318 46ab0000
31319 46ab8000
31320 46ac0000
31321 46ac8000
31322 46ad0000
31323 46ad8000
31324 46ae0000
31325 46ae8000
31326 46af0000
31327 46af8000
31328 46b00000
31329 46b08000
31330 46b10000
31331 46b18000
31332 46b20000
31333 46b28000
31334 46b30000
31335 46b38000
31336 46b40000
31337 46b48000
31338 46b50000
31339 46b58000
31340 46b60000
31341 46b68000
31342 46b70000
31343 46b78000
31344 46b80000
31345 46b88000
31346 46b90000
31347 46b98000
31348 46ba0000
31349 46ba8000
31350 46bb0000
31351 46bb8000
31352 46bc0000
31353 46bc8000
31354 46bd0000
31355 46bd8000
31356 46be0000
31357 46be8000
31358 46bf0000
31359 46bf8000
31360 46c00000
31361 46c08000
31362 46c10000
31363 46c18000
31364 46c20000
31365 46c28000
31366 46c30000
31367 46c38000
31368 46c40000
31369 46c48000
31370 46c50000
31371 46c58000
31372 46c60000
31373 46c68000
31374 46c70000
31375 46c78000
31376 46c80000
31377 46c88000
31378 46c90000
31379 46c98000
31380 46ca0000
31381 46ca8000
31382 46cb0000
31383 46cb8000
31384 46cc0000
31385 46cc8000
31386 46cd0000
31387 46cd8000
31388 46ce0000
31389 46ce8000
31390 46cf0000
31391 46cf8000
31392 46d00000
31393 46d08000
31394 46d10000
31395 46d18000
31396 46d20000
31397 46d28000
31398 46d30000
31399 46d38000
31400 46d40000
31401 46d48000
31402 46d50000
31403 46d58000
31404 46d60000
31405 46d68000
31406 46d70000
31407 46d78000
31408 46d80000
31409 46d88000
31410 46d90000
31411 46d98000
31412 46da0000
31413 46da8000
31414 46db0000
31415 46db8000
31416 46dc0000
31417 46dc8000
31418 46dd0000
31419 46dd8000
31420 46de0000
31421 46de8000
31422 46df0000
31423 46df8000
31424 46e00000
31425 46e08000
31426 46e10000
31427 46e18000
31428 46e20000
31429 46e28000
31430 46e30000
31431 46e38000
31432 46e40000
31433 46e48000
31434 46e50000
31435 46e58000
31436 46e60000
31437 46e68000
31438 46e70000
31439 46e78000
31440 46e80000
31441 46e88000
31442 46e90000
31443 46e98000
31444 46ea0000
31445 46ea8000
31446 46eb0000
31447 46eb8000
31448 46ec0000
31449 46ec8000
31450 46ed0000
31451 46ed8000
31452 46ee0000
31453 46ee8000
31454 46ef0000
31455 46ef8000
31456 46f00000
31457 46f08000
31458 46f10000
31459 46f18000
31460 46f20000
31461 46f28000
31462 46f30000
31463 46f38000
31464 46f40000
31465 46f48000
31466 46f50000
31467 46f58000
31468 46f60000
31469 46f68000
31470 46f70000
31471 46f78000
31472 46f80000
31473 46f88000
31474 46f90000
31475 46f98000
31476 46fa0000
31477 46fa8000
31478 46fb0000
31479 46fb8000
31480 46fc0000
31481 46fc8000
31482 46fd0000
31483 46fd8000
31484 46fe0000
31485 46fe8000
31486 46ff0000
31487 46ff8000
31488 47000000
31489 47008000
31490 47010000
31491 47018000
31492 47020000
31493 47028000
31494 47030000
31495 47038000
31496 47040000
31497 47048000
31498 47050000
31499 47058000
31500 47060000
31501 47068000
31502 47070000
31503 47078000
31504 47080000
31505 47088000
31506 47090000
31507 47098000
31508 470a0000
31509 470a8000
31510 470b0000
31511 470b8000
31512 470c0000
31513 470c8000
31514 470d0000
31515 470d8000
31516 470e0000
31517 470e8000
31518 470f0000
31519 470f8000
31520 47100000
31521 47108000
31522 47110000
31523 47118000
31524 47120000
31525 47128000
31526 47130000
31527 47138000
31528 47140000
31529 47148000
31530 47150000
31531 47158000
31532 47160000
31533 47168000
31534 47170000
31535 47178000
31536 47180000
31537 47188000
31538 47190000
31539 47198000
31540 471a0000
31541 471a8000
31542 471b0000
31543 471b8000
31544 471c0000
31545 471c8000
31546 471d0000
31547 471d8000
31548 471e0000
31549 471e8000
31550 471f0000
31551 471f8000
31552 47200000
31553 47208000
31554 47210000
31555 47218000
31556 47220000
31557 47228000
31558 47230000
31559 47238000
31560 47240000
31561 47248000
31562 47250000
31563 47258000
31564 47260000
31565 47268000
31566 47270000
31567 47278000
31568 47280000
31569 47288000
31570 47290000
31571 47298000
31572 472a0000
31573 472a8000
31574 472b0000
31575 472b8000
31576 472c0000
31577 472c8000
31578 472d0000
31579 472d8000
31580 472e0000
31581 472e8000
31582 472f0000
31583 472f8000
31584 47300000
31585 47308000
31586 47310000
31587 47318000
31588 47320000
31589 47328000
31590 47330000
31591 47338000
31592 47340000
31593 47348000
31594 47350000
31595 47358000
31596 47360000
31597 47368000
31598 47370000
31599 47378000
31600 47380000
31601 47388000
31602 47390000
31603 47398000
31604 473a0000
31605 473a8000
31606 473b0000
31607 473b8000
31608 473c0000
31609 473c8000
31610 473d0000
31611 473d8000
31612 473e0000
31613 473e8000
31614 473f0000
31615 473f8000
31616 47400000
31617 47408000
31618 47410000
31619 47418000
31620 47420000
31621 47428000
31622 47430000
31623 47438000
31624 47440000
31625 47448000
31626 47450000
31627 47458000
31628 47460000
31629 47468000
31630 47470000
31631 47478000
31632 47480000
31633 47488000
31634 47490000
31635 47498000
31636 474a0000
31637 474a8000
31638 474b0000
31639 474b8000
31640 474c0000
31641 474c8000
31642 474d0000
31643 474d8000
31644 474e0000
31645 474e8000
31646 474f0000
31647 474f8000
31648 47500000
31649 47508000
31650 47510000
31651 47518000
31652 47520000
31653 47528000
31654 47530000
31655 47538000
31656 47540000
31657 47548000
31658 47550000
31659 47558000
31660 47560000
31661 47568000
31662 47570000
31663 47578000
31664 47580000
31665 47588000
31666 47590000
31667 47598000
31668 475a0000
31669 475a8000
31670 475b0000
31671 475b8000
31672 475c0000
31673 475c8000
31674 475d0000
31675 475d8000
31676 475e0000
31677 475e8000
31678 475f0000
31679 475f8000
31680 47600000
31681 47608000
31682 47610000
31683 47618000
31684 47620000
31685 47628000
31686 47630000
31687 47638000
31688 47640000
31689 47648000
31690 47650000
31691 47658000
31692 47660000
31693 47668000
31694 47670000
31695 47678000
31696 47680000
31697 47688000
31698 47690000
31699 47698000
31700 476a0000
31701 476a8000
31702 476b0000
31703 476b8000
31704 476c0000
31705 476c8000
31706 476d0000
31707 476d8000
31708 476e0000
31709 476e8000
31710 476f0000
31711 476f8000
31712 47700000
31713 47708000
31714 47710000
31715 47718000
31716 47720000
31717 47728000
31718 47730000
31719 47738000
31720 47740000
31721 47748000
31722 47750000
31723 47758000
31724 47760000
31725 47768000
31726 47770000
31727 47778000
31728 47780000
31729 47788000
31730 47790000
31731 47798000
31732 477a0000
31733 477a8000
31734 477b0000
31735 477b8000
31736 477c0000
31737 477c8000
31738 477d0000
31739 477d8000
31740 477e0000
31741 477e8000
31742 477f0000
31743 477f8000
31744 47800000
31745 47810000
31746 47820000
31747 47830000
31748 47840000
31749 47850000
31750 47860000
31751 47870000
31752 47880000
31753 47890000
31754 478a0000
31755 478b0000
31756 478c0000
31757 478d0000
31758 478e0000
31759 478f0000
31760 47900000
31761 47910000
31762 47920000
31763 47930000
31764 47940000
31765 47950000
31766 47960000
31767 47970000
31768 47980000
31769 47990000
31770 479a0000
31771 479b0000
31772 479c0000
31773 479d0000
31774 479e0000
31775 479f0000
31776 47a00000
31777 47a10000
31778 47a20000
31779 47a30000
31780 47a40000
31781 47a50000
31782 47a60000
31783 47a70000
31784 47a80000
31785 47a90000
31786 47aa0000
31787 47ab0000
31788 47ac0000
31789 47ad0000
31790 47ae0000
31791 47af0000
31792 47b00000
31793 47b10000
31794 47b20000
31795 47b30000
31796 47b40000
31797 47b50000
31798 47b60000
31799 47b70000
31800 47b80000
31801 47b90000
31802 47ba0000
31803 47bb0000
31804 47bc0000
31805 47bd0000
31806 47be0000
31807 47bf0000
31808 47c00000
31809 47c10000
31810 47c20000
31811 47c30000
31812 47c40000
31813 47c50000
31814 47c60000
31815 47c70000
31816 47c80000
31817 47c90000
31818 47ca0000
31819 47cb0000
31820 47cc0000
31821 47cd0000
31822 47ce0000
31823 47cf0000
31824 47d00000
31825 47d10000
31826 47d20000
31827 47d30000
31828 47d40000
31829 47d50000
31830 47d60000
31831 47d70000
31832 47d80000
31833 47d90000
31834 47da0000
31835 47db0000
31836 47dc0000
31837 47dd0000
31838 47de0000
31839 47df0000
31840 47e00000
31841 47e10000
31842 47e20000
31843 47e30000
31844 47e40000
31845 47e50000
31846 47e60000
31847 47e70000
31848 47e80000
31849 47e90000
31850 47ea0000
31851 47eb0000
31852 47ec0000
31853 47ed0000
31854 47ee0000
31855 47ef0000
31856 47f00000
31857 47f10000
31858 47f20000
31859 47f30000
31860 47f40000
31861 47f50000
31862 47f60000
31863 47f70000
31864 47f80000
31865 47f90000
31866 47fa0000
31867 47fb0000
31868 47fc0000
31869 47fd0000
31870 47fe0000
31871 47ff0000
31872 48000000
31873 48010000
31874 48020000
31875 48030000
31876 48040000
31877 48050000
31878 48060000
31879 48070000
31880 48080000
31881 48090000
31882 480a0000
31883 480b0000
31884 480c0000
31885 480d0000
31886 480e0000
31887 480f0000
31888 48100000
31889 48110000
31890 48120000
31891 48130000
31892 48140000
31893 48150000
31894 48160000
31895 48170000
31896 48180000
31897 48190000
31898 481a0000
31899 481b0000
31900 481c0000
31901 481d0000
31902 481e0000
31903 481f0000
31904 48200000
31905 48210000
31906 48220000
31907 48230000
31908 48240000
31909 48250000
31910 48260000
31911 48270000
31912 48280000
31913 48290000
31914 482a0000
31915 482b0000
31916 482c0000
31917 482d0000
31918 482e0000
31919 482f0000
31920 48300000
31921 48310000
31922 48320000
31923 48330000
31924 48340000
31925 48350000
31926 48360000
31927 48370000
31928 48380000
31929 48390000
31930 483a0000
31931 483b0000
31932 483c0000
31933 483d0000
31934 483e0000
31935 483f0000
31936 48400000
31937 48410000
31938 48420000
31939 48430000
31940 48440000
31941 48450000
31942 48460000
31943 48470000
31944 48480000
31945 48490000
31946 484a0000
31947 484b0000
31948 484c0000
31949 484d0000
31950 484e0000
31951 484f0000
31952 48500000
31953 48510000
31954 48520000
31955 48530000
31956 48540000
31957 48550000
31958 48560000
31959 48570000
31960 48580000
31961 48590000
31962 485a0000
31963 485b0000
31964 485c0000
31965 485d0000
31966 485e0000
31967 485f0000
31968 48600000
31969 48610000
31970 48620000
31971 48630000
31972 48640000
31973 48650000
31974 48660000
31975 48670000
31976 48680000
31977 48690000
31978 486a0000
31979 486b0000
31980 486c0000
31981 486d0000
31982 486e0000
31983 486f0000
31984 48700000
31985 48710000
31986 48720000
31987 48730000
31988 48740000
31989 48750000
31990 48760000
31991 48770000
31992 48780000
31993 48790000
31994 487a0000
31995 487b0000
31996 487c0000
31997 487d0000
31998 487e0000
31999 487f0000
32000 48800000
32001 48810000
32002 48820000
32003 48830000
32004 48840000
32005 48850000
32006 48860000
32007 48870000
32008 48880000
32009 48890000
32010 488a0000
32011 488b0000
32012 488c0000
32013 488d0000
32014 488e0000
32015 488f0000
32016 48900000
32017 48910000
32018 48920000
32019 48930000
32020 48940000
32021 48950000
32022 48960000
32023 48970000
32024 48980000
32025 48990000
32026 489a0000
32027 489b0000
32028 489c0000
32029 489d0000
32030 489e0000
32031 489f0000
32032 48a00000
32033 48a10000
32034 48a20000
32035 48a30000
32036 48a40000
32037 48a50000
32038 48a60000
32039 48a70000
32040 48a80000
32041 48a90000
32042 48aa0000
32043 48ab0000
32044 48ac0000
32045 48ad0000
32046 48ae0000
32047 48af0000
32048 48b00000
32049 48b10000
32050 48b20000
32051 48b30000
32052 48b40000
32053 48b50000
32054 48b60000
32055 48b70000
32056 48b80000
32057 48b90000
32058 48ba0000
32059 48bb0000
32060 48bc0000
32061 48bd0000
32062 48be0000
32063 48bf0000
32064 48c00000
32065 48c10000
32066 48c20000
32067 48c30000
32068 48c40000
32069 48c50000
32070 48c60000
32071 48c70000
32072 48c80000
32073 48c90000
32074 48ca0000
32075 48cb0000
32076 48cc0000
32077 48cd0000
32078 48ce0000
32079 48cf0000
32080 48d00000
32081 48d10000
32082 48d20000
32083 48d30000
32084 48d40000
32085 48d50000
32086 48d60000
32087 48d70000
32088 48d80000
32089 48d90000
32090 48da0000
32091 48db0000
32092 48dc0000
32093 48dd0000
32094 48de0000
32095 48df0000
32096 48e00000
32097 48e10000
32098 48e20000
32099 48e30000
32100 48e40000
32101 48e50000
32102 48e60000
32103 48e70000
32104 48e80000
32105 48e90000
32106 48ea0000
32107 48eb0000
32108 48ec0000
32109 48ed0000
32110 48ee0000
32111 48ef0000
32112 48f00000
32113 48f10000
32114 48f20000
32115 48f30000
32116 48f40000
32117 48f50000
32118 48f60000
32119 48f70000
32120 48f80000
32121 48f90000
32122 48fa0000
32123 48fb0000
32124 48fc0000
32125 48fd0000
32126 48fe0000
32127 48ff0000
32128 49000000
32129 49010000
32130 49020000
32131 49030000
32132 49040000
32133 49050000
32134 49060000
32135 49070000
32136 49080000
32137 49090000
32138 490a0000
32139 490b0000
32140 490c0000
32141 490d0000
32142 490e0000
32143 490f0000
32144 49100000
32145 49110000
32146 49120000
32147 49130000
32148 49140000
32149 49150000
32150 49160000
32151 49170000
32152 49180000
32153 49190000
32154 491a0000
32155 491b0000
32156 491c0000
32157 491d0000
32158 491e0000
32159 491f0000
32160 49200000
32161 49210000
32162 49220000
32163 49230000
32164 49240000
32165 49250000
32166 49260000
32167 49270000
32168 49280000
32169 49290000
32170 492a0000
32171 492b0000
32172 492c0000
32173 492d0000
32174 492e0000
32175 492f0000
32176 49300000
32177 49310000
32178 49320000
32179 49330000
32180 49340000
32181 49350000
32182 49360000
32183 49370000
32184 49380000
32185 49390000
32186 493a0000
32187 493b0000
32188 493c0000
32189 493d0000
32190 493e0000
32191 493f0000
32192 49400000
32193 49410000
32194 49420000
32195 49430000
32196 49440000
32197 49450000
32198 49460000
32199 49470000
32200 49480000
32201 49490000
32202 494a0000
32203 494b0000
32204 494c0000
32205 494d0000
32206 494e0000
32207 494f0000
32208 49500000
32209 49510000
32210 49520000
32211 49530000
32212 49540000
32213 49550000
32214 49560000
32215 49570000
32216 49580000
32217 49590000
32218 495a0000
32219 495b0000
32220 495c0000
32221 495d0000
32222 495e0000
32223 495f0000
32224 49600000
32225 49610000
32226 49620000
32227 49630000
32228 49640000
32229 49650000
32230 49660000
32231 49670000
32232 49680000
32233 49690000
32234 496a0000
32235 496b0000
32236 496c0000
32237 496d0000
32238 496e0000
32239 496f0000
32240 49700000
32241 49710000
32242 49720000
32243 49730000
32244 49740000
32245 49750000
32246 49760000
32247 49770000
32248 49780000
32249 49790000
32250 497a0000
32251 497b0000
32252 497c0000
32253 497d0000
32254 497e0000
32255 497f0000
32256 49800000
32257 49820000
32258 49840000
32259 49860000
32260 49880000
32261 498a0000
32262 498c0000
32263 498e0000
32264 49900000
32265 49920000
32266 49940000
32267 49960000
32268 49980000
32269 499a0000
32270 499c0000
32271 499e0000
32272 49a00000
32273 49a20000
32274 49a40000
32275 49a60000
32276 49a80000
32277 49aa0000
32278 49ac0000
32279 49ae0000
32280 49b00000
32281 49b20000
32282 49b40000
32283 49b60000
32284 49b80000
32285 49ba0000
32286 49bc0000
32287 49be0000
32288 49c00000
32289 49c20000
32290 49c40000
32291 49c60000
32292 49c80000
32293 49ca0000
32294 49cc0000
32295 49ce0000
32296 49d00000
32297 49d20000
32298 49d40000
32299 49d60000
32300 49d80000
32301 49da0000
32302 49dc0000
32303 49de0000
32304 49e00000
32305 49e20000
32306 49e40000
32307 49e60000
32308 49e80000
32309 49ea0000
32310 49ec0000
32311 49ee0000
32312 49f00000
32313 49f20000
32314 49f40000
32315 49f60000
32316 49f80000
32317 49fa0000
32318 49fc0000
32319 49fe0000
32320 4a000000
32321 4a020000
32322 4a040000
32323 4a060000
32324 4a080000
32325 4a0a0000
32326 4a0c0000
32327 4a0e0000
32328 4a100000
32329 4a120000
32330 4a140000
32331 4a160000
32332 4a180000
32333 4a1a0000
32334 4a1c0000
32335 4a1e0000
32336 4a200000
32337 4a220000
32338 4a240000
32339 4a260000
32340 4a280000
32341 4a2a0000
32342 4a2c0000
32343 4a2e0000
32344 4a300000
32345 4a320000
32346 4a340000
32347 4a360000
32348 4a380000
32349 4a3a0000
32350 4a3c0000
32351 4a3e0000
32352 4a400000
32353 4a420000
32354 4a440000
32355 4a460000
32356 4a480000
32357 4a4a0000
32358 4a4c0000
32359 4a4e0000
32360 4a500000
32361 4a520000
32362 4a540000
32363 4a560000
32364 4a580000
32365 4a5a0000
32366 4a5c0000
32367 4a5e0000
32368 4a600000
32369 4a620000
32370 4a640000
32371 4a660000
32372 4a680000
32373 4a6a0000
32374 4a6c0000
32375 4a6e0000
32376 4a700000
32377 4a720000
32378 4a740000
32379 4a760000
32380 4a780000
32381 4a7a0000
32382 4a7c0000
32383 4a7e0000
32384 4a800000
32385 4a820000
32386 4a840000
32387 4a860000
32388 4a880000
32389 4a8a0000
32390 4a8c0000
32391 4a8e0000
32392 4a900000
32393 4a920000
32394 4a940000
32395 4a960000
32396 4a980000
32397 4a9a0000
32398 4a9c0000
32399 4a9e0000
32400 4aa00000
32401 4aa20000
32402 4aa40000
32403 4aa60000
32404 4aa80000
32405 4aaa0000
32406 4aac0000
32407 4aae0000
32408 4ab00000
32409 4ab20000
32410 4ab40000
32411 4ab60000
32412 4ab80000
32413 4aba0000
32414 4abc0000
32415 4abe0000
32416 4ac00000
32417 4ac20000
32418 4ac40000
32419 4ac60000
32420 4ac80000
32421 4aca0000
32422 4acc0000
32423 4ace0000
32424 4ad00000
32425 4ad20000
32426 4ad40000
32427 4ad60000
32428 4ad80000
32429 4ada0000
32430 4adc0000
32431 4ade0000
32432 4ae00000
32433 4ae20000
32434 4ae40000
32435 4ae60000
32436 4ae80000
32437 4aea0000
32438 4aec0000
32439 4aee0000
32440 4af00000
32441 4af20000
32442 4af40000
32443 4af60000
32444 4af80000
32445 4afa0000
32446 4afc0000
32447 4afe0000
32448 4b000000
32449 4b020000
32450 4b040000
32451 4b060000
32452 4b080000
32453 4b0a0000
32454 4b0c0000
32455 4b0e0000
32456 4b100000
32457 4b120000
32458 4b140000
32459 4b160000
32460 4b180000
32461 4b1a0000
32462 4b1c0000
32463 4b1e0000
32464 4b200000
32465 4b220000
32466 4b240000
32467 4b260000
32468 4b280000
32469 4b2a0000
32470 4b2c0000
32471 4b2e0000
32472 4b300000
32473 4b320000
32474 4b340000
32475 4b360000
32476 4b380000
32477 4b3a0000
32478 4b3c0000
32479 4b3e0000
32480 4b400000
32481 4b420000
32482 4b440000
32483 4b460000
32484 4b480000
32485 4b4a0000
32486 4b4c0000
32487 4b4e0000
32488 4b500000
32489 4b520000
32490 4b540000
32491 4b560000
32492 4b580000
32493 4b5a0000
32494 4b5c0000
32495 4b5e0000
32496 4b600000
32497 4b620000
32498 4b640000
32499 4b660000
32500 4b680000
32501 4b6a0000
32502 4b6c0000
32503 4b6e0000
32504 4b700000
32505 4b720000
32506 4b740000
32507 4b760000
32508 4b780000
32509 4b7a0000
32510 4b7c0000
32511 4b7e0000
32512 4b800000
32513 4b840000
32514 4b880000
32515 4b8c0000
32516 4b900000
32517 4b940000
32518 4b980000
32519 4b9c0000
32520 4ba00000
32521 4ba40000
32522 4ba80000
32523 4bac0000
32524 4bb00000
32525 4bb40000
32526 4bb80000
32527 4bbc0000
32528 4bc00000
32529 4bc40000
32530 4bc80000
32531 4bcc0000
32532 4bd00000
32533 4bd40000
32534 4bd80000
32535 4bdc0000
32536 4be00000
32537 4be40000
32538 4be80000
32539 4bec0000
32540 4bf00000
32541 4bf40000
32542 4bf80000
32543 4bfc0000
32544 4c000000
32545 4c040000
32546 4c080000
32547 4c0c0000
32548 4c100000
32549 4c140000
32550 4c180000
32551 4c1c0000
32552 4c200000
32553 4c240000
32554 4c280000
32555 4c2c0000
32556 4c300000
32557 4c340000
32558 4c380000
32559 4c3c0000
32560 4c400000
32561 4c440000
32562 4c480000
32563 4c4c0000
32564 4c500000
32565 4c540000
32566 4c580000
32567 4c5c0000
32568 4c600000
32569 4c640000
32570 4c680000
32571 4c6c0000
32572 4c700000
32573 4c740000
32574 4c780000
32575 4c7c0000
32576 4c800000
32577 4c840000
32578 4c880000
32579 4c8c0000
32580 4c900000
32581 4c940000
32582 4c980000
32583 4c9c0000
32584 4ca00000
32585 4ca40000
32586 4ca80000
32587 4cac0000
32588 4cb00000
32589 4cb40000
32590 4cb80000
32591 4cbc0000
32592 4cc00000
32593 4cc40000
32594 4cc80000
32595 4ccc0000
32596 4cd00000
32597 4cd40000
32598 4cd80000
32599 4cdc0000
32600 4ce00000
32601 4ce40000
32602 4ce80000
32603 4cec0000
32604 4cf00000
32605 4cf40000
32606 4cf80000
32607 4cfc0000
32608 4d000000
32609 4d040000
32610 4d080000
32611 4d0c0000
32612 4d100000
32613 4d140000
32614 4d180000
32615 4d1c0000
32616 4d200000
32617 4d240000
32618 4d280000
32619 4d2c0000
32620 4d300000
32621 4d340000
32622 4d380000
32623 4d3c0000
32624 4d400000
32625 4d440000
32626 4d480000
32627 4d4c0000
32628 4d500000
32629 4d540000
32630 4d580000
32631 4d5c0000
32632 4d600000
32633 4d640000
32634 4d680000
32635 4d6c0000
32636 4d700000
32637 4d740000
32638 4d780000
32639 4d7c0000
32640 4d800000
32641 4d880000
32642 4d900000
32643 4d980000
32644 4da00000
32645 4da80000
32646 4db00000
32647 4db80000
32648 4dc00000
32649 4dc80000
32650 4dd00000
32651 4dd80000
32652 4de00000
32653 4de80000
32654 4df00000
32655 4df80000
32656 4e000000
32657 4e080000
32658 4e100000
32659 4e180000
32660 4e200000
32661 4e280000
32662 4e300000
32663 4e380000
32664 4e400000
32665 4e480000
32666 4e500000
32667 4e580000
32668 4e600000
32669 4e680000
32670 4e700000
32671 4e780000
32672 4e800000
32673 4e880000
32674 4e900000
32675 4e980000
32676 4ea00000
32677 4ea80000
32678 4eb00000
32679 4eb80000
32680 4ec00000
32681 4ec80000
32682 4ed00000
32683 4ed80000
32684 4ee00000
32685 4ee80000
32686 4ef00000
32687 4ef80000
32688 4f000000
32689 4f080000
32690 4f100000
32691 4f180000
32692 4f200000
32693 4f280000
32694 4f300000
32695 4f380000
32696 4f400000
32697 4f480000
32698 4f500000
32699 4f580000
32700 4f600000
32701 4f680000
32702 4f700000
32703 4f780000
32704 4f800000
32705 4f900000
32706 4fa00000
32707 4fb00000
32708 4fc00000
32709 4fd00000
32710 4fe00000
32711 4ff00000
32712 50000000
32713 50100000
32714 50200000
32715 50300000
32716 50400000
32717 50500000
32718 50600000
32719 50700000
32720 50800000
32721 50900000
32722 50a00000
32723 50b00000
32724 50c00000
32725 50d00000
32726 50e00000
32727 50f00000
32728 51000000
32729 51100000
32730 51200000
32731 51300000
32732 51400000
32733 51500000
32734 51600000
32735 51700000
32736 51800000
32737 51a00000
32738 51c00000
32739 51e00000
32740 52000000
32741 52200000
32742 52400000
32743 52600000
32744 52800000
32745 52a00000
32746 52c00000
32747 52e00000
32748 53000000
32749 53200000
32750 53400000
32751 53600000
32752 53800000
32753 53c00000
32754 54000000
32755 54400000
32756 54800000
32757 54c00000
32758 55000000
32759 55400000
32760 55800000
32761 56000000
32762 56800000
32763 57000000
32764 57800000
32765 58800000
32766 59800000
32767 5a800000
32768 7fc00000
32769 da800000
32770 d9800000
32771 d8800000
32772 d7800000
32773 d7000000
32774 d6800000
32775 d6000000
32776 d5800000
32777 d5400000
32778 d5000000
32779 d4c00000
32780 d4800000
32781 d4400000
32782 d4000000
32783 d3c00000
32784 d3800000
32785 d3600000
32786 d3400000
32787 d3200000
32788 d3000000
32789 d2e00000
32790 d2c00000
32791 d2a00000
32792 d2800000
32793 d2600000
32794 d2400000
32795 d2200000
32796 d2000000
32797 d1e00000
32798 d1c00000
32799 d1a00000
32800 d1800000
32801 d1700000
32802 d1600000
32803 d1500000
32804 d1400000
32805 d1300000
32806 d1200000
32807 d1100000
32808 d1000000
32809 d0f00000
32810 d0e00000
32811 d0d00000
32812 d0c00000
32813 d0b00000
32814 d0a00000
32815 d0900000
32816 d0800000
32817 d0700000
32818 d0600000
32819 d0500000
32820 d0400000
32821 d0300000
32822 d0200000
32823 d0100000
32824 d0000000
32825 cff00000
32826 cfe00000
32827 cfd00000
32828 cfc00000
32829 cfb00000
32830 cfa00000
32831 cf900000
32832 cf800000
32833 cf780000
32834 cf700000
32835 cf680000
32836 cf600000
32837 cf580000
32838 cf500000
32839 cf480000
32840 cf400000
32841 cf380000
32842 cf300000
32843 cf280000
32844 cf200000
32845 cf180000
32846 cf100000
32847 cf080000
32848 cf000000
32849 cef80000
32850 cef00000
32851 cee80000
32852 cee00000
32853 ced80000
32854 ced00000
32855 cec80000
32856 cec00000
32857 ceb80000
32858 ceb00000
32859 cea80000
32860 cea00000
32861 ce980000
32862 ce900000
32863 ce880000
32864 ce800000
32865 ce780000
32866 ce700000
32867 ce680000
32868 ce600000
32869 ce580000
32870 ce500000
32871 ce480000
32872 ce400000
32873 ce380000
32874 ce300000
32875 ce280000
32876 ce200000
32877 ce180000
32878 ce100000
32879 ce080000
32880 ce000000
32881 cdf80000
32882 cdf00000
32883 cde80000
32884 cde00000
32885 cdd80000
32886 cdd00000
32887 cdc80000
32888 cdc00000
32889 cdb80000
32890 cdb00000
32891 cda80000
32892 cda00000
32893 cd980000
32894 cd900000
32895 cd880000
32896 cd800000
32897 cd7c0000
32898 cd780000
32899 cd740000
32900 cd700000
32901 cd6c0000
32902 cd680000
32903 cd640000
32904 cd600000
32905 cd5c0000
32906 cd580000
32907 cd540000
32908 cd500000
32909 cd4c0000
32910 cd480000
32911 cd440000
32912 cd400000
32913 cd3c0000
32914 cd380000
32915 cd340000
32916 cd300000
32917 cd2c0000
32918 cd280000
32919 cd240000
32920 cd200000
32921 cd1c0000
32922 cd180000
32923 cd140000
32924 cd100000
32925 cd0c0000
32926 cd080000
32927 cd040000
32928 cd000000
32929 ccfc0000
32930 ccf80000
32931 ccf40000
32932 ccf00000
32933 ccec0000
32934 cce80000
32935 cce40000
32936 cce00000
32937 ccdc0000
32938 ccd80000
32939 ccd40000
32940 ccd00000
32941 cccc0000
32942 ccc80000
32943 ccc40000
32944 ccc00000
32945 ccbc0000
32946 ccb80000
32947 ccb40000
32948 ccb00000
32949 ccac0000
32950 cca80000
32951 cca40000
32952 cca00000
32953 cc9c0000
32954 cc980000
32955 cc940000
32956 cc900000
32957 cc8c0000
32958 cc880000
32959 cc840000
32960 cc800000
32961 cc7c0000
32962 cc780000
32963 cc740000
32964 cc700000
32965 cc6c0000
32966 cc680000
32967 cc640000
32968 cc600000
32969 cc5c0000
32970 cc580000
32971 cc540000
32972 cc500000
32973 cc4c0000
32974 cc480000
32975 cc440000
32976 cc400000
32977 cc3c0000
32978 cc380000
32979 cc340000
32980 cc300000
32981 cc2c0000
32982 cc280000
32983 cc240000
32984 cc200000
32985 cc1c0000
32986 cc180000
32987 cc140000
32988 cc100000
32989 cc0c0000
32990 cc080000
32991 cc040000
32992 cc000000
32993 cbfc0000
32994 cbf80000
32995 cbf40000
32996 cbf00000
32997 cbec0000
32998 cbe80000
32999 cbe40000
33000 cbe00000
33001 cbdc0000
33002 cbd80000
33003 cbd40000
33004 cbd00000
33005 cbcc0000
33006 cbc80000
33007 cbc40000
33008 cbc00000
33009 cbbc0000
33010 cbb80000
33011 cbb40000
33012 cbb00000
33013 cbac0000
33014 cba80000
33015 cba40000
33016 cba00000
33017 cb9c0000
33018 cb980000
33019 cb940000
33020 cb900000
33021 cb8c0000
33022 cb880000
33023 cb840000
33024 cb800000
33025 cb7e0000
33026 cb7c0000
33027 cb7a0000
33028 cb780000
33029 cb760000
33030 cb740000
33031 cb720000
33032 cb700000
33033 cb6e0000
33034 cb6c0000
33035 cb6a0000
33036 cb680000
33037 cb660000
33038 cb640000
33039 cb620000
33040 cb600000
33041 cb5e0000
33042 cb5c0000
33043 cb5a0000
33044 cb580000
33045 cb560000
33046 cb540000
33047 cb520000
33048 cb500000
33049 cb4e0000
33050 cb4c0000
33051 cb4a0000
33052 cb480000
33053 cb460000
33054 cb440000
33055 cb420000
33056 cb400000
33057 cb3e0000
33058 cb3c0000
33059 cb3a0000
33060 cb380000
33061 cb360000
33062 cb340000
33063 cb320000
33064 cb300000
33065 cb2e0000
33066 cb2c0000
33067 cb2a0000
33068 cb280000
33069 cb260000
33070 cb240000
33071 cb220000
33072 cb200000
33073 cb1e0000
33074 cb1c0000
33075 cb1a0000
33076 cb180000
33077 cb160000
33078 cb140000
33079 cb120000
33080 cb100000
33081 cb0e0000
33082 cb0c0000
33083 cb0a0000
33084 cb080000
33085 cb060000
33086 cb040000
33087 cb020000
33088 cb000000
33089 cafe0000
33090 cafc0000
33091 cafa0000
33092 caf80000
33093 caf60000
33094 caf40000
33095 caf20000
33096 caf00000
33097 caee0000
33098 caec0000
33099 caea0000
33100 cae80000
33101 cae60000
33102 cae40000
33103 cae20000
33104 cae00000
33105 cade0000
33106 cadc0000
33107 cada0000
33108 cad80000
33109 cad60000
33110 cad40000
33111 cad20000
33112 cad00000
33113 cace0000
33114 cacc0000
33115 caca0000
33116 cac80000
33117 cac60000
33118 cac40000
33119 cac20000
33120 cac00000
33121 cabe0000
33122 cabc0000
33123 caba0000
33124 cab80000
33125 cab60000
33126 cab40000
33127 cab20000
33128 cab00000
33129 caae0000
33130 caac0000
33131 caaa0000
33132 caa80000
33133 caa60000
33134 caa40000
33135 caa20000
33136 caa00000
33137 ca9e0000
33138 ca9c0000
33139 ca9a0000
33140 ca980000
33141 ca960000
33142 ca940000
33143 ca920000
33144 ca900000
33145 ca8e0000
33146 ca8c0000
33147 ca8a0000
33148 ca880000
33149 ca860000
33150 ca840000
33151 ca820000
33152 ca800000
33153 ca7e0000
33154 ca7c0000
33155 ca7a0000
33156 ca780000
33157 ca760000
33158 ca740000
33159 ca720000
33160 ca700000
33161 ca6e0000
33162 ca6c0000
33163 ca6a0000
33164 ca680000
33165 ca660000
33166 ca640000
33167 ca620000
33168 ca600000
33169 ca5e0000
33170 ca5c0000
33171 ca5a0000
33172 ca580000
33173 ca560000
33174 ca540000
33175 ca520000
33176 ca500000
33177 ca4e0000
33178 ca4c0000
33179 ca4a0000
33180 ca480000
33181 ca460000
33182 ca440000
33183 ca420000
33184 ca400000
33185 ca3e0000
33186 ca3c0000
33187 ca3a0000
33188 ca380000
33189 ca360000
33190 ca340000
33191 ca320000
33192 ca300000
33193 ca2e0000
33194 ca2c0000
33195 ca2a0000
33196 ca280000
33197 ca260000
33198 ca240000
33199 ca220000
33200 ca200000
33201 ca1e0000
33202 ca1c0000
33203 ca1a0000
33204 ca180000
33205 ca160000
33206 ca140000
33207 ca120000
33208 ca100000
33209 ca0e0000
33210 ca0c0000
33211 ca0a0000
33212 ca080000
33213 ca060000
33214 ca040000
33215 ca020000
33216 ca000000
33217 c9fe0000
33218 c9fc0000
33219 c9fa0000
33220 c9f80000
33221 c9f60000
33222 c9f40000
33223 c9f20000
33224 c9f00000
33225 c9ee0000
33226 c9ec0000
33227 c9ea0000
33228 c9e80000
33229 c9e60000
33230 c9e40000
33231 c9e20000
33232 c9e00000
33233 c9de0000
33234 c9dc0000
33235 c9da0000
33236 c9d80000
33237 c9d60000
33238 c9d40000
33239 c9d20000
33240 c9d00000
33241 c9ce0000
33242 c9cc0000
33243 c9ca0000
33244 c9c80000
33245 c9c60000
33246 c9c40000
33247 c9c20000
33248 c9c00000
33249 c9be0000
33250 c9bc0000
33251 c9ba0000
33252 c9b80000
33253 c9b60000
33254 c9b40000
33255 c9b20000
33256 c9b00000
33257 c9ae0000
33258 c9ac0000
33259 c9aa0000
33260 c9a80000
33261 c9a60000
33262 c9a40000
33263 c9a20000
33264 c9a00000
33265 c99e0000
33266 c99c0000
33267 c99a0000
33268 c9980000
33269 c9960000
33270 c9940000
33271 c9920000
33272 c9900000
33273 c98e0000
33274 c98c0000
33275 c98a0000
33276 c9880000
33277 c9860000
33278 c9840000
33279 c9820000
33280 c9800000
33281 c97f0000
33282 c97e0000
33283 c97d0000
33284 c97c0000
33285 c97b0000
33286 c97a0000
33287 c9790000
33288 c9780000
33289 c9770000
33290 c9760000
33291 c9750000
33292 c9740000
33293 c9730000
33294 c9720000
33295 c9710000
33296 c9700000
33297 c96f0000
33298 c96e0000
33299 c96d0000
33300 c96c0000
33301 c96b0000
33302 c96a0000
33303 c9690000
33304 c9680000
33305 c9670000
33306 c9660000
33307 c9650000
33308 c9640000
33309 c9630000
33310 c9620000
33311 c9610000
33312 c9600000
33313 c95f0000
33314 c95e0000
33315 c95d0000
33316 c95c0000
33317 c95b0000
33318 c95a0000
33319 c9590000
33320 c9580000
33321 c9570000
33322 c9560000
33323 c9550000
33324 c9540000
33325 c9530000
33326 c9520000
33327 c9510000
33328 c9500000
33329 c94f0000
33330 c94e0000
33331 c94d0000
33332 c94c0000
33333 c94b0000
33334 c94a0000
33335 c9490000
33336 c9480000
33337 c9470000
33338 c9460000
33339 c9450000
33340 c9440000
33341 c9430000
33342 c9420000
33343 c9410000
33344 c9400000
33345 c93f0000
33346 c93e0000
33347 c93d0000
33348 c93c0000
33349 c93b0000
33350 c93a0000
33351 c9390000
33352 c9380000
33353 c9370000
33354 c9360000
33355 c9350000
33356 c9340000
33357 c9330000
33358 c9320000
33359 c9310000
33360 c9300000
33361 c92f0000
33362 c92e0000
33363 c92d0000
33364 c92c0000
33365 c92b0000
33366 c92a0000
33367 c9290000
33368 c9280000
33369 c9270000
33370 c9260000
33371 c9250000
33372 c9240000
33373 c9230000
33374 c9220000
33375 c9210000
33376 c9200000
33377 c91f0000
33378 c91e0000
33379 c91d0000
33380 c91c0000
33381 c91b0000
33382 c91a0000
33383 c9190000
33384 c9180000
33385 c9170000
33386 c9160000
33387 c9150000
33388 c9140000
33389 c9130000
33390 c9120000
33391 c9110000
33392 c9100000
33393 c90f0000
33394 c90e0000
33395 c90d0000
33396 c90c0000
33397 c90b0000
33398 c90a0000
33399 c9090000
33400 c9080000
33401 c9070000
33402 c9060000
33403 c9050000
33404 c9040000
33405 c9030000
33406 c9020000
33407 c9010000
33408 c9000000
33409 c8ff0000
33410 c8fe0000
33411 c8fd0000
33412 c8fc0000
33413 c8fb0000
33414 c8fa0000
33415 c8f90000
33416 c8f80000
33417 c8f70000
33418 c8f60000
33419 c8f50000
33420 c8f40000
33421 c8f30000
33422 c8f20000
33423 c8f10000
33424 c8f00000
33425 c8ef0000
33426 c8ee0000
33427 c8ed0000
33428 c8ec0000
33429 c8eb0000
33430 c8ea0000
33431 c8e90000
33432 c8e80000
33433 c8e70000
33434 c8e60000
33435 c8e50000
33436 c8e40000
33437 c8e30000
33438 c8e20000
33439 c8e10000
33440 c8e00000
33441 c8df0000
33442 c8de0000
33443 c8dd0000
33444 c8dc0000
33445 c8db0000
33446 c8da0000
33447 c8d90000
33448 c8d80000
33449 c8d70000
33450 c8d60000
33451 c8d50000
33452 c8d40000
33453 c8d30000
33454 c8d20000
33455 c8d10000
33456 c8d00000
33457 c8cf0000
33458 c8ce0000
33459 c8cd0000
33460 c8cc0000
33461 c8cb0000
33462 c8ca0000
33463 c8c90000
33464 c8c80000
33465 c8c70000
33466 c8c60000
33467 c8c50000
33468 c8c40000
33469 c8c30000
33470 c8c20000
33471 c8c10000
33472 c8c00000
33473 c8bf0000
33474 c8be0000
33475 c8bd0000
33476 c8bc0000
33477 c8bb0000
33478 c8ba0000
33479 c8b90000
33480 c8b80000
33481 c8b70000
33482 c8b60000
33483 c8b50000
33484 c8b40000
33485 c8b30000
33486 c8b20000
33487 c8b10000
33488 c8b00000
33489 c8af0000
33490 c8ae0000
33491 c8ad0000
33492 c8ac0000
33493 c8ab0000
33494 c8aa0000
33495 c8a90000
33496 c8a80000
33497 c8a70000
33498 c8a60000
33499 c8a50000
33500 c8a40000
33501 c8a30000
33502 c8a20000
33503 c8a10000
33504 c8a00000
33505 c89f0000
33506 c89e0000
33507 c89d0000
33508 c89c0000
33509 c89b0000
33510 c89a0000
33511 c8990000
33512 c8980000
33513 c8970000
33514 c8960000
33515 c8950000
33516 c8940000
33517 c8930000
33518 c8920000
33519 c8910000
33520 c8900000
33521 c88f0000
33522 c88e0000
33523 c88d0000
33524 c88c0000
33525 c88b0000
33526 c88a0000
33527 c8890000
33528 c8880000
33529 c8870000
33530 c8860000
33531 c8850000
33532 c8840000
33533 c8830000
33534 c8820000
33535 c8810000
33536 c8800000
33537 c87f0000
33538 c87e0000
33539 c87d0000
33540 c87c0000
33541 c87b0000
33542 c87a0000
33543 c8790000
33544 c8780000
33545 c8770000
33546 c8760000
33547 c8750000
33548 c8740000
33549 c8730000
33550 c8720000
33551 c8710000
33552 c8700000
33553 c86f0000
33554 c86e0000
33555 c86d0000
33556 c86c0000
33557 c86b0000
33558 c86a0000
33559 c8690000
33560 c8680000
33561 c8670000
33562 c8660000
33563 c8650000
33564 c8640000
33565 c8630000
33566 c8620000
33567 c8610000
33568 c8600000
33569 c85f0000
33570 c85e0000
33571 c85d0000
33572 c85c0000
33573 c85b0000
33574 c85a0000
33575 c8590000
33576 c8580000
33577 c8570000
33578 c8560000
33579 c8550000
33580 c8540000
33581 c8530000
33582 c8520000
33583 c8510000
33584 c8500000
33585 c84f0000
33586 c84e0000
33587 c84d0000
33588 c84c0000
33589 c84b0000
33590 c84a0000
33591 c8490000
33592 c8480000
33593 c8470000
33594 c8460000
33595 c8450000
33596 c8440000
33597 c8430000
33598 c8420000
33599 c8410000
33600 c8400000
33601 c83f0000
33602 c83e0000
33603 c83d0000
33604 c83c0000
33605 c83b0000
33606 c83a0000
33607 c8390000
33608 c8380000
33609 c8370000
33610 c8360000
33611 c8350000
33612 c8340000
33613 c8330000
33614 c8320000
33615 c8310000
33616 c8300000
33617 c82f0000
33618 c82e0000
33619 c82d0000
33620 c82c0000
33621 c82b0000
33622 c82a0000
33623 c8290000
33624 c8280000
33625 c8270000
33626 c8260000
33627 c8250000
33628 c8240000
33629 c8230000
33630 c8220000
33631 c8210000
33632 c8200000
33633 c81f0000
33634 c81e0000
33635 c81d0000
33636 c81c0000
33637 c81b0000
33638 c81a0000
33639 c8190000
33640 c8180000
33641 c8170000
33642 c8160000
33643 c8150000
33644 c8140000
33645 c8130000
33646 c8120000
33647 c8110000
33648 c8100000
33649 c80f0000
33650 c80e0000
33651 c80d0000
33652 c80c0000
33653 c80b0000
33654 c80a0000
33655 c8090000
33656 c8080000
33657 c8070000
33658 c8060000
33659 c8050000
33660 c8040000
33661 c8030000
33662 c8020000
33663 c8010000
33664 c8000000
33665 c7ff0000
33666 c7fe0000
33667 c7fd0000
33668 c7fc0000
33669 c7fb0000
33670 c7fa0000
33671 c7f90000
33672 c7f80000
33673 c7f70000
33674 c7f60000
33675 c7f50000
33676 c7f40000
33677 c7f30000
33678 c7f20000
33679 c7f10000
33680 c7f00000
33681 c7ef0000
33682 c7ee0000
33683 c7ed0000
33684 c7ec0000
33685 c7eb0000
33686 c7ea0000
33687 c7e90000
33688 c7e80000
33689 c7e70000
33690 c7e60000
33691 c7e50000
33692 c7e40000
33693 c7e30000
33694 c7e20000
33695 c7e10000
33696 c7e00000
33697 c7df0000
33698 c7de0000
33699 c7dd0000
33700 c7dc0000
33701 c7db0000
33702 c7da0000
33703 c7d90000
33704 c7d80000
33705 c7d70000
33706 c7d60000
33707 c7d50000
33708 c7d40000
33709 c7d30000
33710 c7d20000
33711 c7d10000
33712 c7d00000
33713 c7cf0000
33714 c7ce0000
33715 c7cd0000
33716 c7cc0000
33717 c7cb0000
33718 c7ca0000
33719 c7c90000
33720 c7c80000
33721 c7c70000
33722 c7c60000
33723 c7c50000
33724 c7c40000
33725 c7c30000
33726 c7c20000
33727 c7c10000
33728 c7c00000
33729 c7bf0000
33730 c7be0000
33731 c7bd0000
33732 c7bc0000
33733 c7bb0000
33734 c7ba0000
33735 c7b90000
33736 c7b80000
33737 c7b70000
33738 c7b60000
33739 c7b50000
33740 c7b40000
33741 c7b30000
33742 c7b20000
33743 c7b10000
33744 c7b00000
33745 c7af0000
33746 c7ae0000
33747 c7ad0000
33748 c7ac0000
33749 c7ab0000
33750 c7aa0000
33751 c7a90000
33752 c7a80000
33753 c7a70000
33754 c7a60000
33755 c7a50000
33756 c7a40000
33757 c7a30000
33758 c7a20000
33759 c7a10000
33760 c7a00000
33761 c79f0000
33762 c79e0000
33763 c79d0000
33764 c79c0000
33765 c79b0000
33766 c79a0000
33767 c7990000
33768 c7980000
33769 c7970000
33770 c7960000
33771 c7950000
33772 c7940000
33773 c7930000
33774 c7920000
33775 c7910000
33776 c7900000
33777 c78f0000
33778 c78e0000
33779 c78d0000
33780 c78c0000
33781 c78b0000
33782 c78a0000
33783 c7890000
33784 c7880000
33785 c7870000
33786 c7860000
33787 c7850000
33788 c7840000
33789 c7830000
33790 c7820000
33791 c7810000
33792 c7800000
33793 c77f8000
33794 c77f0000
33795 c77e8000
33796 c77e0000
33797 c77d8000
33798 c77d0000
33799 c77c8000
33800 c77c0000
33801 c77b8000
33802 c77b0000
33803 c77a8000
33804 c77a0000
33805 c7798000
33806 c7790000
33807 c7788000
33808 c7780000
33809 c7778000
33810 c7770000
33811 c7768000
33812 c7760000
33813 c7758000
33814 c7750000
33815 c7748000
33816 c7740000
33817 c7738000
33818 c7730000
33819 c7728000
33820 c7720000
33821 c7718000
33822 c7710000
33823 c7708000
33824 c7700000
33825 c76f8000
33826 c76f0000
33827 c76e8000
33828 c76e0000
33829 c76d8000
33830 c76d0000
33831 c76c8000
33832 c76c0000
33833 c76b8000
33834 c76b0000
33835 c76a8000
33836 c76a0000
33837 c7698000
33838 c7690000
33839 c7688000
33840 c7680000
33841 c7678000
33842 c7670000
33843 c7668000
33844 c7660000
33845 c7658000
33846 c7650000
33847 c7648000
33848 c7640000
33849 c7638000
33850 c7630000
33851 c7628000
33852 c7620000
33853 c7618000
33854 c7610000
33855 c7608000
33856 c7600000
33857 c75f8000
33858 c75f0000
33859 c75e8000
33860 c75e0000
33861 c75d8000
33862 c75d0000
33863 c75c8000
33864 c75c0000
33865 c75b8000
33866 c75b0000
33867 c75a8000
33868 c75a0000
33869 c7598000
33870 c7590000
33871 c7588000
33872 c7580000
33873 c7578000
33874 c7570000
33875 c7568000
33876 c7560000
33877 c7558000
33878 c7550000
33879 c7548000
33880 c7540000
33881 c7538000
33882 c7530000
33883 c7528000
33884 c7520000
33885 c7518000
33886 c7510000
33887 c7508000
33888 c7500000
33889 c74f8000
33890 c74f0000
33891 c74e8000
33892 c74e0000
33893 c74d8000
33894 c74d0000
33895 c74c8000
33896 c74c0000
33897 c74b8000
33898 c74b0000
33899 c74a8000
33900 c74a0000
33901 c7498000
33902 c7490000
33903 c7488000
33904 c7480000
33905 c7478000
33906 c7470000
33907 c7468000
33908 c7460000
33909 c7458000
33910 c7450000
33911 c7448000
33912 c7440000
33913 c7438000
33914 c7430000
33915 c7428000
33916 c7420000
33917 c7418000
33918 c7410000
33919 c7408000
33920 c7400000
33921 c73f8000
33922 c73f0000
33923 c73e8000
33924 c73e0000
33925 c73d8000
33926 c73d0000
33927 c73c8000
33928 c73c0000
33929 c73b8000
33930 c73b0000
33931 c73a8000
33932 c73a0000
33933 c7398000
33934 c7390000
33935 c7388000
33936 c7380000
33937 c7378000
33938 c7370000
33939 c7368000
33940 c7360000
33941 c7358000
33942 c7350000
33943 c7348000
33944 c7340000
33945 c7338000
33946 c7330000
33947 c7328000
33948 c7320000
33949 c7318000
33950 c7310000
33951 c7308000
33952 c7300000
33953 c72f8000
33954 c72f0000
33955 c72e8000
33956 c72e0000
33957 c72d8000
33958 c72d0000
33959 c72c8000
33960 c72c0000
33961 c72b8000
33962 c72b0000
33963 c72a8000
33964 c72a0000
33965 c7298000
33966 c7290000
33967 c7288000
33968 c7280000
33969 c7278000
33970 c7270000
33971 c7268000
33972 c7260000
33973 c7258000
33974 c7250000
33975 c7248000
33976 c7240000
33977 c7238000
33978 c7230000
33979 c7228000
33980 c7220000
33981 c7218000
33982 c7210000
33983 c7208000
33984 c7200000
33985 c71f8000
33986 c71f0000
33987 c71e8000
33988 c71e0000
33989 c71d8000
33990 c71d0000
33991 c71c8000
33992 c71c0000
33993 c71b8000
33994 c71b0000
33995 c71a8000
33996 c71a0000
33997 c7198000
33998 c7190000
33999 c7188000
34000 c7180000
34001 c7178000
34002 c7170000
34003 c7168000
34004 c7160000
34005 c7158000
34006 c7150000
34007 c7148000
34008 c7140000
34009 c7138000
34010 c7130000
34011 c7128000
34012 c7120000
34013 c7118000
34014 c7110000
34015 c7108000
34016 c7100000
34017 c70f8000
34018 c70f0000
34019 c70e8000
34020 c70e0000
34021 c70d8000
34022 c70d0000
34023 c70c8000
34024 c70c0000
34025 c70b8000
34026 c70b0000
34027 c70a8000
34028 c70a0000
34029 c7098000
34030 c7090000
34031 c7088000
34032 c7080000
34033 c7078000
34034 c7070000
34035 c7068000
34036 c7060000
34037 c7058000
34038 c7050000
34039 c7048000
34040 c7040000
34041 c7038000
34042 c7030000
34043 c7028000
34044 c7020000
34045 c7018000
34046 c7010000
34047 c7008000
34048 c7000000
34049 c6ff8000
34050 c6ff0000
34051 c6fe8000
34052 c6fe0000
34053 c6fd8000
34054 c6fd0000
34055 c6fc8000
34056 c6fc0000
34057 c6fb8000
34058 c6fb0000
34059 c6fa8000
34060 c6fa0000
34061 c6f98000
34062 c6f90000
34063 c6f88000
34064 c6f80000
34065 c6f78000
34066 c6f70000
34067 c6f68000
34068 c6f60000
34069 c6f58000
34070 c6f50000
34071 c6f48000
34072 c6f40000
34073 c6f38000
34074 c6f30000
34075 c6f28000
34076 c6f20000
34077 c6f18000
34078 c6f10000
34079 c6f08000
34080 c6f00000
34081 c6ef8000
34082 c6ef0000
34083 c6ee8000
34084 c6ee0000
34085 c6ed8000
34086 c6ed0000
34087 c6ec8000
34088 c6ec0000
34089 c6eb8000
34090 c6eb0000
34091 c6ea8000
34092 c6ea0000
34093 c6e98000
34094 c6e90000
34095 c6e88000
34096 c6e80000
34097 c6e78000
34098 c6e70000
34099 c6e68000
34100 c6e60000
34101 c6e58000
34102 c6e50000
34103 c6e48000
34104 c6e40000
34105 c6e38000
34106 c6e30000
34107 c6e28000
34108 c6e20000
34109 c6e18000
34110 c6e10000
34111 c6e08000
34112 c6e00000
34113 c6df8000
34114 c6df0000
34115 c6de8000
34116 c6de0000
34117 c6dd8000
34118 c6dd0000
34119 c6dc8000
34120 c6dc0000
34121 c6db8000
34122 c6db0000
34123 c6da8000
34124 c6da0000
34125 c6d98000
34126 c6d90000
34127 c6d88000
34128 c6d80000
34129 c6d78000
34130 c6d70000
34131 c6d68000
34132 c6d60000
34133 c6d58000
34134 c6d50000
34135 c6d48000
34136 c6d40000
34137 c6d38000
34138 c6d30000
34139 c6d28000
34140 c6d20000
34141 c6d18000
34142 c6d10000
34143 c6d08000
34144 c6d00000
34145 c6cf8000
34146 c6cf0000
34147 c6ce8000
34148 c6ce0000
34149 c6cd8000
34150 c6cd0000
34151 c6cc8000
34152 c6cc0000
34153 c6cb8000
34154 c6cb0000
34155 c6ca8000
34156 c6ca0000
34157 c6c98000
34158 c6c90000
34159 c6c88000
34160 c6c80000
34161 c6c78000
34162 c6c70000
34163 c6c68000
34164 c6c60000
34165 c6c58000
34166 c6c50000
34167 c6c48000
34168 c6c40000
34169 c6c38000
34170 c6c30000
34171 c6c28000
34172 c6c20000
34173 c6c18000
34174 c6c10000
34175 c6c08000
34176 c6c00000
34177 c6bf8000
34178 c6bf0000
34179 c6be8000
34180 c6be0000
34181 c6bd8000
34182 c6bd0000
34183 c6bc8000
34184 c6bc0000
34185 c6bb8000
34186 c6bb0000
34187 c6ba8000
34188 c6ba0000
34189 c6b98000
34190 c6b90000
34191 c6b88000
34192 c6b80000
34193 c6b78000
34194 c6b70000
34195 c6b68000
34196 c6b60000
34197 c6b58000
34198 c6b50000
34199 c6b48000
34200 c6b40000
34201 c6b38000
34202 c6b30000
34203 c6b28000
34204 c6b20000
34205 c6b18000
34206 c6b10000
34207 c6b08000
34208 c6b00000
34209 c6af8000
34210 c6af0000
34211 c6ae8000
34212 c6ae0000
34213 c6ad8000
34214 c6ad0000
34215 c6ac8000
34216 c6ac0000
34217 c6ab8000
34218 c6ab0000
34219 c6aa8000
34220 c6aa0000
34221 c6a98000
34222 c6a90000
34223 c6a88000
34224 c6a80000
34225 c6a78000
34226 c6a70000
34227 c6a68000
34228 c6a60000
34229 c6a58000
34230 c6a50000
34231 c6a48000
34232 c6a40000
34233 c6a38000
34234 c6a30000
34235 c6a28000
34236 c6a20000
34237 c6a18000
34238 c6a10000
34239 c6a08000
34240 c6a00000
34241 c69f8000
34242 c69f0000
34243 c69e8000
34244 c69e0000
34245 c69d8000
34246 c69d0000
34247 c69c8000
34248 c69c0000
34249 c69b8000
34250 c69b0000
34251 c69a8000
34252 c69a0000
34253 c6998000
34254 c6990000
34255 c6988000
34256 c6980000
34257 c6978000
34258 c6970000
34259 c6968000
34260 c6960000
34261 c6958000
34262 c6950000
34263 c6948000
34264 c6940000
34265 c6938000
34266 c6930000
34267 c6928000
34268 c6920000
34269 c6918000
34270 c6910000
34271 c6908000
34272 c6900000
34273 c68f8000
34274 c68f0000
34275 c68e8000
34276 c68e0000
34277 c68d8000
34278 c68d0000
34279 c68c8000
34280 c68c0000
34281 c68b8000
34282 c68b0000
34283 c68a8000
34284 c68a0000
34285 c6898000
34286 c6890000
34287 c6888000
34288 c6880000
34289 c6878000
34290 c6870000
34291 c6868000
34292 c6860000
34293 c6858000
34294 c6850000
34295 c6848000
34296 c6840000
34297 c6838000
34298 c6830000
34299 c6828000
34300 c6820000
34301 c6818000
34302 c6810000
34303 c6808000
34304 c6800000
34305 c67f8000
34306 c67f0000
34307 c67e8000
34308 c67e0000
34309 c67d8000
34310 c67d0000
34311 c67c8000
34312 c67c0000
34313 c67b8000
34314 c67b0000
34315 c67a8000
34316 c67a0000
34317 c6798000
34318 c6790000
34319 c6788000
34320 c6780000
34321 c6778000
34322 c6770000
34323 c6768000
34324 c6760000
34325 c6758000
34326 c6750000
34327 c6748000
34328 c6740000
34329 c6738000
34330 c6730000
34331 c6728000
34332 c6720000
34333 c6718000
34334 c6710000
34335 c6708000
34336 c6700000
34337 c66f8000
34338 c66f0000
34339 c66e8000
34340 c66e0000
34341 c66d8000
34342 c66d0000
34343 c66c8000
34344 c66c0000
34345 c66b8000
34346 c66b0000
34347 c66a8000
34348 c66a0000
34349 c6698000
34350 c6690000
34351 c6688000
34352 c6680000
34353 c6678000
34354 c6670000
34355 c6668000
34356 c6660000
34357 c6658000
34358 c6650000
34359 c6648000
34360 c6640000
34361 c6638000
34362 c6630000
34363 c6628000
34364 c6620000
34365 c6618000
34366 c6610000
34367 c6608000
34368 c6600000
34369 c65f8000
34370 c65f0000
34371 c65e8000
34372 c65e0000
34373 c65d8000
34374 c65d0000
34375 c65c8000
34376 c65c0000
34377 c65b8000
34378 c65b0000
34379 c65a8000
34380 c65a0000
34381 c6598000
34382 c6590000
34383 c6588000
34384 c6580000
34385 c6578000
34386 c6570000
34387 c6568000
34388 c6560000
34389 c6558000
34390 c6550000
34391 c6548000
34392 c6540000
34393 c6538000
34394 c6530000
34395 c6528000
34396 c6520000
34397 c6518000
34398 c6510000
34399 c6508000
34400 c6500000
34401 c64f8000
34402 c64f0000
34403 c64e8000
34404 c64e0000
34405 c64d8000
34406 c64d0000
34407 c64c8000
34408 c64c0000
34409 c64b8000
34410 c64b0000
34411 c64a8000
34412 c64a0000
34413 c6498000
34414 c6490000
34415 c6488000
34416 c6480000
34417 c6478000
34418 c6470000
34419 c6468000
34420 c6460000
34421 c6458000
34422 c6450000
34423 c6448000
34424 c6440000
34425 c6438000
34426 c6430000
34427 c6428000
34428 c6420000
34429 c6418000
34430 c6410000
34431 c6408000
34432 c6400000
34433 c63f8000
34434 c63f0000
34435 c63e8000
34436 c63e0000
34437 c63d8000
34438 c63d0000
34439 c63c8000
34440 c63c0000
34441 c63b8000
34442 c63b0000
34443 c63a8000
34444 c63a0000
34445 c6398000
34446 c6390000
34447 c6388000
34448 c6380000
34449 c6378000
34450 c6370000
34451 c6368000
34452 c6360000
34453 c6358000
34454 c6350000
34455 c6348000
34456 c6340000
34457 c6338000
34458 c6330000
34459 c6328000
34460 c6320000
34461 c6318000
34462 c6310000
34463 c6308000
34464 c6300000
34465 c62f8000
34466 c62f0000
34467 c62e8000
34468 c62e0000
34469 c62d8000
34470 c62d0000
34471 c62c8000
34472 c62c0000
34473 c62b8000
34474 c62b0000
34475 c62a8000
34476 c62a0000
34477 c6298000
34478 c6290000
34479 c6288000
34480 c6280000
34481 c6278000
34482 c6270000
34483 c6268000
34484 c6260000
34485 c6258000
34486 c6250000
34487 c6248000
34488 c6240000
34489 c6238000
34490 c6230000
34491 c6228000
34492 c6220000
34493 c6218000
34494 c6210000
34495 c6208000
34496 c6200000
34497 c61f8000
34498 c61f0000
34499 c61e8000
34500 c61e0000
34501 c61d8000
34502 c61d0000
34503 c61c8000
34504 c61c0000
34505 c61b8000
34506 c61b0000
34507 c61a8000
34508 c61a0000
34509 c6198000
34510 c6190000
34511 c6188000
34512 c6180000
34513 c6178000
34514 c6170000
34515 c6168000
34516 c6160000
34517 c6158000
34518 c6150000
34519 c6148000
34520 c6140000
34521 c6138000
34522 c6130000
34523 c6128000
34524 c6120000
34525 c6118000
34526 c6110000
34527 c6108000
34528 c6100000
34529 c60f8000
34530 c60f0000
34531 c60e8000
34532 c60e0000
34533 c60d8000
34534 c60d0000
34535 c60c8000
34536 c60c0000
34537 c60b8000
34538 c60b0000
34539 c60a8000
34540 c60a0000
34541 c6098000
34542 c6090000
34543 c6088000
34544 c6080000
34545 c6078000
34546 c6070000
34547 c6068000
34548 c6060000
34549 c6058000
34550 c6050000
34551 c6048000
34552 c6040000
34553 c6038000
34554 c6030000
34555 c6028000
34556 c6020000
34557 c6018000
34558 c6010000
34559 c6008000
34560 c6000000
34561 c5ff8000
34562 c5ff0000
34563 c5fe8000
34564 c5fe0000
34565 c5fd8000
34566 c5fd0000
34567 c5fc8000
34568 c5fc0000
34569 c5fb8000
34570 c5fb0000
34571 c5fa8000
34572 c5fa0000
34573 c5f98000
34574 c5f90000
34575 c5f88000
34576 c5f80000
34577 c5f78000
34578 c5f70000
34579 c5f68000
34580 c5f60000
34581 c5f58000
34582 c5f50000
34583 c5f48000
34584 c5f40000
34585 c5f38000
34586 c5f30000
34587 c5f28000
34588 c5f20000
34589 c5f18000
34590 c5f10000
34591 c5f08000
34592 c5f00000
34593 c5ef8000
34594 c5ef0000
34595 c5ee8000
34596 c5ee0000
34597 c5ed8000
34598 c5ed0000
34599 c5ec8000
34600 c5ec0000
34601 c5eb8000
34602 c5eb0000
34603 c5ea8000
34604 c5ea0000
34605 c5e98000
34606 c5e90000
34607 c5e88000
34608 c5e80000
34609 c5e78000
34610 c5e70000
34611 c5e68000
34612 c5e60000
34613 c5e58000
34614 c5e50000
34615 c5e48000
34616 c5e40000
34617 c5e38000
34618 c5e30000
34619 c5e28000
34620 c5e20000
34621 c5e18000
34622 c5e10000
34623 c5e08000
34624 c5e00000
34625 c5df8000
34626 c5df0000
34627 c5de8000
34628 c5de0000
34629 c5dd8000
34630 c5dd0000
34631 c5dc8000
34632 c5dc0000
34633 c5db8000
34634 c5db0000
34635 c5da8000
34636 c5da0000
34637 c5d98000
34638 c5d90000
34639 c5d88000
34640 c5d80000
34641 c5d78000
34642 c5d70000
34643 c5d68000
34644 c5d60000
34645 c5d58000
34646 c5d50000
34647 c5d48000
34648 c5d40000
34649 c5d38000
34650 c5d30000
34651 c5d28000
34652 c5d20000
34653 c5d18000
34654 c5d10000
34655 c5d08000
34656 c5d00000
34657 c5cf8000
34658 c5cf0000
34659 c5ce8000
34660 c5ce0000
34661 c5cd8000
34662 c5cd0000
34663 c5cc8000
34664 c5cc0000
34665 c5cb8000
34666 c5cb0000
34667 c5ca8000
34668 c5ca0000
34669 c5c98000
34670 c5c90000
34671 c5c88000
34672 c5c80000
34673 c5c78000
34674 c5c70000
34675 c5c68000
34676 c5c60000
34677 c5c58000
34678 c5c50000
34679 c5c48000
34680 c5c40000
34681 c5c38000
34682 c5c30000
34683 c5c28000
34684 c5c20000
34685 c5c18000
34686 c5c10000
34687 c5c08000
34688 c5c00000
34689 c5bf8000
34690 c5bf0000
34691 c5be8000
34692 c5be0000
34693 c5bd8000
34694 c5bd0000
34695 c5bc8000
34696 c5bc0000
34697 c5bb8000
34698 c5bb0000
34699 c5ba8000
34700 c5ba0000
34701 c5b98000
34702 c5b90000
34703 c5b88000
34704 c5b80000
34705 c5b78000
34706 c5b70000
34707 c5b68000
34708 c5b60000
34709 c5b58000
34710 c5b50000
34711 c5b48000
34712 c5b40000
34713 c5b38000
34714 c5b30000
34715 c5b28000
34716 c5b20000
34717 c5b18000
34718 c5b10000
34719 c5b08000
34720 c5b00000
34721 c5af8000
34722 c5af0000
34723 c5ae8000
34724 c5ae0000
34725 c5ad8000
34726 c5ad0000
34727 c5ac8000
34728 c5ac0000
34729 c5ab8000
34730 c5ab0000
34731 c5aa8000
34732 c5aa0000
34733 c5a98000
34734 c5a90000
34735 c5a88000
34736 c5a80000
34737 c5a78000
34738 c5a70000
34739 c5a68000
34740 c5a60000
34741 c5a58000
34742 c5a50000
34743 c5a48000
34744 c5a40000
34745 c5a38000
34746 c5a30000
34747 c5a28000
34748 c5a20000
34749 c5a18000
34750 c5a10000
34751 c5a08000
34752 c5a00000
34753 c59f8000
34754 c59f0000
34755 c59e8000
34756 c59e0000
34757 c59d8000
34758 c59d0000
34759 c59c8000
34760 c59c0000
34761 c59b8000
34762 c59b0000
34763 c59a8000
34764 c59a0000
34765 c5998000
34766 c5990000
34767 c5988000
34768 c5980000
34769 c5978000
34770 c5970000
34771 c5968000
34772 c5960000
34773 c5958000
34774 c5950000
34775 c5948000
34776 c5940000
34777 c5938000
34778 c5930000
34779 c5928000
34780 c5920000
34781 c5918000
34782 c5910000
34783 c5908000
34784 c5900000
34785 c58f8000
34786 c58f0000
34787 c58e8000
34788 c58e0000
34789 c58d8000
34790 c58d0000
34791 c58c8000
34792 c58c0000
34793 c58b8000
34794 c58b0000
34795 c58a8000
34796 c58a0000
34797 c5898000
34798 c5890000
34799 c5888000
34800 c5880000
34801 c5878000
34802 c5870000
34803 c5868000
34804 c5860000
34805 c5858000
34806 c5850000
34807 c5848000
34808 c5840000
34809 c5838000
34810 c5830000
34811 c5828000
34812 c5820000
34813 c5818000
34814 c5810000
34815 c5808000
34816 c5800000
34817 c57fc000
34818 c57f8000
34819 c57f4000
34820 c57f0000
34821 c57ec000
34822 c57e8000
34823 c57e4000
34824 c57e0000
34825 c57dc000
34826 c57d8000
34827 c57d4000
34828 c57d0000
34829 c57cc000
34830 c57c8000
34831 c57c4000
34832 c57c0000
34833 c57bc000
34834 c57b8000
34835 c57b4000
34836 c57b0000
34837 c57ac000
34838 c57a8000
34839 c57a4000
34840 c57a0000
34841 c579c000
34842 c5798000
34843 c5794000
34844 c5790000
34845 c578c000
34846 c5788000
34847 c5784000
34848 c5780000
34849 c577c000
34850 c5778000
34851 c5774000
34852 c5770000
34853 c576c000
34854 c5768000
34855 c5764000
34856 c5760000
34857 c575c000
34858 c5758000
34859 c5754000
34860 c5750000
34861 c574c000
34862 c5748000
34863 c5744000
34864 c5740000
34865 c573c000
34866 c5738000
34867 c5734000
34868 c5730000
34869 c572c000
34870 c5728000
34871 c5724000
34872 c5720000
34873 c571c000
34874 c5718000
34875 c5714000
34876 c5710000
34877 c570c000
34878 c5708000
34879 c5704000
34880 c5700000
34881 c56fc000
34882 c56f8000
34883 c56f4000
34884 c56f0000
34885 c56ec000
34886 c56e8000
34887 c56e4000
34888 c56e0000
34889 c56dc000
34890 c56d8000
34891 c56d4000
34892 c56d0000
34893 c56cc000
34894 c56c8000
34895 c56c4000
34896 c56c0000
34897 c56bc000
34898 c56b8000
34899 c56b4000
34900 c56b0000
34901 c56ac000
34902 c56a8000
34903 c56a4000
34904 c56a0000
34905 c569c000
34906 c5698000
34907 c5694000
34908 c5690000
34909 c568c000
34910 c5688000
34911 c5684000
34912 c5680000
34913 c567c000
34914 c5678000
34915 c5674000
34916 c5670000
34917 c566c000
34918 c5668000
34919 c5664000
34920 c5660000
34921 c565c000
34922 c5658000
34923 c5654000
34924 c5650000
34925 c564c000
34926 c5648000
34927 c5644000
34928 c5640000
34929 c563c000
34930 c5638000
34931 c5634000
34932 c5630000
34933 c562c000
34934 c5628000
34935 c5624000
34936 c5620000
34937 c561c000
34938 c5618000
34939 c5614000
34940 c5610000
34941 c560c000
34942 c5608000
34943 c5604000
34944 c5600000
34945 c55fc000
34946 c55f8000
34947 c55f4000
34948 c55f0000
34949 c55ec000
34950 c55e8000
34951 c55e4000
34952 c55e0000
34953 c55dc000
34954 c55d8000
34955 c55d4000
34956 c55d0000
34957 c55cc000
34958 c55c8000
34959 c55c4000
34960 c55c0000
34961 c55bc000
34962 c55b8000
34963 c55b4000
34964 c55b0000
34965 c55ac000
34966 c55a8000
34967 c55a4000
34968 c55a0000
34969 c559c000
34970 c5598000
34971 c5594000
34972 c5590000
34973 c558c000
34974 c5588000
34975 c5584000
34976 c5580000
34977 c557c000
34978 c5578000
34979 c5574000
34980 c5570000
34981 c556c000
34982 c5568000
34983 c5564000
34984 c5560000
34985 c555c000
34986 c5558000
34987 c5554000
34988 c5550000
34989 c554c000
34990 c5548000
34991 c5544000
34992 c5540000
34993 c553c000
34994 c5538000
34995 c5534000
34996 c5530000
34997 c552c000
34998 c5528000
34999 c5524000
35000 c5520000
35001 c551c000
35002 c5518000
35003 c5514000
35004 c5510000
35005 c550c000
35006 c5508000
35007 c5504000
35008 c5500000
35009 c54fc000
35010 c54f8000
35011 c54f4000
35012 c54f0000
35013 c54ec000
35014 c54e8000
35015 c54e4000
35016 c54e0000
35017 c54dc000
35018 c54d8000
35019 c54d4000
35020 c54d0000
35021 c54cc000
35022 c54c8000
35023 c54c4000
35024 c54c0000
35025 c54bc000
35026 c54b8000
35027 c54b4000
35028 c54b0000
35029 c54ac000
35030 c54a8000
35031 c54a4000
35032 c54a0000
35033 c549c000
35034 c5498000
35035 c5494000
35036 c5490000
35037 c548c000
35038 c5488000
35039 c5484000
35040 c5480000
35041 c547c000
35042 c5478000
35043 c5474000
35044 c5470000
35045 c546c000
35046 c5468000
35047 c5464000
35048 c5460000
35049 c545c000
35050 c5458000
35051 c5454000
35052 c5450000
35053 c544c000
35054 c5448000
35055 c5444000
35056 c5440000
35057 c543c000
35058 c5438000
35059 c5434000
35060 c5430000
35061 c542c000
35062 c5428000
35063 c5424000
35064 c5420000
35065 c541c000
35066 c5418000
35067 c5414000
35068 c5410000
35069 c540c000
35070 c5408000
35071 c5404000
35072 c5400000
35073 c53fc000
35074 c53f8000
35075 c53f4000
35076 c53f0000
35077 c53ec000
35078 c53e8000
35079 c53e4000
35080 c53e0000
35081 c53dc000
35082 c53d8000
35083 c53d4000
35084 c53d0000
35085 c53cc000
35086 c53c8000
35087 c53c4000
35088 c53c0000
35089 c53bc000
35090 c53b8000
35091 c53b4000
35092 c53b0000
35093 c53ac000
35094 c53a8000
35095 c53a4000
35096 c53a0000
35097 c539c000
35098 c5398000
35099 c5394000
35100 c5390000
35101 c538c000
35102 c5388000
35103 c5384000
35104 c5380000
35105 c537c000
35106 c5378000
35107 c5374000
35108 c5370000
35109 c536c000
35110 c5368000
35111 c5364000
35112 c5360000
35113 c535c000
35114 c5358000
35115 c5354000
35116 c5350000
35117 c534c000
35118 c5348000
35119 c5344000
35120 c5340000
35121 c533c000
35122 c5338000
35123 c5334000
35124 c5330000
35125 c532c000
35126 c5328000
35127 c5324000
35128 c5320000
35129 c531c000
35130 c5318000
35131 c5314000
35132 c5310000
35133 c530c000
35134 c5308000
35135 c5304000
35136 c5300000
35137 c52fc000
35138 c52f8000
35139 c52f4000
35140 c52f0000
35141 c52ec000
35142 c52e8000
35143 c52e4000
35144 c52e0000
35145 c52dc000
35146 c52d8000
35147 c52d4000
35148 c52d0000
35149 c52cc000
35150 c52c8000
35151 c52c4000
35152 c52c0000
35153 c52bc000
35154 c52b8000
35155 c52b4000
35156 c52b0000
35157 c52ac000
35158 c52a8000
35159 c52a4000
35160 c52a0000
35161 c529c000
35162 c5298000
35163 c5294000
35164 c5290000
35165 c528c000
35166 c5288000
35167 c5284000
35168 c5280000
35169 c527c000
35170 c5278000
35171 c5274000
35172 c5270000
35173 c526c000
35174 c5268000
35175 c5264000
35176 c5260000
35177 c525c000
35178 c5258000
35179 c5254000
35180 c5250000
35181 c524c000
35182 c5248000
35183 c5244000
35184 c5240000
35185 c523c000
35186 c5238000
35187 c5234000
35188 c5230000
35189 c522c000
35190 c5228000
35191 c5224000
35192 c5220000
35193 c521c000
35194 c5218000
35195 c5214000
35196 c5210000
35197 c520c000
35198 c5208000
35199 c5204000
35200 c5200000
35201 c51fc000
35202 c51f8000
35203 c51f4000
35204 c51f0000
35205 c51ec000
35206 c51e8000
35207 c51e4000
35208 c51e0000
35209 c51dc000
35210 c51d8000
35211 c51d4000
35212 c51d0000
35213 c51cc000
35214 c51c8000
35215 c51c4000
35216 c51c0000
35217 c51bc000
35218 c51b8000
35219 c51b4000
35220 c51b0000
35221 c51ac000
35222 c51a8000
35223 c51a4000
35224 c51a0000
35225 c519c000
35226 c5198000
35227 c5194000
35228 c5190000
35229 c518c000
35230 c5188000
35231 c5184000
35232 c5180000
35233 c517c000
35234 c5178000
35235 c5174000
35236 c5170000
35237 c516c000
35238 c5168000
35239 c5164000
35240 c5160000
35241 c515c000
35242 c5158000
35243 c5154000
35244 c5150000
35245 c514c000
35246 c5148000
35247 c5144000
35248 c5140000
35249 c513c000
35250 c5138000
35251 c5134000
35252 c5130000
35253 c512c000
35254 c5128000
35255 c5124000
35256 c5120000
35257 c511c000
35258 c5118000
35259 c5114000
35260 c5110000
35261 c510c000
35262 c5108000
35263 c5104000
35264 c5100000
35265 c50fc000
35266 c50f8000
35267 c50f4000
35268 c50f0000
35269 c50ec000
35270 c50e8000
35271 c50e4000
35272 c50e0000
35273 c50dc000
35274 c50d8000
35275 c50d4000
35276 c50d0000
35277 c50cc000
35278 c50c8000
35279 c50c4000
35280 c50c0000
35281 c50bc000
35282 c50b8000
35283 c50b4000
35284 c50b0000
35285 c50ac000
35286 c50a8000
35287 c50a4000
35288 c50a0000
35289 c509c000
35290 c5098000
35291 c5094000
35292 c5090000
35293 c508c000
35294 c5088000
35295 c5084000
35296 c5080000
35297 c507c000
35298 c5078000
35299 c5074000
35300 c5070000
35301 c506c000
35302 c5068000
35303 c5064000
35304 c5060000
35305 c505c000
35306 c5058000
35307 c5054000
35308 c5050000
35309 c504c000
35310 c5048000
35311 c5044000
35312 c5040000
35313 c503c000
35314 c5038000
35315 c5034000
35316 c5030000
35317 c502c000
35318 c5028000
35319 c5024000
35320 c5020000
35321 c501c000
35322 c5018000
35323 c5014000
35324 c5010000
35325 c500c000
35326 c5008000
35327 c5004000
35328 c5000000
35329 c4ffc000
35330 c4ff8000
35331 c4ff4000
35332 c4ff0000
35333 c4fec000
35334 c4fe8000
35335 c4fe4000
35336 c4fe0000
35337 c4fdc000
35338 c4fd8000
35339 c4fd4000
35340 c4fd0000
35341 c4fcc000
35342 c4fc8000
35343 c4fc4000
35344 c4fc0000
35345 c4fbc000
35346 c4fb8000
35347 c4fb4000
35348 c4fb0000
35349 c4fac000
35350 c4fa8000
35351 c4fa4000
35352 c4fa0000
35353 c4f9c000
35354 c4f98000
35355 c4f94000
35356 c4f90000
35357 c4f8c000
35358 c4f88000
35359 c4f84000
35360 c4f80000
35361 c4f7c000
35362 c4f78000
35363 c4f74000
35364 c4f70000
35365 c4f6c000
35366 c4f68000
35367 c4f64000
35368 c4f60000
35369 c4f5c000
35370 c4f58000
35371 c4f54000
35372 c4f50000
35373 c4f4c000
35374 c4f48000
35375 c4f44000
35376 c4f40000
35377 c4f3c000
35378 c4f38000
35379 c4f34000
35380 c4f30000
35381 c4f2c000
35382 c4f28000
35383 c4f24000
35384 c4f20000
35385 c4f1c000
35386 c4f18000
35387 c4f14000
35388 c4f10000
35389 c4f0c000
35390 c4f08000
35391 c4f04000
35392 c4f00000
35393 c4efc000
35394 c4ef8000
35395 c4ef4000
35396 c4ef0000
35397 c4eec000
35398 c4ee8000
35399 c4ee4000
35400 c4ee0000
35401 c4edc000
35402 c4ed8000
35403 c4ed4000
35404 c4ed0000
35405 c4ecc000
35406 c4ec8000
35407 c4ec4000
35408 c4ec0000
35409 c4ebc000
35410 c4eb8000
35411 c4eb4000
35412 c4eb0000
35413 c4eac000
35414 c4ea8000
35415 c4ea4000
35416 c4ea0000
35417 c4e9c000
35418 c4e98000
35419 c4e94000
35420 c4e90000
35421 c4e8c000
35422 c4e88000
35423 c4e84000
35424 c4e80000
35425 c4e7c000
35426 c4e78000
35427 c4e74000
35428 c4e70000
35429 c4e6c000
35430 c4e68000
35431 c4e64000
35432 c4e60000
35433 c4e5c000
35434 c4e58000
35435 c4e54000
35436 c4e50000
35437 c4e4c000
35438 c4e48000
35439 c4e44000
35440 c4e40000
35441 c4e3c000
35442 c4e38000
35443 c4e34000
35444 c4e30000
35445 c4e2c000
35446 c4e28000
35447 c4e24000
35448 c4e20000
35449 c4e1c000
35450 c4e18000
35451 c4e14000
35452 c4e10000
35453 c4e0c000
35454 c4e08000
35455 c4e04000
35456 c4e00000
35457 c4dfc000
35458 c4df8000
35459 c4df4000
35460 c4df0000
35461 c4dec000
35462 c4de8000
35463 c4de4000
35464 c4de0000
35465 c4ddc000
35466 c4dd8000
35467 c4dd4000
35468 c4dd0000
35469 c4dcc000
35470 c4dc8000
35471 c4dc4000
35472 c4dc0000
35473 c4dbc000
35474 c4db8000
35475 c4db4000
35476 c4db0000
35477 c4dac000
35478 c4da8000
35479 c4da4000
35480 c4da0000
35481 c4d9c000
35482 c4d98000
35483 c4d94000
35484 c4d90000
35485 c4d8c000
35486 c4d88000
35487 c4d84000
35488 c4d80000
35489 c4d7c000
35490 c4d78000
35491 c4d74000
35492 c4d70000
35493 c4d6c000
35494 c4d68000
35495 c4d64000
35496 c4d60000
35497 c4d5c000
35498 c4d58000
35499 c4d54000
35500 c4d50000
35501 c4d4c000
35502 c4d48000
35503 c4d44000
35504 c4d40000
35505 c4d3c000
35506 c4d38000
35507 c4d34000
35508 c4d30000
35509 c4d2c000
35510 c4d28000
35511 c4d24000
35512 c4d20000
35513 c4d1c000
35514 c4d18000
35515 c4d14000
35516 c4d10000
35517 c4d0c000
35518 c4d08000
35519 c4d04000
35520 c4d00000
35521 c4cfc000
35522 c4cf8000
35523 c4cf4000
35524 c4cf0000
35525 c4cec000
35526 c4ce8000
35527 c4ce4000
35528 c4ce0000
35529 c4cdc000
35530 c4cd8000
35531 c4cd4000
35532 c4cd0000
35533 c4ccc000
35534 c4cc8000
35535 c4cc4000
35536 c4cc0000
35537 c4cbc000
35538 c4cb8000
35539 c4cb4000
35540 c4cb0000
35541 c4cac000
35542 c4ca8000
35543 c4ca4000
35544 c4ca0000
35545 c4c9c000
35546 c4c98000
35547 c4c94000
35548 c4c90000
35549 c4c8c000
35550 c4c88000
35551 c4c84000
35552 c4c80000
35553 c4c7c000
35554 c4c78000
35555 c4c74000
35556 c4c70000
35557 c4c6c000
35558 c4c68000
35559 c4c64000
35560 c4c60000
35561 c4c5c000
35562 c4c58000
35563 c4c54000
35564 c4c50000
35565 c4c4c000
35566 c4c48000
35567 c4c44000
35568 c4c40000
35569 c4c3c000
35570 c4c38000
35571 c4c34000
35572 c4c30000
35573 c4c2c000
35574 c4c28000
35575 c4c24000
35576 c4c20000
35577 c4c1c000
35578 c4c18000
35579 c4c14000
35580 c4c10000
35581 c4c0c000
35582 c4c08000
35583 c4c04000
35584 c4c00000
35585 c4bfc000
35586 c4bf8000
35587 c4bf4000
35588 c4bf0000
35589 c4bec000
35590 c4be8000
35591 c4be4000
35592 c4be0000
35593 c4bdc000
35594 c4bd8000
35595 c4bd4000
35596 c4bd0000
35597 c4bcc000
35598 c4bc8000
35599 c4bc4000
35600 c4bc0000
35601 c4bbc000
35602 c4bb8000
35603 c4bb4000
35604 c4bb0000
35605 c4bac000
35606 c4ba8000
35607 c4ba4000
35608 c4ba0000
35609 c4b9c000
35610 c4b98000
35611 c4b94000
35612 c4b90000
35613 c4b8c000
35614 c4b88000
35615 c4b84000
35616 c4b80000
35617 c4b7c000
35618 c4b78000
35619 c4b74000
35620 c4b70000
35621 c4b6c000
35622 c4b68000
35623 c4b64000
35624 c4b60000
35625 c4b5c000
35626 c4b58000
35627 c4b54000
35628 c4b50000
35629 c4b4c000
35630 c4b48000
35631 c4b44000
35632 c4b40000
35633 c4b3c000
35634 c4b38000
35635 c4b34000
35636 c4b30000
35637 c4b2c000
35638 c4b28000
35639 c4b24000
35640 c4b20000
35641 c4b1c000
35642 c4b18000
35643 c4b14000
35644 c4b10000
35645 c4b0c000
35646 c4b08000
35647 c4b04000
35648 c4b00000
35649 c4afc000
35650 c4af8000
35651 c4af4000
35652 c4af0000
35653 c4aec000
35654 c4ae8000
35655 c4ae4000
35656 c4ae0000
35657 c4adc000
35658 c4ad8000
35659 c4ad4000
35660 c4ad0000
35661 c4acc000
35662 c4ac8000
35663 c4ac4000
35664 c4ac0000
35665 c4abc000
35666 c4ab8000
35667 c4ab4000
35668 c4ab0000
35669 c4aac000
35670 c4aa8000
35671 c4aa4000
35672 c4aa0000
35673 c4a9c000
35674 c4a98000
35675 c4a94000
35676 c4a90000
35677 c4a8c000
35678 c4a88000
35679 c4a84000
35680 c4a80000
35681 c4a7c000
35682 c4a78000
35683 c4a74000
35684 c4a70000
35685 c4a6c000
35686 c4a68000
35687 c4a64000
35688 c4a60000
35689 c4a5c000
35690 c4a58000
35691 c4a54000
35692 c4a50000
35693 c4a4c000
35694 c4a48000
35695 c4a44000
35696 c4a40000
35697 c4a3c000
35698 c4a38000
35699 c4a34000
35700 c4a30000
35701 c4a2c000
35702 c4a28000
35703 c4a24000
35704 c4a20000
35705 c4a1c000
35706 c4a18000
35707 c4a14000
35708 c4a10000
35709 c4a0c000
35710 c4a08000
35711 c4a04000
35712 c4a00000
35713 c49fc000
35714 c49f8000
35715 c49f4000
35716 c49f0000
35717 c49ec000
35718 c49e8000
35719 c49e4000
35720 c49e0000
35721 c49dc000
35722 c49d8000
35723 c49d4000
35724 c49d0000
35725 c49cc000
35726 c49c8000
35727 c49c4000
35728 c49c0000
35729 c49bc000
35730 c49b8000
35731 c49b4000
35732 c49b0000
35733 c49ac000
35734 c49a8000
35735 c49a4000
35736 c49a0000
35737 c499c000
35738 c4998000
35739 c4994000
35740 c4990000
35741 c498c000
35742 c4988000
35743 c4984000
35744 c4980000
35745 c497c000
35746 c4978000
35747 c4974000
35748 c4970000
35749 c496c000
35750 c4968000
35751 c4964000
35752 c4960000
35753 c495c000
35754 c4958000
35755 c4954000
35756 c4950000
35757 c494c000
35758 c4948000
35759 c4944000
35760 c4940000
35761 c493c000
35762 c4938000
35763 c4934000
35764 c4930000
35765 c492c000
35766 c4928000
35767 c4924000
35768 c4920000
35769 c491c000
35770 c4918000
35771 c4914000
35772 c4910000
35773 c490c000
35774 c4908000
35775 c4904000
35776 c4900000
35777 c48fc000
35778 c48f8000
35779 c48f4000
35780 c48f0000
35781 c48ec000
35782 c48e8000
35783 c48e4000
35784 c48e0000
35785 c48dc000
35786 c48d8000
35787 c48d4000
35788 c48d0000
35789 c48cc000
35790 c48c8000
35791 c48c4000
35792 c48c0000
35793 c48bc000
35794 c48b8000
35795 c48b4000
35796 c48b0000
35797 c48ac000
35798 c48a8000
35799 c48a4000
35800 c48a0000
35801 c489c000
35802 c4898000
35803 c4894000
35804 c4890000
35805 c488c000
35806 c4888000
35807 c4884000
35808 c4880000
35809 c487c000
35810 c4878000
35811 c4874000
35812 c4870000
35813 c486c000
35814 c4868000
35815 c4864000
35816 c4860000
35817 c485c000
35818 c4858000
35819 c4854000
35820 c4850000
35821 c484c000
35822 c4848000
35823 c4844000
35824 c4840000
35825 c483c000
35826 c4838000
35827 c4834000
35828 c4830000
35829 c482c000
35830 c4828000
35831 c4824000
35832 c4820000
35833 c481c000
35834 c4818000
35835 c4814000
35836 c4810000
35837 c480c000
35838 c4808000
35839 c4804000
35840 c4800000
35841 c47fc000
35842 c47f8000
35843 c47f4000
35844 c47f0000
35845 c47ec000
35846 c47e8000
35847 c47e4000
35848 c47e0000
35849 c47dc000
35850 c47d8000
35851 c47d4000
35852 c47d0000
35853 c47cc000
35854 c47c8000
35855 c47c4000
35856 c47c0000
35857 c47bc000
35858 c47b8000
35859 c47b4000
35860 c47b0000
35861 c47ac000
35862 c47a8000
35863 c47a4000
35864 c47a0000
35865 c479c000
35866 c4798000
35867 c4794000
35868 c4790000
35869 c478c000
35870 c4788000
35871 c4784000
35872 c4780000
35873 c477c000
35874 c4778000
35875 c4774000
35876 c4770000
35877 c476c000
35878 c4768000
35879 c4764000
35880 c4760000
35881 c475c000
35882 c4758000
35883 c4754000
35884 c4750000
35885 c474c000
35886 c4748000
35887 c4744000
35888 c4740000
35889 c473c000
35890 c4738000
35891 c4734000
35892 c4730000
35893 c472c000
35894 c4728000
35895 c4724000
35896 c4720000
35897 c471c000
35898 c4718000
35899 c4714000
35900 c4710000
35901 c470c000
35902 c4708000
35903 c4704000
35904 c4700000
35905 c46fc000
35906 c46f8000
35907 c46f4000
35908 c46f0000
35909 c46ec000
35910 c46e8000
35911 c46e4000
35912 c46e0000
35913 c46dc000
35914 c46d8000
35915 c46d4000
35916 c46d0000
35917 c46cc000
35918 c46c8000
35919 c46c4000
35920 c46c0000
35921 c46bc000
35922 c46b8000
35923 c46b4000
35924 c46b0000
35925 c46ac000
35926 c46a8000
35927 c46a4000
35928 c46a0000
35929 c469c000
35930 c4698000
35931 c4694000
35932 c4690000
35933 c468c000
35934 c4688000
35935 c4684000
35936 c4680000
35937 c467c000
35938 c4678000
35939 c4674000
35940 c4670000
35941 c466c000
35942 c4668000
35943 c4664000
35944 c4660000
35945 c465c000
35946 c4658000
35947 c4654000
35948 c4650000
35949 c464c000
35950 c4648000
35951 c4644000
35952 c4640000
35953 c463c000
35954 c4638000
35955 c4634000
35956 c4630000
35957 c462c000
35958 c4628000
35959 c4624000
35960 c4620000
35961 c461c000
35962 c4618000
35963 c4614000
35964 c4610000
35965 c460c000
35966 c4608000
35967 c4604000
35968 c4600000
35969 c45fc000
35970 c45f8000
35971 c45f4000
35972 c45f0000
35973 c45ec000
35974 c45e8000
35975 c45e4000
35976 c45e0000
35977 c45dc000
35978 c45d8000
35979 c45d4000
35980 c45d0000
35981 c45cc000
35982 c45c8000
35983 c45c4000
35984 c45c0000
35985 c45bc000
35986 c45b8000
35987 c45b4000
35988 c45b0000
35989 c45ac000
35990 c45a8000
35991 c45a4000
35992 c45a0000
35993 c459c000
35994 c4598000
35995 c4594000
35996 c4590000
35997 c458c000
35998 c4588000
35999 c4584000
36000 c4580000
36001 c457c000
36002 c4578000
36003 c4574000
36004 c4570000
36005 c456c000
36006 c4568000
36007 c4564000
36008 c4560000
36009 c455c000
36010 c4558000
36011 c4554000
36012 c4550000
36013 c454c000
36014 c4548000
36015 c4544000
36016 c4540000
36017 c453c000
36018 c4538000
36019 c4534000
36020 c4530000
36021 c452c000
36022 c4528000
36023 c4524000
36024 c4520000
36025 c451c000
36026 c4518000
36027 c4514000
36028 c4510000
36029 c450c000
36030 c4508000
36031 c4504000
36032 c4500000
36033 c44fc000
36034 c44f8000
36035 c44f4000
36036 c44f0000
36037 c44ec000
36038 c44e8000
36039 c44e4000
36040 c44e0000
36041 c44dc000
36042 c44d8000
36043 c44d4000
36044 c44d0000
36045 c44cc000
36046 c44c8000
36047 c44c4000
36048 c44c0000
36049 c44bc000
36050 c44b8000
36051 c44b4000
36052 c44b0000
36053 c44ac000
36054 c44a8000
36055 c44a4000
36056 c44a0000
36057 c449c000
36058 c4498000
36059 c4494000
36060 c4490000
36061 c448c000
36062 c4488000
36063 c4484000
36064 c4480000
36065 c447c000
36066 c4478000
36067 c4474000
36068 c4470000
36069 c446c000
36070 c4468000
36071 c4464000
36072 c4460000
36073 c445c000
36074 c4458000
36075 c4454000
36076 c4450000
36077 c444c000
36078 c4448000
36079 c4444000
36080 c4440000
36081 c443c000
36082 c4438000
36083 c4434000
36084 c4430000
36085 c442c000
36086 c4428000
36087 c4424000
36088 c4420000
36089 c441c000
36090 c4418000
36091 c4414000
36092 c4410000
36093 c440c000
36094 c4408000
36095 c4404000
36096 c4400000
36097 c43fc000
36098 c43f8000
36099 c43f4000
36100 c43f0000
36101 c43ec000
36102 c43e8000
36103 c43e4000
36104 c43e0000
36105 c43dc000
36106 c43d8000
36107 c43d4000
36108 c43d0000
36109 c43cc000
36110 c43c8000
36111 c43c4000
36112 c43c0000
36113 c43bc000
36114 c43b8000
36115 c43b4000
36116 c43b0000
36117 c43ac000
36118 c43a8000
36119 c43a4000
36120 c43a0000
36121 c439c000
36122 c4398000
36123 c4394000
36124 c4390000
36125 c438c000
36126 c4388000
36127 c4384000
36128 c4380000
36129 c437c000
36130 c4378000
36131 c4374000
36132 c4370000
36133 c436c000
36134 c4368000
36135 c4364000
36136 c4360000
36137 c435c000
36138 c4358000
36139 c4354000
36140 c4350000
36141 c434c000
36142 c4348000
36143 c4344000
36144 c4340000
36145 c433c000
36146 c4338000
36147 c4334000
36148 c4330000
36149 c432c000
36150 c4328000
36151 c4324000
36152 c4320000
36153 c431c000
36154 c4318000
36155 c4314000
36156 c4310000
36157 c430c000
36158 c4308000
36159 c4304000
36160 c4300000
36161 c42fc000
36162 c42f8000
36163 c42f4000
36164 c42f0000
36165 c42ec000
36166 c42e8000
36167 c42e4000
36168 c42e0000
36169 c42dc000
36170 c42d8000
36171 c42d4000
36172 c42d0000
36173 c42cc000
36174 c42c8000
36175 c42c4000
36176 c42c0000
36177 c42bc000
36178 c42b8000
36179 c42b4000
36180 c42b0000
36181 c42ac000
36182 c42a8000
36183 c42a4000
36184 c42a0000
36185 c429c000
36186 c4298000
36187 c4294000
36188 c4290000
36189 c428c000
36190 c4288000
36191 c4284000
36192 c4280000
36193 c427c000
36194 c4278000
36195 c4274000
36196 c4270000
36197 c426c000
36198 c4268000
36199 c4264000
36200 c4260000
36201 c425c000
36202 c4258000
36203 c4254000
36204 c4250000
36205 c424c000
36206 c4248000
36207 c4244000
36208 c4240000
36209 c423c000
36210 c4238000
36211 c4234000
36212 c4230000
36213 c422c000
36214 c4228000
36215 c4224000
36216 c4220000
36217 c421c000
36218 c4218000
36219 c4214000
36220 c4210000
36221 c420c000
36222 c4208000
36223 c4204000
36224 c4200000
36225 c41fc000
36226 c41f8000
36227 c41f4000
36228 c41f0000
36229 c41ec000
36230 c41e8000
36231 c41e4000
36232 c41e0000
36233 c41dc000
36234 c41d8000
36235 c41d4000
36236 c41d0000
36237 c41cc000
36238 c41c8000
36239 c41c4000
36240 c41c0000
36241 c41bc000
36242 c41b8000
36243 c41b4000
36244 c41b0000
36245 c41ac000
36246 c41a8000
36247 c41a4000
36248 c41a0000
36249 c419c000
36250 c4198000
36251 c4194000
36252 c4190000
36253 c418c000
36254 c4188000
36255 c4184000
36256 c4180000
36257 c417c000
36258 c4178000
36259 c4174000
36260 c4170000
36261 c416c000
36262 c4168000
36263 c4164000
36264 c4160000
36265 c415c000
36266 c4158000
36267 c4154000
36268 c4150000
36269 c414c000
36270 c4148000
36271 c4144000
36272 c4140000
36273 c413c000
36274 c4138000
36275 c4134000
36276 c4130000
36277 c412c000
36278 c4128000
36279 c4124000
36280 c4120000
36281 c411c000
36282 c4118000
36283 c4114000
36284 c4110000
36285 c410c000
36286 c4108000
36287 c4104000
36288 c4100000
36289 c40fc000
36290 c40f8000
36291 c40f4000
36292 c40f0000
36293 c40ec000
36294 c40e8000
36295 c40e4000
36296 c40e0000
36297 c40dc000
36298 c40d8000
36299 c40d4000
36300 c40d0000
36301 c40cc000
36302 c40c8000
36303 c40c4000
36304 c40c0000
36305 c40bc000
36306 c40b8000
36307 c40b4000
36308 c40b0000
36309 c40ac000
36310 c40a8000
36311 c40a4000
36312 c40a0000
36313 c409c000
36314 c4098000
36315 c4094000
36316 c4090000
36317 c408c000
36318 c4088000
36319 c4084000
36320 c4080000
36321 c407c000
36322 c4078000
36323 c4074000
36324 c4070000
36325 c406c000
36326 c4068000
36327 c4064000
36328 c4060000
36329 c405c000
36330 c4058000
36331 c4054000
36332 c4050000
36333 c404c000
36334 c4048000
36335 c4044000
36336 c4040000
36337 c403c000
36338 c4038000
36339 c4034000
36340 c4030000
36341 c402c000
36342 c4028000
36343 c4024000
36344 c4020000
36345 c401c000
36346 c4018000
36347 c4014000
36348 c4010000
36349 c400c000
36350 c4008000
36351 c4004000
36352 c4000000
36353 c3ffc000
36354 c3ff8000
36355 c3ff4000
36356 c3ff0000
36357 c3fec000
36358 c3fe8000
36359 c3fe4000
36360 c3fe0000
36361 c3fdc000
36362 c3fd8000
36363 c3fd4000
36364 c3fd0000
36365 c3fcc000
36366 c3fc8000
36367 c3fc4000
36368 c3fc0000
36369 c3fbc000
36370 c3fb8000
36371 c3fb4000
36372 c3fb0000
36373 c3fac000
36374 c3fa8000
36375 c3fa4000
36376 c3fa0000
36377 c3f9c000
36378 c3f98000
36379 c3f94000
36380 c3f90000
36381 c3f8c000
36382 c3f88000
36383 c3f84000
36384 c3f80000
36385 c3f7c000
36386 c3f78000
36387 c3f74000
36388 c3f70000
36389 c3f6c000
36390 c3f68000
36391 c3f64000
36392 c3f60000
36393 c3f5c000
36394 c3f58000
36395 c3f54000
36396 c3f50000
36397 c3f4c000
36398 c3f48000
36399 c3f44000
36400 c3f40000
36401 c3f3c000
36402 c3f38000
36403 c3f34000
36404 c3f30000
36405 c3f2c000
36406 c3f28000
36407 c3f24000
36408 c3f20000
36409 c3f1c000
36410 c3f18000
36411 c3f14000
36412 c3f10000
36413 c3f0c000
36414 c3f08000
36415 c3f04000
36416 c3f00000
36417 c3efc000
36418 c3ef8000
36419 c3ef4000
36420 c3ef0000
36421 c3eec000
36422 c3ee8000
36423 c3ee4000
36424 c3ee0000
36425 c3edc000
36426 c3ed8000
36427 c3ed4000
36428 c3ed0000
36429 c3ecc000
36430 c3ec8000
36431 c3ec4000
36432 c3ec0000
36433 c3ebc000
36434 c3eb8000
36435 c3eb4000
36436 c3eb0000
36437 c3eac000
36438 c3ea8000
36439 c3ea4000
36440 c3ea0000
36441 c3e9c000
36442 c3e98000
36443 c3e94000
36444 c3e90000
36445 c3e8c000
36446 c3e88000
36447 c3e84000
36448 c3e80000
36449 c3e7c000
36450 c3e78000
36451 c3e74000
36452 c3e70000
36453 c3e6c000
36454 c3e68000
36455 c3e64000
36456 c3e60000
36457 c3e5c000
36458 c3e58000
36459 c3e54000
36460 c3e50000
36461 c3e4c000
36462 c3e48000
36463 c3e44000
36464 c3e40000
36465 c3e3c000
36466 c3e38000
36467 c3e34000
36468 c3e30000
36469 c3e2c000
36470 c3e28000
36471 c3e24000
36472 c3e20000
36473 c3e1c000
36474 c3e18000
36475 c3e14000
36476 c3e10000
36477 c3e0c000
36478 c3e08000
36479 c3e04000
36480 c3e00000
36481 c3dfc000
36482 c3df8000
36483 c3df4000
36484 c3df0000
36485 c3dec000
36486 c3de8000
36487 c3de4000
36488 c3de0000
36489 c3ddc000
36490 c3dd8000
36491 c3dd4000
36492 c3dd0000
36493 c3dcc000
36494 c3dc8000
36495 c3dc4000
36496 c3dc0000
36497 c3dbc000
36498 c3db8000
36499 c3db4000
36500 c3db0000
36501 c3dac000
36502 c3da8000
36503 c3da4000
36504 c3da0000
36505 c3d9c000
36506 c3d98000
36507 c3d94000
36508 c3d90000
36509 c3d8c000
36510 c3d88000
36511 c3d84000
36512 c3d80000
36513 c3d7c000
36514 c3d78000
36515 c3d74000
36516 c3d70000
36517 c3d6c000
36518 c3d68000
36519 c3d64000
36520 c3d60000
36521 c3d5c000
36522 c3d58000
36523 c3d54000
36524 c3d50000
36525 c3d4c000
36526 c3d48000
36527 c3d44000
36528 c3d40000
36529 c3d3c000
36530 c3d38000
36531 c3d34000
36532 c3d30000
36533 c3d2c000
36534 c3d28000
36535 c3d24000
36536 c3d20000
36537 c3d1c000
36538 c3d18000
36539 c3d14000
36540 c3d10000
36541 c3d0c000
36542 c3d08000
36543 c3d04000
36544 c3d00000
36545 c3cfc000
36546 c3cf8000
36547 c3cf4000
36548 c3cf0000
36549 c3cec000
36550 c3ce8000
36551 c3ce4000
36552 c3ce0000
36553 c3cdc000
36554 c3cd8000
36555 c3cd4000
36556 c3cd0000
36557 c3ccc000
36558 c3cc8000
36559 c3cc4000
36560 c3cc0000
36561 c3cbc000
36562 c3cb8000
36563 c3cb4000
36564 c3cb0000
36565 c3cac000
36566 c3ca8000
36567 c3ca4000
36568 c3ca0000
36569 c3c9c000
36570 c3c98000
36571 c3c94000
36572 c3c90000
36573 c3c8c000
36574 c3c88000
36575 c3c84000
36576 c3c80000
36577 c3c7c000
36578 c3c78000
36579 c3c74000
36580 c3c70000
36581 c3c6c000
36582 c3c68000
36583 c3c64000
36584 c3c60000
36585 c3c5c000
36586 c3c58000
36587 c3c54000
36588 c3c50000
36589 c3c4c000
36590 c3c48000
36591 c3c44000
36592 c3c40000
36593 c3c3c000
36594 c3c38000
36595 c3c34000
36596 c3c30000
36597 c3c2c000
36598 c3c28000
36599 c3c24000
36600 c3c20000
36601 c3c1c000
36602 c3c18000
36603 c3c14000
36604 c3c10000
36605 c3c0c000
36606 c3c08000
36607 c3c04000
36608 c3c00000
36609 c3bfc000
36610 c3bf8000
36611 c3bf4000
36612 c3bf0000
36613 c3bec000
36614 c3be8000
36615 c3be4000
36616 c3be0000
36617 c3bdc000
36618 c3bd8000
36619 c3bd4000
36620 c3bd0000
36621 c3bcc000
36622 c3bc8000
36623 c3bc4000
36624 c3bc0000
36625 c3bbc000
36626 c3bb8000
36627 c3bb4000
36628 c3bb0000
36629 c3bac000
36630 c3ba8000
36631 c3ba4000
36632 c3ba0000
36633 c3b9c000
36634 c3b98000
36635 c3b94000
36636 c3b90000
36637 c3b8c000
36638 c3b88000
36639 c3b84000
36640 c3b80000
36641 c3b7c000
36642 c3b78000
36643 c3b74000
36644 c3b70000
36645 c3b6c000
36646 c3b68000
36647 c3b64000
36648 c3b60000
36649 c3b5c000
36650 c3b58000
36651 c3b54000
36652 c3b50000
36653 c3b4c000
36654 c3b48000
36655 c3b44000
36656 c3b40000
36657 c3b3c000
36658 c3b38000
36659 c3b34000
36660 c3b30000
36661 c3b2c000
36662 c3b28000
36663 c3b24000
36664 c3b20000
36665 c3b1c000
36666 c3b18000
36667 c3b14000
36668 c3b10000
36669 c3b0c000
36670 c3b08000
36671 c3b04000
36672 c3b00000
36673 c3afc000
36674 c3af8000
36675 c3af4000
36676 c3af0000
36677 c3aec000
36678 c3ae8000
36679 c3ae4000
36680 c3ae0000
36681 c3adc000
36682 c3ad8000
36683 c3ad4000
36684 c3ad0000
36685 c3acc000
36686 c3ac8000
36687 c3ac4000
36688 c3ac0000
36689 c3abc000
36690 c3ab8000
36691 c3ab4000
36692 c3ab0000
36693 c3aac000
36694 c3aa8000
36695 c3aa4000
36696 c3aa0000
36697 c3a9c000
36698 c3a98000
36699 c3a94000
36700 c3a90000
36701 c3a8c000
36702 c3a88000
36703 c3a84000
36704 c3a80000
36705 c3a7c000
36706 c3a78000
36707 c3a74000
36708 c3a70000
36709 c3a6c000
36710 c3a68000
36711 c3a64000
36712 c3a60000
36713 c3a5c000
36714 c3a58000
36715 c3a54000
36716 c3a50000
36717 c3a4c000
36718 c3a48000
36719 c3a44000
36720 c3a40000
36721 c3a3c000
36722 c3a38000
36723 c3a34000
36724 c3a30000
36725 c3a2c000
36726 c3a28000
36727 c3a24000
36728 c3a20000
36729 c3a1c000
36730 c3a18000
36731 c3a14000
36732 c3a10000
36733 c3a0c000
36734 c3a08000
36735 c3a04000
36736 c3a00000
36737 c39fc000
36738 c39f8000
36739 c39f4000
36740 c39f0000
36741 c39ec000
36742 c39e8000
36743 c39e4000
36744 c39e0000
36745 c39dc000
36746 c39d8000
36747 c39d4000
36748 c39d0000
36749 c39cc000
36750 c39c8000
36751 c39c4000
36752 c39c0000
36753 c39bc000
36754 c39b8000
36755 c39b4000
36756 c39b0000
36757 c39ac000
36758 c39a8000
36759 c39a4000
36760 c39a0000
36761 c399c000
36762 c3998000
36763 c3994000
36764 c3990000
36765 c398c000
36766 c3988000
36767 c3984000
36768 c3980000
36769 c397c000
36770 c3978000
36771 c3974000
36772 c3970000
36773 c396c000
36774 c3968000
36775 c3964000
36776 c3960000
36777 c395c000
36778 c3958000
36779 c3954000
36780 c3950000
36781 c394c000
36782 c3948000
36783 c3944000
36784 c3940000
36785 c393c000
36786 c3938000
36787 c3934000
36788 c3930000
36789 c392c000
36790 c3928000
36791 c3924000
36792 c3920000
36793 c391c000
36794 c3918000
36795 c3914000
36796 c3910000
36797 c390c000
36798 c3908000
36799 c3904000
36800 c3900000
36801 c38fc000
36802 c38f8000
36803 c38f4000
36804 c38f0000
36805 c38ec000
36806 c38e8000
36807 c38e4000
36808 c38e0000
36809 c38dc000
36810 c38d8000
36811 c38d4000
36812 c38d0000
36813 c38cc000
36814 c38c8000
36815 c38c4000
36816 c38c0000
36817 c38bc000
36818 c38b8000
36819 c38b4000
36820 c38b0000
36821 c38ac000
36822 c38a8000
36823 c38a4000
36824 c38a0000
36825 c389c000
36826 c3898000
36827 c3894000
36828 c3890000
36829 c388c000
36830 c3888000
36831 c3884000
36832 c3880000
36833 c387c000
36834 c3878000
36835 c3874000
36836 c3870000
36837 c386c000
36838 c3868000
36839 c3864000
36840 c3860000
36841 c385c000
36842 c3858000
36843 c3854000
36844 c3850000
36845 c384c000
36846 c3848000
36847 c3844000
36848 c3840000
36849 c383c000
36850 c3838000
36851 c3834000
36852 c3830000
36853 c382c000
36854 c3828000
36855 c3824000
36856 c3820000
36857 c381c000
36858 c3818000
36859 c3814000
36860 c3810000
36861 c380c000
36862 c3808000
36863 c3804000
36864 c3800000
36865 c37fe000
36866 c37fc000
36867 c37fa000
36868 c37f8000
36869 c37f6000
36870 c37f4000
36871 c37f2000
36872 c37f0000
36873 c37ee000
36874 c37ec000
36875 c37ea000
36876 c37e8000
36877 c37e6000
36878 c37e4000
36879 c37e2000
36880 c37e0000
36881 c37de000
36882 c37dc000
36883 c37da000
36884 c37d8000
36885 c37d6000
36886 c37d4000
36887 c37d2000
36888 c37d0000
36889 c37ce000
36890 c37cc000
36891 c37ca000
36892 c37c8000
36893 c37c6000
36894 c37c4000
36895 c37c2000
36896 c37c0000
36897 c37be000
36898 c37bc000
36899 c37ba000
36900 c37b8000
36901 c37b6000
36902 c37b4000
36903 c37b2000
36904 c37b0000
36905 c37ae000
36906 c37ac000
36907 c37aa000
36908 c37a8000
36909 c37a6000
36910 c37a4000
36911 c37a2000
36912 c37a0000
36913 c379e000
36914 c379c000
36915 c379a000
36916 c3798000
36917 c3796000
36918 c3794000
36919 c3792000
36920 c3790000
36921 c378e000
36922 c378c000
36923 c378a000
36924 c3788000
36925 c3786000
36926 c3784000
36927 c3782000
36928 c3780000
36929 c377e000
36930 c377c000
36931 c377a000
36932 c3778000
36933 c3776000
36934 c3774000
36935 c3772000
36936 c3770000
36937 c376e000
36938 c376c000
36939 c376a000
36940 c3768000
36941 c3766000
36942 c3764000
36943 c3762000
36944 c3760000
36945 c375e000
36946 c375c000
36947 c375a000
36948 c3758000
36949 c3756000
36950 c3754000
36951 c3752000
36952 c3750000
36953 c374e000
36954 c374c000
36955 c374a000
36956 c3748000
36957 c3746000
36958 c3744000
36959 c3742000
36960 c3740000
36961 c373e000
36962 c373c000
36963 c373a000
36964 c3738000
36965 c3736000
36966 c3734000
36967 c3732000
36968 c3730000
36969 c372e000
36970 c372c000
36971 c372a000
36972 c3728000
36973 c3726000
36974 c3724000
36975 c3722000
36976 c3720000
36977 c371e000
36978 c371c000
36979 c371a000
36980 c3718000
36981 c3716000
36982 c3714000
36983 c3712000
36984 c3710000
36985 c370e000
36986 c370c000
36987 c370a000
36988 c3708000
36989 c3706000
36990 c3704000
36991 c3702000
36992 c3700000
36993 c36fe000
36994 c36fc000
36995 c36fa000
36996 c36f8000
36997 c36f6000
36998 c36f4000
36999 c36f2000
37000 c36f0000
37001 c36ee000
37002 c36ec000
37003 c36ea000
37004 c36e8000
37005 c36e6000
37006 c36e4000
37007 c36e2000
37008 c36e0000
37009 c36de000
37010 c36dc000
37011 c36da000
37012 c36d8000
37013 c36d6000
37014 c36d4000
37015 c36d2000
37016 c36d0000
37017 c36ce000
37018 c36cc000
37019 c36ca000
37020 c36c8000
37021 c36c6000
37022 c36c4000
37023 c36c2000
37024 c36c0000
37025 c36be000
37026 c36bc000
37027 c36ba000
37028 c36b8000
37029 c36b6000
37030 c36b4000
37031 c36b2000
37032 c36b0000
37033 c36ae000
37034 c36ac000
37035 c36aa000
37036 c36a8000
37037 c36a6000
37038 c36a4000
37039 c36a2000
37040 c36a0000
37041 c369e000
37042 c369c000
37043 c369a000
37044 c3698000
37045 c3696000
37046 c3694000
37047 c3692000
37048 c3690000
37049 c368e000
37050 c368c000
37051 c368a000
37052 c3688000
37053 c3686000
37054 c3684000
37055 c3682000
37056 c3680000
37057 c367e000
37058 c367c000
37059 c367a000
37060 c3678000
37061 c3676000
37062 c3674000
37063 c3672000
37064 c3670000
37065 c366e000
37066 c366c000
37067 c366a000
37068 c3668000
37069 c3666000
37070 c3664000
37071 c3662000
37072 c3660000
37073 c365e000
37074 c365c000
37075 c365a000
37076 c3658000
37077 c3656000
37078 c3654000
37079 c3652000
37080 c3650000
37081 c364e000
37082 c364c000
37083 c364a000
37084 c3648000
37085 c3646000
37086 c3644000
37087 c3642000
37088 c3640000
37089 c363e000
37090 c363c000
37091 c363a000
37092 c3638000
37093 c3636000
37094 c3634000
37095 c3632000
37096 c3630000
37097 c362e000
37098 c362c000
37099 c362a000
37100 c3628000
37101 c3626000
37102 c3624000
37103 c3622000
37104 c3620000
37105 c361e000
37106 c361c000
37107 c361a000
37108 c3618000
37109 c3616000
37110 c3614000
37111 c3612000
37112 c3610000
37113 c360e000
37114 c360c000
37115 c360a000
37116 c3608000
37117 c3606000
37118 c3604000
37119 c3602000
37120 c3600000
37121 c35fe000
37122 c35fc000
37123 c35fa000
37124 c35f8000
37125 c35f6000
37126 c35f4000
37127 c35f2000
37128 c35f0000
37129 c35ee000
37130 c35ec000
37131 c35ea000
37132 c35e8000
37133 c35e6000
37134 c35e4000
37135 c35e2000
37136 c35e0000
37137 c35de000
37138 c35dc000
37139 c35da000
37140 c35d8000
37141 c35d6000
37142 c35d4000
37143 c35d2000
37144 c35d0000
37145 c35ce000
37146 c35cc000
37147 c35ca000
37148 c35c8000
37149 c35c6000
37150 c35c4000
37151 c35c2000
37152 c35c0000
37153 c35be000
37154 c35bc000
37155 c35ba000
37156 c35b8000
37157 c35b6000
37158 c35b4000
37159 c35b2000
37160 c35b0000
37161 c35ae000
37162 c35ac000
37163 c35aa000
37164 c35a8000
37165 c35a6000
37166 c35a4000
37167 c35a2000
37168 c35a0000
37169 c359e000
37170 c359c000
37171 c359a000
37172 c3598000
37173 c3596000
37174 c3594000
37175 c3592000
37176 c3590000
37177 c358e000
37178 c358c000
37179 c358a000
37180 c3588000
37181 c3586000
37182 c3584000
37183 c3582000
37184 c3580000
37185 c357e000
37186 c357c000
37187 c357a000
37188 c3578000
37189 c3576000
37190 c3574000
37191 c3572000
37192 c3570000
37193 c356e000
37194 c356c000
37195 c356a000
37196 c3568000
37197 c3566000
37198 c3564000
37199 c3562000
37200 c3560000
37201 c355e000
37202 c355c000
37203 c355a000
37204 c3558000
37205 c3556000
37206 c3554000
37207 c3552000
37208 c3550000
37209 c354e000
37210 c354c000
37211 c354a000
37212 c3548000
37213 c3546000
37214 c3544000
37215 c3542000
37216 c3540000
37217 c353e000
37218 c353c000
37219 c353a000
37220 c3538000
37221 c3536000
37222 c3534000
37223 c3532000
37224 c3530000
37225 c352e000
37226 c352c000
37227 c352a000
37228 c3528000
37229 c3526000
37230 c3524000
37231 c3522000
37232 c3520000
37233 c351e000
37234 c351c000
37235 c351a000
37236 c3518000
37237 c3516000
37238 c3514000
37239 c3512000
37240 c3510000
37241 c350e000
37242 c350c000
37243 c350a000
37244 c3508000
37245 c3506000
37246 c3504000
37247 c3502000
37248 c3500000
37249 c34fe000
37250 c34fc000
37251 c34fa000
37252 c34f8000
37253 c34f6000
37254 c34f4000
37255 c34f2000
37256 c34f0000
37257 c34ee000
37258 c34ec000
37259 c34ea000
37260 c34e8000
37261 c34e6000
37262 c34e4000
37263 c34e2000
37264 c34e0000
37265 c34de000
37266 c34dc000
37267 c34da000
37268 c34d8000
37269 c34d6000
37270 c34d4000
37271 c34d2000
37272 c34d0000
37273 c34ce000
37274 c34cc000
37275 c34ca000
37276 c34c8000
37277 c34c6000
37278 c34c4000
37279 c34c2000
37280 c34c0000
37281 c34be000
37282 c34bc000
37283 c34ba000
37284 c34b8000
37285 c34b6000
37286 c34b4000
37287 c34b2000
37288 c34b0000
37289 c34ae000
37290 c34ac000
37291 c34aa000
37292 c34a8000
37293 c34a6000
37294 c34a4000
37295 c34a2000
37296 c34a0000
37297 c349e000
37298 c349c000
37299 c349a000
37300 c3498000
37301 c3496000
37302 c3494000
37303 c3492000
37304 c3490000
37305 c348e000
37306 c348c000
37307 c348a000
37308 c3488000
37309 c3486000
37310 c3484000
37311 c3482000
37312 c3480000
37313 c347e000
37314 c347c000
37315 c347a000
37316 c3478000
37317 c3476000
37318 c3474000
37319 c3472000
37320 c3470000
37321 c346e000
37322 c346c000
37323 c346a000
37324 c3468000
37325 c3466000
37326 c3464000
37327 c3462000
37328 c3460000
37329 c345e000
37330 c345c000
37331 c345a000
37332 c3458000
37333 c3456000
37334 c3454000
37335 c3452000
37336 c3450000
37337 c344e000
37338 c344c000
37339 c344a000
37340 c3448000
37341 c3446000
37342 c3444000
37343 c3442000
37344 c3440000
37345 c343e000
37346 c343c000
37347 c343a000
37348 c3438000
37349 c3436000
37350 c3434000
37351 c3432000
37352 c3430000
37353 c342e000
37354 c342c000
37355 c342a000
37356 c3428000
37357 c3426000
37358 c3424000
37359 c3422000
37360 c3420000
37361 c341e000
37362 c341c000
37363 c341a000
37364 c3418000
37365 c3416000
37366 c3414000
37367 c3412000
37368 c3410000
37369 c340e000
37370 c340c000
37371 c340a000
37372 c3408000
37373 c3406000
37374 c3404000
37375 c3402000
37376 c3400000
37377 c33fe000
37378 c33fc000
37379 c33fa000
37380 c33f8000
37381 c33f6000
37382 c33f4000
37383 c33f2000
37384 c33f0000
37385 c33ee000
37386 c33ec000
37387 c33ea000
37388 c33e8000
37389 c33e6000
37390 c33e4000
37391 c33e2000
37392 c33e0000
37393 c33de000
37394 c33dc000
37395 c33da000
37396 c33d8000
37397 c33d6000
37398 c33d4000
37399 c33d2000
37400 c33d0000
37401 c33ce000
37402 c33cc000
37403 c33ca000
37404 c33c8000
37405 c33c6000
37406 c33c4000
37407 c33c2000
37408 c33c0000
37409 c33be000
37410 c33bc000
37411 c33ba000
37412 c33b8000
37413 c33b6000
37414 c33b4000
37415 c33b2000
37416 c33b0000
37417 c33ae000
37418 c33ac000
37419 c33aa000
37420 c33a8000
37421 c33a6000
37422 c33a4000
37423 c33a2000
37424 c33a0000
37425 c339e000
37426 c339c000
37427 c339a000
37428 c3398000
37429 c3396000
37430 c3394000
37431 c3392000
37432 c3390000
37433 c338e000
37434 c338c000
37435 c338a000
37436 c3388000
37437 c3386000
37438 c3384000
37439 c3382000
37440 c3380000
37441 c337e000
37442 c337c000
37443 c337a000
37444 c3378000
37445 c3376000
37446 c3374000
37447 c3372000
37448 c3370000
37449 c336e000
37450 c336c000
37451 c336a000
37452 c3368000
37453 c3366000
37454 c3364000
37455 c3362000
37456 c3360000
37457 c335e000
37458 c335c000
37459 c335a000
37460 c3358000
37461 c3356000
37462 c3354000
37463 c3352000
37464 c3350000
37465 c334e000
37466 c334c000
37467 c334a000
37468 c3348000
37469 c3346000
37470 c3344000
37471 c3342000
37472 c3340000
37473 c333e000
37474 c333c000
37475 c333a000
37476 c3338000
37477 c3336000
37478 c3334000
37479 c3332000
37480 c3330000
37481 c332e000
37482 c332c000
37483 c332a000
37484 c3328000
37485 c3326000
37486 c3324000
37487 c3322000
37488 c3320000
37489 c331e000
37490 c331c000
37491 c331a000
37492 c3318000
37493 c3316000
37494 c3314000
37495 c3312000
37496 c3310000
37497 c330e000
37498 c330c000
37499 c330a000
37500 c3308000
37501 c3306000
37502 c3304000
37503 c3302000
37504 c3300000
37505 c32fe000
37506 c32fc000
37507 c32fa000
37508 c32f8000
37509 c32f6000
37510 c32f4000
37511 c32f2000
37512 c32f0000
37513 c32ee000
37514 c32ec000
37515 c32ea000
37516 c32e8000
37517 c32e6000
37518 c32e4000
37519 c32e2000
37520 c32e0000
37521 c32de000
37522 c32dc000
37523 c32da000
37524 c32d8000
37525 c32d6000
37526 c32d4000
37527 c32d2000
37528 c32d0000
37529 c32ce000
37530 c32cc000
37531 c32ca000
37532 c32c8000
37533 c32c6000
37534 c32c4000
37535 c32c2000
37536 c32c0000
37537 c32be000
37538 c32bc000
37539 c32ba000
37540 c32b8000
37541 c32b6000
37542 c32b4000
37543 c32b2000
37544 c32b0000
37545 c32ae000
37546 c32ac000
37547 c32aa000
37548 c32a8000
37549 c32a6000
37550 c32a4000
37551 c32a2000
37552 c32a0000
37553 c329e000
37554 c329c000
37555 c329a000
37556 c3298000
37557 c3296000
37558 c3294000
37559 c3292000
37560 c3290000
37561 c328e000
37562 c328c000
37563 c328a000
37564 c3288000
37565 c3286000
37566 c3284000
37567 c3282000
37568 c3280000
37569 c327e000
37570 c327c000
37571 c327a000
37572 c3278000
37573 c3276000
37574 c3274000
37575 c3272000
37576 c3270000
37577 c326e000
37578 c326c000
37579 c326a000
37580 c3268000
37581 c3266000
37582 c3264000
37583 c3262000
37584 c3260000
37585 c325e000
37586 c325c000
37587 c325a000
37588 c3258000
37589 c3256000
37590 c3254000
37591 c3252000
37592 c3250000
37593 c324e000
37594 c324c000
37595 c324a000
37596 c3248000
37597 c3246000
37598 c3244000
37599 c3242000
37600 c3240000
37601 c323e000
37602 c323c000
37603 c323a000
37604 c3238000
37605 c3236000
37606 c3234000
37607 c3232000
37608 c3230000
37609 c322e000
37610 c322c000
37611 c322a000
37612 c3228000
37613 c3226000
37614 c3224000
37615 c3222000
37616 c3220000
37617 c321e000
37618 c321c000
37619 c321a000
37620 c3218000
37621 c3216000
37622 c3214000
37623 c3212000
37624 c3210000
37625 c320e000
37626 c320c000
37627 c320a000
37628 c3208000
37629 c3206000
37630 c3204000
37631 c3202000
37632 c3200000
37633 c31fe000
37634 c31fc000
37635 c31fa000
37636 c31f8000
37637 c31f6000
37638 c31f4000
37639 c31f2000
37640 c31f0000
37641 c31ee000
37642 c31ec000
37643 c31ea000
37644 c31e8000
37645 c31e6000
37646 c31e4000
37647 c31e2000
37648 c31e0000
37649 c31de000
37650 c31dc000
37651 c31da000
37652 c31d8000
37653 c31d6000
37654 c31d4000
37655 c31d2000
37656 c31d0000
37657 c31ce000
37658 c31cc000
37659 c31ca000
37660 c31c8000
37661 c31c6000
37662 c31c4000
37663 c31c2000
37664 c31c0000
37665 c31be000
37666 c31bc000
37667 c31ba000
37668 c31b8000
37669 c31b6000
37670 c31b4000
37671 c31b2000
37672 c31b0000
37673 c31ae000
37674 c31ac000
37675 c31aa000
37676 c31a8000
37677 c31a6000
37678 c31a4000
37679 c31a2000
37680 c31a0000
37681 c319e000
37682 c319c000
37683 c319a000
37684 c3198000
37685 c3196000
37686 c3194000
37687 c3192000
37688 c3190000
37689 c318e000
37690 c318c000
37691 c318a000
37692 c3188000
37693 c3186000
37694 c3184000
37695 c3182000
37696 c3180000
37697 c317e000
37698 c317c000
37699 c317a000
37700 c3178000
37701 c3176000
37702 c3174000
37703 c3172000
37704 c3170000
37705 c316e000
37706 c316c000
37707 c316a000
37708 c3168000
37709 c3166000
37710 c3164000
37711 c3162000
37712 c3160000
37713 c315e000
37714 c315c000
37715 c315a000
37716 c3158000
37717 c3156000
37718 c3154000
37719 c3152000
37720 c3150000
37721 c314e000
37722 c314c000
37723 c314a000
37724 c3148000
37725 c3146000
37726 c3144000
37727 c3142000
37728 c3140000
37729 c313e000
37730 c313c000
37731 c313a000
37732 c3138000
37733 c3136000
37734 c3134000
37735 c3132000
37736 c3130000
37737 c312e000
37738 c312c000
37739 c312a000
37740 c3128000
37741 c3126000
37742 c3124000
37743 c3122000
37744 c3120000
37745 c311e000
37746 c311c000
37747 c311a000
37748 c3118000
37749 c3116000
37750 c3114000
37751 c3112000
37752 c3110000
37753 c310e000
37754 c310c000
37755 c310a000
37756 c3108000
37757 c3106000
37758 c3104000
37759 c3102000
37760 c3100000
37761 c30fe000
37762 c30fc000
37763 c30fa000
37764 c30f8000
37765 c30f6000
37766 c30f4000
37767 c30f2000
37768 c30f0000
37769 c30ee000
37770 c30ec000
37771 c30ea000
37772 c30e8000
37773 c30e6000
37774 c30e4000
37775 c30e2000
37776 c30e0000
37777 c30de000
37778 c30dc000
37779 c30da000
37780 c30d8000
37781 c30d6000
37782 c30d4000
37783 c30d2000
37784 c30d0000
37785 c30ce000
37786 c30cc000
37787 c30ca000
37788 c30c8000
37789 c30c6000
37790 c30c4000
37791 c30c2000
37792 c30c0000
37793 c30be000
37794 c30bc000
37795 c30ba000
37796 c30b8000
37797 c30b6000
37798 c30b4000
37799 c30b2000
37800 c30b0000
37801 c30ae000
37802 c30ac000
37803 c30aa000
37804 c30a8000
37805 c30a6000
37806 c30a4000
37807 c30a2000
37808 c30a0000
37809 c309e000
37810 c309c000
37811 c309a000
37812 c3098000
37813 c3096000
37814 c3094000
37815 c3092000
37816 c3090000
37817 c308e000
37818 c308c000
37819 c308a000
37820 c3088000
37821 c3086000
37822 c3084000
37823 c3082000
37824 c3080000
37825 c307e000
37826 c307c000
37827 c307a000
37828 c3078000
37829 c3076000
37830 c3074000
37831 c3072000
37832 c3070000
37833 c306e000
37834 c306c000
37835 c306a000
37836 c3068000
37837 c3066000
37838 c3064000
37839 c3062000
37840 c3060000
37841 c305e000
37842 c305c000
37843 c305a000
37844 c3058000
37845 c3056000
37846 c3054000
37847 c3052000
37848 c3050000
37849 c304e000
37850 c304c000
37851 c304a000
37852 c3048000
37853 c3046000
37854 c3044000
37855 c3042000
37856 c3040000
37857 c303e000
37858 c303c000
37859 c303a000
37860 c3038000
37861 c3036000
37862 c3034000
37863 c3032000
37864 c3030000
37865 c302e000
37866 c302c000
37867 c302a000
37868 c3028000
37869 c3026000
37870 c3024000
37871 c3022000
37872 c3020000
37873 c301e000
37874 c301c000
37875 c301a000
37876 c3018000
37877 c3016000
37878 c3014000
37879 c3012000
37880 c3010000
37881 c300e000
37882 c300c000
37883 c300a000
37884 c3008000
37885 c3006000
37886 c3004000
37887 c3002000
37888 c3000000
37889 c2ffe000
37890 c2ffc000
37891 c2ffa000
37892 c2ff8000
37893 c2ff6000
37894 c2ff4000
37895 c2ff2000
37896 c2ff0000
37897 c2fee000
37898 c2fec000
37899 c2fea000
37900 c2fe8000
37901 c2fe6000
37902 c2fe4000
37903 c2fe2000
37904 c2fe0000
37905 c2fde000
37906 c2fdc000
37907 c2fda000
37908 c2fd8000
37909 c2fd6000
37910 c2fd4000
37911 c2fd2000
37912 c2fd0000
37913 c2fce000
37914 c2fcc000
37915 c2fca000
37916 c2fc8000
37917 c2fc6000
37918 c2fc4000
37919 c2fc2000
37920 c2fc0000
37921 c2fbe000
37922 c2fbc000
37923 c2fba000
37924 c2fb8000
37925 c2fb6000
37926 c2fb4000
37927 c2fb2000
37928 c2fb0000
37929 c2fae000
37930 c2fac000
37931 c2faa000
37932 c2fa8000
37933 c2fa6000
37934 c2fa4000
37935 c2fa2000
37936 c2fa0000
37937 c2f9e000
37938 c2f9c000
37939 c2f9a000
37940 c2f98000
37941 c2f96000
37942 c2f94000
37943 c2f92000
37944 c2f90000
37945 c2f8e000
37946 c2f8c000
37947 c2f8a000
37948 c2f88000
37949 c2f86000
37950 c2f84000
37951 c2f82000
37952 c2f80000
37953 c2f7e000
37954 c2f7c000
37955 c2f7a000
37956 c2f78000
37957 c2f76000
37958 c2f74000
37959 c2f72000
37960 c2f70000
37961 c2f6e000
37962 c2f6c000
37963 c2f6a000
37964 c2f68000
37965 c2f66000
37966 c2f64000
37967 c2f62000
37968 c2f60000
37969 c2f5e000
37970 c2f5c000
37971 c2f5a000
37972 c2f58000
37973 c2f56000
37974 c2f54000
37975 c2f52000
37976 c2f50000
37977 c2f4e000
37978 c2f4c000
37979 c2f4a000
37980 c2f48000
37981 c2f46000
37982 c2f44000
37983 c2f42000
37984 c2f40000
37985 c2f3e000
37986 c2f3c000
37987 c2f3a000
37988 c2f38000
37989 c2f36000
37990 c2f34000
37991 c2f32000
37992 c2f30000
37993 c2f2e000
37994 c2f2c000
37995 c2f2a000
37996 c2f28000
37997 c2f26000
37998 c2f24000
37999 c2f22000
38000 c2f20000
38001 c2f1e000
38002 c2f1c000
38003 c2f1a000
38004 c2f18000
38005 c2f16000
38006 c2f14000
38007 c2f12000
38008 c2f10000
38009 c2f0e000
38010 c2f0c000
38011 c2f0a000
38012 c2f08000
38013 c2f06000
38014 c2f04000
38015 c2f02000
38016 c2f00000
38017 c2efe000
38018 c2efc000
38019 c2efa000
38020 c2ef8000
38021 c2ef6000
38022 c2ef4000
38023 c2ef2000
38024 c2ef0000
38025 c2eee000
38026 c2eec000
38027 c2eea000
38028 c2ee8000
38029 c2ee6000
38030 c2ee4000
38031 c2ee2000
38032 c2ee0000
38033 c2ede000
38034 c2edc000
38035 c2eda000
38036 c2ed8000
38037 c2ed6000
38038 c2ed4000
38039 c2ed2000
38040 c2ed0000
38041 c2ece000
38042 c2ecc000
38043 c2eca000
38044 c2ec8000
38045 c2ec6000
38046 c2ec4000
38047 c2ec2000
38048 c2ec0000
38049 c2ebe000
38050 c2ebc000
38051 c2eba000
38052 c2eb8000
38053 c2eb6000
38054 c2eb4000
38055 c2eb2000
38056 c2eb0000
38057 c2eae000
38058 c2eac000
38059 c2eaa000
38060 c2ea8000
38061 c2ea6000
38062 c2ea4000
38063 c2ea2000
38064 c2ea0000
38065 c2e9e000
38066 c2e9c000
38067 c2e9a000
38068 c2e98000
38069 c2e96000
38070 c2e94000
38071 c2e92000
38072 c2e90000
38073 c2e8e000
38074 c2e8c000
38075 c2e8a000
38076 c2e88000
38077 c2e86000
38078 c2e84000
38079 c2e82000
38080 c2e80000
38081 c2e7e000
38082 c2e7c000
38083 c2e7a000
38084 c2e78000
38085 c2e76000
38086 c2e74000
38087 c2e72000
38088 c2e70000
38089 c2e6e000
38090 c2e6c000
38091 c2e6a000
38092 c2e68000
38093 c2e66000
38094 c2e64000
38095 c2e62000
38096 c2e60000
38097 c2e5e000
38098 c2e5c000
38099 c2e5a000
38100 c2e58000
38101 c2e56000
38102 c2e54000
38103 c2e52000
38104 c2e50000
38105 c2e4e000
38106 c2e4c000
38107 c2e4a000
38108 c2e48000
38109 c2e46000
38110 c2e44000
38111 c2e42000
38112 c2e40000
38113 c2e3e000
38114 c2e3c000
38115 c2e3a000
38116 c2e38000
38117 c2e36000
38118 c2e34000
38119 c2e32000
38120 c2e30000
38121 c2e2e000
38122 c2e2c000
38123 c2e2a000
38124 c2e28000
38125 c2e26000
38126 c2e24000
38127 c2e22000
38128 c2e20000
38129 c2e1e000
38130 c2e1c000
38131 c2e1a000
38132 c2e18000
38133 c2e16000
38134 c2e14000
38135 c2e12000
38136 c2e10000
38137 c2e0e000
38138 c2e0c000
38139 c2e0a000
38140 c2e08000
38141 c2e06000
38142 c2e04000
38143 c2e02000
38144 c2e00000
38145 c2dfe000
38146 c2dfc000
38147 c2dfa000
38148 c2df8000
38149 c2df6000
38150 c2df4000
38151 c2df2000
38152 c2df0000
38153 c2dee000
38154 c2dec000
38155 c2dea000
38156 c2de8000
38157 c2de6000
38158 c2de4000
38159 c2de2000
38160 c2de0000
38161 c2dde000
38162 c2ddc000
38163 c2dda000
38164 c2dd8000
38165 c2dd6000
38166 c2dd4000
38167 c2dd2000
38168 c2dd0000
38169 c2dce000
38170 c2dcc000
38171 c2dca000
38172 c2dc8000
38173 c2dc6000
38174 c2dc4000
38175 c2dc2000
38176 c2dc0000
38177 c2dbe000
38178 c2dbc000
38179 c2dba000
38180 c2db8000
38181 c2db6000
38182 c2db4000
38183 c2db2000
38184 c2db0000
38185 c2dae000
38186 c2dac000
38187 c2daa000
38188 c2da8000
38189 c2da6000
38190 c2da4000
38191 c2da2000
38192 c2da0000
38193 c2d9e000
38194 c2d9c000
38195 c2d9a000
38196 c2d98000
38197 c2d96000
38198 c2d94000
38199 c2d92000
38200 c2d90000
38201 c2d8e000
38202 c2d8c000
38203 c2d8a000
38204 c2d88000
38205 c2d86000
38206 c2d84000
38207 c2d82000
38208 c2d80000
38209 c2d7e000
38210 c2d7c000
38211 c2d7a000
38212 c2d78000
38213 c2d76000
38214 c2d74000
38215 c2d72000
38216 c2d70000
38217 c2d6e000
38218 c2d6c000
38219 c2d6a000
38220 c2d68000
38221 c2d66000
38222 c2d64000
38223 c2d62000
38224 c2d60000
38225 c2d5e000
38226 c2d5c000
38227 c2d5a000
38228 c2d58000
38229 c2d56000
38230 c2d54000
38231 c2d52000
38232 c2d50000
38233 c2d4e000
38234 c2d4c000
38235 c2d4a000
38236 c2d48000
38237 c2d46000
38238 c2d44000
38239 c2d42000
38240 c2d40000
38241 c2d3e000
38242 c2d3c000
38243 c2d3a000
38244 c2d38000
38245 c2d36000
38246 c2d34000
38247 c2d32000
38248 c2d30000
38249 c2d2e000
38250 c2d2c000
38251 c2d2a000
38252 c2d28000
38253 c2d26000
38254 c2d24000
38255 c2d22000
38256 c2d20000
38257 c2d1e000
38258 c2d1c000
38259 c2d1a000
38260 c2d18000
38261 c2d16000
38262 c2d14000
38263 c2d12000
38264 c2d10000
38265 c2d0e000
38266 c2d0c000
38267 c2d0a000
38268 c2d08000
38269 c2d06000
38270 c2d04000
38271 c2d02000
38272 c2d00000
38273 c2cfe000
38274 c2cfc000
38275 c2cfa000
38276 c2cf8000
38277 c2cf6000
38278 c2cf4000
38279 c2cf2000
38280 c2cf0000
38281 c2cee000
38282 c2cec000
38283 c2cea000
38284 c2ce8000
38285 c2ce6000
38286 c2ce4000
38287 c2ce2000
38288 c2ce0000
38289 c2cde000
38290 c2cdc000
38291 c2cda000
38292 c2cd8000
38293 c2cd6000
38294 c2cd4000
38295 c2cd2000
38296 c2cd0000
38297 c2cce000
38298 c2ccc000
38299 c2cca000
38300 c2cc8000
38301 c2cc6000
38302 c2cc4000
38303 c2cc2000
38304 c2cc0000
38305 c2cbe000
38306 c2cbc000
38307 c2cba000
38308 c2cb8000
38309 c2cb6000
38310 c2cb4000
38311 c2cb2000
38312 c2cb0000
38313 c2cae000
38314 c2cac000
38315 c2caa000
38316 c2ca8000
38317 c2ca6000
38318 c2ca4000
38319 c2ca2000
38320 c2ca0000
38321 c2c9e000
38322 c2c9c000
38323 c2c9a000
38324 c2c98000
38325 c2c96000
38326 c2c94000
38327 c2c92000
38328 c2c90000
38329 c2c8e000
38330 c2c8c000
38331 c2c8a000
38332 c2c88000
38333 c2c86000
38334 c2c84000
38335 c2c82000
38336 c2c80000
38337 c2c7e000
38338 c2c7c000
38339 c2c7a000
38340 c2c78000
38341 c2c76000
38342 c2c74000
38343 c2c72000
38344 c2c70000
38345 c2c6e000
38346 c2c6c000
38347 c2c6a000
38348 c2c68000
38349 c2c66000
38350 c2c64000
38351 c2c62000
38352 c2c60000
38353 c2c5e000
38354 c2c5c000
38355 c2c5a000
38356 c2c58000
38357 c2c56000
38358 c2c54000
38359 c2c52000
38360 c2c50000
38361 c2c4e000
38362 c2c4c000
38363 c2c4a000
38364 c2c48000
38365 c2c46000
38366 c2c44000
38367 c2c42000
38368 c2c40000
38369 c2c3e000
38370 c2c3c000
38371 c2c3a000
38372 c2c38000
38373 c2c36000
38374 c2c34000
38375 c2c32000
38376 c2c30000
38377 c2c2e000
38378 c2c2c000
38379 c2c2a000
38380 c2c28000
38381 c2c26000
38382 c2c24000
38383 c2c22000
38384 c2c20000
38385 c2c1e000
38386 c2c1c000
38387 c2c1a000
38388 c2c18000
38389 c2c16000
38390 c2c14000
38391 c2c12000
38392 c2c10000
38393 c2c0e000
38394 c2c0c000
38395 c2c0a000
38396 c2c08000
38397 c2c06000
38398 c2c04000
38399 c2c02000
38400 c2c00000
38401 c2bfe000
38402 c2bfc000
38403 c2bfa000
38404 c2bf8000
38405 c2bf6000
38406 c2bf4000
38407 c2bf2000
38408 c2bf0000
38409 c2bee000
38410 c2bec000
38411 c2bea000
38412 c2be8000
38413 c2be6000
38414 c2be4000
38415 c2be2000
38416 c2be0000
38417 c2bde000
38418 c2bdc000
38419 c2bda000
38420 c2bd8000
38421 c2bd6000
38422 c2bd4000
38423 c2bd2000
38424 c2bd0000
38425 c2bce000
38426 c2bcc000
38427 c2bca000
38428 c2bc8000
38429 c2bc6000
38430 c2bc4000
38431 c2bc2000
38432 c2bc0000
38433 c2bbe000
38434 c2bbc000
38435 c2bba000
38436 c2bb8000
38437 c2bb6000
38438 c2bb4000
38439 c2bb2000
38440 c2bb0000
38441 c2bae000
38442 c2bac000
38443 c2baa000
38444 c2ba8000
38445 c2ba6000
38446 c2ba4000
38447 c2ba2000
38448 c2ba0000
38449 c2b9e000
38450 c2b9c000
38451 c2b9a000
38452 c2b98000
38453 c2b96000
38454 c2b94000
38455 c2b92000
38456 c2b90000
38457 c2b8e000
38458 c2b8c000
38459 c2b8a000
38460 c2b88000
38461 c2b86000
38462 c2b84000
38463 c2b82000
38464 c2b80000
38465 c2b7e000
38466 c2b7c000
38467 c2b7a000
38468 c2b78000
38469 c2b76000
38470 c2b74000
38471 c2b72000
38472 c2b70000
38473 c2b6e000
38474 c2b6c000
38475 c2b6a000
38476 c2b68000
38477 c2b66000
38478 c2b64000
38479 c2b62000
38480 c2b60000
38481 c2b5e000
38482 c2b5c000
38483 c2b5a000
38484 c2b58000
38485 c2b56000
38486 c2b54000
38487 c2b52000
38488 c2b50000
38489 c2b4e000
38490 c2b4c000
38491 c2b4a000
38492 c2b48000
38493 c2b46000
38494 c2b44000
38495 c2b42000
38496 c2b40000
38497 c2b3e000
38498 c2b3c000
38499 c2b3a000
38500 c2b38000
38501 c2b36000
38502 c2b34000
38503 c2b32000
38504 c2b30000
38505 c2b2e000
38506 c2b2c000
38507 c2b2a000
38508 c2b28000
38509 c2b26000
38510 c2b24000
38511 c2b22000
38512 c2b20000
38513 c2b1e000
38514 c2b1c000
38515 c2b1a000
38516 c2b18000
38517 c2b16000
38518 c2b14000
38519 c2b12000
38520 c2b10000
38521 c2b0e000
38522 c2b0c000
38523 c2b0a000
38524 c2b08000
38525 c2b06000
38526 c2b04000
38527 c2b02000
38528 c2b00000
38529 c2afe000
38530 c2afc000
38531 c2afa000
38532 c2af8000
38533 c2af6000
38534 c2af4000
38535 c2af2000
38536 c2af0000
38537 c2aee000
38538 c2aec000
38539 c2aea000
38540 c2ae8000
38541 c2ae6000
38542 c2ae4000
38543 c2ae2000
38544 c2ae0000
38545 c2ade000
38546 c2adc000
38547 c2ada000
38548 c2ad8000
38549 c2ad6000
38550 c2ad4000
38551 c2ad2000
38552 c2ad0000
38553 c2ace000
38554 c2acc000
38555 c2aca000
38556 c2ac8000
38557 c2ac6000
38558 c2ac4000
38559 c2ac2000
38560 c2ac0000
38561 c2abe000
38562 c2abc000
38563 c2aba000
38564 c2ab8000
38565 c2ab6000
38566 c2ab4000
38567 c2ab2000
38568 c2ab0000
38569 c2aae000
38570 c2aac000
38571 c2aaa000
38572 c2aa8000
38573 c2aa6000
38574 c2aa4000
38575 c2aa2000
38576 c2aa0000
38577 c2a9e000
38578 c2a9c000
38579 c2a9a000
38580 c2a98000
38581 c2a96000
38582 c2a94000
38583 c2a92000
38584 c2a90000
38585 c2a8e000
38586 c2a8c000
38587 c2a8a000
38588 c2a88000
38589 c2a86000
38590 c2a84000
38591 c2a82000
38592 c2a80000
38593 c2a7e000
38594 c2a7c000
38595 c2a7a000
38596 c2a78000
38597 c2a76000
38598 c2a74000
38599 c2a72000
38600 c2a70000
38601 c2a6e000
38602 c2a6c000
38603 c2a6a000
38604 c2a68000
38605 c2a66000
38606 c2a64000
38607 c2a62000
38608 c2a60000
38609 c2a5e000
38610 c2a5c000
38611 c2a5a000
38612 c2a58000
38613 c2a56000
38614 c2a54000
38615 c2a52000
38616 c2a50000
38617 c2a4e000
38618 c2a4c000
38619 c2a4a000
38620 c2a48000
38621 c2a46000
38622 c2a44000
38623 c2a42000
38624 c2a40000
38625 c2a3e000
38626 c2a3c000
38627 c2a3a000
38628 c2a38000
38629 c2a36000
38630 c2a34000
38631 c2a32000
38632 c2a30000
38633 c2a2e000
38634 c2a2c000
38635 c2a2a000
38636 c2a28000
38637 c2a26000
38638 c2a24000
38639 c2a22000
38640 c2a20000
38641 c2a1e000
38642 c2a1c000
38643 c2a1a000
38644 c2a18000
38645 c2a16000
38646 c2a14000
38647 c2a12000
38648 c2a10000
38649 c2a0e000
38650 c2a0c000
38651 c2a0a000
38652 c2a08000
38653 c2a06000
38654 c2a04000
38655 c2a02000
38656 c2a00000
38657 c29fe000
38658 c29fc000
38659 c29fa000
38660 c29f8000
38661 c29f6000
38662 c29f4000
38663 c29f2000
38664 c29f0000
38665 c29ee000
38666 c29ec000
38667 c29ea000
38668 c29e8000
38669 c29e6000
38670 c29e4000
38671 c29e2000
38672 c29e0000
38673 c29de000
38674 c29dc000
38675 c29da000
38676 c29d8000
38677 c29d6000
38678 c29d4000
38679 c29d2000
38680 c29d0000
38681 c29ce000
38682 c29cc000
38683 c29ca000
38684 c29c8000
38685 c29c6000
38686 c29c4000
38687 c29c2000
38688 c29c0000
38689 c29be000
38690 c29bc000
38691 c29ba000
38692 c29b8000
38693 c29b6000
38694 c29b4000
38695 c29b2000
38696 c29b0000
38697 c29ae000
38698 c29ac000
38699 c29aa000
38700 c29a8000
38701 c29a6000
38702 c29a4000
38703 c29a2000
38704 c29a0000
38705 c299e000
38706 c299c000
38707 c299a000
38708 c2998000
38709 c2996000
38710 c2994000
38711 c2992000
38712 c2990000
38713 c298e000
38714 c298c000
38715 c298a000
38716 c2988000
38717 c2986000
38718 c2984000
38719 c2982000
38720 c2980000
38721 c297e000
38722 c297c000
38723 c297a000
38724 c2978000
38725 c2976000
38726 c2974000
38727 c2972000
38728 c2970000
38729 c296e000
38730 c296c000
38731 c296a000
38732 c2968000
38733 c2966000
38734 c2964000
38735 c2962000
38736 c2960000
38737 c295e000
38738 c295c000
38739 c295a000
38740 c2958000
38741 c2956000
38742 c2954000
38743 c2952000
38744 c2950000
38745 c294e000
38746 c294c000
38747 c294a000
38748 c2948000
38749 c2946000
38750 c2944000
38751 c2942000
38752 c2940000
38753 c293e000
38754 c293c000
38755 c293a000
38756 c2938000
38757 c2936000
38758 c2934000
38759 c2932000
38760 c2930000
38761 c292e000
38762 c292c000
38763 c292a000
38764 c2928000
38765 c2926000
38766 c2924000
38767 c2922000
38768 c2920000
38769 c291e000
38770 c291c000
38771 c291a000
38772 c2918000
38773 c2916000
38774 c2914000
38775 c2912000
38776 c2910000
38777 c290e000
38778 c290c000
38779 c290a000
38780 c2908000
38781 c2906000
38782 c2904000
38783 c2902000
38784 c2900000
38785 c28fe000
38786 c28fc000
38787 c28fa000
38788 c28f8000
38789 c28f6000
38790 c28f4000
38791 c28f2000
38792 c28f0000
38793 c28ee000
38794 c28ec000
38795 c28ea000
38796 c28e8000
38797 c28e6000
38798 c28e4000
38799 c28e2000
38800 c28e0000
38801 c28de000
38802 c28dc000
38803 c28da000
38804 c28d8000
38805 c28d6000
38806 c28d4000
38807 c28d2000
38808 c28d0000
38809 c28ce000
38810 c28cc000
38811 c28ca000
38812 c28c8000
38813 c28c6000
38814 c28c4000
38815 c28c2000
38816 c28c0000
38817 c28be000
38818 c28bc000
38819 c28ba000
38820 c28b8000
38821 c28b6000
38822 c28b4000
38823 c28b2000
38824 c28b0000
38825 c28ae000
38826 c28ac000
38827 c28aa000
38828 c28a8000
38829 c28a6000
38830 c28a4000
38831 c28a2000
38832 c28a0000
38833 c289e000
38834 c289c000
38835 c289a000
38836 c2898000
38837 c2896000
38838 c2894000
38839 c2892000
38840 c2890000
38841 c288e000
38842 c288c000
38843 c288a000
38844 c2888000
38845 c2886000
38846 c2884000
38847 c2882000
38848 c2880000
38849 c287e000
38850 c287c000
38851 c287a000
38852 c2878000
38853 c2876000
38854 c2874000
38855 c2872000
38856 c2870000
38857 c286e000
38858 c286c000
38859 c286a000
38860 c2868000
38861 c2866000
38862 c2864000
38863 c2862000
38864 c2860000
38865 c285e000
38866 c285c000
38867 c285a000
38868 c2858000
38869 c2856000
38870 c2854000
38871 c2852000
38872 c2850000
38873 c284e000
38874 c284c000
38875 c284a000
38876 c2848000
38877 c2846000
38878 c2844000
38879 c2842000
38880 c2840000
38881 c283e000
38882 c283c000
38883 c283a000
38884 c2838000
38885 c2836000
38886 c2834000
38887 c2832000
38888 c2830000
38889 c282e000
38890 c282c000
38891 c282a000
38892 c2828000
38893 c2826000
38894 c2824000
38895 c2822000
38896 c2820000
38897 c281e000
38898 c281c000
38899 c281a000
38900 c2818000
38901 c2816000
38902 c2814000
38903 c2812000
38904 c2810000
38905 c280e000
38906 c280c000
38907 c280a000
38908 c2808000
38909 c2806000
38910 c2804000
38911 c2802000
38912 c2800000
38913 c27fe000
38914 c27fc000
38915 c27fa000
38916 c27f8000
38917 c27f6000
38918 c27f4000
38919 c27f2000
38920 c27f0000
38921 c27ee000
38922 c27ec000
38923 c27ea000
38924 c27e8000
38925 c27e6000
38926 c27e4000
38927 c27e2000
38928 c27e0000
38929 c27de000
38930 c27dc000
38931 c27da000
38932 c27d8000
38933 c27d6000
38934 c27d4000
38935 c27d2000
38936 c27d0000
38937 c27ce000
38938 c27cc000
38939 c27ca000
38940 c27c8000
38941 c27c6000
38942 c27c4000
38943 c27c2000
38944 c27c0000
38945 c27be000
38946 c27bc000
38947 c27ba000
38948 c27b8000
38949 c27b6000
38950 c27b4000
38951 c27b2000
38952 c27b0000
38953 c27ae000
38954 c27ac000
38955 c27aa000
38956 c27a8000
38957 c27a6000
38958 c27a4000
38959 c27a2000
38960 c27a0000
38961 c279e000
38962 c279c000
38963 c279a000
38964 c2798000
38965 c2796000
38966 c2794000
38967 c2792000
38968 c2790000
38969 c278e000
38970 c278c000
38971 c278a000
38972 c2788000
38973 c2786000
38974 c2784000
38975 c2782000
38976 c2780000
38977 c277e000
38978 c277c000
38979 c277a000
38980 c2778000
38981 c2776000
38982 c2774000
38983 c2772000
38984 c2770000
38985 c276e000
38986 c276c000
38987 c276a000
38988 c2768000
38989 c2766000
38990 c2764000
38991 c2762000
38992 c2760000
38993 c275e000
38994 c275c000
38995 c275a000
38996 c2758000
38997 c2756000
38998 c2754000
38999 c2752000
39000 c2750000
39001 c274e000
39002 c274c000
39003 c274a000
39004 c2748000
39005 c2746000
39006 c2744000
39007 c2742000
39008 c2740000
39009 c273e000
39010 c273c000
39011 c273a000
39012 c2738000
39013 c2736000
39014 c2734000
39015 c2732000
39016 c2730000
39017 c272e000
39018 c272c000
39019 c272a000
39020 c2728000
39021 c2726000
39022 c2724000
39023 c2722000
39024 c2720000
39025 c271e000
39026 c271c000
39027 c271a000
39028 c2718000
39029 c2716000
39030 c2714000
39031 c2712000
39032 c2710000
39033 c270e000
39034 c270c000
39035 c270a000
39036 c2708000
39037 c2706000
39038 c2704000
39039 c2702000
39040 c2700000
39041 c26fe000
39042 c26fc000
39043 c26fa000
39044 c26f8000
39045 c26f6000
39046 c26f4000
39047 c26f2000
39048 c26f0000
39049 c26ee000
39050 c26ec000
39051 c26ea000
39052 c26e8000
39053 c26e6000
39054 c26e4000
39055 c26e2000
39056 c26e0000
39057 c26de000
39058 c26dc000
39059 c26da000
39060 c26d8000
39061 c26d6000
39062 c26d4000
39063 c26d2000
39064 c26d0000
39065 c26ce000
39066 c26cc000
39067 c26ca000
39068 c26c8000
39069 c26c6000
39070 c26c4000
39071 c26c2000
39072 c26c0000
39073 c26be000
39074 c26bc000
39075 c26ba000
39076 c26b8000
39077 c26b6000
39078 c26b4000
39079 c26b2000
39080 c26b0000
39081 c26ae000
39082 c26ac000
39083 c26aa000
39084 c26a8000
39085 c26a6000
39086 c26a4000
39087 c26a2000
39088 c26a0000
39089 c269e000
39090 c269c000
39091 c269a000
39092 c2698000
39093 c2696000
39094 c2694000
39095 c2692000
39096 c2690000
39097 c268e000
39098 c268c000
39099 c268a000
39100 c2688000
39101 c2686000
39102 c2684000
39103 c2682000
39104 c2680000
39105 c267e000
39106 c267c000
39107 c267a000
39108 c2678000
39109 c2676000
39110 c2674000
39111 c2672000
39112 c2670000
39113 c266e000
39114 c266c000
39115 c266a000
39116 c2668000
39117 c2666000
39118 c2664000
39119 c2662000
39120 c2660000
39121 c265e000
39122 c265c000
39123 c265a000
39124 c2658000
39125 c2656000
39126 c2654000
39127 c2652000
39128 c2650000
39129 c264e000
39130 c264c000
39131 c264a000
39132 c2648000
39133 c2646000
39134 c2644000
39135 c2642000
39136 c2640000
39137 c263e000
39138 c263c000
39139 c263a000
39140 c2638000
39141 c2636000
39142 c2634000
39143 c2632000
39144 c2630000
39145 c262e000
39146 c262c000
39147 c262a000
39148 c2628000
39149 c2626000
39150 c2624000
39151 c2622000
39152 c2620000
39153 c261e000
39154 c261c000
39155 c261a000
39156 c2618000
39157 c2616000
39158 c2614000
39159 c2612000
39160 c2610000
39161 c260e000
39162 c260c000
39163 c260a000
39164 c2608000
39165 c2606000
39166 c2604000
39167 c2602000
39168 c2600000
39169 c25fe000
39170 c25fc000
39171 c25fa000
39172 c25f8000
39173 c25f6000
39174 c25f4000
39175 c25f2000
39176 c25f0000
39177 c25ee000
39178 c25ec000
39179 c25ea000
39180 c25e8000
39181 c25e6000
39182 c25e4000
39183 c25e2000
39184 c25e0000
39185 c25de000
39186 c25dc000
39187 c25da000
39188 c25d8000
39189 c25d6000
39190 c25d4000
39191 c25d2000
39192 c25d0000
39193 c25ce000
39194 c25cc000
39195 c25ca000
39196 c25c8000
39197 c25c6000
39198 c25c4000
39199 c25c2000
39200 c25c0000
39201 c25be000
39202 c25bc000
39203 c25ba000
39204 c25b8000
39205 c25b6000
39206 c25b4000
39207 c25b2000
39208 c25b0000
39209 c25ae000
39210 c25ac000
39211 c25aa000
39212 c25a8000
39213 c25a6000
39214 c25a4000
39215 c25a2000
39216 c25a0000
39217 c259e000
39218 c259c000
39219 c259a000
39220 c2598000
39221 c2596000
39222 c2594000
39223 c2592000
39224 c2590000
39225 c258e000
39226 c258c000
39227 c258a000
39228 c2588000
39229 c2586000
39230 c2584000
39231 c2582000
39232 c2580000
39233 c257e000
39234 c257c000
39235 c257a000
39236 c2578000
39237 c2576000
39238 c2574000
39239 c2572000
39240 c2570000
39241 c256e000
39242 c256c000
39243 c256a000
39244 c2568000
39245 c2566000
39246 c2564000
39247 c2562000
39248 c2560000
39249 c255e000
39250 c255c000
39251 c255a000
39252 c2558000
39253 c2556000
39254 c2554000
39255 c2552000
39256 c2550000
39257 c254e000
39258 c254c000
39259 c254a000
39260 c2548000
39261 c2546000
39262 c2544000
39263 c2542000
39264 c2540000
39265 c253e000
39266 c253c000
39267 c253a000
39268 c2538000
39269 c2536000
39270 c2534000
39271 c2532000
39272 c2530000
39273 c252e000
39274 c252c000
39275 c252a000
39276 c2528000
39277 c2526000
39278 c2524000
39279 c2522000
39280 c2520000
39281 c251e000
39282 c251c000
39283 c251a000
39284 c2518000
39285 c2516000
39286 c2514000
39287 c2512000
39288 c2510000
39289 c250e000
39290 c250c000
39291 c250a000
39292 c2508000
39293 c2506000
39294 c2504000
39295 c2502000
39296 c2500000
39297 c24fe000
39298 c24fc000
39299 c24fa000
39300 c24f8000
39301 c24f6000
39302 c24f4000
39303 c24f2000
39304 c24f0000
39305 c24ee000
39306 c24ec000
39307 c24ea000
39308 c24e8000
39309 c24e6000
39310 c24e4000
39311 c24e2000
39312 c24e0000
39313 c24de000
39314 c24dc000
39315 c24da000
39316 c24d8000
39317 c24d6000
39318 c24d4000
39319 c24d2000
39320 c24d0000
39321 c24ce000
39322 c24cc000
39323 c24ca000
39324 c24c8000
39325 c24c6000
39326 c24c4000
39327 c24c2000
39328 c24c0000
39329 c24be000
39330 c24bc000
39331 c24ba000
39332 c24b8000
39333 c24b6000
39334 c24b4000
39335 c24b2000
39336 c24b0000
39337 c24ae000
39338 c24ac000
39339 c24aa000
39340 c24a8000
39341 c24a6000
39342 c24a4000
39343 c24a2000
39344 c24a0000
39345 c249e000
39346 c249c000
39347 c249a000
39348 c2498000
39349 c2496000
39350 c2494000
39351 c2492000
39352 c2490000
39353 c248e000
39354 c248c000
39355 c248a000
39356 c2488000
39357 c2486000
39358 c2484000
39359 c2482000
39360 c2480000
39361 c247e000
39362 c247c000
39363 c247a000
39364 c2478000
39365 c2476000
39366 c2474000
39367 c2472000
39368 c2470000
39369 c246e000
39370 c246c000
39371 c246a000
39372 c2468000
39373 c2466000
39374 c2464000
39375 c2462000
39376 c2460000
39377 c245e000
39378 c245c000
39379 c245a000
39380 c2458000
39381 c2456000
39382 c2454000
39383 c2452000
39384 c2450000
39385 c244e000
39386 c244c000
39387 c244a000
39388 c2448000
39389 c2446000
39390 c2444000
39391 c2442000
39392 c2440000
39393 c243e000
39394 c243c000
39395 c243a000
39396 c2438000
39397 c2436000
39398 c2434000
39399 c2432000
39400 c2430000
39401 c242e000
39402 c242c000
39403 c242a000
39404 c2428000
39405 c2426000
39406 c2424000
39407 c2422000
39408 c2420000
39409 c241e000
39410 c241c000
39411 c241a000
39412 c2418000
39413 c2416000
39414 c2414000
39415 c2412000
39416 c2410000
39417 c240e000
39418 c240c000
39419 c240a000
39420 c2408000
39421 c2406000
39422 c2404000
39423 c2402000
39424 c2400000
39425 c23fe000
39426 c23fc000
39427 c23fa000
39428 c23f8000
39429 c23f6000
39430 c23f4000
39431 c23f2000
39432 c23f0000
39433 c23ee000
39434 c23ec000
39435 c23ea000
39436 c23e8000
39437 c23e6000
39438 c23e4000
39439 c23e2000
39440 c23e0000
39441 c23de000
39442 c23dc000
39443 c23da000
39444 c23d8000
39445 c23d6000
39446 c23d4000
39447 c23d2000
39448 c23d0000
39449 c23ce000
39450 c23cc000
39451 c23ca000
39452 c23c8000
39453 c23c6000
39454 c23c4000
39455 c23c2000
39456 c23c0000
39457 c23be000
39458 c23bc000
39459 c23ba000
39460 c23b8000
39461 c23b6000
39462 c23b4000
39463 c23b2000
39464 c23b0000
39465 c23ae000
39466 c23ac000
39467 c23aa000
39468 c23a8000
39469 c23a6000
39470 c23a4000
39471 c23a2000
39472 c23a0000
39473 c239e000
39474 c239c000
39475 c239a000
39476 c2398000
39477 c2396000
39478 c2394000
39479 c2392000
39480 c2390000
39481 c238e000
39482 c238c000
39483 c238a000
39484 c2388000
39485 c2386000
39486 c2384000
39487 c2382000
39488 c2380000
39489 c237e000
39490 c237c000
39491 c237a000
39492 c2378000
39493 c2376000
39494 c2374000
39495 c2372000
39496 c2370000
39497 c236e000
39498 c236c000
39499 c236a000
39500 c2368000
39501 c2366000
39502 c2364000
39503 c2362000
39504 c2360000
39505 c235e000
39506 c235c000
39507 c235a000
39508 c2358000
39509 c2356000
39510 c2354000
39511 c2352000
39512 c2350000
39513 c234e000
39514 c234c000
39515 c234a000
39516 c2348000
39517 c2346000
39518 c2344000
39519 c2342000
39520 c2340000
39521 c233e000
39522 c233c000
39523 c233a000
39524 c2338000
39525 c2336000
39526 c2334000
39527 c2332000
39528 c2330000
39529 c232e000
39530 c232c000
39531 c232a000
39532 c2328000
39533 c2326000
39534 c2324000
39535 c2322000
39536 c2320000
39537 c231e000
39538 c231c000
39539 c231a000
39540 c2318000
39541 c2316000
39542 c2314000
39543 c2312000
39544 c2310000
39545 c230e000
39546 c230c000
39547 c230a000
39548 c2308000
39549 c2306000
39550 c2304000
39551 c2302000
39552 c2300000
39553 c22fe000
39554 c22fc000
39555 c22fa000
39556 c22f8000
39557 c22f6000
39558 c22f4000
39559 c22f2000
39560 c22f0000
39561 c22ee000
39562 c22ec000
39563 c22ea000
39564 c22e8000
39565 c22e6000
39566 c22e4000
39567 c22e2000
39568 c22e0000
39569 c22de000
39570 c22dc000
39571 c22da000
39572 c22d8000
39573 c22d6000
39574 c22d4000
39575 c22d2000
39576 c22d0000
39577 c22ce000
39578 c22cc000
39579 c22ca000
39580 c22c8000
39581 c22c6000
39582 c22c4000
39583 c22c2000
39584 c22c0000
39585 c22be000
39586 c22bc000
39587 c22ba000
39588 c22b8000
39589 c22b6000
39590 c22b4000
39591 c22b2000
39592 c22b0000
39593 c22ae000
39594 c22ac000
39595 c22aa000
39596 c22a8000
39597 c22a6000
39598 c22a4000
39599 c22a2000
39600 c22a0000
39601 c229e000
39602 c229c000
39603 c229a000
39604 c2298000
39605 c2296000
39606 c2294000
39607 c2292000
39608 c2290000
39609 c228e000
39610 c228c000
39611 c228a000
39612 c2288000
39613 c2286000
39614 c2284000
39615 c2282000
39616 c2280000
39617 c227e000
39618 c227c000
39619 c227a000
39620 c2278000
39621 c2276000
39622 c2274000
39623 c2272000
39624 c2270000
39625 c226e000
39626 c226c000
39627 c226a000
39628 c2268000
39629 c2266000
39630 c2264000
39631 c2262000
39632 c2260000
39633 c225e000
39634 c225c000
39635 c225a000
39636 c2258000
39637 c2256000
39638 c2254000
39639 c2252000
39640 c2250000
39641 c224e000
39642 c224c000
39643 c224a000
39644 c2248000
39645 c2246000
39646 c2244000
39647 c2242000
39648 c2240000
39649 c223e000
39650 c223c000
39651 c223a000
39652 c2238000
39653 c2236000
39654 c2234000
39655 c2232000
39656 c2230000
39657 c222e000
39658 c222c000
39659 c222a000
39660 c2228000
39661 c2226000
39662 c2224000
39663 c2222000
39664 c2220000
39665 c221e000
39666 c221c000
39667 c221a000
39668 c2218000
39669 c2216000
39670 c2214000
39671 c2212000
39672 c2210000
39673 c220e000
39674 c220c000
39675 c220a000
39676 c2208000
39677 c2206000
39678 c2204000
39679 c2202000
39680 c2200000
39681 c21fe000
39682 c21fc000
39683 c21fa000
39684 c21f8000
39685 c21f6000
39686 c21f4000
39687 c21f2000
39688 c21f0000
39689 c21ee000
39690 c21ec000
39691 c21ea000
39692 c21e8000
39693 c21e6000
39694 c21e4000
39695 c21e2000
39696 c21e0000
39697 c21de000
39698 c21dc000
39699 c21da000
39700 c21d8000
39701 c21d6000
39702 c21d4000
39703 c21d2000
39704 c21d0000
39705 c21ce000
39706 c21cc000
39707 c21ca000
39708 c21c8000
39709 c21c6000
39710 c21c4000
39711 c21c2000
39712 c21c0000
39713 c21be000
39714 c21bc000
39715 c21ba000
39716 c21b8000
39717 c21b6000
39718 c21b4000
39719 c21b2000
39720 c21b0000
39721 c21ae000
39722 c21ac000
39723 c21aa000
39724 c21a8000
39725 c21a6000
39726 c21a4000
39727 c21a2000
39728 c21a0000
39729 c219e000
39730 c219c000
39731 c219a000
39732 c2198000
39733 c2196000
39734 c2194000
39735 c2192000
39736 c2190000
39737 c218e000
39738 c218c000
39739 c218a000
39740 c2188000
39741 c2186000
39742 c2184000
39743 c2182000
39744 c2180000
39745 c217e000
39746 c217c000
39747 c217a000
39748 c2178000
39749 c2176000
39750 c2174000
39751 c2172000
39752 c2170000
39753 c216e000
39754 c216c000
39755 c216a000
39756 c2168000
39757 c2166000
39758 c2164000
39759 c2162000
39760 c2160000
39761 c215e000
39762 c215c000
39763 c215a000
39764 c2158000
39765 c2156000
39766 c2154000
39767 c2152000
39768 c2150000
39769 c214e000
39770 c214c000
39771 c214a000
39772 c2148000
39773 c2146000
39774 c2144000
39775 c2142000
39776 c2140000
39777 c213e000
39778 c213c000
39779 c213a000
39780 c2138000
39781 c2136000
39782 c2134000
39783 c2132000
39784 c2130000
39785 c212e000
39786 c212c000
39787 c212a000
39788 c2128000
39789 c2126000
39790 c2124000
39791 c2122000
39792 c2120000
39793 c211e000
39794 c211c000
39795 c211a000
39796 c2118000
39797 c2116000
39798 c2114000
39799 c2112000
39800 c2110000
39801 c210e000
39802 c210c000
39803 c210a000
39804 c2108000
39805 c2106000
39806 c2104000
39807 c2102000
39808 c2100000
39809 c20fe000
39810 c20fc000
39811 c20fa000
39812 c20f8000
39813 c20f6000
39814 c20f4000
39815 c20f2000
39816 c20f0000
39817 c20ee000
39818 c20ec000
39819 c20ea000
39820 c20e8000
39821 c20e6000
39822 c20e4000
39823 c20e2000
39824 c20e0000
39825 c20de000
39826 c20dc000
39827 c20da000
39828 c20d8000
39829 c20d6000
39830 c20d4000
39831 c20d2000
39832 c20d0000
39833 c20ce000
39834 c20cc000
39835 c20ca000
39836 c20c8000
39837 c20c6000
39838 c20c4000
39839 c20c2000
39840 c20c0000
39841 c20be000
39842 c20bc000
39843 c20ba000
39844 c20b8000
39845 c20b6000
39846 c20b4000
39847 c20b2000
39848 c20b0000
39849 c20ae000
39850 c20ac000
39851 c20aa000
39852 c20a8000
39853 c20a6000
39854 c20a4000
39855 c20a2000
39856 c20a0000
39857 c209e000
39858 c209c000
39859 c209a000
39860 c2098000
39861 c2096000
39862 c2094000
39863 c2092000
39864 c2090000
39865 c208e000
39866 c208c000
39867 c208a000
39868 c2088000
39869 c2086000
39870 c2084000
39871 c2082000
39872 c2080000
39873 c207e000
39874 c207c000
39875 c207a000
39876 c2078000
39877 c2076000
39878 c2074000
39879 c2072000
39880 c2070000
39881 c206e000
39882 c206c000
39883 c206a000
39884 c2068000
39885 c2066000
39886 c2064000
39887 c2062000
39888 c2060000
39889 c205e000
39890 c205c000
39891 c205a000
39892 c2058000
39893 c2056000
39894 c2054000
39895 c2052000
39896 c2050000
39897 c204e000
39898 c204c000
39899 c204a000
39900 c2048000
39901 c2046000
39902 c2044000
39903 c2042000
39904 c2040000
39905 c203e000
39906 c203c000
39907 c203a000
39908 c2038000
39909 c2036000
39910 c2034000
39911 c2032000
39912 c2030000
39913 c202e000
39914 c202c000
39915 c202a000
39916 c2028000
39917 c2026000
39918 c2024000
39919 c2022000
39920 c2020000
39921 c201e000
39922 c201c000
39923 c201a000
39924 c2018000
39925 c2016000
39926 c2014000
39927 c2012000
39928 c2010000
39929 c200e000
39930 c200c000
39931 c200a000
39932 c2008000
39933 c2006000
39934 c2004000
39935 c2002000
39936 c2000000
39937 c1ffe000
39938 c1ffc000
39939 c1ffa000
39940 c1ff8000
39941 c1ff6000
39942 c1ff4000
39943 c1ff2000
39944 c1ff0000
39945 c1fee000
39946 c1fec000
39947 c1fea000
39948 c1fe8000
39949 c1fe6000
39950 c1fe4000
39951 c1fe2000
39952 c1fe0000
39953 c1fde000
39954 c1fdc000
39955 c1fda000
39956 c1fd8000
39957 c1fd6000
39958 c1fd4000
39959 c1fd2000
39960 c1fd0000
39961 c1fce000
39962 c1fcc000
39963 c1fca000
39964 c1fc8000
39965 c1fc6000
39966 c1fc4000
39967 c1fc2000
39968 c1fc0000
39969 c1fbe000
39970 c1fbc000
39971 c1fba000
39972 c1fb8000
39973 c1fb6000
39974 c1fb4000
39975 c1fb2000
39976 c1fb0000
39977 c1fae000
39978 c1fac000
39979 c1faa000
39980 c1fa8000
39981 c1fa6000
39982 c1fa4000
39983 c1fa2000
39984 c1fa0000
39985 c1f9e000
39986 c1f9c000
39987 c1f9a000
39988 c1f98000
39989 c1f96000
39990 c1f94000
39991 c1f92000
39992 c1f90000
39993 c1f8e000
39994 c1f8c000
39995 c1f8a000
39996 c1f88000
39997 c1f86000
39998 c1f84000
39999 c1f82000
40000 c1f80000
40001 c1f7e000
40002 c1f7c000
40003 c1f7a000
40004 c1f78000
40005 c1f76000
40006 c1f74000
40007 c1f72000
40008 c1f70000
40009 c1f6e000
40010 c1f6c000
40011 c1f6a000
40012 c1f68000
40013 c1f66000
40014 c1f64000
40015 c1f62000
40016 c1f60000
40017 c1f5e000
40018 c1f5c000
40019 c1f5a000
40020 c1f58000
40021 c1f56000
40022 c1f54000
40023 c1f52000
40024 c1f50000
40025 c1f4e000
40026 c1f4c000
40027 c1f4a000
40028 c1f48000
40029 c1f46000
40030 c1f44000
40031 c1f42000
40032 c1f40000
40033 c1f3e000
40034 c1f3c000
40035 c1f3a000
40036 c1f38000
40037 c1f36000
40038 c1f34000
40039 c1f32000
40040 c1f30000
40041 c1f2e000
40042 c1f2c000
40043 c1f2a000
40044 c1f28000
40045 c1f26000
40046 c1f24000
40047 c1f22000
40048 c1f20000
40049 c1f1e000
40050 c1f1c000
40051 c1f1a000
40052 c1f18000
40053 c1f16000
40054 c1f14000
40055 c1f12000
40056 c1f10000
40057 c1f0e000
40058 c1f0c000
40059 c1f0a000
40060 c1f08000
40061 c1f06000
40062 c1f04000
40063 c1f02000
40064 c1f00000
40065 c1efe000
40066 c1efc000
40067 c1efa000
40068 c1ef8000
40069 c1ef6000
40070 c1ef4000
40071 c1ef2000
40072 c1ef0000
40073 c1eee000
40074 c1eec000
40075 c1eea000
40076 c1ee8000
40077 c1ee6000
40078 c1ee4000
40079 c1ee2000
40080 c1ee0000
40081 c1ede000
40082 c1edc000
40083 c1eda000
40084 c1ed8000
40085 c1ed6000
40086 c1ed4000
40087 c1ed2000
40088 c1ed0000
40089 c1ece000
40090 c1ecc000
40091 c1eca000
40092 c1ec8000
40093 c1ec6000
40094 c1ec4000
40095 c1ec2000
40096 c1ec0000
40097 c1ebe000
40098 c1ebc000
40099 c1eba000
40100 c1eb8000
40101 c1eb6000
40102 c1eb4000
40103 c1eb2000
40104 c1eb0000
40105 c1eae000
40106 c1eac000
40107 c1eaa000
40108 c1ea8000
40109 c1ea6000
40110 c1ea4000
40111 c1ea2000
40112 c1ea0000
40113 c1e9e000
40114 c1e9c000
40115 c1e9a000
40116 c1e98000
40117 c1e96000
40118 c1e94000
40119 c1e92000
40120 c1e90000
40121 c1e8e000
40122 c1e8c000
40123 c1e8a000
40124 c1e88000
40125 c1e86000
40126 c1e84000
40127 c1e82000
40128 c1e80000
40129 c1e7e000
40130 c1e7c000
40131 c1e7a000
40132 c1e78000
40133 c1e76000
40134 c1e74000
40135 c1e72000
40136 c1e70000
40137 c1e6e000
40138 c1e6c000
40139 c1e6a000
40140 c1e68000
40141 c1e66000
40142 c1e64000
40143 c1e62000
40144 c1e60000
40145 c1e5e000
40146 c1e5c000
40147 c1e5a000
40148 c1e58000
40149 c1e56000
40150 c1e54000
40151 c1e52000
40152 c1e50000
40153 c1e4e000
40154 c1e4c000
40155 c1e4a000
40156 c1e48000
40157 c1e46000
40158 c1e44000
40159 c1e42000
40160 c1e40000
40161 c1e3e000
40162 c1e3c000
40163 c1e3a000
40164 c1e38000
40165 c1e36000
40166 c1e34000
40167 c1e32000
40168 c1e30000
40169 c1e2e000
40170 c1e2c000
40171 c1e2a000
40172 c1e28000
40173 c1e26000
40174 c1e24000
40175 c1e22000
40176 c1e20000
40177 c1e1e000
40178 c1e1c000
40179 c1e1a000
40180 c1e18000
40181 c1e16000
40182 c1e14000
40183 c1e12000
40184 c1e10000
40185 c1e0e000
40186 c1e0c000
40187 c1e0a000
40188 c1e08000
40189 c1e06000
40190 c1e04000
40191 c1e02000
40192 c1e00000
40193 c1dfe000
40194 c1dfc000
40195 c1dfa000
40196 c1df8000
40197 c1df6000
40198 c1df4000
40199 c1df2000
40200 c1df0000
40201 c1dee000
40202 c1dec000
40203 c1dea000
40204 c1de8000
40205 c1de6000
40206 c1de4000
40207 c1de2000
40208 c1de0000
40209 c1dde000
40210 c1ddc000
40211 c1dda000
40212 c1dd8000
40213 c1dd6000
40214 c1dd4000
40215 c1dd2000
40216 c1dd0000
40217 c1dce000
40218 c1dcc000
40219 c1dca000
40220 c1dc8000
40221 c1dc6000
40222 c1dc4000
40223 c1dc2000
40224 c1dc0000
40225 c1dbe000
40226 c1dbc000
40227 c1dba000
40228 c1db8000
40229 c1db6000
40230 c1db4000
40231 c1db2000
40232 c1db0000
40233 c1dae000
40234 c1dac000
40235 c1daa000
40236 c1da8000
40237 c1da6000
40238 c1da4000
40239 c1da2000
40240 c1da0000
40241 c1d9e000
40242 c1d9c000
40243 c1d9a000
40244 c1d98000
40245 c1d96000
40246 c1d94000
40247 c1d92000
40248 c1d90000
40249 c1d8e000
40250 c1d8c000
40251 c1d8a000
40252 c1d88000
40253 c1d86000
40254 c1d84000
40255 c1d82000
40256 c1d80000
40257 c1d7e000
40258 c1d7c000
40259 c1d7a000
40260 c1d78000
40261 c1d76000
40262 c1d74000
40263 c1d72000
40264 c1d70000
40265 c1d6e000
40266 c1d6c000
40267 c1d6a000
40268 c1d68000
40269 c1d66000
40270 c1d64000
40271 c1d62000
40272 c1d60000
40273 c1d5e000
40274 c1d5c000
40275 c1d5a000
40276 c1d58000
40277 c1d56000
40278 c1d54000
40279 c1d52000
40280 c1d50000
40281 c1d4e000
40282 c1d4c000
40283 c1d4a000
40284 c1d48000
40285 c1d46000
40286 c1d44000
40287 c1d42000
40288 c1d40000
40289 c1d3e000
40290 c1d3c000
40291 c1d3a000
40292 c1d38000
40293 c1d36000
40294 c1d34000
40295 c1d32000
40296 c1d30000
40297 c1d2e000
40298 c1d2c000
40299 c1d2a000
40300 c1d28000
40301 c1d26000
40302 c1d24000
40303 c1d22000
40304 c1d20000
40305 c1d1e000
40306 c1d1c000
40307 c1d1a000
40308 c1d18000
40309 c1d16000
40310 c1d14000
40311 c1d12000
40312 c1d10000
40313 c1d0e000
40314 c1d0c000
40315 c1d0a000
40316 c1d08000
40317 c1d06000
40318 c1d04000
40319 c1d02000
40320 c1d00000
40321 c1cfe000
40322 c1cfc000
40323 c1cfa000
40324 c1cf8000
40325 c1cf6000
40326 c1cf4000
40327 c1cf2000
40328 c1cf0000
40329 c1cee000
40330 c1cec000
40331 c1cea000
40332 c1ce8000
40333 c1ce6000
40334 c1ce4000
40335 c1ce2000
40336 c1ce0000
40337 c1cde000
40338 c1cdc000
40339 c1cda000
40340 c1cd8000
40341 c1cd6000
40342 c1cd4000
40343 c1cd2000
40344 c1cd0000
40345 c1cce000
40346 c1ccc000
40347 c1cca000
40348 c1cc8000
40349 c1cc6000
40350 c1cc4000
40351 c1cc2000
40352 c1cc0000
40353 c1cbe000
40354 c1cbc000
40355 c1cba000
40356 c1cb8000
40357 c1cb6000
40358 c1cb4000
40359 c1cb2000
40360 c1cb0000
40361 c1cae000
40362 c1cac000
40363 c1caa000
40364 c1ca8000
40365 c1ca6000
40366 c1ca4000
40367 c1ca2000
40368 c1ca0000
40369 c1c9e000
40370 c1c9c000
40371 c1c9a000
40372 c1c98000
40373 c1c96000
40374 c1c94000
40375 c1c92000
40376 c1c90000
40377 c1c8e000
40378 c1c8c000
40379 c1c8a000
40380 c1c88000
40381 c1c86000
40382 c1c84000
40383 c1c82000
40384 c1c80000
40385 c1c7e000
40386 c1c7c000
40387 c1c7a000
40388 c1c78000
40389 c1c76000
40390 c1c74000
40391 c1c72000
40392 c1c70000
40393 c1c6e000
40394 c1c6c000
40395 c1c6a000
40396 c1c68000
40397 c1c66000
40398 c1c64000
40399 c1c62000
40400 c1c60000
40401 c1c5e000
40402 c1c5c000
40403 c1c5a000
40404 c1c58000
40405 c1c56000
40406 c1c54000
40407 c1c52000
40408 c1c50000
40409 c1c4e000
40410 c1c4c000
40411 c1c4a000
40412 c1c48000
40413 c1c46000
40414 c1c44000
40415 c1c42000
40416 c1c40000
40417 c1c3e000
40418 c1c3c000
40419 c1c3a000
40420 c1c38000
40421 c1c36000
40422 c1c34000
40423 c1c32000
40424 c1c30000
40425 c1c2e000
40426 c1c2c000
40427 c1c2a000
40428 c1c28000
40429 c1c26000
40430 c1c24000
40431 c1c22000
40432 c1c20000
40433 c1c1e000
40434 c1c1c000
40435 c1c1a000
40436 c1c18000
40437 c1c16000
40438 c1c14000
40439 c1c12000
40440 c1c10000
40441 c1c0e000
40442 c1c0c000
40443 c1c0a000
40444 c1c08000
40445 c1c06000
40446 c1c04000
40447 c1c02000
40448 c1c00000
40449 c1bfe000
40450 c1bfc000
40451 c1bfa000
40452 c1bf8000
40453 c1bf6000
40454 c1bf4000
40455 c1bf2000
40456 c1bf0000
40457 c1bee000
40458 c1bec000
40459 c1bea000
40460 c1be8000
40461 c1be6000
40462 c1be4000
40463 c1be2000
40464 c1be0000
40465 c1bde000
40466 c1bdc000
40467 c1bda000
40468 c1bd8000
40469 c1bd6000
40470 c1bd4000
40471 c1bd2000
40472 c1bd0000
40473 c1bce000
40474 c1bcc000
40475 c1bca000
40476 c1bc8000
40477 c1bc6000
40478 c1bc4000
40479 c1bc2000
40480 c1bc0000
40481 c1bbe000
40482 c1bbc000
40483 c1bba000
40484 c1bb8000
40485 c1bb6000
40486 c1bb4000
40487 c1bb2000
40488 c1bb0000
40489 c1bae000
40490 c1bac000
40491 c1baa000
40492 c1ba8000
40493 c1ba6000
40494 c1ba4000
40495 c1ba2000
40496 c1ba0000
40497 c1b9e000
40498 c1b9c000
40499 c1b9a000
40500 c1b98000
40501 c1b96000
40502 c1b94000
40503 c1b92000
40504 c1b90000
40505 c1b8e000
40506 c1b8c000
40507 c1b8a000
40508 c1b88000
40509 c1b86000
40510 c1b84000
40511 c1b82000
40512 c1b80000
40513 c1b7e000
40514 c1b7c000
40515 c1b7a000
40516 c1b78000
40517 c1b76000
40518 c1b74000
40519 c1b72000
40520 c1b70000
40521 c1b6e000
40522 c1b6c000
40523 c1b6a000
40524 c1b68000
40525 c1b66000
40526 c1b64000
40527 c1b62000
40528 c1b60000
40529 c1b5e000
40530 c1b5c000
40531 c1b5a000
40532 c1b58000
40533 c1b56000
40534 c1b54000
40535 c1b52000
40536 c1b50000
40537 c1b4e000
40538 c1b4c000
40539 c1b4a000
40540 c1b48000
40541 c1b46000
40542 c1b44000
40543 c1b42000
40544 c1b40000
40545 c1b3e000
40546 c1b3c000
40547 c1b3a000
40548 c1b38000
40549 c1b36000
40550 c1b34000
40551 c1b32000
40552 c1b30000
40553 c1b2e000
40554 c1b2c000
40555 c1b2a000
40556 c1b28000
40557 c1b26000
40558 c1b24000
40559 c1b22000
40560 c1b20000
40561 c1b1e000
40562 c1b1c000
40563 c1b1a000
40564 c1b18000
40565 c1b16000
40566 c1b14000
40567 c1b12000
40568 c1b10000
40569 c1b0e000
40570 c1b0c000
40571 c1b0a000
40572 c1b08000
40573 c1b06000
40574 c1b04000
40575 c1b02000
40576 c1b00000
40577 c1afe000
40578 c1afc000
40579 c1afa000
40580 c1af8000
40581 c1af6000
40582 c1af4000
40583 c1af2000
40584 c1af0000
40585 c1aee000
40586 c1aec000
40587 c1aea000
40588 c1ae8000
40589 c1ae6000
40590 c1ae4000
40591 c1ae2000
40592 c1ae0000
40593 c1ade000
40594 c1adc000
40595 c1ada000
40596 c1ad8000
40597 c1ad6000
40598 c1ad4000
40599 c1ad2000
40600 c1ad0000
40601 c1ace000
40602 c1acc000
40603 c1aca000
40604 c1ac8000
40605 c1ac6000
40606 c1ac4000
40607 c1ac2000
40608 c1ac0000
40609 c1abe000
40610 c1abc000
40611 c1aba000
40612 c1ab8000
40613 c1ab6000
40614 c1ab4000
40615 c1ab2000
40616 c1ab0000
40617 c1aae000
40618 c1aac000
40619 c1aaa000
40620 c1aa8000
40621 c1aa6000
40622 c1aa4000
40623 c1aa2000
40624 c1aa0000
40625 c1a9e000
40626 c1a9c000
40627 c1a9a000
40628 c1a98000
40629 c1a96000
40630 c1a94000
40631 c1a92000
40632 c1a90000
40633 c1a8e000
40634 c1a8c000
40635 c1a8a000
40636 c1a88000
40637 c1a86000
40638 c1a84000
40639 c1a82000
40640 c1a80000
40641 c1a7e000
40642 c1a7c000
40643 c1a7a000
40644 c1a78000
40645 c1a76000
40646 c1a74000
40647 c1a72000
40648 c1a70000
40649 c1a6e000
40650 c1a6c000
40651 c1a6a000
40652 c1a68000
40653 c1a66000
40654 c1a64000
40655 c1a62000
40656 c1a60000
40657 c1a5e000
40658 c1a5c000
40659 c1a5a000
40660 c1a58000
40661 c1a56000
40662 c1a54000
40663 c1a52000
40664 c1a50000
40665 c1a4e000
40666 c1a4c000
40667 c1a4a000
40668 c1a48000
40669 c1a46000
40670 c1a44000
40671 c1a42000
40672 c1a40000
40673 c1a3e000
40674 c1a3c000
40675 c1a3a000
40676 c1a38000
40677 c1a36000
40678 c1a34000
40679 c1a32000
40680 c1a30000
40681 c1a2e000
40682 c1a2c000
40683 c1a2a000
40684 c1a28000
40685 c1a26000
40686 c1a24000
40687 c1a22000
40688 c1a20000
40689 c1a1e000
40690 c1a1c000
40691 c1a1a000
40692 c1a18000
40693 c1a16000
40694 c1a14000
40695 c1a12000
40696 c1a10000
40697 c1a0e000
40698 c1a0c000
40699 c1a0a000
40700 c1a08000
40701 c1a06000
40702 c1a04000
40703 c1a02000
40704 c1a00000
40705 c19fe000
40706 c19fc000
40707 c19fa000
40708 c19f8000
40709 c19f6000
40710 c19f4000
40711 c19f2000
40712 c19f0000
40713 c19ee000
40714 c19ec000
40715 c19ea000
40716 c19e8000
40717 c19e6000
40718 c19e4000
40719 c19e2000
40720 c19e0000
40721 c19de000
40722 c19dc000
40723 c19da000
40724 c19d8000
40725 c19d6000
40726 c19d4000
40727 c19d2000
40728 c19d0000
40729 c19ce000
40730 c19cc000
40731 c19ca000
40732 c19c8000
40733 c19c6000
40734 c19c4000
40735 c19c2000
40736 c19c0000
40737 c19be000
40738 c19bc000
40739 c19ba000
40740 c19b8000
40741 c19b6000
40742 c19b4000
40743 c19b2000
40744 c19b0000
40745 c19ae000
40746 c19ac000
40747 c19aa000
40748 c19a8000
40749 c19a6000
40750 c19a4000
40751 c19a2000
40752 c19a0000
40753 c199e000
40754 c199c000
40755 c199a000
40756 c1998000
40757 c1996000
40758 c1994000
40759 c1992000
40760 c1990000
40761 c198e000
40762 c198c000
40763 c198a000
40764 c1988000
40765 c1986000
40766 c1984000
40767 c1982000
40768 c1980000
40769 c197e000
40770 c197c000
40771 c197a000
40772 c1978000
40773 c1976000
40774 c1974000
40775 c1972000
40776 c1970000
40777 c196e000
40778 c196c000
40779 c196a000
40780 c1968000
40781 c1966000
40782 c1964000
40783 c1962000
40784 c1960000
40785 c195e000
40786 c195c000
40787 c195a000
40788 c1958000
40789 c1956000
40790 c1954000
40791 c1952000
40792 c1950000
40793 c194e000
40794 c194c000
40795 c194a000
40796 c1948000
40797 c1946000
40798 c1944000
40799 c1942000
40800 c1940000
40801 c193e000
40802 c193c000
40803 c193a000
40804 c1938000
40805 c1936000
40806 c1934000
40807 c1932000
40808 c1930000
40809 c192e000
40810 c192c000
40811 c192a000
40812 c1928000
40813 c1926000
40814 c1924000
40815 c1922000
40816 c1920000
40817 c191e000
40818 c191c000
40819 c191a000
40820 c1918000
40821 c1916000
40822 c1914000
40823 c1912000
40824 c1910000
40825 c190e000
40826 c190c000
40827 c190a000
40828 c1908000
40829 c1906000
40830 c1904000
40831 c1902000
40832 c1900000
40833 c18fe000
40834 c18fc000
40835 c18fa000
40836 c18f8000
40837 c18f6000
40838 c18f4000
40839 c18f2000
40840 c18f0000
40841 c18ee000
40842 c18ec000
40843 c18ea000
40844 c18e8000
40845 c18e6000
40846 c18e4000
40847 c18e2000
40848 c18e0000
40849 c18de000
40850 c18dc000
40851 c18da000
40852 c18d8000
40853 c18d6000
40854 c18d4000
40855 c18d2000
40856 c18d0000
40857 c18ce000
40858 c18cc000
40859 c18ca000
40860 c18c8000
40861 c18c6000
40862 c18c4000
40863 c18c2000
40864 c18c0000
40865 c18be000
40866 c18bc000
40867 c18ba000
40868 c18b8000
40869 c18b6000
40870 c18b4000
40871 c18b2000
40872 c18b0000
40873 c18ae000
40874 c18ac000
40875 c18aa000
40876 c18a8000
40877 c18a6000
40878 c18a4000
40879 c18a2000
40880 c18a0000
40881 c189e000
40882 c189c000
40883 c189a000
40884 c1898000
40885 c1896000
40886 c1894000
40887 c1892000
40888 c1890000
40889 c188e000
40890 c188c000
40891 c188a000
40892 c1888000
40893 c1886000
40894 c1884000
40895 c1882000
40896 c1880000
40897 c187e000
40898 c187c000
40899 c187a000
40900 c1878000
40901 c1876000
40902 c1874000
40903 c1872000
40904 c1870000
40905 c186e000
40906 c186c000
40907 c186a000
40908 c1868000
40909 c1866000
40910 c1864000
40911 c1862000
40912 c1860000
40913 c185e000
40914 c185c000
40915 c185a000
40916 c1858000
40917 c1856000
40918 c1854000
40919 c1852000
40920 c1850000
40921 c184e000
40922 c184c000
40923 c184a000
40924 c1848000
40925 c1846000
40926 c1844000
40927 c1842000
40928 c1840000
40929 c183e000
40930 c183c000
40931 c183a000
40932 c1838000
40933 c1836000
40934 c1834000
40935 c1832000
40936 c1830000
40937 c182e000
40938 c182c000
40939 c182a000
40940 c1828000
40941 c1826000
40942 c1824000
40943 c1822000
40944 c1820000
40945 c181e000
40946 c181c000
40947 c181a000
40948 c1818000
40949 c1816000
40950 c1814000
40951 c1812000
40952 c1810000
40953 c180e000
40954 c180c000
40955 c180a000
40956 c1808000
40957 c1806000
40958 c1804000
40959 c1802000
40960 c1800000
40961 c17ff000
40962 c17fe000
40963 c17fd000
40964 c17fc000
40965 c17fb000
40966 c17fa000
40967 c17f9000
40968 c17f8000
40969 c17f7000
40970 c17f6000
40971 c17f5000
40972 c17f4000
40973 c17f3000
40974 c17f2000
40975 c17f1000
40976 c17f0000
40977 c17ef000
40978 c17ee000
40979 c17ed000
40980 c17ec000
40981 c17eb000
40982 c17ea000
40983 c17e9000
40984 c17e8000
40985 c17e7000
40986 c17e6000
40987 c17e5000
40988 c17e4000
40989 c17e3000
40990 c17e2000
40991 c17e1000
40992 c17e0000
40993 c17df000
40994 c17de000
40995 c17dd000
40996 c17dc000
40997 c17db000
40998 c17da000
40999 c17d9000
41000 c17d8000
41001 c17d7000
41002 c17d6000
41003 c17d5000
41004 c17d4000
41005 c17d3000
41006 c17d2000
41007 c17d1000
41008 c17d0000
41009 c17cf000
41010 c17ce000
41011 c17cd000
41012 c17cc000
41013 c17cb000
41014 c17ca000
41015 c17c9000
41016 c17c8000
41017 c17c7000
41018 c17c6000
41019 c17c5000
41020 c17c4000
41021 c17c3000
41022 c17c2000
41023 c17c1000
41024 c17c0000
41025 c17bf000
41026 c17be000
41027 c17bd000
41028 c17bc000
41029 c17bb000
41030 c17ba000
41031 c17b9000
41032 c17b8000
41033 c17b7000
41034 c17b6000
41035 c17b5000
41036 c17b4000
41037 c17b3000
41038 c17b2000
41039 c17b1000
41040 c17b0000
41041 c17af000
41042 c17ae000
41043 c17ad000
41044 c17ac000
41045 c17ab000
41046 c17aa000
41047 c17a9000
41048 c17a8000
41049 c17a7000
41050 c17a6000
41051 c17a5000
41052 c17a4000
41053 c17a3000
41054 c17a2000
41055 c17a1000
41056 c17a0000
41057 c179f000
41058 c179e000
41059 c179d000
41060 c179c000
41061 c179b000
41062 c179a000
41063 c1799000
41064 c1798000
41065 c1797000
41066 c1796000
41067 c1795000
41068 c1794000
41069 c1793000
41070 c1792000
41071 c1791000
41072 c1790000
41073 c178f000
41074 c178e000
41075 c178d000
41076 c178c000
41077 c178b000
41078 c178a000
41079 c1789000
41080 c1788000
41081 c1787000
41082 c1786000
41083 c1785000
41084 c1784000
41085 c1783000
41086 c1782000
41087 c1781000
41088 c1780000
41089 c177f000
41090 c177e000
41091 c177d000
41092 c177c000
41093 c177b000
41094 c177a000
41095 c1779000
41096 c1778000
41097 c1777000
41098 c1776000
41099 c1775000
41100 c1774000
41101 c1773000
41102 c1772000
41103 c1771000
41104 c1770000
41105 c176f000
41106 c176e000
41107 c176d000
41108 c176c000
41109 c176b000
41110 c176a000
41111 c1769000
41112 c1768000
41113 c1767000
41114 c1766000
41115 c1765000
41116 c1764000
41117 c1763000
41118 c1762000
41119 c1761000
41120 c1760000
41121 c175f000
41122 c175e000
41123 c175d000
41124 c175c000
41125 c175b000
41126 c175a000
41127 c1759000
41128 c1758000
41129 c1757000
41130 c1756000
41131 c1755000
41132 c1754000
41133 c1753000
41134 c1752000
41135 c1751000
41136 c1750000
41137 c174f000
41138 c174e000
41139 c174d000
41140 c174c000
41141 c174b000
41142 c174a000
41143 c1749000
41144 c1748000
41145 c1747000
41146 c1746000
41147 c1745000
41148 c1744000
41149 c1743000
41150 c1742000
41151 c1741000
41152 c1740000
41153 c173f000
41154 c173e000
41155 c173d000
41156 c173c000
41157 c173b000
41158 c173a000
41159 c1739000
41160 c1738000
41161 c1737000
41162 c1736000
41163 c1735000
41164 c1734000
41165 c1733000
41166 c1732000
41167 c1731000
41168 c1730000
41169 c172f000
41170 c172e000
41171 c172d000
41172 c172c000
41173 c172b000
41174 c172a000
41175 c1729000
41176 c1728000
41177 c1727000
41178 c1726000
41179 c1725000
41180 c1724000
41181 c1723000
41182 c1722000
41183 c1721000
41184 c1720000
41185 c171f000
41186 c171e000
41187 c171d000
41188 c171c000
41189 c171b000
41190 c171a000
41191 c1719000
41192 c1718000
41193 c1717000
41194 c1716000
41195 c1715000
41196 c1714000
41197 c1713000
41198 c1712000
41199 c1711000
41200 c1710000
41201 c170f000
41202 c170e000
41203 c170d000
41204 c170c000
41205 c170b000
41206 c170a000
41207 c1709000
41208 c1708000
41209 c1707000
41210 c1706000
41211 c1705000
41212 c1704000
41213 c1703000
41214 c1702000
41215 c1701000
41216 c1700000
41217 c16ff000
41218 c16fe000
41219 c16fd000
41220 c16fc000
41221 c16fb000
41222 c16fa000
41223 c16f9000
41224 c16f8000
41225 c16f7000
41226 c16f6000
41227 c16f5000
41228 c16f4000
41229 c16f3000
41230 c16f2000
41231 c16f1000
41232 c16f0000
41233 c16ef000
41234 c16ee000
41235 c16ed000
41236 c16ec000
41237 c16eb000
41238 c16ea000
41239 c16e9000
41240 c16e8000
41241 c16e7000
41242 c16e6000
41243 c16e5000
41244 c16e4000
41245 c16e3000
41246 c16e2000
41247 c16e1000
41248 c16e0000
41249 c16df000
41250 c16de000
41251 c16dd000
41252 c16dc000
41253 c16db000
41254 c16da000
41255 c16d9000
41256 c16d8000
41257 c16d7000
41258 c16d6000
41259 c16d5000
41260 c16d4000
41261 c16d3000
41262 c16d2000
41263 c16d1000
41264 c16d0000
41265 c16cf000
41266 c16ce000
41267 c16cd000
41268 c16cc000
41269 c16cb000
41270 c16ca000
41271 c16c9000
41272 c16c8000
41273 c16c7000
41274 c16c6000
41275 c16c5000
41276 c16c4000
41277 c16c3000
41278 c16c2000
41279 c16c1000
41280 c16c0000
41281 c16bf000
41282 c16be000
41283 c16bd000
41284 c16bc000
41285 c16bb000
41286 c16ba000
41287 c16b9000
41288 c16b8000
41289 c16b7000
41290 c16b6000
41291 c16b5000
41292 c16b4000
41293 c16b3000
41294 c16b2000
41295 c16b1000
41296 c16b0000
41297 c16af000
41298 c16ae000
41299 c16ad000
41300 c16ac000
41301 c16ab000
41302 c16aa000
41303 c16a9000
41304 c16a8000
41305 c16a7000
41306 c16a6000
41307 c16a5000
41308 c16a4000
41309 c16a3000
41310 c16a2000
41311 c16a1000
41312 c16a0000
41313 c169f000
41314 c169e000
41315 c169d000
41316 c169c000
41317 c169b000
41318 c169a000
41319 c1699000
41320 c1698000
41321 c1697000
41322 c1696000
41323 c1695000
41324 c1694000
41325 c1693000
41326 c1692000
41327 c1691000
41328 c1690000
41329 c168f000
41330 c168e000
41331 c168d000
41332 c168c000
41333 c168b000
41334 c168a000
41335 c1689000
41336 c1688000
41337 c1687000
41338 c1686000
41339 c1685000
41340 c1684000
41341 c1683000
41342 c1682000
41343 c1681000
41344 c1680000
41345 c167f000
41346 c167e000
41347 c167d000
41348 c167c000
41349 c167b000
41350 c167a000
41351 c1679000
41352 c1678000
41353 c1677000
41354 c1676000
41355 c1675000
41356 c1674000
41357 c1673000
41358 c1672000
41359 c1671000
41360 c1670000
41361 c166f000
41362 c166e000
41363 c166d000
41364 c166c000
41365 c166b000
41366 c166a000
41367 c1669000
41368 c1668000
41369 c1667000
41370 c1666000
41371 c1665000
41372 c1664000
41373 c1663000
41374 c1662000
41375 c1661000
41376 c1660000
41377 c165f000
41378 c165e000
41379 c165d000
41380 c165c000
41381 c165b000
41382 c165a000
41383 c1659000
41384 c1658000
41385 c1657000
41386 c1656000
41387 c1655000
41388 c1654000
41389 c1653000
41390 c1652000
41391 c1651000
41392 c1650000
41393 c164f000
41394 c164e000
41395 c164d000
41396 c164c000
41397 c164b000
41398 c164a000
41399 c1649000
41400 c1648000
41401 c1647000
41402 c1646000
41403 c1645000
41404 c1644000
41405 c1643000
41406 c1642000
41407 c1641000
41408 c1640000
41409 c163f000
41410 c163e000
41411 c163d000
41412 c163c000
41413 c163b000
41414 c163a000
41415 c1639000
41416 c1638000
41417 c1637000
41418 c1636000
41419 c1635000
41420 c1634000
41421 c1633000
41422 c1632000
41423 c1631000
41424 c1630000
41425 c162f000
41426 c162e000
41427 c162d000
41428 c162c000
41429 c162b000
41430 c162a000
41431 c1629000
41432 c1628000
41433 c1627000
41434 c1626000
41435 c1625000
41436 c1624000
41437 c1623000
41438 c1622000
41439 c1621000
41440 c1620000
41441 c161f000
41442 c161e000
41443 c161d000
41444 c161c000
41445 c161b000
41446 c161a000
41447 c1619000
41448 c1618000
41449 c1617000
41450 c1616000
41451 c1615000
41452 c1614000
41453 c1613000
41454 c1612000
41455 c1611000
41456 c1610000
41457 c160f000
41458 c160e000
41459 c160d000
41460 c160c000
41461 c160b000
41462 c160a000
41463 c1609000
41464 c1608000
41465 c1607000
41466 c1606000
41467 c1605000
41468 c1604000
41469 c1603000
41470 c1602000
41471 c1601000
41472 c1600000
41473 c15ff000
41474 c15fe000
41475 c15fd000
41476 c15fc000
41477 c15fb000
41478 c15fa000
41479 c15f9000
41480 c15f8000
41481 c15f7000
41482 c15f6000
41483 c15f5000
41484 c15f4000
41485 c15f3000
41486 c15f2000
41487 c15f1000
41488 c15f0000
41489 c15ef000
41490 c15ee000
41491 c15ed000
41492 c15ec000
41493 c15eb000
41494 c15ea000
41495 c15e9000
41496 c15e8000
41497 c15e7000
41498 c15e6000
41499 c15e5000
41500 c15e4000
41501 c15e3000
41502 c15e2000
41503 c15e1000
41504 c15e0000
41505 c15df000
41506 c15de000
41507 c15dd000
41508 c15dc000
41509 c15db000
41510 c15da000
41511 c15d9000
41512 c15d8000
41513 c15d7000
41514 c15d6000
41515 c15d5000
41516 c15d4000
41517 c15d3000
41518 c15d2000
41519 c15d1000
41520 c15d0000
41521 c15cf000
41522 c15ce000
41523 c15cd000
41524 c15cc000
41525 c15cb000
41526 c15ca000
41527 c15c9000
41528 c15c8000
41529 c15c7000
41530 c15c6000
41531 c15c5000
41532 c15c4000
41533 c15c3000
41534 c15c2000
41535 c15c1000
41536 c15c0000
41537 c15bf000
41538 c15be000
41539 c15bd000
41540 c15bc000
41541 c15bb000
41542 c15ba000
41543 c15b9000
41544 c15b8000
41545 c15b7000
41546 c15b6000
41547 c15b5000
41548 c15b4000
41549 c15b3000
41550 c15b2000
41551 c15b1000
41552 c15b0000
41553 c15af000
41554 c15ae000
41555 c15ad000
41556 c15ac000
41557 c15ab000
41558 c15aa000
41559 c15a9000
41560 c15a8000
41561 c15a7000
41562 c15a6000
41563 c15a5000
41564 c15a4000
41565 c15a3000
41566 c15a2000
41567 c15a1000
41568 c15a0000
41569 c159f000
41570 c159e000
41571 c159d000
41572 c159c000
41573 c159b000
41574 c159a000
41575 c1599000
41576 c1598000
41577 c1597000
41578 c1596000
41579 c1595000
41580 c1594000
41581 c1593000
41582 c1592000
41583 c1591000
41584 c1590000
41585 c158f000
41586 c158e000
41587 c158d000
41588 c158c000
41589 c158b000
41590 c158a000
41591 c1589000
41592 c1588000
41593 c1587000
41594 c1586000
41595 c1585000
41596 c1584000
41597 c1583000
41598 c1582000
41599 c1581000
41600 c1580000
41601 c157f000
41602 c157e000
41603 c157d000
41604 c157c000
41605 c157b000
41606 c157a000
41607 c1579000
41608 c1578000
41609 c1577000
41610 c1576000
41611 c1575000
41612 c1574000
41613 c1573000
41614 c1572000
41615 c1571000
41616 c1570000
41617 c156f000
41618 c156e000
41619 c156d000
41620 c156c000
41621 c156b000
41622 c156a000
41623 c1569000
41624 c1568000
41625 c1567000
41626 c1566000
41627 c1565000
41628 c1564000
41629 c1563000
41630 c1562000
41631 c1561000
41632 c1560000
41633 c155f000
41634 c155e000
41635 c155d000
41636 c155c000
41637 c155b000
41638 c155a000
41639 c1559000
41640 c1558000
41641 c1557000
41642 c1556000
41643 c1555000
41644 c1554000
41645 c1553000
41646 c1552000
41647 c1551000
41648 c1550000
41649 c154f000
41650 c154e000
41651 c154d000
41652 c154c000
41653 c154b000
41654 c154a000
41655 c1549000
41656 c1548000
41657 c1547000
41658 c1546000
41659 c1545000
41660 c1544000
41661 c1543000
41662 c1542000
41663 c1541000
41664 c1540000
41665 c153f000
41666 c153e000
41667 c153d000
41668 c153c000
41669 c153b000
41670 c153a000
41671 c1539000
41672 c1538000
41673 c1537000
41674 c1536000
41675 c1535000
41676 c1534000
41677 c1533000
41678 c1532000
41679 c1531000
41680 c1530000
41681 c152f000
41682 c152e000
41683 c152d000
41684 c152c000
41685 c152b000
41686 c152a000
41687 c1529000
41688 c1528000
41689 c1527000
41690 c1526000
41691 c1525000
41692 c1524000
41693 c1523000
41694 c1522000
41695 c1521000
41696 c1520000
41697 c151f000
41698 c151e000
41699 c151d000
41700 c151c000
41701 c151b000
41702 c151a000
41703 c1519000
41704 c1518000
41705 c1517000
41706 c1516000
41707 c1515000
41708 c1514000
41709 c1513000
41710 c1512000
41711 c1511000
41712 c1510000
41713 c150f000
41714 c150e000
41715 c150d000
41716 c150c000
41717 c150b000
41718 c150a000
41719 c1509000
41720 c1508000
41721 c1507000
41722 c1506000
41723 c1505000
41724 c1504000
41725 c1503000
41726 c1502000
41727 c1501000
41728 c1500000
41729 c14ff000
41730 c14fe000
41731 c14fd000
41732 c14fc000
41733 c14fb000
41734 c14fa000
41735 c14f9000
41736 c14f8000
41737 c14f7000
41738 c14f6000
41739 c14f5000
41740 c14f4000
41741 c14f3000
41742 c14f2000
41743 c14f1000
41744 c14f0000
41745 c14ef000
41746 c14ee000
41747 c14ed000
41748 c14ec000
41749 c14eb000
41750 c14ea000
41751 c14e9000
41752 c14e8000
41753 c14e7000
41754 c14e6000
41755 c14e5000
41756 c14e4000
41757 c14e3000
41758 c14e2000
41759 c14e1000
41760 c14e0000
41761 c14df000
41762 c14de000
41763 c14dd000
41764 c14dc000
41765 c14db000
41766 c14da000
41767 c14d9000
41768 c14d8000
41769 c14d7000
41770 c14d6000
41771 c14d5000
41772 c14d4000
41773 c14d3000
41774 c14d2000
41775 c14d1000
41776 c14d0000
41777 c14cf000
41778 c14ce000
41779 c14cd000
41780 c14cc000
41781 c14cb000
41782 c14ca000
41783 c14c9000
41784 c14c8000
41785 c14c7000
41786 c14c6000
41787 c14c5000
41788 c14c4000
41789 c14c3000
41790 c14c2000
41791 c14c1000
41792 c14c0000
41793 c14bf000
41794 c14be000
41795 c14bd000
41796 c14bc000
41797 c14bb000
41798 c14ba000
41799 c14b9000
41800 c14b8000
41801 c14b7000
41802 c14b6000
41803 c14b5000
41804 c14b4000
41805 c14b3000
41806 c14b2000
41807 c14b1000
41808 c14b0000
41809 c14af000
41810 c14ae000
41811 c14ad000
41812 c14ac000
41813 c14ab000
41814 c14aa000
41815 c14a9000
41816 c14a8000
41817 c14a7000
41818 c14a6000
41819 c14a5000
41820 c14a4000
41821 c14a3000
41822 c14a2000
41823 c14a1000
41824 c14a0000
41825 c149f000
41826 c149e000
41827 c149d000
41828 c149c000
41829 c149b000
41830 c149a000
41831 c1499000
41832 c1498000
41833 c1497000
41834 c1496000
41835 c1495000
41836 c1494000
41837 c1493000
41838 c1492000
41839 c1491000
41840 c1490000
41841 c148f000
41842 c148e000
41843 c148d000
41844 c148c000
41845 c148b000
41846 c148a000
41847 c1489000
41848 c1488000
41849 c1487000
41850 c1486000
41851 c1485000
41852 c1484000
41853 c1483000
41854 c1482000
41855 c1481000
41856 c1480000
41857 c147f000
41858 c147e000
41859 c147d000
41860 c147c000
41861 c147b000
41862 c147a000
41863 c1479000
41864 c1478000
41865 c1477000
41866 c1476000
41867 c1475000
41868 c1474000
41869 c1473000
41870 c1472000
41871 c1471000
41872 c1470000
41873 c146f000
41874 c146e000
41875 c146d000
41876 c146c000
41877 c146b000
41878 c146a000
41879 c1469000
41880 c1468000
41881 c1467000
41882 c1466000
41883 c1465000
41884 c1464000
41885 c1463000
41886 c1462000
41887 c1461000
41888 c1460000
41889 c145f000
41890 c145e000
41891 c145d000
41892 c145c000
41893 c145b000
41894 c145a000
41895 c1459000
41896 c1458000
41897 c1457000
41898 c1456000
41899 c1455000
41900 c1454000
41901 c1453000
41902 c1452000
41903 c1451000
41904 c1450000
41905 c144f000
41906 c144e000
41907 c144d000
41908 c144c000
41909 c144b000
41910 c144a000
41911 c1449000
41912 c1448000
41913 c1447000
41914 c1446000
41915 c1445000
41916 c1444000
41917 c1443000
41918 c1442000
41919 c1441000
41920 c1440000
41921 c143f000
41922 c143e000
41923 c143d000
41924 c143c000
41925 c143b000
41926 c143a000
41927 c1439000
41928 c1438000
41929 c1437000
41930 c1436000
41931 c1435000
41932 c1434000
41933 c1433000
41934 c1432000
41935 c1431000
41936 c1430000
41937 c142f000
41938 c142e000
41939 c142d000
41940 c142c000
41941 c142b000
41942 c142a000
41943 c1429000
41944 c1428000
41945 c1427000
41946 c1426000
41947 c1425000
41948 c1424000
41949 c1423000
41950 c1422000
41951 c1421000
41952 c1420000
41953 c141f000
41954 c141e000
41955 c141d000
41956 c141c000
41957 c141b000
41958 c141a000
41959 c1419000
41960 c1418000
41961 c1417000
41962 c1416000
41963 c1415000
41964 c1414000
41965 c1413000
41966 c1412000
41967 c1411000
41968 c1410000
41969 c140f000
41970 c140e000
41971 c140d000
41972 c140c000
41973 c140b000
41974 c140a000
41975 c1409000
41976 c1408000
41977 c1407000
41978 c1406000
41979 c1405000
41980 c1404000
41981 c1403000
41982 c1402000
41983 c1401000
41984 c1400000
41985 c13ff000
41986 c13fe000
41987 c13fd000
41988 c13fc000
41989 c13fb000
41990 c13fa000
41991 c13f9000
41992 c13f8000
41993 c13f7000
41994 c13f6000
41995 c13f5000
41996 c13f4000
41997 c13f3000
41998 c13f2000
41999 c13f1000
42000 c13f0000
42001 c13ef000
42002 c13ee000
42003 c13ed000
42004 c13ec000
42005 c13eb000
42006 c13ea000
42007 c13e9000
42008 c13e8000
42009 c13e7000
42010 c13e6000
42011 c13e5000
42012 c13e4000
42013 c13e3000
42014 c13e2000
42015 c13e1000
42016 c13e0000
42017 c13df000
42018 c13de000
42019 c13dd000
42020 c13dc000
42021 c13db000
42022 c13da000
42023 c13d9000
42024 c13d8000
42025 c13d7000
42026 c13d6000
42027 c13d5000
42028 c13d4000
42029 c13d3000
42030 c13d2000
42031 c13d1000
42032 c13d0000
42033 c13cf000
42034 c13ce000
42035 c13cd000
42036 c13cc000
42037 c13cb000
42038 c13ca000
42039 c13c9000
42040 c13c8000
42041 c13c7000
42042 c13c6000
42043 c13c5000
42044 c13c4000
42045 c13c3000
42046 c13c2000
42047 c13c1000
42048 c13c0000
42049 c13bf000
42050 c13be000
42051 c13bd000
42052 c13bc000
42053 c13bb000
42054 c13ba000
42055 c13b9000
42056 c13b8000
42057 c13b7000
42058 c13b6000
42059 c13b5000
42060 c13b4000
42061 c13b3000
42062 c13b2000
42063 c13b1000
42064 c13b0000
42065 c13af000
42066 c13ae000
42067 c13ad000
42068 c13ac000
42069 c13ab000
42070 c13aa000
42071 c13a9000
42072 c13a8000
42073 c13a7000
42074 c13a6000
42075 c13a5000
42076 c13a4000
42077 c13a3000
42078 c13a2000
42079 c13a1000
42080 c13a0000
42081 c139f000
42082 c139e000
42083 c139d000
42084 c139c000
42085 c139b000
42086 c139a000
42087 c1399000
42088 c1398000
42089 c1397000
42090 c1396000
42091 c1395000
42092 c1394000
42093 c1393000
42094 c1392000
42095 c1391000
42096 c1390000
42097 c138f000
42098 c138e000
42099 c138d000
42100 c138c000
42101 c138b000
42102 c138a000
42103 c1389000
42104 c1388000
42105 c1387000
42106 c1386000
42107 c1385000
42108 c1384000
42109 c1383000
42110 c1382000
42111 c1381000
42112 c1380000
42113 c137f000
42114 c137e000
42115 c137d000
42116 c137c000
42117 c137b000
42118 c137a000
42119 c1379000
42120 c1378000
42121 c1377000
42122 c1376000
42123 c1375000
42124 c1374000
42125 c1373000
42126 c1372000
42127 c1371000
42128 c1370000
42129 c136f000
42130 c136e000
42131 c136d000
42132 c136c000
42133 c136b000
42134 c136a000
42135 c1369000
42136 c1368000
42137 c1367000
42138 c1366000
42139 c1365000
42140 c1364000
42141 c1363000
42142 c1362000
42143 c1361000
42144 c1360000
42145 c135f000
42146 c135e000
42147 c135d000
42148 c135c000
42149 c135b000
42150 c135a000
42151 c1359000
42152 c1358000
42153 c1357000
42154 c1356000
42155 c1355000
42156 c1354000
42157 c1353000
42158 c1352000
42159 c1351000
42160 c1350000
42161 c134f000
42162 c134e000
42163 c134d000
42164 c134c000
42165 c134b000
42166 c134a000
42167 c1349000
42168 c1348000
42169 c1347000
42170 c1346000
42171 c1345000
42172 c1344000
42173 c1343000
42174 c1342000
42175 c1341000
42176 c1340000
42177 c133f000
42178 c133e000
42179 c133d000
42180 c133c000
42181 c133b000
42182 c133a000
42183 c1339000
42184 c1338000
42185 c1337000
42186 c1336000
42187 c1335000
42188 c1334000
42189 c1333000
42190 c1332000
42191 c1331000
42192 c1330000
42193 c132f000
42194 c132e000
42195 c132d000
42196 c132c000
42197 c132b000
42198 c132a000
42199 c1329000
42200 c1328000
42201 c1327000
42202 c1326000
42203 c1325000
42204 c1324000
42205 c1323000
42206 c1322000
42207 c1321000
42208 c1320000
42209 c131f000
42210 c131e000
42211 c131d000
42212 c131c000
42213 c131b000
42214 c131a000
42215 c1319000
42216 c1318000
42217 c1317000
42218 c1316000
42219 c1315000
42220 c1314000
42221 c1313000
42222 c1312000
42223 c1311000
42224 c1310000
42225 c130f000
42226 c130e000
42227 c130d000
42228 c130c000
42229 c130b000
42230 c130a000
42231 c1309000
42232 c1308000
42233 c1307000
42234 c1306000
42235 c1305000
42236 c1304000
42237 c1303000
42238 c1302000
42239 c1301000
42240 c1300000
42241 c12ff000
42242 c12fe000
42243 c12fd000
42244 c12fc000
42245 c12fb000
42246 c12fa000
42247 c12f9000
42248 c12f8000
42249 c12f7000
42250 c12f6000
42251 c12f5000
42252 c12f4000
42253 c12f3000
42254 c12f2000
42255 c12f1000
42256 c12f0000
42257 c12ef000
42258 c12ee000
42259 c12ed000
42260 c12ec000
42261 c12eb000
42262 c12ea000
42263 c12e9000
42264 c12e8000
42265 c12e7000
42266 c12e6000
42267 c12e5000
42268 c12e4000
42269 c12e3000
42270 c12e2000
42271 c12e1000
42272 c12e0000
42273 c12df000
42274 c12de000
42275 c12dd000
42276 c12dc000
42277 c12db000
42278 c12da000
42279 c12d9000
42280 c12d8000
42281 c12d7000
42282 c12d6000
42283 c12d5000
42284 c12d4000
42285 c12d3000
42286 c12d2000
42287 c12d1000
42288 c12d0000
42289 c12cf000
42290 c12ce000
42291 c12cd000
42292 c12cc000
42293 c12cb000
42294 c12ca000
42295 c12c9000
42296 c12c8000
42297 c12c7000
42298 c12c6000
42299 c12c5000
42300 c12c4000
42301 c12c3000
42302 c12c2000
42303 c12c1000
42304 c12c0000
42305 c12bf000
42306 c12be000
42307 c12bd000
42308 c12bc000
42309 c12bb000
42310 c12ba000
42311 c12b9000
42312 c12b8000
42313 c12b7000
42314 c12b6000
42315 c12b5000
42316 c12b4000
42317 c12b3000
42318 c12b2000
42319 c12b1000
42320 c12b0000
42321 c12af000
42322 c12ae000
42323 c12ad000
42324 c12ac000
42325 c12ab000
42326 c12aa000
42327 c12a9000
42328 c12a8000
42329 c12a7000
42330 c12a6000
42331 c12a5000
42332 c12a4000
42333 c12a3000
42334 c12a2000
42335 c12a1000
42336 c12a0000
42337 c129f000
42338 c129e000
42339 c129d000
42340 c129c000
42341 c129b000
42342 c129a000
42343 c1299000
42344 c1298000
42345 c1297000
42346 c1296000
42347 c1295000
42348 c1294000
42349 c1293000
42350 c1292000
42351 c1291000
42352 c1290000
42353 c128f000
42354 c128e000
42355 c128d000
42356 c128c000
42357 c128b000
42358 c128a000
42359 c1289000
42360 c1288000
42361 c1287000
42362 c1286000
42363 c1285000
42364 c1284000
42365 c1283000
42366 c1282000
42367 c1281000
42368 c1280000
42369 c127f000
42370 c127e000
42371 c127d000
42372 c127c000
42373 c127b000
42374 c127a000
42375 c1279000
42376 c1278000
42377 c1277000
42378 c1276000
42379 c1275000
42380 c1274000
42381 c1273000
42382 c1272000
42383 c1271000
42384 c1270000
42385 c126f000
42386 c126e000
42387 c126d000
42388 c126c000
42389 c126b000
42390 c126a000
42391 c1269000
42392 c1268000
42393 c1267000
42394 c1266000
42395 c1265000
42396 c1264000
42397 c1263000
42398 c1262000
42399 c1261000
42400 c1260000
42401 c125f000
42402 c125e000
42403 c125d000
42404 c125c000
42405 c125b000
42406 c125a000
42407 c1259000
42408 c1258000
42409 c1257000
42410 c1256000
42411 c1255000
42412 c1254000
42413 c1253000
42414 c1252000
42415 c1251000
42416 c1250000
42417 c124f000
42418 c124e000
42419 c124d000
42420 c124c000
42421 c124b000
42422 c124a000
42423 c1249000
42424 c1248000
42425 c1247000
42426 c1246000
42427 c1245000
42428 c1244000
42429 c1243000
42430 c1242000
42431 c1241000
42432 c1240000
42433 c123f000
42434 c123e000
42435 c123d000
42436 c123c000
42437 c123b000
42438 c123a000
42439 c1239000
42440 c1238000
42441 c1237000
42442 c1236000
42443 c1235000
42444 c1234000
42445 c1233000
42446 c1232000
42447 c1231000
42448 c1230000
42449 c122f000
42450 c122e000
42451 c122d000
42452 c122c000
42453 c122b000
42454 c122a000
42455 c1229000
42456 c1228000
42457 c1227000
42458 c1226000
42459 c1225000
42460 c1224000
42461 c1223000
42462 c1222000
42463 c1221000
42464 c1220000
42465 c121f000
42466 c121e000
42467 c121d000
42468 c121c000
42469 c121b000
42470 c121a000
42471 c1219000
42472 c1218000
42473 c1217000
42474 c1216000
42475 c1215000
42476 c1214000
42477 c1213000
42478 c1212000
42479 c1211000
42480 c1210000
42481 c120f000
42482 c120e000
42483 c120d000
42484 c120c000
42485 c120b000
42486 c120a000
42487 c1209000
42488 c1208000
42489 c1207000
42490 c1206000
42491 c1205000
42492 c1204000
42493 c1203000
42494 c1202000
42495 c1201000
42496 c1200000
42497 c11ff000
42498 c11fe000
42499 c11fd000
42500 c11fc000
42501 c11fb000
42502 c11fa000
42503 c11f9000
42504 c11f8000
42505 c11f7000
42506 c11f6000
42507 c11f5000
42508 c11f4000
42509 c11f3000
42510 c11f2000
42511 c11f1000
42512 c11f0000
42513 c11ef000
42514 c11ee000
42515 c11ed000
42516 c11ec000
42517 c11eb000
42518 c11ea000
42519 c11e9000
42520 c11e8000
42521 c11e7000
42522 c11e6000
42523 c11e5000
42524 c11e4000
42525 c11e3000
42526 c11e2000
42527 c11e1000
42528 c11e0000
42529 c11df000
42530 c11de000
42531 c11dd000
42532 c11dc000
42533 c11db000
42534 c11da000
42535 c11d9000
42536 c11d8000
42537 c11d7000
42538 c11d6000
42539 c11d5000
42540 c11d4000
42541 c11d3000
42542 c11d2000
42543 c11d1000
42544 c11d0000
42545 c11cf000
42546 c11ce000
42547 c11cd000
42548 c11cc000
42549 c11cb000
42550 c11ca000
42551 c11c9000
42552 c11c8000
42553 c11c7000
42554 c11c6000
42555 c11c5000
42556 c11c4000
42557 c11c3000
42558 c11c2000
42559 c11c1000
42560 c11c0000
42561 c11bf000
42562 c11be000
42563 c11bd000
42564 c11bc000
42565 c11bb000
42566 c11ba000
42567 c11b9000
42568 c11b8000
42569 c11b7000
42570 c11b6000
42571 c11b5000
42572 c11b4000
42573 c11b3000
42574 c11b2000
42575 c11b1000
42576 c11b0000
42577 c11af000
42578 c11ae000
42579 c11ad000
42580 c11ac000
42581 c11ab000
42582 c11aa000
42583 c11a9000
42584 c11a8000
42585 c11a7000
42586 c11a6000
42587 c11a5000
42588 c11a4000
42589 c11a3000
42590 c11a2000
42591 c11a1000
42592 c11a0000
42593 c119f000
42594 c119e000
42595 c119d000
42596 c119c000
42597 c119b000
42598 c119a000
42599 c1199000
42600 c1198000
42601 c1197000
42602 c1196000
42603 c1195000
42604 c1194000
42605 c1193000
42606 c1192000
42607 c1191000
42608 c1190000
42609 c118f000
42610 c118e000
42611 c118d000
42612 c118c000
42613 c118b000
42614 c118a000
42615 c1189000
42616 c1188000
42617 c1187000
42618 c1186000
42619 c1185000
42620 c1184000
42621 c1183000
42622 c1182000
42623 c1181000
42624 c1180000
42625 c117f000
42626 c117e000
42627 c117d000
42628 c117c000
42629 c117b000
42630 c117a000
42631 c1179000
42632 c1178000
42633 c1177000
42634 c1176000
42635 c1175000
42636 c1174000
42637 c1173000
42638 c1172000
42639 c1171000
42640 c1170000
42641 c116f000
42642 c116e000
42643 c116d000
42644 c116c000
42645 c116b000
42646 c116a000
42647 c1169000
42648 c1168000
42649 c1167000
42650 c1166000
42651 c1165000
42652 c1164000
42653 c1163000
42654 c1162000
42655 c1161000
42656 c1160000
42657 c115f000
42658 c115e000
42659 c115d000
42660 c115c000
42661 c115b000
42662 c115a000
42663 c1159000
42664 c1158000
42665 c1157000
42666 c1156000
42667 c1155000
42668 c1154000
42669 c1153000
42670 c1152000
42671 c1151000
42672 c1150000
42673 c114f000
42674 c114e000
42675 c114d000
42676 c114c000
42677 c114b000
42678 c114a000
42679 c1149000
42680 c1148000
42681 c1147000
42682 c1146000
42683 c1145000
42684 c1144000
42685 c1143000
42686 c1142000
42687 c1141000
42688 c1140000
42689 c113f000
42690 c113e000
42691 c113d000
42692 c113c000
42693 c113b000
42694 c113a000
42695 c1139000
42696 c1138000
42697 c1137000
42698 c1136000
42699 c1135000
42700 c1134000
42701 c1133000
42702 c1132000
42703 c1131000
42704 c1130000
42705 c112f000
42706 c112e000
42707 c112d000
42708 c112c000
42709 c112b000
42710 c112a000
42711 c1129000
42712 c1128000
42713 c1127000
42714 c1126000
42715 c1125000
42716 c1124000
42717 c1123000
42718 c1122000
42719 c1121000
42720 c1120000
42721 c111f000
42722 c111e000
42723 c111d000
42724 c111c000
42725 c111b000
42726 c111a000
42727 c1119000
42728 c1118000
42729 c1117000
42730 c1116000
42731 c1115000
42732 c1114000
42733 c1113000
42734 c1112000
42735 c1111000
42736 c1110000
42737 c110f000
42738 c110e000
42739 c110d000
42740 c110c000
42741 c110b000
42742 c110a000
42743 c1109000
42744 c1108000
42745 c1107000
42746 c1106000
42747 c1105000
42748 c1104000
42749 c1103000
42750 c1102000
42751 c1101000
42752 c1100000
42753 c10ff000
42754 c10fe000
42755 c10fd000
42756 c10fc000
42757 c10fb000
42758 c10fa000
42759 c10f9000
42760 c10f8000
42761 c10f7000
42762 c10f6000
42763 c10f5000
42764 c10f4000
42765 c10f3000
42766 c10f2000
42767 c10f1000
42768 c10f0000
42769 c10ef000
42770 c10ee000
42771 c10ed000
42772 c10ec000
42773 c10eb000
42774 c10ea000
42775 c10e9000
42776 c10e8000
42777 c10e7000
42778 c10e6000
42779 c10e5000
42780 c10e4000
42781 c10e3000
42782 c10e2000
42783 c10e1000
42784 c10e0000
42785 c10df000
42786 c10de000
42787 c10dd000
42788 c10dc000
42789 c10db000
42790 c10da000
42791 c10d9000
42792 c10d8000
42793 c10d7000
42794 c10d6000
42795 c10d5000
42796 c10d4000
42797 c10d3000
42798 c10d2000
42799 c10d1000
42800 c10d0000
42801 c10cf000
42802 c10ce000
42803 c10cd000
42804 c10cc000
42805 c10cb000
42806 c10ca000
42807 c10c9000
42808 c10c8000
42809 c10c7000
42810 c10c6000
42811 c10c5000
42812 c10c4000
42813 c10c3000
42814 c10c2000
42815 c10c1000
42816 c10c0000
42817 c10bf000
42818 c10be000
42819 c10bd000
42820 c10bc000
42821 c10bb000
42822 c10ba000
42823 c10b9000
42824 c10b8000
42825 c10b7000
42826 c10b6000
42827 c10b5000
42828 c10b4000
42829 c10b3000
42830 c10b2000
42831 c10b1000
42832 c10b0000
42833 c10af000
42834 c10ae000
42835 c10ad000
42836 c10ac000
42837 c10ab000
42838 c10aa000
42839 c10a9000
42840 c10a8000
42841 c10a7000
42842 c10a6000
42843 c10a5000
42844 c10a4000
42845 c10a3000
42846 c10a2000
42847 c10a1000
42848 c10a0000
42849 c109f000
42850 c109e000
42851 c109d000
42852 c109c000
42853 c109b000
42854 c109a000
42855 c1099000
42856 c1098000
42857 c1097000
42858 c1096000
42859 c1095000
42860 c1094000
42861 c1093000
42862 c1092000
42863 c1091000
42864 c1090000
42865 c108f000
42866 c108e000
42867 c108d000
42868 c108c000
42869 c108b000
42870 c108a000
42871 c1089000
42872 c1088000
42873 c1087000
42874 c1086000
42875 c1085000
42876 c1084000
42877 c1083000
42878 c1082000
42879 c1081000
42880 c1080000
42881 c107f000
42882 c107e000
42883 c107d000
42884 c107c000
42885 c107b000
42886 c107a000
42887 c1079000
42888 c1078000
42889 c1077000
42890 c1076000
42891 c1075000
42892 c1074000
42893 c1073000
42894 c1072000
42895 c1071000
42896 c1070000
42897 c106f000
42898 c106e000
42899 c106d000
42900 c106c000
42901 c106b000
42902 c106a000
42903 c1069000
42904 c1068000
42905 c1067000
42906 c1066000
42907 c1065000
42908 c1064000
42909 c1063000
42910 c1062000
42911 c1061000
42912 c1060000
42913 c105f000
42914 c105e000
42915 c105d000
42916 c105c000
42917 c105b000
42918 c105a000
42919 c1059000
42920 c1058000
42921 c1057000
42922 c1056000
42923 c1055000
42924 c1054000
42925 c1053000
42926 c1052000
42927 c1051000
42928 c1050000
42929 c104f000
42930 c104e000
42931 c104d000
42932 c104c000
42933 c104b000
42934 c104a000
42935 c1049000
42936 c1048000
42937 c1047000
42938 c1046000
42939 c1045000
42940 c1044000
42941 c1043000
42942 c1042000
42943 c1041000
42944 c1040000
42945 c103f000
42946 c103e000
42947 c103d000
42948 c103c000
42949 c103b000
42950 c103a000
42951 c1039000
42952 c1038000
42953 c1037000
42954 c1036000
42955 c1035000
42956 c1034000
42957 c1033000
42958 c1032000
42959 c1031000
42960 c1030000
42961 c102f000
42962 c102e000
42963 c102d000
42964 c102c000
42965 c102b000
42966 c102a000
42967 c1029000
42968 c1028000
42969 c1027000
42970 c1026000
42971 c1025000
42972 c1024000
42973 c1023000
42974 c1022000
42975 c1021000
42976 c1020000
42977 c101f000
42978 c101e000
42979 c101d000
42980 c101c000
42981 c101b000
42982 c101a000
42983 c1019000
42984 c1018000
42985 c1017000
42986 c1016000
42987 c1015000
42988 c1014000
42989 c1013000
42990 c1012000
42991 c1011000
42992 c1010000
42993 c100f000
42994 c100e000
42995 c100d000
42996 c100c000
42997 c100b000
42998 c100a000
42999 c1009000
43000 c1008000
43001 c1007000
43002 c1006000
43003 c1005000
43004 c1004000
43005 c1003000
43006 c1002000
43007 c1001000
43008 c1000000
43009 c0fff000
43010 c0ffe000
43011 c0ffd000
43012 c0ffc000
43013 c0ffb000
43014 c0ffa000
43015 c0ff9000
43016 c0ff8000
43017 c0ff7000
43018 c0ff6000
43019 c0ff5000
43020 c0ff4000
43021 c0ff3000
43022 c0ff2000
43023 c0ff1000
43024 c0ff0000
43025 c0fef000
43026 c0fee000
43027 c0fed000
43028 c0fec000
43029 c0feb000
43030 c0fea000
43031 c0fe9000
43032 c0fe8000
43033 c0fe7000
43034 c0fe6000
43035 c0fe5000
43036 c0fe4000
43037 c0fe3000
43038 c0fe2000
43039 c0fe1000
43040 c0fe0000
43041 c0fdf000
43042 c0fde000
43043 c0fdd000
43044 c0fdc000
43045 c0fdb000
43046 c0fda000
43047 c0fd9000
43048 c0fd8000
43049 c0fd7000
43050 c0fd6000
43051 c0fd5000
43052 c0fd4000
43053 c0fd3000
43054 c0fd2000
43055 c0fd1000
43056 c0fd0000
43057 c0fcf000
43058 c0fce000
43059 c0fcd000
43060 c0fcc000
43061 c0fcb000
43062 c0fca000
43063 c0fc9000
43064 c0fc8000
43065 c0fc7000
43066 c0fc6000
43067 c0fc5000
43068 c0fc4000
43069 c0fc3000
43070 c0fc2000
43071 c0fc1000
43072 c0fc0000
43073 c0fbf000
43074 c0fbe000
43075 c0fbd000
43076 c0fbc000
43077 c0fbb000
43078 c0fba000
43079 c0fb9000
43080 c0fb8000
43081 c0fb7000
43082 c0fb6000
43083 c0fb5000
43084 c0fb4000
43085 c0fb3000
43086 c0fb2000
43087 c0fb1000
43088 c0fb0000
43089 c0faf000
43090 c0fae000
43091 c0fad000
43092 c0fac000
43093 c0fab000
43094 c0faa000
43095 c0fa9000
43096 c0fa8000
43097 c0fa7000
43098 c0fa6000
43099 c0fa5000
43100 c0fa4000
43101 c0fa3000
43102 c0fa2000
43103 c0fa1000
43104 c0fa0000
43105 c0f9f000
43106 c0f9e000
43107 c0f9d000
43108 c0f9c000
43109 c0f9b000
43110 c0f9a000
43111 c0f99000
43112 c0f98000
43113 c0f97000
43114 c0f96000
43115 c0f95000
43116 c0f94000
43117 c0f93000
43118 c0f92000
43119 c0f91000
43120 c0f90000
43121 c0f8f000
43122 c0f8e000
43123 c0f8d000
43124 c0f8c000
43125 c0f8b000
43126 c0f8a000
43127 c0f89000
43128 c0f88000
43129 c0f87000
43130 c0f86000
43131 c0f85000
43132 c0f84000
43133 c0f83000
43134 c0f82000
43135 c0f81000
43136 c0f80000
43137 c0f7f000
43138 c0f7e000
43139 c0f7d000
43140 c0f7c000
43141 c0f7b000
43142 c0f7a000
43143 c0f79000
43144 c0f78000
43145 c0f77000
43146 c0f76000
43147 c0f75000
43148 c0f74000
43149 c0f73000
43150 c0f72000
43151 c0f71000
43152 c0f70000
43153 c0f6f000
43154 c0f6e000
43155 c0f6d000
43156 c0f6c000
43157 c0f6b000
43158 c0f6a000
43159 c0f69000
43160 c0f68000
43161 c0f67000
43162 c0f66000
43163 c0f65000
43164 c0f64000
43165 c0f63000
43166 c0f62000
43167 c0f61000
43168 c0f60000
43169 c0f5f000
43170 c0f5e000
43171 c0f5d000
43172 c0f5c000
43173 c0f5b000
43174 c0f5a000
43175 c0f59000
43176 c0f58000
43177 c0f57000
43178 c0f56000
43179 c0f55000
43180 c0f54000
43181 c0f53000
43182 c0f52000
43183 c0f51000
43184 c0f50000
43185 c0f4f000
43186 c0f4e000
43187 c0f4d000
43188 c0f4c000
43189 c0f4b000
43190 c0f4a000
43191 c0f49000
43192 c0f48000
43193 c0f47000
43194 c0f46000
43195 c0f45000
43196 c0f44000
43197 c0f43000
43198 c0f42000
43199 c0f41000
43200 c0f40000
43201 c0f3f000
43202 c0f3e000
43203 c0f3d000
43204 c0f3c000
43205 c0f3b000
43206 c0f3a000
43207 c0f39000
43208 c0f38000
43209 c0f37000
43210 c0f36000
43211 c0f35000
43212 c0f34000
43213 c0f33000
43214 c0f32000
43215 c0f31000
43216 c0f30000
43217 c0f2f000
43218 c0f2e000
43219 c0f2d000
43220 c0f2c000
43221 c0f2b000
43222 c0f2a000
43223 c0f29000
43224 c0f28000
43225 c0f27000
43226 c0f26000
43227 c0f25000
43228 c0f24000
43229 c0f23000
43230 c0f22000
43231 c0f21000
43232 c0f20000
43233 c0f1f000
43234 c0f1e000
43235 c0f1d000
43236 c0f1c000
43237 c0f1b000
43238 c0f1a000
43239 c0f19000
43240 c0f18000
43241 c0f17000
43242 c0f16000
43243 c0f15000
43244 c0f14000
43245 c0f13000
43246 c0f12000
43247 c0f11000
43248 c0f10000
43249 c0f0f000
43250 c0f0e000
43251 c0f0d000
43252 c0f0c000
43253 c0f0b000
43254 c0f0a000
43255 c0f09000
43256 c0f08000
43257 c0f07000
43258 c0f06000
43259 c0f05000
43260 c0f04000
43261 c0f03000
43262 c0f02000
43263 c0f01000
43264 c0f00000
43265 c0eff000
43266 c0efe000
43267 c0efd000
43268 c0efc000
43269 c0efb000
43270 c0efa000
43271 c0ef9000
43272 c0ef8000
43273 c0ef7000
43274 c0ef6000
43275 c0ef5000
43276 c0ef4000
43277 c0ef3000
43278 c0ef2000
43279 c0ef1000
43280 c0ef0000
43281 c0eef000
43282 c0eee000
43283 c0eed000
43284 c0eec000
43285 c0eeb000
43286 c0eea000
43287 c0ee9000
43288 c0ee8000
43289 c0ee7000
43290 c0ee6000
43291 c0ee5000
43292 c0ee4000
43293 c0ee3000
43294 c0ee2000
43295 c0ee1000
43296 c0ee0000
43297 c0edf000
43298 c0ede000
43299 c0edd000
43300 c0edc000
43301 c0edb000
43302 c0eda000
43303 c0ed9000
43304 c0ed8000
43305 c0ed7000
43306 c0ed6000
43307 c0ed5000
43308 c0ed4000
43309 c0ed3000
43310 c0ed2000
43311 c0ed1000
43312 c0ed0000
43313 c0ecf000
43314 c0ece000
43315 c0ecd000
43316 c0ecc000
43317 c0ecb000
43318 c0eca000
43319 c0ec9000
43320 c0ec8000
43321 c0ec7000
43322 c0ec6000
43323 c0ec5000
43324 c0ec4000
43325 c0ec3000
43326 c0ec2000
43327 c0ec1000
43328 c0ec0000
43329 c0ebf000
43330 c0ebe000
43331 c0ebd000
43332 c0ebc000
43333 c0ebb000
43334 c0eba000
43335 c0eb9000
43336 c0eb8000
43337 c0eb7000
43338 c0eb6000
43339 c0eb5000
43340 c0eb4000
43341 c0eb3000
43342 c0eb2000
43343 c0eb1000
43344 c0eb0000
43345 c0eaf000
43346 c0eae000
43347 c0ead000
43348 c0eac000
43349 c0eab000
43350 c0eaa000
43351 c0ea9000
43352 c0ea8000
43353 c0ea7000
43354 c0ea6000
43355 c0ea5000
43356 c0ea4000
43357 c0ea3000
43358 c0ea2000
43359 c0ea1000
43360 c0ea0000
43361 c0e9f000
43362 c0e9e000
43363 c0e9d000
43364 c0e9c000
43365 c0e9b000
43366 c0e9a000
43367 c0e99000
43368 c0e98000
43369 c0e97000
43370 c0e96000
43371 c0e95000
43372 c0e94000
43373 c0e93000
43374 c0e92000
43375 c0e91000
43376 c0e90000
43377 c0e8f000
43378 c0e8e000
43379 c0e8d000
43380 c0e8c000
43381 c0e8b000
43382 c0e8a000
43383 c0e89000
43384 c0e88000
43385 c0e87000
43386 c0e86000
43387 c0e85000
43388 c0e84000
43389 c0e83000
43390 c0e82000
43391 c0e81000
43392 c0e80000
43393 c0e7f000
43394 c0e7e000
43395 c0e7d000
43396 c0e7c000
43397 c0e7b000
43398 c0e7a000
43399 c0e79000
43400 c0e78000
43401 c0e77000
43402 c0e76000
43403 c0e75000
43404 c0e74000
43405 c0e73000
43406 c0e72000
43407 c0e71000
43408 c0e70000
43409 c0e6f000
43410 c0e6e000
43411 c0e6d000
43412 c0e6c000
43413 c0e6b000
43414 c0e6a000
43415 c0e69000
43416 c0e68000
43417 c0e67000
43418 c0e66000
43419 c0e65000
43420 c0e64000
43421 c0e63000
43422 c0e62000
43423 c0e61000
43424 c0e60000
43425 c0e5f000
43426 c0e5e000
43427 c0e5d000
43428 c0e5c000
43429 c0e5b000
43430 c0e5a000
43431 c0e59000
43432 c0e58000
43433 c0e57000
43434 c0e56000
43435 c0e55000
43436 c0e54000
43437 c0e53000
43438 c0e52000
43439 c0e51000
43440 c0e50000
43441 c0e4f000
43442 c0e4e000
43443 c0e4d000
43444 c0e4c000
43445 c0e4b000
43446 c0e4a000
43447 c0e49000
43448 c0e48000
43449 c0e47000
43450 c0e46000
43451 c0e45000
43452 c0e44000
43453 c0e43000
43454 c0e42000
43455 c0e41000
43456 c0e40000
43457 c0e3f000
43458 c0e3e000
43459 c0e3d000
43460 c0e3c000
43461 c0e3b000
43462 c0e3a000
43463 c0e39000
43464 c0e38000
43465 c0e37000
43466 c0e36000
43467 c0e35000
43468 c0e34000
43469 c0e33000
43470 c0e32000
43471 c0e31000
43472 c0e30000
43473 c0e2f000
43474 c0e2e000
43475 c0e2d000
43476 c0e2c000
43477 c0e2b000
43478 c0e2a000
43479 c0e29000
43480 c0e28000
43481 c0e27000
43482 c0e26000
43483 c0e25000
43484 c0e24000
43485 c0e23000
43486 c0e22000
43487 c0e21000
43488 c0e20000
43489 c0e1f000
43490 c0e1e000
43491 c0e1d000
43492 c0e1c000
43493 c0e1b000
43494 c0e1a000
43495 c0e19000
43496 c0e18000
43497 c0e17000
43498 c0e16000
43499 c0e15000
43500 c0e14000
43501 c0e13000
43502 c0e12000
43503 c0e11000
43504 c0e10000
43505 c0e0f000
43506 c0e0e000
43507 c0e0d000
43508 c0e0c000
43509 c0e0b000
43510 c0e0a000
43511 c0e09000
43512 c0e08000
43513 c0e07000
43514 c0e06000
43515 c0e05000
43516 c0e04000
43517 c0e03000
43518 c0e02000
43519 c0e01000
43520 c0e00000
43521 c0dff000
43522 c0dfe000
43523 c0dfd000
43524 c0dfc000
43525 c0dfb000
43526 c0dfa000
43527 c0df9000
43528 c0df8000
43529 c0df7000
43530 c0df6000
43531 c0df5000
43532 c0df4000
43533 c0df3000
43534 c0df2000
43535 c0df1000
43536 c0df0000
43537 c0def000
43538 c0dee000
43539 c0ded000
43540 c0dec000
43541 c0deb000
43542 c0dea000
43543 c0de9000
43544 c0de8000
43545 c0de7000
43546 c0de6000
43547 c0de5000
43548 c0de4000
43549 c0de3000
43550 c0de2000
43551 c0de1000
43552 c0de0000
43553 c0ddf000
43554 c0dde000
43555 c0ddd000
43556 c0ddc000
43557 c0ddb000
43558 c0dda000
43559 c0dd9000
43560 c0dd8000
43561 c0dd7000
43562 c0dd6000
43563 c0dd5000
43564 c0dd4000
43565 c0dd3000
43566 c0dd2000
43567 c0dd1000
43568 c0dd0000
43569 c0dcf000
43570 c0dce000
43571 c0dcd000
43572 c0dcc000
43573 c0dcb000
43574 c0dca000
43575 c0dc9000
43576 c0dc8000
43577 c0dc7000
43578 c0dc6000
43579 c0dc5000
43580 c0dc4000
43581 c0dc3000
43582 c0dc2000
43583 c0dc1000
43584 c0dc0000
43585 c0dbf000
43586 c0dbe000
43587 c0dbd000
43588 c0dbc000
43589 c0dbb000
43590 c0dba000
43591 c0db9000
43592 c0db8000
43593 c0db7000
43594 c0db6000
43595 c0db5000
43596 c0db4000
43597 c0db3000
43598 c0db2000
43599 c0db1000
43600 c0db0000
43601 c0daf000
43602 c0dae000
43603 c0dad000
43604 c0dac000
43605 c0dab000
43606 c0daa000
43607 c0da9000
43608 c0da8000
43609 c0da7000
43610 c0da6000
43611 c0da5000
43612 c0da4000
43613 c0da3000
43614 c0da2000
43615 c0da1000
43616 c0da0000
43617 c0d9f000
43618 c0d9e000
43619 c0d9d000
43620 c0d9c000
43621 c0d9b000
43622 c0d9a000
43623 c0d99000
43624 c0d98000
43625 c0d97000
43626 c0d96000
43627 c0d95000
43628 c0d94000
43629 c0d93000
43630 c0d92000
43631 c0d91000
43632 c0d90000
43633 c0d8f000
43634 c0d8e000
43635 c0d8d000
43636 c0d8c000
43637 c0d8b000
43638 c0d8a000
43639 c0d89000
43640 c0d88000
43641 c0d87000
43642 c0d86000
43643 c0d85000
43644 c0d84000
43645 c0d83000
43646 c0d82000
43647 c0d81000
43648 c0d80000
43649 c0d7f000
43650 c0d7e000
43651 c0d7d000
43652 c0d7c000
43653 c0d7b000
43654 c0d7a000
43655 c0d79000
43656 c0d78000
43657 c0d77000
43658 c0d76000
43659 c0d75000
43660 c0d74000
43661 c0d73000
43662 c0d72000
43663 c0d71000
43664 c0d70000
43665 c0d6f000
43666 c0d6e000
43667 c0d6d000
43668 c0d6c000
43669 c0d6b000
43670 c0d6a000
43671 c0d69000
43672 c0d68000
43673 c0d67000
43674 c0d66000
43675 c0d65000
43676 c0d64000
43677 c0d63000
43678 c0d62000
43679 c0d61000
43680 c0d60000
43681 c0d5f000
43682 c0d5e000
43683 c0d5d000
43684 c0d5c000
43685 c0d5b000
43686 c0d5a000
43687 c0d59000
43688 c0d58000
43689 c0d57000
43690 c0d56000
43691 c0d55000
43692 c0d54000
43693 c0d53000
43694 c0d52000
43695 c0d51000
43696 c0d50000
43697 c0d4f000
43698 c0d4e000
43699 c0d4d000
43700 c0d4c000
43701 c0d4b000
43702 c0d4a000
43703 c0d49000
43704 c0d48000
43705 c0d47000
43706 c0d46000
43707 c0d45000
43708 c0d44000
43709 c0d43000
43710 c0d42000
43711 c0d41000
43712 c0d40000
43713 c0d3f000
43714 c0d3e000
43715 c0d3d000
43716 c0d3c000
43717 c0d3b000
43718 c0d3a000
43719 c0d39000
43720 c0d38000
43721 c0d37000
43722 c0d36000
43723 c0d35000
43724 c0d34000
43725 c0d33000
43726 c0d32000
43727 c0d31000
43728 c0d30000
43729 c0d2f000
43730 c0d2e000
43731 c0d2d000
43732 c0d2c000
43733 c0d2b000
43734 c0d2a000
43735 c0d29000
43736 c0d28000
43737 c0d27000
43738 c0d26000
43739 c0d25000
43740 c0d24000
43741 c0d23000
43742 c0d22000
43743 c0d21000
43744 c0d20000
43745 c0d1f000
43746 c0d1e000
43747 c0d1d000
43748 c0d1c000
43749 c0d1b000
43750 c0d1a000
43751 c0d19000
43752 c0d18000
43753 c0d17000
43754 c0d16000
43755 c0d15000
43756 c0d14000
43757 c0d13000
43758 c0d12000
43759 c0d11000
43760 c0d10000
43761 c0d0f000
43762 c0d0e000
43763 c0d0d000
43764 c0d0c000
43765 c0d0b000
43766 c0d0a000
43767 c0d09000
43768 c0d08000
43769 c0d07000
43770 c0d06000
43771 c0d05000
43772 c0d04000
43773 c0d03000
43774 c0d02000
43775 c0d01000
43776 c0d00000
43777 c0cff000
43778 c0cfe000
43779 c0cfd000
43780 c0cfc000
43781 c0cfb000
43782 c0cfa000
43783 c0cf9000
43784 c0cf8000
43785 c0cf7000
43786 c0cf6000
43787 c0cf5000
43788 c0cf4000
43789 c0cf3000
43790 c0cf2000
43791 c0cf1000
43792 c0cf0000
43793 c0cef000
43794 c0cee000
43795 c0ced000
43796 c0cec000
43797 c0ceb000
43798 c0cea000
43799 c0ce9000
43800 c0ce8000
43801 c0ce7000
43802 c0ce6000
43803 c0ce5000
43804 c0ce4000
43805 c0ce3000
43806 c0ce2000
43807 c0ce1000
43808 c0ce0000
43809 c0cdf000
43810 c0cde000
43811 c0cdd000
43812 c0cdc000
43813 c0cdb000
43814 c0cda000
43815 c0cd9000
43816 c0cd8000
43817 c0cd7000
43818 c0cd6000
43819 c0cd5000
43820 c0cd4000
43821 c0cd3000
43822 c0cd2000
43823 c0cd1000
43824 c0cd0000
43825 c0ccf000
43826 c0cce000
43827 c0ccd000
43828 c0ccc000
43829 c0ccb000
43830 c0cca000
43831 c0cc9000
43832 c0cc8000
43833 c0cc7000
43834 c0cc6000
43835 c0cc5000
43836 c0cc4000
43837 c0cc3000
43838 c0cc2000
43839 c0cc1000
43840 c0cc0000
43841 c0cbf000
43842 c0cbe000
43843 c0cbd000
43844 c0cbc000
43845 c0cbb000
43846 c0cba000
43847 c0cb9000
43848 c0cb8000
43849 c0cb7000
43850 c0cb6000
43851 c0cb5000
43852 c0cb4000
43853 c0cb3000
43854 c0cb2000
43855 c0cb1000
43856 c0cb0000
43857 c0caf000
43858 c0cae000
43859 c0cad000
43860 c0cac000
43861 c0cab000
43862 c0caa000
43863 c0ca9000
43864 c0ca8000
43865 c0ca7000
43866 c0ca6000
43867 c0ca5000
43868 c0ca4000
43869 c0ca3000
43870 c0ca2000
43871 c0ca1000
43872 c0ca0000
43873 c0c9f000
43874 c0c9e000
43875 c0c9d000
43876 c0c9c000
43877 c0c9b000
43878 c0c9a000
43879 c0c99000
43880 c0c98000
43881 c0c97000
43882 c0c96000
43883 c0c95000
43884 c0c94000
43885 c0c93000
43886 c0c92000
43887 c0c91000
43888 c0c90000
43889 c0c8f000
43890 c0c8e000
43891 c0c8d000
43892 c0c8c000
43893 c0c8b000
43894 c0c8a000
43895 c0c89000
43896 c0c88000
43897 c0c87000
43898 c0c86000
43899 c0c85000
43900 c0c84000
43901 c0c83000
43902 c0c82000
43903 c0c81000
43904 c0c80000
43905 c0c7f000
43906 c0c7e000
43907 c0c7d000
43908 c0c7c000
43909 c0c7b000
43910 c0c7a000
43911 c0c79000
43912 c0c78000
43913 c0c77000
43914 c0c76000
43915 c0c75000
43916 c0c74000
43917 c0c73000
43918 c0c72000
43919 c0c71000
43920 c0c70000
43921 c0c6f000
43922 c0c6e000
43923 c0c6d000
43924 c0c6c000
43925 c0c6b000
43926 c0c6a000
43927 c0c69000
43928 c0c68000
43929 c0c67000
43930 c0c66000
43931 c0c65000
43932 c0c64000
43933 c0c63000
43934 c0c62000
43935 c0c61000
43936 c0c60000
43937 c0c5f000
43938 c0c5e000
43939 c0c5d000
43940 c0c5c000
43941 c0c5b000
43942 c0c5a000
43943 c0c59000
43944 c0c58000
43945 c0c57000
43946 c0c56000
43947 c0c55000
43948 c0c54000
43949 c0c53000
43950 c0c52000
43951 c0c51000
43952 c0c50000
43953 c0c4f000
43954 c0c4e000
43955 c0c4d000
43956 c0c4c000
43957 c0c4b000
43958 c0c4a000
43959 c0c49000
43960 c0c48000
43961 c0c47000
43962 c0c46000
43963 c0c45000
43964 c0c44000
43965 c0c43000
43966 c0c42000
43967 c0c41000
43968 c0c40000
43969 c0c3f000
43970 c0c3e000
43971 c0c3d000
43972 c0c3c000
43973 c0c3b000
43974 c0c3a000
43975 c0c39000
43976 c0c38000
43977 c0c37000
43978 c0c36000
43979 c0c35000
43980 c0c34000
43981 c0c33000
43982 c0c32000
43983 c0c31000
43984 c0c30000
43985 c0c2f000
43986 c0c2e000
43987 c0c2d000
43988 c0c2c000
43989 c0c2b000
43990 c0c2a000
43991 c0c29000
43992 c0c28000
43993 c0c27000
43994 c0c26000
43995 c0c25000
43996 c0c24000
43997 c0c23000
43998 c0c22000
43999 c0c21000
44000 c0c20000
44001 c0c1f000
44002 c0c1e000
44003 c0c1d000
44004 c0c1c000
44005 c0c1b000
44006 c0c1a000
44007 c0c19000
44008 c0c18000
44009 c0c17000
44010 c0c16000
44011 c0c15000
44012 c0c14000
44013 c0c13000
44014 c0c12000
44015 c0c11000
44016 c0c10000
44017 c0c0f000
44018 c0c0e000
44019 c0c0d000
44020 c0c0c000
44021 c0c0b000
44022 c0c0a000
44023 c0c09000
44024 c0c08000
44025 c0c07000
44026 c0c06000
44027 c0c05000
44028 c0c04000
44029 c0c03000
44030 c0c02000
44031 c0c01000
44032 c0c00000
44033 c0bff000
44034 c0bfe000
44035 c0bfd000
44036 c0bfc000
44037 c0bfb000
44038 c0bfa000
44039 c0bf9000
44040 c0bf8000
44041 c0bf7000
44042 c0bf6000
44043 c0bf5000
44044 c0bf4000
44045 c0bf3000
44046 c0bf2000
44047 c0bf1000
44048 c0bf0000
44049 c0bef000
44050 c0bee000
44051 c0bed000
44052 c0bec000
44053 c0beb000
44054 c0bea000
44055 c0be9000
44056 c0be8000
44057 c0be7000
44058 c0be6000
44059 c0be5000
44060 c0be4000
44061 c0be3000
44062 c0be2000
44063 c0be1000
44064 c0be0000
44065 c0bdf000
44066 c0bde000
44067 c0bdd000
44068 c0bdc000
44069 c0bdb000
44070 c0bda000
44071 c0bd9000
44072 c0bd8000
44073 c0bd7000
44074 c0bd6000
44075 c0bd5000
44076 c0bd4000
44077 c0bd3000
44078 c0bd2000
44079 c0bd1000
44080 c0bd0000
44081 c0bcf000
44082 c0bce000
44083 c0bcd000
44084 c0bcc000
44085 c0bcb000
44086 c0bca000
44087 c0bc9000
44088 c0bc8000
44089 c0bc7000
44090 c0bc6000
44091 c0bc5000
44092 c0bc4000
44093 c0bc3000
44094 c0bc2000
44095 c0bc1000
44096 c0bc0000
44097 c0bbf000
44098 c0bbe000
44099 c0bbd000
44100 c0bbc000
44101 c0bbb000
44102 c0bba000
44103 c0bb9000
44104 c0bb8000
44105 c0bb7000
44106 c0bb6000
44107 c0bb5000
44108 c0bb4000
44109 c0bb3000
44110 c0bb2000
44111 c0bb1000
44112 c0bb0000
44113 c0baf000
44114 c0bae000
44115 c0bad000
44116 c0bac000
44117 c0bab000
44118 c0baa000
44119 c0ba9000
44120 c0ba8000
44121 c0ba7000
44122 c0ba6000
44123 c0ba5000
44124 c0ba4000
44125 c0ba3000
44126 c0ba2000
44127 c0ba1000
44128 c0ba0000
44129 c0b9f000
44130 c0b9e000
44131 c0b9d000
44132 c0b9c000
44133 c0b9b000
44134 c0b9a000
44135 c0b99000
44136 c0b98000
44137 c0b97000
44138 c0b96000
44139 c0b95000
44140 c0b94000
44141 c0b93000
44142 c0b92000
44143 c0b91000
44144 c0b90000
44145 c0b8f000
44146 c0b8e000
44147 c0b8d000
44148 c0b8c000
44149 c0b8b000
44150 c0b8a000
44151 c0b89000
44152 c0b88000
44153 c0b87000
44154 c0b86000
44155 c0b85000
44156 c0b84000
44157 c0b83000
44158 c0b82000
44159 c0b81000
44160 c0b80000
44161 c0b7f000
44162 c0b7e000
44163 c0b7d000
44164 c0b7c000
44165 c0b7b000
44166 c0b7a000
44167 c0b79000
44168 c0b78000
44169 c0b77000
44170 c0b76000
44171 c0b75000
44172 c0b74000
44173 c0b73000
44174 c0b72000
44175 c0b71000
44176 c0b70000
44177 c0b6f000
44178 c0b6e000
44179 c0b6d000
44180 c0b6c000
44181 c0b6b000
44182 c0b6a000
44183 c0b69000
44184 c0b68000
44185 c0b67000
44186 c0b66000
44187 c0b65000
44188 c0b64000
44189 c0b63000
44190 c0b62000
44191 c0b61000
44192 c0b60000
44193 c0b5f000
44194 c0b5e000
44195 c0b5d000
44196 c0b5c000
44197 c0b5b000
44198 c0b5a000
44199 c0b59000
44200 c0b58000
44201 c0b57000
44202 c0b56000
44203 c0b55000
44204 c0b54000
44205 c0b53000
44206 c0b52000
44207 c0b51000
44208 c0b50000
44209 c0b4f000
44210 c0b4e000
44211 c0b4d000
44212 c0b4c000
44213 c0b4b000
44214 c0b4a000
44215 c0b49000
44216 c0b48000
44217 c0b47000
44218 c0b46000
44219 c0b45000
44220 c0b44000
44221 c0b43000
44222 c0b42000
44223 c0b41000
44224 c0b40000
44225 c0b3f000
44226 c0b3e000
44227 c0b3d000
44228 c0b3c000
44229 c0b3b000
44230 c0b3a000
44231 c0b39000
44232 c0b38000
44233 c0b37000
44234 c0b36000
44235 c0b35000
44236 c0b34000
44237 c0b33000
44238 c0b32000
44239 c0b31000
44240 c0b30000
44241 c0b2f000
44242 c0b2e000
44243 c0b2d000
44244 c0b2c000
44245 c0b2b000
44246 c0b2a000
44247 c0b29000
44248 c0b28000
44249 c0b27000
44250 c0b26000
44251 c0b25000
44252 c0b24000
44253 c0b23000
44254 c0b22000
44255 c0b21000
44256 c0b20000
44257 c0b1f000
44258 c0b1e000
44259 c0b1d000
44260 c0b1c000
44261 c0b1b000
44262 c0b1a000
44263 c0b19000
44264 c0b18000
44265 c0b17000
44266 c0b16000
44267 c0b15000
44268 c0b14000
44269 c0b13000
44270 c0b12000
44271 c0b11000
44272 c0b10000
44273 c0b0f000
44274 c0b0e000
44275 c0b0d000
44276 c0b0c000
44277 c0b0b000
44278 c0b0a000
44279 c0b09000
44280 c0b08000
44281 c0b07000
44282 c0b06000
44283 c0b05000
44284 c0b04000
44285 c0b03000
44286 c0b02000
44287 c0b01000
44288 c0b00000
44289 c0aff000
44290 c0afe000
44291 c0afd000
44292 c0afc000
44293 c0afb000
44294 c0afa000
44295 c0af9000
44296 c0af8000
44297 c0af7000
44298 c0af6000
44299 c0af5000
44300 c0af4000
44301 c0af3000
44302 c0af2000
44303 c0af1000
44304 c0af0000
44305 c0aef000
44306 c0aee000
44307 c0aed000
44308 c0aec000
44309 c0aeb000
44310 c0aea000
44311 c0ae9000
44312 c0ae8000
44313 c0ae7000
44314 c0ae6000
44315 c0ae5000
44316 c0ae4000
44317 c0ae3000
44318 c0ae2000
44319 c0ae1000
44320 c0ae0000
44321 c0adf000
44322 c0ade000
44323 c0add000
44324 c0adc000
44325 c0adb000
44326 c0ada000
44327 c0ad9000
44328 c0ad8000
44329 c0ad7000
44330 c0ad6000
44331 c0ad5000
44332 c0ad4000
44333 c0ad3000
44334 c0ad2000
44335 c0ad1000
44336 c0ad0000
44337 c0acf000
44338 c0ace000
44339 c0acd000
44340 c0acc000
44341 c0acb000
44342 c0aca000
44343 c0ac9000
44344 c0ac8000
44345 c0ac7000
44346 c0ac6000
44347 c0ac5000
44348 c0ac4000
44349 c0ac3000
44350 c0ac2000
44351 c0ac1000
44352 c0ac0000
44353 c0abf000
44354 c0abe000
44355 c0abd000
44356 c0abc000
44357 c0abb000
44358 c0aba000
44359 c0ab9000
44360 c0ab8000
44361 c0ab7000
44362 c0ab6000
44363 c0ab5000
44364 c0ab4000
44365 c0ab3000
44366 c0ab2000
44367 c0ab1000
44368 c0ab0000
44369 c0aaf000
44370 c0aae000
44371 c0aad000
44372 c0aac000
44373 c0aab000
44374 c0aaa000
44375 c0aa9000
44376 c0aa8000
44377 c0aa7000
44378 c0aa6000
44379 c0aa5000
44380 c0aa4000
44381 c0aa3000
44382 c0aa2000
44383 c0aa1000
44384 c0aa0000
44385 c0a9f000
44386 c0a9e000
44387 c0a9d000
44388 c0a9c000
44389 c0a9b000
44390 c0a9a000
44391 c0a99000
44392 c0a98000
44393 c0a97000
44394 c0a96000
44395 c0a95000
44396 c0a94000
44397 c0a93000
44398 c0a92000
44399 c0a91000
44400 c0a90000
44401 c0a8f000
44402 c0a8e000
44403 c0a8d000
44404 c0a8c000
44405 c0a8b000
44406 c0a8a000
44407 c0a89000
44408 c0a88000
44409 c0a87000
44410 c0a86000
44411 c0a85000
44412 c0a84000
44413 c0a83000
44414 c0a82000
44415 c0a81000
44416 c0a80000
44417 c0a7f000
44418 c0a7e000
44419 c0a7d000
44420 c0a7c000
44421 c0a7b000
44422 c0a7a000
44423 c0a79000
44424 c0a78000
44425 c0a77000
44426 c0a76000
44427 c0a75000
44428 c0a74000
44429 c0a73000
44430 c0a72000
44431 c0a71000
44432 c0a70000
44433 c0a6f000
44434 c0a6e000
44435 c0a6d000
44436 c0a6c000
44437 c0a6b000
44438 c0a6a000
44439 c0a69000
44440 c0a68000
44441 c0a67000
44442 c0a66000
44443 c0a65000
44444 c0a64000
44445 c0a63000
44446 c0a62000
44447 c0a61000
44448 c0a60000
44449 c0a5f000
44450 c0a5e000
44451 c0a5d000
44452 c0a5c000
44453 c0a5b000
44454 c0a5a000
44455 c0a59000
44456 c0a58000
44457 c0a57000
44458 c0a56000
44459 c0a55000
44460 c0a54000
44461 c0a53000
44462 c0a52000
44463 c0a51000
44464 c0a50000
44465 c0a4f000
44466 c0a4e000
44467 c0a4d000
44468 c0a4c000
44469 c0a4b000
44470 c0a4a000
44471 c0a49000
44472 c0a48000
44473 c0a47000
44474 c0a46000
44475 c0a45000
44476 c0a44000
44477 c0a43000
44478 c0a42000
44479 c0a41000
44480 c0a40000
44481 c0a3f000
44482 c0a3e000
44483 c0a3d000
44484 c0a3c000
44485 c0a3b000
44486 c0a3a000
44487 c0a39000
44488 c0a38000
44489 c0a37000
44490 c0a36000
44491 c0a35000
44492 c0a34000
44493 c0a33000
44494 c0a32000
44495 c0a31000
44496 c0a30000
44497 c0a2f000
44498 c0a2e000
44499 c0a2d000
44500 c0a2c000
44501 c0a2b000
44502 c0a2a000
44503 c0a29000
44504 c0a28000
44505 c0a27000
44506 c0a26000
44507 c0a25000
44508 c0a24000
44509 c0a23000
44510 c0a22000
44511 c0a21000
44512 c0a20000
44513 c0a1f000
44514 c0a1e000
44515 c0a1d000
44516 c0a1c000
44517 c0a1b000
44518 c0a1a000
44519 c0a19000
44520 c0a18000
44521 c0a17000
44522 c0a16000
44523 c0a15000
44524 c0a14000
44525 c0a13000
44526 c0a12000
44527 c0a11000
44528 c0a10000
44529 c0a0f000
44530 c0a0e000
44531 c0a0d000
44532 c0a0c000
44533 c0a0b000
44534 c0a0a000
44535 c0a09000
44536 c0a08000
44537 c0a07000
44538 c0a06000
44539 c0a05000
44540 c0a04000
44541 c0a03000
44542 c0a02000
44543 c0a01000
44544 c0a00000
44545 c09ff000
44546 c09fe000
44547 c09fd000
44548 c09fc000
44549 c09fb000
44550 c09fa000
44551 c09f9000
44552 c09f8000
44553 c09f7000
44554 c09f6000
44555 c09f5000
44556 c09f4000
44557 c09f3000
44558 c09f2000
44559 c09f1000
44560 c09f0000
44561 c09ef000
44562 c09ee000
44563 c09ed000
44564 c09ec000
44565 c09eb000
44566 c09ea000
44567 c09e9000
44568 c09e8000
44569 c09e7000
44570 c09e6000
44571 c09e5000
44572 c09e4000
44573 c09e3000
44574 c09e2000
44575 c09e1000
44576 c09e0000
44577 c09df000
44578 c09de000
44579 c09dd000
44580 c09dc000
44581 c09db000
44582 c09da000
44583 c09d9000
44584 c09d8000
44585 c09d7000
44586 c09d6000
44587 c09d5000
44588 c09d4000
44589 c09d3000
44590 c09d2000
44591 c09d1000
44592 c09d0000
44593 c09cf000
44594 c09ce000
44595 c09cd000
44596 c09cc000
44597 c09cb000
44598 c09ca000
44599 c09c9000
44600 c09c8000
44601 c09c7000
44602 c09c6000
44603 c09c5000
44604 c09c4000
44605 c09c3000
44606 c09c2000
44607 c09c1000
44608 c09c0000
44609 c09bf000
44610 c09be000
44611 c09bd000
44612 c09bc000
44613 c09bb000
44614 c09ba000
44615 c09b9000
44616 c09b8000
44617 c09b7000
44618 c09b6000
44619 c09b5000
44620 c09b4000
44621 c09b3000
44622 c09b2000
44623 c09b1000
44624 c09b0000
44625 c09af000
44626 c09ae000
44627 c09ad000
44628 c09ac000
44629 c09ab000
44630 c09aa000
44631 c09a9000
44632 c09a8000
44633 c09a7000
44634 c09a6000
44635 c09a5000
44636 c09a4000
44637 c09a3000
44638 c09a2000
44639 c09a1000
44640 c09a0000
44641 c099f000
44642 c099e000
44643 c099d000
44644 c099c000
44645 c099b000
44646 c099a000
44647 c0999000
44648 c0998000
44649 c0997000
44650 c0996000
44651 c0995000
44652 c0994000
44653 c0993000
44654 c0992000
44655 c0991000
44656 c0990000
44657 c098f000
44658 c098e000
44659 c098d000
44660 c098c000
44661 c098b000
44662 c098a000
44663 c0989000
44664 c0988000
44665 c0987000
44666 c0986000
44667 c0985000
44668 c0984000
44669 c0983000
44670 c0982000
44671 c0981000
44672 c0980000
44673 c097f000
44674 c097e000
44675 c097d000
44676 c097c000
44677 c097b000
44678 c097a000
44679 c0979000
44680 c0978000
44681 c0977000
44682 c0976000
44683 c0975000
44684 c0974000
44685 c0973000
44686 c0972000
44687 c0971000
44688 c0970000
44689 c096f000
44690 c096e000
44691 c096d000
44692 c096c000
44693 c096b000
44694 c096a000
44695 c0969000
44696 c0968000
44697 c0967000
44698 c0966000
44699 c0965000
44700 c0964000
44701 c0963000
44702 c0962000
44703 c0961000
44704 c0960000
44705 c095f000
44706 c095e000
44707 c095d000
44708 c095c000
44709 c095b000
44710 c095a000
44711 c0959000
44712 c0958000
44713 c0957000
44714 c0956000
44715 c0955000
44716 c0954000
44717 c0953000
44718 c0952000
44719 c0951000
44720 c0950000
44721 c094f000
44722 c094e000
44723 c094d000
44724 c094c000
44725 c094b000
44726 c094a000
44727 c0949000
44728 c0948000
44729 c0947000
44730 c0946000
44731 c0945000
44732 c0944000
44733 c0943000
44734 c0942000
44735 c0941000
44736 c0940000
44737 c093f000
44738 c093e000
44739 c093d000
44740 c093c000
44741 c093b000
44742 c093a000
44743 c0939000
44744 c0938000
44745 c0937000
44746 c0936000
44747 c0935000
44748 c0934000
44749 c0933000
44750 c0932000
44751 c0931000
44752 c0930000
44753 c092f000
44754 c092e000
44755 c092d000
44756 c092c000
44757 c092b000
44758 c092a000
44759 c0929000
44760 c0928000
44761 c0927000
44762 c0926000
44763 c0925000
44764 c0924000
44765 c0923000
44766 c0922000
44767 c0921000
44768 c0920000
44769 c091f000
44770 c091e000
44771 c091d000
44772 c091c000
44773 c091b000
44774 c091a000
44775 c0919000
44776 c0918000
44777 c0917000
44778 c0916000
44779 c0915000
44780 c0914000
44781 c0913000
44782 c0912000
44783 c0911000
44784 c0910000
44785 c090f000
44786 c090e000
44787 c090d000
44788 c090c000
44789 c090b000
44790 c090a000
44791 c0909000
44792 c0908000
44793 c0907000
44794 c0906000
44795 c0905000
44796 c0904000
44797 c0903000
44798 c0902000
44799 c0901000
44800 c0900000
44801 c08ff000
44802 c08fe000
44803 c08fd000
44804 c08fc000
44805 c08fb000
44806 c08fa000
44807 c08f9000
44808 c08f8000
44809 c08f7000
44810 c08f6000
44811 c08f5000
44812 c08f4000
44813 c08f3000
44814 c08f2000
44815 c08f1000
44816 c08f0000
44817 c08ef000
44818 c08ee000
44819 c08ed000
44820 c08ec000
44821 c08eb000
44822 c08ea000
44823 c08e9000
44824 c08e8000
44825 c08e7000
44826 c08e6000
44827 c08e5000
44828 c08e4000
44829 c08e3000
44830 c08e2000
44831 c08e1000
44832 c08e0000
44833 c08df000
44834 c08de000
44835 c08dd000
44836 c08dc000
44837 c08db000
44838 c08da000
44839 c08d9000
44840 c08d8000
44841 c08d7000
44842 c08d6000
44843 c08d5000
44844 c08d4000
44845 c08d3000
44846 c08d2000
44847 c08d1000
44848 c08d0000
44849 c08cf000
44850 c08ce000
44851 c08cd000
44852 c08cc000
44853 c08cb000
44854 c08ca000
44855 c08c9000
44856 c08c8000
44857 c08c7000
44858 c08c6000
44859 c08c5000
44860 c08c4000
44861 c08c3000
44862 c08c2000
44863 c08c1000
44864 c08c0000
44865 c08bf000
44866 c08be000
44867 c08bd000
44868 c08bc000
44869 c08bb000
44870 c08ba000
44871 c08b9000
44872 c08b8000
44873 c08b7000
44874 c08b6000
44875 c08b5000
44876 c08b4000
44877 c08b3000
44878 c08b2000
44879 c08b1000
44880 c08b0000
44881 c08af000
44882 c08ae000
44883 c08ad000
44884 c08ac000
44885 c08ab000
44886 c08aa000
44887 c08a9000
44888 c08a8000
44889 c08a7000
44890 c08a6000
44891 c08a5000
44892 c08a4000
44893 c08a3000
44894 c08a2000
44895 c08a1000
44896 c08a0000
44897 c089f000
44898 c089e000
44899 c089d000
44900 c089c000
44901 c089b000
44902 c089a000
44903 c0899000
44904 c0898000
44905 c0897000
44906 c0896000
44907 c0895000
44908 c0894000
44909 c0893000
44910 c0892000
44911 c0891000
44912 c0890000
44913 c088f000
44914 c088e000
44915 c088d000
44916 c088c000
44917 c088b000
44918 c088a000
44919 c0889000
44920 c0888000
44921 c0887000
44922 c0886000
44923 c0885000
44924 c0884000
44925 c0883000
44926 c0882000
44927 c0881000
44928 c0880000
44929 c087f000
44930 c087e000
44931 c087d000
44932 c087c000
44933 c087b000
44934 c087a000
44935 c0879000
44936 c0878000
44937 c0877000
44938 c0876000
44939 c0875000
44940 c0874000
44941 c0873000
44942 c0872000
44943 c0871000
44944 c0870000
44945 c086f000
44946 c086e000
44947 c086d000
44948 c086c000
44949 c086b000
44950 c086a000
44951 c0869000
44952 c0868000
44953 c0867000
44954 c0866000
44955 c0865000
44956 c0864000
44957 c0863000
44958 c0862000
44959 c0861000
44960 c0860000
44961 c085f000
44962 c085e000
44963 c085d000
44964 c085c000
44965 c085b000
44966 c085a000
44967 c0859000
44968 c0858000
44969 c0857000
44970 c0856000
44971 c0855000
44972 c0854000
44973 c0853000
44974 c0852000
44975 c0851000
44976 c0850000
44977 c084f000
44978 c084e000
44979 c084d000
44980 c084c000
44981 c084b000
44982 c084a000
44983 c0849000
44984 c0848000
44985 c0847000
44986 c0846000
44987 c0845000
44988 c0844000
44989 c0843000
44990 c0842000
44991 c0841000
44992 c0840000
44993 c083f000
44994 c083e000
44995 c083d000
44996 c083c000
44997 c083b000
44998 c083a000
44999 c0839000
45000 c0838000
45001 c0837000
45002 c0836000
45003 c0835000
45004 c0834000
45005 c0833000
45006 c0832000
45007 c0831000
45008 c0830000
45009 c082f000
45010 c082e000
45011 c082d000
45012 c082c000
45013 c082b000
45014 c082a000
45015 c0829000
45016 c0828000
45017 c0827000
45018 c0826000
45019 c0825000
45020 c0824000
45021 c0823000
45022 c0822000
45023 c0821000
45024 c0820000
45025 c081f000
45026 c081e000
45027 c081d000
45028 c081c000
45029 c081b000
45030 c081a000
45031 c0819000
45032 c0818000
45033 c0817000
45034 c0816000
45035 c0815000
45036 c0814000
45037 c0813000
45038 c0812000
45039 c0811000
45040 c0810000
45041 c080f000
45042 c080e000
45043 c080d000
45044 c080c000
45045 c080b000
45046 c080a000
45047 c0809000
45048 c0808000
45049 c0807000
45050 c0806000
45051 c0805000
45052 c0804000
45053 c0803000
45054 c0802000
45055 c0801000
45056 c0800000
45057 c07ff000
45058 c07fe000
45059 c07fd000
45060 c07fc000
45061 c07fb000
45062 c07fa000
45063 c07f9000
45064 c07f8000
45065 c07f7000
45066 c07f6000
45067 c07f5000
45068 c07f4000
45069 c07f3000
45070 c07f2000
45071 c07f1000
45072 c07f0000
45073 c07ef000
45074 c07ee000
45075 c07ed000
45076 c07ec000
45077 c07eb000
45078 c07ea000
45079 c07e9000
45080 c07e8000
45081 c07e7000
45082 c07e6000
45083 c07e5000
45084 c07e4000
45085 c07e3000
45086 c07e2000
45087 c07e1000
45088 c07e0000
45089 c07df000
45090 c07de000
45091 c07dd000
45092 c07dc000
45093 c07db000
45094 c07da000
45095 c07d9000
45096 c07d8000
45097 c07d7000
45098 c07d6000
45099 c07d5000
45100 c07d4000
45101 c07d3000
45102 c07d2000
45103 c07d1000
45104 c07d0000
45105 c07cf000
45106 c07ce000
45107 c07cd000
45108 c07cc000
45109 c07cb000
45110 c07ca000
45111 c07c9000
45112 c07c8000
45113 c07c7000
45114 c07c6000
45115 c07c5000
45116 c07c4000
45117 c07c3000
45118 c07c2000
45119 c07c1000
45120 c07c0000
45121 c07bf000
45122 c07be000
45123 c07bd000
45124 c07bc000
45125 c07bb000
45126 c07ba000
45127 c07b9000
45128 c07b8000
45129 c07b7000
45130 c07b6000
45131 c07b5000
45132 c07b4000
45133 c07b3000
45134 c07b2000
45135 c07b1000
45136 c07b0000
45137 c07af000
45138 c07ae000
45139 c07ad000
45140 c07ac000
45141 c07ab000
45142 c07aa000
45143 c07a9000
45144 c07a8000
45145 c07a7000
45146 c07a6000
45147 c07a5000
45148 c07a4000
45149 c07a3000
45150 c07a2000
45151 c07a1000
45152 c07a0000
45153 c079f000
45154 c079e000
45155 c079d000
45156 c079c000
45157 c079b000
45158 c079a000
45159 c0799000
45160 c0798000
45161 c0797000
45162 c0796000
45163 c0795000
45164 c0794000
45165 c0793000
45166 c0792000
45167 c0791000
45168 c0790000
45169 c078f000
45170 c078e000
45171 c078d000
45172 c078c000
45173 c078b000
45174 c078a000
45175 c0789000
45176 c0788000
45177 c0787000
45178 c0786000
45179 c0785000
45180 c0784000
45181 c0783000
45182 c0782000
45183 c0781000
45184 c0780000
45185 c077f000
45186 c077e000
45187 c077d000
45188 c077c000
45189 c077b000
45190 c077a000
45191 c0779000
45192 c0778000
45193 c0777000
45194 c0776000
45195 c0775000
45196 c0774000
45197 c0773000
45198 c0772000
45199 c0771000
45200 c0770000
45201 c076f000
45202 c076e000
45203 c076d000
45204 c076c000
45205 c076b000
45206 c076a000
45207 c0769000
45208 c0768000
45209 c0767000
45210 c0766000
45211 c0765000
45212 c0764000
45213 c0763000
45214 c0762000
45215 c0761000
45216 c0760000
45217 c075f000
45218 c075e000
45219 c075d000
45220 c075c000
45221 c075b000
45222 c075a000
45223 c0759000
45224 c0758000
45225 c0757000
45226 c0756000
45227 c0755000
45228 c0754000
45229 c0753000
45230 c0752000
45231 c0751000
45232 c0750000
45233 c074f000
45234 c074e000
45235 c074d000
45236 c074c000
45237 c074b000
45238 c074a000
45239 c0749000
45240 c0748000
45241 c0747000
45242 c0746000
45243 c0745000
45244 c0744000
45245 c0743000
45246 c0742000
45247 c0741000
45248 c0740000
45249 c073f000
45250 c073e000
45251 c073d000
45252 c073c000
45253 c073b000
45254 c073a000
45255 c0739000
45256 c0738000
45257 c0737000
45258 c0736000
45259 c0735000
45260 c0734000
45261 c0733000
45262 c0732000
45263 c0731000
45264 c0730000
45265 c072f000
45266 c072e000
45267 c072d000
45268 c072c000
45269 c072b000
45270 c072a000
45271 c0729000
45272 c0728000
45273 c0727000
45274 c0726000
45275 c0725000
45276 c0724000
45277 c0723000
45278 c0722000
45279 c0721000
45280 c0720000
45281 c071f000
45282 c071e000
45283 c071d000
45284 c071c000
45285 c071b000
45286 c071a000
45287 c0719000
45288 c0718000
45289 c0717000
45290 c0716000
45291 c0715000
45292 c0714000
45293 c0713000
45294 c0712000
45295 c0711000
45296 c0710000
45297 c070f000
45298 c070e000
45299 c070d000
45300 c070c000
45301 c070b000
45302 c070a000
45303 c0709000
45304 c0708000
45305 c0707000
45306 c0706000
45307 c0705000
45308 c0704000
45309 c0703000
45310 c0702000
45311 c0701000
45312 c0700000
45313 c06ff000
45314 c06fe000
45315 c06fd000
45316 c06fc000
45317 c06fb000
45318 c06fa000
45319 c06f9000
45320 c06f8000
45321 c06f7000
45322 c06f6000
45323 c06f5000
45324 c06f4000
45325 c06f3000
45326 c06f2000
45327 c06f1000
45328 c06f0000
45329 c06ef000
45330 c06ee000
45331 c06ed000
45332 c06ec000
45333 c06eb000
45334 c06ea000
45335 c06e9000
45336 c06e8000
45337 c06e7000
45338 c06e6000
45339 c06e5000
45340 c06e4000
45341 c06e3000
45342 c06e2000
45343 c06e1000
45344 c06e0000
45345 c06df000
45346 c06de000
45347 c06dd000
45348 c06dc000
45349 c06db000
45350 c06da000
45351 c06d9000
45352 c06d8000
45353 c06d7000
45354 c06d6000
45355 c06d5000
45356 c06d4000
45357 c06d3000
45358 c06d2000
45359 c06d1000
45360 c06d0000
45361 c06cf000
45362 c06ce000
45363 c06cd000
45364 c06cc000
45365 c06cb000
45366 c06ca000
45367 c06c9000
45368 c06c8000
45369 c06c7000
45370 c06c6000
45371 c06c5000
45372 c06c4000
45373 c06c3000
45374 c06c2000
45375 c06c1000
45376 c06c0000
45377 c06bf000
45378 c06be000
45379 c06bd000
45380 c06bc000
45381 c06bb000
45382 c06ba000
45383 c06b9000
45384 c06b8000
45385 c06b7000
45386 c06b6000
45387 c06b5000
45388 c06b4000
45389 c06b3000
45390 c06b2000
45391 c06b1000
45392 c06b0000
45393 c06af000
45394 c06ae000
45395 c06ad000
45396 c06ac000
45397 c06ab000
45398 c06aa000
45399 c06a9000
45400 c06a8000
45401 c06a7000
45402 c06a6000
45403 c06a5000
45404 c06a4000
45405 c06a3000
45406 c06a2000
45407 c06a1000
45408 c06a0000
45409 c069f000
45410 c069e000
45411 c069d000
45412 c069c000
45413 c069b000
45414 c069a000
45415 c0699000
45416 c0698000
45417 c0697000
45418 c0696000
45419 c0695000
45420 c0694000
45421 c0693000
45422 c0692000
45423 c0691000
45424 c0690000
45425 c068f000
45426 c068e000
45427 c068d000
45428 c068c000
45429 c068b000
45430 c068a000
45431 c0689000
45432 c0688000
45433 c0687000
45434 c0686000
45435 c0685000
45436 c0684000
45437 c0683000
45438 c0682000
45439 c0681000
45440 c0680000
45441 c067f000
45442 c067e000
45443 c067d000
45444 c067c000
45445 c067b000
45446 c067a000
45447 c0679000
45448 c0678000
45449 c0677000
45450 c0676000
45451 c0675000
45452 c0674000
45453 c0673000
45454 c0672000
45455 c0671000
45456 c0670000
45457 c066f000
45458 c066e000
45459 c066d000
45460 c066c000
45461 c066b000
45462 c066a000
45463 c0669000
45464 c0668000
45465 c0667000
45466 c0666000
45467 c0665000
45468 c0664000
45469 c0663000
45470 c0662000
45471 c0661000
45472 c0660000
45473 c065f000
45474 c065e000
45475 c065d000
45476 c065c000
45477 c065b000
45478 c065a000
45479 c0659000
45480 c0658000
45481 c0657000
45482 c0656000
45483 c0655000
45484 c0654000
45485 c0653000
45486 c0652000
45487 c0651000
45488 c0650000
45489 c064f000
45490 c064e000
45491 c064d000
45492 c064c000
45493 c064b000
45494 c064a000
45495 c0649000
45496 c0648000
45497 c0647000
45498 c0646000
45499 c0645000
45500 c0644000
45501 c0643000
45502 c0642000
45503 c0641000
45504 c0640000
45505 c063f000
45506 c063e000
45507 c063d000
45508 c063c000
45509 c063b000
45510 c063a000
45511 c0639000
45512 c0638000
45513 c0637000
45514 c0636000
45515 c0635000
45516 c0634000
45517 c0633000
45518 c0632000
45519 c0631000
45520 c0630000
45521 c062f000
45522 c062e000
45523 c062d000
45524 c062c000
45525 c062b000
45526 c062a000
45527 c0629000
45528 c0628000
45529 c0627000
45530 c0626000
45531 c0625000
45532 c0624000
45533 c0623000
45534 c0622000
45535 c0621000
45536 c0620000
45537 c061f000
45538 c061e000
45539 c061d000
45540 c061c000
45541 c061b000
45542 c061a000
45543 c0619000
45544 c0618000
45545 c0617000
45546 c0616000
45547 c0615000
45548 c0614000
45549 c0613000
45550 c0612000
45551 c0611000
45552 c0610000
45553 c060f000
45554 c060e000
45555 c060d000
45556 c060c000
45557 c060b000
45558 c060a000
45559 c0609000
45560 c0608000
45561 c0607000
45562 c0606000
45563 c0605000
45564 c0604000
45565 c0603000
45566 c0602000
45567 c0601000
45568 c0600000
45569 c05ff000
45570 c05fe000
45571 c05fd000
45572 c05fc000
45573 c05fb000
45574 c05fa000
45575 c05f9000
45576 c05f8000
45577 c05f7000
45578 c05f6000
45579 c05f5000
45580 c05f4000
45581 c05f3000
45582 c05f2000
45583 c05f1000
45584 c05f0000
45585 c05ef000
45586 c05ee000
45587 c05ed000
45588 c05ec000
45589 c05eb000
45590 c05ea000
45591 c05e9000
45592 c05e8000
45593 c05e7000
45594 c05e6000
45595 c05e5000
45596 c05e4000
45597 c05e3000
45598 c05e2000
45599 c05e1000
45600 c05e0000
45601 c05df000
45602 c05de000
45603 c05dd000
45604 c05dc000
45605 c05db000
45606 c05da000
45607 c05d9000
45608 c05d8000
45609 c05d7000
45610 c05d6000
45611 c05d5000
45612 c05d4000
45613 c05d3000
45614 c05d2000
45615 c05d1000
45616 c05d0000
45617 c05cf000
45618 c05ce000
45619 c05cd000
45620 c05cc000
45621 c05cb000
45622 c05ca000
45623 c05c9000
45624 c05c8000
45625 c05c7000
45626 c05c6000
45627 c05c5000
45628 c05c4000
45629 c05c3000
45630 c05c2000
45631 c05c1000
45632 c05c0000
45633 c05bf000
45634 c05be000
45635 c05bd000
45636 c05bc000
45637 c05bb000
45638 c05ba000
45639 c05b9000
45640 c05b8000
45641 c05b7000
45642 c05b6000
45643 c05b5000
45644 c05b4000
45645 c05b3000
45646 c05b2000
45647 c05b1000
45648 c05b0000
45649 c05af000
45650 c05ae000
45651 c05ad000
45652 c05ac000
45653 c05ab000
45654 c05aa000
45655 c05a9000
45656 c05a8000
45657 c05a7000
45658 c05a6000
45659 c05a5000
45660 c05a4000
45661 c05a3000
45662 c05a2000
45663 c05a1000
45664 c05a0000
45665 c059f000
45666 c059e000
45667 c059d000
45668 c059c000
45669 c059b000
45670 c059a000
45671 c0599000
45672 c0598000
45673 c0597000
45674 c0596000
45675 c0595000
45676 c0594000
45677 c0593000
45678 c0592000
45679 c0591000
45680 c0590000
45681 c058f000
45682 c058e000
45683 c058d000
45684 c058c000
45685 c058b000
45686 c058a000
45687 c0589000
45688 c0588000
45689 c0587000
45690 c0586000
45691 c0585000
45692 c0584000
45693 c0583000
45694 c0582000
45695 c0581000
45696 c0580000
45697 c057f000
45698 c057e000
45699 c057d000
45700 c057c000
45701 c057b000
45702 c057a000
45703 c0579000
45704 c0578000
45705 c0577000
45706 c0576000
45707 c0575000
45708 c0574000
45709 c0573000
45710 c0572000
45711 c0571000
45712 c0570000
45713 c056f000
45714 c056e000
45715 c056d000
45716 c056c000
45717 c056b000
45718 c056a000
45719 c0569000
45720 c0568000
45721 c0567000
45722 c0566000
45723 c0565000
45724 c0564000
45725 c0563000
45726 c0562000
45727 c0561000
45728 c0560000
45729 c055f000
45730 c055e000
45731 c055d000
45732 c055c000
45733 c055b000
45734 c055a000
45735 c0559000
45736 c0558000
45737 c0557000
45738 c0556000
45739 c0555000
45740 c0554000
45741 c0553000
45742 c0552000
45743 c0551000
45744 c0550000
45745 c054f000
45746 c054e000
45747 c054d000
45748 c054c000
45749 c054b000
45750 c054a000
45751 c0549000
45752 c0548000
45753 c0547000
45754 c0546000
45755 c0545000
45756 c0544000
45757 c0543000
45758 c0542000
45759 c0541000
45760 c0540000
45761 c053f000
45762 c053e000
45763 c053d000
45764 c053c000
45765 c053b000
45766 c053a000
45767 c0539000
45768 c0538000
45769 c0537000
45770 c0536000
45771 c0535000
45772 c0534000
45773 c0533000
45774 c0532000
45775 c0531000
45776 c0530000
45777 c052f000
45778 c052e000
45779 c052d000
45780 c052c000
45781 c052b000
45782 c052a000
45783 c0529000
45784 c0528000
45785 c0527000
45786 c0526000
45787 c0525000
45788 c0524000
45789 c0523000
45790 c0522000
45791 c0521000
45792 c0520000
45793 c051f000
45794 c051e000
45795 c051d000
45796 c051c000
45797 c051b000
45798 c051a000
45799 c0519000
45800 c0518000
45801 c0517000
45802 c0516000
45803 c0515000
45804 c0514000
45805 c0513000
45806 c0512000
45807 c0511000
45808 c0510000
45809 c050f000
45810 c050e000
45811 c050d000
45812 c050c000
45813 c050b000
45814 c050a000
45815 c0509000
45816 c0508000
45817 c0507000
45818 c0506000
45819 c0505000
45820 c0504000
45821 c0503000
45822 c0502000
45823 c0501000
45824 c0500000
45825 c04ff000
45826 c04fe000
45827 c04fd000
45828 c04fc000
45829 c04fb000
45830 c04fa000
45831 c04f9000
45832 c04f8000
45833 c04f7000
45834 c04f6000
45835 c04f5000
45836 c04f4000
45837 c04f3000
45838 c04f2000
45839 c04f1000
45840 c04f0000
45841 c04ef000
45842 c04ee000
45843 c04ed000
45844 c04ec000
45845 c04eb000
45846 c04ea000
45847 c04e9000
45848 c04e8000
45849 c04e7000
45850 c04e6000
45851 c04e5000
45852 c04e4000
45853 c04e3000
45854 c04e2000
45855 c04e1000
45856 c04e0000
45857 c04df000
45858 c04de000
45859 c04dd000
45860 c04dc000
45861 c04db000
45862 c04da000
45863 c04d9000
45864 c04d8000
45865 c04d7000
45866 c04d6000
45867 c04d5000
45868 c04d4000
45869 c04d3000
45870 c04d2000
45871 c04d1000
45872 c04d0000
45873 c04cf000
45874 c04ce000
45875 c04cd000
45876 c04cc000
45877 c04cb000
45878 c04ca000
45879 c04c9000
45880 c04c8000
45881 c04c7000
45882 c04c6000
45883 c04c5000
45884 c04c4000
45885 c04c3000
45886 c04c2000
45887 c04c1000
45888 c04c0000
45889 c04bf000
45890 c04be000
45891 c04bd000
45892 c04bc000
45893 c04bb000
45894 c04ba000
45895 c04b9000
45896 c04b8000
45897 c04b7000
45898 c04b6000
45899 c04b5000
45900 c04b4000
45901 c04b3000
45902 c04b2000
45903 c04b1000
45904 c04b0000
45905 c04af000
45906 c04ae000
45907 c04ad000
45908 c04ac000
45909 c04ab000
45910 c04aa000
45911 c04a9000
45912 c04a8000
45913 c04a7000
45914 c04a6000
45915 c04a5000
45916 c04a4000
45917 c04a3000
45918 c04a2000
45919 c04a1000
45920 c04a0000
45921 c049f000
45922 c049e000
45923 c049d000
45924 c049c000
45925 c049b000
45926 c049a000
45927 c0499000
45928 c0498000
45929 c0497000
45930 c0496000
45931 c0495000
45932 c0494000
45933 c0493000
45934 c0492000
45935 c0491000
45936 c0490000
45937 c048f000
45938 c048e000
45939 c048d000
45940 c048c000
45941 c048b000
45942 c048a000
45943 c0489000
45944 c0488000
45945 c0487000
45946 c0486000
45947 c0485000
45948 c0484000
45949 c0483000
45950 c0482000
45951 c0481000
45952 c0480000
45953 c047f000
45954 c047e000
45955 c047d000
45956 c047c000
45957 c047b000
45958 c047a000
45959 c0479000
45960 c0478000
45961 c0477000
45962 c0476000
45963 c0475000
45964 c0474000
45965 c0473000
45966 c0472000
45967 c0471000
45968 c0470000
45969 c046f000
45970 c046e000
45971 c046d000
45972 c046c000
45973 c046b000
45974 c046a000
45975 c0469000
45976 c0468000
45977 c0467000
45978 c0466000
45979 c0465000
45980 c0464000
45981 c0463000
45982 c0462000
45983 c0461000
45984 c0460000
45985 c045f000
45986 c045e000
45987 c045d000
45988 c045c000
45989 c045b000
45990 c045a000
45991 c0459000
45992 c0458000
45993 c0457000
45994 c0456000
45995 c0455000
45996 c0454000
45997 c0453000
45998 c0452000
45999 c0451000
46000 c0450000
46001 c044f000
46002 c044e000
46003 c044d000
46004 c044c000
46005 c044b000
46006 c044a000
46007 c0449000
46008 c0448000
46009 c0447000
46010 c0446000
46011 c0445000
46012 c0444000
46013 c0443000
46014 c0442000
46015 c0441000
46016 c0440000
46017 c043f000
46018 c043e000
46019 c043d000
46020 c043c000
46021 c043b000
46022 c043a000
46023 c0439000
46024 c0438000
46025 c0437000
46026 c0436000
46027 c0435000
46028 c0434000
46029 c0433000
46030 c0432000
46031 c0431000
46032 c0430000
46033 c042f000
46034 c042e000
46035 c042d000
46036 c042c000
46037 c042b000
46038 c042a000
46039 c0429000
46040 c0428000
46041 c0427000
46042 c0426000
46043 c0425000
46044 c0424000
46045 c0423000
46046 c0422000
46047 c0421000
46048 c0420000
46049 c041f000
46050 c041e000
46051 c041d000
46052 c041c000
46053 c041b000
46054 c041a000
46055 c0419000
46056 c0418000
46057 c0417000
46058 c0416000
46059 c0415000
46060 c0414000
46061 c0413000
46062 c0412000
46063 c0411000
46064 c0410000
46065 c040f000
46066 c040e000
46067 c040d000
46068 c040c000
46069 c040b000
46070 c040a000
46071 c0409000
46072 c0408000
46073 c0407000
46074 c0406000
46075 c0405000
46076 c0404000
46077 c0403000
46078 c0402000
46079 c0401000
46080 c0400000
46081 c03ff000
46082 c03fe000
46083 c03fd000
46084 c03fc000
46085 c03fb000
46086 c03fa000
46087 c03f9000
46088 c03f8000
46089 c03f7000
46090 c03f6000
46091 c03f5000
46092 c03f4000
46093 c03f3000
46094 c03f2000
46095 c03f1000
46096 c03f0000
46097 c03ef000
46098 c03ee000
46099 c03ed000
46100 c03ec000
46101 c03eb000
46102 c03ea000
46103 c03e9000
46104 c03e8000
46105 c03e7000
46106 c03e6000
46107 c03e5000
46108 c03e4000
46109 c03e3000
46110 c03e2000
46111 c03e1000
46112 c03e0000
46113 c03df000
46114 c03de000
46115 c03dd000
46116 c03dc000
46117 c03db000
46118 c03da000
46119 c03d9000
46120 c03d8000
46121 c03d7000
46122 c03d6000
46123 c03d5000
46124 c03d4000
46125 c03d3000
46126 c03d2000
46127 c03d1000
46128 c03d0000
46129 c03cf000
46130 c03ce000
46131 c03cd000
46132 c03cc000
46133 c03cb000
46134 c03ca000
46135 c03c9000
46136 c03c8000
46137 c03c7000
46138 c03c6000
46139 c03c5000
46140 c03c4000
46141 c03c3000
46142 c03c2000
46143 c03c1000
46144 c03c0000
46145 c03bf000
46146 c03be000
46147 c03bd000
46148 c03bc000
46149 c03bb000
46150 c03ba000
46151 c03b9000
46152 c03b8000
46153 c03b7000
46154 c03b6000
46155 c03b5000
46156 c03b4000
46157 c03b3000
46158 c03b2000
46159 c03b1000
46160 c03b0000
46161 c03af000
46162 c03ae000
46163 c03ad000
46164 c03ac000
46165 c03ab000
46166 c03aa000
46167 c03a9000
46168 c03a8000
46169 c03a7000
46170 c03a6000
46171 c03a5000
46172 c03a4000
46173 c03a3000
46174 c03a2000
46175 c03a1000
46176 c03a0000
46177 c039f000
46178 c039e000
46179 c039d000
46180 c039c000
46181 c039b000
46182 c039a000
46183 c0399000
46184 c0398000
46185 c0397000
46186 c0396000
46187 c0395000
46188 c0394000
46189 c0393000
46190 c0392000
46191 c0391000
46192 c0390000
46193 c038f000
46194 c038e000
46195 c038d000
46196 c038c000
46197 c038b000
46198 c038a000
46199 c0389000
46200 c0388000
46201 c0387000
46202 c0386000
46203 c0385000
46204 c0384000
46205 c0383000
46206 c0382000
46207 c0381000
46208 c0380000
46209 c037f000
46210 c037e000
46211 c037d000
46212 c037c000
46213 c037b000
46214 c037a000
46215 c0379000
46216 c0378000
46217 c0377000
46218 c0376000
46219 c0375000
46220 c0374000
46221 c0373000
46222 c0372000
46223 c0371000
46224 c0370000
46225 c036f000
46226 c036e000
46227 c036d000
46228 c036c000
46229 c036b000
46230 c036a000
46231 c0369000
46232 c0368000
46233 c0367000
46234 c0366000
46235 c0365000
46236 c0364000
46237 c0363000
46238 c0362000
46239 c0361000
46240 c0360000
46241 c035f000
46242 c035e000
46243 c035d000
46244 c035c000
46245 c035b000
46246 c035a000
46247 c0359000
46248 c0358000
46249 c0357000
46250 c0356000
46251 c0355000
46252 c0354000
46253 c0353000
46254 c0352000
46255 c0351000
46256 c0350000
46257 c034f000
46258 c034e000
46259 c034d000
46260 c034c000
46261 c034b000
46262 c034a000
46263 c0349000
46264 c0348000
46265 c0347000
46266 c0346000
46267 c0345000
46268 c0344000
46269 c0343000
46270 c0342000
46271 c0341000
46272 c0340000
46273 c033f000
46274 c033e000
46275 c033d000
46276 c033c000
46277 c033b000
46278 c033a000
46279 c0339000
46280 c0338000
46281 c0337000
46282 c0336000
46283 c0335000
46284 c0334000
46285 c0333000
46286 c0332000
46287 c0331000
46288 c0330000
46289 c032f000
46290 c032e000
46291 c032d000
46292 c032c000
46293 c032b000
46294 c032a000
46295 c0329000
46296 c0328000
46297 c0327000
46298 c0326000
46299 c0325000
46300 c0324000
46301 c0323000
46302 c0322000
46303 c0321000
46304 c0320000
46305 c031f000
46306 c031e000
46307 c031d000
46308 c031c000
46309 c031b000
46310 c031a000
46311 c0319000
46312 c0318000
46313 c0317000
46314 c0316000
46315 c0315000
46316 c0314000
46317 c0313000
46318 c0312000
46319 c0311000
46320 c0310000
46321 c030f000
46322 c030e000
46323 c030d000
46324 c030c000
46325 c030b000
46326 c030a000
46327 c0309000
46328 c0308000
46329 c0307000
46330 c0306000
46331 c0305000
46332 c0304000
46333 c0303000
46334 c0302000
46335 c0301000
46336 c0300000
46337 c02ff000
46338 c02fe000
46339 c02fd000
46340 c02fc000
46341 c02fb000
46342 c02fa000
46343 c02f9000
46344 c02f8000
46345 c02f7000
46346 c02f6000
46347 c02f5000
46348 c02f4000
46349 c02f3000
46350 c02f2000
46351 c02f1000
46352 c02f0000
46353 c02ef000
46354 c02ee000
46355 c02ed000
46356 c02ec000
46357 c02eb000
46358 c02ea000
46359 c02e9000
46360 c02e8000
46361 c02e7000
46362 c02e6000
46363 c02e5000
46364 c02e4000
46365 c02e3000
46366 c02e2000
46367 c02e1000
46368 c02e0000
46369 c02df000
46370 c02de000
46371 c02dd000
46372 c02dc000
46373 c02db000
46374 c02da000
46375 c02d9000
46376 c02d8000
46377 c02d7000
46378 c02d6000
46379 c02d5000
46380 c02d4000
46381 c02d3000
46382 c02d2000
46383 c02d1000
46384 c02d0000
46385 c02cf000
46386 c02ce000
46387 c02cd000
46388 c02cc000
46389 c02cb000
46390 c02ca000
46391 c02c9000
46392 c02c8000
46393 c02c7000
46394 c02c6000
46395 c02c5000
46396 c02c4000
46397 c02c3000
46398 c02c2000
46399 c02c1000
46400 c02c0000
46401 c02bf000
46402 c02be000
46403 c02bd000
46404 c02bc000
46405 c02bb000
46406 c02ba000
46407 c02b9000
46408 c02b8000
46409 c02b7000
46410 c02b6000
46411 c02b5000
46412 c02b4000
46413 c02b3000
46414 c02b2000
46415 c02b1000
46416 c02b0000
46417 c02af000
46418 c02ae000
46419 c02ad000
46420 c02ac000
46421 c02ab000
46422 c02aa000
46423 c02a9000
46424 c02a8000
46425 c02a7000
46426 c02a6000
46427 c02a5000
46428 c02a4000
46429 c02a3000
46430 c02a2000
46431 c02a1000
46432 c02a0000
46433 c029f000
46434 c029e000
46435 c029d000
46436 c029c000
46437 c029b000
46438 c029a000
46439 c0299000
46440 c0298000
46441 c0297000
46442 c0296000
46443 c0295000
46444 c0294000
46445 c0293000
46446 c0292000
46447 c0291000
46448 c0290000
46449 c028f000
46450 c028e000
46451 c028d000
46452 c028c000
46453 c028b000
46454 c028a000
46455 c0289000
46456 c0288000
46457 c0287000
46458 c0286000
46459 c0285000
46460 c0284000
46461 c0283000
46462 c0282000
46463 c0281000
46464 c0280000
46465 c027f000
46466 c027e000
46467 c027d000
46468 c027c000
46469 c027b000
46470 c027a000
46471 c0279000
46472 c0278000
46473 c0277000
46474 c0276000
46475 c0275000
46476 c0274000
46477 c0273000
46478 c0272000
46479 c0271000
46480 c0270000
46481 c026f000
46482 c026e000
46483 c026d000
46484 c026c000
46485 c026b000
46486 c026a000
46487 c0269000
46488 c0268000
46489 c0267000
46490 c0266000
46491 c0265000
46492 c0264000
46493 c0263000
46494 c0262000
46495 c0261000
46496 c0260000
46497 c025f000
46498 c025e000
46499 c025d000
46500 c025c000
46501 c025b000
46502 c025a000
46503 c0259000
46504 c0258000
46505 c0257000
46506 c0256000
46507 c0255000
46508 c0254000
46509 c0253000
46510 c0252000
46511 c0251000
46512 c0250000
46513 c024f000
46514 c024e000
46515 c024d000
46516 c024c000
46517 c024b000
46518 c024a000
46519 c0249000
46520 c0248000
46521 c0247000
46522 c0246000
46523 c0245000
46524 c0244000
46525 c0243000
46526 c0242000
46527 c0241000
46528 c0240000
46529 c023f000
46530 c023e000
46531 c023d000
46532 c023c000
46533 c023b000
46534 c023a000
46535 c0239000
46536 c0238000
46537 c0237000
46538 c0236000
46539 c0235000
46540 c0234000
46541 c0233000
46542 c0232000
46543 c0231000
46544 c0230000
46545 c022f000
46546 c022e000
46547 c022d000
46548 c022c000
46549 c022b000
46550 c022a000
46551 c0229000
46552 c0228000
46553 c0227000
46554 c0226000
46555 c0225000
46556 c0224000
46557 c0223000
46558 c0222000
46559 c0221000
46560 c0220000
46561 c021f000
46562 c021e000
46563 c021d000
46564 c021c000
46565 c021b000
46566 c021a000
46567 c0219000
46568 c0218000
46569 c0217000
46570 c0216000
46571 c0215000
46572 c0214000
46573 c0213000
46574 c0212000
46575 c0211000
46576 c0210000
46577 c020f000
46578 c020e000
46579 c020d000
46580 c020c000
46581 c020b000
46582 c020a000
46583 c0209000
46584 c0208000
46585 c0207000
46586 c0206000
46587 c0205000
46588 c0204000
46589 c0203000
46590 c0202000
46591 c0201000
46592 c0200000
46593 c01ff000
46594 c01fe000
46595 c01fd000
46596 c01fc000
46597 c01fb000
46598 c01fa000
46599 c01f9000
46600 c01f8000
46601 c01f7000
46602 c01f6000
46603 c01f5000
46604 c01f4000
46605 c01f3000
46606 c01f2000
46607 c01f1000
46608 c01f0000
46609 c01ef000
46610 c01ee000
46611 c01ed000
46612 c01ec000
46613 c01eb000
46614 c01ea000
46615 c01e9000
46616 c01e8000
46617 c01e7000
46618 c01e6000
46619 c01e5000
46620 c01e4000
46621 c01e3000
46622 c01e2000
46623 c01e1000
46624 c01e0000
46625 c01df000
46626 c01de000
46627 c01dd000
46628 c01dc000
46629 c01db000
46630 c01da000
46631 c01d9000
46632 c01d8000
46633 c01d7000
46634 c01d6000
46635 c01d5000
46636 c01d4000
46637 c01d3000
46638 c01d2000
46639 c01d1000
46640 c01d0000
46641 c01cf000
46642 c01ce000
46643 c01cd000
46644 c01cc000
46645 c01cb000
46646 c01ca000
46647 c01c9000
46648 c01c8000
46649 c01c7000
46650 c01c6000
46651 c01c5000
46652 c01c4000
46653 c01c3000
46654 c01c2000
46655 c01c1000
46656 c01c0000
46657 c01bf000
46658 c01be000
46659 c01bd000
46660 c01bc000
46661 c01bb000
46662 c01ba000
46663 c01b9000
46664 c01b8000
46665 c01b7000
46666 c01b6000
46667 c01b5000
46668 c01b4000
46669 c01b3000
46670 c01b2000
46671 c01b1000
46672 c01b0000
46673 c01af000
46674 c01ae000
46675 c01ad000
46676 c01ac000
46677 c01ab000
46678 c01aa000
46679 c01a9000
46680 c01a8000
46681 c01a7000
46682 c01a6000
46683 c01a5000
46684 c01a4000
46685 c01a3000
46686 c01a2000
46687 c01a1000
46688 c01a0000
46689 c019f000
46690 c019e000
46691 c019d000
46692 c019c000
46693 c019b000
46694 c019a000
46695 c0199000
46696 c0198000
46697 c0197000
46698 c0196000
46699 c0195000
46700 c0194000
46701 c0193000
46702 c0192000
46703 c0191000
46704 c0190000
46705 c018f000
46706 c018e000
46707 c018d000
46708 c018c000
46709 c018b000
46710 c018a000
46711 c0189000
46712 c0188000
46713 c0187000
46714 c0186000
46715 c0185000
46716 c0184000
46717 c0183000
46718 c0182000
46719 c0181000
46720 c0180000
46721 c017f000
46722 c017e000
46723 c017d000
46724 c017c000
46725 c017b000
46726 c017a000
46727 c0179000
46728 c0178000
46729 c0177000
46730 c0176000
46731 c0175000
46732 c0174000
46733 c0173000
46734 c0172000
46735 c0171000
46736 c0170000
46737 c016f000
46738 c016e000
46739 c016d000
46740 c016c000
46741 c016b000
46742 c016a000
46743 c0169000
46744 c0168000
46745 c0167000
46746 c0166000
46747 c0165000
46748 c0164000
46749 c0163000
46750 c0162000
46751 c0161000
46752 c0160000
46753 c015f000
46754 c015e000
46755 c015d000
46756 c015c000
46757 c015b000
46758 c015a000
46759 c0159000
46760 c0158000
46761 c0157000
46762 c0156000
46763 c0155000
46764 c0154000
46765 c0153000
46766 c0152000
46767 c0151000
46768 c0150000
46769 c014f000
46770 c014e000
46771 c014d000
46772 c014c000
46773 c014b000
46774 c014a000
46775 c0149000
46776 c0148000
46777 c0147000
46778 c0146000
46779 c0145000
46780 c0144000
46781 c0143000
46782 c0142000
46783 c0141000
46784 c0140000
46785 c013f000
46786 c013e000
46787 c013d000
46788 c013c000
46789 c013b000
46790 c013a000
46791 c0139000
46792 c0138000
46793 c0137000
46794 c0136000
46795 c0135000
46796 c0134000
46797 c0133000
46798 c0132000
46799 c0131000
46800 c0130000
46801 c012f000
46802 c012e000
46803 c012d000
46804 c012c000
46805 c012b000
46806 c012a000
46807 c0129000
46808 c0128000
46809 c0127000
46810 c0126000
46811 c0125000
46812 c0124000
46813 c0123000
46814 c0122000
46815 c0121000
46816 c0120000
46817 c011f000
46818 c011e000
46819 c011d000
46820 c011c000
46821 c011b000
46822 c011a000
46823 c0119000
46824 c0118000
46825 c0117000
46826 c0116000
46827 c0115000
46828 c0114000
46829 c0113000
46830 c0112000
46831 c0111000
46832 c0110000
46833 c010f000
46834 c010e000
46835 c010d000
46836 c010c000
46837 c010b000
46838 c010a000
46839 c0109000
46840 c0108000
46841 c0107000
46842 c0106000
46843 c0105000
46844 c0104000
46845 c0103000
46846 c0102000
46847 c0101000
46848 c0100000
46849 c00ff000
46850 c00fe000
46851 c00fd000
46852 c00fc000
46853 c00fb000
46854 c00fa000
46855 c00f9000
46856 c00f8000
46857 c00f7000
46858 c00f6000
46859 c00f5000
46860 c00f4000
46861 c00f3000
46862 c00f2000
46863 c00f1000
46864 c00f0000
46865 c00ef000
46866 c00ee000
46867 c00ed000
46868 c00ec000
46869 c00eb000
46870 c00ea000
46871 c00e9000
46872 c00e8000
46873 c00e7000
46874 c00e6000
46875 c00e5000
46876 c00e4000
46877 c00e3000
46878 c00e2000
46879 c00e1000
46880 c00e0000
46881 c00df000
46882 c00de000
46883 c00dd000
46884 c00dc000
46885 c00db000
46886 c00da000
46887 c00d9000
46888 c00d8000
46889 c00d7000
46890 c00d6000
46891 c00d5000
46892 c00d4000
46893 c00d3000
46894 c00d2000
46895 c00d1000
46896 c00d0000
46897 c00cf000
46898 c00ce000
46899 c00cd000
46900 c00cc000
46901 c00cb000
46902 c00ca000
46903 c00c9000
46904 c00c8000
46905 c00c7000
46906 c00c6000
46907 c00c5000
46908 c00c4000
46909 c00c3000
46910 c00c2000
46911 c00c1000
46912 c00c0000
46913 c00bf000
46914 c00be000
46915 c00bd000
46916 c00bc000
46917 c00bb000
46918 c00ba000
46919 c00b9000
46920 c00b8000
46921 c00b7000
46922 c00b6000
46923 c00b5000
46924 c00b4000
46925 c00b3000
46926 c00b2000
46927 c00b1000
46928 c00b0000
46929 c00af000
46930 c00ae000
46931 c00ad000
46932 c00ac000
46933 c00ab000
46934 c00aa000
46935 c00a9000
46936 c00a8000
46937 c00a7000
46938 c00a6000
46939 c00a5000
46940 c00a4000
46941 c00a3000
46942 c00a2000
46943 c00a1000
46944 c00a0000
46945 c009f000
46946 c009e000
46947 c009d000
46948 c009c000
46949 c009b000
46950 c009a000
46951 c0099000
46952 c0098000
46953 c0097000
46954 c0096000
46955 c0095000
46956 c0094000
46957 c0093000
46958 c0092000
46959 c0091000
46960 c0090000
46961 c008f000
46962 c008e000
46963 c008d000
46964 c008c000
46965 c008b000
46966 c008a000
46967 c0089000
46968 c0088000
46969 c0087000
46970 c0086000
46971 c0085000
46972 c0084000
46973 c0083000
46974 c0082000
46975 c0081000
46976 c0080000
46977 c007f000
46978 c007e000
46979 c007d000
46980 c007c000
46981 c007b000
46982 c007a000
46983 c0079000
46984 c0078000
46985 c0077000
46986 c0076000
46987 c0075000
46988 c0074000
46989 c0073000
46990 c0072000
46991 c0071000
46992 c0070000
46993 c006f000
46994 c006e000
46995 c006d000
46996 c006c000
46997 c006b000
46998 c006a000
46999 c0069000
47000 c0068000
47001 c0067000
47002 c0066000
47003 c0065000
47004 c0064000
47005 c0063000
47006 c0062000
47007 c0061000
47008 c0060000
47009 c005f000
47010 c005e000
47011 c005d000
47012 c005c000
47013 c005b000
47014 c005a000
47015 c0059000
47016 c0058000
47017 c0057000
47018 c0056000
47019 c0055000
47020 c0054000
47021 c0053000
47022 c0052000
47023 c0051000
47024 c0050000
47025 c004f000
47026 c004e000
47027 c004d000
47028 c004c000
47029 c004b000
47030 c004a000
47031 c0049000
47032 c0048000
47033 c0047000
47034 c0046000
47035 c0045000
47036 c0044000
47037 c0043000
47038 c0042000
47039 c0041000
47040 c0040000
47041 c003f000
47042 c003e000
47043 c003d000
47044 c003c000
47045 c003b000
47046 c003a000
47047 c0039000
47048 c0038000
47049 c0037000
47050 c0036000
47051 c0035000
47052 c0034000
47053 c0033000
47054 c0032000
47055 c0031000
47056 c0030000
47057 c002f000
47058 c002e000
47059 c002d000
47060 c002c000
47061 c002b000
47062 c002a000
47063 c0029000
47064 c0028000
47065 c0027000
47066 c0026000
47067 c0025000
47068 c0024000
47069 c0023000
47070 c0022000
47071 c0021000
47072 c0020000
47073 c001f000
47074 c001e000
47075 c001d000
47076 c001c000
47077 c001b000
47078 c001a000
47079 c0019000
47080 c0018000
47081 c0017000
47082 c0016000
47083 c0015000
47084 c0014000
47085 c0013000
47086 c0012000
47087 c0011000
47088 c0010000
47089 c000f000
47090 c000e000
47091 c000d000
47092 c000c000
47093 c000b000
47094 c000a000
47095 c0009000
47096 c0008000
47097 c0007000
47098 c0006000
47099 c0005000
47100 c0004000
47101 c0003000
47102 c0002000
47103 c0001000
47104 c0000000
47105 bffff000
47106 bfffe000
47107 bfffd000
47108 bfffc000
47109 bfffb000
47110 bfffa000
47111 bfff9000
47112 bfff8000
47113 bfff7000
47114 bfff6000
47115 bfff5000
47116 bfff4000
47117 bfff3000
47118 bfff2000
47119 bfff1000
47120 bfff0000
47121 bffef000
47122 bffee000
47123 bffed000
47124 bffec000
47125 bffeb000
47126 bffea000
47127 bffe9000
47128 bffe8000
47129 bffe7000
47130 bffe6000
47131 bffe5000
47132 bffe4000
47133 bffe3000
47134 bffe2000
47135 bffe1000
47136 bffe0000
47137 bffdf000
47138 bffde000
47139 bffdd000
47140 bffdc000
47141 bffdb000
47142 bffda000
47143 bffd9000
47144 bffd8000
47145 bffd7000
47146 bffd6000
47147 bffd5000
47148 bffd4000
47149 bffd3000
47150 bffd2000
47151 bffd1000
47152 bffd0000
47153 bffcf000
47154 bffce000
47155 bffcd000
47156 bffcc000
47157 bffcb000
47158 bffca000
47159 bffc9000
47160 bffc8000
47161 bffc7000
47162 bffc6000
47163 bffc5000
47164 bffc4000
47165 bffc3000
47166 bffc2000
47167 bffc1000
47168 bffc0000
47169 bffbf000
47170 bffbe000
47171 bffbd000
47172 bffbc000
47173 bffbb000
47174 bffba000
47175 bffb9000
47176 bffb8000
47177 bffb7000
47178 bffb6000
47179 bffb5000
47180 bffb4000
47181 bffb3000
47182 bffb2000
47183 bffb1000
47184 bffb0000
47185 bffaf000
47186 bffae000
47187 bffad000
47188 bffac000
47189 bffab000
47190 bffaa000
47191 bffa9000
47192 bffa8000
47193 bffa7000
47194 bffa6000
47195 bffa5000
47196 bffa4000
47197 bffa3000
47198 bffa2000
47199 bffa1000
47200 bffa0000
47201 bff9f000
47202 bff9e000
47203 bff9d000
47204 bff9c000
47205 bff9b000
47206 bff9a000
47207 bff99000
47208 bff98000
47209 bff97000
47210 bff96000
47211 bff95000
47212 bff94000
47213 bff93000
47214 bff92000
47215 bff91000
47216 bff90000
47217 bff8f000
47218 bff8e000
47219 bff8d000
47220 bff8c000
47221 bff8b000
47222 bff8a000
47223 bff89000
47224 bff88000
47225 bff87000
47226 bff86000
47227 bff85000
47228 bff84000
47229 bff83000
47230 bff82000
47231 bff81000
47232 bff80000
47233 bff7f000
47234 bff7e000
47235 bff7d000
47236 bff7c000
47237 bff7b000
47238 bff7a000
47239 bff79000
47240 bff78000
47241 bff77000
47242 bff76000
47243 bff75000
47244 bff74000
47245 bff73000
47246 bff72000
47247 bff71000
47248 bff70000
47249 bff6f000
47250 bff6e000
47251 bff6d000
47252 bff6c000
47253 bff6b000
47254 bff6a000
47255 bff69000
47256 bff68000
47257 bff67000
47258 bff66000
47259 bff65000
47260 bff64000
47261 bff63000
47262 bff62000
47263 bff61000
47264 bff60000
47265 bff5f000
47266 bff5e000
47267 bff5d000
47268 bff5c000
47269 bff5b000
47270 bff5a000
47271 bff59000
47272 bff58000
47273 bff57000
47274 bff56000
47275 bff55000
47276 bff54000
47277 bff53000
47278 bff52000
47279 bff51000
47280 bff50000
47281 bff4f000
47282 bff4e000
47283 bff4d000
47284 bff4c000
47285 bff4b000
47286 bff4a000
47287 bff49000
47288 bff48000
47289 bff47000
47290 bff46000
47291 bff45000
47292 bff44000
47293 bff43000
47294 bff42000
47295 bff41000
47296 bff40000
47297 bff3f000
47298 bff3e000
47299 bff3d000
47300 bff3c000
47301 bff3b000
47302 bff3a000
47303 bff39000
47304 bff38000
47305 bff37000
47306 bff36000
47307 bff35000
47308 bff34000
47309 bff33000
47310 bff32000
47311 bff31000
47312 bff30000
47313 bff2f000
47314 bff2e000
47315 bff2d000
47316 bff2c000
47317 bff2b000
47318 bff2a000
47319 bff29000
47320 bff28000
47321 bff27000
47322 bff26000
47323 bff25000
47324 bff24000
47325 bff23000
47326 bff22000
47327 bff21000
47328 bff20000
47329 bff1f000
47330 bff1e000
47331 bff1d000
47332 bff1c000
47333 bff1b000
47334 bff1a000
47335 bff19000
47336 bff18000
47337 bff17000
47338 bff16000
47339 bff15000
47340 bff14000
47341 bff13000
47342 bff12000
47343 bff11000
47344 bff10000
47345 bff0f000
47346 bff0e000
47347 bff0d000
47348 bff0c000
47349 bff0b000
47350 bff0a000
47351 bff09000
47352 bff08000
47353 bff07000
47354 bff06000
47355 bff05000
47356 bff04000
47357 bff03000
47358 bff02000
47359 bff01000
47360 bff00000
47361 bfeff000
47362 bfefe000
47363 bfefd000
47364 bfefc000
47365 bfefb000
47366 bfefa000
47367 bfef9000
47368 bfef8000
47369 bfef7000
47370 bfef6000
47371 bfef5000
47372 bfef4000
47373 bfef3000
47374 bfef2000
47375 bfef1000
47376 bfef0000
47377 bfeef000
47378 bfeee000
47379 bfeed000
47380 bfeec000
47381 bfeeb000
47382 bfeea000
47383 bfee9000
47384 bfee8000
47385 bfee7000
47386 bfee6000
47387 bfee5000
47388 bfee4000
47389 bfee3000
47390 bfee2000
47391 bfee1000
47392 bfee0000
47393 bfedf000
47394 bfede000
47395 bfedd000
47396 bfedc000
47397 bfedb000
47398 bfeda000
47399 bfed9000
47400 bfed8000
47401 bfed7000
47402 bfed6000
47403 bfed5000
47404 bfed4000
47405 bfed3000
47406 bfed2000
47407 bfed1000
47408 bfed0000
47409 bfecf000
47410 bfece000
47411 bfecd000
47412 bfecc000
47413 bfecb000
47414 bfeca000
47415 bfec9000
47416 bfec8000
47417 bfec7000
47418 bfec6000
47419 bfec5000
47420 bfec4000
47421 bfec3000
47422 bfec2000
47423 bfec1000
47424 bfec0000
47425 bfebf000
47426 bfebe000
47427 bfebd000
47428 bfebc000
47429 bfebb000
47430 bfeba000
47431 bfeb9000
47432 bfeb8000
47433 bfeb7000
47434 bfeb6000
47435 bfeb5000
47436 bfeb4000
47437 bfeb3000
47438 bfeb2000
47439 bfeb1000
47440 bfeb0000
47441 bfeaf000
47442 bfeae000
47443 bfead000
47444 bfeac000
47445 bfeab000
47446 bfeaa000
47447 bfea9000
47448 bfea8000
47449 bfea7000
47450 bfea6000
47451 bfea5000
47452 bfea4000
47453 bfea3000
47454 bfea2000
47455 bfea1000
47456 bfea0000
47457 bfe9f000
47458 bfe9e000
47459 bfe9d000
47460 bfe9c000
47461 bfe9b000
47462 bfe9a000
47463 bfe99000
47464 bfe98000
47465 bfe97000
47466 bfe96000
47467 bfe95000
47468 bfe94000
47469 bfe93000
47470 bfe92000
47471 bfe91000
47472 bfe90000
47473 bfe8f000
47474 bfe8e000
47475 bfe8d000
47476 bfe8c000
47477 bfe8b000
47478 bfe8a000
47479 bfe89000
47480 bfe88000
47481 bfe87000
47482 bfe86000
47483 bfe85000
47484 bfe84000
47485 bfe83000
47486 bfe82000
47487 bfe81000
47488 bfe80000
47489 bfe7f000
47490 bfe7e000
47491 bfe7d000
47492 bfe7c000
47493 bfe7b000
47494 bfe7a000
47495 bfe79000
47496 bfe78000
47497 bfe77000
47498 bfe76000
47499 bfe75000
47500 bfe74000
47501 bfe73000
47502 bfe72000
47503 bfe71000
47504 bfe70000
47505 bfe6f000
47506 bfe6e000
47507 bfe6d000
47508 bfe6c000
47509 bfe6b000
47510 bfe6a000
47511 bfe69000
47512 bfe68000
47513 bfe67000
47514 bfe66000
47515 bfe65000
47516 bfe64000
47517 bfe63000
47518 bfe62000
47519 bfe61000
47520 bfe60000
47521 bfe5f000
47522 bfe5e000
47523 bfe5d000
47524 bfe5c000
47525 bfe5b000
47526 bfe5a000
47527 bfe59000
47528 bfe58000
47529 bfe57000
47530 bfe56000
47531 bfe55000
47532 bfe54000
47533 bfe53000
47534 bfe52000
47535 bfe51000
47536 bfe50000
47537 bfe4f000
47538 bfe4e000
47539 bfe4d000
47540 bfe4c000
47541 bfe4b000
47542 bfe4a000
47543 bfe49000
47544 bfe48000
47545 bfe47000
47546 bfe46000
47547 bfe45000
47548 bfe44000
47549 bfe43000
47550 bfe42000
47551 bfe41000
47552 bfe40000
47553 bfe3f000
47554 bfe3e000
47555 bfe3d000
47556 bfe3c000
47557 bfe3b000
47558 bfe3a000
47559 bfe39000
47560 bfe38000
47561 bfe37000
47562 bfe36000
47563 bfe35000
47564 bfe34000
47565 bfe33000
47566 bfe32000
47567 bfe31000
47568 bfe30000
47569 bfe2f000
47570 bfe2e000
47571 bfe2d000
47572 bfe2c000
47573 bfe2b000
47574 bfe2a000
47575 bfe29000
47576 bfe28000
47577 bfe27000
47578 bfe26000
47579 bfe25000
47580 bfe24000
47581 bfe23000
47582 bfe22000
47583 bfe21000
47584 bfe20000
47585 bfe1f000
47586 bfe1e000
47587 bfe1d000
47588 bfe1c000
47589 bfe1b000
47590 bfe1a000
47591 bfe19000
47592 bfe18000
47593 bfe17000
47594 bfe16000
47595 bfe15000
47596 bfe14000
47597 bfe13000
47598 bfe12000
47599 bfe11000
47600 bfe10000
47601 bfe0f000
47602 bfe0e000
47603 bfe0d000
47604 bfe0c000
47605 bfe0b000
47606 bfe0a000
47607 bfe09000
47608 bfe08000
47609 bfe07000
47610 bfe06000
47611 bfe05000
47612 bfe04000
47613 bfe03000
47614 bfe02000
47615 bfe01000
47616 bfe00000
47617 bfdff000
47618 bfdfe000
47619 bfdfd000
47620 bfdfc000
47621 bfdfb000
47622 bfdfa000
47623 bfdf9000
47624 bfdf8000
47625 bfdf7000
47626 bfdf6000
47627 bfdf5000
47628 bfdf4000
47629 bfdf3000
47630 bfdf2000
47631 bfdf1000
47632 bfdf0000
47633 bfdef000
47634 bfdee000
47635 bfded000
47636 bfdec000
47637 bfdeb000
47638 bfdea000
47639 bfde9000
47640 bfde8000
47641 bfde7000
47642 bfde6000
47643 bfde5000
47644 bfde4000
47645 bfde3000
47646 bfde2000
47647 bfde1000
47648 bfde0000
47649 bfddf000
47650 bfdde000
47651 bfddd000
47652 bfddc000
47653 bfddb000
47654 bfdda000
47655 bfdd9000
47656 bfdd8000
47657 bfdd7000
47658 bfdd6000
47659 bfdd5000
47660 bfdd4000
47661 bfdd3000
47662 bfdd2000
47663 bfdd1000
47664 bfdd0000
47665 bfdcf000
47666 bfdce000
47667 bfdcd000
47668 bfdcc000
47669 bfdcb000
47670 bfdca000
47671 bfdc9000
47672 bfdc8000
47673 bfdc7000
47674 bfdc6000
47675 bfdc5000
47676 bfdc4000
47677 bfdc3000
47678 bfdc2000
47679 bfdc1000
47680 bfdc0000
47681 bfdbf000
47682 bfdbe000
47683 bfdbd000
47684 bfdbc000
47685 bfdbb000
47686 bfdba000
47687 bfdb9000
47688 bfdb8000
47689 bfdb7000
47690 bfdb6000
47691 bfdb5000
47692 bfdb4000
47693 bfdb3000
47694 bfdb2000
47695 bfdb1000
47696 bfdb0000
47697 bfdaf000
47698 bfdae000
47699 bfdad000
47700 bfdac000
47701 bfdab000
47702 bfdaa000
47703 bfda9000
47704 bfda8000
47705 bfda7000
47706 bfda6000
47707 bfda5000
47708 bfda4000
47709 bfda3000
47710 bfda2000
47711 bfda1000
47712 bfda0000
47713 bfd9f000
47714 bfd9e000
47715 bfd9d000
47716 bfd9c000
47717 bfd9b000
47718 bfd9a000
47719 bfd99000
47720 bfd98000
47721 bfd97000
47722 bfd96000
47723 bfd95000
47724 bfd94000
47725 bfd93000
47726 bfd92000
47727 bfd91000
47728 bfd90000
47729 bfd8f000
47730 bfd8e000
47731 bfd8d000
47732 bfd8c000
47733 bfd8b000
47734 bfd8a000
47735 bfd89000
47736 bfd88000
47737 bfd87000
47738 bfd86000
47739 bfd85000
47740 bfd84000
47741 bfd83000
47742 bfd82000
47743 bfd81000
47744 bfd80000
47745 bfd7f000
47746 bfd7e000
47747 bfd7d000
47748 bfd7c000
47749 bfd7b000
47750 bfd7a000
47751 bfd79000
47752 bfd78000
47753 bfd77000
47754 bfd76000
47755 bfd75000
47756 bfd74000
47757 bfd73000
47758 bfd72000
47759 bfd71000
47760 bfd70000
47761 bfd6f000
47762 bfd6e000
47763 bfd6d000
47764 bfd6c000
47765 bfd6b000
47766 bfd6a000
47767 bfd69000
47768 bfd68000
47769 bfd67000
47770 bfd66000
47771 bfd65000
47772 bfd64000
47773 bfd63000
47774 bfd62000
47775 bfd61000
47776 bfd60000
47777 bfd5f000
47778 bfd5e000
47779 bfd5d000
47780 bfd5c000
47781 bfd5b000
47782 bfd5a000
47783 bfd59000
47784 bfd58000
47785 bfd57000
47786 bfd56000
47787 bfd55000
47788 bfd54000
47789 bfd53000
47790 bfd52000
47791 bfd51000
47792 bfd50000
47793 bfd4f000
47794 bfd4e000
47795 bfd4d000
47796 bfd4c000
47797 bfd4b000
47798 bfd4a000
47799 bfd49000
47800 bfd48000
47801 bfd47000
47802 bfd46000
47803 bfd45000
47804 bfd44000
47805 bfd43000
47806 bfd42000
47807 bfd41000
47808 bfd40000
47809 bfd3f000
47810 bfd3e000
47811 bfd3d000
47812 bfd3c000
47813 bfd3b000
47814 bfd3a000
47815 bfd39000
47816 bfd38000
47817 bfd37000
47818 bfd36000
47819 bfd35000
47820 bfd34000
47821 bfd33000
47822 bfd32000
47823 bfd31000
47824 bfd30000
47825 bfd2f000
47826 bfd2e000
47827 bfd2d000
47828 bfd2c000
47829 bfd2b000
47830 bfd2a000
47831 bfd29000
47832 bfd28000
47833 bfd27000
47834 bfd26000
47835 bfd25000
47836 bfd24000
47837 bfd23000
47838 bfd22000
47839 bfd21000
47840 bfd20000
47841 bfd1f000
47842 bfd1e000
47843 bfd1d000
47844 bfd1c000
47845 bfd1b000
47846 bfd1a000
47847 bfd19000
47848 bfd18000
47849 bfd17000
47850 bfd16000
47851 bfd15000
47852 bfd14000
47853 bfd13000
47854 bfd12000
47855 bfd11000
47856 bfd10000
47857 bfd0f000
47858 bfd0e000
47859 bfd0d000
47860 bfd0c000
47861 bfd0b000
47862 bfd0a000
47863 bfd09000
47864 bfd08000
47865 bfd07000
47866 bfd06000
47867 bfd05000
47868 bfd04000
47869 bfd03000
47870 bfd02000
47871 bfd01000
47872 bfd00000
47873 bfcff000
47874 bfcfe000
47875 bfcfd000
47876 bfcfc000
47877 bfcfb000
47878 bfcfa000
47879 bfcf9000
47880 bfcf8000
47881 bfcf7000
47882 bfcf6000
47883 bfcf5000
47884 bfcf4000
47885 bfcf3000
47886 bfcf2000
47887 bfcf1000
47888 bfcf0000
47889 bfcef000
47890 bfcee000
47891 bfced000
47892 bfcec000
47893 bfceb000
47894 bfcea000
47895 bfce9000
47896 bfce8000
47897 bfce7000
47898 bfce6000
47899 bfce5000
47900 bfce4000
47901 bfce3000
47902 bfce2000
47903 bfce1000
47904 bfce0000
47905 bfcdf000
47906 bfcde000
47907 bfcdd000
47908 bfcdc000
47909 bfcdb000
47910 bfcda000
47911 bfcd9000
47912 bfcd8000
47913 bfcd7000
47914 bfcd6000
47915 bfcd5000
47916 bfcd4000
47917 bfcd3000
47918 bfcd2000
47919 bfcd1000
47920 bfcd0000
47921 bfccf000
47922 bfcce000
47923 bfccd000
47924 bfccc000
47925 bfccb000
47926 bfcca000
47927 bfcc9000
47928 bfcc8000
47929 bfcc7000
47930 bfcc6000
47931 bfcc5000
47932 bfcc4000
47933 bfcc3000
47934 bfcc2000
47935 bfcc1000
47936 bfcc0000
47937 bfcbf000
47938 bfcbe000
47939 bfcbd000
47940 bfcbc000
47941 bfcbb000
47942 bfcba000
47943 bfcb9000
47944 bfcb8000
47945 bfcb7000
47946 bfcb6000
47947 bfcb5000
47948 bfcb4000
47949 bfcb3000
47950 bfcb2000
47951 bfcb1000
47952 bfcb0000
47953 bfcaf000
47954 bfcae000
47955 bfcad000
47956 bfcac000
47957 bfcab000
47958 bfcaa000
47959 bfca9000
47960 bfca8000
47961 bfca7000
47962 bfca6000
47963 bfca5000
47964 bfca4000
47965 bfca3000
47966 bfca2000
47967 bfca1000
47968 bfca0000
47969 bfc9f000
47970 bfc9e000
47971 bfc9d000
47972 bfc9c000
47973 bfc9b000
47974 bfc9a000
47975 bfc99000
47976 bfc98000
47977 bfc97000
47978 bfc96000
47979 bfc95000
47980 bfc94000
47981 bfc93000
47982 bfc92000
47983 bfc91000
47984 bfc90000
47985 bfc8f000
47986 bfc8e000
47987 bfc8d000
47988 bfc8c000
47989 bfc8b000
47990 bfc8a000
47991 bfc89000
47992 bfc88000
47993 bfc87000
47994 bfc86000
47995 bfc85000
47996 bfc84000
47997 bfc83000
47998 bfc82000
47999 bfc81000
48000 bfc80000
48001 bfc7f000
48002 bfc7e000
48003 bfc7d000
48004 bfc7c000
48005 bfc7b000
48006 bfc7a000
48007 bfc79000
48008 bfc78000
48009 bfc77000
48010 bfc76000
48011 bfc75000
48012 bfc74000
48013 bfc73000
48014 bfc72000
48015 bfc71000
48016 bfc70000
48017 bfc6f000
48018 bfc6e000
48019 bfc6d000
48020 bfc6c000
48021 bfc6b000
48022 bfc6a000
48023 bfc69000
48024 bfc68000
48025 bfc67000
48026 bfc66000
48027 bfc65000
48028 bfc64000
48029 bfc63000
48030 bfc62000
48031 bfc61000
48032 bfc60000
48033 bfc5f000
48034 bfc5e000
48035 bfc5d000
48036 bfc5c000
48037 bfc5b000
48038 bfc5a000
48039 bfc59000
48040 bfc58000
48041 bfc57000
48042 bfc56000
48043 bfc55000
48044 bfc54000
48045 bfc53000
48046 bfc52000
48047 bfc51000
48048 bfc50000
48049 bfc4f000
48050 bfc4e000
48051 bfc4d000
48052 bfc4c000
48053 bfc4b000
48054 bfc4a000
48055 bfc49000
48056 bfc48000
48057 bfc47000
48058 bfc46000
48059 bfc45000
48060 bfc44000
48061 bfc43000
48062 bfc42000
48063 bfc41000
48064 bfc40000
48065 bfc3f000
48066 bfc3e000
48067 bfc3d000
48068 bfc3c000
48069 bfc3b000
48070 bfc3a000
48071 bfc39000
48072 bfc38000
48073 bfc37000
48074 bfc36000
48075 bfc35000
48076 bfc34000
48077 bfc33000
48078 bfc32000
48079 bfc31000
48080 bfc30000
48081 bfc2f000
48082 bfc2e000
48083 bfc2d000
48084 bfc2c000
48085 bfc2b000
48086 bfc2a000
48087 bfc29000
48088 bfc28000
48089 bfc27000
48090 bfc26000
48091 bfc25000
48092 bfc24000
48093 bfc23000
48094 bfc22000
48095 bfc21000
48096 bfc20000
48097 bfc1f000
48098 bfc1e000
48099 bfc1d000
48100 bfc1c000
48101 bfc1b000
48102 bfc1a000
48103 bfc19000
48104 bfc18000
48105 bfc17000
48106 bfc16000
48107 bfc15000
48108 bfc14000
48109 bfc13000
48110 bfc12000
48111 bfc11000
48112 bfc10000
48113 bfc0f000
48114 bfc0e000
48115 bfc0d000
48116 bfc0c000
48117 bfc0b000
48118 bfc0a000
48119 bfc09000
48120 bfc08000
48121 bfc07000
48122 bfc06000
48123 bfc05000
48124 bfc04000
48125 bfc03000
48126 bfc02000
48127 bfc01000
48128 bfc00000
48129 bfbff000
48130 bfbfe000
48131 bfbfd000
48132 bfbfc000
48133 bfbfb000
48134 bfbfa000
48135 bfbf9000
48136 bfbf8000
48137 bfbf7000
48138 bfbf6000
48139 bfbf5000
48140 bfbf4000
48141 bfbf3000
48142 bfbf2000
48143 bfbf1000
48144 bfbf0000
48145 bfbef000
48146 bfbee000
48147 bfbed000
48148 bfbec000
48149 bfbeb000
48150 bfbea000
48151 bfbe9000
48152 bfbe8000
48153 bfbe7000
48154 bfbe6000
48155 bfbe5000
48156 bfbe4000
48157 bfbe3000
48158 bfbe2000
48159 bfbe1000
48160 bfbe0000
48161 bfbdf000
48162 bfbde000
48163 bfbdd000
48164 bfbdc000
48165 bfbdb000
48166 bfbda000
48167 bfbd9000
48168 bfbd8000
48169 bfbd7000
48170 bfbd6000
48171 bfbd5000
48172 bfbd4000
48173 bfbd3000
48174 bfbd2000
48175 bfbd1000
48176 bfbd0000
48177 bfbcf000
48178 bfbce000
48179 bfbcd000
48180 bfbcc000
48181 bfbcb000
48182 bfbca000
48183 bfbc9000
48184 bfbc8000
48185 bfbc7000
48186 bfbc6000
48187 bfbc5000
48188 bfbc4000
48189 bfbc3000
48190 bfbc2000
48191 bfbc1000
48192 bfbc0000
48193 bfbbf000
48194 bfbbe000
48195 bfbbd000
48196 bfbbc000
48197 bfbbb000
48198 bfbba000
48199 bfbb9000
48200 bfbb8000
48201 bfbb7000
48202 bfbb6000
48203 bfbb5000
48204 bfbb4000
48205 bfbb3000
48206 bfbb2000
48207 bfbb1000
48208 bfbb0000
48209 bfbaf000
48210 bfbae000
48211 bfbad000
48212 bfbac000
48213 bfbab000
48214 bfbaa000
48215 bfba9000
48216 bfba8000
48217 bfba7000
48218 bfba6000
48219 bfba5000
48220 bfba4000
48221 bfba3000
48222 bfba2000
48223 bfba1000
48224 bfba0000
48225 bfb9f000
48226 bfb9e000
48227 bfb9d000
48228 bfb9c000
48229 bfb9b000
48230 bfb9a000
48231 bfb99000
48232 bfb98000
48233 bfb97000
48234 bfb96000
48235 bfb95000
48236 bfb94000
48237 bfb93000
48238 bfb92000
48239 bfb91000
48240 bfb90000
48241 bfb8f000
48242 bfb8e000
48243 bfb8d000
48244 bfb8c000
48245 bfb8b000
48246 bfb8a000
48247 bfb89000
48248 bfb88000
48249 bfb87000
48250 bfb86000
48251 bfb85000
48252 bfb84000
48253 bfb83000
48254 bfb82000
48255 bfb81000
48256 bfb80000
48257 bfb7f000
48258 bfb7e000
48259 bfb7d000
48260 bfb7c000
48261 bfb7b000
48262 bfb7a000
48263 bfb79000
48264 bfb78000
48265 bfb77000
48266 bfb76000
48267 bfb75000
48268 bfb74000
48269 bfb73000
48270 bfb72000
48271 bfb71000
48272 bfb70000
48273 bfb6f000
48274 bfb6e000
48275 bfb6d000
48276 bfb6c000
48277 bfb6b000
48278 bfb6a000
48279 bfb69000
48280 bfb68000
48281 bfb67000
48282 bfb66000
48283 bfb65000
48284 bfb64000
48285 bfb63000
48286 bfb62000
48287 bfb61000
48288 bfb60000
48289 bfb5f000
48290 bfb5e000
48291 bfb5d000
48292 bfb5c000
48293 bfb5b000
48294 bfb5a000
48295 bfb59000
48296 bfb58000
48297 bfb57000
48298 bfb56000
48299 bfb55000
48300 bfb54000
48301 bfb53000
48302 bfb52000
48303 bfb51000
48304 bfb50000
48305 bfb4f000
48306 bfb4e000
48307 bfb4d000
48308 bfb4c000
48309 bfb4b000
48310 bfb4a000
48311 bfb49000
48312 bfb48000
48313 bfb47000
48314 bfb46000
48315 bfb45000
48316 bfb44000
48317 bfb43000
48318 bfb42000
48319 bfb41000
48320 bfb40000
48321 bfb3f000
48322 bfb3e000
48323 bfb3d000
48324 bfb3c000
48325 bfb3b000
48326 bfb3a000
48327 bfb39000
48328 bfb38000
48329 bfb37000
48330 bfb36000
48331 bfb35000
48332 bfb34000
48333 bfb33000
48334 bfb32000
48335 bfb31000
48336 bfb30000
48337 bfb2f000
48338 bfb2e000
48339 bfb2d000
48340 bfb2c000
48341 bfb2b000
48342 bfb2a000
48343 bfb29000
48344 bfb28000
48345 bfb27000
48346 bfb26000
48347 bfb25000
48348 bfb24000
48349 bfb23000
48350 bfb22000
48351 bfb21000
48352 bfb20000
48353 bfb1f000
48354 bfb1e000
48355 bfb1d000
48356 bfb1c000
48357 bfb1b000
48358 bfb1a000
48359 bfb19000
48360 bfb18000
48361 bfb17000
48362 bfb16000
48363 bfb15000
48364 bfb14000
48365 bfb13000
48366 bfb12000
48367 bfb11000
48368 bfb10000
48369 bfb0f000
48370 bfb0e000
48371 bfb0d000
48372 bfb0c000
48373 bfb0b000
48374 bfb0a000
48375 bfb09000
48376 bfb08000
48377 bfb07000
48378 bfb06000
48379 bfb05000
48380 bfb04000
48381 bfb03000
48382 bfb02000
48383 bfb01000
48384 bfb00000
48385 bfaff000
48386 bfafe000
48387 bfafd000
48388 bfafc000
48389 bfafb000
48390 bfafa000
48391 bfaf9000
48392 bfaf8000
48393 bfaf7000
48394 bfaf6000
48395 bfaf5000
48396 bfaf4000
48397 bfaf3000
48398 bfaf2000
48399 bfaf1000
48400 bfaf0000
48401 bfaef000
48402 bfaee000
48403 bfaed000
48404 bfaec000
48405 bfaeb000
48406 bfaea000
48407 bfae9000
48408 bfae8000
48409 bfae7000
48410 bfae6000
48411 bfae5000
48412 bfae4000
48413 bfae3000
48414 bfae2000
48415 bfae1000
48416 bfae0000
48417 bfadf000
48418 bfade000
48419 bfadd000
48420 bfadc000
48421 bfadb000
48422 bfada000
48423 bfad9000
48424 bfad8000
48425 bfad7000
48426 bfad6000
48427 bfad5000
48428 bfad4000
48429 bfad3000
48430 bfad2000
48431 bfad1000
48432 bfad0000
48433 bfacf000
48434 bface000
48435 bfacd000
48436 bfacc000
48437 bfacb000
48438 bfaca000
48439 bfac9000
48440 bfac8000
48441 bfac7000
48442 bfac6000
48443 bfac5000
48444 bfac4000
48445 bfac3000
48446 bfac2000
48447 bfac1000
48448 bfac0000
48449 bfabf000
48450 bfabe000
48451 bfabd000
48452 bfabc000
48453 bfabb000
48454 bfaba000
48455 bfab9000
48456 bfab8000
48457 bfab7000
48458 bfab6000
48459 bfab5000
48460 bfab4000
48461 bfab3000
48462 bfab2000
48463 bfab1000
48464 bfab0000
48465 bfaaf000
48466 bfaae000
48467 bfaad000
48468 bfaac000
48469 bfaab000
48470 bfaaa000
48471 bfaa9000
48472 bfaa8000
48473 bfaa7000
48474 bfaa6000
48475 bfaa5000
48476 bfaa4000
48477 bfaa3000
48478 bfaa2000
48479 bfaa1000
48480 bfaa0000
48481 bfa9f000
48482 bfa9e000
48483 bfa9d000
48484 bfa9c000
48485 bfa9b000
48486 bfa9a000
48487 bfa99000
48488 bfa98000
48489 bfa97000
48490 bfa96000
48491 bfa95000
48492 bfa94000
48493 bfa93000
48494 bfa92000
48495 bfa91000
48496 bfa90000
48497 bfa8f000
48498 bfa8e000
48499 bfa8d000
48500 bfa8c000
48501 bfa8b000
48502 bfa8a000
48503 bfa89000
48504 bfa88000
48505 bfa87000
48506 bfa86000
48507 bfa85000
48508 bfa84000
48509 bfa83000
48510 bfa82000
48511 bfa81000
48512 bfa80000
48513 bfa7f000
48514 bfa7e000
48515 bfa7d000
48516 bfa7c000
48517 bfa7b000
48518 bfa7a000
48519 bfa79000
48520 bfa78000
48521 bfa77000
48522 bfa76000
48523 bfa75000
48524 bfa74000
48525 bfa73000
48526 bfa72000
48527 bfa71000
48528 bfa70000
48529 bfa6f000
48530 bfa6e000
48531 bfa6d000
48532 bfa6c000
48533 bfa6b000
48534 bfa6a000
48535 bfa69000
48536 bfa68000
48537 bfa67000
48538 bfa66000
48539 bfa65000
48540 bfa64000
48541 bfa63000
48542 bfa62000
48543 bfa61000
48544 bfa60000
48545 bfa5f000
48546 bfa5e000
48547 bfa5d000
48548 bfa5c000
48549 bfa5b000
48550 bfa5a000
48551 bfa59000
48552 bfa58000
48553 bfa57000
48554 bfa56000
48555 bfa55000
48556 bfa54000
48557 bfa53000
48558 bfa52000
48559 bfa51000
48560 bfa50000
48561 bfa4f000
48562 bfa4e000
48563 bfa4d000
48564 bfa4c000
48565 bfa4b000
48566 bfa4a000
48567 bfa49000
48568 bfa48000
48569 bfa47000
48570 bfa46000
48571 bfa45000
48572 bfa44000
48573 bfa43000
48574 bfa42000
48575 bfa41000
48576 bfa40000
48577 bfa3f000
48578 bfa3e000
48579 bfa3d000
48580 bfa3c000
48581 bfa3b000
48582 bfa3a000
48583 bfa39000
48584 bfa38000
48585 bfa37000
48586 bfa36000
48587 bfa35000
48588 bfa34000
48589 bfa33000
48590 bfa32000
48591 bfa31000
48592 bfa30000
48593 bfa2f000
48594 bfa2e000
48595 bfa2d000
48596 bfa2c000
48597 bfa2b000
48598 bfa2a000
48599 bfa29000
48600 bfa28000
48601 bfa27000
48602 bfa26000
48603 bfa25000
48604 bfa24000
48605 bfa23000
48606 bfa22000
48607 bfa21000
48608 bfa20000
48609 bfa1f000
48610 bfa1e000
48611 bfa1d000
48612 bfa1c000
48613 bfa1b000
48614 bfa1a000
48615 bfa19000
48616 bfa18000
48617 bfa17000
48618 bfa16000
48619 bfa15000
48620 bfa14000
48621 bfa13000
48622 bfa12000
48623 bfa11000
48624 bfa10000
48625 bfa0f000
48626 bfa0e000
48627 bfa0d000
48628 bfa0c000
48629 bfa0b000
48630 bfa0a000
48631 bfa09000
48632 bfa08000
48633 bfa07000
48634 bfa06000
48635 bfa05000
48636 bfa04000
48637 bfa03000
48638 bfa02000
48639 bfa01000
48640 bfa00000
48641 bf9ff000
48642 bf9fe000
48643 bf9fd000
48644 bf9fc000
48645 bf9fb000
48646 bf9fa000
48647 bf9f9000
48648 bf9f8000
48649 bf9f7000
48650 bf9f6000
48651 bf9f5000
48652 bf9f4000
48653 bf9f3000
48654 bf9f2000
48655 bf9f1000
48656 bf9f0000
48657 bf9ef000
48658 bf9ee000
48659 bf9ed000
48660 bf9ec000
48661 bf9eb000
48662 bf9ea000
48663 bf9e9000
48664 bf9e8000
48665 bf9e7000
48666 bf9e6000
48667 bf9e5000
48668 bf9e4000
48669 bf9e3000
48670 bf9e2000
48671 bf9e1000
48672 bf9e0000
48673 bf9df000
48674 bf9de000
48675 bf9dd000
48676 bf9dc000
48677 bf9db000
48678 bf9da000
48679 bf9d9000
48680 bf9d8000
48681 bf9d7000
48682 bf9d6000
48683 bf9d5000
48684 bf9d4000
48685 bf9d3000
48686 bf9d2000
48687 bf9d1000
48688 bf9d0000
48689 bf9cf000
48690 bf9ce000
48691 bf9cd000
48692 bf9cc000
48693 bf9cb000
48694 bf9ca000
48695 bf9c9000
48696 bf9c8000
48697 bf9c7000
48698 bf9c6000
48699 bf9c5000
48700 bf9c4000
48701 bf9c3000
48702 bf9c2000
48703 bf9c1000
48704 bf9c0000
48705 bf9bf000
48706 bf9be000
48707 bf9bd000
48708 bf9bc000
48709 bf9bb000
48710 bf9ba000
48711 bf9b9000
48712 bf9b8000
48713 bf9b7000
48714 bf9b6000
48715 bf9b5000
48716 bf9b4000
48717 bf9b3000
48718 bf9b2000
48719 bf9b1000
48720 bf9b0000
48721 bf9af000
48722 bf9ae000
48723 bf9ad000
48724 bf9ac000
48725 bf9ab000
48726 bf9aa000
48727 bf9a9000
48728 bf9a8000
48729 bf9a7000
48730 bf9a6000
48731 bf9a5000
48732 bf9a4000
48733 bf9a3000
48734 bf9a2000
48735 bf9a1000
48736 bf9a0000
48737 bf99f000
48738 bf99e000
48739 bf99d000
48740 bf99c000
48741 bf99b000
48742 bf99a000
48743 bf999000
48744 bf998000
48745 bf997000
48746 bf996000
48747 bf995000
48748 bf994000
48749 bf993000
48750 bf992000
48751 bf991000
48752 bf990000
48753 bf98f000
48754 bf98e000
48755 bf98d000
48756 bf98c000
48757 bf98b000
48758 bf98a000
48759 bf989000
48760 bf988000
48761 bf987000
48762 bf986000
48763 bf985000
48764 bf984000
48765 bf983000
48766 bf982000
48767 bf981000
48768 bf980000
48769 bf97f000
48770 bf97e000
48771 bf97d000
48772 bf97c000
48773 bf97b000
48774 bf97a000
48775 bf979000
48776 bf978000
48777 bf977000
48778 bf976000
48779 bf975000
48780 bf974000
48781 bf973000
48782 bf972000
48783 bf971000
48784 bf970000
48785 bf96f000
48786 bf96e000
48787 bf96d000
48788 bf96c000
48789 bf96b000
48790 bf96a000
48791 bf969000
48792 bf968000
48793 bf967000
48794 bf966000
48795 bf965000
48796 bf964000
48797 bf963000
48798 bf962000
48799 bf961000
48800 bf960000
48801 bf95f000
48802 bf95e000
48803 bf95d000
48804 bf95c000
48805 bf95b000
48806 bf95a000
48807 bf959000
48808 bf958000
48809 bf957000
48810 bf956000
48811 bf955000
48812 bf954000
48813 bf953000
48814 bf952000
48815 bf951000
48816 bf950000
48817 bf94f000
48818 bf94e000
48819 bf94d000
48820 bf94c000
48821 bf94b000
48822 bf94a000
48823 bf949000
48824 bf948000
48825 bf947000
48826 bf946000
48827 bf945000
48828 bf944000
48829 bf943000
48830 bf942000
48831 bf941000
48832 bf940000
48833 bf93f000
48834 bf93e000
48835 bf93d000
48836 bf93c000
48837 bf93b000
48838 bf93a000
48839 bf939000
48840 bf938000
48841 bf937000
48842 bf936000
48843 bf935000
48844 bf934000
48845 bf933000
48846 bf932000
48847 bf931000
48848 bf930000
48849 bf92f000
48850 bf92e000
48851 bf92d000
48852 bf92c000
48853 bf92b000
48854 bf92a000
48855 bf929000
48856 bf928000
48857 bf927000
48858 bf926000
48859 bf925000
48860 bf924000
48861 bf923000
48862 bf922000
48863 bf921000
48864 bf920000
48865 bf91f000
48866 bf91e000
48867 bf91d000
48868 bf91c000
48869 bf91b000
48870 bf91a000
48871 bf919000
48872 bf918000
48873 bf917000
48874 bf916000
48875 bf915000
48876 bf914000
48877 bf913000
48878 bf912000
48879 bf911000
48880 bf910000
48881 bf90f000
48882 bf90e000
48883 bf90d000
48884 bf90c000
48885 bf90b000
48886 bf90a000
48887 bf909000
48888 bf908000
48889 bf907000
48890 bf906000
48891 bf905000
48892 bf904000
48893 bf903000
48894 bf902000
48895 bf901000
48896 bf900000
48897 bf8ff000
48898 bf8fe000
48899 bf8fd000
48900 bf8fc000
48901 bf8fb000
48902 bf8fa000
48903 bf8f9000
48904 bf8f8000
48905 bf8f7000
48906 bf8f6000
48907 bf8f5000
48908 bf8f4000
48909 bf8f3000
48910 bf8f2000
48911 bf8f1000
48912 bf8f0000
48913 bf8ef000
48914 bf8ee000
48915 bf8ed000
48916 bf8ec000
48917 bf8eb000
48918 bf8ea000
48919 bf8e9000
48920 bf8e8000
48921 bf8e7000
48922 bf8e6000
48923 bf8e5000
48924 bf8e4000
48925 bf8e3000
48926 bf8e2000
48927 bf8e1000
48928 bf8e0000
48929 bf8df000
48930 bf8de000
48931 bf8dd000
48932 bf8dc000
48933 bf8db000
48934 bf8da000
48935 bf8d9000
48936 bf8d8000
48937 bf8d7000
48938 bf8d6000
48939 bf8d5000
48940 bf8d4000
48941 bf8d3000
48942 bf8d2000
48943 bf8d1000
48944 bf8d0000
48945 bf8cf000
48946 bf8ce000
48947 bf8cd000
48948 bf8cc000
48949 bf8cb000
48950 bf8ca000
48951 bf8c9000
48952 bf8c8000
48953 bf8c7000
48954 bf8c6000
48955 bf8c5000
48956 bf8c4000
48957 bf8c3000
48958 bf8c2000
48959 bf8c1000
48960 bf8c0000
48961 bf8bf000
48962 bf8be000
48963 bf8bd000
48964 bf8bc000
48965 bf8bb000
48966 bf8ba000
48967 bf8b9000
48968 bf8b8000
48969 bf8b7000
48970 bf8b6000
48971 bf8b5000
48972 bf8b4000
48973 bf8b3000
48974 bf8b2000
48975 bf8b1000
48976 bf8b0000
48977 bf8af000
48978 bf8ae000
48979 bf8ad000
48980 bf8ac000
48981 bf8ab000
48982 bf8aa000
48983 bf8a9000
48984 bf8a8000
48985 bf8a7000
48986 bf8a6000
48987 bf8a5000
48988 bf8a4000
48989 bf8a3000
48990 bf8a2000
48991 bf8a1000
48992 bf8a0000
48993 bf89f000
48994 bf89e000
48995 bf89d000
48996 bf89c000
48997 bf89b000
48998 bf89a000
48999 bf899000
49000 bf898000
49001 bf897000
49002 bf896000
49003 bf895000
49004 bf894000
49005 bf893000
49006 bf892000
49007 bf891000
49008 bf890000
49009 bf88f000
49010 bf88e000
49011 bf88d000
49012 bf88c000
49013 bf88b000
49014 bf88a000
49015 bf889000
49016 bf888000
49017 bf887000
49018 bf886000
49019 bf885000
49020 bf884000
49021 bf883000
49022 bf882000
49023 bf881000
49024 bf880000
49025 bf87f000
49026 bf87e000
49027 bf87d000
49028 bf87c000
49029 bf87b000
49030 bf87a000
49031 bf879000
49032 bf878000
49033 bf877000
49034 bf876000
49035 bf875000
49036 bf874000
49037 bf873000
49038 bf872000
49039 bf871000
49040 bf870000
49041 bf86f000
49042 bf86e000
49043 bf86d000
49044 bf86c000
49045 bf86b000
49046 bf86a000
49047 bf869000
49048 bf868000
49049 bf867000
49050 bf866000
49051 bf865000
49052 bf864000
49053 bf863000
49054 bf862000
49055 bf861000
49056 bf860000
49057 bf85f000
49058 bf85e000
49059 bf85d000
49060 bf85c000
49061 bf85b000
49062 bf85a000
49063 bf859000
49064 bf858000
49065 bf857000
49066 bf856000
49067 bf855000
49068 bf854000
49069 bf853000
49070 bf852000
49071 bf851000
49072 bf850000
49073 bf84f000
49074 bf84e000
49075 bf84d000
49076 bf84c000
49077 bf84b000
49078 bf84a000
49079 bf849000
49080 bf848000
49081 bf847000
49082 bf846000
49083 bf845000
49084 bf844000
49085 bf843000
49086 bf842000
49087 bf841000
49088 bf840000
49089 bf83f000
49090 bf83e000
49091 bf83d000
49092 bf83c000
49093 bf83b000
49094 bf83a000
49095 bf839000
49096 bf838000
49097 bf837000
49098 bf836000
49099 bf835000
49100 bf834000
49101 bf833000
49102 bf832000
49103 bf831000
49104 bf830000
49105 bf82f000
49106 bf82e000
49107 bf82d000
49108 bf82c000
49109 bf82b000
49110 bf82a000
49111 bf829000
49112 bf828000
49113 bf827000
49114 bf826000
49115 bf825000
49116 bf824000
49117 bf823000
49118 bf822000
49119 bf821000
49120 bf820000
49121 bf81f000
49122 bf81e000
49123 bf81d000
49124 bf81c000
49125 bf81b000
49126 bf81a000
49127 bf819000
49128 bf818000
49129 bf817000
49130 bf816000
49131 bf815000
49132 bf814000
49133 bf813000
49134 bf812000
49135 bf811000
49136 bf810000
49137 bf80f000
49138 bf80e000
49139 bf80d000
49140 bf80c000
49141 bf80b000
49142 bf80a000
49143 bf809000
49144 bf808000
49145 bf807000
49146 bf806000
49147 bf805000
49148 bf804000
49149 bf803000
49150 bf802000
49151 bf801000
49152 bf800000
49153 bf7ff000
49154 bf7fe000
49155 bf7fd000
49156 bf7fc000
49157 bf7fb000
49158 bf7fa000
49159 bf7f9000
49160 bf7f8000
49161 bf7f7000
49162 bf7f6000
49163 bf7f5000
49164 bf7f4000
49165 bf7f3000
49166 bf7f2000
49167 bf7f1000
49168 bf7f0000
49169 bf7ef000
49170 bf7ee000
49171 bf7ed000
49172 bf7ec000
49173 bf7eb000
49174 bf7ea000
49175 bf7e9000
49176 bf7e8000
49177 bf7e7000
49178 bf7e6000
49179 bf7e5000
49180 bf7e4000
49181 bf7e3000
49182 bf7e2000
49183 bf7e1000
49184 bf7e0000
49185 bf7df000
49186 bf7de000
49187 bf7dd000
49188 bf7dc000
49189 bf7db000
49190 bf7da000
49191 bf7d9000
49192 bf7d8000
49193 bf7d7000
49194 bf7d6000
49195 bf7d5000
49196 bf7d4000
49197 bf7d3000
49198 bf7d2000
49199 bf7d1000
49200 bf7d0000
49201 bf7cf000
49202 bf7ce000
49203 bf7cd000
49204 bf7cc000
49205 bf7cb000
49206 bf7ca000
49207 bf7c9000
49208 bf7c8000
49209 bf7c7000
49210 bf7c6000
49211 bf7c5000
49212 bf7c4000
49213 bf7c3000
49214 bf7c2000
49215 bf7c1000
49216 bf7c0000
49217 bf7bf000
49218 bf7be000
49219 bf7bd000
49220 bf7bc000
49221 bf7bb000
49222 bf7ba000
49223 bf7b9000
49224 bf7b8000
49225 bf7b7000
49226 bf7b6000
49227 bf7b5000
49228 bf7b4000
49229 bf7b3000
49230 bf7b2000
49231 bf7b1000
49232 bf7b0000
49233 bf7af000
49234 bf7ae000
49235 bf7ad000
49236 bf7ac000
49237 bf7ab000
49238 bf7aa000
49239 bf7a9000
49240 bf7a8000
49241 bf7a7000
49242 bf7a6000
49243 bf7a5000
49244 bf7a4000
49245 bf7a3000
49246 bf7a2000
49247 bf7a1000
49248 bf7a0000
49249 bf79f000
49250 bf79e000
49251 bf79d000
49252 bf79c000
49253 bf79b000
49254 bf79a000
49255 bf799000
49256 bf798000
49257 bf797000
49258 bf796000
49259 bf795000
49260 bf794000
49261 bf793000
49262 bf792000
49263 bf791000
49264 bf790000
49265 bf78f000
49266 bf78e000
49267 bf78d000
49268 bf78c000
49269 bf78b000
49270 bf78a000
49271 bf789000
49272 bf788000
49273 bf787000
49274 bf786000
49275 bf785000
49276 bf784000
49277 bf783000
49278 bf782000
49279 bf781000
49280 bf780000
49281 bf77f000
49282 bf77e000
49283 bf77d000
49284 bf77c000
49285 bf77b000
49286 bf77a000
49287 bf779000
49288 bf778000
49289 bf777000
49290 bf776000
49291 bf775000
49292 bf774000
49293 bf773000
49294 bf772000
49295 bf771000
49296 bf770000
49297 bf76f000
49298 bf76e000
49299 bf76d000
49300 bf76c000
49301 bf76b000
49302 bf76a000
49303 bf769000
49304 bf768000
49305 bf767000
49306 bf766000
49307 bf765000
49308 bf764000
49309 bf763000
49310 bf762000
49311 bf761000
49312 bf760000
49313 bf75f000
49314 bf75e000
49315 bf75d000
49316 bf75c000
49317 bf75b000
49318 bf75a000
49319 bf759000
49320 bf758000
49321 bf757000
49322 bf756000
49323 bf755000
49324 bf754000
49325 bf753000
49326 bf752000
49327 bf751000
49328 bf750000
49329 bf74f000
49330 bf74e000
49331 bf74d000
49332 bf74c000
49333 bf74b000
49334 bf74a000
49335 bf749000
49336 bf748000
49337 bf747000
49338 bf746000
49339 bf745000
49340 bf744000
49341 bf743000
49342 bf742000
49343 bf741000
49344 bf740000
49345 bf73f000
49346 bf73e000
49347 bf73d000
49348 bf73c000
49349 bf73b000
49350 bf73a000
49351 bf739000
49352 bf738000
49353 bf737000
49354 bf736000
49355 bf735000
49356 bf734000
49357 bf733000
49358 bf732000
49359 bf731000
49360 bf730000
49361 bf72f000
49362 bf72e000
49363 bf72d000
49364 bf72c000
49365 bf72b000
49366 bf72a000
49367 bf729000
49368 bf728000
49369 bf727000
49370 bf726000
49371 bf725000
49372 bf724000
49373 bf723000
49374 bf722000
49375 bf721000
49376 bf720000
49377 bf71f000
49378 bf71e000
49379 bf71d000
49380 bf71c000
49381 bf71b000
49382 bf71a000
49383 bf719000
49384 bf718000
49385 bf717000
49386 bf716000
49387 bf715000
49388 bf714000
49389 bf713000
49390 bf712000
49391 bf711000
49392 bf710000
49393 bf70f000
49394 bf70e000
49395 bf70d000
49396 bf70c000
49397 bf70b000
49398 bf70a000
49399 bf709000
49400 bf708000
49401 bf707000
49402 bf706000
49403 bf705000
49404 bf704000
49405 bf703000
49406 bf702000
49407 bf701000
49408 bf700000
49409 bf6ff000
49410 bf6fe000
49411 bf6fd000
49412 bf6fc000
49413 bf6fb000
49414 bf6fa000
49415 bf6f9000
49416 bf6f8000
49417 bf6f7000
49418 bf6f6000
49419 bf6f5000
49420 bf6f4000
49421 bf6f3000
49422 bf6f2000
49423 bf6f1000
49424 bf6f0000
49425 bf6ef000
49426 bf6ee000
49427 bf6ed000
49428 bf6ec000
49429 bf6eb000
49430 bf6ea000
49431 bf6e9000
49432 bf6e8000
49433 bf6e7000
49434 bf6e6000
49435 bf6e5000
49436 bf6e4000
49437 bf6e3000
49438 bf6e2000
49439 bf6e1000
49440 bf6e0000
49441 bf6df000
49442 bf6de000
49443 bf6dd000
49444 bf6dc000
49445 bf6db000
49446 bf6da000
49447 bf6d9000
49448 bf6d8000
49449 bf6d7000
49450 bf6d6000
49451 bf6d5000
49452 bf6d4000
49453 bf6d3000
49454 bf6d2000
49455 bf6d1000
49456 bf6d0000
49457 bf6cf000
49458 bf6ce000
49459 bf6cd000
49460 bf6cc000
49461 bf6cb000
49462 bf6ca000
49463 bf6c9000
49464 bf6c8000
49465 bf6c7000
49466 bf6c6000
49467 bf6c5000
49468 bf6c4000
49469 bf6c3000
49470 bf6c2000
49471 bf6c1000
49472 bf6c0000
49473 bf6bf000
49474 bf6be000
49475 bf6bd000
49476 bf6bc000
49477 bf6bb000
49478 bf6ba000
49479 bf6b9000
49480 bf6b8000
49481 bf6b7000
49482 bf6b6000
49483 bf6b5000
49484 bf6b4000
49485 bf6b3000
49486 bf6b2000
49487 bf6b1000
49488 bf6b0000
49489 bf6af000
49490 bf6ae000
49491 bf6ad000
49492 bf6ac000
49493 bf6ab000
49494 bf6aa000
49495 bf6a9000
49496 bf6a8000
49497 bf6a7000
49498 bf6a6000
49499 bf6a5000
49500 bf6a4000
49501 bf6a3000
49502 bf6a2000
49503 bf6a1000
49504 bf6a0000
49505 bf69f000
49506 bf69e000
49507 bf69d000
49508 bf69c000
49509 bf69b000
49510 bf69a000
49511 bf699000
49512 bf698000
49513 bf697000
49514 bf696000
49515 bf695000
49516 bf694000
49517 bf693000
49518 bf692000
49519 bf691000
49520 bf690000
49521 bf68f000
49522 bf68e000
49523 bf68d000
49524 bf68c000
49525 bf68b000
49526 bf68a000
49527 bf689000
49528 bf688000
49529 bf687000
49530 bf686000
49531 bf685000
49532 bf684000
49533 bf683000
49534 bf682000
49535 bf681000
49536 bf680000
49537 bf67f000
49538 bf67e000
49539 bf67d000
49540 bf67c000
49541 bf67b000
49542 bf67a000
49543 bf679000
49544 bf678000
49545 bf677000
49546 bf676000
49547 bf675000
49548 bf674000
49549 bf673000
49550 bf672000
49551 bf671000
49552 bf670000
49553 bf66f000
49554 bf66e000
49555 bf66d000
49556 bf66c000
49557 bf66b000
49558 bf66a000
49559 bf669000
49560 bf668000
49561 bf667000
49562 bf666000
49563 bf665000
49564 bf664000
49565 bf663000
49566 bf662000
49567 bf661000
49568 bf660000
49569 bf65f000
49570 bf65e000
49571 bf65d000
49572 bf65c000
49573 bf65b000
49574 bf65a000
49575 bf659000
49576 bf658000
49577 bf657000
49578 bf656000
49579 bf655000
49580 bf654000
49581 bf653000
49582 bf652000
49583 bf651000
49584 bf650000
49585 bf64f000
49586 bf64e000
49587 bf64d000
49588 bf64c000
49589 bf64b000
49590 bf64a000
49591 bf649000
49592 bf648000
49593 bf647000
49594 bf646000
49595 bf645000
49596 bf644000
49597 bf643000
49598 bf642000
49599 bf641000
49600 bf640000
49601 bf63f000
49602 bf63e000
49603 bf63d000
49604 bf63c000
49605 bf63b000
49606 bf63a000
49607 bf639000
49608 bf638000
49609 bf637000
49610 bf636000
49611 bf635000
49612 bf634000
49613 bf633000
49614 bf632000
49615 bf631000
49616 bf630000
49617 bf62f000
49618 bf62e000
49619 bf62d000
49620 bf62c000
49621 bf62b000
49622 bf62a000
49623 bf629000
49624 bf628000
49625 bf627000
49626 bf626000
49627 bf625000
49628 bf624000
49629 bf623000
49630 bf622000
49631 bf621000
49632 bf620000
49633 bf61f000
49634 bf61e000
49635 bf61d000
49636 bf61c000
49637 bf61b000
49638 bf61a000
49639 bf619000
49640 bf618000
49641 bf617000
49642 bf616000
49643 bf615000
49644 bf614000
49645 bf613000
49646 bf612000
49647 bf611000
49648 bf610000
49649 bf60f000
49650 bf60e000
49651 bf60d000
49652 bf60c000
49653 bf60b000
49654 bf60a000
49655 bf609000
49656 bf608000
49657 bf607000
49658 bf606000
49659 bf605000
49660 bf604000
49661 bf603000
49662 bf602000
49663 bf601000
49664 bf600000
49665 bf5ff000
49666 bf5fe000
49667 bf5fd000
49668 bf5fc000
49669 bf5fb000
49670 bf5fa000
49671 bf5f9000
49672 bf5f8000
49673 bf5f7000
49674 bf5f6000
49675 bf5f5000
49676 bf5f4000
49677 bf5f3000
49678 bf5f2000
49679 bf5f1000
49680 bf5f0000
49681 bf5ef000
49682 bf5ee000
49683 bf5ed000
49684 bf5ec000
49685 bf5eb000
49686 bf5ea000
49687 bf5e9000
49688 bf5e8000
49689 bf5e7000
49690 bf5e6000
49691 bf5e5000
49692 bf5e4000
49693 bf5e3000
49694 bf5e2000
49695 bf5e1000
49696 bf5e0000
49697 bf5df000
49698 bf5de000
49699 bf5dd000
49700 bf5dc000
49701 bf5db000
49702 bf5da000
49703 bf5d9000
49704 bf5d8000
49705 bf5d7000
49706 bf5d6000
49707 bf5d5000
49708 bf5d4000
49709 bf5d3000
49710 bf5d2000
49711 bf5d1000
49712 bf5d0000
49713 bf5cf000
49714 bf5ce000
49715 bf5cd000
49716 bf5cc000
49717 bf5cb000
49718 bf5ca000
49719 bf5c9000
49720 bf5c8000
49721 bf5c7000
49722 bf5c6000
49723 bf5c5000
49724 bf5c4000
49725 bf5c3000
49726 bf5c2000
49727 bf5c1000
49728 bf5c0000
49729 bf5bf000
49730 bf5be000
49731 bf5bd000
49732 bf5bc000
49733 bf5bb000
49734 bf5ba000
49735 bf5b9000
49736 bf5b8000
49737 bf5b7000
49738 bf5b6000
49739 bf5b5000
49740 bf5b4000
49741 bf5b3000
49742 bf5b2000
49743 bf5b1000
49744 bf5b0000
49745 bf5af000
49746 bf5ae000
49747 bf5ad000
49748 bf5ac000
49749 bf5ab000
49750 bf5aa000
49751 bf5a9000
49752 bf5a8000
49753 bf5a7000
49754 bf5a6000
49755 bf5a5000
49756 bf5a4000
49757 bf5a3000
49758 bf5a2000
49759 bf5a1000
49760 bf5a0000
49761 bf59f000
49762 bf59e000
49763 bf59d000
49764 bf59c000
49765 bf59b000
49766 bf59a000
49767 bf599000
49768 bf598000
49769 bf597000
49770 bf596000
49771 bf595000
49772 bf594000
49773 bf593000
49774 bf592000
49775 bf591000
49776 bf590000
49777 bf58f000
49778 bf58e000
49779 bf58d000
49780 bf58c000
49781 bf58b000
49782 bf58a000
49783 bf589000
49784 bf588000
49785 bf587000
49786 bf586000
49787 bf585000
49788 bf584000
49789 bf583000
49790 bf582000
49791 bf581000
49792 bf580000
49793 bf57f000
49794 bf57e000
49795 bf57d000
49796 bf57c000
49797 bf57b000
49798 bf57a000
49799 bf579000
49800 bf578000
49801 bf577000
49802 bf576000
49803 bf575000
49804 bf574000
49805 bf573000
49806 bf572000
49807 bf571000
49808 bf570000
49809 bf56f000
49810 bf56e000
49811 bf56d000
49812 bf56c000
49813 bf56b000
49814 bf56a000
49815 bf569000
49816 bf568000
49817 bf567000
49818 bf566000
49819 bf565000
49820 bf564000
49821 bf563000
49822 bf562000
49823 bf561000
49824 bf560000
49825 bf55f000
49826 bf55e000
49827 bf55d000
49828 bf55c000
49829 bf55b000
49830 bf55a000
49831 bf559000
49832 bf558000
49833 bf557000
49834 bf556000
49835 bf555000
49836 bf554000
49837 bf553000
49838 bf552000
49839 bf551000
49840 bf550000
49841 bf54f000
49842 bf54e000
49843 bf54d000
49844 bf54c000
49845 bf54b000
49846 bf54a000
49847 bf549000
49848 bf548000
49849 bf547000
49850 bf546000
49851 bf545000
49852 bf544000
49853 bf543000
49854 bf542000
49855 bf541000
49856 bf540000
49857 bf53f000
49858 bf53e000
49859 bf53d000
49860 bf53c000
49861 bf53b000
49862 bf53a000
49863 bf539000
49864 bf538000
49865 bf537000
49866 bf536000
49867 bf535000
49868 bf534000
49869 bf533000
49870 bf532000
49871 bf531000
49872 bf530000
49873 bf52f000
49874 bf52e000
49875 bf52d000
49876 bf52c000
49877 bf52b000
49878 bf52a000
49879 bf529000
49880 bf528000
49881 bf527000
49882 bf526000
49883 bf525000
49884 bf524000
49885 bf523000
49886 bf522000
49887 bf521000
49888 bf520000
49889 bf51f000
49890 bf51e000
49891 bf51d000
49892 bf51c000
49893 bf51b000
49894 bf51a000
49895 bf519000
49896 bf518000
49897 bf517000
49898 bf516000
49899 bf515000
49900 bf514000
49901 bf513000
49902 bf512000
49903 bf511000
49904 bf510000
49905 bf50f000
49906 bf50e000
49907 bf50d000
49908 bf50c000
49909 bf50b000
49910 bf50a000
49911 bf509000
49912 bf508000
49913 bf507000
49914 bf506000
49915 bf505000
49916 bf504000
49917 bf503000
49918 bf502000
49919 bf501000
49920 bf500000
49921 bf4ff000
49922 bf4fe000
49923 bf4fd000
49924 bf4fc000
49925 bf4fb000
49926 bf4fa000
49927 bf4f9000
49928 bf4f8000
49929 bf4f7000
49930 bf4f6000
49931 bf4f5000
49932 bf4f4000
49933 bf4f3000
49934 bf4f2000
49935 bf4f1000
49936 bf4f0000
49937 bf4ef000
49938 bf4ee000
49939 bf4ed000
49940 bf4ec000
49941 bf4eb000
49942 bf4ea000
49943 bf4e9000
49944 bf4e8000
49945 bf4e7000
49946 bf4e6000
49947 bf4e5000
49948 bf4e4000
49949 bf4e3000
49950 bf4e2000
49951 bf4e1000
49952 bf4e0000
49953 bf4df000
49954 bf4de000
49955 bf4dd000
49956 bf4dc000
49957 bf4db000
49958 bf4da000
49959 bf4d9000
49960 bf4d8000
49961 bf4d7000
49962 bf4d6000
49963 bf4d5000
49964 bf4d4000
49965 bf4d3000
49966 bf4d2000
49967 bf4d1000
49968 bf4d0000
49969 bf4cf000
49970 bf4ce000
49971 bf4cd000
49972 bf4cc000
49973 bf4cb000
49974 bf4ca000
49975 bf4c9000
49976 bf4c8000
49977 bf4c7000
49978 bf4c6000
49979 bf4c5000
49980 bf4c4000
49981 bf4c3000
49982 bf4c2000
49983 bf4c1000
49984 bf4c0000
49985 bf4bf000
49986 bf4be000
49987 bf4bd000
49988 bf4bc000
49989 bf4bb000
49990 bf4ba000
49991 bf4b9000
49992 bf4b8000
49993 bf4b7000
49994 bf4b6000
49995 bf4b5000
49996 bf4b4000
49997 bf4b3000
49998 bf4b2000
49999 bf4b1000
50000 bf4b0000
50001 bf4af000
50002 bf4ae000
50003 bf4ad000
50004 bf4ac000
50005 bf4ab000
50006 bf4aa000
50007 bf4a9000
50008 bf4a8000
50009 bf4a7000
50010 bf4a6000
50011 bf4a5000
50012 bf4a4000
50013 bf4a3000
50014 bf4a2000
50015 bf4a1000
50016 bf4a0000
50017 bf49f000
50018 bf49e000
50019 bf49d000
50020 bf49c000
50021 bf49b000
50022 bf49a000
50023 bf499000
50024 bf498000
50025 bf497000
50026 bf496000
50027 bf495000
50028 bf494000
50029 bf493000
50030 bf492000
50031 bf491000
50032 bf490000
50033 bf48f000
50034 bf48e000
50035 bf48d000
50036 bf48c000
50037 bf48b000
50038 bf48a000
50039 bf489000
50040 bf488000
50041 bf487000
50042 bf486000
50043 bf485000
50044 bf484000
50045 bf483000
50046 bf482000
50047 bf481000
50048 bf480000
50049 bf47f000
50050 bf47e000
50051 bf47d000
50052 bf47c000
50053 bf47b000
50054 bf47a000
50055 bf479000
50056 bf478000
50057 bf477000
50058 bf476000
50059 bf475000
50060 bf474000
50061 bf473000
50062 bf472000
50063 bf471000
50064 bf470000
50065 bf46f000
50066 bf46e000
50067 bf46d000
50068 bf46c000
50069 bf46b000
50070 bf46a000
50071 bf469000
50072 bf468000
50073 bf467000
50074 bf466000
50075 bf465000
50076 bf464000
50077 bf463000
50078 bf462000
50079 bf461000
50080 bf460000
50081 bf45f000
50082 bf45e000
50083 bf45d000
50084 bf45c000
50085 bf45b000
50086 bf45a000
50087 bf459000
50088 bf458000
50089 bf457000
50090 bf456000
50091 bf455000
50092 bf454000
50093 bf453000
50094 bf452000
50095 bf451000
50096 bf450000
50097 bf44f000
50098 bf44e000
50099 bf44d000
50100 bf44c000
50101 bf44b000
50102 bf44a000
50103 bf449000
50104 bf448000
50105 bf447000
50106 bf446000
50107 bf445000
50108 bf444000
50109 bf443000
50110 bf442000
50111 bf441000
50112 bf440000
50113 bf43f000
50114 bf43e000
50115 bf43d000
50116 bf43c000
50117 bf43b000
50118 bf43a000
50119 bf439000
50120 bf438000
50121 bf437000
50122 bf436000
50123 bf435000
50124 bf434000
50125 bf433000
50126 bf432000
50127 bf431000
50128 bf430000
50129 bf42f000
50130 bf42e000
50131 bf42d000
50132 bf42c000
50133 bf42b000
50134 bf42a000
50135 bf429000
50136 bf428000
50137 bf427000
50138 bf426000
50139 bf425000
50140 bf424000
50141 bf423000
50142 bf422000
50143 bf421000
50144 bf420000
50145 bf41f000
50146 bf41e000
50147 bf41d000
50148 bf41c000
50149 bf41b000
50150 bf41a000
50151 bf419000
50152 bf418000
50153 bf417000
50154 bf416000
50155 bf415000
50156 bf414000
50157 bf413000
50158 bf412000
50159 bf411000
50160 bf410000
50161 bf40f000
50162 bf40e000
50163 bf40d000
50164 bf40c000
50165 bf40b000
50166 bf40a000
50167 bf409000
50168 bf408000
50169 bf407000
50170 bf406000
50171 bf405000
50172 bf404000
50173 bf403000
50174 bf402000
50175 bf401000
50176 bf400000
50177 bf3ff000
50178 bf3fe000
50179 bf3fd000
50180 bf3fc000
50181 bf3fb000
50182 bf3fa000
50183 bf3f9000
50184 bf3f8000
50185 bf3f7000
50186 bf3f6000
50187 bf3f5000
50188 bf3f4000
50189 bf3f3000
50190 bf3f2000
50191 bf3f1000
50192 bf3f0000
50193 bf3ef000
50194 bf3ee000
50195 bf3ed000
50196 bf3ec000
50197 bf3eb000
50198 bf3ea000
50199 bf3e9000
50200 bf3e8000
50201 bf3e7000
50202 bf3e6000
50203 bf3e5000
50204 bf3e4000
50205 bf3e3000
50206 bf3e2000
50207 bf3e1000
50208 bf3e0000
50209 bf3df000
50210 bf3de000
50211 bf3dd000
50212 bf3dc000
50213 bf3db000
50214 bf3da000
50215 bf3d9000
50216 bf3d8000
50217 bf3d7000
50218 bf3d6000
50219 bf3d5000
50220 bf3d4000
50221 bf3d3000
50222 bf3d2000
50223 bf3d1000
50224 bf3d0000
50225 bf3cf000
50226 bf3ce000
50227 bf3cd000
50228 bf3cc000
50229 bf3cb000
50230 bf3ca000
50231 bf3c9000
50232 bf3c8000
50233 bf3c7000
50234 bf3c6000
50235 bf3c5000
50236 bf3c4000
50237 bf3c3000
50238 bf3c2000
50239 bf3c1000
50240 bf3c0000
50241 bf3bf000
50242 bf3be000
50243 bf3bd000
50244 bf3bc000
50245 bf3bb000
50246 bf3ba000
50247 bf3b9000
50248 bf3b8000
50249 bf3b7000
50250 bf3b6000
50251 bf3b5000
50252 bf3b4000
50253 bf3b3000
50254 bf3b2000
50255 bf3b1000
50256 bf3b0000
50257 bf3af000
50258 bf3ae000
50259 bf3ad000
50260 bf3ac000
50261 bf3ab000
50262 bf3aa000
50263 bf3a9000
50264 bf3a8000
50265 bf3a7000
50266 bf3a6000
50267 bf3a5000
50268 bf3a4000
50269 bf3a3000
50270 bf3a2000
50271 bf3a1000
50272 bf3a0000
50273 bf39f000
50274 bf39e000
50275 bf39d000
50276 bf39c000
50277 bf39b000
50278 bf39a000
50279 bf399000
50280 bf398000
50281 bf397000
50282 bf396000
50283 bf395000
50284 bf394000
50285 bf393000
50286 bf392000
50287 bf391000
50288 bf390000
50289 bf38f000
50290 bf38e000
50291 bf38d000
50292 bf38c000
50293 bf38b000
50294 bf38a000
50295 bf389000
50296 bf388000
50297 bf387000
50298 bf386000
50299 bf385000
50300 bf384000
50301 bf383000
50302 bf382000
50303 bf381000
50304 bf380000
50305 bf37f000
50306 bf37e000
50307 bf37d000
50308 bf37c000
50309 bf37b000
50310 bf37a000
50311 bf379000
50312 bf378000
50313 bf377000
50314 bf376000
50315 bf375000
50316 bf374000
50317 bf373000
50318 bf372000
50319 bf371000
50320 bf370000
50321 bf36f000
50322 bf36e000
50323 bf36d000
50324 bf36c000
50325 bf36b000
50326 bf36a000
50327 bf369000
50328 bf368000
50329 bf367000
50330 bf366000
50331 bf365000
50332 bf364000
50333 bf363000
50334 bf362000
50335 bf361000
50336 bf360000
50337 bf35f000
50338 bf35e000
50339 bf35d000
50340 bf35c000
50341 bf35b000
50342 bf35a000
50343 bf359000
50344 bf358000
50345 bf357000
50346 bf356000
50347 bf355000
50348 bf354000
50349 bf353000
50350 bf352000
50351 bf351000
50352 bf350000
50353 bf34f000
50354 bf34e000
50355 bf34d000
50356 bf34c000
50357 bf34b000
50358 bf34a000
50359 bf349000
50360 bf348000
50361 bf347000
50362 bf346000
50363 bf345000
50364 bf344000
50365 bf343000
50366 bf342000
50367 bf341000
50368 bf340000
50369 bf33f000
50370 bf33e000
50371 bf33d000
50372 bf33c000
50373 bf33b000
50374 bf33a000
50375 bf339000
50376 bf338000
50377 bf337000
50378 bf336000
50379 bf335000
50380 bf334000
50381 bf333000
50382 bf332000
50383 bf331000
50384 bf330000
50385 bf32f000
50386 bf32e000
50387 bf32d000
50388 bf32c000
50389 bf32b000
50390 bf32a000
50391 bf329000
50392 bf328000
50393 bf327000
50394 bf326000
50395 bf325000
50396 bf324000
50397 bf323000
50398 bf322000
50399 bf321000
50400 bf320000
50401 bf31f000
50402 bf31e000
50403 bf31d000
50404 bf31c000
50405 bf31b000
50406 bf31a000
50407 bf319000
50408 bf318000
50409 bf317000
50410 bf316000
50411 bf315000
50412 bf314000
50413 bf313000
50414 bf312000
50415 bf311000
50416 bf310000
50417 bf30f000
50418 bf30e000
50419 bf30d000
50420 bf30c000
50421 bf30b000
50422 bf30a000
50423 bf309000
50424 bf308000
50425 bf307000
50426 bf306000
50427 bf305000
50428 bf304000
50429 bf303000
50430 bf302000
50431 bf301000
50432 bf300000
50433 bf2ff000
50434 bf2fe000
50435 bf2fd000
50436 bf2fc000
50437 bf2fb000
50438 bf2fa000
50439 bf2f9000
50440 bf2f8000
50441 bf2f7000
50442 bf2f6000
50443 bf2f5000
50444 bf2f4000
50445 bf2f3000
50446 bf2f2000
50447 bf2f1000
50448 bf2f0000
50449 bf2ef000
50450 bf2ee000
50451 bf2ed000
50452 bf2ec000
50453 bf2eb000
50454 bf2ea000
50455 bf2e9000
50456 bf2e8000
50457 bf2e7000
50458 bf2e6000
50459 bf2e5000
50460 bf2e4000
50461 bf2e3000
50462 bf2e2000
50463 bf2e1000
50464 bf2e0000
50465 bf2df000
50466 bf2de000
50467 bf2dd000
50468 bf2dc000
50469 bf2db000
50470 bf2da000
50471 bf2d9000
50472 bf2d8000
50473 bf2d7000
50474 bf2d6000
50475 bf2d5000
50476 bf2d4000
50477 bf2d3000
50478 bf2d2000
50479 bf2d1000
50480 bf2d0000
50481 bf2cf000
50482 bf2ce000
50483 bf2cd000
50484 bf2cc000
50485 bf2cb000
50486 bf2ca000
50487 bf2c9000
50488 bf2c8000
50489 bf2c7000
50490 bf2c6000
50491 bf2c5000
50492 bf2c4000
50493 bf2c3000
50494 bf2c2000
50495 bf2c1000
50496 bf2c0000
50497 bf2bf000
50498 bf2be000
50499 bf2bd000
50500 bf2bc000
50501 bf2bb000
50502 bf2ba000
50503 bf2b9000
50504 bf2b8000
50505 bf2b7000
50506 bf2b6000
50507 bf2b5000
50508 bf2b4000
50509 bf2b3000
50510 bf2b2000
50511 bf2b1000
50512 bf2b0000
50513 bf2af000
50514 bf2ae000
50515 bf2ad000
50516 bf2ac000
50517 bf2ab000
50518 bf2aa000
50519 bf2a9000
50520 bf2a8000
50521 bf2a7000
50522 bf2a6000
50523 bf2a5000
50524 bf2a4000
50525 bf2a3000
50526 bf2a2000
50527 bf2a1000
50528 bf2a0000
50529 bf29f000
50530 bf29e000
50531 bf29d000
50532 bf29c000
50533 bf29b000
50534 bf29a000
50535 bf299000
50536 bf298000
50537 bf297000
50538 bf296000
50539 bf295000
50540 bf294000
50541 bf293000
50542 bf292000
50543 bf291000
50544 bf290000
50545 bf28f000
50546 bf28e000
50547 bf28d000
50548 bf28c000
50549 bf28b000
50550 bf28a000
50551 bf289000
50552 bf288000
50553 bf287000
50554 bf286000
50555 bf285000
50556 bf284000
50557 bf283000
50558 bf282000
50559 bf281000
50560 bf280000
50561 bf27f000
50562 bf27e000
50563 bf27d000
50564 bf27c000
50565 bf27b000
50566 bf27a000
50567 bf279000
50568 bf278000
50569 bf277000
50570 bf276000
50571 bf275000
50572 bf274000
50573 bf273000
50574 bf272000
50575 bf271000
50576 bf270000
50577 bf26f000
50578 bf26e000
50579 bf26d000
50580 bf26c000
50581 bf26b000
50582 bf26a000
50583 bf269000
50584 bf268000
50585 bf267000
50586 bf266000
50587 bf265000
50588 bf264000
50589 bf263000
50590 bf262000
50591 bf261000
50592 bf260000
50593 bf25f000
50594 bf25e000
50595 bf25d000
50596 bf25c000
50597 bf25b000
50598 bf25a000
50599 bf259000
50600 bf258000
50601 bf257000
50602 bf256000
50603 bf255000
50604 bf254000
50605 bf253000
50606 bf252000
50607 bf251000
50608 bf250000
50609 bf24f000
50610 bf24e000
50611 bf24d000
50612 bf24c000
50613 bf24b000
50614 bf24a000
50615 bf249000
50616 bf248000
50617 bf247000
50618 bf246000
50619 bf245000
50620 bf244000
50621 bf243000
50622 bf242000
50623 bf241000
50624 bf240000
50625 bf23f000
50626 bf23e000
50627 bf23d000
50628 bf23c000
50629 bf23b000
50630 bf23a000
50631 bf239000
50632 bf238000
50633 bf237000
50634 bf236000
50635 bf235000
50636 bf234000
50637 bf233000
50638 bf232000
50639 bf231000
50640 bf230000
50641 bf22f000
50642 bf22e000
50643 bf22d000
50644 bf22c000
50645 bf22b000
50646 bf22a000
50647 bf229000
50648 bf228000
50649 bf227000
50650 bf226000
50651 bf225000
50652 bf224000
50653 bf223000
50654 bf222000
50655 bf221000
50656 bf220000
50657 bf21f000
50658 bf21e000
50659 bf21d000
50660 bf21c000
50661 bf21b000
50662 bf21a000
50663 bf219000
50664 bf218000
50665 bf217000
50666 bf216000
50667 bf215000
50668 bf214000
50669 bf213000
50670 bf212000
50671 bf211000
50672 bf210000
50673 bf20f000
50674 bf20e000
50675 bf20d000
50676 bf20c000
50677 bf20b000
50678 bf20a000
50679 bf209000
50680 bf208000
50681 bf207000
50682 bf206000
50683 bf205000
50684 bf204000
50685 bf203000
50686 bf202000
50687 bf201000
50688 bf200000
50689 bf1ff000
50690 bf1fe000
50691 bf1fd000
50692 bf1fc000
50693 bf1fb000
50694 bf1fa000
50695 bf1f9000
50696 bf1f8000
50697 bf1f7000
50698 bf1f6000
50699 bf1f5000
50700 bf1f4000
50701 bf1f3000
50702 bf1f2000
50703 bf1f1000
50704 bf1f0000
50705 bf1ef000
50706 bf1ee000
50707 bf1ed000
50708 bf1ec000
50709 bf1eb000
50710 bf1ea000
50711 bf1e9000
50712 bf1e8000
50713 bf1e7000
50714 bf1e6000
50715 bf1e5000
50716 bf1e4000
50717 bf1e3000
50718 bf1e2000
50719 bf1e1000
50720 bf1e0000
50721 bf1df000
50722 bf1de000
50723 bf1dd000
50724 bf1dc000
50725 bf1db000
50726 bf1da000
50727 bf1d9000
50728 bf1d8000
50729 bf1d7000
50730 bf1d6000
50731 bf1d5000
50732 bf1d4000
50733 bf1d3000
50734 bf1d2000
50735 bf1d1000
50736 bf1d0000
50737 bf1cf000
50738 bf1ce000
50739 bf1cd000
50740 bf1cc000
50741 bf1cb000
50742 bf1ca000
50743 bf1c9000
50744 bf1c8000
50745 bf1c7000
50746 bf1c6000
50747 bf1c5000
50748 bf1c4000
50749 bf1c3000
50750 bf1c2000
50751 bf1c1000
50752 bf1c0000
50753 bf1bf000
50754 bf1be000
50755 bf1bd000
50756 bf1bc000
50757 bf1bb000
50758 bf1ba000
50759 bf1b9000
50760 bf1b8000
50761 bf1b7000
50762 bf1b6000
50763 bf1b5000
50764 bf1b4000
50765 bf1b3000
50766 bf1b2000
50767 bf1b1000
50768 bf1b0000
50769 bf1af000
50770 bf1ae000
50771 bf1ad000
50772 bf1ac000
50773 bf1ab000
50774 bf1aa000
50775 bf1a9000
50776 bf1a8000
50777 bf1a7000
50778 bf1a6000
50779 bf1a5000
50780 bf1a4000
50781 bf1a3000
50782 bf1a2000
50783 bf1a1000
50784 bf1a0000
50785 bf19f000
50786 bf19e000
50787 bf19d000
50788 bf19c000
50789 bf19b000
50790 bf19a000
50791 bf199000
50792 bf198000
50793 bf197000
50794 bf196000
50795 bf195000
50796 bf194000
50797 bf193000
50798 bf192000
50799 bf191000
50800 bf190000
50801 bf18f000
50802 bf18e000
50803 bf18d000
50804 bf18c000
50805 bf18b000
50806 bf18a000
50807 bf189000
50808 bf188000
50809 bf187000
50810 bf186000
50811 bf185000
50812 bf184000
50813 bf183000
50814 bf182000
50815 bf181000
50816 bf180000
50817 bf17f000
50818 bf17e000
50819 bf17d000
50820 bf17c000
50821 bf17b000
50822 bf17a000
50823 bf179000
50824 bf178000
50825 bf177000
50826 bf176000
50827 bf175000
50828 bf174000
50829 bf173000
50830 bf172000
50831 bf171000
50832 bf170000
50833 bf16f000
50834 bf16e000
50835 bf16d000
50836 bf16c000
50837 bf16b000
50838 bf16a000
50839 bf169000
50840 bf168000
50841 bf167000
50842 bf166000
50843 bf165000
50844 bf164000
50845 bf163000
50846 bf162000
50847 bf161000
50848 bf160000
50849 bf15f000
50850 bf15e000
50851 bf15d000
50852 bf15c000
50853 bf15b000
50854 bf15a000
50855 bf159000
50856 bf158000
50857 bf157000
50858 bf156000
50859 bf155000
50860 bf154000
50861 bf153000
50862 bf152000
50863 bf151000
50864 bf150000
50865 bf14f000
50866 bf14e000
50867 bf14d000
50868 bf14c000
50869 bf14b000
50870 bf14a000
50871 bf149000
50872 bf148000
50873 bf147000
50874 bf146000
50875 bf145000
50876 bf144000
50877 bf143000
50878 bf142000
50879 bf141000
50880 bf140000
50881 bf13f000
50882 bf13e000
50883 bf13d000
50884 bf13c000
50885 bf13b000
50886 bf13a000
50887 bf139000
50888 bf138000
50889 bf137000
50890 bf136000
50891 bf135000
50892 bf134000
50893 bf133000
50894 bf132000
50895 bf131000
50896 bf130000
50897 bf12f000
50898 bf12e000
50899 bf12d000
50900 bf12c000
50901 bf12b000
50902 bf12a000
50903 bf129000
50904 bf128000
50905 bf127000
50906 bf126000
50907 bf125000
50908 bf124000
50909 bf123000
50910 bf122000
50911 bf121000
50912 bf120000
50913 bf11f000
50914 bf11e000
50915 bf11d000
50916 bf11c000
50917 bf11b000
50918 bf11a000
50919 bf119000
50920 bf118000
50921 bf117000
50922 bf116000
50923 bf115000
50924 bf114000
50925 bf113000
50926 bf112000
50927 bf111000
50928 bf110000
50929 bf10f000
50930 bf10e000
50931 bf10d000
50932 bf10c000
50933 bf10b000
50934 bf10a000
50935 bf109000
50936 bf108000
50937 bf107000
50938 bf106000
50939 bf105000
50940 bf104000
50941 bf103000
50942 bf102000
50943 bf101000
50944 bf100000
50945 bf0ff000
50946 bf0fe000
50947 bf0fd000
50948 bf0fc000
50949 bf0fb000
50950 bf0fa000
50951 bf0f9000
50952 bf0f8000
50953 bf0f7000
50954 bf0f6000
50955 bf0f5000
50956 bf0f4000
50957 bf0f3000
50958 bf0f2000
50959 bf0f1000
50960 bf0f0000
50961 bf0ef000
50962 bf0ee000
50963 bf0ed000
50964 bf0ec000
50965 bf0eb000
50966 bf0ea000
50967 bf0e9000
50968 bf0e8000
50969 bf0e7000
50970 bf0e6000
50971 bf0e5000
50972 bf0e4000
50973 bf0e3000
50974 bf0e2000
50975 bf0e1000
50976 bf0e0000
50977 bf0df000
50978 bf0de000
50979 bf0dd000
50980 bf0dc000
50981 bf0db000
50982 bf0da000
50983 bf0d9000
50984 bf0d8000
50985 bf0d7000
50986 bf0d6000
50987 bf0d5000
50988 bf0d4000
50989 bf0d3000
50990 bf0d2000
50991 bf0d1000
50992 bf0d0000
50993 bf0cf000
50994 bf0ce000
50995 bf0cd000
50996 bf0cc000
50997 bf0cb000
50998 bf0ca000
50999 bf0c9000
51000 bf0c8000
51001 bf0c7000
51002 bf0c6000
51003 bf0c5000
51004 bf0c4000
51005 bf0c3000
51006 bf0c2000
51007 bf0c1000
51008 bf0c0000
51009 bf0bf000
51010 bf0be000
51011 bf0bd000
51012 bf0bc000
51013 bf0bb000
51014 bf0ba000
51015 bf0b9000
51016 bf0b8000
51017 bf0b7000
51018 bf0b6000
51019 bf0b5000
51020 bf0b4000
51021 bf0b3000
51022 bf0b2000
51023 bf0b1000
51024 bf0b0000
51025 bf0af000
51026 bf0ae000
51027 bf0ad000
51028 bf0ac000
51029 bf0ab000
51030 bf0aa000
51031 bf0a9000
51032 bf0a8000
51033 bf0a7000
51034 bf0a6000
51035 bf0a5000
51036 bf0a4000
51037 bf0a3000
51038 bf0a2000
51039 bf0a1000
51040 bf0a0000
51041 bf09f000
51042 bf09e000
51043 bf09d000
51044 bf09c000
51045 bf09b000
51046 bf09a000
51047 bf099000
51048 bf098000
51049 bf097000
51050 bf096000
51051 bf095000
51052 bf094000
51053 bf093000
51054 bf092000
51055 bf091000
51056 bf090000
51057 bf08f000
51058 bf08e000
51059 bf08d000
51060 bf08c000
51061 bf08b000
51062 bf08a000
51063 bf089000
51064 bf088000
51065 bf087000
51066 bf086000
51067 bf085000
51068 bf084000
51069 bf083000
51070 bf082000
51071 bf081000
51072 bf080000
51073 bf07f000
51074 bf07e000
51075 bf07d000
51076 bf07c000
51077 bf07b000
51078 bf07a000
51079 bf079000
51080 bf078000
51081 bf077000
51082 bf076000
51083 bf075000
51084 bf074000
51085 bf073000
51086 bf072000
51087 bf071000
51088 bf070000
51089 bf06f000
51090 bf06e000
51091 bf06d000
51092 bf06c000
51093 bf06b000
51094 bf06a000
51095 bf069000
51096 bf068000
51097 bf067000
51098 bf066000
51099 bf065000
51100 bf064000
51101 bf063000
51102 bf062000
51103 bf061000
51104 bf060000
51105 bf05f000
51106 bf05e000
51107 bf05d000
51108 bf05c000
51109 bf05b000
51110 bf05a000
51111 bf059000
51112 bf058000
51113 bf057000
51114 bf056000
51115 bf055000
51116 bf054000
51117 bf053000
51118 bf052000
51119 bf051000
51120 bf050000
51121 bf04f000
51122 bf04e000
51123 bf04d000
51124 bf04c000
51125 bf04b000
51126 bf04a000
51127 bf049000
51128 bf048000
51129 bf047000
51130 bf046000
51131 bf045000
51132 bf044000
51133 bf043000
51134 bf042000
51135 bf041000
51136 bf040000
51137 bf03f000
51138 bf03e000
51139 bf03d000
51140 bf03c000
51141 bf03b000
51142 bf03a000
51143 bf039000
51144 bf038000
51145 bf037000
51146 bf036000
51147 bf035000
51148 bf034000
51149 bf033000
51150 bf032000
51151 bf031000
51152 bf030000
51153 bf02f000
51154 bf02e000
51155 bf02d000
51156 bf02c000
51157 bf02b000
51158 bf02a000
51159 bf029000
51160 bf028000
51161 bf027000
51162 bf026000
51163 bf025000
51164 bf024000
51165 bf023000
51166 bf022000
51167 bf021000
51168 bf020000
51169 bf01f000
51170 bf01e000
51171 bf01d000
51172 bf01c000
51173 bf01b000
51174 bf01a000
51175 bf019000
51176 bf018000
51177 bf017000
51178 bf016000
51179 bf015000
51180 bf014000
51181 bf013000
51182 bf012000
51183 bf011000
51184 bf010000
51185 bf00f000
51186 bf00e000
51187 bf00d000
51188 bf00c000
51189 bf00b000
51190 bf00a000
51191 bf009000
51192 bf008000
51193 bf007000
51194 bf006000
51195 bf005000
51196 bf004000
51197 bf003000
51198 bf002000
51199 bf001000
51200 bf000000
51201 befff000
51202 beffe000
51203 beffd000
51204 beffc000
51205 beffb000
51206 beffa000
51207 beff9000
51208 beff8000
51209 beff7000
51210 beff6000
51211 beff5000
51212 beff4000
51213 beff3000
51214 beff2000
51215 beff1000
51216 beff0000
51217 befef000
51218 befee000
51219 befed000
51220 befec000
51221 befeb000
51222 befea000
51223 befe9000
51224 befe8000
51225 befe7000
51226 befe6000
51227 befe5000
51228 befe4000
51229 befe3000
51230 befe2000
51231 befe1000
51232 befe0000
51233 befdf000
51234 befde000
51235 befdd000
51236 befdc000
51237 befdb000
51238 befda000
51239 befd9000
51240 befd8000
51241 befd7000
51242 befd6000
51243 befd5000
51244 befd4000
51245 befd3000
51246 befd2000
51247 befd1000
51248 befd0000
51249 befcf000
51250 befce000
51251 befcd000
51252 befcc000
51253 befcb000
51254 befca000
51255 befc9000
51256 befc8000
51257 befc7000
51258 befc6000
51259 befc5000
51260 befc4000
51261 befc3000
51262 befc2000
51263 befc1000
51264 befc0000
51265 befbf000
51266 befbe000
51267 befbd000
51268 befbc000
51269 befbb000
51270 befba000
51271 befb9000
51272 befb8000
51273 befb7000
51274 befb6000
51275 befb5000
51276 befb4000
51277 befb3000
51278 befb2000
51279 befb1000
51280 befb0000
51281 befaf000
51282 befae000
51283 befad000
51284 befac000
51285 befab000
51286 befaa000
51287 befa9000
51288 befa8000
51289 befa7000
51290 befa6000
51291 befa5000
51292 befa4000
51293 befa3000
51294 befa2000
51295 befa1000
51296 befa0000
51297 bef9f000
51298 bef9e000
51299 bef9d000
51300 bef9c000
51301 bef9b000
51302 bef9a000
51303 bef99000
51304 bef98000
51305 bef97000
51306 bef96000
51307 bef95000
51308 bef94000
51309 bef93000
51310 bef92000
51311 bef91000
51312 bef90000
51313 bef8f000
51314 bef8e000
51315 bef8d000
51316 bef8c000
51317 bef8b000
51318 bef8a000
51319 bef89000
51320 bef88000
51321 bef87000
51322 bef86000
51323 bef85000
51324 bef84000
51325 bef83000
51326 bef82000
51327 bef81000
51328 bef80000
51329 bef7f000
51330 bef7e000
51331 bef7d000
51332 bef7c000
51333 bef7b000
51334 bef7a000
51335 bef79000
51336 bef78000
51337 bef77000
51338 bef76000
51339 bef75000
51340 bef74000
51341 bef73000
51342 bef72000
51343 bef71000
51344 bef70000
51345 bef6f000
51346 bef6e000
51347 bef6d000
51348 bef6c000
51349 bef6b000
51350 bef6a000
51351 bef69000
51352 bef68000
51353 bef67000
51354 bef66000
51355 bef65000
51356 bef64000
51357 bef63000
51358 bef62000
51359 bef61000
51360 bef60000
51361 bef5f000
51362 bef5e000
51363 bef5d000
51364 bef5c000
51365 bef5b000
51366 bef5a000
51367 bef59000
51368 bef58000
51369 bef57000
51370 bef56000
51371 bef55000
51372 bef54000
51373 bef53000
51374 bef52000
51375 bef51000
51376 bef50000
51377 bef4f000
51378 bef4e000
51379 bef4d000
51380 bef4c000
51381 bef4b000
51382 bef4a000
51383 bef49000
51384 bef48000
51385 bef47000
51386 bef46000
51387 bef45000
51388 bef44000
51389 bef43000
51390 bef42000
51391 bef41000
51392 bef40000
51393 bef3f000
51394 bef3e000
51395 bef3d000
51396 bef3c000
51397 bef3b000
51398 bef3a000
51399 bef39000
51400 bef38000
51401 bef37000
51402 bef36000
51403 bef35000
51404 bef34000
51405 bef33000
51406 bef32000
51407 bef31000
51408 bef30000
51409 bef2f000
51410 bef2e000
51411 bef2d000
51412 bef2c000
51413 bef2b000
51414 bef2a000
51415 bef29000
51416 bef28000
51417 bef27000
51418 bef26000
51419 bef25000
51420 bef24000
51421 bef23000
51422 bef22000
51423 bef21000
51424 bef20000
51425 bef1f000
51426 bef1e000
51427 bef1d000
51428 bef1c000
51429 bef1b000
51430 bef1a000
51431 bef19000
51432 bef18000
51433 bef17000
51434 bef16000
51435 bef15000
51436 bef14000
51437 bef13000
51438 bef12000
51439 bef11000
51440 bef10000
51441 bef0f000
51442 bef0e000
51443 bef0d000
51444 bef0c000
51445 bef0b000
51446 bef0a000
51447 bef09000
51448 bef08000
51449 bef07000
51450 bef06000
51451 bef05000
51452 bef04000
51453 bef03000
51454 bef02000
51455 bef01000
51456 bef00000
51457 beeff000
51458 beefe000
51459 beefd000
51460 beefc000
51461 beefb000
51462 beefa000
51463 beef9000
51464 beef8000
51465 beef7000
51466 beef6000
51467 beef5000
51468 beef4000
51469 beef3000
51470 beef2000
51471 beef1000
51472 beef0000
51473 beeef000
51474 beeee000
51475 beeed000
51476 beeec000
51477 beeeb000
51478 beeea000
51479 beee9000
51480 beee8000
51481 beee7000
51482 beee6000
51483 beee5000
51484 beee4000
51485 beee3000
51486 beee2000
51487 beee1000
51488 beee0000
51489 beedf000
51490 beede000
51491 beedd000
51492 beedc000
51493 beedb000
51494 beeda000
51495 beed9000
51496 beed8000
51497 beed7000
51498 beed6000
51499 beed5000
51500 beed4000
51501 beed3000
51502 beed2000
51503 beed1000
51504 beed0000
51505 beecf000
51506 beece000
51507 beecd000
51508 beecc000
51509 beecb000
51510 beeca000
51511 beec9000
51512 beec8000
51513 beec7000
51514 beec6000
51515 beec5000
51516 beec4000
51517 beec3000
51518 beec2000
51519 beec1000
51520 beec0000
51521 beebf000
51522 beebe000
51523 beebd000
51524 beebc000
51525 beebb000
51526 beeba000
51527 beeb9000
51528 beeb8000
51529 beeb7000
51530 beeb6000
51531 beeb5000
51532 beeb4000
51533 beeb3000
51534 beeb2000
51535 beeb1000
51536 beeb0000
51537 beeaf000
51538 beeae000
51539 beead000
51540 beeac000
51541 beeab000
51542 beeaa000
51543 beea9000
51544 beea8000
51545 beea7000
51546 beea6000
51547 beea5000
51548 beea4000
51549 beea3000
51550 beea2000
51551 beea1000
51552 beea0000
51553 bee9f000
51554 bee9e000
51555 bee9d000
51556 bee9c000
51557 bee9b000
51558 bee9a000
51559 bee99000
51560 bee98000
51561 bee97000
51562 bee96000
51563 bee95000
51564 bee94000
51565 bee93000
51566 bee92000
51567 bee91000
51568 bee90000
51569 bee8f000
51570 bee8e000
51571 bee8d000
51572 bee8c000
51573 bee8b000
51574 bee8a000
51575 bee89000
51576 bee88000
51577 bee87000
51578 bee86000
51579 bee85000
51580 bee84000
51581 bee83000
51582 bee82000
51583 bee81000
51584 bee80000
51585 bee7f000
51586 bee7e000
51587 bee7d000
51588 bee7c000
51589 bee7b000
51590 bee7a000
51591 bee79000
51592 bee78000
51593 bee77000
51594 bee76000
51595 bee75000
51596 bee74000
51597 bee73000
51598 bee72000
51599 bee71000
51600 bee70000
51601 bee6f000
51602 bee6e000
51603 bee6d000
51604 bee6c000
51605 bee6b000
51606 bee6a000
51607 bee69000
51608 bee68000
51609 bee67000
51610 bee66000
51611 bee65000
51612 bee64000
51613 bee63000
51614 bee62000
51615 bee61000
51616 bee60000
51617 bee5f000
51618 bee5e000
51619 bee5d000
51620 bee5c000
51621 bee5b000
51622 bee5a000
51623 bee59000
51624 bee58000
51625 bee57000
51626 bee56000
51627 bee55000
51628 bee54000
51629 bee53000
51630 bee52000
51631 bee51000
51632 bee50000
51633 bee4f000
51634 bee4e000
51635 bee4d000
51636 bee4c000
51637 bee4b000
51638 bee4a000
51639 bee49000
51640 bee48000
51641 bee47000
51642 bee46000
51643 bee45000
51644 bee44000
51645 bee43000
51646 bee42000
51647 bee41000
51648 bee40000
51649 bee3f000
51650 bee3e000
51651 bee3d000
51652 bee3c000
51653 bee3b000
51654 bee3a000
51655 bee39000
51656 bee38000
51657 bee37000
51658 bee36000
51659 bee35000
51660 bee34000
51661 bee33000
51662 bee32000
51663 bee31000
51664 bee30000
51665 bee2f000
51666 bee2e000
51667 bee2d000
51668 bee2c000
51669 bee2b000
51670 bee2a000
51671 bee29000
51672 bee28000
51673 bee27000
51674 bee26000
51675 bee25000
51676 bee24000
51677 bee23000
51678 bee22000
51679 bee21000
51680 bee20000
51681 bee1f000
51682 bee1e000
51683 bee1d000
51684 bee1c000
51685 bee1b000
51686 bee1a000
51687 bee19000
51688 bee18000
51689 bee17000
51690 bee16000
51691 bee15000
51692 bee14000
51693 bee13000
51694 bee12000
51695 bee11000
51696 bee10000
51697 bee0f000
51698 bee0e000
51699 bee0d000
51700 bee0c000
51701 bee0b000
51702 bee0a000
51703 bee09000
51704 bee08000
51705 bee07000
51706 bee06000
51707 bee05000
51708 bee04000
51709 bee03000
51710 bee02000
51711 bee01000
51712 bee00000
51713 bedff000
51714 bedfe000
51715 bedfd000
51716 bedfc000
51717 bedfb000
51718 bedfa000
51719 bedf9000
51720 bedf8000
51721 bedf7000
51722 bedf6000
51723 bedf5000
51724 bedf4000
51725 bedf3000
51726 bedf2000
51727 bedf1000
51728 bedf0000
51729 bedef000
51730 bedee000
51731 beded000
51732 bedec000
51733 bedeb000
51734 bedea000
51735 bede9000
51736 bede8000
51737 bede7000
51738 bede6000
51739 bede5000
51740 bede4000
51741 bede3000
51742 bede2000
51743 bede1000
51744 bede0000
51745 beddf000
51746 bedde000
51747 beddd000
51748 beddc000
51749 beddb000
51750 bedda000
51751 bedd9000
51752 bedd8000
51753 bedd7000
51754 bedd6000
51755 bedd5000
51756 bedd4000
51757 bedd3000
51758 bedd2000
51759 bedd1000
51760 bedd0000
51761 bedcf000
51762 bedce000
51763 bedcd000
51764 bedcc000
51765 bedcb000
51766 bedca000
51767 bedc9000
51768 bedc8000
51769 bedc7000
51770 bedc6000
51771 bedc5000
51772 bedc4000
51773 bedc3000
51774 bedc2000
51775 bedc1000
51776 bedc0000
51777 bedbf000
51778 bedbe000
51779 bedbd000
51780 bedbc000
51781 bedbb000
51782 bedba000
51783 bedb9000
51784 bedb8000
51785 bedb7000
51786 bedb6000
51787 bedb5000
51788 bedb4000
51789 bedb3000
51790 bedb2000
51791 bedb1000
51792 bedb0000
51793 bedaf000
51794 bedae000
51795 bedad000
51796 bedac000
51797 bedab000
51798 bedaa000
51799 beda9000
51800 beda8000
51801 beda7000
51802 beda6000
51803 beda5000
51804 beda4000
51805 beda3000
51806 beda2000
51807 beda1000
51808 beda0000
51809 bed9f000
51810 bed9e000
51811 bed9d000
51812 bed9c000
51813 bed9b000
51814 bed9a000
51815 bed99000
51816 bed98000
51817 bed97000
51818 bed96000
51819 bed95000
51820 bed94000
51821 bed93000
51822 bed92000
51823 bed91000
51824 bed90000
51825 bed8f000
51826 bed8e000
51827 bed8d000
51828 bed8c000
51829 bed8b000
51830 bed8a000
51831 bed89000
51832 bed88000
51833 bed87000
51834 bed86000
51835 bed85000
51836 bed84000
51837 bed83000
51838 bed82000
51839 bed81000
51840 bed80000
51841 bed7f000
51842 bed7e000
51843 bed7d000
51844 bed7c000
51845 bed7b000
51846 bed7a000
51847 bed79000
51848 bed78000
51849 bed77000
51850 bed76000
51851 bed75000
51852 bed74000
51853 bed73000
51854 bed72000
51855 bed71000
51856 bed70000
51857 bed6f000
51858 bed6e000
51859 bed6d000
51860 bed6c000
51861 bed6b000
51862 bed6a000
51863 bed69000
51864 bed68000
51865 bed67000
51866 bed66000
51867 bed65000
51868 bed64000
51869 bed63000
51870 bed62000
51871 bed61000
51872 bed60000
51873 bed5f000
51874 bed5e000
51875 bed5d000
51876 bed5c000
51877 bed5b000
51878 bed5a000
51879 bed59000
51880 bed58000
51881 bed57000
51882 bed56000
51883 bed55000
51884 bed54000
51885 bed53000
51886 bed52000
51887 bed51000
51888 bed50000
51889 bed4f000
51890 bed4e000
51891 bed4d000
51892 bed4c000
51893 bed4b000
51894 bed4a000
51895 bed49000
51896 bed48000
51897 bed47000
51898 bed46000
51899 bed45000
51900 bed44000
51901 bed43000
51902 bed42000
51903 bed41000
51904 bed40000
51905 bed3f000
51906 bed3e000
51907 bed3d000
51908 bed3c000
51909 bed3b000
51910 bed3a000
51911 bed39000
51912 bed38000
51913 bed37000
51914 bed36000
51915 bed35000
51916 bed34000
51917 bed33000
51918 bed32000
51919 bed31000
51920 bed30000
51921 bed2f000
51922 bed2e000
51923 bed2d000
51924 bed2c000
51925 bed2b000
51926 bed2a000
51927 bed29000
51928 bed28000
51929 bed27000
51930 bed26000
51931 bed25000
51932 bed24000
51933 bed23000
51934 bed22000
51935 bed21000
51936 bed20000
51937 bed1f000
51938 bed1e000
51939 bed1d000
51940 bed1c000
51941 bed1b000
51942 bed1a000
51943 bed19000
51944 bed18000
51945 bed17000
51946 bed16000
51947 bed15000
51948 bed14000
51949 bed13000
51950 bed12000
51951 bed11000
51952 bed10000
51953 bed0f000
51954 bed0e000
51955 bed0d000
51956 bed0c000
51957 bed0b000
51958 bed0a000
51959 bed09000
51960 bed08000
51961 bed07000
51962 bed06000
51963 bed05000
51964 bed04000
51965 bed03000
51966 bed02000
51967 bed01000
51968 bed00000
51969 becff000
51970 becfe000
51971 becfd000
51972 becfc000
51973 becfb000
51974 becfa000
51975 becf9000
51976 becf8000
51977 becf7000
51978 becf6000
51979 becf5000
51980 becf4000
51981 becf3000
51982 becf2000
51983 becf1000
51984 becf0000
51985 becef000
51986 becee000
51987 beced000
51988 becec000
51989 beceb000
51990 becea000
51991 bece9000
51992 bece8000
51993 bece7000
51994 bece6000
51995 bece5000
51996 bece4000
51997 bece3000
51998 bece2000
51999 bece1000
52000 bece0000
52001 becdf000
52002 becde000
52003 becdd000
52004 becdc000
52005 becdb000
52006 becda000
52007 becd9000
52008 becd8000
52009 becd7000
52010 becd6000
52011 becd5000
52012 becd4000
52013 becd3000
52014 becd2000
52015 becd1000
52016 becd0000
52017 beccf000
52018 becce000
52019 beccd000
52020 beccc000
52021 beccb000
52022 becca000
52023 becc9000
52024 becc8000
52025 becc7000
52026 becc6000
52027 becc5000
52028 becc4000
52029 becc3000
52030 becc2000
52031 becc1000
52032 becc0000
52033 becbf000
52034 becbe000
52035 becbd000
52036 becbc000
52037 becbb000
52038 becba000
52039 becb9000
52040 becb8000
52041 becb7000
52042 becb6000
52043 becb5000
52044 becb4000
52045 becb3000
52046 becb2000
52047 becb1000
52048 becb0000
52049 becaf000
52050 becae000
52051 becad000
52052 becac000
52053 becab000
52054 becaa000
52055 beca9000
52056 beca8000
52057 beca7000
52058 beca6000
52059 beca5000
52060 beca4000
52061 beca3000
52062 beca2000
52063 beca1000
52064 beca0000
52065 bec9f000
52066 bec9e000
52067 bec9d000
52068 bec9c000
52069 bec9b000
52070 bec9a000
52071 bec99000
52072 bec98000
52073 bec97000
52074 bec96000
52075 bec95000
52076 bec94000
52077 bec93000
52078 bec92000
52079 bec91000
52080 bec90000
52081 bec8f000
52082 bec8e000
52083 bec8d000
52084 bec8c000
52085 bec8b000
52086 bec8a000
52087 bec89000
52088 bec88000
52089 bec87000
52090 bec86000
52091 bec85000
52092 bec84000
52093 bec83000
52094 bec82000
52095 bec81000
52096 bec80000
52097 bec7f000
52098 bec7e000
52099 bec7d000
52100 bec7c000
52101 bec7b000
52102 bec7a000
52103 bec79000
52104 bec78000
52105 bec77000
52106 bec76000
52107 bec75000
52108 bec74000
52109 bec73000
52110 bec72000
52111 bec71000
52112 bec70000
52113 bec6f000
52114 bec6e000
52115 bec6d000
52116 bec6c000
52117 bec6b000
52118 bec6a000
52119 bec69000
52120 bec68000
52121 bec67000
52122 bec66000
52123 bec65000
52124 bec64000
52125 bec63000
52126 bec62000
52127 bec61000
52128 bec60000
52129 bec5f000
52130 bec5e000
52131 bec5d000
52132 bec5c000
52133 bec5b000
52134 bec5a000
52135 bec59000
52136 bec58000
52137 bec57000
52138 bec56000
52139 bec55000
52140 bec54000
52141 bec53000
52142 bec52000
52143 bec51000
52144 bec50000
52145 bec4f000
52146 bec4e000
52147 bec4d000
52148 bec4c000
52149 bec4b000
52150 bec4a000
52151 bec49000
52152 bec48000
52153 bec47000
52154 bec46000
52155 bec45000
52156 bec44000
52157 bec43000
52158 bec42000
52159 bec41000
52160 bec40000
52161 bec3f000
52162 bec3e000
52163 bec3d000
52164 bec3c000
52165 bec3b000
52166 bec3a000
52167 bec39000
52168 bec38000
52169 bec37000
52170 bec36000
52171 bec35000
52172 bec34000
52173 bec33000
52174 bec32000
52175 bec31000
52176 bec30000
52177 bec2f000
52178 bec2e000
52179 bec2d000
52180 bec2c000
52181 bec2b000
52182 bec2a000
52183 bec29000
52184 bec28000
52185 bec27000
52186 bec26000
52187 bec25000
52188 bec24000
52189 bec23000
52190 bec22000
52191 bec21000
52192 bec20000
52193 bec1f000
52194 bec1e000
52195 bec1d000
52196 bec1c000
52197 bec1b000
52198 bec1a000
52199 bec19000
52200 bec18000
52201 bec17000
52202 bec16000
52203 bec15000
52204 bec14000
52205 bec13000
52206 bec12000
52207 bec11000
52208 bec10000
52209 bec0f000
52210 bec0e000
52211 bec0d000
52212 bec0c000
52213 bec0b000
52214 bec0a000
52215 bec09000
52216 bec08000
52217 bec07000
52218 bec06000
52219 bec05000
52220 bec04000
52221 bec03000
52222 bec02000
52223 bec01000
52224 bec00000
52225 bebff000
52226 bebfe000
52227 bebfd000
52228 bebfc000
52229 bebfb000
52230 bebfa000
52231 bebf9000
52232 bebf8000
52233 bebf7000
52234 bebf6000
52235 bebf5000
52236 bebf4000
52237 bebf3000
52238 bebf2000
52239 bebf1000
52240 bebf0000
52241 bebef000
52242 bebee000
52243 bebed000
52244 bebec000
52245 bebeb000
52246 bebea000
52247 bebe9000
52248 bebe8000
52249 bebe7000
52250 bebe6000
52251 bebe5000
52252 bebe4000
52253 bebe3000
52254 bebe2000
52255 bebe1000
52256 bebe0000
52257 bebdf000
52258 bebde000
52259 bebdd000
52260 bebdc000
52261 bebdb000
52262 bebda000
52263 bebd9000
52264 bebd8000
52265 bebd7000
52266 bebd6000
52267 bebd5000
52268 bebd4000
52269 bebd3000
52270 bebd2000
52271 bebd1000
52272 bebd0000
52273 bebcf000
52274 bebce000
52275 bebcd000
52276 bebcc000
52277 bebcb000
52278 bebca000
52279 bebc9000
52280 bebc8000
52281 bebc7000
52282 bebc6000
52283 bebc5000
52284 bebc4000
52285 bebc3000
52286 bebc2000
52287 bebc1000
52288 bebc0000
52289 bebbf000
52290 bebbe000
52291 bebbd000
52292 bebbc000
52293 bebbb000
52294 bebba000
52295 bebb9000
52296 bebb8000
52297 bebb7000
52298 bebb6000
52299 bebb5000
52300 bebb4000
52301 bebb3000
52302 bebb2000
52303 bebb1000
52304 bebb0000
52305 bebaf000
52306 bebae000
52307 bebad000
52308 bebac000
52309 bebab000
52310 bebaa000
52311 beba9000
52312 beba8000
52313 beba7000
52314 beba6000
52315 beba5000
52316 beba4000
52317 beba3000
52318 beba2000
52319 beba1000
52320 beba0000
52321 beb9f000
52322 beb9e000
52323 beb9d000
52324 beb9c000
52325 beb9b000
52326 beb9a000
52327 beb99000
52328 beb98000
52329 beb97000
52330 beb96000
52331 beb95000
52332 beb94000
52333 beb93000
52334 beb92000
52335 beb91000
52336 beb90000
52337 beb8f000
52338 beb8e000
52339 beb8d000
52340 beb8c000
52341 beb8b000
52342 beb8a000
52343 beb89000
52344 beb88000
52345 beb87000
52346 beb86000
52347 beb85000
52348 beb84000
52349 beb83000
52350 beb82000
52351 beb81000
52352 beb80000
52353 beb7f000
52354 beb7e000
52355 beb7d000
52356 beb7c000
52357 beb7b000
52358 beb7a000
52359 beb79000
52360 beb78000
52361 beb77000
52362 beb76000
52363 beb75000
52364 beb74000
52365 beb73000
52366 beb72000
52367 beb71000
52368 beb70000
52369 beb6f000
52370 beb6e000
52371 beb6d000
52372 beb6c000
52373 beb6b000
52374 beb6a000
52375 beb69000
52376 beb68000
52377 beb67000
52378 beb66000
52379 beb65000
52380 beb64000
52381 beb63000
52382 beb62000
52383 beb61000
52384 beb60000
52385 beb5f000
52386 beb5e000
52387 beb5d000
52388 beb5c000
52389 beb5b000
52390 beb5a000
52391 beb59000
52392 beb58000
52393 beb57000
52394 beb56000
52395 beb55000
52396 beb54000
52397 beb53000
52398 beb52000
52399 beb51000
52400 beb50000
52401 beb4f000
52402 beb4e000
52403 beb4d000
52404 beb4c000
52405 beb4b000
52406 beb4a000
52407 beb49000
52408 beb48000
52409 beb47000
52410 beb46000
52411 beb45000
52412 beb44000
52413 beb43000
52414 beb42000
52415 beb41000
52416 beb40000
52417 beb3f000
52418 beb3e000
52419 beb3d000
52420 beb3c000
52421 beb3b000
52422 beb3a000
52423 beb39000
52424 beb38000
52425 beb37000
52426 beb36000
52427 beb35000
52428 beb34000
52429 beb33000
52430 beb32000
52431 beb31000
52432 beb30000
52433 beb2f000
52434 beb2e000
52435 beb2d000
52436 beb2c000
52437 beb2b000
52438 beb2a000
52439 beb29000
52440 beb28000
52441 beb27000
52442 beb26000
52443 beb25000
52444 beb24000
52445 beb23000
52446 beb22000
52447 beb21000
52448 beb20000
52449 beb1f000
52450 beb1e000
52451 beb1d000
52452 beb1c000
52453 beb1b000
52454 beb1a000
52455 beb19000
52456 beb18000
52457 beb17000
52458 beb16000
52459 beb15000
52460 beb14000
52461 beb13000
52462 beb12000
52463 beb11000
52464 beb10000
52465 beb0f000
52466 beb0e000
52467 beb0d000
52468 beb0c000
52469 beb0b000
52470 beb0a000
52471 beb09000
52472 beb08000
52473 beb07000
52474 beb06000
52475 beb05000
52476 beb04000
52477 beb03000
52478 beb02000
52479 beb01000
52480 beb00000
52481 beaff000
52482 beafe000
52483 beafd000
52484 beafc000
52485 beafb000
52486 beafa000
52487 beaf9000
52488 beaf8000
52489 beaf7000
52490 beaf6000
52491 beaf5000
52492 beaf4000
52493 beaf3000
52494 beaf2000
52495 beaf1000
52496 beaf0000
52497 beaef000
52498 beaee000
52499 beaed000
52500 beaec000
52501 beaeb000
52502 beaea000
52503 beae9000
52504 beae8000
52505 beae7000
52506 beae6000
52507 beae5000
52508 beae4000
52509 beae3000
52510 beae2000
52511 beae1000
52512 beae0000
52513 beadf000
52514 beade000
52515 beadd000
52516 beadc000
52517 beadb000
52518 beada000
52519 bead9000
52520 bead8000
52521 bead7000
52522 bead6000
52523 bead5000
52524 bead4000
52525 bead3000
52526 bead2000
52527 bead1000
52528 bead0000
52529 beacf000
52530 beace000
52531 beacd000
52532 beacc000
52533 beacb000
52534 beaca000
52535 beac9000
52536 beac8000
52537 beac7000
52538 beac6000
52539 beac5000
52540 beac4000
52541 beac3000
52542 beac2000
52543 beac1000
52544 beac0000
52545 beabf000
52546 beabe000
52547 beabd000
52548 beabc000
52549 beabb000
52550 beaba000
52551 beab9000
52552 beab8000
52553 beab7000
52554 beab6000
52555 beab5000
52556 beab4000
52557 beab3000
52558 beab2000
52559 beab1000
52560 beab0000
52561 beaaf000
52562 beaae000
52563 beaad000
52564 beaac000
52565 beaab000
52566 beaaa000
52567 beaa9000
52568 beaa8000
52569 beaa7000
52570 beaa6000
52571 beaa5000
52572 beaa4000
52573 beaa3000
52574 beaa2000
52575 beaa1000
52576 beaa0000
52577 bea9f000
52578 bea9e000
52579 bea9d000
52580 bea9c000
52581 bea9b000
52582 bea9a000
52583 bea99000
52584 bea98000
52585 bea97000
52586 bea96000
52587 bea95000
52588 bea94000
52589 bea93000
52590 bea92000
52591 bea91000
52592 bea90000
52593 bea8f000
52594 bea8e000
52595 bea8d000
52596 bea8c000
52597 bea8b000
52598 bea8a000
52599 bea89000
52600 bea88000
52601 bea87000
52602 bea86000
52603 bea85000
52604 bea84000
52605 bea83000
52606 bea82000
52607 bea81000
52608 bea80000
52609 bea7f000
52610 bea7e000
52611 bea7d000
52612 bea7c000
52613 bea7b000
52614 bea7a000
52615 bea79000
52616 bea78000
52617 bea77000
52618 bea76000
52619 bea75000
52620 bea74000
52621 bea73000
52622 bea72000
52623 bea71000
52624 bea70000
52625 bea6f000
52626 bea6e000
52627 bea6d000
52628 bea6c000
52629 bea6b000
52630 bea6a000
52631 bea69000
52632 bea68000
52633 bea67000
52634 bea66000
52635 bea65000
52636 bea64000
52637 bea63000
52638 bea62000
52639 bea61000
52640 bea60000
52641 bea5f000
52642 bea5e000
52643 bea5d000
52644 bea5c000
52645 bea5b000
52646 bea5a000
52647 bea59000
52648 bea58000
52649 bea57000
52650 bea56000
52651 bea55000
52652 bea54000
52653 bea53000
52654 bea52000
52655 bea51000
52656 bea50000
52657 bea4f000
52658 bea4e000
52659 bea4d000
52660 bea4c000
52661 bea4b000
52662 bea4a000
52663 bea49000
52664 bea48000
52665 bea47000
52666 bea46000
52667 bea45000
52668 bea44000
52669 bea43000
52670 bea42000
52671 bea41000
52672 bea40000
52673 bea3f000
52674 bea3e000
52675 bea3d000
52676 bea3c000
52677 bea3b000
52678 bea3a000
52679 bea39000
52680 bea38000
52681 bea37000
52682 bea36000
52683 bea35000
52684 bea34000
52685 bea33000
52686 bea32000
52687 bea31000
52688 bea30000
52689 bea2f000
52690 bea2e000
52691 bea2d000
52692 bea2c000
52693 bea2b000
52694 bea2a000
52695 bea29000
52696 bea28000
52697 bea27000
52698 bea26000
52699 bea25000
52700 bea24000
52701 bea23000
52702 bea22000
52703 bea21000
52704 bea20000
52705 bea1f000
52706 bea1e000
52707 bea1d000
52708 bea1c000
52709 bea1b000
52710 bea1a000
52711 bea19000
52712 bea18000
52713 bea17000
52714 bea16000
52715 bea15000
52716 bea14000
52717 bea13000
52718 bea12000
52719 bea11000
52720 bea10000
52721 bea0f000
52722 bea0e000
52723 bea0d000
52724 bea0c000
52725 bea0b000
52726 bea0a000
52727 bea09000
52728 bea08000
52729 bea07000
52730 bea06000
52731 bea05000
52732 bea04000
52733 bea03000
52734 bea02000
52735 bea01000
52736 bea00000
52737 be9ff000
52738 be9fe000
52739 be9fd000
52740 be9fc000
52741 be9fb000
52742 be9fa000
52743 be9f9000
52744 be9f8000
52745 be9f7000
52746 be9f6000
52747 be9f5000
52748 be9f4000
52749 be9f3000
52750 be9f2000
52751 be9f1000
52752 be9f0000
52753 be9ef000
52754 be9ee000
52755 be9ed000
52756 be9ec000
52757 be9eb000
52758 be9ea000
52759 be9e9000
52760 be9e8000
52761 be9e7000
52762 be9e6000
52763 be9e5000
52764 be9e4000
52765 be9e3000
52766 be9e2000
52767 be9e1000
52768 be9e0000
52769 be9df000
52770 be9de000
52771 be9dd000
52772 be9dc000
52773 be9db000
52774 be9da000
52775 be9d9000
52776 be9d8000
52777 be9d7000
52778 be9d6000
52779 be9d5000
52780 be9d4000
52781 be9d3000
52782 be9d2000
52783 be9d1000
52784 be9d0000
52785 be9cf000
52786 be9ce000
52787 be9cd000
52788 be9cc000
52789 be9cb000
52790 be9ca000
52791 be9c9000
52792 be9c8000
52793 be9c7000
52794 be9c6000
52795 be9c5000
52796 be9c4000
52797 be9c3000
52798 be9c2000
52799 be9c1000
52800 be9c0000
52801 be9bf000
52802 be9be000
52803 be9bd000
52804 be9bc000
52805 be9bb000
52806 be9ba000
52807 be9b9000
52808 be9b8000
52809 be9b7000
52810 be9b6000
52811 be9b5000
52812 be9b4000
52813 be9b3000
52814 be9b2000
52815 be9b1000
52816 be9b0000
52817 be9af000
52818 be9ae000
52819 be9ad000
52820 be9ac000
52821 be9ab000
52822 be9aa000
52823 be9a9000
52824 be9a8000
52825 be9a7000
52826 be9a6000
52827 be9a5000
52828 be9a4000
52829 be9a3000
52830 be9a2000
52831 be9a1000
52832 be9a0000
52833 be99f000
52834 be99e000
52835 be99d000
52836 be99c000
52837 be99b000
52838 be99a000
52839 be999000
52840 be998000
52841 be997000
52842 be996000
52843 be995000
52844 be994000
52845 be993000
52846 be992000
52847 be991000
52848 be990000
52849 be98f000
52850 be98e000
52851 be98d000
52852 be98c000
52853 be98b000
52854 be98a000
52855 be989000
52856 be988000
52857 be987000
52858 be986000
52859 be985000
52860 be984000
52861 be983000
52862 be982000
52863 be981000
52864 be980000
52865 be97f000
52866 be97e000
52867 be97d000
52868 be97c000
52869 be97b000
52870 be97a000
52871 be979000
52872 be978000
52873 be977000
52874 be976000
52875 be975000
52876 be974000
52877 be973000
52878 be972000
52879 be971000
52880 be970000
52881 be96f000
52882 be96e000
52883 be96d000
52884 be96c000
52885 be96b000
52886 be96a000
52887 be969000
52888 be968000
52889 be967000
52890 be966000
52891 be965000
52892 be964000
52893 be963000
52894 be962000
52895 be961000
52896 be960000
52897 be95f000
52898 be95e000
52899 be95d000
52900 be95c000
52901 be95b000
52902 be95a000
52903 be959000
52904 be958000
52905 be957000
52906 be956000
52907 be955000
52908 be954000
52909 be953000
52910 be952000
52911 be951000
52912 be950000
52913 be94f000
52914 be94e000
52915 be94d000
52916 be94c000
52917 be94b000
52918 be94a000
52919 be949000
52920 be948000
52921 be947000
52922 be946000
52923 be945000
52924 be944000
52925 be943000
52926 be942000
52927 be941000
52928 be940000
52929 be93f000
52930 be93e000
52931 be93d000
52932 be93c000
52933 be93b000
52934 be93a000
52935 be939000
52936 be938000
52937 be937000
52938 be936000
52939 be935000
52940 be934000
52941 be933000
52942 be932000
52943 be931000
52944 be930000
52945 be92f000
52946 be92e000
52947 be92d000
52948 be92c000
52949 be92b000
52950 be92a000
52951 be929000
52952 be928000
52953 be927000
52954 be926000
52955 be925000
52956 be924000
52957 be923000
52958 be922000
52959 be921000
52960 be920000
52961 be91f000
52962 be91e000
52963 be91d000
52964 be91c000
52965 be91b000
52966 be91a000
52967 be919000
52968 be918000
52969 be917000
52970 be916000
52971 be915000
52972 be914000
52973 be913000
52974 be912000
52975 be911000
52976 be910000
52977 be90f000
52978 be90e000
52979 be90d000
52980 be90c000
52981 be90b000
52982 be90a000
52983 be909000
52984 be908000
52985 be907000
52986 be906000
52987 be905000
52988 be904000
52989 be903000
52990 be902000
52991 be901000
52992 be900000
52993 be8ff000
52994 be8fe000
52995 be8fd000
52996 be8fc000
52997 be8fb000
52998 be8fa000
52999 be8f9000
53000 be8f8000
53001 be8f7000
53002 be8f6000
53003 be8f5000
53004 be8f4000
53005 be8f3000
53006 be8f2000
53007 be8f1000
53008 be8f0000
53009 be8ef000
53010 be8ee000
53011 be8ed000
53012 be8ec000
53013 be8eb000
53014 be8ea000
53015 be8e9000
53016 be8e8000
53017 be8e7000
53018 be8e6000
53019 be8e5000
53020 be8e4000
53021 be8e3000
53022 be8e2000
53023 be8e1000
53024 be8e0000
53025 be8df000
53026 be8de000
53027 be8dd000
53028 be8dc000
53029 be8db000
53030 be8da000
53031 be8d9000
53032 be8d8000
53033 be8d7000
53034 be8d6000
53035 be8d5000
53036 be8d4000
53037 be8d3000
53038 be8d2000
53039 be8d1000
53040 be8d0000
53041 be8cf000
53042 be8ce000
53043 be8cd000
53044 be8cc000
53045 be8cb000
53046 be8ca000
53047 be8c9000
53048 be8c8000
53049 be8c7000
53050 be8c6000
53051 be8c5000
53052 be8c4000
53053 be8c3000
53054 be8c2000
53055 be8c1000
53056 be8c0000
53057 be8bf000
53058 be8be000
53059 be8bd000
53060 be8bc000
53061 be8bb000
53062 be8ba000
53063 be8b9000
53064 be8b8000
53065 be8b7000
53066 be8b6000
53067 be8b5000
53068 be8b4000
53069 be8b3000
53070 be8b2000
53071 be8b1000
53072 be8b0000
53073 be8af000
53074 be8ae000
53075 be8ad000
53076 be8ac000
53077 be8ab000
53078 be8aa000
53079 be8a9000
53080 be8a8000
53081 be8a7000
53082 be8a6000
53083 be8a5000
53084 be8a4000
53085 be8a3000
53086 be8a2000
53087 be8a1000
53088 be8a0000
53089 be89f000
53090 be89e000
53091 be89d000
53092 be89c000
53093 be89b000
53094 be89a000
53095 be899000
53096 be898000
53097 be897000
53098 be896000
53099 be895000
53100 be894000
53101 be893000
53102 be892000
53103 be891000
53104 be890000
53105 be88f000
53106 be88e000
53107 be88d000
53108 be88c000
53109 be88b000
53110 be88a000
53111 be889000
53112 be888000
53113 be887000
53114 be886000
53115 be885000
53116 be884000
53117 be883000
53118 be882000
53119 be881000
53120 be880000
53121 be87f000
53122 be87e000
53123 be87d000
53124 be87c000
53125 be87b000
53126 be87a000
53127 be879000
53128 be878000
53129 be877000
53130 be876000
53131 be875000
53132 be874000
53133 be873000
53134 be872000
53135 be871000
53136 be870000
53137 be86f000
53138 be86e000
53139 be86d000
53140 be86c000
53141 be86b000
53142 be86a000
53143 be869000
53144 be868000
53145 be867000
53146 be866000
53147 be865000
53148 be864000
53149 be863000
53150 be862000
53151 be861000
53152 be860000
53153 be85f000
53154 be85e000
53155 be85d000
53156 be85c000
53157 be85b000
53158 be85a000
53159 be859000
53160 be858000
53161 be857000
53162 be856000
53163 be855000
53164 be854000
53165 be853000
53166 be852000
53167 be851000
53168 be850000
53169 be84f000
53170 be84e000
53171 be84d000
53172 be84c000
53173 be84b000
53174 be84a000
53175 be849000
53176 be848000
53177 be847000
53178 be846000
53179 be845000
53180 be844000
53181 be843000
53182 be842000
53183 be841000
53184 be840000
53185 be83f000
53186 be83e000
53187 be83d000
53188 be83c000
53189 be83b000
53190 be83a000
53191 be839000
53192 be838000
53193 be837000
53194 be836000
53195 be835000
53196 be834000
53197 be833000
53198 be832000
53199 be831000
53200 be830000
53201 be82f000
53202 be82e000
53203 be82d000
53204 be82c000
53205 be82b000
53206 be82a000
53207 be829000
53208 be828000
53209 be827000
53210 be826000
53211 be825000
53212 be824000
53213 be823000
53214 be822000
53215 be821000
53216 be820000
53217 be81f000
53218 be81e000
53219 be81d000
53220 be81c000
53221 be81b000
53222 be81a000
53223 be819000
53224 be818000
53225 be817000
53226 be816000
53227 be815000
53228 be814000
53229 be813000
53230 be812000
53231 be811000
53232 be810000
53233 be80f000
53234 be80e000
53235 be80d000
53236 be80c000
53237 be80b000
53238 be80a000
53239 be809000
53240 be808000
53241 be807000
53242 be806000
53243 be805000
53244 be804000
53245 be803000
53246 be802000
53247 be801000
53248 be800000
53249 be7ff000
53250 be7fe000
53251 be7fd000
53252 be7fc000
53253 be7fb000
53254 be7fa000
53255 be7f9000
53256 be7f8000
53257 be7f7000
53258 be7f6000
53259 be7f5000
53260 be7f4000
53261 be7f3000
53262 be7f2000
53263 be7f1000
53264 be7f0000
53265 be7ef000
53266 be7ee000
53267 be7ed000
53268 be7ec000
53269 be7eb000
53270 be7ea000
53271 be7e9000
53272 be7e8000
53273 be7e7000
53274 be7e6000
53275 be7e5000
53276 be7e4000
53277 be7e3000
53278 be7e2000
53279 be7e1000
53280 be7e0000
53281 be7df000
53282 be7de000
53283 be7dd000
53284 be7dc000
53285 be7db000
53286 be7da000
53287 be7d9000
53288 be7d8000
53289 be7d7000
53290 be7d6000
53291 be7d5000
53292 be7d4000
53293 be7d3000
53294 be7d2000
53295 be7d1000
53296 be7d0000
53297 be7cf000
53298 be7ce000
53299 be7cd000
53300 be7cc000
53301 be7cb000
53302 be7ca000
53303 be7c9000
53304 be7c8000
53305 be7c7000
53306 be7c6000
53307 be7c5000
53308 be7c4000
53309 be7c3000
53310 be7c2000
53311 be7c1000
53312 be7c0000
53313 be7bf000
53314 be7be000
53315 be7bd000
53316 be7bc000
53317 be7bb000
53318 be7ba000
53319 be7b9000
53320 be7b8000
53321 be7b7000
53322 be7b6000
53323 be7b5000
53324 be7b4000
53325 be7b3000
53326 be7b2000
53327 be7b1000
53328 be7b0000
53329 be7af000
53330 be7ae000
53331 be7ad000
53332 be7ac000
53333 be7ab000
53334 be7aa000
53335 be7a9000
53336 be7a8000
53337 be7a7000
53338 be7a6000
53339 be7a5000
53340 be7a4000
53341 be7a3000
53342 be7a2000
53343 be7a1000
53344 be7a0000
53345 be79f000
53346 be79e000
53347 be79d000
53348 be79c000
53349 be79b000
53350 be79a000
53351 be799000
53352 be798000
53353 be797000
53354 be796000
53355 be795000
53356 be794000
53357 be793000
53358 be792000
53359 be791000
53360 be790000
53361 be78f000
53362 be78e000
53363 be78d000
53364 be78c000
53365 be78b000
53366 be78a000
53367 be789000
53368 be788000
53369 be787000
53370 be786000
53371 be785000
53372 be784000
53373 be783000
53374 be782000
53375 be781000
53376 be780000
53377 be77f000
53378 be77e000
53379 be77d000
53380 be77c000
53381 be77b000
53382 be77a000
53383 be779000
53384 be778000
53385 be777000
53386 be776000
53387 be775000
53388 be774000
53389 be773000
53390 be772000
53391 be771000
53392 be770000
53393 be76f000
53394 be76e000
53395 be76d000
53396 be76c000
53397 be76b000
53398 be76a000
53399 be769000
53400 be768000
53401 be767000
53402 be766000
53403 be765000
53404 be764000
53405 be763000
53406 be762000
53407 be761000
53408 be760000
53409 be75f000
53410 be75e000
53411 be75d000
53412 be75c000
53413 be75b000
53414 be75a000
53415 be759000
53416 be758000
53417 be757000
53418 be756000
53419 be755000
53420 be754000
53421 be753000
53422 be752000
53423 be751000
53424 be750000
53425 be74f000
53426 be74e000
53427 be74d000
53428 be74c000
53429 be74b000
53430 be74a000
53431 be749000
53432 be748000
53433 be747000
53434 be746000
53435 be745000
53436 be744000
53437 be743000
53438 be742000
53439 be741000
53440 be740000
53441 be73f000
53442 be73e000
53443 be73d000
53444 be73c000
53445 be73b000
53446 be73a000
53447 be739000
53448 be738000
53449 be737000
53450 be736000
53451 be735000
53452 be734000
53453 be733000
53454 be732000
53455 be731000
53456 be730000
53457 be72f000
53458 be72e000
53459 be72d000
53460 be72c000
53461 be72b000
53462 be72a000
53463 be729000
53464 be728000
53465 be727000
53466 be726000
53467 be725000
53468 be724000
53469 be723000
53470 be722000
53471 be721000
53472 be720000
53473 be71f000
53474 be71e000
53475 be71d000
53476 be71c000
53477 be71b000
53478 be71a000
53479 be719000
53480 be718000
53481 be717000
53482 be716000
53483 be715000
53484 be714000
53485 be713000
53486 be712000
53487 be711000
53488 be710000
53489 be70f000
53490 be70e000
53491 be70d000
53492 be70c000
53493 be70b000
53494 be70a000
53495 be709000
53496 be708000
53497 be707000
53498 be706000
53499 be705000
53500 be704000
53501 be703000
53502 be702000
53503 be701000
53504 be700000
53505 be6ff000
53506 be6fe000
53507 be6fd000
53508 be6fc000
53509 be6fb000
53510 be6fa000
53511 be6f9000
53512 be6f8000
53513 be6f7000
53514 be6f6000
53515 be6f5000
53516 be6f4000
53517 be6f3000
53518 be6f2000
53519 be6f1000
53520 be6f0000
53521 be6ef000
53522 be6ee000
53523 be6ed000
53524 be6ec000
53525 be6eb000
53526 be6ea000
53527 be6e9000
53528 be6e8000
53529 be6e7000
53530 be6e6000
53531 be6e5000
53532 be6e4000
53533 be6e3000
53534 be6e2000
53535 be6e1000
53536 be6e0000
53537 be6df000
53538 be6de000
53539 be6dd000
53540 be6dc000
53541 be6db000
53542 be6da000
53543 be6d9000
53544 be6d8000
53545 be6d7000
53546 be6d6000
53547 be6d5000
53548 be6d4000
53549 be6d3000
53550 be6d2000
53551 be6d1000
53552 be6d0000
53553 be6cf000
53554 be6ce000
53555 be6cd000
53556 be6cc000
53557 be6cb000
53558 be6ca000
53559 be6c9000
53560 be6c8000
53561 be6c7000
53562 be6c6000
53563 be6c5000
53564 be6c4000
53565 be6c3000
53566 be6c2000
53567 be6c1000
53568 be6c0000
53569 be6bf000
53570 be6be000
53571 be6bd000
53572 be6bc000
53573 be6bb000
53574 be6ba000
53575 be6b9000
53576 be6b8000
53577 be6b7000
53578 be6b6000
53579 be6b5000
53580 be6b4000
53581 be6b3000
53582 be6b2000
53583 be6b1000
53584 be6b0000
53585 be6af000
53586 be6ae000
53587 be6ad000
53588 be6ac000
53589 be6ab000
53590 be6aa000
53591 be6a9000
53592 be6a8000
53593 be6a7000
53594 be6a6000
53595 be6a5000
53596 be6a4000
53597 be6a3000
53598 be6a2000
53599 be6a1000
53600 be6a0000
53601 be69f000
53602 be69e000
53603 be69d000
53604 be69c000
53605 be69b000
53606 be69a000
53607 be699000
53608 be698000
53609 be697000
53610 be696000
53611 be695000
53612 be694000
53613 be693000
53614 be692000
53615 be691000
53616 be690000
53617 be68f000
53618 be68e000
53619 be68d000
53620 be68c000
53621 be68b000
53622 be68a000
53623 be689000
53624 be688000
53625 be687000
53626 be686000
53627 be685000
53628 be684000
53629 be683000
53630 be682000
53631 be681000
53632 be680000
53633 be67f000
53634 be67e000
53635 be67d000
53636 be67c000
53637 be67b000
53638 be67a000
53639 be679000
53640 be678000
53641 be677000
53642 be676000
53643 be675000
53644 be674000
53645 be673000
53646 be672000
53647 be671000
53648 be670000
53649 be66f000
53650 be66e000
53651 be66d000
53652 be66c000
53653 be66b000
53654 be66a000
53655 be669000
53656 be668000
53657 be667000
53658 be666000
53659 be665000
53660 be664000
53661 be663000
53662 be662000
53663 be661000
53664 be660000
53665 be65f000
53666 be65e000
53667 be65d000
53668 be65c000
53669 be65b000
53670 be65a000
53671 be659000
53672 be658000
53673 be657000
53674 be656000
53675 be655000
53676 be654000
53677 be653000
53678 be652000
53679 be651000
53680 be650000
53681 be64f000
53682 be64e000
53683 be64d000
53684 be64c000
53685 be64b000
53686 be64a000
53687 be649000
53688 be648000
53689 be647000
53690 be646000
53691 be645000
53692 be644000
53693 be643000
53694 be642000
53695 be641000
53696 be640000
53697 be63f000
53698 be63e000
53699 be63d000
53700 be63c000
53701 be63b000
53702 be63a000
53703 be639000
53704 be638000
53705 be637000
53706 be636000
53707 be635000
53708 be634000
53709 be633000
53710 be632000
53711 be631000
53712 be630000
53713 be62f000
53714 be62e000
53715 be62d000
53716 be62c000
53717 be62b000
53718 be62a000
53719 be629000
53720 be628000
53721 be627000
53722 be626000
53723 be625000
53724 be624000
53725 be623000
53726 be622000
53727 be621000
53728 be620000
53729 be61f000
53730 be61e000
53731 be61d000
53732 be61c000
53733 be61b000
53734 be61a000
53735 be619000
53736 be618000
53737 be617000
53738 be616000
53739 be615000
53740 be614000
53741 be613000
53742 be612000
53743 be611000
53744 be610000
53745 be60f000
53746 be60e000
53747 be60d000
53748 be60c000
53749 be60b000
53750 be60a000
53751 be609000
53752 be608000
53753 be607000
53754 be606000
53755 be605000
53756 be604000
53757 be603000
53758 be602000
53759 be601000
53760 be600000
53761 be5ff000
53762 be5fe000
53763 be5fd000
53764 be5fc000
53765 be5fb000
53766 be5fa000
53767 be5f9000
53768 be5f8000
53769 be5f7000
53770 be5f6000
53771 be5f5000
53772 be5f4000
53773 be5f3000
53774 be5f2000
53775 be5f1000
53776 be5f0000
53777 be5ef000
53778 be5ee000
53779 be5ed000
53780 be5ec000
53781 be5eb000
53782 be5ea000
53783 be5e9000
53784 be5e8000
53785 be5e7000
53786 be5e6000
53787 be5e5000
53788 be5e4000
53789 be5e3000
53790 be5e2000
53791 be5e1000
53792 be5e0000
53793 be5df000
53794 be5de000
53795 be5dd000
53796 be5dc000
53797 be5db000
53798 be5da000
53799 be5d9000
53800 be5d8000
53801 be5d7000
53802 be5d6000
53803 be5d5000
53804 be5d4000
53805 be5d3000
53806 be5d2000
53807 be5d1000
53808 be5d0000
53809 be5cf000
53810 be5ce000
53811 be5cd000
53812 be5cc000
53813 be5cb000
53814 be5ca000
53815 be5c9000
53816 be5c8000
53817 be5c7000
53818 be5c6000
53819 be5c5000
53820 be5c4000
53821 be5c3000
53822 be5c2000
53823 be5c1000
53824 be5c0000
53825 be5bf000
53826 be5be000
53827 be5bd000
53828 be5bc000
53829 be5bb000
53830 be5ba000
53831 be5b9000
53832 be5b8000
53833 be5b7000
53834 be5b6000
53835 be5b5000
53836 be5b4000
53837 be5b3000
53838 be5b2000
53839 be5b1000
53840 be5b0000
53841 be5af000
53842 be5ae000
53843 be5ad000
53844 be5ac000
53845 be5ab000
53846 be5aa000
53847 be5a9000
53848 be5a8000
53849 be5a7000
53850 be5a6000
53851 be5a5000
53852 be5a4000
53853 be5a3000
53854 be5a2000
53855 be5a1000
53856 be5a0000
53857 be59f000
53858 be59e000
53859 be59d000
53860 be59c000
53861 be59b000
53862 be59a000
53863 be599000
53864 be598000
53865 be597000
53866 be596000
53867 be595000
53868 be594000
53869 be593000
53870 be592000
53871 be591000
53872 be590000
53873 be58f000
53874 be58e000
53875 be58d000
53876 be58c000
53877 be58b000
53878 be58a000
53879 be589000
53880 be588000
53881 be587000
53882 be586000
53883 be585000
53884 be584000
53885 be583000
53886 be582000
53887 be581000
53888 be580000
53889 be57f000
53890 be57e000
53891 be57d000
53892 be57c000
53893 be57b000
53894 be57a000
53895 be579000
53896 be578000
53897 be577000
53898 be576000
53899 be575000
53900 be574000
53901 be573000
53902 be572000
53903 be571000
53904 be570000
53905 be56f000
53906 be56e000
53907 be56d000
53908 be56c000
53909 be56b000
53910 be56a000
53911 be569000
53912 be568000
53913 be567000
53914 be566000
53915 be565000
53916 be564000
53917 be563000
53918 be562000
53919 be561000
53920 be560000
53921 be55f000
53922 be55e000
53923 be55d000
53924 be55c000
53925 be55b000
53926 be55a000
53927 be559000
53928 be558000
53929 be557000
53930 be556000
53931 be555000
53932 be554000
53933 be553000
53934 be552000
53935 be551000
53936 be550000
53937 be54f000
53938 be54e000
53939 be54d000
53940 be54c000
53941 be54b000
53942 be54a000
53943 be549000
53944 be548000
53945 be547000
53946 be546000
53947 be545000
53948 be544000
53949 be543000
53950 be542000
53951 be541000
53952 be540000
53953 be53f000
53954 be53e000
53955 be53d000
53956 be53c000
53957 be53b000
53958 be53a000
53959 be539000
53960 be538000
53961 be537000
53962 be536000
53963 be535000
53964 be534000
53965 be533000
53966 be532000
53967 be531000
53968 be530000
53969 be52f000
53970 be52e000
53971 be52d000
53972 be52c000
53973 be52b000
53974 be52a000
53975 be529000
53976 be528000
53977 be527000
53978 be526000
53979 be525000
53980 be524000
53981 be523000
53982 be522000
53983 be521000
53984 be520000
53985 be51f000
53986 be51e000
53987 be51d000
53988 be51c000
53989 be51b000
53990 be51a000
53991 be519000
53992 be518000
53993 be517000
53994 be516000
53995 be515000
53996 be514000
53997 be513000
53998 be512000
53999 be511000
54000 be510000
54001 be50f000
54002 be50e000
54003 be50d000
54004 be50c000
54005 be50b000
54006 be50a000
54007 be509000
54008 be508000
54009 be507000
54010 be506000
54011 be505000
54012 be504000
54013 be503000
54014 be502000
54015 be501000
54016 be500000
54017 be4ff000
54018 be4fe000
54019 be4fd000
54020 be4fc000
54021 be4fb000
54022 be4fa000
54023 be4f9000
54024 be4f8000
54025 be4f7000
54026 be4f6000
54027 be4f5000
54028 be4f4000
54029 be4f3000
54030 be4f2000
54031 be4f1000
54032 be4f0000
54033 be4ef000
54034 be4ee000
54035 be4ed000
54036 be4ec000
54037 be4eb000
54038 be4ea000
54039 be4e9000
54040 be4e8000
54041 be4e7000
54042 be4e6000
54043 be4e5000
54044 be4e4000
54045 be4e3000
54046 be4e2000
54047 be4e1000
54048 be4e0000
54049 be4df000
54050 be4de000
54051 be4dd000
54052 be4dc000
54053 be4db000
54054 be4da000
54055 be4d9000
54056 be4d8000
54057 be4d7000
54058 be4d6000
54059 be4d5000
54060 be4d4000
54061 be4d3000
54062 be4d2000
54063 be4d1000
54064 be4d0000
54065 be4cf000
54066 be4ce000
54067 be4cd000
54068 be4cc000
54069 be4cb000
54070 be4ca000
54071 be4c9000
54072 be4c8000
54073 be4c7000
54074 be4c6000
54075 be4c5000
54076 be4c4000
54077 be4c3000
54078 be4c2000
54079 be4c1000
54080 be4c0000
54081 be4bf000
54082 be4be000
54083 be4bd000
54084 be4bc000
54085 be4bb000
54086 be4ba000
54087 be4b9000
54088 be4b8000
54089 be4b7000
54090 be4b6000
54091 be4b5000
54092 be4b4000
54093 be4b3000
54094 be4b2000
54095 be4b1000
54096 be4b0000
54097 be4af000
54098 be4ae000
54099 be4ad000
54100 be4ac000
54101 be4ab000
54102 be4aa000
54103 be4a9000
54104 be4a8000
54105 be4a7000
54106 be4a6000
54107 be4a5000
54108 be4a4000
54109 be4a3000
54110 be4a2000
54111 be4a1000
54112 be4a0000
54113 be49f000
54114 be49e000
54115 be49d000
54116 be49c000
54117 be49b000
54118 be49a000
54119 be499000
54120 be498000
54121 be497000
54122 be496000
54123 be495000
54124 be494000
54125 be493000
54126 be492000
54127 be491000
54128 be490000
54129 be48f000
54130 be48e000
54131 be48d000
54132 be48c000
54133 be48b000
54134 be48a000
54135 be489000
54136 be488000
54137 be487000
54138 be486000
54139 be485000
54140 be484000
54141 be483000
54142 be482000
54143 be481000
54144 be480000
54145 be47f000
54146 be47e000
54147 be47d000
54148 be47c000
54149 be47b000
54150 be47a000
54151 be479000
54152 be478000
54153 be477000
54154 be476000
54155 be475000
54156 be474000
54157 be473000
54158 be472000
54159 be471000
54160 be470000
54161 be46f000
54162 be46e000
54163 be46d000
54164 be46c000
54165 be46b000
54166 be46a000
54167 be469000
54168 be468000
54169 be467000
54170 be466000
54171 be465000
54172 be464000
54173 be463000
54174 be462000
54175 be461000
54176 be460000
54177 be45f000
54178 be45e000
54179 be45d000
54180 be45c000
54181 be45b000
54182 be45a000
54183 be459000
54184 be458000
54185 be457000
54186 be456000
54187 be455000
54188 be454000
54189 be453000
54190 be452000
54191 be451000
54192 be450000
54193 be44f000
54194 be44e000
54195 be44d000
54196 be44c000
54197 be44b000
54198 be44a000
54199 be449000
54200 be448000
54201 be447000
54202 be446000
54203 be445000
54204 be444000
54205 be443000
54206 be442000
54207 be441000
54208 be440000
54209 be43f000
54210 be43e000
54211 be43d000
54212 be43c000
54213 be43b000
54214 be43a000
54215 be439000
54216 be438000
54217 be437000
54218 be436000
54219 be435000
54220 be434000
54221 be433000
54222 be432000
54223 be431000
54224 be430000
54225 be42f000
54226 be42e000
54227 be42d000
54228 be42c000
54229 be42b000
54230 be42a000
54231 be429000
54232 be428000
54233 be427000
54234 be426000
54235 be425000
54236 be424000
54237 be423000
54238 be422000
54239 be421000
54240 be420000
54241 be41f000
54242 be41e000
54243 be41d000
54244 be41c000
54245 be41b000
54246 be41a000
54247 be419000
54248 be418000
54249 be417000
54250 be416000
54251 be415000
54252 be414000
54253 be413000
54254 be412000
54255 be411000
54256 be410000
54257 be40f000
54258 be40e000
54259 be40d000
54260 be40c000
54261 be40b000
54262 be40a000
54263 be409000
54264 be408000
54265 be407000
54266 be406000
54267 be405000
54268 be404000
54269 be403000
54270 be402000
54271 be401000
54272 be400000
54273 be3ff000
54274 be3fe000
54275 be3fd000
54276 be3fc000
54277 be3fb000
54278 be3fa000
54279 be3f9000
54280 be3f8000
54281 be3f7000
54282 be3f6000
54283 be3f5000
54284 be3f4000
54285 be3f3000
54286 be3f2000
54287 be3f1000
54288 be3f0000
54289 be3ef000
54290 be3ee000
54291 be3ed000
54292 be3ec000
54293 be3eb000
54294 be3ea000
54295 be3e9000
54296 be3e8000
54297 be3e7000
54298 be3e6000
54299 be3e5000
54300 be3e4000
54301 be3e3000
54302 be3e2000
54303 be3e1000
54304 be3e0000
54305 be3df000
54306 be3de000
54307 be3dd000
54308 be3dc000
54309 be3db000
54310 be3da000
54311 be3d9000
54312 be3d8000
54313 be3d7000
54314 be3d6000
54315 be3d5000
54316 be3d4000
54317 be3d3000
54318 be3d2000
54319 be3d1000
54320 be3d0000
54321 be3cf000
54322 be3ce000
54323 be3cd000
54324 be3cc000
54325 be3cb000
54326 be3ca000
54327 be3c9000
54328 be3c8000
54329 be3c7000
54330 be3c6000
54331 be3c5000
54332 be3c4000
54333 be3c3000
54334 be3c2000
54335 be3c1000
54336 be3c0000
54337 be3bf000
54338 be3be000
54339 be3bd000
54340 be3bc000
54341 be3bb000
54342 be3ba000
54343 be3b9000
54344 be3b8000
54345 be3b7000
54346 be3b6000
54347 be3b5000
54348 be3b4000
54349 be3b3000
54350 be3b2000
54351 be3b1000
54352 be3b0000
54353 be3af000
54354 be3ae000
54355 be3ad000
54356 be3ac000
54357 be3ab000
54358 be3aa000
54359 be3a9000
54360 be3a8000
54361 be3a7000
54362 be3a6000
54363 be3a5000
54364 be3a4000
54365 be3a3000
54366 be3a2000
54367 be3a1000
54368 be3a0000
54369 be39f000
54370 be39e000
54371 be39d000
54372 be39c000
54373 be39b000
54374 be39a000
54375 be399000
54376 be398000
54377 be397000
54378 be396000
54379 be395000
54380 be394000
54381 be393000
54382 be392000
54383 be391000
54384 be390000
54385 be38f000
54386 be38e000
54387 be38d000
54388 be38c000
54389 be38b000
54390 be38a000
54391 be389000
54392 be388000
54393 be387000
54394 be386000
54395 be385000
54396 be384000
54397 be383000
54398 be382000
54399 be381000
54400 be380000
54401 be37f000
54402 be37e000
54403 be37d000
54404 be37c000
54405 be37b000
54406 be37a000
54407 be379000
54408 be378000
54409 be377000
54410 be376000
54411 be375000
54412 be374000
54413 be373000
54414 be372000
54415 be371000
54416 be370000
54417 be36f000
54418 be36e000
54419 be36d000
54420 be36c000
54421 be36b000
54422 be36a000
54423 be369000
54424 be368000
54425 be367000
54426 be366000
54427 be365000
54428 be364000
54429 be363000
54430 be362000
54431 be361000
54432 be360000
54433 be35f000
54434 be35e000
54435 be35d000
54436 be35c000
54437 be35b000
54438 be35a000
54439 be359000
54440 be358000
54441 be357000
54442 be356000
54443 be355000
54444 be354000
54445 be353000
54446 be352000
54447 be351000
54448 be350000
54449 be34f000
54450 be34e000
54451 be34d000
54452 be34c000
54453 be34b000
54454 be34a000
54455 be349000
54456 be348000
54457 be347000
54458 be346000
54459 be345000
54460 be344000
54461 be343000
54462 be342000
54463 be341000
54464 be340000
54465 be33f000
54466 be33e000
54467 be33d000
54468 be33c000
54469 be33b000
54470 be33a000
54471 be339000
54472 be338000
54473 be337000
54474 be336000
54475 be335000
54476 be334000
54477 be333000
54478 be332000
54479 be331000
54480 be330000
54481 be32f000
54482 be32e000
54483 be32d000
54484 be32c000
54485 be32b000
54486 be32a000
54487 be329000
54488 be328000
54489 be327000
54490 be326000
54491 be325000
54492 be324000
54493 be323000
54494 be322000
54495 be321000
54496 be320000
54497 be31f000
54498 be31e000
54499 be31d000
54500 be31c000
54501 be31b000
54502 be31a000
54503 be319000
54504 be318000
54505 be317000
54506 be316000
54507 be315000
54508 be314000
54509 be313000
54510 be312000
54511 be311000
54512 be310000
54513 be30f000
54514 be30e000
54515 be30d000
54516 be30c000
54517 be30b000
54518 be30a000
54519 be309000
54520 be308000
54521 be307000
54522 be306000
54523 be305000
54524 be304000
54525 be303000
54526 be302000
54527 be301000
54528 be300000
54529 be2ff000
54530 be2fe000
54531 be2fd000
54532 be2fc000
54533 be2fb000
54534 be2fa000
54535 be2f9000
54536 be2f8000
54537 be2f7000
54538 be2f6000
54539 be2f5000
54540 be2f4000
54541 be2f3000
54542 be2f2000
54543 be2f1000
54544 be2f0000
54545 be2ef000
54546 be2ee000
54547 be2ed000
54548 be2ec000
54549 be2eb000
54550 be2ea000
54551 be2e9000
54552 be2e8000
54553 be2e7000
54554 be2e6000
54555 be2e5000
54556 be2e4000
54557 be2e3000
54558 be2e2000
54559 be2e1000
54560 be2e0000
54561 be2df000
54562 be2de000
54563 be2dd000
54564 be2dc000
54565 be2db000
54566 be2da000
54567 be2d9000
54568 be2d8000
54569 be2d7000
54570 be2d6000
54571 be2d5000
54572 be2d4000
54573 be2d3000
54574 be2d2000
54575 be2d1000
54576 be2d0000
54577 be2cf000
54578 be2ce000
54579 be2cd000
54580 be2cc000
54581 be2cb000
54582 be2ca000
54583 be2c9000
54584 be2c8000
54585 be2c7000
54586 be2c6000
54587 be2c5000
54588 be2c4000
54589 be2c3000
54590 be2c2000
54591 be2c1000
54592 be2c0000
54593 be2bf000
54594 be2be000
54595 be2bd000
54596 be2bc000
54597 be2bb000
54598 be2ba000
54599 be2b9000
54600 be2b8000
54601 be2b7000
54602 be2b6000
54603 be2b5000
54604 be2b4000
54605 be2b3000
54606 be2b2000
54607 be2b1000
54608 be2b0000
54609 be2af000
54610 be2ae000
54611 be2ad000
54612 be2ac000
54613 be2ab000
54614 be2aa000
54615 be2a9000
54616 be2a8000
54617 be2a7000
54618 be2a6000
54619 be2a5000
54620 be2a4000
54621 be2a3000
54622 be2a2000
54623 be2a1000
54624 be2a0000
54625 be29f000
54626 be29e000
54627 be29d000
54628 be29c000
54629 be29b000
54630 be29a000
54631 be299000
54632 be298000
54633 be297000
54634 be296000
54635 be295000
54636 be294000
54637 be293000
54638 be292000
54639 be291000
54640 be290000
54641 be28f000
54642 be28e000
54643 be28d000
54644 be28c000
54645 be28b000
54646 be28a000
54647 be289000
54648 be288000
54649 be287000
54650 be286000
54651 be285000
54652 be284000
54653 be283000
54654 be282000
54655 be281000
54656 be280000
54657 be27f000
54658 be27e000
54659 be27d000
54660 be27c000
54661 be27b000
54662 be27a000
54663 be279000
54664 be278000
54665 be277000
54666 be276000
54667 be275000
54668 be274000
54669 be273000
54670 be272000
54671 be271000
54672 be270000
54673 be26f000
54674 be26e000
54675 be26d000
54676 be26c000
54677 be26b000
54678 be26a000
54679 be269000
54680 be268000
54681 be267000
54682 be266000
54683 be265000
54684 be264000
54685 be263000
54686 be262000
54687 be261000
54688 be260000
54689 be25f000
54690 be25e000
54691 be25d000
54692 be25c000
54693 be25b000
54694 be25a000
54695 be259000
54696 be258000
54697 be257000
54698 be256000
54699 be255000
54700 be254000
54701 be253000
54702 be252000
54703 be251000
54704 be250000
54705 be24f000
54706 be24e000
54707 be24d000
54708 be24c000
54709 be24b000
54710 be24a000
54711 be249000
54712 be248000
54713 be247000
54714 be246000
54715 be245000
54716 be244000
54717 be243000
54718 be242000
54719 be241000
54720 be240000
54721 be23f000
54722 be23e000
54723 be23d000
54724 be23c000
54725 be23b000
54726 be23a000
54727 be239000
54728 be238000
54729 be237000
54730 be236000
54731 be235000
54732 be234000
54733 be233000
54734 be232000
54735 be231000
54736 be230000
54737 be22f000
54738 be22e000
54739 be22d000
54740 be22c000
54741 be22b000
54742 be22a000
54743 be229000
54744 be228000
54745 be227000
54746 be226000
54747 be225000
54748 be224000
54749 be223000
54750 be222000
54751 be221000
54752 be220000
54753 be21f000
54754 be21e000
54755 be21d000
54756 be21c000
54757 be21b000
54758 be21a000
54759 be219000
54760 be218000
54761 be217000
54762 be216000
54763 be215000
54764 be214000
54765 be213000
54766 be212000
54767 be211000
54768 be210000
54769 be20f000
54770 be20e000
54771 be20d000
54772 be20c000
54773 be20b000
54774 be20a000
54775 be209000
54776 be208000
54777 be207000
54778 be206000
54779 be205000
54780 be204000
54781 be203000
54782 be202000
54783 be201000
54784 be200000
54785 be1ff000
54786 be1fe000
54787 be1fd000
54788 be1fc000
54789 be1fb000
54790 be1fa000
54791 be1f9000
54792 be1f8000
54793 be1f7000
54794 be1f6000
54795 be1f5000
54796 be1f4000
54797 be1f3000
54798 be1f2000
54799 be1f1000
54800 be1f0000
54801 be1ef000
54802 be1ee000
54803 be1ed000
54804 be1ec000
54805 be1eb000
54806 be1ea000
54807 be1e9000
54808 be1e8000
54809 be1e7000
54810 be1e6000
54811 be1e5000
54812 be1e4000
54813 be1e3000
54814 be1e2000
54815 be1e1000
54816 be1e0000
54817 be1df000
54818 be1de000
54819 be1dd000
54820 be1dc000
54821 be1db000
54822 be1da000
54823 be1d9000
54824 be1d8000
54825 be1d7000
54826 be1d6000
54827 be1d5000
54828 be1d4000
54829 be1d3000
54830 be1d2000
54831 be1d1000
54832 be1d0000
54833 be1cf000
54834 be1ce000
54835 be1cd000
54836 be1cc000
54837 be1cb000
54838 be1ca000
54839 be1c9000
54840 be1c8000
54841 be1c7000
54842 be1c6000
54843 be1c5000
54844 be1c4000
54845 be1c3000
54846 be1c2000
54847 be1c1000
54848 be1c0000
54849 be1bf000
54850 be1be000
54851 be1bd000
54852 be1bc000
54853 be1bb000
54854 be1ba000
54855 be1b9000
54856 be1b8000
54857 be1b7000
54858 be1b6000
54859 be1b5000
54860 be1b4000
54861 be1b3000
54862 be1b2000
54863 be1b1000
54864 be1b0000
54865 be1af000
54866 be1ae000
54867 be1ad000
54868 be1ac000
54869 be1ab000
54870 be1aa000
54871 be1a9000
54872 be1a8000
54873 be1a7000
54874 be1a6000
54875 be1a5000
54876 be1a4000
54877 be1a3000
54878 be1a2000
54879 be1a1000
54880 be1a0000
54881 be19f000
54882 be19e000
54883 be19d000
54884 be19c000
54885 be19b000
54886 be19a000
54887 be199000
54888 be198000
54889 be197000
54890 be196000
54891 be195000
54892 be194000
54893 be193000
54894 be192000
54895 be191000
54896 be190000
54897 be18f000
54898 be18e000
54899 be18d000
54900 be18c000
54901 be18b000
54902 be18a000
54903 be189000
54904 be188000
54905 be187000
54906 be186000
54907 be185000
54908 be184000
54909 be183000
54910 be182000
54911 be181000
54912 be180000
54913 be17f000
54914 be17e000
54915 be17d000
54916 be17c000
54917 be17b000
54918 be17a000
54919 be179000
54920 be178000
54921 be177000
54922 be176000
54923 be175000
54924 be174000
54925 be173000
54926 be172000
54927 be171000
54928 be170000
54929 be16f000
54930 be16e000
54931 be16d000
54932 be16c000
54933 be16b000
54934 be16a000
54935 be169000
54936 be168000
54937 be167000
54938 be166000
54939 be165000
54940 be164000
54941 be163000
54942 be162000
54943 be161000
54944 be160000
54945 be15f000
54946 be15e000
54947 be15d000
54948 be15c000
54949 be15b000
54950 be15a000
54951 be159000
54952 be158000
54953 be157000
54954 be156000
54955 be155000
54956 be154000
54957 be153000
54958 be152000
54959 be151000
54960 be150000
54961 be14f000
54962 be14e000
54963 be14d000
54964 be14c000
54965 be14b000
54966 be14a000
54967 be149000
54968 be148000
54969 be147000
54970 be146000
54971 be145000
54972 be144000
54973 be143000
54974 be142000
54975 be141000
54976 be140000
54977 be13f000
54978 be13e000
54979 be13d000
54980 be13c000
54981 be13b000
54982 be13a000
54983 be139000
54984 be138000
54985 be137000
54986 be136000
54987 be135000
54988 be134000
54989 be133000
54990 be132000
54991 be131000
54992 be130000
54993 be12f000
54994 be12e000
54995 be12d000
54996 be12c000
54997 be12b000
54998 be12a000
54999 be129000
55000 be128000
55001 be127000
55002 be126000
55003 be125000
55004 be124000
55005 be123000
55006 be122000
55007 be121000
55008 be120000
55009 be11f000
55010 be11e000
55011 be11d000
55012 be11c000
55013 be11b000
55014 be11a000
55015 be119000
55016 be118000
55017 be117000
55018 be116000
55019 be115000
55020 be114000
55021 be113000
55022 be112000
55023 be111000
55024 be110000
55025 be10f000
55026 be10e000
55027 be10d000
55028 be10c000
55029 be10b000
55030 be10a000
55031 be109000
55032 be108000
55033 be107000
55034 be106000
55035 be105000
55036 be104000
55037 be103000
55038 be102000
55039 be101000
55040 be100000
55041 be0ff000
55042 be0fe000
55043 be0fd000
55044 be0fc000
55045 be0fb000
55046 be0fa000
55047 be0f9000
55048 be0f8000
55049 be0f7000
55050 be0f6000
55051 be0f5000
55052 be0f4000
55053 be0f3000
55054 be0f2000
55055 be0f1000
55056 be0f0000
55057 be0ef000
55058 be0ee000
55059 be0ed000
55060 be0ec000
55061 be0eb000
55062 be0ea000
55063 be0e9000
55064 be0e8000
55065 be0e7000
55066 be0e6000
55067 be0e5000
55068 be0e4000
55069 be0e3000
55070 be0e2000
55071 be0e1000
55072 be0e0000
55073 be0df000
55074 be0de000
55075 be0dd000
55076 be0dc000
55077 be0db000
55078 be0da000
55079 be0d9000
55080 be0d8000
55081 be0d7000
55082 be0d6000
55083 be0d5000
55084 be0d4000
55085 be0d3000
55086 be0d2000
55087 be0d1000
55088 be0d0000
55089 be0cf000
55090 be0ce000
55091 be0cd000
55092 be0cc000
55093 be0cb000
55094 be0ca000
55095 be0c9000
55096 be0c8000
55097 be0c7000
55098 be0c6000
55099 be0c5000
55100 be0c4000
55101 be0c3000
55102 be0c2000
55103 be0c1000
55104 be0c0000
55105 be0bf000
55106 be0be000
55107 be0bd000
55108 be0bc000
55109 be0bb000
55110 be0ba000
55111 be0b9000
55112 be0b8000
55113 be0b7000
55114 be0b6000
55115 be0b5000
55116 be0b4000
55117 be0b3000
55118 be0b2000
55119 be0b1000
55120 be0b0000
55121 be0af000
55122 be0ae000
55123 be0ad000
55124 be0ac000
55125 be0ab000
55126 be0aa000
55127 be0a9000
55128 be0a8000
55129 be0a7000
55130 be0a6000
55131 be0a5000
55132 be0a4000
55133 be0a3000
55134 be0a2000
55135 be0a1000
55136 be0a0000
55137 be09f000
55138 be09e000
55139 be09d000
55140 be09c000
55141 be09b000
55142 be09a000
55143 be099000
55144 be098000
55145 be097000
55146 be096000
55147 be095000
55148 be094000
55149 be093000
55150 be092000
55151 be091000
55152 be090000
55153 be08f000
55154 be08e000
55155 be08d000
55156 be08c000
55157 be08b000
55158 be08a000
55159 be089000
55160 be088000
55161 be087000
55162 be086000
55163 be085000
55164 be084000
55165 be083000
55166 be082000
55167 be081000
55168 be080000
55169 be07f000
55170 be07e000
55171 be07d000
55172 be07c000
55173 be07b000
55174 be07a000
55175 be079000
55176 be078000
55177 be077000
55178 be076000
55179 be075000
55180 be074000
55181 be073000
55182 be072000
55183 be071000
55184 be070000
55185 be06f000
55186 be06e000
55187 be06d000
55188 be06c000
55189 be06b000
55190 be06a000
55191 be069000
55192 be068000
55193 be067000
55194 be066000
55195 be065000
55196 be064000
55197 be063000
55198 be062000
55199 be061000
55200 be060000
55201 be05f000
55202 be05e000
55203 be05d000
55204 be05c000
55205 be05b000
55206 be05a000
55207 be059000
55208 be058000
55209 be057000
55210 be056000
55211 be055000
55212 be054000
55213 be053000
55214 be052000
55215 be051000
55216 be050000
55217 be04f000
55218 be04e000
55219 be04d000
55220 be04c000
55221 be04b000
55222 be04a000
55223 be049000
55224 be048000
55225 be047000
55226 be046000
55227 be045000
55228 be044000
55229 be043000
55230 be042000
55231 be041000
55232 be040000
55233 be03f000
55234 be03e000
55235 be03d000
55236 be03c000
55237 be03b000
55238 be03a000
55239 be039000
55240 be038000
55241 be037000
55242 be036000
55243 be035000
55244 be034000
55245 be033000
55246 be032000
55247 be031000
55248 be030000
55249 be02f000
55250 be02e000
55251 be02d000
55252 be02c000
55253 be02b000
55254 be02a000
55255 be029000
55256 be028000
55257 be027000
55258 be026000
55259 be025000
55260 be024000
55261 be023000
55262 be022000
55263 be021000
55264 be020000
55265 be01f000
55266 be01e000
55267 be01d000
55268 be01c000
55269 be01b000
55270 be01a000
55271 be019000
55272 be018000
55273 be017000
55274 be016000
55275 be015000
55276 be014000
55277 be013000
55278 be012000
55279 be011000
55280 be010000
55281 be00f000
55282 be00e000
55283 be00d000
55284 be00c000
55285 be00b000
55286 be00a000
55287 be009000
55288 be008000
55289 be007000
55290 be006000
55291 be005000
55292 be004000
55293 be003000
55294 be002000
55295 be001000
55296 be000000
55297 bdfff000
55298 bdffe000
55299 bdffd000
55300 bdffc000
55301 bdffb000
55302 bdffa000
55303 bdff9000
55304 bdff8000
55305 bdff7000
55306 bdff6000
55307 bdff5000
55308 bdff4000
55309 bdff3000
55310 bdff2000
55311 bdff1000
55312 bdff0000
55313 bdfef000
55314 bdfee000
55315 bdfed000
55316 bdfec000
55317 bdfeb000
55318 bdfea000
55319 bdfe9000
55320 bdfe8000
55321 bdfe7000
55322 bdfe6000
55323 bdfe5000
55324 bdfe4000
55325 bdfe3000
55326 bdfe2000
55327 bdfe1000
55328 bdfe0000
55329 bdfdf000
55330 bdfde000
55331 bdfdd000
55332 bdfdc000
55333 bdfdb000
55334 bdfda000
55335 bdfd9000
55336 bdfd8000
55337 bdfd7000
55338 bdfd6000
55339 bdfd5000
55340 bdfd4000
55341 bdfd3000
55342 bdfd2000
55343 bdfd1000
55344 bdfd0000
55345 bdfcf000
55346 bdfce000
55347 bdfcd000
55348 bdfcc000
55349 bdfcb000
55350 bdfca000
55351 bdfc9000
55352 bdfc8000
55353 bdfc7000
55354 bdfc6000
55355 bdfc5000
55356 bdfc4000
55357 bdfc3000
55358 bdfc2000
55359 bdfc1000
55360 bdfc0000
55361 bdfbf000
55362 bdfbe000
55363 bdfbd000
55364 bdfbc000
55365 bdfbb000
55366 bdfba000
55367 bdfb9000
55368 bdfb8000
55369 bdfb7000
55370 bdfb6000
55371 bdfb5000
55372 bdfb4000
55373 bdfb3000
55374 bdfb2000
55375 bdfb1000
55376 bdfb0000
55377 bdfaf000
55378 bdfae000
55379 bdfad000
55380 bdfac000
55381 bdfab000
55382 bdfaa000
55383 bdfa9000
55384 bdfa8000
55385 bdfa7000
55386 bdfa6000
55387 bdfa5000
55388 bdfa4000
55389 bdfa3000
55390 bdfa2000
55391 bdfa1000
55392 bdfa0000
55393 bdf9f000
55394 bdf9e000
55395 bdf9d000
55396 bdf9c000
55397 bdf9b000
55398 bdf9a000
55399 bdf99000
55400 bdf98000
55401 bdf97000
55402 bdf96000
55403 bdf95000
55404 bdf94000
55405 bdf93000
55406 bdf92000
55407 bdf91000
55408 bdf90000
55409 bdf8f000
55410 bdf8e000
55411 bdf8d000
55412 bdf8c000
55413 bdf8b000
55414 bdf8a000
55415 bdf89000
55416 bdf88000
55417 bdf87000
55418 bdf86000
55419 bdf85000
55420 bdf84000
55421 bdf83000
55422 bdf82000
55423 bdf81000
55424 bdf80000
55425 bdf7f000
55426 bdf7e000
55427 bdf7d000
55428 bdf7c000
55429 bdf7b000
55430 bdf7a000
55431 bdf79000
55432 bdf78000
55433 bdf77000
55434 bdf76000
55435 bdf75000
55436 bdf74000
55437 bdf73000
55438 bdf72000
55439 bdf71000
55440 bdf70000
55441 bdf6f000
55442 bdf6e000
55443 bdf6d000
55444 bdf6c000
55445 bdf6b000
55446 bdf6a000
55447 bdf69000
55448 bdf68000
55449 bdf67000
55450 bdf66000
55451 bdf65000
55452 bdf64000
55453 bdf63000
55454 bdf62000
55455 bdf61000
55456 bdf60000
55457 bdf5f000
55458 bdf5e000
55459 bdf5d000
55460 bdf5c000
55461 bdf5b000
55462 bdf5a000
55463 bdf59000
55464 bdf58000
55465 bdf57000
55466 bdf56000
55467 bdf55000
55468 bdf54000
55469 bdf53000
55470 bdf52000
55471 bdf51000
55472 bdf50000
55473 bdf4f000
55474 bdf4e000
55475 bdf4d000
55476 bdf4c000
55477 bdf4b000
55478 bdf4a000
55479 bdf49000
55480 bdf48000
55481 bdf47000
55482 bdf46000
55483 bdf45000
55484 bdf44000
55485 bdf43000
55486 bdf42000
55487 bdf41000
55488 bdf40000
55489 bdf3f000
55490 bdf3e000
55491 bdf3d000
55492 bdf3c000
55493 bdf3b000
55494 bdf3a000
55495 bdf39000
55496 bdf38000
55497 bdf37000
55498 bdf36000
55499 bdf35000
55500 bdf34000
55501 bdf33000
55502 bdf32000
55503 bdf31000
55504 bdf30000
55505 bdf2f000
55506 bdf2e000
55507 bdf2d000
55508 bdf2c000
55509 bdf2b000
55510 bdf2a000
55511 bdf29000
55512 bdf28000
55513 bdf27000
55514 bdf26000
55515 bdf25000
55516 bdf24000
55517 bdf23000
55518 bdf22000
55519 bdf21000
55520 bdf20000
55521 bdf1f000
55522 bdf1e000
55523 bdf1d000
55524 bdf1c000
55525 bdf1b000
55526 bdf1a000
55527 bdf19000
55528 bdf18000
55529 bdf17000
55530 bdf16000
55531 bdf15000
55532 bdf14000
55533 bdf13000
55534 bdf12000
55535 bdf11000
55536 bdf10000
55537 bdf0f000
55538 bdf0e000
55539 bdf0d000
55540 bdf0c000
55541 bdf0b000
55542 bdf0a000
55543 bdf09000
55544 bdf08000
55545 bdf07000
55546 bdf06000
55547 bdf05000
55548 bdf04000
55549 bdf03000
55550 bdf02000
55551 bdf01000
55552 bdf00000
55553 bdeff000
55554 bdefe000
55555 bdefd000
55556 bdefc000
55557 bdefb000
55558 bdefa000
55559 bdef9000
55560 bdef8000
55561 bdef7000
55562 bdef6000
55563 bdef5000
55564 bdef4000
55565 bdef3000
55566 bdef2000
55567 bdef1000
55568 bdef0000
55569 bdeef000
55570 bdeee000
55571 bdeed000
55572 bdeec000
55573 bdeeb000
55574 bdeea000
55575 bdee9000
55576 bdee8000
55577 bdee7000
55578 bdee6000
55579 bdee5000
55580 bdee4000
55581 bdee3000
55582 bdee2000
55583 bdee1000
55584 bdee0000
55585 bdedf000
55586 bdede000
55587 bdedd000
55588 bdedc000
55589 bdedb000
55590 bdeda000
55591 bded9000
55592 bded8000
55593 bded7000
55594 bded6000
55595 bded5000
55596 bded4000
55597 bded3000
55598 bded2000
55599 bded1000
55600 bded0000
55601 bdecf000
55602 bdece000
55603 bdecd000
55604 bdecc000
55605 bdecb000
55606 bdeca000
55607 bdec9000
55608 bdec8000
55609 bdec7000
55610 bdec6000
55611 bdec5000
55612 bdec4000
55613 bdec3000
55614 bdec2000
55615 bdec1000
55616 bdec0000
55617 bdebf000
55618 bdebe000
55619 bdebd000
55620 bdebc000
55621 bdebb000
55622 bdeba000
55623 bdeb9000
55624 bdeb8000
55625 bdeb7000
55626 bdeb6000
55627 bdeb5000
55628 bdeb4000
55629 bdeb3000
55630 bdeb2000
55631 bdeb1000
55632 bdeb0000
55633 bdeaf000
55634 bdeae000
55635 bdead000
55636 bdeac000
55637 bdeab000
55638 bdeaa000
55639 bdea9000
55640 bdea8000
55641 bdea7000
55642 bdea6000
55643 bdea5000
55644 bdea4000
55645 bdea3000
55646 bdea2000
55647 bdea1000
55648 bdea0000
55649 bde9f000
55650 bde9e000
55651 bde9d000
55652 bde9c000
55653 bde9b000
55654 bde9a000
55655 bde99000
55656 bde98000
55657 bde97000
55658 bde96000
55659 bde95000
55660 bde94000
55661 bde93000
55662 bde92000
55663 bde91000
55664 bde90000
55665 bde8f000
55666 bde8e000
55667 bde8d000
55668 bde8c000
55669 bde8b000
55670 bde8a000
55671 bde89000
55672 bde88000
55673 bde87000
55674 bde86000
55675 bde85000
55676 bde84000
55677 bde83000
55678 bde82000
55679 bde81000
55680 bde80000
55681 bde7f000
55682 bde7e000
55683 bde7d000
55684 bde7c000
55685 bde7b000
55686 bde7a000
55687 bde79000
55688 bde78000
55689 bde77000
55690 bde76000
55691 bde75000
55692 bde74000
55693 bde73000
55694 bde72000
55695 bde71000
55696 bde70000
55697 bde6f000
55698 bde6e000
55699 bde6d000
55700 bde6c000
55701 bde6b000
55702 bde6a000
55703 bde69000
55704 bde68000
55705 bde67000
55706 bde66000
55707 bde65000
55708 bde64000
55709 bde63000
55710 bde62000
55711 bde61000
55712 bde60000
55713 bde5f000
55714 bde5e000
55715 bde5d000
55716 bde5c000
55717 bde5b000
55718 bde5a000
55719 bde59000
55720 bde58000
55721 bde57000
55722 bde56000
55723 bde55000
55724 bde54000
55725 bde53000
55726 bde52000
55727 bde51000
55728 bde50000
55729 bde4f000
55730 bde4e000
55731 bde4d000
55732 bde4c000
55733 bde4b000
55734 bde4a000
55735 bde49000
55736 bde48000
55737 bde47000
55738 bde46000
55739 bde45000
55740 bde44000
55741 bde43000
55742 bde42000
55743 bde41000
55744 bde40000
55745 bde3f000
55746 bde3e000
55747 bde3d000
55748 bde3c000
55749 bde3b000
55750 bde3a000
55751 bde39000
55752 bde38000
55753 bde37000
55754 bde36000
55755 bde35000
55756 bde34000
55757 bde33000
55758 bde32000
55759 bde31000
55760 bde30000
55761 bde2f000
55762 bde2e000
55763 bde2d000
55764 bde2c000
55765 bde2b000
55766 bde2a000
55767 bde29000
55768 bde28000
55769 bde27000
55770 bde26000
55771 bde25000
55772 bde24000
55773 bde23000
55774 bde22000
55775 bde21000
55776 bde20000
55777 bde1f000
55778 bde1e000
55779 bde1d000
55780 bde1c000
55781 bde1b000
55782 bde1a000
55783 bde19000
55784 bde18000
55785 bde17000
55786 bde16000
55787 bde15000
55788 bde14000
55789 bde13000
55790 bde12000
55791 bde11000
55792 bde10000
55793 bde0f000
55794 bde0e000
55795 bde0d000
55796 bde0c000
55797 bde0b000
55798 bde0a000
55799 bde09000
55800 bde08000
55801 bde07000
55802 bde06000
55803 bde05000
55804 bde04000
55805 bde03000
55806 bde02000
55807 bde01000
55808 bde00000
55809 bddff000
55810 bddfe000
55811 bddfd000
55812 bddfc000
55813 bddfb000
55814 bddfa000
55815 bddf9000
55816 bddf8000
55817 bddf7000
55818 bddf6000
55819 bddf5000
55820 bddf4000
55821 bddf3000
55822 bddf2000
55823 bddf1000
55824 bddf0000
55825 bddef000
55826 bddee000
55827 bdded000
55828 bddec000
55829 bddeb000
55830 bddea000
55831 bdde9000
55832 bdde8000
55833 bdde7000
55834 bdde6000
55835 bdde5000
55836 bdde4000
55837 bdde3000
55838 bdde2000
55839 bdde1000
55840 bdde0000
55841 bdddf000
55842 bddde000
55843 bdddd000
55844 bdddc000
55845 bdddb000
55846 bddda000
55847 bddd9000
55848 bddd8000
55849 bddd7000
55850 bddd6000
55851 bddd5000
55852 bddd4000
55853 bddd3000
55854 bddd2000
55855 bddd1000
55856 bddd0000
55857 bddcf000
55858 bddce000
55859 bddcd000
55860 bddcc000
55861 bddcb000
55862 bddca000
55863 bddc9000
55864 bddc8000
55865 bddc7000
55866 bddc6000
55867 bddc5000
55868 bddc4000
55869 bddc3000
55870 bddc2000
55871 bddc1000
55872 bddc0000
55873 bddbf000
55874 bddbe000
55875 bddbd000
55876 bddbc000
55877 bddbb000
55878 bddba000
55879 bddb9000
55880 bddb8000
55881 bddb7000
55882 bddb6000
55883 bddb5000
55884 bddb4000
55885 bddb3000
55886 bddb2000
55887 bddb1000
55888 bddb0000
55889 bddaf000
55890 bddae000
55891 bddad000
55892 bddac000
55893 bddab000
55894 bddaa000
55895 bdda9000
55896 bdda8000
55897 bdda7000
55898 bdda6000
55899 bdda5000
55900 bdda4000
55901 bdda3000
55902 bdda2000
55903 bdda1000
55904 bdda0000
55905 bdd9f000
55906 bdd9e000
55907 bdd9d000
55908 bdd9c000
55909 bdd9b000
55910 bdd9a000
55911 bdd99000
55912 bdd98000
55913 bdd97000
55914 bdd96000
55915 bdd95000
55916 bdd94000
55917 bdd93000
55918 bdd92000
55919 bdd91000
55920 bdd90000
55921 bdd8f000
55922 bdd8e000
55923 bdd8d000
55924 bdd8c000
55925 bdd8b000
55926 bdd8a000
55927 bdd89000
55928 bdd88000
55929 bdd87000
55930 bdd86000
55931 bdd85000
55932 bdd84000
55933 bdd83000
55934 bdd82000
55935 bdd81000
55936 bdd80000
55937 bdd7f000
55938 bdd7e000
55939 bdd7d000
55940 bdd7c000
55941 bdd7b000
55942 bdd7a000
55943 bdd79000
55944 bdd78000
55945 bdd77000
55946 bdd76000
55947 bdd75000
55948 bdd74000
55949 bdd73000
55950 bdd72000
55951 bdd71000
55952 bdd70000
55953 bdd6f000
55954 bdd6e000
55955 bdd6d000
55956 bdd6c000
55957 bdd6b000
55958 bdd6a000
55959 bdd69000
55960 bdd68000
55961 bdd67000
55962 bdd66000
55963 bdd65000
55964 bdd64000
55965 bdd63000
55966 bdd62000
55967 bdd61000
55968 bdd60000
55969 bdd5f000
55970 bdd5e000
55971 bdd5d000
55972 bdd5c000
55973 bdd5b000
55974 bdd5a000
55975 bdd59000
55976 bdd58000
55977 bdd57000
55978 bdd56000
55979 bdd55000
55980 bdd54000
55981 bdd53000
55982 bdd52000
55983 bdd51000
55984 bdd50000
55985 bdd4f000
55986 bdd4e000
55987 bdd4d000
55988 bdd4c000
55989 bdd4b000
55990 bdd4a000
55991 bdd49000
55992 bdd48000
55993 bdd47000
55994 bdd46000
55995 bdd45000
55996 bdd44000
55997 bdd43000
55998 bdd42000
55999 bdd41000
56000 bdd40000
56001 bdd3f000
56002 bdd3e000
56003 bdd3d000
56004 bdd3c000
56005 bdd3b000
56006 bdd3a000
56007 bdd39000
56008 bdd38000
56009 bdd37000
56010 bdd36000
56011 bdd35000
56012 bdd34000
56013 bdd33000
56014 bdd32000
56015 bdd31000
56016 bdd30000
56017 bdd2f000
56018 bdd2e000
56019 bdd2d000
56020 bdd2c000
56021 bdd2b000
56022 bdd2a000
56023 bdd29000
56024 bdd28000
56025 bdd27000
56026 bdd26000
56027 bdd25000
56028 bdd24000
56029 bdd23000
56030 bdd22000
56031 bdd21000
56032 bdd20000
56033 bdd1f000
56034 bdd1e000
56035 bdd1d000
56036 bdd1c000
56037 bdd1b000
56038 bdd1a000
56039 bdd19000
56040 bdd18000
56041 bdd17000
56042 bdd16000
56043 bdd15000
56044 bdd14000
56045 bdd13000
56046 bdd12000
56047 bdd11000
56048 bdd10000
56049 bdd0f000
56050 bdd0e000
56051 bdd0d000
56052 bdd0c000
56053 bdd0b000
56054 bdd0a000
56055 bdd09000
56056 bdd08000
56057 bdd07000
56058 bdd06000
56059 bdd05000
56060 bdd04000
56061 bdd03000
56062 bdd02000
56063 bdd01000
56064 bdd00000
56065 bdcff000
56066 bdcfe000
56067 bdcfd000
56068 bdcfc000
56069 bdcfb000
56070 bdcfa000
56071 bdcf9000
56072 bdcf8000
56073 bdcf7000
56074 bdcf6000
56075 bdcf5000
56076 bdcf4000
56077 bdcf3000
56078 bdcf2000
56079 bdcf1000
56080 bdcf0000
56081 bdcef000
56082 bdcee000
56083 bdced000
56084 bdcec000
56085 bdceb000
56086 bdcea000
56087 bdce9000
56088 bdce8000
56089 bdce7000
56090 bdce6000
56091 bdce5000
56092 bdce4000
56093 bdce3000
56094 bdce2000
56095 bdce1000
56096 bdce0000
56097 bdcdf000
56098 bdcde000
56099 bdcdd000
56100 bdcdc000
56101 bdcdb000
56102 bdcda000
56103 bdcd9000
56104 bdcd8000
56105 bdcd7000
56106 bdcd6000
56107 bdcd5000
56108 bdcd4000
56109 bdcd3000
56110 bdcd2000
56111 bdcd1000
56112 bdcd0000
56113 bdccf000
56114 bdcce000
56115 bdccd000
56116 bdccc000
56117 bdccb000
56118 bdcca000
56119 bdcc9000
56120 bdcc8000
56121 bdcc7000
56122 bdcc6000
56123 bdcc5000
56124 bdcc4000
56125 bdcc3000
56126 bdcc2000
56127 bdcc1000
56128 bdcc0000
56129 bdcbf000
56130 bdcbe000
56131 bdcbd000
56132 bdcbc000
56133 bdcbb000
56134 bdcba000
56135 bdcb9000
56136 bdcb8000
56137 bdcb7000
56138 bdcb6000
56139 bdcb5000
56140 bdcb4000
56141 bdcb3000
56142 bdcb2000
56143 bdcb1000
56144 bdcb0000
56145 bdcaf000
56146 bdcae000
56147 bdcad000
56148 bdcac000
56149 bdcab000
56150 bdcaa000
56151 bdca9000
56152 bdca8000
56153 bdca7000
56154 bdca6000
56155 bdca5000
56156 bdca4000
56157 bdca3000
56158 bdca2000
56159 bdca1000
56160 bdca0000
56161 bdc9f000
56162 bdc9e000
56163 bdc9d000
56164 bdc9c000
56165 bdc9b000
56166 bdc9a000
56167 bdc99000
56168 bdc98000
56169 bdc97000
56170 bdc96000
56171 bdc95000
56172 bdc94000
56173 bdc93000
56174 bdc92000
56175 bdc91000
56176 bdc90000
56177 bdc8f000
56178 bdc8e000
56179 bdc8d000
56180 bdc8c000
56181 bdc8b000
56182 bdc8a000
56183 bdc89000
56184 bdc88000
56185 bdc87000
56186 bdc86000
56187 bdc85000
56188 bdc84000
56189 bdc83000
56190 bdc82000
56191 bdc81000
56192 bdc80000
56193 bdc7f000
56194 bdc7e000
56195 bdc7d000
56196 bdc7c000
56197 bdc7b000
56198 bdc7a000
56199 bdc79000
56200 bdc78000
56201 bdc77000
56202 bdc76000
56203 bdc75000
56204 bdc74000
56205 bdc73000
56206 bdc72000
56207 bdc71000
56208 bdc70000
56209 bdc6f000
56210 bdc6e000
56211 bdc6d000
56212 bdc6c000
56213 bdc6b000
56214 bdc6a000
56215 bdc69000
56216 bdc68000
56217 bdc67000
56218 bdc66000
56219 bdc65000
56220 bdc64000
56221 bdc63000
56222 bdc62000
56223 bdc61000
56224 bdc60000
56225 bdc5f000
56226 bdc5e000
56227 bdc5d000
56228 bdc5c000
56229 bdc5b000
56230 bdc5a000
56231 bdc59000
56232 bdc58000
56233 bdc57000
56234 bdc56000
56235 bdc55000
56236 bdc54000
56237 bdc53000
56238 bdc52000
56239 bdc51000
56240 bdc50000
56241 bdc4f000
56242 bdc4e000
56243 bdc4d000
56244 bdc4c000
56245 bdc4b000
56246 bdc4a000
56247 bdc49000
56248 bdc48000
56249 bdc47000
56250 bdc46000
56251 bdc45000
56252 bdc44000
56253 bdc43000
56254 bdc42000
56255 bdc41000
56256 bdc40000
56257 bdc3f000
56258 bdc3e000
56259 bdc3d000
56260 bdc3c000
56261 bdc3b000
56262 bdc3a000
56263 bdc39000
56264 bdc38000
56265 bdc37000
56266 bdc36000
56267 bdc35000
56268 bdc34000
56269 bdc33000
56270 bdc32000
56271 bdc31000
56272 bdc30000
56273 bdc2f000
56274 bdc2e000
56275 bdc2d000
56276 bdc2c000
56277 bdc2b000
56278 bdc2a000
56279 bdc29000
56280 bdc28000
56281 bdc27000
56282 bdc26000
56283 bdc25000
56284 bdc24000
56285 bdc23000
56286 bdc22000
56287 bdc21000
56288 bdc20000
56289 bdc1f000
56290 bdc1e000
56291 bdc1d000
56292 bdc1c000
56293 bdc1b000
56294 bdc1a000
56295 bdc19000
56296 bdc18000
56297 bdc17000
56298 bdc16000
56299 bdc15000
56300 bdc14000
56301 bdc13000
56302 bdc12000
56303 bdc11000
56304 bdc10000
56305 bdc0f000
56306 bdc0e000
56307 bdc0d000
56308 bdc0c000
56309 bdc0b000
56310 bdc0a000
56311 bdc09000
56312 bdc08000
56313 bdc07000
56314 bdc06000
56315 bdc05000
56316 bdc04000
56317 bdc03000
56318 bdc02000
56319 bdc01000
56320 bdc00000
56321 bdbff000
56322 bdbfe000
56323 bdbfd000
56324 bdbfc000
56325 bdbfb000
56326 bdbfa000
56327 bdbf9000
56328 bdbf8000
56329 bdbf7000
56330 bdbf6000
56331 bdbf5000
56332 bdbf4000
56333 bdbf3000
56334 bdbf2000
56335 bdbf1000
56336 bdbf0000
56337 bdbef000
56338 bdbee000
56339 bdbed000
56340 bdbec000
56341 bdbeb000
56342 bdbea000
56343 bdbe9000
56344 bdbe8000
56345 bdbe7000
56346 bdbe6000
56347 bdbe5000
56348 bdbe4000
56349 bdbe3000
56350 bdbe2000
56351 bdbe1000
56352 bdbe0000
56353 bdbdf000
56354 bdbde000
56355 bdbdd000
56356 bdbdc000
56357 bdbdb000
56358 bdbda000
56359 bdbd9000
56360 bdbd8000
56361 bdbd7000
56362 bdbd6000
56363 bdbd5000
56364 bdbd4000
56365 bdbd3000
56366 bdbd2000
56367 bdbd1000
56368 bdbd0000
56369 bdbcf000
56370 bdbce000
56371 bdbcd000
56372 bdbcc000
56373 bdbcb000
56374 bdbca000
56375 bdbc9000
56376 bdbc8000
56377 bdbc7000
56378 bdbc6000
56379 bdbc5000
56380 bdbc4000
56381 bdbc3000
56382 bdbc2000
56383 bdbc1000
56384 bdbc0000
56385 bdbbf000
56386 bdbbe000
56387 bdbbd000
56388 bdbbc000
56389 bdbbb000
56390 bdbba000
56391 bdbb9000
56392 bdbb8000
56393 bdbb7000
56394 bdbb6000
56395 bdbb5000
56396 bdbb4000
56397 bdbb3000
56398 bdbb2000
56399 bdbb1000
56400 bdbb0000
56401 bdbaf000
56402 bdbae000
56403 bdbad000
56404 bdbac000
56405 bdbab000
56406 bdbaa000
56407 bdba9000
56408 bdba8000
56409 bdba7000
56410 bdba6000
56411 bdba5000
56412 bdba4000
56413 bdba3000
56414 bdba2000
56415 bdba1000
56416 bdba0000
56417 bdb9f000
56418 bdb9e000
56419 bdb9d000
56420 bdb9c000
56421 bdb9b000
56422 bdb9a000
56423 bdb99000
56424 bdb98000
56425 bdb97000
56426 bdb96000
56427 bdb95000
56428 bdb94000
56429 bdb93000
56430 bdb92000
56431 bdb91000
56432 bdb90000
56433 bdb8f000
56434 bdb8e000
56435 bdb8d000
56436 bdb8c000
56437 bdb8b000
56438 bdb8a000
56439 bdb89000
56440 bdb88000
56441 bdb87000
56442 bdb86000
56443 bdb85000
56444 bdb84000
56445 bdb83000
56446 bdb82000
56447 bdb81000
56448 bdb80000
56449 bdb7f000
56450 bdb7e000
56451 bdb7d000
56452 bdb7c000
56453 bdb7b000
56454 bdb7a000
56455 bdb79000
56456 bdb78000
56457 bdb77000
56458 bdb76000
56459 bdb75000
56460 bdb74000
56461 bdb73000
56462 bdb72000
56463 bdb71000
56464 bdb70000
56465 bdb6f000
56466 bdb6e000
56467 bdb6d000
56468 bdb6c000
56469 bdb6b000
56470 bdb6a000
56471 bdb69000
56472 bdb68000
56473 bdb67000
56474 bdb66000
56475 bdb65000
56476 bdb64000
56477 bdb63000
56478 bdb62000
56479 bdb61000
56480 bdb60000
56481 bdb5f000
56482 bdb5e000
56483 bdb5d000
56484 bdb5c000
56485 bdb5b000
56486 bdb5a000
56487 bdb59000
56488 bdb58000
56489 bdb57000
56490 bdb56000
56491 bdb55000
56492 bdb54000
56493 bdb53000
56494 bdb52000
56495 bdb51000
56496 bdb50000
56497 bdb4f000
56498 bdb4e000
56499 bdb4d000
56500 bdb4c000
56501 bdb4b000
56502 bdb4a000
56503 bdb49000
56504 bdb48000
56505 bdb47000
56506 bdb46000
56507 bdb45000
56508 bdb44000
56509 bdb43000
56510 bdb42000
56511 bdb41000
56512 bdb40000
56513 bdb3f000
56514 bdb3e000
56515 bdb3d000
56516 bdb3c000
56517 bdb3b000
56518 bdb3a000
56519 bdb39000
56520 bdb38000
56521 bdb37000
56522 bdb36000
56523 bdb35000
56524 bdb34000
56525 bdb33000
56526 bdb32000
56527 bdb31000
56528 bdb30000
56529 bdb2f000
56530 bdb2e000
56531 bdb2d000
56532 bdb2c000
56533 bdb2b000
56534 bdb2a000
56535 bdb29000
56536 bdb28000
56537 bdb27000
56538 bdb26000
56539 bdb25000
56540 bdb24000
56541 bdb23000
56542 bdb22000
56543 bdb21000
56544 bdb20000
56545 bdb1f000
56546 bdb1e000
56547 bdb1d000
56548 bdb1c000
56549 bdb1b000
56550 bdb1a000
56551 bdb19000
56552 bdb18000
56553 bdb17000
56554 bdb16000
56555 bdb15000
56556 bdb14000
56557 bdb13000
56558 bdb12000
56559 bdb11000
56560 bdb10000
56561 bdb0f000
56562 bdb0e000
56563 bdb0d000
56564 bdb0c000
56565 bdb0b000
56566 bdb0a000
56567 bdb09000
56568 bdb08000
56569 bdb07000
56570 bdb06000
56571 bdb05000
56572 bdb04000
56573 bdb03000
56574 bdb02000
56575 bdb01000
56576 bdb00000
56577 bdaff000
56578 bdafe000
56579 bdafd000
56580 bdafc000
56581 bdafb000
56582 bdafa000
56583 bdaf9000
56584 bdaf8000
56585 bdaf7000
56586 bdaf6000
56587 bdaf5000
56588 bdaf4000
56589 bdaf3000
56590 bdaf2000
56591 bdaf1000
56592 bdaf0000
56593 bdaef000
56594 bdaee000
56595 bdaed000
56596 bdaec000
56597 bdaeb000
56598 bdaea000
56599 bdae9000
56600 bdae8000
56601 bdae7000
56602 bdae6000
56603 bdae5000
56604 bdae4000
56605 bdae3000
56606 bdae2000
56607 bdae1000
56608 bdae0000
56609 bdadf000
56610 bdade000
56611 bdadd000
56612 bdadc000
56613 bdadb000
56614 bdada000
56615 bdad9000
56616 bdad8000
56617 bdad7000
56618 bdad6000
56619 bdad5000
56620 bdad4000
56621 bdad3000
56622 bdad2000
56623 bdad1000
56624 bdad0000
56625 bdacf000
56626 bdace000
56627 bdacd000
56628 bdacc000
56629 bdacb000
56630 bdaca000
56631 bdac9000
56632 bdac8000
56633 bdac7000
56634 bdac6000
56635 bdac5000
56636 bdac4000
56637 bdac3000
56638 bdac2000
56639 bdac1000
56640 bdac0000
56641 bdabf000
56642 bdabe000
56643 bdabd000
56644 bdabc000
56645 bdabb000
56646 bdaba000
56647 bdab9000
56648 bdab8000
56649 bdab7000
56650 bdab6000
56651 bdab5000
56652 bdab4000
56653 bdab3000
56654 bdab2000
56655 bdab1000
56656 bdab0000
56657 bdaaf000
56658 bdaae000
56659 bdaad000
56660 bdaac000
56661 bdaab000
56662 bdaaa000
56663 bdaa9000
56664 bdaa8000
56665 bdaa7000
56666 bdaa6000
56667 bdaa5000
56668 bdaa4000
56669 bdaa3000
56670 bdaa2000
56671 bdaa1000
56672 bdaa0000
56673 bda9f000
56674 bda9e000
56675 bda9d000
56676 bda9c000
56677 bda9b000
56678 bda9a000
56679 bda99000
56680 bda98000
56681 bda97000
56682 bda96000
56683 bda95000
56684 bda94000
56685 bda93000
56686 bda92000
56687 bda91000
56688 bda90000
56689 bda8f000
56690 bda8e000
56691 bda8d000
56692 bda8c000
56693 bda8b000
56694 bda8a000
56695 bda89000
56696 bda88000
56697 bda87000
56698 bda86000
56699 bda85000
56700 bda84000
56701 bda83000
56702 bda82000
56703 bda81000
56704 bda80000
56705 bda7f000
56706 bda7e000
56707 bda7d000
56708 bda7c000
56709 bda7b000
56710 bda7a000
56711 bda79000
56712 bda78000
56713 bda77000
56714 bda76000
56715 bda75000
56716 bda74000
56717 bda73000
56718 bda72000
56719 bda71000
56720 bda70000
56721 bda6f000
56722 bda6e000
56723 bda6d000
56724 bda6c000
56725 bda6b000
56726 bda6a000
56727 bda69000
56728 bda68000
56729 bda67000
56730 bda66000
56731 bda65000
56732 bda64000
56733 bda63000
56734 bda62000
56735 bda61000
56736 bda60000
56737 bda5f000
56738 bda5e000
56739 bda5d000
56740 bda5c000
56741 bda5b000
56742 bda5a000
56743 bda59000
56744 bda58000
56745 bda57000
56746 bda56000
56747 bda55000
56748 bda54000
56749 bda53000
56750 bda52000
56751 bda51000
56752 bda50000
56753 bda4f000
56754 bda4e000
56755 bda4d000
56756 bda4c000
56757 bda4b000
56758 bda4a000
56759 bda49000
56760 bda48000
56761 bda47000
56762 bda46000
56763 bda45000
56764 bda44000
56765 bda43000
56766 bda42000
56767 bda41000
56768 bda40000
56769 bda3f000
56770 bda3e000
56771 bda3d000
56772 bda3c000
56773 bda3b000
56774 bda3a000
56775 bda39000
56776 bda38000
56777 bda37000
56778 bda36000
56779 bda35000
56780 bda34000
56781 bda33000
56782 bda32000
56783 bda31000
56784 bda30000
56785 bda2f000
56786 bda2e000
56787 bda2d000
56788 bda2c000
56789 bda2b000
56790 bda2a000
56791 bda29000
56792 bda28000
56793 bda27000
56794 bda26000
56795 bda25000
56796 bda24000
56797 bda23000
56798 bda22000
56799 bda21000
56800 bda20000
56801 bda1f000
56802 bda1e000
56803 bda1d000
56804 bda1c000
56805 bda1b000
56806 bda1a000
56807 bda19000
56808 bda18000
56809 bda17000
56810 bda16000
56811 bda15000
56812 bda14000
56813 bda13000
56814 bda12000
56815 bda11000
56816 bda10000
56817 bda0f000
56818 bda0e000
56819 bda0d000
56820 bda0c000
56821 bda0b000
56822 bda0a000
56823 bda09000
56824 bda08000
56825 bda07000
56826 bda06000
56827 bda05000
56828 bda04000
56829 bda03000
56830 bda02000
56831 bda01000
56832 bda00000
56833 bd9ff000
56834 bd9fe000
56835 bd9fd000
56836 bd9fc000
56837 bd9fb000
56838 bd9fa000
56839 bd9f9000
56840 bd9f8000
56841 bd9f7000
56842 bd9f6000
56843 bd9f5000
56844 bd9f4000
56845 bd9f3000
56846 bd9f2000
56847 bd9f1000
56848 bd9f0000
56849 bd9ef000
56850 bd9ee000
56851 bd9ed000
56852 bd9ec000
56853 bd9eb000
56854 bd9ea000
56855 bd9e9000
56856 bd9e8000
56857 bd9e7000
56858 bd9e6000
56859 bd9e5000
56860 bd9e4000
56861 bd9e3000
56862 bd9e2000
56863 bd9e1000
56864 bd9e0000
56865 bd9df000
56866 bd9de000
56867 bd9dd000
56868 bd9dc000
56869 bd9db000
56870 bd9da000
56871 bd9d9000
56872 bd9d8000
56873 bd9d7000
56874 bd9d6000
56875 bd9d5000
56876 bd9d4000
56877 bd9d3000
56878 bd9d2000
56879 bd9d1000
56880 bd9d0000
56881 bd9cf000
56882 bd9ce000
56883 bd9cd000
56884 bd9cc000
56885 bd9cb000
56886 bd9ca000
56887 bd9c9000
56888 bd9c8000
56889 bd9c7000
56890 bd9c6000
56891 bd9c5000
56892 bd9c4000
56893 bd9c3000
56894 bd9c2000
56895 bd9c1000
56896 bd9c0000
56897 bd9bf000
56898 bd9be000
56899 bd9bd000
56900 bd9bc000
56901 bd9bb000
56902 bd9ba000
56903 bd9b9000
56904 bd9b8000
56905 bd9b7000
56906 bd9b6000
56907 bd9b5000
56908 bd9b4000
56909 bd9b3000
56910 bd9b2000
56911 bd9b1000
56912 bd9b0000
56913 bd9af000
56914 bd9ae000
56915 bd9ad000
56916 bd9ac000
56917 bd9ab000
56918 bd9aa000
56919 bd9a9000
56920 bd9a8000
56921 bd9a7000
56922 bd9a6000
56923 bd9a5000
56924 bd9a4000
56925 bd9a3000
56926 bd9a2000
56927 bd9a1000
56928 bd9a0000
56929 bd99f000
56930 bd99e000
56931 bd99d000
56932 bd99c000
56933 bd99b000
56934 bd99a000
56935 bd999000
56936 bd998000
56937 bd997000
56938 bd996000
56939 bd995000
56940 bd994000
56941 bd993000
56942 bd992000
56943 bd991000
56944 bd990000
56945 bd98f000
56946 bd98e000
56947 bd98d000
56948 bd98c000
56949 bd98b000
56950 bd98a000
56951 bd989000
56952 bd988000
56953 bd987000
56954 bd986000
56955 bd985000
56956 bd984000
56957 bd983000
56958 bd982000
56959 bd981000
56960 bd980000
56961 bd97f000
56962 bd97e000
56963 bd97d000
56964 bd97c000
56965 bd97b000
56966 bd97a000
56967 bd979000
56968 bd978000
56969 bd977000
56970 bd976000
56971 bd975000
56972 bd974000
56973 bd973000
56974 bd972000
56975 bd971000
56976 bd970000
56977 bd96f000
56978 bd96e000
56979 bd96d000
56980 bd96c000
56981 bd96b000
56982 bd96a000
56983 bd969000
56984 bd968000
56985 bd967000
56986 bd966000
56987 bd965000
56988 bd964000
56989 bd963000
56990 bd962000
56991 bd961000
56992 bd960000
56993 bd95f000
56994 bd95e000
56995 bd95d000
56996 bd95c000
56997 bd95b000
56998 bd95a000
56999 bd959000
57000 bd958000
57001 bd957000
57002 bd956000
57003 bd955000
57004 bd954000
57005 bd953000
57006 bd952000
57007 bd951000
57008 bd950000
57009 bd94f000
57010 bd94e000
57011 bd94d000
57012 bd94c000
57013 bd94b000
57014 bd94a000
57015 bd949000
57016 bd948000
57017 bd947000
57018 bd946000
57019 bd945000
57020 bd944000
57021 bd943000
57022 bd942000
57023 bd941000
57024 bd940000
57025 bd93f000
57026 bd93e000
57027 bd93d000
57028 bd93c000
57029 bd93b000
57030 bd93a000
57031 bd939000
57032 bd938000
57033 bd937000
57034 bd936000
57035 bd935000
57036 bd934000
57037 bd933000
57038 bd932000
57039 bd931000
57040 bd930000
57041 bd92f000
57042 bd92e000
57043 bd92d000
57044 bd92c000
57045 bd92b000
57046 bd92a000
57047 bd929000
57048 bd928000
57049 bd927000
57050 bd926000
57051 bd925000
57052 bd924000
57053 bd923000
57054 bd922000
57055 bd921000
57056 bd920000
57057 bd91f000
57058 bd91e000
57059 bd91d000
57060 bd91c000
57061 bd91b000
57062 bd91a000
57063 bd919000
57064 bd918000
57065 bd917000
57066 bd916000
57067 bd915000
57068 bd914000
57069 bd913000
57070 bd912000
57071 bd911000
57072 bd910000
57073 bd90f000
57074 bd90e000
57075 bd90d000
57076 bd90c000
57077 bd90b000
57078 bd90a000
57079 bd909000
57080 bd908000
57081 bd907000
57082 bd906000
57083 bd905000
57084 bd904000
57085 bd903000
57086 bd902000
57087 bd901000
57088 bd900000
57089 bd8ff000
57090 bd8fe000
57091 bd8fd000
57092 bd8fc000
57093 bd8fb000
57094 bd8fa000
57095 bd8f9000
57096 bd8f8000
57097 bd8f7000
57098 bd8f6000
57099 bd8f5000
57100 bd8f4000
57101 bd8f3000
57102 bd8f2000
57103 bd8f1000
57104 bd8f0000
57105 bd8ef000
57106 bd8ee000
57107 bd8ed000
57108 bd8ec000
57109 bd8eb000
57110 bd8ea000
57111 bd8e9000
57112 bd8e8000
57113 bd8e7000
57114 bd8e6000
57115 bd8e5000
57116 bd8e4000
57117 bd8e3000
57118 bd8e2000
57119 bd8e1000
57120 bd8e0000
57121 bd8df000
57122 bd8de000
57123 bd8dd000
57124 bd8dc000
57125 bd8db000
57126 bd8da000
57127 bd8d9000
57128 bd8d8000
57129 bd8d7000
57130 bd8d6000
57131 bd8d5000
57132 bd8d4000
57133 bd8d3000
57134 bd8d2000
57135 bd8d1000
57136 bd8d0000
57137 bd8cf000
57138 bd8ce000
57139 bd8cd000
57140 bd8cc000
57141 bd8cb000
57142 bd8ca000
57143 bd8c9000
57144 bd8c8000
57145 bd8c7000
57146 bd8c6000
57147 bd8c5000
57148 bd8c4000
57149 bd8c3000
57150 bd8c2000
57151 bd8c1000
57152 bd8c0000
57153 bd8bf000
57154 bd8be000
57155 bd8bd000
57156 bd8bc000
57157 bd8bb000
57158 bd8ba000
57159 bd8b9000
57160 bd8b8000
57161 bd8b7000
57162 bd8b6000
57163 bd8b5000
57164 bd8b4000
57165 bd8b3000
57166 bd8b2000
57167 bd8b1000
57168 bd8b0000
57169 bd8af000
57170 bd8ae000
57171 bd8ad000
57172 bd8ac000
57173 bd8ab000
57174 bd8aa000
57175 bd8a9000
57176 bd8a8000
57177 bd8a7000
57178 bd8a6000
57179 bd8a5000
57180 bd8a4000
57181 bd8a3000
57182 bd8a2000
57183 bd8a1000
57184 bd8a0000
57185 bd89f000
57186 bd89e000
57187 bd89d000
57188 bd89c000
57189 bd89b000
57190 bd89a000
57191 bd899000
57192 bd898000
57193 bd897000
57194 bd896000
57195 bd895000
57196 bd894000
57197 bd893000
57198 bd892000
57199 bd891000
57200 bd890000
57201 bd88f000
57202 bd88e000
57203 bd88d000
57204 bd88c000
57205 bd88b000
57206 bd88a000
57207 bd889000
57208 bd888000
57209 bd887000
57210 bd886000
57211 bd885000
57212 bd884000
57213 bd883000
57214 bd882000
57215 bd881000
57216 bd880000
57217 bd87f000
57218 bd87e000
57219 bd87d000
57220 bd87c000
57221 bd87b000
57222 bd87a000
57223 bd879000
57224 bd878000
57225 bd877000
57226 bd876000
57227 bd875000
57228 bd874000
57229 bd873000
57230 bd872000
57231 bd871000
57232 bd870000
57233 bd86f000
57234 bd86e000
57235 bd86d000
57236 bd86c000
57237 bd86b000
57238 bd86a000
57239 bd869000
57240 bd868000
57241 bd867000
57242 bd866000
57243 bd865000
57244 bd864000
57245 bd863000
57246 bd862000
57247 bd861000
57248 bd860000
57249 bd85f000
57250 bd85e000
57251 bd85d000
57252 bd85c000
57253 bd85b000
57254 bd85a000
57255 bd859000
57256 bd858000
57257 bd857000
57258 bd856000
57259 bd855000
57260 bd854000
57261 bd853000
57262 bd852000
57263 bd851000
57264 bd850000
57265 bd84f000
57266 bd84e000
57267 bd84d000
57268 bd84c000
57269 bd84b000
57270 bd84a000
57271 bd849000
57272 bd848000
57273 bd847000
57274 bd846000
57275 bd845000
57276 bd844000
57277 bd843000
57278 bd842000
57279 bd841000
57280 bd840000
57281 bd83f000
57282 bd83e000
57283 bd83d000
57284 bd83c000
57285 bd83b000
57286 bd83a000
57287 bd839000
57288 bd838000
57289 bd837000
57290 bd836000
57291 bd835000
57292 bd834000
57293 bd833000
57294 bd832000
57295 bd831000
57296 bd830000
57297 bd82f000
57298 bd82e000
57299 bd82d000
57300 bd82c000
57301 bd82b000
57302 bd82a000
57303 bd829000
57304 bd828000
57305 bd827000
57306 bd826000
57307 bd825000
57308 bd824000
57309 bd823000
57310 bd822000
57311 bd821000
57312 bd820000
57313 bd81f000
57314 bd81e000
57315 bd81d000
57316 bd81c000
57317 bd81b000
57318 bd81a000
57319 bd819000
57320 bd818000
57321 bd817000
57322 bd816000
57323 bd815000
57324 bd814000
57325 bd813000
57326 bd812000
57327 bd811000
57328 bd810000
57329 bd80f000
57330 bd80e000
57331 bd80d000
57332 bd80c000
57333 bd80b000
57334 bd80a000
57335 bd809000
57336 bd808000
57337 bd807000
57338 bd806000
57339 bd805000
57340 bd804000
57341 bd803000
57342 bd802000
57343 bd801000
57344 bd800000
57345 bd7fe000
57346 bd7fc000
57347 bd7fa000
57348 bd7f8000
57349 bd7f6000
57350 bd7f4000
57351 bd7f2000
57352 bd7f0000
57353 bd7ee000
57354 bd7ec000
57355 bd7ea000
57356 bd7e8000
57357 bd7e6000
57358 bd7e4000
57359 bd7e2000
57360 bd7e0000
57361 bd7de000
57362 bd7dc000
57363 bd7da000
57364 bd7d8000
57365 bd7d6000
57366 bd7d4000
57367 bd7d2000
57368 bd7d0000
57369 bd7ce000
57370 bd7cc000
57371 bd7ca000
57372 bd7c8000
57373 bd7c6000
57374 bd7c4000
57375 bd7c2000
57376 bd7c0000
57377 bd7be000
57378 bd7bc000
57379 bd7ba000
57380 bd7b8000
57381 bd7b6000
57382 bd7b4000
57383 bd7b2000
57384 bd7b0000
57385 bd7ae000
57386 bd7ac000
57387 bd7aa000
57388 bd7a8000
57389 bd7a6000
57390 bd7a4000
57391 bd7a2000
57392 bd7a0000
57393 bd79e000
57394 bd79c000
57395 bd79a000
57396 bd798000
57397 bd796000
57398 bd794000
57399 bd792000
57400 bd790000
57401 bd78e000
57402 bd78c000
57403 bd78a000
57404 bd788000
57405 bd786000
57406 bd784000
57407 bd782000
57408 bd780000
57409 bd77e000
57410 bd77c000
57411 bd77a000
57412 bd778000
57413 bd776000
57414 bd774000
57415 bd772000
57416 bd770000
57417 bd76e000
57418 bd76c000
57419 bd76a000
57420 bd768000
57421 bd766000
57422 bd764000
57423 bd762000
57424 bd760000
57425 bd75e000
57426 bd75c000
57427 bd75a000
57428 bd758000
57429 bd756000
57430 bd754000
57431 bd752000
57432 bd750000
57433 bd74e000
57434 bd74c000
57435 bd74a000
57436 bd748000
57437 bd746000
57438 bd744000
57439 bd742000
57440 bd740000
57441 bd73e000
57442 bd73c000
57443 bd73a000
57444 bd738000
57445 bd736000
57446 bd734000
57447 bd732000
57448 bd730000
57449 bd72e000
57450 bd72c000
57451 bd72a000
57452 bd728000
57453 bd726000
57454 bd724000
57455 bd722000
57456 bd720000
57457 bd71e000
57458 bd71c000
57459 bd71a000
57460 bd718000
57461 bd716000
57462 bd714000
57463 bd712000
57464 bd710000
57465 bd70e000
57466 bd70c000
57467 bd70a000
57468 bd708000
57469 bd706000
57470 bd704000
57471 bd702000
57472 bd700000
57473 bd6fe000
57474 bd6fc000
57475 bd6fa000
57476 bd6f8000
57477 bd6f6000
57478 bd6f4000
57479 bd6f2000
57480 bd6f0000
57481 bd6ee000
57482 bd6ec000
57483 bd6ea000
57484 bd6e8000
57485 bd6e6000
57486 bd6e4000
57487 bd6e2000
57488 bd6e0000
57489 bd6de000
57490 bd6dc000
57491 bd6da000
57492 bd6d8000
57493 bd6d6000
57494 bd6d4000
57495 bd6d2000
57496 bd6d0000
57497 bd6ce000
57498 bd6cc000
57499 bd6ca000
57500 bd6c8000
57501 bd6c6000
57502 bd6c4000
57503 bd6c2000
57504 bd6c0000
57505 bd6be000
57506 bd6bc000
57507 bd6ba000
57508 bd6b8000
57509 bd6b6000
57510 bd6b4000
57511 bd6b2000
57512 bd6b0000
57513 bd6ae000
57514 bd6ac000
57515 bd6aa000
57516 bd6a8000
57517 bd6a6000
57518 bd6a4000
57519 bd6a2000
57520 bd6a0000
57521 bd69e000
57522 bd69c000
57523 bd69a000
57524 bd698000
57525 bd696000
57526 bd694000
57527 bd692000
57528 bd690000
57529 bd68e000
57530 bd68c000
57531 bd68a000
57532 bd688000
57533 bd686000
57534 bd684000
57535 bd682000
57536 bd680000
57537 bd67e000
57538 bd67c000
57539 bd67a000
57540 bd678000
57541 bd676000
57542 bd674000
57543 bd672000
57544 bd670000
57545 bd66e000
57546 bd66c000
57547 bd66a000
57548 bd668000
57549 bd666000
57550 bd664000
57551 bd662000
57552 bd660000
57553 bd65e000
57554 bd65c000
57555 bd65a000
57556 bd658000
57557 bd656000
57558 bd654000
57559 bd652000
57560 bd650000
57561 bd64e000
57562 bd64c000
57563 bd64a000
57564 bd648000
57565 bd646000
57566 bd644000
57567 bd642000
57568 bd640000
57569 bd63e000
57570 bd63c000
57571 bd63a000
57572 bd638000
57573 bd636000
57574 bd634000
57575 bd632000
57576 bd630000
57577 bd62e000
57578 bd62c000
57579 bd62a000
57580 bd628000
57581 bd626000
57582 bd624000
57583 bd622000
57584 bd620000
57585 bd61e000
57586 bd61c000
57587 bd61a000
57588 bd618000
57589 bd616000
57590 bd614000
57591 bd612000
57592 bd610000
57593 bd60e000
57594 bd60c000
57595 bd60a000
57596 bd608000
57597 bd606000
57598 bd604000
57599 bd602000
57600 bd600000
57601 bd5fe000
57602 bd5fc000
57603 bd5fa000
57604 bd5f8000
57605 bd5f6000
57606 bd5f4000
57607 bd5f2000
57608 bd5f0000
57609 bd5ee000
57610 bd5ec000
57611 bd5ea000
57612 bd5e8000
57613 bd5e6000
57614 bd5e4000
57615 bd5e2000
57616 bd5e0000
57617 bd5de000
57618 bd5dc000
57619 bd5da000
57620 bd5d8000
57621 bd5d6000
57622 bd5d4000
57623 bd5d2000
57624 bd5d0000
57625 bd5ce000
57626 bd5cc000
57627 bd5ca000
57628 bd5c8000
57629 bd5c6000
57630 bd5c4000
57631 bd5c2000
57632 bd5c0000
57633 bd5be000
57634 bd5bc000
57635 bd5ba000
57636 bd5b8000
57637 bd5b6000
57638 bd5b4000
57639 bd5b2000
57640 bd5b0000
57641 bd5ae000
57642 bd5ac000
57643 bd5aa000
57644 bd5a8000
57645 bd5a6000
57646 bd5a4000
57647 bd5a2000
57648 bd5a0000
57649 bd59e000
57650 bd59c000
57651 bd59a000
57652 bd598000
57653 bd596000
57654 bd594000
57655 bd592000
57656 bd590000
57657 bd58e000
57658 bd58c000
57659 bd58a000
57660 bd588000
57661 bd586000
57662 bd584000
57663 bd582000
57664 bd580000
57665 bd57e000
57666 bd57c000
57667 bd57a000
57668 bd578000
57669 bd576000
57670 bd574000
57671 bd572000
57672 bd570000
57673 bd56e000
57674 bd56c000
57675 bd56a000
57676 bd568000
57677 bd566000
57678 bd564000
57679 bd562000
57680 bd560000
57681 bd55e000
57682 bd55c000
57683 bd55a000
57684 bd558000
57685 bd556000
57686 bd554000
57687 bd552000
57688 bd550000
57689 bd54e000
57690 bd54c000
57691 bd54a000
57692 bd548000
57693 bd546000
57694 bd544000
57695 bd542000
57696 bd540000
57697 bd53e000
57698 bd53c000
57699 bd53a000
57700 bd538000
57701 bd536000
57702 bd534000
57703 bd532000
57704 bd530000
57705 bd52e000
57706 bd52c000
57707 bd52a000
57708 bd528000
57709 bd526000
57710 bd524000
57711 bd522000
57712 bd520000
57713 bd51e000
57714 bd51c000
57715 bd51a000
57716 bd518000
57717 bd516000
57718 bd514000
57719 bd512000
57720 bd510000
57721 bd50e000
57722 bd50c000
57723 bd50a000
57724 bd508000
57725 bd506000
57726 bd504000
57727 bd502000
57728 bd500000
57729 bd4fe000
57730 bd4fc000
57731 bd4fa000
57732 bd4f8000
57733 bd4f6000
57734 bd4f4000
57735 bd4f2000
57736 bd4f0000
57737 bd4ee000
57738 bd4ec000
57739 bd4ea000
57740 bd4e8000
57741 bd4e6000
57742 bd4e4000
57743 bd4e2000
57744 bd4e0000
57745 bd4de000
57746 bd4dc000
57747 bd4da000
57748 bd4d8000
57749 bd4d6000
57750 bd4d4000
57751 bd4d2000
57752 bd4d0000
57753 bd4ce000
57754 bd4cc000
57755 bd4ca000
57756 bd4c8000
57757 bd4c6000
57758 bd4c4000
57759 bd4c2000
57760 bd4c0000
57761 bd4be000
57762 bd4bc000
57763 bd4ba000
57764 bd4b8000
57765 bd4b6000
57766 bd4b4000
57767 bd4b2000
57768 bd4b0000
57769 bd4ae000
57770 bd4ac000
57771 bd4aa000
57772 bd4a8000
57773 bd4a6000
57774 bd4a4000
57775 bd4a2000
57776 bd4a0000
57777 bd49e000
57778 bd49c000
57779 bd49a000
57780 bd498000
57781 bd496000
57782 bd494000
57783 bd492000
57784 bd490000
57785 bd48e000
57786 bd48c000
57787 bd48a000
57788 bd488000
57789 bd486000
57790 bd484000
57791 bd482000
57792 bd480000
57793 bd47e000
57794 bd47c000
57795 bd47a000
57796 bd478000
57797 bd476000
57798 bd474000
57799 bd472000
57800 bd470000
57801 bd46e000
57802 bd46c000
57803 bd46a000
57804 bd468000
57805 bd466000
57806 bd464000
57807 bd462000
57808 bd460000
57809 bd45e000
57810 bd45c000
57811 bd45a000
57812 bd458000
57813 bd456000
57814 bd454000
57815 bd452000
57816 bd450000
57817 bd44e000
57818 bd44c000
57819 bd44a000
57820 bd448000
57821 bd446000
57822 bd444000
57823 bd442000
57824 bd440000
57825 bd43e000
57826 bd43c000
57827 bd43a000
57828 bd438000
57829 bd436000
57830 bd434000
57831 bd432000
57832 bd430000
57833 bd42e000
57834 bd42c000
57835 bd42a000
57836 bd428000
57837 bd426000
57838 bd424000
57839 bd422000
57840 bd420000
57841 bd41e000
57842 bd41c000
57843 bd41a000
57844 bd418000
57845 bd416000
57846 bd414000
57847 bd412000
57848 bd410000
57849 bd40e000
57850 bd40c000
57851 bd40a000
57852 bd408000
57853 bd406000
57854 bd404000
57855 bd402000
57856 bd400000
57857 bd3fe000
57858 bd3fc000
57859 bd3fa000
57860 bd3f8000
57861 bd3f6000
57862 bd3f4000
57863 bd3f2000
57864 bd3f0000
57865 bd3ee000
57866 bd3ec000
57867 bd3ea000
57868 bd3e8000
57869 bd3e6000
57870 bd3e4000
57871 bd3e2000
57872 bd3e0000
57873 bd3de000
57874 bd3dc000
57875 bd3da000
57876 bd3d8000
57877 bd3d6000
57878 bd3d4000
57879 bd3d2000
57880 bd3d0000
57881 bd3ce000
57882 bd3cc000
57883 bd3ca000
57884 bd3c8000
57885 bd3c6000
57886 bd3c4000
57887 bd3c2000
57888 bd3c0000
57889 bd3be000
57890 bd3bc000
57891 bd3ba000
57892 bd3b8000
57893 bd3b6000
57894 bd3b4000
57895 bd3b2000
57896 bd3b0000
57897 bd3ae000
57898 bd3ac000
57899 bd3aa000
57900 bd3a8000
57901 bd3a6000
57902 bd3a4000
57903 bd3a2000
57904 bd3a0000
57905 bd39e000
57906 bd39c000
57907 bd39a000
57908 bd398000
57909 bd396000
57910 bd394000
57911 bd392000
57912 bd390000
57913 bd38e000
57914 bd38c000
57915 bd38a000
57916 bd388000
57917 bd386000
57918 bd384000
57919 bd382000
57920 bd380000
57921 bd37e000
57922 bd37c000
57923 bd37a000
57924 bd378000
57925 bd376000
57926 bd374000
57927 bd372000
57928 bd370000
57929 bd36e000
57930 bd36c000
57931 bd36a000
57932 bd368000
57933 bd366000
57934 bd364000
57935 bd362000
57936 bd360000
57937 bd35e000
57938 bd35c000
57939 bd35a000
57940 bd358000
57941 bd356000
57942 bd354000
57943 bd352000
57944 bd350000
57945 bd34e000
57946 bd34c000
57947 bd34a000
57948 bd348000
57949 bd346000
57950 bd344000
57951 bd342000
57952 bd340000
57953 bd33e000
57954 bd33c000
57955 bd33a000
57956 bd338000
57957 bd336000
57958 bd334000
57959 bd332000
57960 bd330000
57961 bd32e000
57962 bd32c000
57963 bd32a000
57964 bd328000
57965 bd326000
57966 bd324000
57967 bd322000
57968 bd320000
57969 bd31e000
57970 bd31c000
57971 bd31a000
57972 bd318000
57973 bd316000
57974 bd314000
57975 bd312000
57976 bd310000
57977 bd30e000
57978 bd30c000
57979 bd30a000
57980 bd308000
57981 bd306000
57982 bd304000
57983 bd302000
57984 bd300000
57985 bd2fe000
57986 bd2fc000
57987 bd2fa000
57988 bd2f8000
57989 bd2f6000
57990 bd2f4000
57991 bd2f2000
57992 bd2f0000
57993 bd2ee000
57994 bd2ec000
57995 bd2ea000
57996 bd2e8000
57997 bd2e6000
57998 bd2e4000
57999 bd2e2000
58000 bd2e0000
58001 bd2de000
58002 bd2dc000
58003 bd2da000
58004 bd2d8000
58005 bd2d6000
58006 bd2d4000
58007 bd2d2000
58008 bd2d0000
58009 bd2ce000
58010 bd2cc000
58011 bd2ca000
58012 bd2c8000
58013 bd2c6000
58014 bd2c4000
58015 bd2c2000
58016 bd2c0000
58017 bd2be000
58018 bd2bc000
58019 bd2ba000
58020 bd2b8000
58021 bd2b6000
58022 bd2b4000
58023 bd2b2000
58024 bd2b0000
58025 bd2ae000
58026 bd2ac000
58027 bd2aa000
58028 bd2a8000
58029 bd2a6000
58030 bd2a4000
58031 bd2a2000
58032 bd2a0000
58033 bd29e000
58034 bd29c000
58035 bd29a000
58036 bd298000
58037 bd296000
58038 bd294000
58039 bd292000
58040 bd290000
58041 bd28e000
58042 bd28c000
58043 bd28a000
58044 bd288000
58045 bd286000
58046 bd284000
58047 bd282000
58048 bd280000
58049 bd27e000
58050 bd27c000
58051 bd27a000
58052 bd278000
58053 bd276000
58054 bd274000
58055 bd272000
58056 bd270000
58057 bd26e000
58058 bd26c000
58059 bd26a000
58060 bd268000
58061 bd266000
58062 bd264000
58063 bd262000
58064 bd260000
58065 bd25e000
58066 bd25c000
58067 bd25a000
58068 bd258000
58069 bd256000
58070 bd254000
58071 bd252000
58072 bd250000
58073 bd24e000
58074 bd24c000
58075 bd24a000
58076 bd248000
58077 bd246000
58078 bd244000
58079 bd242000
58080 bd240000
58081 bd23e000
58082 bd23c000
58083 bd23a000
58084 bd238000
58085 bd236000
58086 bd234000
58087 bd232000
58088 bd230000
58089 bd22e000
58090 bd22c000
58091 bd22a000
58092 bd228000
58093 bd226000
58094 bd224000
58095 bd222000
58096 bd220000
58097 bd21e000
58098 bd21c000
58099 bd21a000
58100 bd218000
58101 bd216000
58102 bd214000
58103 bd212000
58104 bd210000
58105 bd20e000
58106 bd20c000
58107 bd20a000
58108 bd208000
58109 bd206000
58110 bd204000
58111 bd202000
58112 bd200000
58113 bd1fe000
58114 bd1fc000
58115 bd1fa000
58116 bd1f8000
58117 bd1f6000
58118 bd1f4000
58119 bd1f2000
58120 bd1f0000
58121 bd1ee000
58122 bd1ec000
58123 bd1ea000
58124 bd1e8000
58125 bd1e6000
58126 bd1e4000
58127 bd1e2000
58128 bd1e0000
58129 bd1de000
58130 bd1dc000
58131 bd1da000
58132 bd1d8000
58133 bd1d6000
58134 bd1d4000
58135 bd1d2000
58136 bd1d0000
58137 bd1ce000
58138 bd1cc000
58139 bd1ca000
58140 bd1c8000
58141 bd1c6000
58142 bd1c4000
58143 bd1c2000
58144 bd1c0000
58145 bd1be000
58146 bd1bc000
58147 bd1ba000
58148 bd1b8000
58149 bd1b6000
58150 bd1b4000
58151 bd1b2000
58152 bd1b0000
58153 bd1ae000
58154 bd1ac000
58155 bd1aa000
58156 bd1a8000
58157 bd1a6000
58158 bd1a4000
58159 bd1a2000
58160 bd1a0000
58161 bd19e000
58162 bd19c000
58163 bd19a000
58164 bd198000
58165 bd196000
58166 bd194000
58167 bd192000
58168 bd190000
58169 bd18e000
58170 bd18c000
58171 bd18a000
58172 bd188000
58173 bd186000
58174 bd184000
58175 bd182000
58176 bd180000
58177 bd17e000
58178 bd17c000
58179 bd17a000
58180 bd178000
58181 bd176000
58182 bd174000
58183 bd172000
58184 bd170000
58185 bd16e000
58186 bd16c000
58187 bd16a000
58188 bd168000
58189 bd166000
58190 bd164000
58191 bd162000
58192 bd160000
58193 bd15e000
58194 bd15c000
58195 bd15a000
58196 bd158000
58197 bd156000
58198 bd154000
58199 bd152000
58200 bd150000
58201 bd14e000
58202 bd14c000
58203 bd14a000
58204 bd148000
58205 bd146000
58206 bd144000
58207 bd142000
58208 bd140000
58209 bd13e000
58210 bd13c000
58211 bd13a000
58212 bd138000
58213 bd136000
58214 bd134000
58215 bd132000
58216 bd130000
58217 bd12e000
58218 bd12c000
58219 bd12a000
58220 bd128000
58221 bd126000
58222 bd124000
58223 bd122000
58224 bd120000
58225 bd11e000
58226 bd11c000
58227 bd11a000
58228 bd118000
58229 bd116000
58230 bd114000
58231 bd112000
58232 bd110000
58233 bd10e000
58234 bd10c000
58235 bd10a000
58236 bd108000
58237 bd106000
58238 bd104000
58239 bd102000
58240 bd100000
58241 bd0fe000
58242 bd0fc000
58243 bd0fa000
58244 bd0f8000
58245 bd0f6000
58246 bd0f4000
58247 bd0f2000
58248 bd0f0000
58249 bd0ee000
58250 bd0ec000
58251 bd0ea000
58252 bd0e8000
58253 bd0e6000
58254 bd0e4000
58255 bd0e2000
58256 bd0e0000
58257 bd0de000
58258 bd0dc000
58259 bd0da000
58260 bd0d8000
58261 bd0d6000
58262 bd0d4000
58263 bd0d2000
58264 bd0d0000
58265 bd0ce000
58266 bd0cc000
58267 bd0ca000
58268 bd0c8000
58269 bd0c6000
58270 bd0c4000
58271 bd0c2000
58272 bd0c0000
58273 bd0be000
58274 bd0bc000
58275 bd0ba000
58276 bd0b8000
58277 bd0b6000
58278 bd0b4000
58279 bd0b2000
58280 bd0b0000
58281 bd0ae000
58282 bd0ac000
58283 bd0aa000
58284 bd0a8000
58285 bd0a6000
58286 bd0a4000
58287 bd0a2000
58288 bd0a0000
58289 bd09e000
58290 bd09c000
58291 bd09a000
58292 bd098000
58293 bd096000
58294 bd094000
58295 bd092000
58296 bd090000
58297 bd08e000
58298 bd08c000
58299 bd08a000
58300 bd088000
58301 bd086000
58302 bd084000
58303 bd082000
58304 bd080000
58305 bd07e000
58306 bd07c000
58307 bd07a000
58308 bd078000
58309 bd076000
58310 bd074000
58311 bd072000
58312 bd070000
58313 bd06e000
58314 bd06c000
58315 bd06a000
58316 bd068000
58317 bd066000
58318 bd064000
58319 bd062000
58320 bd060000
58321 bd05e000
58322 bd05c000
58323 bd05a000
58324 bd058000
58325 bd056000
58326 bd054000
58327 bd052000
58328 bd050000
58329 bd04e000
58330 bd04c000
58331 bd04a000
58332 bd048000
58333 bd046000
58334 bd044000
58335 bd042000
58336 bd040000
58337 bd03e000
58338 bd03c000
58339 bd03a000
58340 bd038000
58341 bd036000
58342 bd034000
58343 bd032000
58344 bd030000
58345 bd02e000
58346 bd02c000
58347 bd02a000
58348 bd028000
58349 bd026000
58350 bd024000
58351 bd022000
58352 bd020000
58353 bd01e000
58354 bd01c000
58355 bd01a000
58356 bd018000
58357 bd016000
58358 bd014000
58359 bd012000
58360 bd010000
58361 bd00e000
58362 bd00c000
58363 bd00a000
58364 bd008000
58365 bd006000
58366 bd004000
58367 bd002000
58368 bd000000
58369 bcffe000
58370 bcffc000
58371 bcffa000
58372 bcff8000
58373 bcff6000
58374 bcff4000
58375 bcff2000
58376 bcff0000
58377 bcfee000
58378 bcfec000
58379 bcfea000
58380 bcfe8000
58381 bcfe6000
58382 bcfe4000
58383 bcfe2000
58384 bcfe0000
58385 bcfde000
58386 bcfdc000
58387 bcfda000
58388 bcfd8000
58389 bcfd6000
58390 bcfd4000
58391 bcfd2000
58392 bcfd0000
58393 bcfce000
58394 bcfcc000
58395 bcfca000
58396 bcfc8000
58397 bcfc6000
58398 bcfc4000
58399 bcfc2000
58400 bcfc0000
58401 bcfbe000
58402 bcfbc000
58403 bcfba000
58404 bcfb8000
58405 bcfb6000
58406 bcfb4000
58407 bcfb2000
58408 bcfb0000
58409 bcfae000
58410 bcfac000
58411 bcfaa000
58412 bcfa8000
58413 bcfa6000
58414 bcfa4000
58415 bcfa2000
58416 bcfa0000
58417 bcf9e000
58418 bcf9c000
58419 bcf9a000
58420 bcf98000
58421 bcf96000
58422 bcf94000
58423 bcf92000
58424 bcf90000
58425 bcf8e000
58426 bcf8c000
58427 bcf8a000
58428 bcf88000
58429 bcf86000
58430 bcf84000
58431 bcf82000
58432 bcf80000
58433 bcf7e000
58434 bcf7c000
58435 bcf7a000
58436 bcf78000
58437 bcf76000
58438 bcf74000
58439 bcf72000
58440 bcf70000
58441 bcf6e000
58442 bcf6c000
58443 bcf6a000
58444 bcf68000
58445 bcf66000
58446 bcf64000
58447 bcf62000
58448 bcf60000
58449 bcf5e000
58450 bcf5c000
58451 bcf5a000
58452 bcf58000
58453 bcf56000
58454 bcf54000
58455 bcf52000
58456 bcf50000
58457 bcf4e000
58458 bcf4c000
58459 bcf4a000
58460 bcf48000
58461 bcf46000
58462 bcf44000
58463 bcf42000
58464 bcf40000
58465 bcf3e000
58466 bcf3c000
58467 bcf3a000
58468 bcf38000
58469 bcf36000
58470 bcf34000
58471 bcf32000
58472 bcf30000
58473 bcf2e000
58474 bcf2c000
58475 bcf2a000
58476 bcf28000
58477 bcf26000
58478 bcf24000
58479 bcf22000
58480 bcf20000
58481 bcf1e000
58482 bcf1c000
58483 bcf1a000
58484 bcf18000
58485 bcf16000
58486 bcf14000
58487 bcf12000
58488 bcf10000
58489 bcf0e000
58490 bcf0c000
58491 bcf0a000
58492 bcf08000
58493 bcf06000
58494 bcf04000
58495 bcf02000
58496 bcf00000
58497 bcefe000
58498 bcefc000
58499 bcefa000
58500 bcef8000
58501 bcef6000
58502 bcef4000
58503 bcef2000
58504 bcef0000
58505 bceee000
58506 bceec000
58507 bceea000
58508 bcee8000
58509 bcee6000
58510 bcee4000
58511 bcee2000
58512 bcee0000
58513 bcede000
58514 bcedc000
58515 bceda000
58516 bced8000
58517 bced6000
58518 bced4000
58519 bced2000
58520 bced0000
58521 bcece000
58522 bcecc000
58523 bceca000
58524 bcec8000
58525 bcec6000
58526 bcec4000
58527 bcec2000
58528 bcec0000
58529 bcebe000
58530 bcebc000
58531 bceba000
58532 bceb8000
58533 bceb6000
58534 bceb4000
58535 bceb2000
58536 bceb0000
58537 bceae000
58538 bceac000
58539 bceaa000
58540 bcea8000
58541 bcea6000
58542 bcea4000
58543 bcea2000
58544 bcea0000
58545 bce9e000
58546 bce9c000
58547 bce9a000
58548 bce98000
58549 bce96000
58550 bce94000
58551 bce92000
58552 bce90000
58553 bce8e000
58554 bce8c000
58555 bce8a000
58556 bce88000
58557 bce86000
58558 bce84000
58559 bce82000
58560 bce80000
58561 bce7e000
58562 bce7c000
58563 bce7a000
58564 bce78000
58565 bce76000
58566 bce74000
58567 bce72000
58568 bce70000
58569 bce6e000
58570 bce6c000
58571 bce6a000
58572 bce68000
58573 bce66000
58574 bce64000
58575 bce62000
58576 bce60000
58577 bce5e000
58578 bce5c000
58579 bce5a000
58580 bce58000
58581 bce56000
58582 bce54000
58583 bce52000
58584 bce50000
58585 bce4e000
58586 bce4c000
58587 bce4a000
58588 bce48000
58589 bce46000
58590 bce44000
58591 bce42000
58592 bce40000
58593 bce3e000
58594 bce3c000
58595 bce3a000
58596 bce38000
58597 bce36000
58598 bce34000
58599 bce32000
58600 bce30000
58601 bce2e000
58602 bce2c000
58603 bce2a000
58604 bce28000
58605 bce26000
58606 bce24000
58607 bce22000
58608 bce20000
58609 bce1e000
58610 bce1c000
58611 bce1a000
58612 bce18000
58613 bce16000
58614 bce14000
58615 bce12000
58616 bce10000
58617 bce0e000
58618 bce0c000
58619 bce0a000
58620 bce08000
58621 bce06000
58622 bce04000
58623 bce02000
58624 bce00000
58625 bcdfe000
58626 bcdfc000
58627 bcdfa000
58628 bcdf8000
58629 bcdf6000
58630 bcdf4000
58631 bcdf2000
58632 bcdf0000
58633 bcdee000
58634 bcdec000
58635 bcdea000
58636 bcde8000
58637 bcde6000
58638 bcde4000
58639 bcde2000
58640 bcde0000
58641 bcdde000
58642 bcddc000
58643 bcdda000
58644 bcdd8000
58645 bcdd6000
58646 bcdd4000
58647 bcdd2000
58648 bcdd0000
58649 bcdce000
58650 bcdcc000
58651 bcdca000
58652 bcdc8000
58653 bcdc6000
58654 bcdc4000
58655 bcdc2000
58656 bcdc0000
58657 bcdbe000
58658 bcdbc000
58659 bcdba000
58660 bcdb8000
58661 bcdb6000
58662 bcdb4000
58663 bcdb2000
58664 bcdb0000
58665 bcdae000
58666 bcdac000
58667 bcdaa000
58668 bcda8000
58669 bcda6000
58670 bcda4000
58671 bcda2000
58672 bcda0000
58673 bcd9e000
58674 bcd9c000
58675 bcd9a000
58676 bcd98000
58677 bcd96000
58678 bcd94000
58679 bcd92000
58680 bcd90000
58681 bcd8e000
58682 bcd8c000
58683 bcd8a000
58684 bcd88000
58685 bcd86000
58686 bcd84000
58687 bcd82000
58688 bcd80000
58689 bcd7e000
58690 bcd7c000
58691 bcd7a000
58692 bcd78000
58693 bcd76000
58694 bcd74000
58695 bcd72000
58696 bcd70000
58697 bcd6e000
58698 bcd6c000
58699 bcd6a000
58700 bcd68000
58701 bcd66000
58702 bcd64000
58703 bcd62000
58704 bcd60000
58705 bcd5e000
58706 bcd5c000
58707 bcd5a000
58708 bcd58000
58709 bcd56000
58710 bcd54000
58711 bcd52000
58712 bcd50000
58713 bcd4e000
58714 bcd4c000
58715 bcd4a000
58716 bcd48000
58717 bcd46000
58718 bcd44000
58719 bcd42000
58720 bcd40000
58721 bcd3e000
58722 bcd3c000
58723 bcd3a000
58724 bcd38000
58725 bcd36000
58726 bcd34000
58727 bcd32000
58728 bcd30000
58729 bcd2e000
58730 bcd2c000
58731 bcd2a000
58732 bcd28000
58733 bcd26000
58734 bcd24000
58735 bcd22000
58736 bcd20000
58737 bcd1e000
58738 bcd1c000
58739 bcd1a000
58740 bcd18000
58741 bcd16000
58742 bcd14000
58743 bcd12000
58744 bcd10000
58745 bcd0e000
58746 bcd0c000
58747 bcd0a000
58748 bcd08000
58749 bcd06000
58750 bcd04000
58751 bcd02000
58752 bcd00000
58753 bccfe000
58754 bccfc000
58755 bccfa000
58756 bccf8000
58757 bccf6000
58758 bccf4000
58759 bccf2000
58760 bccf0000
58761 bccee000
58762 bccec000
58763 bccea000
58764 bcce8000
58765 bcce6000
58766 bcce4000
58767 bcce2000
58768 bcce0000
58769 bccde000
58770 bccdc000
58771 bccda000
58772 bccd8000
58773 bccd6000
58774 bccd4000
58775 bccd2000
58776 bccd0000
58777 bccce000
58778 bcccc000
58779 bccca000
58780 bccc8000
58781 bccc6000
58782 bccc4000
58783 bccc2000
58784 bccc0000
58785 bccbe000
58786 bccbc000
58787 bccba000
58788 bccb8000
58789 bccb6000
58790 bccb4000
58791 bccb2000
58792 bccb0000
58793 bccae000
58794 bccac000
58795 bccaa000
58796 bcca8000
58797 bcca6000
58798 bcca4000
58799 bcca2000
58800 bcca0000
58801 bcc9e000
58802 bcc9c000
58803 bcc9a000
58804 bcc98000
58805 bcc96000
58806 bcc94000
58807 bcc92000
58808 bcc90000
58809 bcc8e000
58810 bcc8c000
58811 bcc8a000
58812 bcc88000
58813 bcc86000
58814 bcc84000
58815 bcc82000
58816 bcc80000
58817 bcc7e000
58818 bcc7c000
58819 bcc7a000
58820 bcc78000
58821 bcc76000
58822 bcc74000
58823 bcc72000
58824 bcc70000
58825 bcc6e000
58826 bcc6c000
58827 bcc6a000
58828 bcc68000
58829 bcc66000
58830 bcc64000
58831 bcc62000
58832 bcc60000
58833 bcc5e000
58834 bcc5c000
58835 bcc5a000
58836 bcc58000
58837 bcc56000
58838 bcc54000
58839 bcc52000
58840 bcc50000
58841 bcc4e000
58842 bcc4c000
58843 bcc4a000
58844 bcc48000
58845 bcc46000
58846 bcc44000
58847 bcc42000
58848 bcc40000
58849 bcc3e000
58850 bcc3c000
58851 bcc3a000
58852 bcc38000
58853 bcc36000
58854 bcc34000
58855 bcc32000
58856 bcc30000
58857 bcc2e000
58858 bcc2c000
58859 bcc2a000
58860 bcc28000
58861 bcc26000
58862 bcc24000
58863 bcc22000
58864 bcc20000
58865 bcc1e000
58866 bcc1c000
58867 bcc1a000
58868 bcc18000
58869 bcc16000
58870 bcc14000
58871 bcc12000
58872 bcc10000
58873 bcc0e000
58874 bcc0c000
58875 bcc0a000
58876 bcc08000
58877 bcc06000
58878 bcc04000
58879 bcc02000
58880 bcc00000
58881 bcbfe000
58882 bcbfc000
58883 bcbfa000
58884 bcbf8000
58885 bcbf6000
58886 bcbf4000
58887 bcbf2000
58888 bcbf0000
58889 bcbee000
58890 bcbec000
58891 bcbea000
58892 bcbe8000
58893 bcbe6000
58894 bcbe4000
58895 bcbe2000
58896 bcbe0000
58897 bcbde000
58898 bcbdc000
58899 bcbda000
58900 bcbd8000
58901 bcbd6000
58902 bcbd4000
58903 bcbd2000
58904 bcbd0000
58905 bcbce000
58906 bcbcc000
58907 bcbca000
58908 bcbc8000
58909 bcbc6000
58910 bcbc4000
58911 bcbc2000
58912 bcbc0000
58913 bcbbe000
58914 bcbbc000
58915 bcbba000
58916 bcbb8000
58917 bcbb6000
58918 bcbb4000
58919 bcbb2000
58920 bcbb0000
58921 bcbae000
58922 bcbac000
58923 bcbaa000
58924 bcba8000
58925 bcba6000
58926 bcba4000
58927 bcba2000
58928 bcba0000
58929 bcb9e000
58930 bcb9c000
58931 bcb9a000
58932 bcb98000
58933 bcb96000
58934 bcb94000
58935 bcb92000
58936 bcb90000
58937 bcb8e000
58938 bcb8c000
58939 bcb8a000
58940 bcb88000
58941 bcb86000
58942 bcb84000
58943 bcb82000
58944 bcb80000
58945 bcb7e000
58946 bcb7c000
58947 bcb7a000
58948 bcb78000
58949 bcb76000
58950 bcb74000
58951 bcb72000
58952 bcb70000
58953 bcb6e000
58954 bcb6c000
58955 bcb6a000
58956 bcb68000
58957 bcb66000
58958 bcb64000
58959 bcb62000
58960 bcb60000
58961 bcb5e000
58962 bcb5c000
58963 bcb5a000
58964 bcb58000
58965 bcb56000
58966 bcb54000
58967 bcb52000
58968 bcb50000
58969 bcb4e000
58970 bcb4c000
58971 bcb4a000
58972 bcb48000
58973 bcb46000
58974 bcb44000
58975 bcb42000
58976 bcb40000
58977 bcb3e000
58978 bcb3c000
58979 bcb3a000
58980 bcb38000
58981 bcb36000
58982 bcb34000
58983 bcb32000
58984 bcb30000
58985 bcb2e000
58986 bcb2c000
58987 bcb2a000
58988 bcb28000
58989 bcb26000
58990 bcb24000
58991 bcb22000
58992 bcb20000
58993 bcb1e000
58994 bcb1c000
58995 bcb1a000
58996 bcb18000
58997 bcb16000
58998 bcb14000
58999 bcb12000
59000 bcb10000
59001 bcb0e000
59002 bcb0c000
59003 bcb0a000
59004 bcb08000
59005 bcb06000
59006 bcb04000
59007 bcb02000
59008 bcb00000
59009 bcafe000
59010 bcafc000
59011 bcafa000
59012 bcaf8000
59013 bcaf6000
59014 bcaf4000
59015 bcaf2000
59016 bcaf0000
59017 bcaee000
59018 bcaec000
59019 bcaea000
59020 bcae8000
59021 bcae6000
59022 bcae4000
59023 bcae2000
59024 bcae0000
59025 bcade000
59026 bcadc000
59027 bcada000
59028 bcad8000
59029 bcad6000
59030 bcad4000
59031 bcad2000
59032 bcad0000
59033 bcace000
59034 bcacc000
59035 bcaca000
59036 bcac8000
59037 bcac6000
59038 bcac4000
59039 bcac2000
59040 bcac0000
59041 bcabe000
59042 bcabc000
59043 bcaba000
59044 bcab8000
59045 bcab6000
59046 bcab4000
59047 bcab2000
59048 bcab0000
59049 bcaae000
59050 bcaac000
59051 bcaaa000
59052 bcaa8000
59053 bcaa6000
59054 bcaa4000
59055 bcaa2000
59056 bcaa0000
59057 bca9e000
59058 bca9c000
59059 bca9a000
59060 bca98000
59061 bca96000
59062 bca94000
59063 bca92000
59064 bca90000
59065 bca8e000
59066 bca8c000
59067 bca8a000
59068 bca88000
59069 bca86000
59070 bca84000
59071 bca82000
59072 bca80000
59073 bca7e000
59074 bca7c000
59075 bca7a000
59076 bca78000
59077 bca76000
59078 bca74000
59079 bca72000
59080 bca70000
59081 bca6e000
59082 bca6c000
59083 bca6a000
59084 bca68000
59085 bca66000
59086 bca64000
59087 bca62000
59088 bca60000
59089 bca5e000
59090 bca5c000
59091 bca5a000
59092 bca58000
59093 bca56000
59094 bca54000
59095 bca52000
59096 bca50000
59097 bca4e000
59098 bca4c000
59099 bca4a000
59100 bca48000
59101 bca46000
59102 bca44000
59103 bca42000
59104 bca40000
59105 bca3e000
59106 bca3c000
59107 bca3a000
59108 bca38000
59109 bca36000
59110 bca34000
59111 bca32000
59112 bca30000
59113 bca2e000
59114 bca2c000
59115 bca2a000
59116 bca28000
59117 bca26000
59118 bca24000
59119 bca22000
59120 bca20000
59121 bca1e000
59122 bca1c000
59123 bca1a000
59124 bca18000
59125 bca16000
59126 bca14000
59127 bca12000
59128 bca10000
59129 bca0e000
59130 bca0c000
59131 bca0a000
59132 bca08000
59133 bca06000
59134 bca04000
59135 bca02000
59136 bca00000
59137 bc9fe000
59138 bc9fc000
59139 bc9fa000
59140 bc9f8000
59141 bc9f6000
59142 bc9f4000
59143 bc9f2000
59144 bc9f0000
59145 bc9ee000
59146 bc9ec000
59147 bc9ea000
59148 bc9e8000
59149 bc9e6000
59150 bc9e4000
59151 bc9e2000
59152 bc9e0000
59153 bc9de000
59154 bc9dc000
59155 bc9da000
59156 bc9d8000
59157 bc9d6000
59158 bc9d4000
59159 bc9d2000
59160 bc9d0000
59161 bc9ce000
59162 bc9cc000
59163 bc9ca000
59164 bc9c8000
59165 bc9c6000
59166 bc9c4000
59167 bc9c2000
59168 bc9c0000
59169 bc9be000
59170 bc9bc000
59171 bc9ba000
59172 bc9b8000
59173 bc9b6000
59174 bc9b4000
59175 bc9b2000
59176 bc9b0000
59177 bc9ae000
59178 bc9ac000
59179 bc9aa000
59180 bc9a8000
59181 bc9a6000
59182 bc9a4000
59183 bc9a2000
59184 bc9a0000
59185 bc99e000
59186 bc99c000
59187 bc99a000
59188 bc998000
59189 bc996000
59190 bc994000
59191 bc992000
59192 bc990000
59193 bc98e000
59194 bc98c000
59195 bc98a000
59196 bc988000
59197 bc986000
59198 bc984000
59199 bc982000
59200 bc980000
59201 bc97e000
59202 bc97c000
59203 bc97a000
59204 bc978000
59205 bc976000
59206 bc974000
59207 bc972000
59208 bc970000
59209 bc96e000
59210 bc96c000
59211 bc96a000
59212 bc968000
59213 bc966000
59214 bc964000
59215 bc962000
59216 bc960000
59217 bc95e000
59218 bc95c000
59219 bc95a000
59220 bc958000
59221 bc956000
59222 bc954000
59223 bc952000
59224 bc950000
59225 bc94e000
59226 bc94c000
59227 bc94a000
59228 bc948000
59229 bc946000
59230 bc944000
59231 bc942000
59232 bc940000
59233 bc93e000
59234 bc93c000
59235 bc93a000
59236 bc938000
59237 bc936000
59238 bc934000
59239 bc932000
59240 bc930000
59241 bc92e000
59242 bc92c000
59243 bc92a000
59244 bc928000
59245 bc926000
59246 bc924000
59247 bc922000
59248 bc920000
59249 bc91e000
59250 bc91c000
59251 bc91a000
59252 bc918000
59253 bc916000
59254 bc914000
59255 bc912000
59256 bc910000
59257 bc90e000
59258 bc90c000
59259 bc90a000
59260 bc908000
59261 bc906000
59262 bc904000
59263 bc902000
59264 bc900000
59265 bc8fe000
59266 bc8fc000
59267 bc8fa000
59268 bc8f8000
59269 bc8f6000
59270 bc8f4000
59271 bc8f2000
59272 bc8f0000
59273 bc8ee000
59274 bc8ec000
59275 bc8ea000
59276 bc8e8000
59277 bc8e6000
59278 bc8e4000
59279 bc8e2000
59280 bc8e0000
59281 bc8de000
59282 bc8dc000
59283 bc8da000
59284 bc8d8000
59285 bc8d6000
59286 bc8d4000
59287 bc8d2000
59288 bc8d0000
59289 bc8ce000
59290 bc8cc000
59291 bc8ca000
59292 bc8c8000
59293 bc8c6000
59294 bc8c4000
59295 bc8c2000
59296 bc8c0000
59297 bc8be000
59298 bc8bc000
59299 bc8ba000
59300 bc8b8000
59301 bc8b6000
59302 bc8b4000
59303 bc8b2000
59304 bc8b0000
59305 bc8ae000
59306 bc8ac000
59307 bc8aa000
59308 bc8a8000
59309 bc8a6000
59310 bc8a4000
59311 bc8a2000
59312 bc8a0000
59313 bc89e000
59314 bc89c000
59315 bc89a000
59316 bc898000
59317 bc896000
59318 bc894000
59319 bc892000
59320 bc890000
59321 bc88e000
59322 bc88c000
59323 bc88a000
59324 bc888000
59325 bc886000
59326 bc884000
59327 bc882000
59328 bc880000
59329 bc87e000
59330 bc87c000
59331 bc87a000
59332 bc878000
59333 bc876000
59334 bc874000
59335 bc872000
59336 bc870000
59337 bc86e000
59338 bc86c000
59339 bc86a000
59340 bc868000
59341 bc866000
59342 bc864000
59343 bc862000
59344 bc860000
59345 bc85e000
59346 bc85c000
59347 bc85a000
59348 bc858000
59349 bc856000
59350 bc854000
59351 bc852000
59352 bc850000
59353 bc84e000
59354 bc84c000
59355 bc84a000
59356 bc848000
59357 bc846000
59358 bc844000
59359 bc842000
59360 bc840000
59361 bc83e000
59362 bc83c000
59363 bc83a000
59364 bc838000
59365 bc836000
59366 bc834000
59367 bc832000
59368 bc830000
59369 bc82e000
59370 bc82c000
59371 bc82a000
59372 bc828000
59373 bc826000
59374 bc824000
59375 bc822000
59376 bc820000
59377 bc81e000
59378 bc81c000
59379 bc81a000
59380 bc818000
59381 bc816000
59382 bc814000
59383 bc812000
59384 bc810000
59385 bc80e000
59386 bc80c000
59387 bc80a000
59388 bc808000
59389 bc806000
59390 bc804000
59391 bc802000
59392 bc800000
59393 bc7fe000
59394 bc7fc000
59395 bc7fa000
59396 bc7f8000
59397 bc7f6000
59398 bc7f4000
59399 bc7f2000
59400 bc7f0000
59401 bc7ee000
59402 bc7ec000
59403 bc7ea000
59404 bc7e8000
59405 bc7e6000
59406 bc7e4000
59407 bc7e2000
59408 bc7e0000
59409 bc7de000
59410 bc7dc000
59411 bc7da000
59412 bc7d8000
59413 bc7d6000
59414 bc7d4000
59415 bc7d2000
59416 bc7d0000
59417 bc7ce000
59418 bc7cc000
59419 bc7ca000
59420 bc7c8000
59421 bc7c6000
59422 bc7c4000
59423 bc7c2000
59424 bc7c0000
59425 bc7be000
59426 bc7bc000
59427 bc7ba000
59428 bc7b8000
59429 bc7b6000
59430 bc7b4000
59431 bc7b2000
59432 bc7b0000
59433 bc7ae000
59434 bc7ac000
59435 bc7aa000
59436 bc7a8000
59437 bc7a6000
59438 bc7a4000
59439 bc7a2000
59440 bc7a0000
59441 bc79e000
59442 bc79c000
59443 bc79a000
59444 bc798000
59445 bc796000
59446 bc794000
59447 bc792000
59448 bc790000
59449 bc78e000
59450 bc78c000
59451 bc78a000
59452 bc788000
59453 bc786000
59454 bc784000
59455 bc782000
59456 bc780000
59457 bc77e000
59458 bc77c000
59459 bc77a000
59460 bc778000
59461 bc776000
59462 bc774000
59463 bc772000
59464 bc770000
59465 bc76e000
59466 bc76c000
59467 bc76a000
59468 bc768000
59469 bc766000
59470 bc764000
59471 bc762000
59472 bc760000
59473 bc75e000
59474 bc75c000
59475 bc75a000
59476 bc758000
59477 bc756000
59478 bc754000
59479 bc752000
59480 bc750000
59481 bc74e000
59482 bc74c000
59483 bc74a000
59484 bc748000
59485 bc746000
59486 bc744000
59487 bc742000
59488 bc740000
59489 bc73e000
59490 bc73c000
59491 bc73a000
59492 bc738000
59493 bc736000
59494 bc734000
59495 bc732000
59496 bc730000
59497 bc72e000
59498 bc72c000
59499 bc72a000
59500 bc728000
59501 bc726000
59502 bc724000
59503 bc722000
59504 bc720000
59505 bc71e000
59506 bc71c000
59507 bc71a000
59508 bc718000
59509 bc716000
59510 bc714000
59511 bc712000
59512 bc710000
59513 bc70e000
59514 bc70c000
59515 bc70a000
59516 bc708000
59517 bc706000
59518 bc704000
59519 bc702000
59520 bc700000
59521 bc6fe000
59522 bc6fc000
59523 bc6fa000
59524 bc6f8000
59525 bc6f6000
59526 bc6f4000
59527 bc6f2000
59528 bc6f0000
59529 bc6ee000
59530 bc6ec000
59531 bc6ea000
59532 bc6e8000
59533 bc6e6000
59534 bc6e4000
59535 bc6e2000
59536 bc6e0000
59537 bc6de000
59538 bc6dc000
59539 bc6da000
59540 bc6d8000
59541 bc6d6000
59542 bc6d4000
59543 bc6d2000
59544 bc6d0000
59545 bc6ce000
59546 bc6cc000
59547 bc6ca000
59548 bc6c8000
59549 bc6c6000
59550 bc6c4000
59551 bc6c2000
59552 bc6c0000
59553 bc6be000
59554 bc6bc000
59555 bc6ba000
59556 bc6b8000
59557 bc6b6000
59558 bc6b4000
59559 bc6b2000
59560 bc6b0000
59561 bc6ae000
59562 bc6ac000
59563 bc6aa000
59564 bc6a8000
59565 bc6a6000
59566 bc6a4000
59567 bc6a2000
59568 bc6a0000
59569 bc69e000
59570 bc69c000
59571 bc69a000
59572 bc698000
59573 bc696000
59574 bc694000
59575 bc692000
59576 bc690000
59577 bc68e000
59578 bc68c000
59579 bc68a000
59580 bc688000
59581 bc686000
59582 bc684000
59583 bc682000
59584 bc680000
59585 bc67e000
59586 bc67c000
59587 bc67a000
59588 bc678000
59589 bc676000
59590 bc674000
59591 bc672000
59592 bc670000
59593 bc66e000
59594 bc66c000
59595 bc66a000
59596 bc668000
59597 bc666000
59598 bc664000
59599 bc662000
59600 bc660000
59601 bc65e000
59602 bc65c000
59603 bc65a000
59604 bc658000
59605 bc656000
59606 bc654000
59607 bc652000
59608 bc650000
59609 bc64e000
59610 bc64c000
59611 bc64a000
59612 bc648000
59613 bc646000
59614 bc644000
59615 bc642000
59616 bc640000
59617 bc63e000
59618 bc63c000
59619 bc63a000
59620 bc638000
59621 bc636000
59622 bc634000
59623 bc632000
59624 bc630000
59625 bc62e000
59626 bc62c000
59627 bc62a000
59628 bc628000
59629 bc626000
59630 bc624000
59631 bc622000
59632 bc620000
59633 bc61e000
59634 bc61c000
59635 bc61a000
59636 bc618000
59637 bc616000
59638 bc614000
59639 bc612000
59640 bc610000
59641 bc60e000
59642 bc60c000
59643 bc60a000
59644 bc608000
59645 bc606000
59646 bc604000
59647 bc602000
59648 bc600000
59649 bc5fe000
59650 bc5fc000
59651 bc5fa000
59652 bc5f8000
59653 bc5f6000
59654 bc5f4000
59655 bc5f2000
59656 bc5f0000
59657 bc5ee000
59658 bc5ec000
59659 bc5ea000
59660 bc5e8000
59661 bc5e6000
59662 bc5e4000
59663 bc5e2000
59664 bc5e0000
59665 bc5de000
59666 bc5dc000
59667 bc5da000
59668 bc5d8000
59669 bc5d6000
59670 bc5d4000
59671 bc5d2000
59672 bc5d0000
59673 bc5ce000
59674 bc5cc000
59675 bc5ca000
59676 bc5c8000
59677 bc5c6000
59678 bc5c4000
59679 bc5c2000
59680 bc5c0000
59681 bc5be000
59682 bc5bc000
59683 bc5ba000
59684 bc5b8000
59685 bc5b6000
59686 bc5b4000
59687 bc5b2000
59688 bc5b0000
59689 bc5ae000
59690 bc5ac000
59691 bc5aa000
59692 bc5a8000
59693 bc5a6000
59694 bc5a4000
59695 bc5a2000
59696 bc5a0000
59697 bc59e000
59698 bc59c000
59699 bc59a000
59700 bc598000
59701 bc596000
59702 bc594000
59703 bc592000
59704 bc590000
59705 bc58e000
59706 bc58c000
59707 bc58a000
59708 bc588000
59709 bc586000
59710 bc584000
59711 bc582000
59712 bc580000
59713 bc57e000
59714 bc57c000
59715 bc57a000
59716 bc578000
59717 bc576000
59718 bc574000
59719 bc572000
59720 bc570000
59721 bc56e000
59722 bc56c000
59723 bc56a000
59724 bc568000
59725 bc566000
59726 bc564000
59727 bc562000
59728 bc560000
59729 bc55e000
59730 bc55c000
59731 bc55a000
59732 bc558000
59733 bc556000
59734 bc554000
59735 bc552000
59736 bc550000
59737 bc54e000
59738 bc54c000
59739 bc54a000
59740 bc548000
59741 bc546000
59742 bc544000
59743 bc542000
59744 bc540000
59745 bc53e000
59746 bc53c000
59747 bc53a000
59748 bc538000
59749 bc536000
59750 bc534000
59751 bc532000
59752 bc530000
59753 bc52e000
59754 bc52c000
59755 bc52a000
59756 bc528000
59757 bc526000
59758 bc524000
59759 bc522000
59760 bc520000
59761 bc51e000
59762 bc51c000
59763 bc51a000
59764 bc518000
59765 bc516000
59766 bc514000
59767 bc512000
59768 bc510000
59769 bc50e000
59770 bc50c000
59771 bc50a000
59772 bc508000
59773 bc506000
59774 bc504000
59775 bc502000
59776 bc500000
59777 bc4fe000
59778 bc4fc000
59779 bc4fa000
59780 bc4f8000
59781 bc4f6000
59782 bc4f4000
59783 bc4f2000
59784 bc4f0000
59785 bc4ee000
59786 bc4ec000
59787 bc4ea000
59788 bc4e8000
59789 bc4e6000
59790 bc4e4000
59791 bc4e2000
59792 bc4e0000
59793 bc4de000
59794 bc4dc000
59795 bc4da000
59796 bc4d8000
59797 bc4d6000
59798 bc4d4000
59799 bc4d2000
59800 bc4d0000
59801 bc4ce000
59802 bc4cc000
59803 bc4ca000
59804 bc4c8000
59805 bc4c6000
59806 bc4c4000
59807 bc4c2000
59808 bc4c0000
59809 bc4be000
59810 bc4bc000
59811 bc4ba000
59812 bc4b8000
59813 bc4b6000
59814 bc4b4000
59815 bc4b2000
59816 bc4b0000
59817 bc4ae000
59818 bc4ac000
59819 bc4aa000
59820 bc4a8000
59821 bc4a6000
59822 bc4a4000
59823 bc4a2000
59824 bc4a0000
59825 bc49e000
59826 bc49c000
59827 bc49a000
59828 bc498000
59829 bc496000
59830 bc494000
59831 bc492000
59832 bc490000
59833 bc48e000
59834 bc48c000
59835 bc48a000
59836 bc488000
59837 bc486000
59838 bc484000
59839 bc482000
59840 bc480000
59841 bc47e000
59842 bc47c000
59843 bc47a000
59844 bc478000
59845 bc476000
59846 bc474000
59847 bc472000
59848 bc470000
59849 bc46e000
59850 bc46c000
59851 bc46a000
59852 bc468000
59853 bc466000
59854 bc464000
59855 bc462000
59856 bc460000
59857 bc45e000
59858 bc45c000
59859 bc45a000
59860 bc458000
59861 bc456000
59862 bc454000
59863 bc452000
59864 bc450000
59865 bc44e000
59866 bc44c000
59867 bc44a000
59868 bc448000
59869 bc446000
59870 bc444000
59871 bc442000
59872 bc440000
59873 bc43e000
59874 bc43c000
59875 bc43a000
59876 bc438000
59877 bc436000
59878 bc434000
59879 bc432000
59880 bc430000
59881 bc42e000
59882 bc42c000
59883 bc42a000
59884 bc428000
59885 bc426000
59886 bc424000
59887 bc422000
59888 bc420000
59889 bc41e000
59890 bc41c000
59891 bc41a000
59892 bc418000
59893 bc416000
59894 bc414000
59895 bc412000
59896 bc410000
59897 bc40e000
59898 bc40c000
59899 bc40a000
59900 bc408000
59901 bc406000
59902 bc404000
59903 bc402000
59904 bc400000
59905 bc3fe000
59906 bc3fc000
59907 bc3fa000
59908 bc3f8000
59909 bc3f6000
59910 bc3f4000
59911 bc3f2000
59912 bc3f0000
59913 bc3ee000
59914 bc3ec000
59915 bc3ea000
59916 bc3e8000
59917 bc3e6000
59918 bc3e4000
59919 bc3e2000
59920 bc3e0000
59921 bc3de000
59922 bc3dc000
59923 bc3da000
59924 bc3d8000
59925 bc3d6000
59926 bc3d4000
59927 bc3d2000
59928 bc3d0000
59929 bc3ce000
59930 bc3cc000
59931 bc3ca000
59932 bc3c8000
59933 bc3c6000
59934 bc3c4000
59935 bc3c2000
59936 bc3c0000
59937 bc3be000
59938 bc3bc000
59939 bc3ba000
59940 bc3b8000
59941 bc3b6000
59942 bc3b4000
59943 bc3b2000
59944 bc3b0000
59945 bc3ae000
59946 bc3ac000
59947 bc3aa000
59948 bc3a8000
59949 bc3a6000
59950 bc3a4000
59951 bc3a2000
59952 bc3a0000
59953 bc39e000
59954 bc39c000
59955 bc39a000
59956 bc398000
59957 bc396000
59958 bc394000
59959 bc392000
59960 bc390000
59961 bc38e000
59962 bc38c000
59963 bc38a000
59964 bc388000
59965 bc386000
59966 bc384000
59967 bc382000
59968 bc380000
59969 bc37e000
59970 bc37c000
59971 bc37a000
59972 bc378000
59973 bc376000
59974 bc374000
59975 bc372000
59976 bc370000
59977 bc36e000
59978 bc36c000
59979 bc36a000
59980 bc368000
59981 bc366000
59982 bc364000
59983 bc362000
59984 bc360000
59985 bc35e000
59986 bc35c000
59987 bc35a000
59988 bc358000
59989 bc356000
59990 bc354000
59991 bc352000
59992 bc350000
59993 bc34e000
59994 bc34c000
59995 bc34a000
59996 bc348000
59997 bc346000
59998 bc344000
59999 bc342000
60000 bc340000
60001 bc33e000
60002 bc33c000
60003 bc33a000
60004 bc338000
60005 bc336000
60006 bc334000
60007 bc332000
60008 bc330000
60009 bc32e000
60010 bc32c000
60011 bc32a000
60012 bc328000
60013 bc326000
60014 bc324000
60015 bc322000
60016 bc320000
60017 bc31e000
60018 bc31c000
60019 bc31a000
60020 bc318000
60021 bc316000
60022 bc314000
60023 bc312000
60024 bc310000
60025 bc30e000
60026 bc30c000
60027 bc30a000
60028 bc308000
60029 bc306000
60030 bc304000
60031 bc302000
60032 bc300000
60033 bc2fe000
60034 bc2fc000
60035 bc2fa000
60036 bc2f8000
60037 bc2f6000
60038 bc2f4000
60039 bc2f2000
60040 bc2f0000
60041 bc2ee000
60042 bc2ec000
60043 bc2ea000
60044 bc2e8000
60045 bc2e6000
60046 bc2e4000
60047 bc2e2000
60048 bc2e0000
60049 bc2de000
60050 bc2dc000
60051 bc2da000
60052 bc2d8000
60053 bc2d6000
60054 bc2d4000
60055 bc2d2000
60056 bc2d0000
60057 bc2ce000
60058 bc2cc000
60059 bc2ca000
60060 bc2c8000
60061 bc2c6000
60062 bc2c4000
60063 bc2c2000
60064 bc2c0000
60065 bc2be000
60066 bc2bc000
60067 bc2ba000
60068 bc2b8000
60069 bc2b6000
60070 bc2b4000
60071 bc2b2000
60072 bc2b0000
60073 bc2ae000
60074 bc2ac000
60075 bc2aa000
60076 bc2a8000
60077 bc2a6000
60078 bc2a4000
60079 bc2a2000
60080 bc2a0000
60081 bc29e000
60082 bc29c000
60083 bc29a000
60084 bc298000
60085 bc296000
60086 bc294000
60087 bc292000
60088 bc290000
60089 bc28e000
60090 bc28c000
60091 bc28a000
60092 bc288000
60093 bc286000
60094 bc284000
60095 bc282000
60096 bc280000
60097 bc27e000
60098 bc27c000
60099 bc27a000
60100 bc278000
60101 bc276000
60102 bc274000
60103 bc272000
60104 bc270000
60105 bc26e000
60106 bc26c000
60107 bc26a000
60108 bc268000
60109 bc266000
60110 bc264000
60111 bc262000
60112 bc260000
60113 bc25e000
60114 bc25c000
60115 bc25a000
60116 bc258000
60117 bc256000
60118 bc254000
60119 bc252000
60120 bc250000
60121 bc24e000
60122 bc24c000
60123 bc24a000
60124 bc248000
60125 bc246000
60126 bc244000
60127 bc242000
60128 bc240000
60129 bc23e000
60130 bc23c000
60131 bc23a000
60132 bc238000
60133 bc236000
60134 bc234000
60135 bc232000
60136 bc230000
60137 bc22e000
60138 bc22c000
60139 bc22a000
60140 bc228000
60141 bc226000
60142 bc224000
60143 bc222000
60144 bc220000
60145 bc21e000
60146 bc21c000
60147 bc21a000
60148 bc218000
60149 bc216000
60150 bc214000
60151 bc212000
60152 bc210000
60153 bc20e000
60154 bc20c000
60155 bc20a000
60156 bc208000
60157 bc206000
60158 bc204000
60159 bc202000
60160 bc200000
60161 bc1fe000
60162 bc1fc000
60163 bc1fa000
60164 bc1f8000
60165 bc1f6000
60166 bc1f4000
60167 bc1f2000
60168 bc1f0000
60169 bc1ee000
60170 bc1ec000
60171 bc1ea000
60172 bc1e8000
60173 bc1e6000
60174 bc1e4000
60175 bc1e2000
60176 bc1e0000
60177 bc1de000
60178 bc1dc000
60179 bc1da000
60180 bc1d8000
60181 bc1d6000
60182 bc1d4000
60183 bc1d2000
60184 bc1d0000
60185 bc1ce000
60186 bc1cc000
60187 bc1ca000
60188 bc1c8000
60189 bc1c6000
60190 bc1c4000
60191 bc1c2000
60192 bc1c0000
60193 bc1be000
60194 bc1bc000
60195 bc1ba000
60196 bc1b8000
60197 bc1b6000
60198 bc1b4000
60199 bc1b2000
60200 bc1b0000
60201 bc1ae000
60202 bc1ac000
60203 bc1aa000
60204 bc1a8000
60205 bc1a6000
60206 bc1a4000
60207 bc1a2000
60208 bc1a0000
60209 bc19e000
60210 bc19c000
60211 bc19a000
60212 bc198000
60213 bc196000
60214 bc194000
60215 bc192000
60216 bc190000
60217 bc18e000
60218 bc18c000
60219 bc18a000
60220 bc188000
60221 bc186000
60222 bc184000
60223 bc182000
60224 bc180000
60225 bc17e000
60226 bc17c000
60227 bc17a000
60228 bc178000
60229 bc176000
60230 bc174000
60231 bc172000
60232 bc170000
60233 bc16e000
60234 bc16c000
60235 bc16a000
60236 bc168000
60237 bc166000
60238 bc164000
60239 bc162000
60240 bc160000
60241 bc15e000
60242 bc15c000
60243 bc15a000
60244 bc158000
60245 bc156000
60246 bc154000
60247 bc152000
60248 bc150000
60249 bc14e000
60250 bc14c000
60251 bc14a000
60252 bc148000
60253 bc146000
60254 bc144000
60255 bc142000
60256 bc140000
60257 bc13e000
60258 bc13c000
60259 bc13a000
60260 bc138000
60261 bc136000
60262 bc134000
60263 bc132000
60264 bc130000
60265 bc12e000
60266 bc12c000
60267 bc12a000
60268 bc128000
60269 bc126000
60270 bc124000
60271 bc122000
60272 bc120000
60273 bc11e000
60274 bc11c000
60275 bc11a000
60276 bc118000
60277 bc116000
60278 bc114000
60279 bc112000
60280 bc110000
60281 bc10e000
60282 bc10c000
60283 bc10a000
60284 bc108000
60285 bc106000
60286 bc104000
60287 bc102000
60288 bc100000
60289 bc0fe000
60290 bc0fc000
60291 bc0fa000
60292 bc0f8000
60293 bc0f6000
60294 bc0f4000
60295 bc0f2000
60296 bc0f0000
60297 bc0ee000
60298 bc0ec000
60299 bc0ea000
60300 bc0e8000
60301 bc0e6000
60302 bc0e4000
60303 bc0e2000
60304 bc0e0000
60305 bc0de000
60306 bc0dc000
60307 bc0da000
60308 bc0d8000
60309 bc0d6000
60310 bc0d4000
60311 bc0d2000
60312 bc0d0000
60313 bc0ce000
60314 bc0cc000
60315 bc0ca000
60316 bc0c8000
60317 bc0c6000
60318 bc0c4000
60319 bc0c2000
60320 bc0c0000
60321 bc0be000
60322 bc0bc000
60323 bc0ba000
60324 bc0b8000
60325 bc0b6000
60326 bc0b4000
60327 bc0b2000
60328 bc0b0000
60329 bc0ae000
60330 bc0ac000
60331 bc0aa000
60332 bc0a8000
60333 bc0a6000
60334 bc0a4000
60335 bc0a2000
60336 bc0a0000
60337 bc09e000
60338 bc09c000
60339 bc09a000
60340 bc098000
60341 bc096000
60342 bc094000
60343 bc092000
60344 bc090000
60345 bc08e000
60346 bc08c000
60347 bc08a000
60348 bc088000
60349 bc086000
60350 bc084000
60351 bc082000
60352 bc080000
60353 bc07e000
60354 bc07c000
60355 bc07a000
60356 bc078000
60357 bc076000
60358 bc074000
60359 bc072000
60360 bc070000
60361 bc06e000
60362 bc06c000
60363 bc06a000
60364 bc068000
60365 bc066000
60366 bc064000
60367 bc062000
60368 bc060000
60369 bc05e000
60370 bc05c000
60371 bc05a000
60372 bc058000
60373 bc056000
60374 bc054000
60375 bc052000
60376 bc050000
60377 bc04e000
60378 bc04c000
60379 bc04a000
60380 bc048000
60381 bc046000
60382 bc044000
60383 bc042000
60384 bc040000
60385 bc03e000
60386 bc03c000
60387 bc03a000
60388 bc038000
60389 bc036000
60390 bc034000
60391 bc032000
60392 bc030000
60393 bc02e000
60394 bc02c000
60395 bc02a000
60396 bc028000
60397 bc026000
60398 bc024000
60399 bc022000
60400 bc020000
60401 bc01e000
60402 bc01c000
60403 bc01a000
60404 bc018000
60405 bc016000
60406 bc014000
60407 bc012000
60408 bc010000
60409 bc00e000
60410 bc00c000
60411 bc00a000
60412 bc008000
60413 bc006000
60414 bc004000
60415 bc002000
60416 bc000000
60417 bbffe000
60418 bbffc000
60419 bbffa000
60420 bbff8000
60421 bbff6000
60422 bbff4000
60423 bbff2000
60424 bbff0000
60425 bbfee000
60426 bbfec000
60427 bbfea000
60428 bbfe8000
60429 bbfe6000
60430 bbfe4000
60431 bbfe2000
60432 bbfe0000
60433 bbfde000
60434 bbfdc000
60435 bbfda000
60436 bbfd8000
60437 bbfd6000
60438 bbfd4000
60439 bbfd2000
60440 bbfd0000
60441 bbfce000
60442 bbfcc000
60443 bbfca000
60444 bbfc8000
60445 bbfc6000
60446 bbfc4000
60447 bbfc2000
60448 bbfc0000
60449 bbfbe000
60450 bbfbc000
60451 bbfba000
60452 bbfb8000
60453 bbfb6000
60454 bbfb4000
60455 bbfb2000
60456 bbfb0000
60457 bbfae000
60458 bbfac000
60459 bbfaa000
60460 bbfa8000
60461 bbfa6000
60462 bbfa4000
60463 bbfa2000
60464 bbfa0000
60465 bbf9e000
60466 bbf9c000
60467 bbf9a000
60468 bbf98000
60469 bbf96000
60470 bbf94000
60471 bbf92000
60472 bbf90000
60473 bbf8e000
60474 bbf8c000
60475 bbf8a000
60476 bbf88000
60477 bbf86000
60478 bbf84000
60479 bbf82000
60480 bbf80000
60481 bbf7e000
60482 bbf7c000
60483 bbf7a000
60484 bbf78000
60485 bbf76000
60486 bbf74000
60487 bbf72000
60488 bbf70000
60489 bbf6e000
60490 bbf6c000
60491 bbf6a000
60492 bbf68000
60493 bbf66000
60494 bbf64000
60495 bbf62000
60496 bbf60000
60497 bbf5e000
60498 bbf5c000
60499 bbf5a000
60500 bbf58000
60501 bbf56000
60502 bbf54000
60503 bbf52000
60504 bbf50000
60505 bbf4e000
60506 bbf4c000
60507 bbf4a000
60508 bbf48000
60509 bbf46000
60510 bbf44000
60511 bbf42000
60512 bbf40000
60513 bbf3e000
60514 bbf3c000
60515 bbf3a000
60516 bbf38000
60517 bbf36000
60518 bbf34000
60519 bbf32000
60520 bbf30000
60521 bbf2e000
60522 bbf2c000
60523 bbf2a000
60524 bbf28000
60525 bbf26000
60526 bbf24000
60527 bbf22000
60528 bbf20000
60529 bbf1e000
60530 bbf1c000
60531 bbf1a000
60532 bbf18000
60533 bbf16000
60534 bbf14000
60535 bbf12000
60536 bbf10000
60537 bbf0e000
60538 bbf0c000
60539 bbf0a000
60540 bbf08000
60541 bbf06000
60542 bbf04000
60543 bbf02000
60544 bbf00000
60545 bbefe000
60546 bbefc000
60547 bbefa000
60548 bbef8000
60549 bbef6000
60550 bbef4000
60551 bbef2000
60552 bbef0000
60553 bbeee000
60554 bbeec000
60555 bbeea000
60556 bbee8000
60557 bbee6000
60558 bbee4000
60559 bbee2000
60560 bbee0000
60561 bbede000
60562 bbedc000
60563 bbeda000
60564 bbed8000
60565 bbed6000
60566 bbed4000
60567 bbed2000
60568 bbed0000
60569 bbece000
60570 bbecc000
60571 bbeca000
60572 bbec8000
60573 bbec6000
60574 bbec4000
60575 bbec2000
60576 bbec0000
60577 bbebe000
60578 bbebc000
60579 bbeba000
60580 bbeb8000
60581 bbeb6000
60582 bbeb4000
60583 bbeb2000
60584 bbeb0000
60585 bbeae000
60586 bbeac000
60587 bbeaa000
60588 bbea8000
60589 bbea6000
60590 bbea4000
60591 bbea2000
60592 bbea0000
60593 bbe9e000
60594 bbe9c000
60595 bbe9a000
60596 bbe98000
60597 bbe96000
60598 bbe94000
60599 bbe92000
60600 bbe90000
60601 bbe8e000
60602 bbe8c000
60603 bbe8a000
60604 bbe88000
60605 bbe86000
60606 bbe84000
60607 bbe82000
60608 bbe80000
60609 bbe7e000
60610 bbe7c000
60611 bbe7a000
60612 bbe78000
60613 bbe76000
60614 bbe74000
60615 bbe72000
60616 bbe70000
60617 bbe6e000
60618 bbe6c000
60619 bbe6a000
60620 bbe68000
60621 bbe66000
60622 bbe64000
60623 bbe62000
60624 bbe60000
60625 bbe5e000
60626 bbe5c000
60627 bbe5a000
60628 bbe58000
60629 bbe56000
60630 bbe54000
60631 bbe52000
60632 bbe50000
60633 bbe4e000
60634 bbe4c000
60635 bbe4a000
60636 bbe48000
60637 bbe46000
60638 bbe44000
60639 bbe42000
60640 bbe40000
60641 bbe3e000
60642 bbe3c000
60643 bbe3a000
60644 bbe38000
60645 bbe36000
60646 bbe34000
60647 bbe32000
60648 bbe30000
60649 bbe2e000
60650 bbe2c000
60651 bbe2a000
60652 bbe28000
60653 bbe26000
60654 bbe24000
60655 bbe22000
60656 bbe20000
60657 bbe1e000
60658 bbe1c000
60659 bbe1a000
60660 bbe18000
60661 bbe16000
60662 bbe14000
60663 bbe12000
60664 bbe10000
60665 bbe0e000
60666 bbe0c000
60667 bbe0a000
60668 bbe08000
60669 bbe06000
60670 bbe04000
60671 bbe02000
60672 bbe00000
60673 bbdfe000
60674 bbdfc000
60675 bbdfa000
60676 bbdf8000
60677 bbdf6000
60678 bbdf4000
60679 bbdf2000
60680 bbdf0000
60681 bbdee000
60682 bbdec000
60683 bbdea000
60684 bbde8000
60685 bbde6000
60686 bbde4000
60687 bbde2000
60688 bbde0000
60689 bbdde000
60690 bbddc000
60691 bbdda000
60692 bbdd8000
60693 bbdd6000
60694 bbdd4000
60695 bbdd2000
60696 bbdd0000
60697 bbdce000
60698 bbdcc000
60699 bbdca000
60700 bbdc8000
60701 bbdc6000
60702 bbdc4000
60703 bbdc2000
60704 bbdc0000
60705 bbdbe000
60706 bbdbc000
60707 bbdba000
60708 bbdb8000
60709 bbdb6000
60710 bbdb4000
60711 bbdb2000
60712 bbdb0000
60713 bbdae000
60714 bbdac000
60715 bbdaa000
60716 bbda8000
60717 bbda6000
60718 bbda4000
60719 bbda2000
60720 bbda0000
60721 bbd9e000
60722 bbd9c000
60723 bbd9a000
60724 bbd98000
60725 bbd96000
60726 bbd94000
60727 bbd92000
60728 bbd90000
60729 bbd8e000
60730 bbd8c000
60731 bbd8a000
60732 bbd88000
60733 bbd86000
60734 bbd84000
60735 bbd82000
60736 bbd80000
60737 bbd7e000
60738 bbd7c000
60739 bbd7a000
60740 bbd78000
60741 bbd76000
60742 bbd74000
60743 bbd72000
60744 bbd70000
60745 bbd6e000
60746 bbd6c000
60747 bbd6a000
60748 bbd68000
60749 bbd66000
60750 bbd64000
60751 bbd62000
60752 bbd60000
60753 bbd5e000
60754 bbd5c000
60755 bbd5a000
60756 bbd58000
60757 bbd56000
60758 bbd54000
60759 bbd52000
60760 bbd50000
60761 bbd4e000
60762 bbd4c000
60763 bbd4a000
60764 bbd48000
60765 bbd46000
60766 bbd44000
60767 bbd42000
60768 bbd40000
60769 bbd3e000
60770 bbd3c000
60771 bbd3a000
60772 bbd38000
60773 bbd36000
60774 bbd34000
60775 bbd32000
60776 bbd30000
60777 bbd2e000
60778 bbd2c000
60779 bbd2a000
60780 bbd28000
60781 bbd26000
60782 bbd24000
60783 bbd22000
60784 bbd20000
60785 bbd1e000
60786 bbd1c000
60787 bbd1a000
60788 bbd18000
60789 bbd16000
60790 bbd14000
60791 bbd12000
60792 bbd10000
60793 bbd0e000
60794 bbd0c000
60795 bbd0a000
60796 bbd08000
60797 bbd06000
60798 bbd04000
60799 bbd02000
60800 bbd00000
60801 bbcfe000
60802 bbcfc000
60803 bbcfa000
60804 bbcf8000
60805 bbcf6000
60806 bbcf4000
60807 bbcf2000
60808 bbcf0000
60809 bbcee000
60810 bbcec000
60811 bbcea000
60812 bbce8000
60813 bbce6000
60814 bbce4000
60815 bbce2000
60816 bbce0000
60817 bbcde000
60818 bbcdc000
60819 bbcda000
60820 bbcd8000
60821 bbcd6000
60822 bbcd4000
60823 bbcd2000
60824 bbcd0000
60825 bbcce000
60826 bbccc000
60827 bbcca000
60828 bbcc8000
60829 bbcc6000
60830 bbcc4000
60831 bbcc2000
60832 bbcc0000
60833 bbcbe000
60834 bbcbc000
60835 bbcba000
60836 bbcb8000
60837 bbcb6000
60838 bbcb4000
60839 bbcb2000
60840 bbcb0000
60841 bbcae000
60842 bbcac000
60843 bbcaa000
60844 bbca8000
60845 bbca6000
60846 bbca4000
60847 bbca2000
60848 bbca0000
60849 bbc9e000
60850 bbc9c000
60851 bbc9a000
60852 bbc98000
60853 bbc96000
60854 bbc94000
60855 bbc92000
60856 bbc90000
60857 bbc8e000
60858 bbc8c000
60859 bbc8a000
60860 bbc88000
60861 bbc86000
60862 bbc84000
60863 bbc82000
60864 bbc80000
60865 bbc7e000
60866 bbc7c000
60867 bbc7a000
60868 bbc78000
60869 bbc76000
60870 bbc74000
60871 bbc72000
60872 bbc70000
60873 bbc6e000
60874 bbc6c000
60875 bbc6a000
60876 bbc68000
60877 bbc66000
60878 bbc64000
60879 bbc62000
60880 bbc60000
60881 bbc5e000
60882 bbc5c000
60883 bbc5a000
60884 bbc58000
60885 bbc56000
60886 bbc54000
60887 bbc52000
60888 bbc50000
60889 bbc4e000
60890 bbc4c000
60891 bbc4a000
60892 bbc48000
60893 bbc46000
60894 bbc44000
60895 bbc42000
60896 bbc40000
60897 bbc3e000
60898 bbc3c000
60899 bbc3a000
60900 bbc38000
60901 bbc36000
60902 bbc34000
60903 bbc32000
60904 bbc30000
60905 bbc2e000
60906 bbc2c000
60907 bbc2a000
60908 bbc28000
60909 bbc26000
60910 bbc24000
60911 bbc22000
60912 bbc20000
60913 bbc1e000
60914 bbc1c000
60915 bbc1a000
60916 bbc18000
60917 bbc16000
60918 bbc14000
60919 bbc12000
60920 bbc10000
60921 bbc0e000
60922 bbc0c000
60923 bbc0a000
60924 bbc08000
60925 bbc06000
60926 bbc04000
60927 bbc02000
60928 bbc00000
60929 bbbfe000
60930 bbbfc000
60931 bbbfa000
60932 bbbf8000
60933 bbbf6000
60934 bbbf4000
60935 bbbf2000
60936 bbbf0000
60937 bbbee000
60938 bbbec000
60939 bbbea000
60940 bbbe8000
60941 bbbe6000
60942 bbbe4000
60943 bbbe2000
60944 bbbe0000
60945 bbbde000
60946 bbbdc000
60947 bbbda000
60948 bbbd8000
60949 bbbd6000
60950 bbbd4000
60951 bbbd2000
60952 bbbd0000
60953 bbbce000
60954 bbbcc000
60955 bbbca000
60956 bbbc8000
60957 bbbc6000
60958 bbbc4000
60959 bbbc2000
60960 bbbc0000
60961 bbbbe000
60962 bbbbc000
60963 bbbba000
60964 bbbb8000
60965 bbbb6000
60966 bbbb4000
60967 bbbb2000
60968 bbbb0000
60969 bbbae000
60970 bbbac000
60971 bbbaa000
60972 bbba8000
60973 bbba6000
60974 bbba4000
60975 bbba2000
60976 bbba0000
60977 bbb9e000
60978 bbb9c000
60979 bbb9a000
60980 bbb98000
60981 bbb96000
60982 bbb94000
60983 bbb92000
60984 bbb90000
60985 bbb8e000
60986 bbb8c000
60987 bbb8a000
60988 bbb88000
60989 bbb86000
60990 bbb84000
60991 bbb82000
60992 bbb80000
60993 bbb7e000
60994 bbb7c000
60995 bbb7a000
60996 bbb78000
60997 bbb76000
60998 bbb74000
60999 bbb72000
61000 bbb70000
61001 bbb6e000
61002 bbb6c000
61003 bbb6a000
61004 bbb68000
61005 bbb66000
61006 bbb64000
61007 bbb62000
61008 bbb60000
61009 bbb5e000
61010 bbb5c000
61011 bbb5a000
61012 bbb58000
61013 bbb56000
61014 bbb54000
61015 bbb52000
61016 bbb50000
61017 bbb4e000
61018 bbb4c000
61019 bbb4a000
61020 bbb48000
61021 bbb46000
61022 bbb44000
61023 bbb42000
61024 bbb40000
61025 bbb3e000
61026 bbb3c000
61027 bbb3a000
61028 bbb38000
61029 bbb36000
61030 bbb34000
61031 bbb32000
61032 bbb30000
61033 bbb2e000
61034 bbb2c000
61035 bbb2a000
61036 bbb28000
61037 bbb26000
61038 bbb24000
61039 bbb22000
61040 bbb20000
61041 bbb1e000
61042 bbb1c000
61043 bbb1a000
61044 bbb18000
61045 bbb16000
61046 bbb14000
61047 bbb12000
61048 bbb10000
61049 bbb0e000
61050 bbb0c000
61051 bbb0a000
61052 bbb08000
61053 bbb06000
61054 bbb04000
61055 bbb02000
61056 bbb00000
61057 bbafe000
61058 bbafc000
61059 bbafa000
61060 bbaf8000
61061 bbaf6000
61062 bbaf4000
61063 bbaf2000
61064 bbaf0000
61065 bbaee000
61066 bbaec000
61067 bbaea000
61068 bbae8000
61069 bbae6000
61070 bbae4000
61071 bbae2000
61072 bbae0000
61073 bbade000
61074 bbadc000
61075 bbada000
61076 bbad8000
61077 bbad6000
61078 bbad4000
61079 bbad2000
61080 bbad0000
61081 bbace000
61082 bbacc000
61083 bbaca000
61084 bbac8000
61085 bbac6000
61086 bbac4000
61087 bbac2000
61088 bbac0000
61089 bbabe000
61090 bbabc000
61091 bbaba000
61092 bbab8000
61093 bbab6000
61094 bbab4000
61095 bbab2000
61096 bbab0000
61097 bbaae000
61098 bbaac000
61099 bbaaa000
61100 bbaa8000
61101 bbaa6000
61102 bbaa4000
61103 bbaa2000
61104 bbaa0000
61105 bba9e000
61106 bba9c000
61107 bba9a000
61108 bba98000
61109 bba96000
61110 bba94000
61111 bba92000
61112 bba90000
61113 bba8e000
61114 bba8c000
61115 bba8a000
61116 bba88000
61117 bba86000
61118 bba84000
61119 bba82000
61120 bba80000
61121 bba7e000
61122 bba7c000
61123 bba7a000
61124 bba78000
61125 bba76000
61126 bba74000
61127 bba72000
61128 bba70000
61129 bba6e000
61130 bba6c000
61131 bba6a000
61132 bba68000
61133 bba66000
61134 bba64000
61135 bba62000
61136 bba60000
61137 bba5e000
61138 bba5c000
61139 bba5a000
61140 bba58000
61141 bba56000
61142 bba54000
61143 bba52000
61144 bba50000
61145 bba4e000
61146 bba4c000
61147 bba4a000
61148 bba48000
61149 bba46000
61150 bba44000
61151 bba42000
61152 bba40000
61153 bba3e000
61154 bba3c000
61155 bba3a000
61156 bba38000
61157 bba36000
61158 bba34000
61159 bba32000
61160 bba30000
61161 bba2e000
61162 bba2c000
61163 bba2a000
61164 bba28000
61165 bba26000
61166 bba24000
61167 bba22000
61168 bba20000
61169 bba1e000
61170 bba1c000
61171 bba1a000
61172 bba18000
61173 bba16000
61174 bba14000
61175 bba12000
61176 bba10000
61177 bba0e000
61178 bba0c000
61179 bba0a000
61180 bba08000
61181 bba06000
61182 bba04000
61183 bba02000
61184 bba00000
61185 bb9fe000
61186 bb9fc000
61187 bb9fa000
61188 bb9f8000
61189 bb9f6000
61190 bb9f4000
61191 bb9f2000
61192 bb9f0000
61193 bb9ee000
61194 bb9ec000
61195 bb9ea000
61196 bb9e8000
61197 bb9e6000
61198 bb9e4000
61199 bb9e2000
61200 bb9e0000
61201 bb9de000
61202 bb9dc000
61203 bb9da000
61204 bb9d8000
61205 bb9d6000
61206 bb9d4000
61207 bb9d2000
61208 bb9d0000
61209 bb9ce000
61210 bb9cc000
61211 bb9ca000
61212 bb9c8000
61213 bb9c6000
61214 bb9c4000
61215 bb9c2000
61216 bb9c0000
61217 bb9be000
61218 bb9bc000
61219 bb9ba000
61220 bb9b8000
61221 bb9b6000
61222 bb9b4000
61223 bb9b2000
61224 bb9b0000
61225 bb9ae000
61226 bb9ac000
61227 bb9aa000
61228 bb9a8000
61229 bb9a6000
61230 bb9a4000
61231 bb9a2000
61232 bb9a0000
61233 bb99e000
61234 bb99c000
61235 bb99a000
61236 bb998000
61237 bb996000
61238 bb994000
61239 bb992000
61240 bb990000
61241 bb98e000
61242 bb98c000
61243 bb98a000
61244 bb988000
61245 bb986000
61246 bb984000
61247 bb982000
61248 bb980000
61249 bb97e000
61250 bb97c000
61251 bb97a000
61252 bb978000
61253 bb976000
61254 bb974000
61255 bb972000
61256 bb970000
61257 bb96e000
61258 bb96c000
61259 bb96a000
61260 bb968000
61261 bb966000
61262 bb964000
61263 bb962000
61264 bb960000
61265 bb95e000
61266 bb95c000
61267 bb95a000
61268 bb958000
61269 bb956000
61270 bb954000
61271 bb952000
61272 bb950000
61273 bb94e000
61274 bb94c000
61275 bb94a000
61276 bb948000
61277 bb946000
61278 bb944000
61279 bb942000
61280 bb940000
61281 bb93e000
61282 bb93c000
61283 bb93a000
61284 bb938000
61285 bb936000
61286 bb934000
61287 bb932000
61288 bb930000
61289 bb92e000
61290 bb92c000
61291 bb92a000
61292 bb928000
61293 bb926000
61294 bb924000
61295 bb922000
61296 bb920000
61297 bb91e000
61298 bb91c000
61299 bb91a000
61300 bb918000
61301 bb916000
61302 bb914000
61303 bb912000
61304 bb910000
61305 bb90e000
61306 bb90c000
61307 bb90a000
61308 bb908000
61309 bb906000
61310 bb904000
61311 bb902000
61312 bb900000
61313 bb8fe000
61314 bb8fc000
61315 bb8fa000
61316 bb8f8000
61317 bb8f6000
61318 bb8f4000
61319 bb8f2000
61320 bb8f0000
61321 bb8ee000
61322 bb8ec000
61323 bb8ea000
61324 bb8e8000
61325 bb8e6000
61326 bb8e4000
61327 bb8e2000
61328 bb8e0000
61329 bb8de000
61330 bb8dc000
61331 bb8da000
61332 bb8d8000
61333 bb8d6000
61334 bb8d4000
61335 bb8d2000
61336 bb8d0000
61337 bb8ce000
61338 bb8cc000
61339 bb8ca000
61340 bb8c8000
61341 bb8c6000
61342 bb8c4000
61343 bb8c2000
61344 bb8c0000
61345 bb8be000
61346 bb8bc000
61347 bb8ba000
61348 bb8b8000
61349 bb8b6000
61350 bb8b4000
61351 bb8b2000
61352 bb8b0000
61353 bb8ae000
61354 bb8ac000
61355 bb8aa000
61356 bb8a8000
61357 bb8a6000
61358 bb8a4000
61359 bb8a2000
61360 bb8a0000
61361 bb89e000
61362 bb89c000
61363 bb89a000
61364 bb898000
61365 bb896000
61366 bb894000
61367 bb892000
61368 bb890000
61369 bb88e000
61370 bb88c000
61371 bb88a000
61372 bb888000
61373 bb886000
61374 bb884000
61375 bb882000
61376 bb880000
61377 bb87e000
61378 bb87c000
61379 bb87a000
61380 bb878000
61381 bb876000
61382 bb874000
61383 bb872000
61384 bb870000
61385 bb86e000
61386 bb86c000
61387 bb86a000
61388 bb868000
61389 bb866000
61390 bb864000
61391 bb862000
61392 bb860000
61393 bb85e000
61394 bb85c000
61395 bb85a000
61396 bb858000
61397 bb856000
61398 bb854000
61399 bb852000
61400 bb850000
61401 bb84e000
61402 bb84c000
61403 bb84a000
61404 bb848000
61405 bb846000
61406 bb844000
61407 bb842000
61408 bb840000
61409 bb83e000
61410 bb83c000
61411 bb83a000
61412 bb838000
61413 bb836000
61414 bb834000
61415 bb832000
61416 bb830000
61417 bb82e000
61418 bb82c000
61419 bb82a000
61420 bb828000
61421 bb826000
61422 bb824000
61423 bb822000
61424 bb820000
61425 bb81e000
61426 bb81c000
61427 bb81a000
61428 bb818000
61429 bb816000
61430 bb814000
61431 bb812000
61432 bb810000
61433 bb80e000
61434 bb80c000
61435 bb80a000
61436 bb808000
61437 bb806000
61438 bb804000
61439 bb802000
61440 bb800000
61441 bb7fc000
61442 bb7f8000
61443 bb7f4000
61444 bb7f0000
61445 bb7ec000
61446 bb7e8000
61447 bb7e4000
61448 bb7e0000
61449 bb7dc000
61450 bb7d8000
61451 bb7d4000
61452 bb7d0000
61453 bb7cc000
61454 bb7c8000
61455 bb7c4000
61456 bb7c0000
61457 bb7bc000
61458 bb7b8000
61459 bb7b4000
61460 bb7b0000
61461 bb7ac000
61462 bb7a8000
61463 bb7a4000
61464 bb7a0000
61465 bb79c000
61466 bb798000
61467 bb794000
61468 bb790000
61469 bb78c000
61470 bb788000
61471 bb784000
61472 bb780000
61473 bb77c000
61474 bb778000
61475 bb774000
61476 bb770000
61477 bb76c000
61478 bb768000
61479 bb764000
61480 bb760000
61481 bb75c000
61482 bb758000
61483 bb754000
61484 bb750000
61485 bb74c000
61486 bb748000
61487 bb744000
61488 bb740000
61489 bb73c000
61490 bb738000
61491 bb734000
61492 bb730000
61493 bb72c000
61494 bb728000
61495 bb724000
61496 bb720000
61497 bb71c000
61498 bb718000
61499 bb714000
61500 bb710000
61501 bb70c000
61502 bb708000
61503 bb704000
61504 bb700000
61505 bb6fc000
61506 bb6f8000
61507 bb6f4000
61508 bb6f0000
61509 bb6ec000
61510 bb6e8000
61511 bb6e4000
61512 bb6e0000
61513 bb6dc000
61514 bb6d8000
61515 bb6d4000
61516 bb6d0000
61517 bb6cc000
61518 bb6c8000
61519 bb6c4000
61520 bb6c0000
61521 bb6bc000
61522 bb6b8000
61523 bb6b4000
61524 bb6b0000
61525 bb6ac000
61526 bb6a8000
61527 bb6a4000
61528 bb6a0000
61529 bb69c000
61530 bb698000
61531 bb694000
61532 bb690000
61533 bb68c000
61534 bb688000
61535 bb684000
61536 bb680000
61537 bb67c000
61538 bb678000
61539 bb674000
61540 bb670000
61541 bb66c000
61542 bb668000
61543 bb664000
61544 bb660000
61545 bb65c000
61546 bb658000
61547 bb654000
61548 bb650000
61549 bb64c000
61550 bb648000
61551 bb644000
61552 bb640000
61553 bb63c000
61554 bb638000
61555 bb634000
61556 bb630000
61557 bb62c000
61558 bb628000
61559 bb624000
61560 bb620000
61561 bb61c000
61562 bb618000
61563 bb614000
61564 bb610000
61565 bb60c000
61566 bb608000
61567 bb604000
61568 bb600000
61569 bb5fc000
61570 bb5f8000
61571 bb5f4000
61572 bb5f0000
61573 bb5ec000
61574 bb5e8000
61575 bb5e4000
61576 bb5e0000
61577 bb5dc000
61578 bb5d8000
61579 bb5d4000
61580 bb5d0000
61581 bb5cc000
61582 bb5c8000
61583 bb5c4000
61584 bb5c0000
61585 bb5bc000
61586 bb5b8000
61587 bb5b4000
61588 bb5b0000
61589 bb5ac000
61590 bb5a8000
61591 bb5a4000
61592 bb5a0000
61593 bb59c000
61594 bb598000
61595 bb594000
61596 bb590000
61597 bb58c000
61598 bb588000
61599 bb584000
61600 bb580000
61601 bb57c000
61602 bb578000
61603 bb574000
61604 bb570000
61605 bb56c000
61606 bb568000
61607 bb564000
61608 bb560000
61609 bb55c000
61610 bb558000
61611 bb554000
61612 bb550000
61613 bb54c000
61614 bb548000
61615 bb544000
61616 bb540000
61617 bb53c000
61618 bb538000
61619 bb534000
61620 bb530000
61621 bb52c000
61622 bb528000
61623 bb524000
61624 bb520000
61625 bb51c000
61626 bb518000
61627 bb514000
61628 bb510000
61629 bb50c000
61630 bb508000
61631 bb504000
61632 bb500000
61633 bb4fc000
61634 bb4f8000
61635 bb4f4000
61636 bb4f0000
61637 bb4ec000
61638 bb4e8000
61639 bb4e4000
61640 bb4e0000
61641 bb4dc000
61642 bb4d8000
61643 bb4d4000
61644 bb4d0000
61645 bb4cc000
61646 bb4c8000
61647 bb4c4000
61648 bb4c0000
61649 bb4bc000
61650 bb4b8000
61651 bb4b4000
61652 bb4b0000
61653 bb4ac000
61654 bb4a8000
61655 bb4a4000
61656 bb4a0000
61657 bb49c000
61658 bb498000
61659 bb494000
61660 bb490000
61661 bb48c000
61662 bb488000
61663 bb484000
61664 bb480000
61665 bb47c000
61666 bb478000
61667 bb474000
61668 bb470000
61669 bb46c000
61670 bb468000
61671 bb464000
61672 bb460000
61673 bb45c000
61674 bb458000
61675 bb454000
61676 bb450000
61677 bb44c000
61678 bb448000
61679 bb444000
61680 bb440000
61681 bb43c000
61682 bb438000
61683 bb434000
61684 bb430000
61685 bb42c000
61686 bb428000
61687 bb424000
61688 bb420000
61689 bb41c000
61690 bb418000
61691 bb414000
61692 bb410000
61693 bb40c000
61694 bb408000
61695 bb404000
61696 bb400000
61697 bb3fc000
61698 bb3f8000
61699 bb3f4000
61700 bb3f0000
61701 bb3ec000
61702 bb3e8000
61703 bb3e4000
61704 bb3e0000
61705 bb3dc000
61706 bb3d8000
61707 bb3d4000
61708 bb3d0000
61709 bb3cc000
61710 bb3c8000
61711 bb3c4000
61712 bb3c0000
61713 bb3bc000
61714 bb3b8000
61715 bb3b4000
61716 bb3b0000
61717 bb3ac000
61718 bb3a8000
61719 bb3a4000
61720 bb3a0000
61721 bb39c000
61722 bb398000
61723 bb394000
61724 bb390000
61725 bb38c000
61726 bb388000
61727 bb384000
61728 bb380000
61729 bb37c000
61730 bb378000
61731 bb374000
61732 bb370000
61733 bb36c000
61734 bb368000
61735 bb364000
61736 bb360000
61737 bb35c000
61738 bb358000
61739 bb354000
61740 bb350000
61741 bb34c000
61742 bb348000
61743 bb344000
61744 bb340000
61745 bb33c000
61746 bb338000
61747 bb334000
61748 bb330000
61749 bb32c000
61750 bb328000
61751 bb324000
61752 bb320000
61753 bb31c000
61754 bb318000
61755 bb314000
61756 bb310000
61757 bb30c000
61758 bb308000
61759 bb304000
61760 bb300000
61761 bb2fc000
61762 bb2f8000
61763 bb2f4000
61764 bb2f0000
61765 bb2ec000
61766 bb2e8000
61767 bb2e4000
61768 bb2e0000
61769 bb2dc000
61770 bb2d8000
61771 bb2d4000
61772 bb2d0000
61773 bb2cc000
61774 bb2c8000
61775 bb2c4000
61776 bb2c0000
61777 bb2bc000
61778 bb2b8000
61779 bb2b4000
61780 bb2b0000
61781 bb2ac000
61782 bb2a8000
61783 bb2a4000
61784 bb2a0000
61785 bb29c000
61786 bb298000
61787 bb294000
61788 bb290000
61789 bb28c000
61790 bb288000
61791 bb284000
61792 bb280000
61793 bb27c000
61794 bb278000
61795 bb274000
61796 bb270000
61797 bb26c000
61798 bb268000
61799 bb264000
61800 bb260000
61801 bb25c000
61802 bb258000
61803 bb254000
61804 bb250000
61805 bb24c000
61806 bb248000
61807 bb244000
61808 bb240000
61809 bb23c000
61810 bb238000
61811 bb234000
61812 bb230000
61813 bb22c000
61814 bb228000
61815 bb224000
61816 bb220000
61817 bb21c000
61818 bb218000
61819 bb214000
61820 bb210000
61821 bb20c000
61822 bb208000
61823 bb204000
61824 bb200000
61825 bb1fc000
61826 bb1f8000
61827 bb1f4000
61828 bb1f0000
61829 bb1ec000
61830 bb1e8000
61831 bb1e4000
61832 bb1e0000
61833 bb1dc000
61834 bb1d8000
61835 bb1d4000
61836 bb1d0000
61837 bb1cc000
61838 bb1c8000
61839 bb1c4000
61840 bb1c0000
61841 bb1bc000
61842 bb1b8000
61843 bb1b4000
61844 bb1b0000
61845 bb1ac000
61846 bb1a8000
61847 bb1a4000
61848 bb1a0000
61849 bb19c000
61850 bb198000
61851 bb194000
61852 bb190000
61853 bb18c000
61854 bb188000
61855 bb184000
61856 bb180000
61857 bb17c000
61858 bb178000
61859 bb174000
61860 bb170000
61861 bb16c000
61862 bb168000
61863 bb164000
61864 bb160000
61865 bb15c000
61866 bb158000
61867 bb154000
61868 bb150000
61869 bb14c000
61870 bb148000
61871 bb144000
61872 bb140000
61873 bb13c000
61874 bb138000
61875 bb134000
61876 bb130000
61877 bb12c000
61878 bb128000
61879 bb124000
61880 bb120000
61881 bb11c000
61882 bb118000
61883 bb114000
61884 bb110000
61885 bb10c000
61886 bb108000
61887 bb104000
61888 bb100000
61889 bb0fc000
61890 bb0f8000
61891 bb0f4000
61892 bb0f0000
61893 bb0ec000
61894 bb0e8000
61895 bb0e4000
61896 bb0e0000
61897 bb0dc000
61898 bb0d8000
61899 bb0d4000
61900 bb0d0000
61901 bb0cc000
61902 bb0c8000
61903 bb0c4000
61904 bb0c0000
61905 bb0bc000
61906 bb0b8000
61907 bb0b4000
61908 bb0b0000
61909 bb0ac000
61910 bb0a8000
61911 bb0a4000
61912 bb0a0000
61913 bb09c000
61914 bb098000
61915 bb094000
61916 bb090000
61917 bb08c000
61918 bb088000
61919 bb084000
61920 bb080000
61921 bb07c000
61922 bb078000
61923 bb074000
61924 bb070000
61925 bb06c000
61926 bb068000
61927 bb064000
61928 bb060000
61929 bb05c000
61930 bb058000
61931 bb054000
61932 bb050000
61933 bb04c000
61934 bb048000
61935 bb044000
61936 bb040000
61937 bb03c000
61938 bb038000
61939 bb034000
61940 bb030000
61941 bb02c000
61942 bb028000
61943 bb024000
61944 bb020000
61945 bb01c000
61946 bb018000
61947 bb014000
61948 bb010000
61949 bb00c000
61950 bb008000
61951 bb004000
61952 bb000000
61953 baffc000
61954 baff8000
61955 baff4000
61956 baff0000
61957 bafec000
61958 bafe8000
61959 bafe4000
61960 bafe0000
61961 bafdc000
61962 bafd8000
61963 bafd4000
61964 bafd0000
61965 bafcc000
61966 bafc8000
61967 bafc4000
61968 bafc0000
61969 bafbc000
61970 bafb8000
61971 bafb4000
61972 bafb0000
61973 bafac000
61974 bafa8000
61975 bafa4000
61976 bafa0000
61977 baf9c000
61978 baf98000
61979 baf94000
61980 baf90000
61981 baf8c000
61982 baf88000
61983 baf84000
61984 baf80000
61985 baf7c000
61986 baf78000
61987 baf74000
61988 baf70000
61989 baf6c000
61990 baf68000
61991 baf64000
61992 baf60000
61993 baf5c000
61994 baf58000
61995 baf54000
61996 baf50000
61997 baf4c000
61998 baf48000
61999 baf44000
62000 baf40000
62001 baf3c000
62002 baf38000
62003 baf34000
62004 baf30000
62005 baf2c000
62006 baf28000
62007 baf24000
62008 baf20000
62009 baf1c000
62010 baf18000
62011 baf14000
62012 baf10000
62013 baf0c000
62014 baf08000
62015 baf04000
62016 baf00000
62017 baefc000
62018 baef8000
62019 baef4000
62020 baef0000
62021 baeec000
62022 baee8000
62023 baee4000
62024 baee0000
62025 baedc000
62026 baed8000
62027 baed4000
62028 baed0000
62029 baecc000
62030 baec8000
62031 baec4000
62032 baec0000
62033 baebc000
62034 baeb8000
62035 baeb4000
62036 baeb0000
62037 baeac000
62038 baea8000
62039 baea4000
62040 baea0000
62041 bae9c000
62042 bae98000
62043 bae94000
62044 bae90000
62045 bae8c000
62046 bae88000
62047 bae84000
62048 bae80000
62049 bae7c000
62050 bae78000
62051 bae74000
62052 bae70000
62053 bae6c000
62054 bae68000
62055 bae64000
62056 bae60000
62057 bae5c000
62058 bae58000
62059 bae54000
62060 bae50000
62061 bae4c000
62062 bae48000
62063 bae44000
62064 bae40000
62065 bae3c000
62066 bae38000
62067 bae34000
62068 bae30000
62069 bae2c000
62070 bae28000
62071 bae24000
62072 bae20000
62073 bae1c000
62074 bae18000
62075 bae14000
62076 bae10000
62077 bae0c000
62078 bae08000
62079 bae04000
62080 bae00000
62081 badfc000
62082 badf8000
62083 badf4000
62084 badf0000
62085 badec000
62086 bade8000
62087 bade4000
62088 bade0000
62089 baddc000
62090 badd8000
62091 badd4000
62092 badd0000
62093 badcc000
62094 badc8000
62095 badc4000
62096 badc0000
62097 badbc000
62098 badb8000
62099 badb4000
62100 badb0000
62101 badac000
62102 bada8000
62103 bada4000
62104 bada0000
62105 bad9c000
62106 bad98000
62107 bad94000
62108 bad90000
62109 bad8c000
62110 bad88000
62111 bad84000
62112 bad80000
62113 bad7c000
62114 bad78000
62115 bad74000
62116 bad70000
62117 bad6c000
62118 bad68000
62119 bad64000
62120 bad60000
62121 bad5c000
62122 bad58000
62123 bad54000
62124 bad50000
62125 bad4c000
62126 bad48000
62127 bad44000
62128 bad40000
62129 bad3c000
62130 bad38000
62131 bad34000
62132 bad30000
62133 bad2c000
62134 bad28000
62135 bad24000
62136 bad20000
62137 bad1c000
62138 bad18000
62139 bad14000
62140 bad10000
62141 bad0c000
62142 bad08000
62143 bad04000
62144 bad00000
62145 bacfc000
62146 bacf8000
62147 bacf4000
62148 bacf0000
62149 bacec000
62150 bace8000
62151 bace4000
62152 bace0000
62153 bacdc000
62154 bacd8000
62155 bacd4000
62156 bacd0000
62157 baccc000
62158 bacc8000
62159 bacc4000
62160 bacc0000
62161 bacbc000
62162 bacb8000
62163 bacb4000
62164 bacb0000
62165 bacac000
62166 baca8000
62167 baca4000
62168 baca0000
62169 bac9c000
62170 bac98000
62171 bac94000
62172 bac90000
62173 bac8c000
62174 bac88000
62175 bac84000
62176 bac80000
62177 bac7c000
62178 bac78000
62179 bac74000
62180 bac70000
62181 bac6c000
62182 bac68000
62183 bac64000
62184 bac60000
62185 bac5c000
62186 bac58000
62187 bac54000
62188 bac50000
62189 bac4c000
62190 bac48000
62191 bac44000
62192 bac40000
62193 bac3c000
62194 bac38000
62195 bac34000
62196 bac30000
62197 bac2c000
62198 bac28000
62199 bac24000
62200 bac20000
62201 bac1c000
62202 bac18000
62203 bac14000
62204 bac10000
62205 bac0c000
62206 bac08000
62207 bac04000
62208 bac00000
62209 babfc000
62210 babf8000
62211 babf4000
62212 babf0000
62213 babec000
62214 babe8000
62215 babe4000
62216 babe0000
62217 babdc000
62218 babd8000
62219 babd4000
62220 babd0000
62221 babcc000
62222 babc8000
62223 babc4000
62224 babc0000
62225 babbc000
62226 babb8000
62227 babb4000
62228 babb0000
62229 babac000
62230 baba8000
62231 baba4000
62232 baba0000
62233 bab9c000
62234 bab98000
62235 bab94000
62236 bab90000
62237 bab8c000
62238 bab88000
62239 bab84000
62240 bab80000
62241 bab7c000
62242 bab78000
62243 bab74000
62244 bab70000
62245 bab6c000
62246 bab68000
62247 bab64000
62248 bab60000
62249 bab5c000
62250 bab58000
62251 bab54000
62252 bab50000
62253 bab4c000
62254 bab48000
62255 bab44000
62256 bab40000
62257 bab3c000
62258 bab38000
62259 bab34000
62260 bab30000
62261 bab2c000
62262 bab28000
62263 bab24000
62264 bab20000
62265 bab1c000
62266 bab18000
62267 bab14000
62268 bab10000
62269 bab0c000
62270 bab08000
62271 bab04000
62272 bab00000
62273 baafc000
62274 baaf8000
62275 baaf4000
62276 baaf0000
62277 baaec000
62278 baae8000
62279 baae4000
62280 baae0000
62281 baadc000
62282 baad8000
62283 baad4000
62284 baad0000
62285 baacc000
62286 baac8000
62287 baac4000
62288 baac0000
62289 baabc000
62290 baab8000
62291 baab4000
62292 baab0000
62293 baaac000
62294 baaa8000
62295 baaa4000
62296 baaa0000
62297 baa9c000
62298 baa98000
62299 baa94000
62300 baa90000
62301 baa8c000
62302 baa88000
62303 baa84000
62304 baa80000
62305 baa7c000
62306 baa78000
62307 baa74000
62308 baa70000
62309 baa6c000
62310 baa68000
62311 baa64000
62312 baa60000
62313 baa5c000
62314 baa58000
62315 baa54000
62316 baa50000
62317 baa4c000
62318 baa48000
62319 baa44000
62320 baa40000
62321 baa3c000
62322 baa38000
62323 baa34000
62324 baa30000
62325 baa2c000
62326 baa28000
62327 baa24000
62328 baa20000
62329 baa1c000
62330 baa18000
62331 baa14000
62332 baa10000
62333 baa0c000
62334 baa08000
62335 baa04000
62336 baa00000
62337 ba9fc000
62338 ba9f8000
62339 ba9f4000
62340 ba9f0000
62341 ba9ec000
62342 ba9e8000
62343 ba9e4000
62344 ba9e0000
62345 ba9dc000
62346 ba9d8000
62347 ba9d4000
62348 ba9d0000
62349 ba9cc000
62350 ba9c8000
62351 ba9c4000
62352 ba9c0000
62353 ba9bc000
62354 ba9b8000
62355 ba9b4000
62356 ba9b0000
62357 ba9ac000
62358 ba9a8000
62359 ba9a4000
62360 ba9a0000
62361 ba99c000
62362 ba998000
62363 ba994000
62364 ba990000
62365 ba98c000
62366 ba988000
62367 ba984000
62368 ba980000
62369 ba97c000
62370 ba978000
62371 ba974000
62372 ba970000
62373 ba96c000
62374 ba968000
62375 ba964000
62376 ba960000
62377 ba95c000
62378 ba958000
62379 ba954000
62380 ba950000
62381 ba94c000
62382 ba948000
62383 ba944000
62384 ba940000
62385 ba93c000
62386 ba938000
62387 ba934000
62388 ba930000
62389 ba92c000
62390 ba928000
62391 ba924000
62392 ba920000
62393 ba91c000
62394 ba918000
62395 ba914000
62396 ba910000
62397 ba90c000
62398 ba908000
62399 ba904000
62400 ba900000
62401 ba8fc000
62402 ba8f8000
62403 ba8f4000
62404 ba8f0000
62405 ba8ec000
62406 ba8e8000
62407 ba8e4000
62408 ba8e0000
62409 ba8dc000
62410 ba8d8000
62411 ba8d4000
62412 ba8d0000
62413 ba8cc000
62414 ba8c8000
62415 ba8c4000
62416 ba8c0000
62417 ba8bc000
62418 ba8b8000
62419 ba8b4000
62420 ba8b0000
62421 ba8ac000
62422 ba8a8000
62423 ba8a4000
62424 ba8a0000
62425 ba89c000
62426 ba898000
62427 ba894000
62428 ba890000
62429 ba88c000
62430 ba888000
62431 ba884000
62432 ba880000
62433 ba87c000
62434 ba878000
62435 ba874000
62436 ba870000
62437 ba86c000
62438 ba868000
62439 ba864000
62440 ba860000
62441 ba85c000
62442 ba858000
62443 ba854000
62444 ba850000
62445 ba84c000
62446 ba848000
62447 ba844000
62448 ba840000
62449 ba83c000
62450 ba838000
62451 ba834000
62452 ba830000
62453 ba82c000
62454 ba828000
62455 ba824000
62456 ba820000
62457 ba81c000
62458 ba818000
62459 ba814000
62460 ba810000
62461 ba80c000
62462 ba808000
62463 ba804000
62464 ba800000
62465 ba7fc000
62466 ba7f8000
62467 ba7f4000
62468 ba7f0000
62469 ba7ec000
62470 ba7e8000
62471 ba7e4000
62472 ba7e0000
62473 ba7dc000
62474 ba7d8000
62475 ba7d4000
62476 ba7d0000
62477 ba7cc000
62478 ba7c8000
62479 ba7c4000
62480 ba7c0000
62481 ba7bc000
62482 ba7b8000
62483 ba7b4000
62484 ba7b0000
62485 ba7ac000
62486 ba7a8000
62487 ba7a4000
62488 ba7a0000
62489 ba79c000
62490 ba798000
62491 ba794000
62492 ba790000
62493 ba78c000
62494 ba788000
62495 ba784000
62496 ba780000
62497 ba77c000
62498 ba778000
62499 ba774000
62500 ba770000
62501 ba76c000
62502 ba768000
62503 ba764000
62504 ba760000
62505 ba75c000
62506 ba758000
62507 ba754000
62508 ba750000
62509 ba74c000
62510 ba748000
62511 ba744000
62512 ba740000
62513 ba73c000
62514 ba738000
62515 ba734000
62516 ba730000
62517 ba72c000
62518 ba728000
62519 ba724000
62520 ba720000
62521 ba71c000
62522 ba718000
62523 ba714000
62524 ba710000
62525 ba70c000
62526 ba708000
62527 ba704000
62528 ba700000
62529 ba6fc000
62530 ba6f8000
62531 ba6f4000
62532 ba6f0000
62533 ba6ec000
62534 ba6e8000
62535 ba6e4000
62536 ba6e0000
62537 ba6dc000
62538 ba6d8000
62539 ba6d4000
62540 ba6d0000
62541 ba6cc000
62542 ba6c8000
62543 ba6c4000
62544 ba6c0000
62545 ba6bc000
62546 ba6b8000
62547 ba6b4000
62548 ba6b0000
62549 ba6ac000
62550 ba6a8000
62551 ba6a4000
62552 ba6a0000
62553 ba69c000
62554 ba698000
62555 ba694000
62556 ba690000
62557 ba68c000
62558 ba688000
62559 ba684000
62560 ba680000
62561 ba67c000
62562 ba678000
62563 ba674000
62564 ba670000
62565 ba66c000
62566 ba668000
62567 ba664000
62568 ba660000
62569 ba65c000
62570 ba658000
62571 ba654000
62572 ba650000
62573 ba64c000
62574 ba648000
62575 ba644000
62576 ba640000
62577 ba63c000
62578 ba638000
62579 ba634000
62580 ba630000
62581 ba62c000
62582 ba628000
62583 ba624000
62584 ba620000
62585 ba61c000
62586 ba618000
62587 ba614000
62588 ba610000
62589 ba60c000
62590 ba608000
62591 ba604000
62592 ba600000
62593 ba5fc000
62594 ba5f8000
62595 ba5f4000
62596 ba5f0000
62597 ba5ec000
62598 ba5e8000
62599 ba5e4000
62600 ba5e0000
62601 ba5dc000
62602 ba5d8000
62603 ba5d4000
62604 ba5d0000
62605 ba5cc000
62606 ba5c8000
62607 ba5c4000
62608 ba5c0000
62609 ba5bc000
62610 ba5b8000
62611 ba5b4000
62612 ba5b0000
62613 ba5ac000
62614 ba5a8000
62615 ba5a4000
62616 ba5a0000
62617 ba59c000
62618 ba598000
62619 ba594000
62620 ba590000
62621 ba58c000
62622 ba588000
62623 ba584000
62624 ba580000
62625 ba57c000
62626 ba578000
62627 ba574000
62628 ba570000
62629 ba56c000
62630 ba568000
62631 ba564000
62632 ba560000
62633 ba55c000
62634 ba558000
62635 ba554000
62636 ba550000
62637 ba54c000
62638 ba548000
62639 ba544000
62640 ba540000
62641 ba53c000
62642 ba538000
62643 ba534000
62644 ba530000
62645 ba52c000
62646 ba528000
62647 ba524000
62648 ba520000
62649 ba51c000
62650 ba518000
62651 ba514000
62652 ba510000
62653 ba50c000
62654 ba508000
62655 ba504000
62656 ba500000
62657 ba4fc000
62658 ba4f8000
62659 ba4f4000
62660 ba4f0000
62661 ba4ec000
62662 ba4e8000
62663 ba4e4000
62664 ba4e0000
62665 ba4dc000
62666 ba4d8000
62667 ba4d4000
62668 ba4d0000
62669 ba4cc000
62670 ba4c8000
62671 ba4c4000
62672 ba4c0000
62673 ba4bc000
62674 ba4b8000
62675 ba4b4000
62676 ba4b0000
62677 ba4ac000
62678 ba4a8000
62679 ba4a4000
62680 ba4a0000
62681 ba49c000
62682 ba498000
62683 ba494000
62684 ba490000
62685 ba48c000
62686 ba488000
62687 ba484000
62688 ba480000
62689 ba47c000
62690 ba478000
62691 ba474000
62692 ba470000
62693 ba46c000
62694 ba468000
62695 ba464000
62696 ba460000
62697 ba45c000
62698 ba458000
62699 ba454000
62700 ba450000
62701 ba44c000
62702 ba448000
62703 ba444000
62704 ba440000
62705 ba43c000
62706 ba438000
62707 ba434000
62708 ba430000
62709 ba42c000
62710 ba428000
62711 ba424000
62712 ba420000
62713 ba41c000
62714 ba418000
62715 ba414000
62716 ba410000
62717 ba40c000
62718 ba408000
62719 ba404000
62720 ba400000
62721 ba3fc000
62722 ba3f8000
62723 ba3f4000
62724 ba3f0000
62725 ba3ec000
62726 ba3e8000
62727 ba3e4000
62728 ba3e0000
62729 ba3dc000
62730 ba3d8000
62731 ba3d4000
62732 ba3d0000
62733 ba3cc000
62734 ba3c8000
62735 ba3c4000
62736 ba3c0000
62737 ba3bc000
62738 ba3b8000
62739 ba3b4000
62740 ba3b0000
62741 ba3ac000
62742 ba3a8000
62743 ba3a4000
62744 ba3a0000
62745 ba39c000
62746 ba398000
62747 ba394000
62748 ba390000
62749 ba38c000
62750 ba388000
62751 ba384000
62752 ba380000
62753 ba37c000
62754 ba378000
62755 ba374000
62756 ba370000
62757 ba36c000
62758 ba368000
62759 ba364000
62760 ba360000
62761 ba35c000
62762 ba358000
62763 ba354000
62764 ba350000
62765 ba34c000
62766 ba348000
62767 ba344000
62768 ba340000
62769 ba33c000
62770 ba338000
62771 ba334000
62772 ba330000
62773 ba32c000
62774 ba328000
62775 ba324000
62776 ba320000
62777 ba31c000
62778 ba318000
62779 ba314000
62780 ba310000
62781 ba30c000
62782 ba308000
62783 ba304000
62784 ba300000
62785 ba2fc000
62786 ba2f8000
62787 ba2f4000
62788 ba2f0000
62789 ba2ec000
62790 ba2e8000
62791 ba2e4000
62792 ba2e0000
62793 ba2dc000
62794 ba2d8000
62795 ba2d4000
62796 ba2d0000
62797 ba2cc000
62798 ba2c8000
62799 ba2c4000
62800 ba2c0000
62801 ba2bc000
62802 ba2b8000
62803 ba2b4000
62804 ba2b0000
62805 ba2ac000
62806 ba2a8000
62807 ba2a4000
62808 ba2a0000
62809 ba29c000
62810 ba298000
62811 ba294000
62812 ba290000
62813 ba28c000
62814 ba288000
62815 ba284000
62816 ba280000
62817 ba27c000
62818 ba278000
62819 ba274000
62820 ba270000
62821 ba26c000
62822 ba268000
62823 ba264000
62824 ba260000
62825 ba25c000
62826 ba258000
62827 ba254000
62828 ba250000
62829 ba24c000
62830 ba248000
62831 ba244000
62832 ba240000
62833 ba23c000
62834 ba238000
62835 ba234000
62836 ba230000
62837 ba22c000
62838 ba228000
62839 ba224000
62840 ba220000
62841 ba21c000
62842 ba218000
62843 ba214000
62844 ba210000
62845 ba20c000
62846 ba208000
62847 ba204000
62848 ba200000
62849 ba1fc000
62850 ba1f8000
62851 ba1f4000
62852 ba1f0000
62853 ba1ec000
62854 ba1e8000
62855 ba1e4000
62856 ba1e0000
62857 ba1dc000
62858 ba1d8000
62859 ba1d4000
62860 ba1d0000
62861 ba1cc000
62862 ba1c8000
62863 ba1c4000
62864 ba1c0000
62865 ba1bc000
62866 ba1b8000
62867 ba1b4000
62868 ba1b0000
62869 ba1ac000
62870 ba1a8000
62871 ba1a4000
62872 ba1a0000
62873 ba19c000
62874 ba198000
62875 ba194000
62876 ba190000
62877 ba18c000
62878 ba188000
62879 ba184000
62880 ba180000
62881 ba17c000
62882 ba178000
62883 ba174000
62884 ba170000
62885 ba16c000
62886 ba168000
62887 ba164000
62888 ba160000
62889 ba15c000
62890 ba158000
62891 ba154000
62892 ba150000
62893 ba14c000
62894 ba148000
62895 ba144000
62896 ba140000
62897 ba13c000
62898 ba138000
62899 ba134000
62900 ba130000
62901 ba12c000
62902 ba128000
62903 ba124000
62904 ba120000
62905 ba11c000
62906 ba118000
62907 ba114000
62908 ba110000
62909 ba10c000
62910 ba108000
62911 ba104000
62912 ba100000
62913 ba0fc000
62914 ba0f8000
62915 ba0f4000
62916 ba0f0000
62917 ba0ec000
62918 ba0e8000
62919 ba0e4000
62920 ba0e0000
62921 ba0dc000
62922 ba0d8000
62923 ba0d4000
62924 ba0d0000
62925 ba0cc000
62926 ba0c8000
62927 ba0c4000
62928 ba0c0000
62929 ba0bc000
62930 ba0b8000
62931 ba0b4000
62932 ba0b0000
62933 ba0ac000
62934 ba0a8000
62935 ba0a4000
62936 ba0a0000
62937 ba09c000
62938 ba098000
62939 ba094000
62940 ba090000
62941 ba08c000
62942 ba088000
62943 ba084000
62944 ba080000
62945 ba07c000
62946 ba078000
62947 ba074000
62948 ba070000
62949 ba06c000
62950 ba068000
62951 ba064000
62952 ba060000
62953 ba05c000
62954 ba058000
62955 ba054000
62956 ba050000
62957 ba04c000
62958 ba048000
62959 ba044000
62960 ba040000
62961 ba03c000
62962 ba038000
62963 ba034000
62964 ba030000
62965 ba02c000
62966 ba028000
62967 ba024000
62968 ba020000
62969 ba01c000
62970 ba018000
62971 ba014000
62972 ba010000
62973 ba00c000
62974 ba008000
62975 ba004000
62976 ba000000
62977 b9ffc000
62978 b9ff8000
62979 b9ff4000
62980 b9ff0000
62981 b9fec000
62982 b9fe8000
62983 b9fe4000
62984 b9fe0000
62985 b9fdc000
62986 b9fd8000
62987 b9fd4000
62988 b9fd0000
62989 b9fcc000
62990 b9fc8000
62991 b9fc4000
62992 b9fc0000
62993 b9fbc000
62994 b9fb8000
62995 b9fb4000
62996 b9fb0000
62997 b9fac000
62998 b9fa8000
62999 b9fa4000
63000 b9fa0000
63001 b9f9c000
63002 b9f98000
63003 b9f94000
63004 b9f90000
63005 b9f8c000
63006 b9f88000
63007 b9f84000
63008 b9f80000
63009 b9f7c000
63010 b9f78000
63011 b9f74000
63012 b9f70000
63013 b9f6c000
63014 b9f68000
63015 b9f64000
63016 b9f60000
63017 b9f5c000
63018 b9f58000
63019 b9f54000
63020 b9f50000
63021 b9f4c000
63022 b9f48000
63023 b9f44000
63024 b9f40000
63025 b9f3c000
63026 b9f38000
63027 b9f34000
63028 b9f30000
63029 b9f2c000
63030 b9f28000
63031 b9f24000
63032 b9f20000
63033 b9f1c000
63034 b9f18000
63035 b9f14000
63036 b9f10000
63037 b9f0c000
63038 b9f08000
63039 b9f04000
63040 b9f00000
63041 b9efc000
63042 b9ef8000
63043 b9ef4000
63044 b9ef0000
63045 b9eec000
63046 b9ee8000
63047 b9ee4000
63048 b9ee0000
63049 b9edc000
63050 b9ed8000
63051 b9ed4000
63052 b9ed0000
63053 b9ecc000
63054 b9ec8000
63055 b9ec4000
63056 b9ec0000
63057 b9ebc000
63058 b9eb8000
63059 b9eb4000
63060 b9eb0000
63061 b9eac000
63062 b9ea8000
63063 b9ea4000
63064 b9ea0000
63065 b9e9c000
63066 b9e98000
63067 b9e94000
63068 b9e90000
63069 b9e8c000
63070 b9e88000
63071 b9e84000
63072 b9e80000
63073 b9e7c000
63074 b9e78000
63075 b9e74000
63076 b9e70000
63077 b9e6c000
63078 b9e68000
63079 b9e64000
63080 b9e60000
63081 b9e5c000
63082 b9e58000
63083 b9e54000
63084 b9e50000
63085 b9e4c000
63086 b9e48000
63087 b9e44000
63088 b9e40000
63089 b9e3c000
63090 b9e38000
63091 b9e34000
63092 b9e30000
63093 b9e2c000
63094 b9e28000
63095 b9e24000
63096 b9e20000
63097 b9e1c000
63098 b9e18000
63099 b9e14000
63100 b9e10000
63101 b9e0c000
63102 b9e08000
63103 b9e04000
63104 b9e00000
63105 b9dfc000
63106 b9df8000
63107 b9df4000
63108 b9df0000
63109 b9dec000
63110 b9de8000
63111 b9de4000
63112 b9de0000
63113 b9ddc000
63114 b9dd8000
63115 b9dd4000
63116 b9dd0000
63117 b9dcc000
63118 b9dc8000
63119 b9dc4000
63120 b9dc0000
63121 b9dbc000
63122 b9db8000
63123 b9db4000
63124 b9db0000
63125 b9dac000
63126 b9da8000
63127 b9da4000
63128 b9da0000
63129 b9d9c000
63130 b9d98000
63131 b9d94000
63132 b9d90000
63133 b9d8c000
63134 b9d88000
63135 b9d84000
63136 b9d80000
63137 b9d7c000
63138 b9d78000
63139 b9d74000
63140 b9d70000
63141 b9d6c000
63142 b9d68000
63143 b9d64000
63144 b9d60000
63145 b9d5c000
63146 b9d58000
63147 b9d54000
63148 b9d50000
63149 b9d4c000
63150 b9d48000
63151 b9d44000
63152 b9d40000
63153 b9d3c000
63154 b9d38000
63155 b9d34000
63156 b9d30000
63157 b9d2c000
63158 b9d28000
63159 b9d24000
63160 b9d20000
63161 b9d1c000
63162 b9d18000
63163 b9d14000
63164 b9d10000
63165 b9d0c000
63166 b9d08000
63167 b9d04000
63168 b9d00000
63169 b9cfc000
63170 b9cf8000
63171 b9cf4000
63172 b9cf0000
63173 b9cec000
63174 b9ce8000
63175 b9ce4000
63176 b9ce0000
63177 b9cdc000
63178 b9cd8000
63179 b9cd4000
63180 b9cd0000
63181 b9ccc000
63182 b9cc8000
63183 b9cc4000
63184 b9cc0000
63185 b9cbc000
63186 b9cb8000
63187 b9cb4000
63188 b9cb0000
63189 b9cac000
63190 b9ca8000
63191 b9ca4000
63192 b9ca0000
63193 b9c9c000
63194 b9c98000
63195 b9c94000
63196 b9c90000
63197 b9c8c000
63198 b9c88000
63199 b9c84000
63200 b9c80000
63201 b9c7c000
63202 b9c78000
63203 b9c74000
63204 b9c70000
63205 b9c6c000
63206 b9c68000
63207 b9c64000
63208 b9c60000
63209 b9c5c000
63210 b9c58000
63211 b9c54000
63212 b9c50000
63213 b9c4c000
63214 b9c48000
63215 b9c44000
63216 b9c40000
63217 b9c3c000
63218 b9c38000
63219 b9c34000
63220 b9c30000
63221 b9c2c000
63222 b9c28000
63223 b9c24000
63224 b9c20000
63225 b9c1c000
63226 b9c18000
63227 b9c14000
63228 b9c10000
63229 b9c0c000
63230 b9c08000
63231 b9c04000
63232 b9c00000
63233 b9bfc000
63234 b9bf8000
63235 b9bf4000
63236 b9bf0000
63237 b9bec000
63238 b9be8000
63239 b9be4000
63240 b9be0000
63241 b9bdc000
63242 b9bd8000
63243 b9bd4000
63244 b9bd0000
63245 b9bcc000
63246 b9bc8000
63247 b9bc4000
63248 b9bc0000
63249 b9bbc000
63250 b9bb8000
63251 b9bb4000
63252 b9bb0000
63253 b9bac000
63254 b9ba8000
63255 b9ba4000
63256 b9ba0000
63257 b9b9c000
63258 b9b98000
63259 b9b94000
63260 b9b90000
63261 b9b8c000
63262 b9b88000
63263 b9b84000
63264 b9b80000
63265 b9b7c000
63266 b9b78000
63267 b9b74000
63268 b9b70000
63269 b9b6c000
63270 b9b68000
63271 b9b64000
63272 b9b60000
63273 b9b5c000
63274 b9b58000
63275 b9b54000
63276 b9b50000
63277 b9b4c000
63278 b9b48000
63279 b9b44000
63280 b9b40000
63281 b9b3c000
63282 b9b38000
63283 b9b34000
63284 b9b30000
63285 b9b2c000
63286 b9b28000
63287 b9b24000
63288 b9b20000
63289 b9b1c000
63290 b9b18000
63291 b9b14000
63292 b9b10000
63293 b9b0c000
63294 b9b08000
63295 b9b04000
63296 b9b00000
63297 b9afc000
63298 b9af8000
63299 b9af4000
63300 b9af0000
63301 b9aec000
63302 b9ae8000
63303 b9ae4000
63304 b9ae0000
63305 b9adc000
63306 b9ad8000
63307 b9ad4000
63308 b9ad0000
63309 b9acc000
63310 b9ac8000
63311 b9ac4000
63312 b9ac0000
63313 b9abc000
63314 b9ab8000
63315 b9ab4000
63316 b9ab0000
63317 b9aac000
63318 b9aa8000
63319 b9aa4000
63320 b9aa0000
63321 b9a9c000
63322 b9a98000
63323 b9a94000
63324 b9a90000
63325 b9a8c000
63326 b9a88000
63327 b9a84000
63328 b9a80000
63329 b9a7c000
63330 b9a78000
63331 b9a74000
63332 b9a70000
63333 b9a6c000
63334 b9a68000
63335 b9a64000
63336 b9a60000
63337 b9a5c000
63338 b9a58000
63339 b9a54000
63340 b9a50000
63341 b9a4c000
63342 b9a48000
63343 b9a44000
63344 b9a40000
63345 b9a3c000
63346 b9a38000
63347 b9a34000
63348 b9a30000
63349 b9a2c000
63350 b9a28000
63351 b9a24000
63352 b9a20000
63353 b9a1c000
63354 b9a18000
63355 b9a14000
63356 b9a10000
63357 b9a0c000
63358 b9a08000
63359 b9a04000
63360 b9a00000
63361 b99fc000
63362 b99f8000
63363 b99f4000
63364 b99f0000
63365 b99ec000
63366 b99e8000
63367 b99e4000
63368 b99e0000
63369 b99dc000
63370 b99d8000
63371 b99d4000
63372 b99d0000
63373 b99cc000
63374 b99c8000
63375 b99c4000
63376 b99c0000
63377 b99bc000
63378 b99b8000
63379 b99b4000
63380 b99b0000
63381 b99ac000
63382 b99a8000
63383 b99a4000
63384 b99a0000
63385 b999c000
63386 b9998000
63387 b9994000
63388 b9990000
63389 b998c000
63390 b9988000
63391 b9984000
63392 b9980000
63393 b997c000
63394 b9978000
63395 b9974000
63396 b9970000
63397 b996c000
63398 b9968000
63399 b9964000
63400 b9960000
63401 b995c000
63402 b9958000
63403 b9954000
63404 b9950000
63405 b994c000
63406 b9948000
63407 b9944000
63408 b9940000
63409 b993c000
63410 b9938000
63411 b9934000
63412 b9930000
63413 b992c000
63414 b9928000
63415 b9924000
63416 b9920000
63417 b991c000
63418 b9918000
63419 b9914000
63420 b9910000
63421 b990c000
63422 b9908000
63423 b9904000
63424 b9900000
63425 b98fc000
63426 b98f8000
63427 b98f4000
63428 b98f0000
63429 b98ec000
63430 b98e8000
63431 b98e4000
63432 b98e0000
63433 b98dc000
63434 b98d8000
63435 b98d4000
63436 b98d0000
63437 b98cc000
63438 b98c8000
63439 b98c4000
63440 b98c0000
63441 b98bc000
63442 b98b8000
63443 b98b4000
63444 b98b0000
63445 b98ac000
63446 b98a8000
63447 b98a4000
63448 b98a0000
63449 b989c000
63450 b9898000
63451 b9894000
63452 b9890000
63453 b988c000
63454 b9888000
63455 b9884000
63456 b9880000
63457 b987c000
63458 b9878000
63459 b9874000
63460 b9870000
63461 b986c000
63462 b9868000
63463 b9864000
63464 b9860000
63465 b985c000
63466 b9858000
63467 b9854000
63468 b9850000
63469 b984c000
63470 b9848000
63471 b9844000
63472 b9840000
63473 b983c000
63474 b9838000
63475 b9834000
63476 b9830000
63477 b982c000
63478 b9828000
63479 b9824000
63480 b9820000
63481 b981c000
63482 b9818000
63483 b9814000
63484 b9810000
63485 b980c000
63486 b9808000
63487 b9804000
63488 b9800000
63489 b97f8000
63490 b97f0000
63491 b97e8000
63492 b97e0000
63493 b97d8000
63494 b97d0000
63495 b97c8000
63496 b97c0000
63497 b97b8000
63498 b97b0000
63499 b97a8000
63500 b97a0000
63501 b9798000
63502 b9790000
63503 b9788000
63504 b9780000
63505 b9778000
63506 b9770000
63507 b9768000
63508 b9760000
63509 b9758000
63510 b9750000
63511 b9748000
63512 b9740000
63513 b9738000
63514 b9730000
63515 b9728000
63516 b9720000
63517 b9718000
63518 b9710000
63519 b9708000
63520 b9700000
63521 b96f8000
63522 b96f0000
63523 b96e8000
63524 b96e0000
63525 b96d8000
63526 b96d0000
63527 b96c8000
63528 b96c0000
63529 b96b8000
63530 b96b0000
63531 b96a8000
63532 b96a0000
63533 b9698000
63534 b9690000
63535 b9688000
63536 b9680000
63537 b9678000
63538 b9670000
63539 b9668000
63540 b9660000
63541 b9658000
63542 b9650000
63543 b9648000
63544 b9640000
63545 b9638000
63546 b9630000
63547 b9628000
63548 b9620000
63549 b9618000
63550 b9610000
63551 b9608000
63552 b9600000
63553 b95f8000
63554 b95f0000
63555 b95e8000
63556 b95e0000
63557 b95d8000
63558 b95d0000
63559 b95c8000
63560 b95c0000
63561 b95b8000
63562 b95b0000
63563 b95a8000
63564 b95a0000
63565 b9598000
63566 b9590000
63567 b9588000
63568 b9580000
63569 b9578000
63570 b9570000
63571 b9568000
63572 b9560000
63573 b9558000
63574 b9550000
63575 b9548000
63576 b9540000
63577 b9538000
63578 b9530000
63579 b9528000
63580 b9520000
63581 b9518000
63582 b9510000
63583 b9508000
63584 b9500000
63585 b94f8000
63586 b94f0000
63587 b94e8000
63588 b94e0000
63589 b94d8000
63590 b94d0000
63591 b94c8000
63592 b94c0000
63593 b94b8000
63594 b94b0000
63595 b94a8000
63596 b94a0000
63597 b9498000
63598 b9490000
63599 b9488000
63600 b9480000
63601 b9478000
63602 b9470000
63603 b9468000
63604 b9460000
63605 b9458000
63606 b9450000
63607 b9448000
63608 b9440000
63609 b9438000
63610 b9430000
63611 b9428000
63612 b9420000
63613 b9418000
63614 b9410000
63615 b9408000
63616 b9400000
63617 b93f8000
63618 b93f0000
63619 b93e8000
63620 b93e0000
63621 b93d8000
63622 b93d0000
63623 b93c8000
63624 b93c0000
63625 b93b8000
63626 b93b0000
63627 b93a8000
63628 b93a0000
63629 b9398000
63630 b9390000
63631 b9388000
63632 b9380000
63633 b9378000
63634 b9370000
63635 b9368000
63636 b9360000
63637 b9358000
63638 b9350000
63639 b9348000
63640 b9340000
63641 b9338000
63642 b9330000
63643 b9328000
63644 b9320000
63645 b9318000
63646 b9310000
63647 b9308000
63648 b9300000
63649 b92f8000
63650 b92f0000
63651 b92e8000
63652 b92e0000
63653 b92d8000
63654 b92d0000
63655 b92c8000
63656 b92c0000
63657 b92b8000
63658 b92b0000
63659 b92a8000
63660 b92a0000
63661 b9298000
63662 b9290000
63663 b9288000
63664 b9280000
63665 b9278000
63666 b9270000
63667 b9268000
63668 b9260000
63669 b9258000
63670 b9250000
63671 b9248000
63672 b9240000
63673 b9238000
63674 b9230000
63675 b9228000
63676 b9220000
63677 b9218000
63678 b9210000
63679 b9208000
63680 b9200000
63681 b91f8000
63682 b91f0000
63683 b91e8000
63684 b91e0000
63685 b91d8000
63686 b91d0000
63687 b91c8000
63688 b91c0000
63689 b91b8000
63690 b91b0000
63691 b91a8000
63692 b91a0000
63693 b9198000
63694 b9190000
63695 b9188000
63696 b9180000
63697 b9178000
63698 b9170000
63699 b9168000
63700 b9160000
63701 b9158000
63702 b9150000
63703 b9148000
63704 b9140000
63705 b9138000
63706 b9130000
63707 b9128000
63708 b9120000
63709 b9118000
63710 b9110000
63711 b9108000
63712 b9100000
63713 b90f8000
63714 b90f0000
63715 b90e8000
63716 b90e0000
63717 b90d8000
63718 b90d0000
63719 b90c8000
63720 b90c0000
63721 b90b8000
63722 b90b0000
63723 b90a8000
63724 b90a0000
63725 b9098000
63726 b9090000
63727 b9088000
63728 b9080000
63729 b9078000
63730 b9070000
63731 b9068000
63732 b9060000
63733 b9058000
63734 b9050000
63735 b9048000
63736 b9040000
63737 b9038000
63738 b9030000
63739 b9028000
63740 b9020000
63741 b9018000
63742 b9010000
63743 b9008000
63744 b9000000
63745 b8ff8000
63746 b8ff0000
63747 b8fe8000
63748 b8fe0000
63749 b8fd8000
63750 b8fd0000
63751 b8fc8000
63752 b8fc0000
63753 b8fb8000
63754 b8fb0000
63755 b8fa8000
63756 b8fa0000
63757 b8f98000
63758 b8f90000
63759 b8f88000
63760 b8f80000
63761 b8f78000
63762 b8f70000
63763 b8f68000
63764 b8f60000
63765 b8f58000
63766 b8f50000
63767 b8f48000
63768 b8f40000
63769 b8f38000
63770 b8f30000
63771 b8f28000
63772 b8f20000
63773 b8f18000
63774 b8f10000
63775 b8f08000
63776 b8f00000
63777 b8ef8000
63778 b8ef0000
63779 b8ee8000
63780 b8ee0000
63781 b8ed8000
63782 b8ed0000
63783 b8ec8000
63784 b8ec0000
63785 b8eb8000
63786 b8eb0000
63787 b8ea8000
63788 b8ea0000
63789 b8e98000
63790 b8e90000
63791 b8e88000
63792 b8e80000
63793 b8e78000
63794 b8e70000
63795 b8e68000
63796 b8e60000
63797 b8e58000
63798 b8e50000
63799 b8e48000
63800 b8e40000
63801 b8e38000
63802 b8e30000
63803 b8e28000
63804 b8e20000
63805 b8e18000
63806 b8e10000
63807 b8e08000
63808 b8e00000
63809 b8df8000
63810 b8df0000
63811 b8de8000
63812 b8de0000
63813 b8dd8000
63814 b8dd0000
63815 b8dc8000
63816 b8dc0000
63817 b8db8000
63818 b8db0000
63819 b8da8000
63820 b8da0000
63821 b8d98000
63822 b8d90000
63823 b8d88000
63824 b8d80000
63825 b8d78000
63826 b8d70000
63827 b8d68000
63828 b8d60000
63829 b8d58000
63830 b8d50000
63831 b8d48000
63832 b8d40000
63833 b8d38000
63834 b8d30000
63835 b8d28000
63836 b8d20000
63837 b8d18000
63838 b8d10000
63839 b8d08000
63840 b8d00000
63841 b8cf8000
63842 b8cf0000
63843 b8ce8000
63844 b8ce0000
63845 b8cd8000
63846 b8cd0000
63847 b8cc8000
63848 b8cc0000
63849 b8cb8000
63850 b8cb0000
63851 b8ca8000
63852 b8ca0000
63853 b8c98000
63854 b8c90000
63855 b8c88000
63856 b8c80000
63857 b8c78000
63858 b8c70000
63859 b8c68000
63860 b8c60000
63861 b8c58000
63862 b8c50000
63863 b8c48000
63864 b8c40000
63865 b8c38000
63866 b8c30000
63867 b8c28000
63868 b8c20000
63869 b8c18000
63870 b8c10000
63871 b8c08000
63872 b8c00000
63873 b8bf8000
63874 b8bf0000
63875 b8be8000
63876 b8be0000
63877 b8bd8000
63878 b8bd0000
63879 b8bc8000
63880 b8bc0000
63881 b8bb8000
63882 b8bb0000
63883 b8ba8000
63884 b8ba0000
63885 b8b98000
63886 b8b90000
63887 b8b88000
63888 b8b80000
63889 b8b78000
63890 b8b70000
63891 b8b68000
63892 b8b60000
63893 b8b58000
63894 b8b50000
63895 b8b48000
63896 b8b40000
63897 b8b38000
63898 b8b30000
63899 b8b28000
63900 b8b20000
63901 b8b18000
63902 b8b10000
63903 b8b08000
63904 b8b00000
63905 b8af8000
63906 b8af0000
63907 b8ae8000
63908 b8ae0000
63909 b8ad8000
63910 b8ad0000
63911 b8ac8000
63912 b8ac0000
63913 b8ab8000
63914 b8ab0000
63915 b8aa8000
63916 b8aa0000
63917 b8a98000
63918 b8a90000
63919 b8a88000
63920 b8a80000
63921 b8a78000
63922 b8a70000
63923 b8a68000
63924 b8a60000
63925 b8a58000
63926 b8a50000
63927 b8a48000
63928 b8a40000
63929 b8a38000
63930 b8a30000
63931 b8a28000
63932 b8a20000
63933 b8a18000
63934 b8a10000
63935 b8a08000
63936 b8a00000
63937 b89f8000
63938 b89f0000
63939 b89e8000
63940 b89e0000
63941 b89d8000
63942 b89d0000
63943 b89c8000
63944 b89c0000
63945 b89b8000
63946 b89b0000
63947 b89a8000
63948 b89a0000
63949 b8998000
63950 b8990000
63951 b8988000
63952 b8980000
63953 b8978000
63954 b8970000
63955 b8968000
63956 b8960000
63957 b8958000
63958 b8950000
63959 b8948000
63960 b8940000
63961 b8938000
63962 b8930000
63963 b8928000
63964 b8920000
63965 b8918000
63966 b8910000
63967 b8908000
63968 b8900000
63969 b88f8000
63970 b88f0000
63971 b88e8000
63972 b88e0000
63973 b88d8000
63974 b88d0000
63975 b88c8000
63976 b88c0000
63977 b88b8000
63978 b88b0000
63979 b88a8000
63980 b88a0000
63981 b8898000
63982 b8890000
63983 b8888000
63984 b8880000
63985 b8878000
63986 b8870000
63987 b8868000
63988 b8860000
63989 b8858000
63990 b8850000
63991 b8848000
63992 b8840000
63993 b8838000
63994 b8830000
63995 b8828000
63996 b8820000
63997 b8818000
63998 b8810000
63999 b8808000
64000 b8800000
64001 b87f8000
64002 b87f0000
64003 b87e8000
64004 b87e0000
64005 b87d8000
64006 b87d0000
64007 b87c8000
64008 b87c0000
64009 b87b8000
64010 b87b0000
64011 b87a8000
64012 b87a0000
64013 b8798000
64014 b8790000
64015 b8788000
64016 b8780000
64017 b8778000
64018 b8770000
64019 b8768000
64020 b8760000
64021 b8758000
64022 b8750000
64023 b8748000
64024 b8740000
64025 b8738000
64026 b8730000
64027 b8728000
64028 b8720000
64029 b8718000
64030 b8710000
64031 b8708000
64032 b8700000
64033 b86f8000
64034 b86f0000
64035 b86e8000
64036 b86e0000
64037 b86d8000
64038 b86d0000
64039 b86c8000
64040 b86c0000
64041 b86b8000
64042 b86b0000
64043 b86a8000
64044 b86a0000
64045 b8698000
64046 b8690000
64047 b8688000
64048 b8680000
64049 b8678000
64050 b8670000
64051 b8668000
64052 b8660000
64053 b8658000
64054 b8650000
64055 b8648000
64056 b8640000
64057 b8638000
64058 b8630000
64059 b8628000
64060 b8620000
64061 b8618000
64062 b8610000
64063 b8608000
64064 b8600000
64065 b85f8000
64066 b85f0000
64067 b85e8000
64068 b85e0000
64069 b85d8000
64070 b85d0000
64071 b85c8000
64072 b85c0000
64073 b85b8000
64074 b85b0000
64075 b85a8000
64076 b85a0000
64077 b8598000
64078 b8590000
64079 b8588000
64080 b8580000
64081 b8578000
64082 b8570000
64083 b8568000
64084 b8560000
64085 b8558000
64086 b8550000
64087 b8548000
64088 b8540000
64089 b8538000
64090 b8530000
64091 b8528000
64092 b8520000
64093 b8518000
64094 b8510000
64095 b8508000
64096 b8500000
64097 b84f8000
64098 b84f0000
64099 b84e8000
64100 b84e0000
64101 b84d8000
64102 b84d0000
64103 b84c8000
64104 b84c0000
64105 b84b8000
64106 b84b0000
64107 b84a8000
64108 b84a0000
64109 b8498000
64110 b8490000
64111 b8488000
64112 b8480000
64113 b8478000
64114 b8470000
64115 b8468000
64116 b8460000
64117 b8458000
64118 b8450000
64119 b8448000
64120 b8440000
64121 b8438000
64122 b8430000
64123 b8428000
64124 b8420000
64125 b8418000
64126 b8410000
64127 b8408000
64128 b8400000
64129 b83f8000
64130 b83f0000
64131 b83e8000
64132 b83e0000
64133 b83d8000
64134 b83d0000
64135 b83c8000
64136 b83c0000
64137 b83b8000
64138 b83b0000
64139 b83a8000
64140 b83a0000
64141 b8398000
64142 b8390000
64143 b8388000
64144 b8380000
64145 b8378000
64146 b8370000
64147 b8368000
64148 b8360000
64149 b8358000
64150 b8350000
64151 b8348000
64152 b8340000
64153 b8338000
64154 b8330000
64155 b8328000
64156 b8320000
64157 b8318000
64158 b8310000
64159 b8308000
64160 b8300000
64161 b82f8000
64162 b82f0000
64163 b82e8000
64164 b82e0000
64165 b82d8000
64166 b82d0000
64167 b82c8000
64168 b82c0000
64169 b82b8000
64170 b82b0000
64171 b82a8000
64172 b82a0000
64173 b8298000
64174 b8290000
64175 b8288000
64176 b8280000
64177 b8278000
64178 b8270000
64179 b8268000
64180 b8260000
64181 b8258000
64182 b8250000
64183 b8248000
64184 b8240000
64185 b8238000
64186 b8230000
64187 b8228000
64188 b8220000
64189 b8218000
64190 b8210000
64191 b8208000
64192 b8200000
64193 b81f8000
64194 b81f0000
64195 b81e8000
64196 b81e0000
64197 b81d8000
64198 b81d0000
64199 b81c8000
64200 b81c0000
64201 b81b8000
64202 b81b0000
64203 b81a8000
64204 b81a0000
64205 b8198000
64206 b8190000
64207 b8188000
64208 b8180000
64209 b8178000
64210 b8170000
64211 b8168000
64212 b8160000
64213 b8158000
64214 b8150000
64215 b8148000
64216 b8140000
64217 b8138000
64218 b8130000
64219 b8128000
64220 b8120000
64221 b8118000
64222 b8110000
64223 b8108000
64224 b8100000
64225 b80f8000
64226 b80f0000
64227 b80e8000
64228 b80e0000
64229 b80d8000
64230 b80d0000
64231 b80c8000
64232 b80c0000
64233 b80b8000
64234 b80b0000
64235 b80a8000
64236 b80a0000
64237 b8098000
64238 b8090000
64239 b8088000
64240 b8080000
64241 b8078000
64242 b8070000
64243 b8068000
64244 b8060000
64245 b8058000
64246 b8050000
64247 b8048000
64248 b8040000
64249 b8038000
64250 b8030000
64251 b8028000
64252 b8020000
64253 b8018000
64254 b8010000
64255 b8008000
64256 b8000000
64257 b7ff8000
64258 b7ff0000
64259 b7fe8000
64260 b7fe0000
64261 b7fd8000
64262 b7fd0000
64263 b7fc8000
64264 b7fc0000
64265 b7fb8000
64266 b7fb0000
64267 b7fa8000
64268 b7fa0000
64269 b7f98000
64270 b7f90000
64271 b7f88000
64272 b7f80000
64273 b7f78000
64274 b7f70000
64275 b7f68000
64276 b7f60000
64277 b7f58000
64278 b7f50000
64279 b7f48000
64280 b7f40000
64281 b7f38000
64282 b7f30000
64283 b7f28000
64284 b7f20000
64285 b7f18000
64286 b7f10000
64287 b7f08000
64288 b7f00000
64289 b7ef8000
64290 b7ef0000
64291 b7ee8000
64292 b7ee0000
64293 b7ed8000
64294 b7ed0000
64295 b7ec8000
64296 b7ec0000
64297 b7eb8000
64298 b7eb0000
64299 b7ea8000
64300 b7ea0000
64301 b7e98000
64302 b7e90000
64303 b7e88000
64304 b7e80000
64305 b7e78000
64306 b7e70000
64307 b7e68000
64308 b7e60000
64309 b7e58000
64310 b7e50000
64311 b7e48000
64312 b7e40000
64313 b7e38000
64314 b7e30000
64315 b7e28000
64316 b7e20000
64317 b7e18000
64318 b7e10000
64319 b7e08000
64320 b7e00000
64321 b7df8000
64322 b7df0000
64323 b7de8000
64324 b7de0000
64325 b7dd8000
64326 b7dd0000
64327 b7dc8000
64328 b7dc0000
64329 b7db8000
64330 b7db0000
64331 b7da8000
64332 b7da0000
64333 b7d98000
64334 b7d90000
64335 b7d88000
64336 b7d80000
64337 b7d78000
64338 b7d70000
64339 b7d68000
64340 b7d60000
64341 b7d58000
64342 b7d50000
64343 b7d48000
64344 b7d40000
64345 b7d38000
64346 b7d30000
64347 b7d28000
64348 b7d20000
64349 b7d18000
64350 b7d10000
64351 b7d08000
64352 b7d00000
64353 b7cf8000
64354 b7cf0000
64355 b7ce8000
64356 b7ce0000
64357 b7cd8000
64358 b7cd0000
64359 b7cc8000
64360 b7cc0000
64361 b7cb8000
64362 b7cb0000
64363 b7ca8000
64364 b7ca0000
64365 b7c98000
64366 b7c90000
64367 b7c88000
64368 b7c80000
64369 b7c78000
64370 b7c70000
64371 b7c68000
64372 b7c60000
64373 b7c58000
64374 b7c50000
64375 b7c48000
64376 b7c40000
64377 b7c38000
64378 b7c30000
64379 b7c28000
64380 b7c20000
64381 b7c18000
64382 b7c10000
64383 b7c08000
64384 b7c00000
64385 b7bf8000
64386 b7bf0000
64387 b7be8000
64388 b7be0000
64389 b7bd8000
64390 b7bd0000
64391 b7bc8000
64392 b7bc0000
64393 b7bb8000
64394 b7bb0000
64395 b7ba8000
64396 b7ba0000
64397 b7b98000
64398 b7b90000
64399 b7b88000
64400 b7b80000
64401 b7b78000
64402 b7b70000
64403 b7b68000
64404 b7b60000
64405 b7b58000
64406 b7b50000
64407 b7b48000
64408 b7b40000
64409 b7b38000
64410 b7b30000
64411 b7b28000
64412 b7b20000
64413 b7b18000
64414 b7b10000
64415 b7b08000
64416 b7b00000
64417 b7af8000
64418 b7af0000
64419 b7ae8000
64420 b7ae0000
64421 b7ad8000
64422 b7ad0000
64423 b7ac8000
64424 b7ac0000
64425 b7ab8000
64426 b7ab0000
64427 b7aa8000
64428 b7aa0000
64429 b7a98000
64430 b7a90000
64431 b7a88000
64432 b7a80000
64433 b7a78000
64434 b7a70000
64435 b7a68000
64436 b7a60000
64437 b7a58000
64438 b7a50000
64439 b7a48000
64440 b7a40000
64441 b7a38000
64442 b7a30000
64443 b7a28000
64444 b7a20000
64445 b7a18000
64446 b7a10000
64447 b7a08000
64448 b7a00000
64449 b79f8000
64450 b79f0000
64451 b79e8000
64452 b79e0000
64453 b79d8000
64454 b79d0000
64455 b79c8000
64456 b79c0000
64457 b79b8000
64458 b79b0000
64459 b79a8000
64460 b79a0000
64461 b7998000
64462 b7990000
64463 b7988000
64464 b7980000
64465 b7978000
64466 b7970000
64467 b7968000
64468 b7960000
64469 b7958000
64470 b7950000
64471 b7948000
64472 b7940000
64473 b7938000
64474 b7930000
64475 b7928000
64476 b7920000
64477 b7918000
64478 b7910000
64479 b7908000
64480 b7900000
64481 b78f8000
64482 b78f0000
64483 b78e8000
64484 b78e0000
64485 b78d8000
64486 b78d0000
64487 b78c8000
64488 b78c0000
64489 b78b8000
64490 b78b0000
64491 b78a8000
64492 b78a0000
64493 b7898000
64494 b7890000
64495 b7888000
64496 b7880000
64497 b7878000
64498 b7870000
64499 b7868000
64500 b7860000
64501 b7858000
64502 b7850000
64503 b7848000
64504 b7840000
64505 b7838000
64506 b7830000
64507 b7828000
64508 b7820000
64509 b7818000
64510 b7810000
64511 b7808000
64512 b7800000
64513 b77f0000
64514 b77e0000
64515 b77d0000
64516 b77c0000
64517 b77b0000
64518 b77a0000
64519 b7790000
64520 b7780000
64521 b7770000
64522 b7760000
64523 b7750000
64524 b7740000
64525 b7730000
64526 b7720000
64527 b7710000
64528 b7700000
64529 b76f0000
64530 b76e0000
64531 b76d0000
64532 b76c0000
64533 b76b0000
64534 b76a0000
64535 b7690000
64536 b7680000
64537 b7670000
64538 b7660000
64539 b7650000
64540 b7640000
64541 b7630000
64542 b7620000
64543 b7610000
64544 b7600000
64545 b75f0000
64546 b75e0000
64547 b75d0000
64548 b75c0000
64549 b75b0000
64550 b75a0000
64551 b7590000
64552 b7580000
64553 b7570000
64554 b7560000
64555 b7550000
64556 b7540000
64557 b7530000
64558 b7520000
64559 b7510000
64560 b7500000
64561 b74f0000
64562 b74e0000
64563 b74d0000
64564 b74c0000
64565 b74b0000
64566 b74a0000
64567 b7490000
64568 b7480000
64569 b7470000
64570 b7460000
64571 b7450000
64572 b7440000
64573 b7430000
64574 b7420000
64575 b7410000
64576 b7400000
64577 b73f0000
64578 b73e0000
64579 b73d0000
64580 b73c0000
64581 b73b0000
64582 b73a0000
64583 b7390000
64584 b7380000
64585 b7370000
64586 b7360000
64587 b7350000
64588 b7340000
64589 b7330000
64590 b7320000
64591 b7310000
64592 b7300000
64593 b72f0000
64594 b72e0000
64595 b72d0000
64596 b72c0000
64597 b72b0000
64598 b72a0000
64599 b7290000
64600 b7280000
64601 b7270000
64602 b7260000
64603 b7250000
64604 b7240000
64605 b7230000
64606 b7220000
64607 b7210000
64608 b7200000
64609 b71f0000
64610 b71e0000
64611 b71d0000
64612 b71c0000
64613 b71b0000
64614 b71a0000
64615 b7190000
64616 b7180000
64617 b7170000
64618 b7160000
64619 b7150000
64620 b7140000
64621 b7130000
64622 b7120000
64623 b7110000
64624 b7100000
64625 b70f0000
64626 b70e0000
64627 b70d0000
64628 b70c0000
64629 b70b0000
64630 b70a0000
64631 b7090000
64632 b7080000
64633 b7070000
64634 b7060000
64635 b7050000
64636 b7040000
64637 b7030000
64638 b7020000
64639 b7010000
64640 b7000000
64641 b6ff0000
64642 b6fe0000
64643 b6fd0000
64644 b6fc0000
64645 b6fb0000
64646 b6fa0000
64647 b6f90000
64648 b6f80000
64649 b6f70000
64650 b6f60000
64651 b6f50000
64652 b6f40000
64653 b6f30000
64654 b6f20000
64655 b6f10000
64656 b6f00000
64657 b6ef0000
64658 b6ee0000
64659 b6ed0000
64660 b6ec0000
64661 b6eb0000
64662 b6ea0000
64663 b6e90000
64664 b6e80000
64665 b6e70000
64666 b6e60000
64667 b6e50000
64668 b6e40000
64669 b6e30000
64670 b6e20000
64671 b6e10000
64672 b6e00000
64673 b6df0000
64674 b6de0000
64675 b6dd0000
64676 b6dc0000
64677 b6db0000
64678 b6da0000
64679 b6d90000
64680 b6d80000
64681 b6d70000
64682 b6d60000
64683 b6d50000
64684 b6d40000
64685 b6d30000
64686 b6d20000
64687 b6d10000
64688 b6d00000
64689 b6cf0000
64690 b6ce0000
64691 b6cd0000
64692 b6cc0000
64693 b6cb0000
64694 b6ca0000
64695 b6c90000
64696 b6c80000
64697 b6c70000
64698 b6c60000
64699 b6c50000
64700 b6c40000
64701 b6c30000
64702 b6c20000
64703 b6c10000
64704 b6c00000
64705 b6bf0000
64706 b6be0000
64707 b6bd0000
64708 b6bc0000
64709 b6bb0000
64710 b6ba0000
64711 b6b90000
64712 b6b80000
64713 b6b70000
64714 b6b60000
64715 b6b50000
64716 b6b40000
64717 b6b30000
64718 b6b20000
64719 b6b10000
64720 b6b00000
64721 b6af0000
64722 b6ae0000
64723 b6ad0000
64724 b6ac0000
64725 b6ab0000
64726 b6aa0000
64727 b6a90000
64728 b6a80000
64729 b6a70000
64730 b6a60000
64731 b6a50000
64732 b6a40000
64733 b6a30000
64734 b6a20000
64735 b6a10000
64736 b6a00000
64737 b69f0000
64738 b69e0000
64739 b69d0000
64740 b69c0000
64741 b69b0000
64742 b69a0000
64743 b6990000
64744 b6980000
64745 b6970000
64746 b6960000
64747 b6950000
64748 b6940000
64749 b6930000
64750 b6920000
64751 b6910000
64752 b6900000
64753 b68f0000
64754 b68e0000
64755 b68d0000
64756 b68c0000
64757 b68b0000
64758 b68a0000
64759 b6890000
64760 b6880000
64761 b6870000
64762 b6860000
64763 b6850000
64764 b6840000
64765 b6830000
64766 b6820000
64767 b6810000
64768 b6800000
64769 b67f0000
64770 b67e0000
64771 b67d0000
64772 b67c0000
64773 b67b0000
64774 b67a0000
64775 b6790000
64776 b6780000
64777 b6770000
64778 b6760000
64779 b6750000
64780 b6740000
64781 b6730000
64782 b6720000
64783 b6710000
64784 b6700000
64785 b66f0000
64786 b66e0000
64787 b66d0000
64788 b66c0000
64789 b66b0000
64790 b66a0000
64791 b6690000
64792 b6680000
64793 b6670000
64794 b6660000
64795 b6650000
64796 b6640000
64797 b6630000
64798 b6620000
64799 b6610000
64800 b6600000
64801 b65f0000
64802 b65e0000
64803 b65d0000
64804 b65c0000
64805 b65b0000
64806 b65a0000
64807 b6590000
64808 b6580000
64809 b6570000
64810 b6560000
64811 b6550000
64812 b6540000
64813 b6530000
64814 b6520000
64815 b6510000
64816 b6500000
64817 b64f0000
64818 b64e0000
64819 b64d0000
64820 b64c0000
64821 b64b0000
64822 b64a0000
64823 b6490000
64824 b6480000
64825 b6470000
64826 b6460000
64827 b6450000
64828 b6440000
64829 b6430000
64830 b6420000
64831 b6410000
64832 b6400000
64833 b63f0000
64834 b63e0000
64835 b63d0000
64836 b63c0000
64837 b63b0000
64838 b63a0000
64839 b6390000
64840 b6380000
64841 b6370000
64842 b6360000
64843 b6350000
64844 b6340000
64845 b6330000
64846 b6320000
64847 b6310000
64848 b6300000
64849 b62f0000
64850 b62e0000
64851 b62d0000
64852 b62c0000
64853 b62b0000
64854 b62a0000
64855 b6290000
64856 b6280000
64857 b6270000
64858 b6260000
64859 b6250000
64860 b6240000
64861 b6230000
64862 b6220000
64863 b6210000
64864 b6200000
64865 b61f0000
64866 b61e0000
64867 b61d0000
64868 b61c0000
64869 b61b0000
64870 b61a0000
64871 b6190000
64872 b6180000
64873 b6170000
64874 b6160000
64875 b6150000
64876 b6140000
64877 b6130000
64878 b6120000
64879 b6110000
64880 b6100000
64881 b60f0000
64882 b60e0000
64883 b60d0000
64884 b60c0000
64885 b60b0000
64886 b60a0000
64887 b6090000
64888 b6080000
64889 b6070000
64890 b6060000
64891 b6050000
64892 b6040000
64893 b6030000
64894 b6020000
64895 b6010000
64896 b6000000
64897 b5ff0000
64898 b5fe0000
64899 b5fd0000
64900 b5fc0000
64901 b5fb0000
64902 b5fa0000
64903 b5f90000
64904 b5f80000
64905 b5f70000
64906 b5f60000
64907 b5f50000
64908 b5f40000
64909 b5f30000
64910 b5f20000
64911 b5f10000
64912 b5f00000
64913 b5ef0000
64914 b5ee0000
64915 b5ed0000
64916 b5ec0000
64917 b5eb0000
64918 b5ea0000
64919 b5e90000
64920 b5e80000
64921 b5e70000
64922 b5e60000
64923 b5e50000
64924 b5e40000
64925 b5e30000
64926 b5e20000
64927 b5e10000
64928 b5e00000
64929 b5df0000
64930 b5de0000
64931 b5dd0000
64932 b5dc0000
64933 b5db0000
64934 b5da0000
64935 b5d90000
64936 b5d80000
64937 b5d70000
64938 b5d60000
64939 b5d50000
64940 b5d40000
64941 b5d30000
64942 b5d20000
64943 b5d10000
64944 b5d00000
64945 b5cf0000
64946 b5ce0000
64947 b5cd0000
64948 b5cc0000
64949 b5cb0000
64950 b5ca0000
64951 b5c90000
64952 b5c80000
64953 b5c70000
64954 b5c60000
64955 b5c50000
64956 b5c40000
64957 b5c30000
64958 b5c20000
64959 b5c10000
64960 b5c00000
64961 b5bf0000
64962 b5be0000
64963 b5bd0000
64964 b5bc0000
64965 b5bb0000
64966 b5ba0000
64967 b5b90000
64968 b5b80000
64969 b5b70000
64970 b5b60000
64971 b5b50000
64972 b5b40000
64973 b5b30000
64974 b5b20000
64975 b5b10000
64976 b5b00000
64977 b5af0000
64978 b5ae0000
64979 b5ad0000
64980 b5ac0000
64981 b5ab0000
64982 b5aa0000
64983 b5a90000
64984 b5a80000
64985 b5a70000
64986 b5a60000
64987 b5a50000
64988 b5a40000
64989 b5a30000
64990 b5a20000
64991 b5a10000
64992 b5a00000
64993 b59f0000
64994 b59e0000
64995 b59d0000
64996 b59c0000
64997 b59b0000
64998 b59a0000
64999 b5990000
65000 b5980000
65001 b5970000
65002 b5960000
65003 b5950000
65004 b5940000
65005 b5930000
65006 b5920000
65007 b5910000
65008 b5900000
65009 b58f0000
65010 b58e0000
65011 b58d0000
65012 b58c0000
65013 b58b0000
65014 b58a0000
65015 b5890000
65016 b5880000
65017 b5870000
65018 b5860000
65019 b5850000
65020 b5840000
65021 b5830000
65022 b5820000
65023 b5810000
65024 b5800000
65025 b57e0000
65026 b57c0000
65027 b57a0000
65028 b5780000
65029 b5760000
65030 b5740000
65031 b5720000
65032 b5700000
65033 b56e0000
65034 b56c0000
65035 b56a0000
65036 b5680000
65037 b5660000
65038 b5640000
65039 b5620000
65040 b5600000
65041 b55e0000
65042 b55c0000
65043 b55a0000
65044 b5580000
65045 b5560000
65046 b5540000
65047 b5520000
65048 b5500000
65049 b54e0000
65050 b54c0000
65051 b54a0000
65052 b5480000
65053 b5460000
65054 b5440000
65055 b5420000
65056 b5400000
65057 b53e0000
65058 b53c0000
65059 b53a0000
65060 b5380000
65061 b5360000
65062 b5340000
65063 b5320000
65064 b5300000
65065 b52e0000
65066 b52c0000
65067 b52a0000
65068 b5280000
65069 b5260000
65070 b5240000
65071 b5220000
65072 b5200000
65073 b51e0000
65074 b51c0000
65075 b51a0000
65076 b5180000
65077 b5160000
65078 b5140000
65079 b5120000
65080 b5100000
65081 b50e0000
65082 b50c0000
65083 b50a0000
65084 b5080000
65085 b5060000
65086 b5040000
65087 b5020000
65088 b5000000
65089 b4fe0000
65090 b4fc0000
65091 b4fa0000
65092 b4f80000
65093 b4f60000
65094 b4f40000
65095 b4f20000
65096 b4f00000
65097 b4ee0000
65098 b4ec0000
65099 b4ea0000
65100 b4e80000
65101 b4e60000
65102 b4e40000
65103 b4e20000
65104 b4e00000
65105 b4de0000
65106 b4dc0000
65107 b4da0000
65108 b4d80000
65109 b4d60000
65110 b4d40000
65111 b4d20000
65112 b4d00000
65113 b4ce0000
65114 b4cc0000
65115 b4ca0000
65116 b4c80000
65117 b4c60000
65118 b4c40000
65119 b4c20000
65120 b4c00000
65121 b4be0000
65122 b4bc0000
65123 b4ba0000
65124 b4b80000
65125 b4b60000
65126 b4b40000
65127 b4b20000
65128 b4b00000
65129 b4ae0000
65130 b4ac0000
65131 b4aa0000
65132 b4a80000
65133 b4a60000
65134 b4a40000
65135 b4a20000
65136 b4a00000
65137 b49e0000
65138 b49c0000
65139 b49a0000
65140 b4980000
65141 b4960000
65142 b4940000
65143 b4920000
65144 b4900000
65145 b48e0000
65146 b48c0000
65147 b48a0000
65148 b4880000
65149 b4860000
65150 b4840000
65151 b4820000
65152 b4800000
65153 b47e0000
65154 b47c0000
65155 b47a0000
65156 b4780000
65157 b4760000
65158 b4740000
65159 b4720000
65160 b4700000
65161 b46e0000
65162 b46c0000
65163 b46a0000
65164 b4680000
65165 b4660000
65166 b4640000
65167 b4620000
65168 b4600000
65169 b45e0000
65170 b45c0000
65171 b45a0000
65172 b4580000
65173 b4560000
65174 b4540000
65175 b4520000
65176 b4500000
65177 b44e0000
65178 b44c0000
65179 b44a0000
65180 b4480000
65181 b4460000
65182 b4440000
65183 b4420000
65184 b4400000
65185 b43e0000
65186 b43c0000
65187 b43a0000
65188 b4380000
65189 b4360000
65190 b4340000
65191 b4320000
65192 b4300000
65193 b42e0000
65194 b42c0000
65195 b42a0000
65196 b4280000
65197 b4260000
65198 b4240000
65199 b4220000
65200 b4200000
65201 b41e0000
65202 b41c0000
65203 b41a0000
65204 b4180000
65205 b4160000
65206 b4140000
65207 b4120000
65208 b4100000
65209 b40e0000
65210 b40c0000
65211 b40a0000
65212 b4080000
65213 b4060000
65214 b4040000
65215 b4020000
65216 b4000000
65217 b3fe0000
65218 b3fc0000
65219 b3fa0000
65220 b3f80000
65221 b3f60000
65222 b3f40000
65223 b3f20000
65224 b3f00000
65225 b3ee0000
65226 b3ec0000
65227 b3ea0000
65228 b3e80000
65229 b3e60000
65230 b3e40000
65231 b3e20000
65232 b3e00000
65233 b3de0000
65234 b3dc0000
65235 b3da0000
65236 b3d80000
65237 b3d60000
65238 b3d40000
65239 b3d20000
65240 b3d00000
65241 b3ce0000
65242 b3cc0000
65243 b3ca0000
65244 b3c80000
65245 b3c60000
65246 b3c40000
65247 b3c20000
65248 b3c00000
65249 b3be0000
65250 b3bc0000
65251 b3ba0000
65252 b3b80000
65253 b3b60000
65254 b3b40000
65255 b3b20000
65256 b3b00000
65257 b3ae0000
65258 b3ac0000
65259 b3aa0000
65260 b3a80000
65261 b3a60000
65262 b3a40000
65263 b3a20000
65264 b3a00000
65265 b39e0000
65266 b39c0000
65267 b39a0000
65268 b3980000
65269 b3960000
65270 b3940000
65271 b3920000
65272 b3900000
65273 b38e0000
65274 b38c0000
65275 b38a0000
65276 b3880000
65277 b3860000
65278 b3840000
65279 b3820000
65280 b3800000
65281 b37c0000
65282 b3780000
65283 b3740000
65284 b3700000
65285 b36c0000
65286 b3680000
65287 b3640000
65288 b3600000
65289 b35c0000
65290 b3580000
65291 b3540000
65292 b3500000
65293 b34c0000
65294 b3480000
65295 b3440000
65296 b3400000
65297 b33c0000
65298 b3380000
65299 b3340000
65300 b3300000
65301 b32c0000
65302 b3280000
65303 b3240000
65304 b3200000
65305 b31c0000
65306 b3180000
65307 b3140000
65308 b3100000
65309 b30c0000
65310 b3080000
65311 b3040000
65312 b3000000
65313 b2fc0000
65314 b2f80000
65315 b2f40000
65316 b2f00000
65317 b2ec0000
65318 b2e80000
65319 b2e40000
65320 b2e00000
65321 b2dc0000
65322 b2d80000
65323 b2d40000
65324 b2d00000
65325 b2cc0000
65326 b2c80000
65327 b2c40000
65328 b2c00000
65329 b2bc0000
65330 b2b80000
65331 b2b40000
65332 b2b00000
65333 b2ac0000
65334 b2a80000
65335 b2a40000
65336 b2a00000
65337 b29c0000
65338 b2980000
65339 b2940000
65340 b2900000
65341 b28c0000
65342 b2880000
65343 b2840000
65344 b2800000
65345 b27c0000
65346 b2780000
65347 b2740000
65348 b2700000
65349 b26c0000
65350 b2680000
65351 b2640000
65352 b2600000
65353 b25c0000
65354 b2580000
65355 b2540000
65356 b2500000
65357 b24c0000
65358 b2480000
65359 b2440000
65360 b2400000
65361 b23c0000
65362 b2380000
65363 b2340000
65364 b2300000
65365 b22c0000
65366 b2280000
65367 b2240000
65368 b2200000
65369 b21c0000
65370 b2180000
65371 b2140000
65372 b2100000
65373 b20c0000
65374 b2080000
65375 b2040000
65376 b2000000
65377 b1fc0000
65378 b1f80000
65379 b1f40000
65380 b1f00000
65381 b1ec0000
65382 b1e80000
65383 b1e40000
65384 b1e00000
65385 b1dc0000
65386 b1d80000
65387 b1d40000
65388 b1d00000
65389 b1cc0000
65390 b1c80000
65391 b1c40000
65392 b1c00000
65393 b1bc0000
65394 b1b80000
65395 b1b40000
65396 b1b00000
65397 b1ac0000
65398 b1a80000
65399 b1a40000
65400 b1a00000
65401 b19c0000
65402 b1980000
65403 b1940000
65404 b1900000
65405 b18c0000
65406 b1880000
65407 b1840000
65408 b1800000
65409 b1780000
65410 b1700000
65411 b1680000
65412 b1600000
65413 b1580000
65414 b1500000
65415 b1480000
65416 b1400000
65417 b1380000
65418 b1300000
65419 b1280000
65420 b1200000
65421 b1180000
65422 b1100000
65423 b1080000
65424 b1000000
65425 b0f80000
65426 b0f00000
65427 b0e80000
65428 b0e00000
65429 b0d80000
65430 b0d00000
65431 b0c80000
65432 b0c00000
65433 b0b80000
65434 b0b00000
65435 b0a80000
65436 b0a00000
65437 b0980000
65438 b0900000
65439 b0880000
65440 b0800000
65441 b0780000
65442 b0700000
65443 b0680000
65444 b0600000
65445 b0580000
65446 b0500000
65447 b0480000
65448 b0400000
65449 b0380000
65450 b0300000
65451 b0280000
65452 b0200000
65453 b0180000
65454 b0100000
65455 b0080000
65456 b0000000
65457 aff80000
65458 aff00000
65459 afe80000
65460 afe00000
65461 afd80000
65462 afd00000
65463 afc80000
65464 afc00000
65465 afb80000
65466 afb00000
65467 afa80000
65468 afa00000
65469 af980000
65470 af900000
65471 af880000
65472 af800000
65473 af700000
65474 af600000
65475 af500000
65476 af400000
65477 af300000
65478 af200000
65479 af100000
65480 af000000
65481 aef00000
65482 aee00000
65483 aed00000
65484 aec00000
65485 aeb00000
65486 aea00000
65487 ae900000
65488 ae800000
65489 ae700000
65490 ae600000
65491 ae500000
65492 ae400000
65493 ae300000
65494 ae200000
65495 ae100000
65496 ae000000
65497 adf00000
65498 ade00000
65499 add00000
65500 adc00000
65501 adb00000
65502 ada00000
65503 ad900000
65504 ad800000
65505 ad600000
65506 ad400000
65507 ad200000
65508 ad000000
65509 ace00000
65510 acc00000
65511 aca00000
65512 ac800000
65513 ac600000
65514 ac400000
65515 ac200000
65516 ac000000
65517 abe00000
65518 abc00000
65519 aba00000
65520 ab800000
65521 ab400000
65522 ab000000
65523 aac00000
65524 aa800000
65525 aa400000
65526 aa000000
65527 a9c00000
65528 a9800000
65529 a9000000
65530 a8800000
65531 a8000000
65532 a7800000
65533 a6800000
65534 a5800000
65535 a4800000
tb_posit16.v:11: $finish called at 131072000 (1ps)
