format,accuracy,loss,bytes_per_weight
f32,0.0910,0.147073,4.0
GF16,0.0910,0.146370,2.0
FP16,0.0850,0.100000,2.0
BF16,0.0910,0.146399,2.0
Ternary,0.0850,0.100000,0.1
