format,accuracy,loss,bytes_per_weight
f32,0.0910,0.147073,4.000
GF16,0.0910,0.146370,2.000
FP16,0.0850,0.100000,2.000
BF16,0.0910,0.146399,2.000
Ternary,0.0850,0.100000,0.125
