00000000
00000000
00000000
00000000
00000000
00000000
00000000
00000000
00000000
00000000
00000000
00000000
00000000
00000000
00000000
00000000
00000000
00000000
00000000
00000000
00000000
00000000
00000000
00000000
00000000
00000000
00000000
00000000
00000000
00000000
00000000
00000000
00000000
00000000
00000000
00000000
00000000
00000000
00000000
00000000
00000000
00000000
00000000
00000000
00000000
00000000
00000000
00000000
00000000
00000000
00000000
00000000
00000000
00000000
00000000
00000000
00000000
00000000
00000000
00000000
00000000
00000000
00000000
00000000
00000000
00000000
00000000
00000000
00000000
00000000
00000000
00000000
00000000
00000000
00000000
00000000
00000000
00000000
00000000
00000000
00000000
00000000
00000000
00000000
00000000
00000000
00000000
00000000
00000000
00000000
00000000
00000000
00000000
00000000
00000000
00000000
00000000
00000000
00000000
00000000
00000000
00000000
00000000
00000000
00000000
00000000
00000000
00000000
00000000
00000000
00000000
00000000
00000000
00000000
00000000
00000000
00000000
00000000
00000000
00000000
00000000
00000000
00000000
00000000
00000000
00000000
00000000
00000000
00000000
00000000
00000000
00000000
00000000
00000000
00000000
00000000
00000000
00000000
00000000
00000000
00000000
00000000
00000000
00000000
00000000
00000000
00000000
00000000
00000000
00000000
00000000
00000000
00000000
00000000
00000000
00000000
00000000
00000000
00000000
00000000
00000000
00000000
00000000
00000000
00000000
00000000
00000000
00000000
00000000
00000000
00000000
00000000
00000000
00000000
00000000
00000000
00000000
00000000
00000000
00000000
00000000
00000000
00000000
00000000
00000000
00000000
00000000
00000000
00000000
00000000
00000000
00000000
00000000
00000000
00000000
00000000
00000000
00000000
00000000
00000000
00000000
00000000
00000000
00000000
00000000
00000000
00000000
00000000
00000000
00000000
00000000
00000000
00000000
00000000
00000000
00000000
00000000
00000000
00000000
00000000
00000000
00000000
00000000
00000000
00000000
00000000
00000000
00000000
00000000
00000000
00000000
00000000
00000000
00000000
00000000
00000000
00000000
00000000
00000000
00000000
00000000
00000000
00000000
00000000
00000000
00000000
00000000
00000000
00000000
00000000
00000000
00000000
00000000
00000000
00000000
00000000
00000000
00000000
00000000
00000000
00000000
00000000
00000000
00000000
00000000
00000000
00000000
00000000
00000000
00000000
00000000
00000000
00000000
00000000
00000000
00000000
00000000
00000000
00000000
00000000
00000000
00000000
00000000
00000000
00000000
00000000
00000000
00000000
00000000
00000000
00000000
00000000
00000000
00000000
00000000
00000000
00000000
00000000
00000000
00000000
00000000
00000000
00000000
00000000
00000000
00000000
00000000
00000000
00000000
00000000
00000000
00000000
00000000
00000000
00000000
00000000
00000000
00000000
00000000
00000000
00000000
00000000
00000000
00000000
00000000
00000000
00000000
00000000
00000000
00000000
00000000
00000000
00000000
00000000
00000000
00000000
00000000
00000000
00000000
00000000
00000000
00000000
00000000
00000000
00000000
00000000
00000000
00000000
00000000
00000000
00000000
00000000
00000000
00000000
00000000
00000000
00000000
00000000
00000000
00000000
00000000
00000000
00000000
00000000
00000000
00000000
00000000
00000000
00000000
00000000
00000000
00000000
00000000
00000000
00000000
00000000
00000000
00000000
00000000
00000000
00000000
00000000
00000000
00000000
00000000
00000000
00000000
00000000
00000000
00000000
00000000
00000000
00000000
00000000
00000000
00000000
00000000
00000000
00000000
00000000
00000000
00000000
00000000
00000000
00000000
00000000
00000000
00000000
00000000
00000000
00000000
00000000
00000000
00000000
00000000
00000000
00000000
00000000
00000000
00000000
00000000
00000000
00000000
00000000
00000000
00000000
00000000
00000000
00000000
00000000
00000000
00000000
00000000
00000000
00000000
00000000
00000000
00000000
00000000
00000000
00000000
00000000
00000000
00000000
00000000
00000000
00000000
00000000
00000000
00000000
00000000
00000000
00000000
00000000
00000000
00000000
00000000
00000000
00000000
00000000
00000000
00000000
00000000
00000000
00000000
00000000
00000000
00000000
00000000
00000000
00000000
00000000
00000000
00000000
00000000
00000000
00000000
00000000
00000000
00000000
00000000
00000000
00000000
00000000
00000000
00000000
00000000
00000000
00000000
00000000
00000000
00000000
00000000
00000000
00000000
00000000
00000000
00000000
00000000
00000000
00000000
00000000
00000000
00000000
00000000
00000000
00000000
00000000
00000000
00000000
00000000
00000000
00000000
00000000
00000000
00000000
00000000
00000000
00000000
00000000
00000000
00000000
00000000
00000000
00000000
00000000
00000000
00000000
00000000
00000000
00000000
00000000
00000000
00000000
00000000
00000000
00000000
00000000
00000000
00000000
00000000
00000000
00000000
00000000
00000000
00000000
00000000
00000000
00000000
00000000
00000000
00000000
00000000
00000000
00000000
00000000
00000000
00000000
00000000
00000000
00000000
00000000
00000000
00000000
00000000
00000000
00000000
00000000
00000000
00000000
00000000
00000000
00000000
00000000
00000000
00000000
00000000
00000000
00000000
00000000
00000000
00000000
00000000
00000000
00000000
00000000
00000000
00000000
00000000
00000000
00000000
00000000
00000000
00000000
00000000
00000000
00000000
00000000
00000000
00000000
00000000
00000000
00000000
00000000
00000000
00000000
00000000
00000000
00000000
00000000
00000000
00000000
00000000
00000000
00000000
00000000
00000000
00000000
00000000
00000000
00000000
00000000
00000000
00000000
00000000
00000000
00000000
00000000
00000000
00000000
00000000
00000000
00000000
00000000
00000000
00000000
00000000
00000000
00000000
00000000
00000000
00000000
00000000
00000000
00000000
00000000
00000000
00000000
00000000
00000000
00000000
00000000
00000000
00000000
00000000
00000000
00000000
00000000
00000000
00000000
00000000
00000000
00000000
00000000
00000000
00000000
00000000
00000000
00000000
00000000
00000000
00000000
00000000
00000000
00000000
00000000
00000000
00000000
00000000
00000000
00000000
00000000
00000000
00000000
00000000
00000000
00000000
00000000
00000000
00000000
00000000
00000000
00000000
00000000
00000000
00000000
00000000
00000000
00000000
00000000
00000000
00000000
00000000
00000000
00000000
00000000
00000000
00000000
00000000
00000000
00000000
00000000
00000000
00000000
00000000
00000000
00000000
00000000
00000000
00000000
00000000
00000000
00000000
00000000
00000000
00000000
00000000
00000000
00000000
00000000
00000000
00000000
00000000
00000000
00000000
00000000
00000000
00000000
00000000
00000000
00000000
00000000
00000000
00000000
00000000
00000000
00000000
00000000
00000000
00000000
00000000
00000000
00000000
00000001
00000001
00000001
00000001
00000001
00000001
00000001
00000001
00000001
00000001
00000001
00000001
00000001
00000001
00000001
00000001
00000001
00000001
00000001
00000001
00000001
00000001
00000001
00000001
00000001
00000001
00000001
00000001
00000001
00000001
00000001
00000001
00000001
00000001
00000001
00000001
00000002
00000002
00000002
00000002
00000002
00000002
00000002
00000002
00000002
00000002
00000002
00000002
00000002
00000002
00000002
00000002
00000003
00000003
00000003
00000003
00000003
00000003
00000003
00000003
00000003
00000003
00000003
00000004
00000004
00000004
00000004
00000004
00000004
00000004
00000004
00000005
00000005
00000005
00000005
00000005
00000005
00000006
00000006
00000006
00000006
00000006
00000007
00000007
00000007
00000007
00000007
00000008
00000008
00000008
00000008
00000009
00000009
00000009
00000009
0000000a
0000000a
0000000a
0000000b
0000000b
0000000b
0000000c
0000000c
0000000d
0000000d
0000000d
0000000e
0000000e
0000000f
0000000f
00000010
00000010
00000011
00000011
00000012
00000012
00000013
00000013
00000014
00000015
00000015
00000016
00000017
00000017
00000018
00000019
0000001a
0000001b
0000001b
0000001c
0000001d
0000001e
0000001f
00000020
00000021
00000022
00000023
00000024
00000025
00000027
00000028
00000029
0000002a
0000002c
0000002d
0000002f
00000030
00000032
00000033
00000035
00000036
00000038
0000003a
0000003c
0000003e
00000040
00000042
00000044
00000046
00000048
0000004a
0000004d
0000004f
00000052
00000054
00000057
0000005a
0000005d
00000060
00000063
00000066
00000069
0000006c
00000070
00000073
00000077
0000007b
0000007f
00000083
00000087
0000008b
00000090
00000094
00000099
0000009e
000000a3
000000a8
000000ad
000000b3
000000b8
000000be
000000c4
000000ca
000000d1
000000d7
000000de
000000e5
000000ed
000000f4
000000fc
00000104
0000010c
00000115
0000011d
00000126
00000130
00000139
00000143
0000014e
00000158
00000163
0000016e
0000017a
00000186
00000192
0000019f
000001ac
000001ba
000001c8
000001d7
000001e6
000001f5
00000205
00000215
00000226
00000238
0000024a
0000025c
0000026f
00000283
00000298
000002ad
000002c2
000002d9
000002f0
00000308
00000320
0000033a
00000354
0000036f
0000038b
000003a8
000003c6
000003e4
00000404
00000424
00000446
00000469
0000048d
000004b2
000004d8
000004ff
00000528
00000552
0000057d
000005a9
000005d7
00000607
00000638
0000066a
0000069f
000006d4
0000070c
00000745
00000780
000007bd
000007fc
0000083d
00000880
000008c5
0000090c
00000956
000009a2
000009f0
00000a41
00000a94
00000aea
00000b43
00000b9e
00000bfc
00000c5e
00000cc2
00000d2a
00000d95
00000e03
00000e75
00000eeb
00000f64
00000fe1
00001062
000010e7
00001171
000011fe
00001291
00001327
000013c3
00001464
00001509
000015b4
00001665
0000171b
000017d6
00001898
00001960
00001a2e
00001b03
00001bde
00001cc1
00001dab
00001e9c
00001f94
00002095
0000219e
000022af
000023c9
000024ec
00002618
0000274d
0000288c
000029d6
00002b2a
00002c89
00002df3
00002f68
000030e9
00003277
00003411
000035b8
0000376c
0000392f
00003aff
00003cdf
00003ece
000040cc
000042da
000044fa
0000472a
0000496d
00004bc1
00004e29
000050a4
00005333
000055d7
00005891
00005b61
00005e47
00006145
0000645c
0000678b
00006ad5
00006e39
000071b9
00007555
0000790e
00007ce6
000080dd
000084f4
0000892d
00008d87
00009205
000096a8
00009b70
0000a05f
0000a577
0000aab7
0000b023
0000b5ba
0000bb7f
0000c172
0000c796
0000cdec
0000d476
0000db34
0000e22a
0000e957
0000f0c0
0000f864
00010046
00010869
000110ce
00011977
00012266
00012b9e
00013521
00013ef1
00014910
00015382
00015e49
00016968
000174e1
000180b7
00018ced
00019987
0001a687
0001b3f0
0001c1c7
0001d00e
0001dec9
0001edfc
0001fdaa
00020dd8
00021e89
00022fc2
00024187
000253dc
000266c6
00027a4a
00028e6c
0002a332
0002b8a1
0002cebe
0002e58f
0002fd19
00031562
00032e71
0003484b
000362f8
00037e7d
00039ae2
0003b82e
0003d667
0003f597
000415c3
000436f6
00045936
00047c8c
0004a101
0004c69f
0004ed6e
00051579
00053ec9
00056969
00059564
0005c2c3
0005f194
000621e0
000653b6
00068720
0006bc2c
0006f2e7
00072b5f
000765a2
0007a1be
0007dfc3
00081fc0
000861c4
0008a5e2
0008ec28
000934aa
00097f79
0009cca8
000a1c4a
000a6e73
000ac338
000b1aae
000b74eb
000bd204
000c3213
000c952e
000cfb6e
000d64ed
000dd1c6
000e4213
000eb5f0
000f2d7c
000fa8d2
00102813
0010ab5e
001132d4
0011be97
00124ec9
0012e390
00137d0f
00141b6e
0014bed3
00156769
00161558
0016c8cd
001781f4
001840fc
00190614
0019d16e
001aa33c
001b7bb3
001c5b09
001d4177
001e2f34
001f247e
00202191
002126ad
00223412
00234a04
002468ca
002590a9
0026c1ed
0027fce2
002941d6
002a911b
002beb04
002d4fe8
002ec021
00303c0a
0031c402
0033586b
0034f9ab
0036a829
00386452
003a2e94
003c0762
003def32
003fe67e
0041edc4
00440586
00462e4a
0048689a
004ab504
004d141c
004f8679
00520cb8
0054a77b
00575768
005a1d2c
005cf977
005fed01
0062f887
00661ccc
00695a98
006cb2bc
0070260c
0073b567
007761b0
007b2bd2
007f14bf
00831d72
008746ee
008b923c
0090006f
009492a2
009949fc
009e27a8
00a32ce0
00a85ae3
00adb2fe
00b33687
00b8e6de
00bec570
00c4d3b4
00cb132e
00d1856f
00d82c11
00df08c0
00e61d32
00ed6b2c
00f4f483
00fcbb18
0102606e
010683ea
010ac907
010f30d7
0113bc74
01186d00
011d43a9
012241a4
01276830
012cb896
0132342c
0137dc50
013db26c
0143b7f5
0149ee6e
01505763
0156f46f
015dc739
0164d176
016c14e9
01739362
017b4ec1
0181a47b
0185c1ff
018a00f4
018e626a
0192e779
01979144
019c60f3
01a157bb
01a676da
01abbf98
01b13346
01b6d342
01bca0f4
01c29dcf
01c8cb53
01cf2b0a
01d5be8d
01dc8781
01e38799
01eac093
01f2343e
01f9e478
0200e996
0205012b
02093a02
020d9527
021213b2
0216b6c3
021b7f83
02206f23
022586e0
022ac800
023033d2
0235cbb2
023b9106
02418540
0247a9db
024e0063
02548a6b
025b4997
02623f97
02696e27
0270d715
02787c39
02802fbf
0284416e
0288742e
028cc90c
0291411d
0295dd7e
029a9f58
029f87db
02a49840
02a9d1cd
02af35ce
02b4c59f
02ba82a1
02c06e45
02c68a06
02ccd76a
02d35805
02da0d77
02e0f96d
02e81da4
02ef7be2
02f71601
02feede7
030382c5
0307af78
030bfe17
03106fb6
03150573
0319c071
031ea1e0
0323aaf9
0328dcfd
032e3939
0333c105
033975c1
033f58dc
03456bcf
034bb01d
03522758
0358d31e
035fb51b
0366cf05
036e22a5
0375b1ce
037d7e65
0382c52f
0386ebdd
038b3447
038f9f7e
03942e9e
0398e2cb
039dbd31
03a2bf07
03a7e98e
03ad3e10
03b2bde2
03b86a65
03be4503
03c44f34
03ca8a7a
03d0f863
03d79a8b
03de729b
03e58249
03eccb59
03f44f9d
03fc10f5
040208aa
0406295c
040a6b99
040ed072
041358ff
04180664
041cd9cb
0421d469
0426f77e
042c4451
0431bc35
0437608a
043d32b8
04433434
0449667e
044fcb22
045663ba
045d31ed
0464376d
046b75fc
0472ef69
047aa594
04814d35
048567f4
0489a40d
048e0290
04928495
04972b3b
049bf7ad
04a0eb1e
04a606ca
04ab4bf9
04b0bbfc
04b6582f
04bc21f9
04c21acc
04c84427
04ce9f94
04d52eaa
04dbf30d
04e2ee6d
04ea228b
04f19132
04f93c3f
050092ce
0504a7a2
0508dda1
050d35d7
0511b15c
0516514e
051b16d5
05200323
05251772
052a5508
052fbd34
05355151
053b12c2
054102f9
05472372
054d75b5
0553fb57
055ab5f8
0561a748
0568d103
057034f4
0577d4f2
057fb2e8
0583e866
05881852
058c6a46
0590df54
0595789b
059a3742
059f1c76
05a42973
05a95f7b
05aebfdc
05b44bed
05ba0513
05bfecba
05c6045e
05cc4d84
05d2c9bf
05d97aad
05e061fb
05e78162
05eedaab
05f66fac
05fe424a
06032a3d
06075420
060b9fd9
06100e7b
0614a121
061958f0
061e3716
06233ccb
06286b50
062dc3f0
06334803
0638f8e8
063ed80c
0644e6e8
064b26fe
065199df
06584128
065f1e82
066633a5
066d8256
06750c69
067cd3c0
06826d27
06869109
068ad691
068f3ecf
0693cadd
06987bdf
069d5301
06a25178
06a77885
06acc970
06b2458f
06b7ee40
06bdc4ed
06c3cb0d
06ca0221
06d06bb6
06d70967
06dddcdc
06e4e7c9
06ec2bf1
06f3ab25
06fb6746
0701b121
0705cf0b
070a0e6b
070e704e
0712f5ce
0717a00d
071c7034
07216778
07268717
072bd059
07314490
0736e518
073cb35b
0742b0cc
0748dee9
074f3f40
0755d368
075c9d05
07639dcb
076ad77a
07724bdf
0779fcd9
0780f62a
07850e25
07894765
078da2f7
079221f3
0796c578
079b8eaf
07a07eca
07a59706
07aad8a9
07b04503
07b5dd6f
07bba353
07c19821
07c7bd56
07ce147b
07d49f27
07db5efc
07e255a9
07e984ed
07f0ee94
07f89477
08003c40
08044e55
0808817e
080cd6c8
08114f48
0815ec1d
081aae6e
081f976b
0824a84f
0829e25e
082f46e6
0834d741
083a94d3
0840810b
08469d64
084ceb66
08536ca3
085a22bd
08610f60
08683449
086f9340
08772e1c
087f06c6
08838f99
0887bcb4
088c0bbf
08907dce
089513fc
0899cf71
089eb15a
08a3baf0
08a8ed76
08ae4a38
08b3d28e
08b987d9
08bf6b87
08c57f11
08cbc3fc
08d23bd9
08d8e846
08dfcaee
08e6e58a
08ee39e0
08f5c9c6
08fd9720
0902d1f1
0906f906
090b41db
090fad81
09143d13
0918f1b5
091dcc94
0922cee8
0927f9ef
092d4ef6
0932cf52
09387c63
093e5793
0944625b
094a9e3c
09510cc6
0957af94
095e884f
096598ad
096ce273
09746772
097c298d
0982155a
09863673
098a791a
098ede61
0993675f
09981539
099ce918
09a1e433
09a707c8
09ac551f
09b1cd8c
09b7726e
09bd452e
09c3473f
09c97a24
09cfdf68
09d678a5
09dd4781
09e44db0
09eb8cf4
09f3071d
09fabe08
0a0159d2
0a0574f7
0a09b17b
0a0e106b
0a1292e0
0a1739fb
0a1c06e5
0a20fad1
0a2616fd
0a2b5caf
0a30cd3a
0a3669f9
0a3c3453
0a422dbc
0a4857b0
0a4eb3bc
0a554376
0a5c0882
0a630491
0a6a3962
0a71a8c3
0a795490
0a809f59
0a84b493
0a88eafb
0a8d439e
0a91bf93
0a965ff8
0a9b25f7
0aa012bf
0aa5278d
0aaa65a6
0aafce59
0ab56301
0abb2502
0ac115ce
0ac736e0
0acd89c1
0ad41005
0adacb4e
0ae1bd4c
0ae8e7ba
0af04c63
0af7ed20
0affcbda
0b03f544
0b082599
0b0c77f8
0b10ed76
0b158730
0b1a464d
0b1f2bfc
0b243977
0b297001
0b2ed0e8
0b345d84
0b3a1739
0b3fff74
0b4617b0
0b4c6173
0b52de4f
0b598fe4
0b6077df
0b6797f8
0b6ef1f8
0b7687b7
0b7e5b18
0b833709
0b876154
0b8bad78
0b901c89
0b94afa1
0b9967e6
0b9e4686
0ba34cb8
0ba87bbe
0badd4e4
0bb35980
0bb90af4
0bbeeaab
0bc4fa1e
0bcb3ad0
0bd1ae52
0bd85641
0bdf3446
0be64a1a
0bed9982
0bf52451
0bfcec6a
0c0279e0
0c069e2a
0c0ae41c
0c0f4cc8
0c13d948
0c188abf
0c1d625a
0c22614e
0c2788db
0c2cda4b
0c3256f3
0c380031
0c3dd771
0c43de27
0c4a15d6
0c50800b
0c571e62
0c5df281
0c64fe1e
0c6c42fb
0c73c2eb
0c7b7fcc
0c81bdc8
0c85dc19
0c8a1be2
0c8e7e33
0c930425
0c97aed8
0c9c7f77
0ca17738
0ca69756
0cabe11c
0cb155db
0cb6f6f0
0cbcc5c4
0cc2c3ca
0cc8f282
0ccf5378
0cd5e844
0cdcb28b
0ce3b400
0ceaee63
0cf26383
0cfa153d
0d0102bf
0d051b20
0d0954c9
0d0db0c8
0d123034
0d16d42d
0d1b9ddc
0d208e73
0d25a72e
0d2ae954
0d305635
0d35ef2d
0d3bb5a1
0d41ab04
0d47d0d2
0d4e2896
0d54b3e5
0d5b7462
0d626bbe
0d699bb5
0d710615
0d78acb7
0d8048c3
0d845b3d
0d888ecf
0d8ce485
0d915d75
0d95fabe
0d9abd85
0d9fa6fd
0da4b85f
0da9f2f1
0daf5800
0db4e8e6
0dbaa707
0dc093d3
0dc6b0c4
0dccff63
0dd38143
0dda3805
0de12555
0de84af0
0defaa9f
0df7463a
0dff1fa7
0e039c6f
0e07c9f2
0e0c1969
0e108be6
0e152288
0e19de72
0e1ec0d5
0e23cae9
0e28fdf1
0e2e5b39
0e33e419
0e3999f3
0e3f7e34
0e459256
0e4bd7dd
0e52505b
0e58fd6f
0e5fe0c3
0e66fc10
0e6e511e
0e75e1c1
0e7dafde
0e82deb4
0e870631
0e8b4f71
0e8fbb85
0e944b89
0e9900a1
0e9ddbf9
0ea2deca
0ea80a53
0ead5fdf
0eb2e0c4
0eb88e62
0ebe6a25
0ec47584
0ecab200
0ed1212b
0ed7c49f
0ede9e05
0ee5af13
0eecf98f
0ef47f4a
0efc4226
0f02220a
0f06438b
0f0a869d
0f0eec51
0f1375c1
0f18240f
0f1cf867
0f21f3fe
0f271813
0f2c65ef
0f31dee5
0f378454
0f3d57a5
0f435a4c
0f498dcc
0f4ff3af
0f568d91
0f5d5d17
0f6463f6
0f6ba3ef
0f731ed2
0f7ad67e
0f816671
0f8581fd
0f89beea
0f8e1e47
0f92a12d
0f9748bb
0f9c161d
0fa10a85
0fa62731
0fab6d67
0fb0de7a
0fb67bc5
0fbc46b0
0fc240ad
0fc86b3c
0fcec7e7
0fd55844
0fdc1df9
0fe31ab7
0fea503c
0ff1c057
0ff96ce3
1000abe6
1004c185
1008f856
100d5166
1011cdcb
10166ea4
101b3519
1020225d
102537aa
102a7646
102fdf80
103574b3
103b3744
104128a4
10474a4f
104d9dce
105424b5
105ae0a7
1061d352
1068fe72
107063d4
10780550
107fe4ce
10840224
108832e1
108c85ad
1090fb9a
109595c7
109a555a
109f3b83
10a4497c
10a98089
10aee1f6
10b46f1d
10ba2960
10c0122f
10c62b03
10cc7563
10d2f2e2
10d9a51e
10e08dc5
10e7ae90
10ef0948
10f69fc4
10fe73e9
110343d6
11076e89
110bbb19
11102a98
1114be22
111976dd
111e55f7
11235ca6
11288c2e
112de5d9
11336aff
11391d01
113efd4b
11450d55
114b4ea4
1151c2c7
11586b5c
115f4a0d
11666092
116db0b0
11753c3b
117d0517
1182869b
1186ab4c
118af1a9
118f5ac3
1193e7b5
119899a1
119d71b5
11a27125
11a79933
11aa3cdc
11aceb28
11afa444
11b26859
11b53795
11b81225
11baf836
11bde9f6
11c0e795
11c3f143
11c70730
11ca298d
11cd588d
11d09462
11d3dd41
11d7335e
11da96ee
11de0828
11e18742
11e51475
11e8aff9
11ec5a08
11f012dd
11f3dab3
11f7b1c7
11fb9856
11ff8e9e
1201ca70
1203d5ad
1205e928
12080502
120a295c
120c5658
120e8c1a
1210cac5
1213127c
12156365
1217bda4
121a215f
121c8ebc
121f05e2
122186f8
12241227
1226a797
12294772
122bf1e1
122ea70f
12316728
12343257
123708c9
1239eaac
123cd82e
123fd17e
1242d6ca
1245e844
1249061d
124c3086
124f67b2
1252abd5
1255fd22
12595bd0
125cc813
12604223
1263ca37
12676087
126b054e
126eb8c5
12727b28
12764cb3
127a2da2
127e1e35
12810f55
128317a0
1285281c
128740ec
1289622f
128b8c09
128dbe9b
128ffa09
12923e77
12948c09
1296e2e4
1299432d
129bad0a
129e20a2
12a09e1c
12a325a1
12a5b757
12a85369
12aafa00
12adab47
12b06769
12b32e91
12b600ec
12b8dea8
12bbc7f1
12bebcf7
12c1bde9
12c4caf6
12c7e451
12cb0a2a
12ce3cb3
12d17c20
12d4c8a6
12d82277
12db89cb
12defed8
12e281d5
12e612f9
12e9b280
12ed60a1
12f11d98
12f4e9a2
12f8c4fa
12fcafde
13005547
13025aa4
13046827
13067df0
13089c22
130ac2dd
130cf244
130f2a7b
13116ba4
1313b5e4
1316095f
1318663b
131acc9e
131d3cad
131fb690
13223a6f
1324c871
132760c0
132a0385
132cb0eb
132f691b
13322c42
1334fa8c
1337d426
133ab93c
133da9ff
1340a69c
1343af44
1346c427
1349e576
134d1363
13504e22
135395e6
1356eae3
135a4d4f
135dbd5f
13613b4c
1364c74c
13686199
136c0a6d
136fc201
13738891
13775e59
137b4398
137f388b
13819eb9
1383a946
1385bc0e
1387d732
1389fad3
138c2714
138e5c17
13909a00
1392e0f3
13953114
13978a88
1399ed75
139c5a01
139ed052
13a15091
13a3dae4
13a66f75
13a90e6e
13abb7f7
13ae6c3c
13b12b67
13b3f5a6
13b6cb23
13b9ac0e
13bc9893
13bf90e2
13c2952a
13c5a59c
13c8c268
13cbebc0
13cf21d7
13d264e0
13d5b50f
13d9129a
13dc7db6
13dff69a
13e37d7e
13e71299
13eab626
13ee685e
13f2297c
13f5f9be
13f9d95f
13fdc89e
1400e3dc
1402eb78
1404fb43
1407135e
140933e9
140b5d08
140d8edd
140fc98b
14120d36
14145a01
1416b012
14190f8e
141b789b
141deb60
14206803
1422eead
14257f86
14281ab7
142ac06a
142d70c9
14302bff
1432f237
1435c39f
1438a064
143b88b2
143e7cb9
14417ca8
144488ae
1447a0fd
144ac5c7
144df73c
14513592
145480fa
1457d9ab
145b3fda
145eb3bc
1462358a
1465c57c
146963c9
146d10ad
1470cc62
14749724
14787130
147c5ac3
14802a0e
14822ebc
14843b8e
148650a4
14886e1f
148a9420
148cc2cb
148efa42
14913aa9
14938424
1495d6d7
149832e7
149a987a
149d07b8
149f80c5
14a203cb
14a490f1
14a72860
14a9ca42
14ac76c0
14af2e06
14b1f03f
14b4bd97
14b7963b
14ba7a58
14bd6a1d
14c065b9
14c36d5b
14c68134
14c9a175
14ccce51
14d007f9
14d34ea2
14d6a280
14da03c8
14dd72b0
14e0ef70
14e47a3e
14e81355
14ebbaec
14ef7140
14f3368a
14f70b08
14faeef7
14fee295
15017310
15037cee
15058f03
1507a971
1509cc5a
150bf7df
150e2c24
1510694c
1512af7b
1514fed4
1517577e
1519b99d
151c2558
151e9ad5
15211a3b
1523a3b4
15263767
1528d57d
152b7e21
152e317c
1530efbb
1533b909
15368d92
15396d85
153c590e
153f505d
154253a1
1545630a
15487ec9
154ba711
154edc13
15521e03
15556d15
1558c97d
155c3373
155fab2b
156330de
1566c4c5
156a6718
156e1811
1571d7ec
1575a6e5
15798538
157d7323
1580b873
1582bf60
1584ce79
1586e5df
158905b3
158b2e18
158d5f30
158f991d
1591dc04
15942809
15967d51
1598dc00
159b443e
159db62f
15a031fc
15a2b7cd
15a547c8
15a7e219
15aa86e7
15ad365e
15aff0a8
15b2b5f2
15b58667
15b86234
15bb4988
15be3c90
15c13b7c
15c4467c
15c75dc1
15ca817b
15cdb1dd
15d0ef1b
15d43968
15d790f8
15daf601
15de68ba
15e1e95a
15e57818
15e9152d
15ecc0d5
15f07b48
15f444c3
15f81d82
15fc05c4
15fffdc5
160202e4
16040f05
16062367
1608402b
160a6573
160c9362
160eca1a
161109bf
16135274
1615a45f
1617ffa4
161a6469
161cd2d4
161f4b0c
1621cd39
16245984
1626f013
16299112
162c3caa
162ef306
1631b451
163480b7
16375865
163a3b89
163d2a51
164024ec
16432b89
16463e58
16495d8c
164c8955
164fc1e8
16530776
16565a35
1659ba5a
165d281a
1660a3ad
16642d4a
1667c52a
166b6b87
166f209a
1672e49f
1676b7d3
167a9a73
167e8cbc
16814777
168350a4
16856207
16877bc0
16899df0
168bc8bb
168dfc42
169038a8
16927e13
1694cca5
16972484
169985d6
169bf0c0
169e6569
16a0e3f8
16a36c96
16a5ff6b
16a89c9f
16ab445e
16adf6d1
16b0b423
16b37c80
16b65016
16b92f10
16bc199e
16bf0fed
16c2122d
16c5208e
16c83b42
16cb6279
16ce9667
16d1d73e
16d52532
16d88079
16dbe948
16df5fd5
16e2e459
16e6770b
16ea1825
16edc7e0
16f18678
16f55428
16f9312d
16fd1dc6
17008d18
17029356
1704a1be
1706b86f
1708d78d
170aff37
170d2f92
170f68c0
1711aae4
1713f623
17164aa1
1718a884
171b0ff2
171d8111
171ffc08
172280fe
1725101d
1727a98d
172a4d78
172cfc07
172fb566
173279c1
17354943
1738241a
173b0a73
173dfc7d
1740fa67
17440461
17471a9a
174a3d46
174d6c95
1750a8bc
1753f1ed
1757485d
175aac42
175e1dd1
17619d43
17652ace
1768c6ac
176c7117
17702a48
1773f27d
1777c9f1
177bb0e1
177fa78d
1781d719
1783e28a
1785f639
17881247
178a36d6
178c6409
178e9a02
1790d8e5
179320d6
179571f8
1797cc72
179a3068
179c9e02
179f1565
17a196ba
17a42229
17a6b7d9
17a957f5
17ac02a7
17aeb819
17b17876
17b443eb
17b71aa5
17b9fcd0
17bcea9b
17bfe434
17c2e9cc
17c5fb93
17c919b9
17cc4472
17cf7bee
17d2c062
17d61203
17d97104
17dcdd9d
17e05803
17e3e070
17e7771a
17eb1c3c
17eed00f
17f292d0
17f664ba
17fa460a
17fe36ff
18011bec
1803246a
1805351a
18074e1e
18096f96
180b99a6
180dcc6f
18100815
18124cbc
18149a87
1816f19c
18195221
181bbc3a
181e300f
1820adc8
1823358b
1825c782
182863d5
182b0aae
182dbc39
1830789f
1833400c
183612ae
1838f0b1
183bda43
183ecf93
1841d0cf
1844de29
1847f7d1
184b1df9
184e50d2
18519090
1854dd68
1858378d
185b9f36
185f1499
186297ee
1866296c
1869c94c
186d77c9
1871351e
18750186
1878dd3f
187cc885
188061cc
1882675c
18847512
18868b0f
1888a975
188ad066
188d0004
188f3872
189179d4
1893c44d
18961802
1898751a
189adbb8
189d4c04
189fc625
18a24a43
18a4d885
18a77115
18aa141b
18acc1c4
18af7a38
18b23da4
18b50c34
18b7e615
18bacb74
18bdbc80
18c0b968
18c3c25b
18c6d78b
18c9f928
18cd2765
18d06274
18d3aa8a
18d6ffda
18da629b
18ddd301
18e15145
18e4dd9e
18e87845
18ec2174
18efd964
18f3a053
18f7767b
18fb5c1b
18ff5171
1901ab5e
1903b61e
1905c91a
1907e472
190a0849
190c34c0
190e69fb
1910a81c
1912ef48
19153fa2
19179951
1919fc79
191c6942
191edfd0
1921604d
1923eae0
19267fb2
19291eec
192bc8b8
192e7d40
19313cb0
19340734
1936dcf9
1939be2b
193caafa
193fa393
1942a826
1945b8e4
1948d5fe
194bffa5
194f360c
19527966
1955c9e9
195927c7
195c9339
19600c74
196393af
19672924
196acd0c
196e7fa0
1972411c
197611bd
1979f1bf
197de160
1980f070
1982f83e
1985083c
1987208b
1989414c
198b6aa1
198d9cad
198fd792
19921b75
1994687a
1996bec5
19991e7d
199b87c6
199dfac8
19a077a9
19a2fe93
19a58fac
19a82b1e
19aad113
19ad81b4
19b03d2f
19b303ad
19b5d55b
19b8b267
19bb9afe
19be8f4e
19c18f88
19c49bdb
19c7b477
19cad98f
19ce0b54
19d149fb
19d495b6
19d7eeba
19db553e
19dec976
19e24b9c
19e5dbe6
19e97a8e
19ed27ce
19f0e3e0
19f4af01
19f8896d
19fc7361
1a00368e
1a023b70
1a044875
1a065dbe
1a087b6e
1a0aa1a5
1a0cd087
1a0f0835
1a1148d4
1a139288
1a15e575
1a1841c0
1a1aa78f
1a1d1709
1a1f9055
1a221399
1a24a0ff
1a2738af
1a29dad3
1a2c8794
1a2f3f1e
1a32019b
1a34cf39
1a37a824
1a3a8c8a
1a3d7c98
1a40787e
1a43806c
1a469492
1a49b521
1a4ce24c
1a501c45
1a53633f
1a56b770
1a5a190d
1a5d884b
1a610561
1a649088
1a6829f9
1a6bd1ec
1a6f889c
1a734e44
1a772322
1a7b0772
1a7efb73
1a817fb1
1a8389c2
1a859c0a
1a87b6ad
1a89d9cb
1a8c0587
1a8e3a03
1a907763
1a92bdca
1a950d5d
1a976642
1a99c89c
1a9c3493
1a9eaa4e
1aa129f3
1aa3b3ab
1aa6479e
1aa8e5f6
1aab8edc
1aae427b
1ab100fe
1ab3ca91
1ab69f61
1ab97f9c
1abc6b6e
1abf6307
1ac26696
1ac5764c
1ac89259
1acbbaef
1acef041
1ad23282
1ad581e7
1ad8dea3
1adc48ee
1adfc0fd
1ae34709
1ae6db48
1aea7df6
1aee2f4c
1af1ef84
1af5bedc
1af99d90
1afd8bdd
1b00c502
1b02cc21
1b04db6e
1b06f308
1b091311
1b0b3bac
1b0d6cfa
1b0fa71f
1b11ea3f
1b14367e
1b168bff
1b18eaea
1b1b5364
1b1dc592
1b20419d
1b22c7ac
1b2557e8
1b27f27a
1b2a978a
1b2d4744
1b3001d3
1b32c761
1b35981d
1b387431
1b3b5bcd
1b3e4f1f
1b414e56
1b4459a2
1b477134
1b4a953c
1b4dc5ee
1b51037d
1b544e1c
1b57a600
1b5b0b5e
1b5e7e6d
1b61ff64
1b658e7b
1b692beb
1b6cd7ed
1b7092be
1b745c97
1b7835b7
1b7c1e5a
1b800b5f
1b820f93
1b841be7
1b86307d
1b884d76
1b8a72f4
1b8ca119
1b8ed808
1b9117e5
1b9360d4
1b95b2f8
1b980e78
1b9a7378
1b9ce220
1b9f5a97
1ba1dd02
1ba4698c
1ba7005d
1ba9a19d
1bac4d78
1baf0417
1bb1c5a7
1bb49253
1bb76a48
1bba4db5
1bbd3cc6
1bc037ab
1bc33e93
1bc651af
1bc97131
1bcc9d4a
1bcfd62c
1bd31c0c
1bd66f1e
1bd9cf97
1bdd3dad
1be0b997
1be4438d
1be7dbc7
1beb827e
1bef37ee
1bf2fc52
1bf6cfe5
1bfab2e5
1bfea591
1c015414
1c035d74
1c056f0a
1c0788f7
1c09ab5d
1c0bd65e
1c0e0a1c
1c1046ba
1c128c5e
1c14db2a
1c173343
1c1994d0
1c1bfff7
1c1e74dd
1c20f3ab
1c237c88
1c260f9d
1c28ad12
1c2b5513
1c2e07c9
1c30c560
1c338e03
1c3661df
1c394121
1c3c2bf7
1c3f2291
1c42251c
1c4533ca
1c484ecb
1c4b7651
1c4eaa8e
1c51ebb6
1c5539fd
1c589598
1c5bfebc
1c5f75a0
1c62fa7c
1c668d87
1c6a2efb
1c6ddf12
1c719e08
1c756c17
1c79497d
1c7d3677
1c8099a3
1c82a014
1c84aeae
1c86c594
1c88e4e6
1c8b0cc7
1c8d3d58
1c8f76bd
1c91b91a
1c940492
1c96594b
1c98b769
1c9b1f13
1c9d906e
1ca00ba3
1ca290d9
1ca52038
1ca7b9e8
1caa5e15
1cad0ce7
1cafc68b
1cb28b2a
1cb55af3
1cb83611
1cbb1cb3
1cbe0f06
1cc10d3b
1cc41780
1cc72e07
1cca5101
1ccd80a0
1cd0bd17
1cd4069a
1cd75d5d
1cdac197
1cde337c
1ce1b345
1ce54129
1ce8dd62
1cec8828
1cf041b7
1cf40a4a
1cf7e21d
1cfbc96f
1cffc07e
1d01e3c4
1d03ef68
1d06034a
1d081f8d
1d0a4452
1d0c71bb
1d0ea7ec
1d10e707
1d132f30
1d15808c
1d17db41
1d1a3f73
1d1cad49
1d1f24ea
1d21a67e
1d24322c
1d26c81d
1d29687b
1d2c136f
1d2ec924
1d3189c7
1d345581
1d372c82
1d3a0ef5
1d3cfd09
1d3ff6ed
1d42fcd0
1d460ee4
1d492d58
1d4c585f
1d4f902c
1d52d4f2
1d5626e5
1d59863b
1d5cf329
1d606de6
1d63f6ab
1d678daf
1d6b332c
1d6ee75c
1d72aa7a
1d767cc4
1d7a5e75
1d7e4fcc
1d812884
1d833135
1d854219
1d875b51
1d897cff
1d8ba744
1d8dda44
1d901622
1d925b02
1d94a907
1d970056
1d996116
1d9bcb6c
1d9e3f7e
1da0bd75
1da34577
1da5d7ae
1da87442
1dab1b5e
1dadcd2c
1db089d6
1db35189
1db62471
1db902bc
1dbbec97
1dbee230
1dc1e3b8
1dc4f15e
1dc80b53
1dcb31c9
1dce64f3
1dd1a502
1dd4f22c
1dd84ca5
1ddbb4a3
1ddf2a5d
1de2ae09
1de63fe0
1de9e01b
1ded8ef4
1df14ca6
1df5196d
1df8f586
1dfce12e
1e006e52
1e027414
1e0481fe
1e06982f
1e08b6cb
1e0addf1
1e0d0dc6
1e0f466b
1e118805
1e13d2b7
1e1626a7
1e1883f9
1e1aead4
1e1d5b5d
1e1fd5bc
1e225a18
1e24e89a
1e27816a
1e2a24b3
1e2cd29e
1e2f8b56
1e324f07
1e351dde
1e37f805
1e3addad
1e3dcf02
1e40cc35
1e43d574
1e46eaf1
1e4a0cdc
1e4d3b69
1e5076c9
1e53bf30
1e5714d4
1e5a77e9
1e5de8a5
1e616740
1e64f3f2
1e688ef3
1e6c387d
1e6ff0cb
1e73b817
1e778ea0
1e7b74a1
1e7f6a5a
1e81b805
1e83c2f8
1e85d627
1e87f1b4
1e8a15c0
1e8c426e
1e8e77df
1e90b639
1e92fd9d
1e954e32
1e97a81b
1e9a0b7f
1e9c7884
1e9eef50
1ea1700c
1ea3fade
1ea68ff0
1ea92f6c
1eabd97a
1eae8e46
1eb14dfb
1eb418c4
1eb6eed0
1eb9d04a
1ebcbd61
1ebfb645
1ec2bb24
1ec5cc2e
1ec8e996
1ecc138c
1ecf4a43
1ed28def
1ed5dec4
1ed93cf7
1edca8be
1ee0224f
1ee3a9e3
1ee73fb1
1eeae3f4
1eee96e4
1ef258bf
1ef629bf
1efa0a21
1efdfa24
1f00fd04
1f030505
1f051537
1f072dba
1f094eb0
1f0b783b
1f0daa7d
1f0fe59b
1f1229b6
1f1476f4
1f16cd7a
1f192d6d
1f1b96f2
1f1e0a31
1f208751
1f230e79
1f259fd2
1f283b86
1f2ae1bd
1f2d92a2
1f304e60
1f331523
1f35e718
1f38c46b
1f3bad4b
1f3ea1e5
1f41a26a
1f44af09
1f47c7f3
1f4aed59
1f4e1f6e
1f515e66
1f54aa73
1f5803cb
1f5b6aa3
1f5edf32
1f6261af
1f65f253
1f699155
1f6d3ef1
1f70fb61
1f74c6e0
1f78a1ac
1f7c8c02
1f804311
1f824824
1f84555d
1f866ada
1f8888bf
1f8aaf2b
1f8cde43
1f8f1629
1f915701
1f93a0ed
1f95f414
1f98509b
1f9ab6a6
1f9d265d
1f9f9fe6
1fa22369
1fa4b10f
1fa748ff
1fa9eb65
1fac9869
1faf5036
1fb212f9
1fb4e0dd
1fb7ba0f
1fba9ebd
1fbd8f14
1fc08b45
1fc3937f
1fc6a7f1
1fc9c8cf
1fccf649
1fd03092
1fd377df
1fd6cc63
1fda2e54
1fdd9de7
1fe11b55
1fe4a6d5
1fe8409f
1febe8ed
1fef9ffa
1ff36601
1ff73b3e
1ffb1fef
1fff1453
20018c54
20039697
2005a913
2007c3eb
2009e73e
200c1330
200e47e3
2010857b
2012cc1b
20151be8
20177507
2019d79d
201c43d0
201eb9c8
202139ac
2023c3a3
202657d7
2028f670
202b9f98
202e537b
20311243
2033dc1c
2036b132
203991b4
203c7dd0
203f75b3
2042798d
2045898f
2048a5ea
204bcecf
204f0471
20524704
205596bb
2058f3cc
205c5e6c
205fd6d1
20635d35
2066f1ce
206a94d6
206e4688
2072071f
2075d6d5
2079b5ea
207da49a
2080d192
2082d8e4
2084e864
20870032
20892071
208b4941
208d7ac6
208fb523
2091f87b
209444f3
20969aaf
2098f9d5
209b628b
209dd4f7
20a05140
20a2d78e
20a5680a
20a802dc
20aaa82f
20ad582c
20b012fe
20b2d8d2
20b5a9d4
20b88630
20bb6e15
20be61b0
20c16132
20c46cca
20c784a9
20caa900
20cdda02
20d117e1
20d462d2
20d7bb09
20db20bc
20de9421
20e21570
20e5a4e0
20e942aa
20ecef09
20f0aa36
20f4746e
20f84dee
20fc36f2
210017dd
21021c43
210428ca
21063d94
21085ac2
210a8076
210caed1
210ee5f8
2111260d
21136f34
2115c193
21181d4d
211a828a
211cf16f
211f6a22
2121eccd
21247996
212710a7
2129b229
212c5e47
212f152a
2131d6ff
2134a3f1
21377c2d
213a5fe2
213d4f3c
21404a6b
2143519f
21466508
214984d8
214cb140
214fea73
215330a5
2156840a
2159e4d7
215d5343
2160cf84
216459d2
2167f265
216b9978
216f4f45
21731406
2176e7f9
217acb5a
217ebe69
218160b1
21836a45
21857c0f
21879630
2189b8cb
218be402
218e17f7
219054ce
21929aaa
2194e9af
21974203
2199a3cc
219c0f2f
219e8452
21a1035e
21a38c7b
21a61fd0
21a8bd87
21ab65ca
21ae18c4
21b0d69f
21b39f87
21b673aa
21b95334
21bc3e53
21bf3536
21c2380d
21c54707
21c86255
21cb8a2a
21cebeb8
21d20031
21d54ecb
21d8aab9
21dc1432
21df8b6d
21e310a1
21e6a405
21ea45d4
21edf647
21f1b59a
21f58408
21f961cf
21fd4f2b
2200a62f
2202acd2
2204bba0
2206d2ba
2208f241
220b1a57
220d4b1f
220f84bc
2211c751
22141303
221667f6
2218c64f
221b2e35
221d9fce
22201b40
2222a0b5
22253054
2227ca45
222a6eb4
222d1dc9
222fd7b0
22329c95
22356ca4
2238480a
223b2ef4
223e2191
22412010
22442aa1
22474175
224a64be
224d94ac
2250d174
22541b49
22577260
225ad6ee
225e492a
2261c94a
22655787
2268f419
226c9f3b
22705927
22742218
2277fa4c
227be1ff
227fd971
2281f070
2283fc47
2286105d
22882cd5
228a51cf
228c7f6f
228eb5d7
2290f52a
22933d8c
22958f22
2297ea11
229a4e7f
229cbc92
229f3471
22a1b643
22a44231
22a6d862
22a97902
22ac2438
22aeda32
22b19b19
22b46719
22b73e60
22ba211c
22bd0f79
22c009a7
22c30fd6
22c62236
22c940f8
22cc6c4f
22cfa46c
22d2e983
22d63bc9
22d99b73
22dd08b7
22e083cc
22e40ce8
22e7a446
22eb4a1e
22eefeaa
22f2c227
22f694d0
22fa76e2
22fe689c
2301351e
23033e02
23054f19
23076885
23098a68
230bb4e4
230de81b
23102431
23126949
2314b787
23170f11
2319700c
231bda9f
231e4eee
2320cd23
23235565
2325e7dc
232884b2
232b2c10
232dde20
23309b0f
23336308
23363636
233914c8
233bfeec
233ef4cf
2341f6a2
23450495
23481ed7
234b459c
234e7915
2351b976
235506f2
235861bf
235bca12
235f4022
2362c426
23665656
2369f6ec
236da621
23716431
23753157
23790dd0
237cf9da
23807ada
238280cf
23848eeb
2386a551
2388c421
238aeb7d
238d1b88
238f5465
23919638
2393e123
2396354d
239892da
239af9f1
239d6ab7
239fe553
23a269ef
23a4f8b0
23a791c2
23aa354c
23ace37a
23af9c77
23b2606d
23b52f89
23b809f8
23baefe8
23bde187
23c0df04
23c3e88f
23c6fe59
23ca2092
23cd4f6e
23d08b1f
23d3d3d9
23d729cf
23da8d39
23ddfe4b
23e17d3e
23e50a48
23e8a5a3
23ec4f89
23f00833
23f3cfde
23f7a6c6
23fb8d29
23ff8345
2401c4ac
2403cfd3
2405e336
2407fef7
240a2339
240c501d
240e85c5
2410c457
24130bf4
24155cc3
2417b6e7
241a1a86
241c87c8
241efed2
24217fcc
24240ade
2426a030
24293fed
242bea3e
242e9f4d
24315f47
24342a56
243700a8
2439e26b
243ccfcb
243fc8f9
2442ce23
2445df7a
2448fd2f
244c2774
244f5e7c
2452a27a
2455f3a1
24595228
245cbe45
2460382d
2463c019
24675641
246afade
246eae2b
24727063
247641c2
247a2286
247e12ec
24810999
248311cd
24852233
24873aea
24895c15
248b85d6
248db84f
248ff3a4
249237f9
24948570
2496dc30
24993c5e
249ba620
249e199c
24a096fa
24a31e62
24a5affb
24a84bef
24aaf268
24ada391
24b05f93
24b3269c
24b5f8d7
24b8d672
24bbbf9a
24beb47e
24c1b54e
24c4c239
24c7db70
24cb0125
24ce338a
24d172d3
24d4bf32
24d818de
24db800b
24def4f1
24e277c5
24e608c2
24e9a81f
24ed5616
24f112e3
24f4dec1
24f8b9ed
24fca4a5
25004f94
250254da
25046246
250677f7
25089610
250abcb3
250cec02
250f241f
2511652f
2513af54
251602b5
25185f77
251ac5be
251d35b1
251faf79
2522333b
2524c120
25275951
2529fbf8
252ca93f
252f6151
25322458
2534f282
2537cbfb
253ab0f1
253da193
25409e0e
2543a693
2546bb53
2549dc7e
254d0a48
255044e2
25538c80
2556e157
255a439d
255db386
2561314b
2564bd23
25685747
256bfff1
256fb75b
25737dc0
2577535d
257b386f
257f2d35
258198f7
2583a36d
2585b61d
2587d129
2589f4b2
258c20da
258e55c5
25909394
2592da6d
25952a74
259783cd
2599e69f
259c530f
259ec945
25a14967
25a3d39d
25a66811
25a906ec
25abb057
25ae647d
25b12389
25b3eda8
25b6c305
25b9a3cf
25bc9033
25bf8860
25c28c86
25c59cd5
25c8b97d
25cbe2b1
25cf18a4
25d25b88
25d5ab92
25d908f6
25dc73eb
25dfeca8
25e37363
25e70856
25eaabb9
25ee5dc7
25f21ebb
25f5eed1
25f9ce46
25fdbd58
2600de23
2602e5a8
2604f55b
26070d5e
26092dd1
260b56d8
260d8894
260fc328
261206b9
2614536a
2616a961
261908c2
261b71b4
261de45c
262060e4
2622e771
2625782d
26281340
262ab8d5
262d6915
2630242c
2632ea45
2635bb8d
26389830
263b805e
263e7443
26417410
26447ff4
26479820
264abcc5
264dee17
26512c47
2654778a
2657d015
265b361d
265ea9d8
26622b7e
2665bb47
2669596c
266d0626
2670c1b1
26748c48
26786627
267c4f8d
2680245c
268228f4
268435af
26864aad
2688680f
268a8df9
268cbc8b
268ef3e9
26913436
26937d96
2695d02f
26982c24
269a919d
269d00be
269f79b0
26a1fc99
26a489a2
26a720f4
26a9c2b8
26ac6f18
26af263f
26b1e858
26b4b590
26b78e14
26ba7210
26bd61b4
26c05d2e
26c364ad
26c67863
26c99881
26ccc538
26cffebc
26d3453f
26d698f7
26d9fa19
26dd68da
26e0e572
26e47019
26e80906
26ebb074
26ef669d
26f32bbd
26f7000f
26fae3d2
26fed743
27016d51
27037717
27058914
2707a36b
2709c63b
270bf1a8
270e25d4
271062e2
2712a8f7
2714f836
271750c5
2719b2c9
271c1e68
271e93c9
27211314
27239c6f
27263005
2728cdfd
272b7683
272e29c0
2730e7df
2733b10d
27368577
27396548
273c50b0
273f47de
27424aff
27455a46
274875e2
274b9e06
274ed2e3
275214ae
2755639a
2758bfdc
275c29ab
275fa13c
276326c7
2766ba85
276a5caf
276e0d7e
2771cd2f
27759bfc
27797a23
277d67e2
2780b2bc
2782b991
2784c893
2786dfe1
2788ff9d
278b27e9
278d58e8
278f92bc
2791d58a
27942175
279676a2
2798d537
279b3d58
279daf2e
27a02adf
27a2b093
27a54071
27a7daa4
27aa7f54
27ad2ead
27afe8d8
27b2ae02
27b57e57
27b85a04
27bb4137
27be341d
27c132e7
27c43dc5
27c754e6
27ca787c
27cda8bb
27d0e5d3
27d42ffb
27d78765
27daec48
27de5ed9
27e1df51
27e56de7
27e90ad3
27ecb651
27f0709a
27f439ea
27f8127d
27fbfa92
27fff267
2801fd1d
28040927
28061d72
28083a1e
280a5f4e
280c8d24
280ec3c3
2811034e
28134be9
28159db9
2817f8e4
281a5d8d
281ccbdd
281f43f9
2821c60a
28245237
2826e8a9
2829898a
282c3504
282eeb41
2831ac6c
283478b3
28375041
283a3344
283d21eb
28401c63
284322de
2846358a
2849549b
284c8040
284fb8ae
2852fe17
285650b0
2859b0ae
285d1e47
286099b3
28642328
2867badf
286b6112
286f15fb
2872d9d6
2876acde
287a8f51
287e816e
288141b9
28834acf
28855c1a
288775bb
288997d4
288bc285
288df5f3
28903241
28927791
2894c60a
28971dce
28997f05
289be9d3
289e5e60
28a0dcd3
28a36554
28a5f80b
28a89522
28ab3cc3
28adef17
28b0ac4a
28b37488
28b647fd
28b926d7
28bc1143
28bd8adf
28bf0771
28c086fe
28c2098f
28c38f27
28c517cd
28c6a388
28c8325d
28c9c454
28cb5971
28ccf1bb
28ce8d3a
28d02bf2
28d1cdec
28d3732c
28d51bbb
28d6c79d
28d876db
28da297b
28dbdf84
28dd98fc
28df55ea
28e11655
28e2da46
28e4a1c1
28e66ccf
28e83b77
28ea0dbf
28ebe3b0
28edbd50
28ef9aa8
28f17bbe
28f36099
28f54942
28f735c1
28f9261c
28fb1a5c
28fd1288
28ff0ea9
29008763
29018973
29028d8a
290393ab
29049bda
2905a61b
2906b274
2907c0e7
2908d179
2909e42e
290af90b
290c1014
290d294d
290e44ba
290f6261
29108245
2911a46c
2912c8d8
2913ef91
29151898
291643f4
291771aa
2918a1bd
2919d432
291b090f
291c4058
291d7a12
291eb642
291ff4ed
29213617
292279c7
2923c000
292508c9
29265425
2927a21b
2928f2af
292a45e7
292b9bc9
292cf458
292e4f9c
292fad98
29310e54
293271d4
2933d81d
29354136
2936ad24
29381bec
29398d95
293b0225
293c79a0
293df40d
293f7172
2940f1d5
2942753c
2943fbac
2945852c
294711c3
2948a175
294a344b
294bca49
294d6376
294effd9
29509f77
29524259
2953e883
295591fd
29573ecd
2958eefa
295aa28b
295c5987
295e13f4
295fd1d9
2961933d
29635828
296520a0
2966ecad
2968bc56
296a8fa1
296c6696
296e413e
29701f9e
297201bf
2973e7a7
2975d160
2977beef
2979b05e
297ba5b4
297d9ef8
297f9c32
2980ceb6
2981d155
2982d5fc
2983dcaf
2984e570
2985f046
2986fd33
29880c3c
29891d65
298a30b3
298b4629
298c5dcd
298d77a2
298e93ad
298fb1f2
2990d276
2991f53e
29931a4d
299441a8
29956b55
29969757
2997c5b4
2998f670
299a298f
299b5f17
299c970d
299dd175
299f0e55
29a04db0
29a18f8d
29a2d3f0
29a41adf
29a5645d
29a6b072
29a7ff21
29a95070
29aaa464
29abfb03
29ad5452
29aeb056
29b00f15
29b17095
29b2d4da
29b43bea
29b5a5cb
29b71283
29b88217
29b9f48d
29bb69eb
29bce237
29be5d76
29bfdbaf
29c15ce7
29c2e124
29c4686d
29c5f2c8
29c7803a
29c910cb
29caa480
29cc3b5f
29cdd56f
29cf72b7
29d1133c
29d2b706
29d45e1b
29d60881
29d7b63f
29d9675c
29db1bdf
29dcd3ce
29de8f30
29e04e0d
29e2106b
29e3d651
29e59fc6
29e76cd2
29e93d7c
29eb11cb
29ece9c6
29eec574
29f0a4de
29f2880a
29f46f01
29f659c9
29f8486a
29fa3aed
29fc3159
29fe2bb5
2a001505
2a011630
2a02195f
2a031e97
2a0425db
2a052f30
2a063a99
2a07481b
2a0857bb
2a09697c
2a0a7d62
2a0b9373
2a0cabb1
2a0dc623
2a0ee2cb
2a1001b0
2a1122d4
2a12463c
2a136bee
2a1493ee
2a15be3f
2a16eae8
2a1819ed
2a194b51
2a1a7f1b
2a1bb550
2a1cedf2
2a1e2909
2a1f6698
2a20a6a5
2a21e934
2a232e4b
2a2475ef
2a25c025
2a270cf2
2a285c5a
2a29ae65
2a2b0316
2a2c5a73
2a2db481
2a2f1147
2a3070c8
2a31d30c
2a333816
2a349fee
2a360a98
2a37781a
2a38e87a
2a3a5bbe
2a3bd1eb
2a3d4b08
2a3ec719
2a404626
2a41c834
2a434d49
2a44d56b
2a4660a1
2a47eef0
2a49805e
2a4b14f3
2a4cacb4
2a4e47a8
2a4fe5d5
2a518742
2a532bf4
2a54d3f4
2a567f46
2a582df3
2a59e000
2a5b9575
2a5d4e58
2a5f0ab1
2a60ca86
2a628ddd
2a6454bf
2a661f33
2a67ed3f
2a69beea
2a6b943d
2a6d6d3e
2a6f49f4
2a712a68
2a730ea0
2a74f6a5
2a76e27d
2a78d231
2a7ac5c9
2a7cbd4b
2a7eb8c1
2a805c18
2a815dd2
2a826191
2a83675a
2a846f30
2a857918
2a868516
2a87932d
2a88a364
2a89b5bc
2a8aca3c
2a8be0e7
2a8cf9c1
2a8e14cf
2a8f3216
2a905199
2a91735e
2a929768
2a93bdbd
2a94e661
2a961158
2a973ea8
2a986e54
2a99a062
2a9ad4d7
2a9c0bb7
2a9d4508
2a9e80cd
2a9fbf0d
2aa0ffcb
2aa2430d
2aa388d9
2aa4d133
2aa61c1f
2aa769a5
2aa8b9c8
2aaa0c8e
2aab61fc
2aacba17
2aae14e6
2aaf726d
2ab0d2b1
2ab235b9
2ab39b8a
2ab50429
2ab66f9d
2ab7ddea
2ab94f16
2abac328
2abc3a25
2abdb413
2abf30f7
2ac0b0d8
2ac233bd
2ac3b9a9
2ac542a5
2ac6ceb6
2ac85de2
2ac9f030
2acb85a5
2acd1e48
2aceba20
2ad05933
2ad1fb87
2ad3a123
2ad54a0e
2ad6f64e
2ad8a5e9
2ada58e8
2adc0f4f
2addc927
2adf8676
2ae14743
2ae30b96
2ae4d374
2ae69ee6
2ae86df2
2aea40a0
2aec16f7
2aedf0fe
2aefcebd
2af1b03c
2af39581
2af57e94
2af76b7e
2af95c45
2afb50f1
2afd498b
2aff461a
2b00a353
2b01a59c
2b02a9eb
2b03b045
2b04b8ad
2b05c329
2b06cfbb
2b07de69
2b08ef37
2b0a0228
2b0b1741
2b0c2e86
2b0d47fc
2b0e63a7
2b0f818c
2b10a1af
2b11c414
2b12e8c1
2b140fb9
2b153901
2b16649f
2b179295
2b18c2eb
2b19f5a3
2b1b2ac3
2b1c624f
2b1d9c4e
2b1ed8c2
2b2017b2
2b215923
2b229d18
2b23e399
2b252ca9
2b26784d
2b27c68b
2b291769
2b2a6aeb
2b2bc116
2b2d19f1
2b2e7580
2b2fd3c9
2b3134d1
2b32989e
2b33ff35
2b35689d
2b36d4da
2b3843f2
2b39b5eb
2b3b2acc
2b3ca298
2b3e1d58
2b3f9b10
2b411bc6
2b429f81
2b442646
2b45b01c
2b473d09
2b48cd12
2b4a603f
2b4bf695
2b4d901c
2b4f2cd8
2b50ccd1
2b52700d
2b541693
2b55c06a
2b576d97
2b591e22
2b5ad212
2b5c896d
2b5e443a
2b600280
2b61c446
2b638994
2b65526f
2b671ee0
2b68eeed
2b6ac29e
2b6c99fa
2b6e7508
2b7053d1
2b72365a
2b741cad
2b7606cf
2b77f4ca
2b79e6a5
2b7bdc68
2b7dd619
2b7fd3c3
2b80eab6
2b81ed8d
2b82f26d
2b83f959
2b850254
2b860d63
2b871a8b
2b8829cf
2b893b33
2b8a4ebd
2b8b6470
2b8c7c50
2b8d9663
2b8eb2ab
2b8fd12f
2b90f1f1
2b9214f8
2b933a47
2b9461e3
2b958bd0
2b96b813
2b97e6b2
2b9917b0
2b9a4b12
2b9b80de
2b9cb917
2b9df3c4
2b9f30e8
2ba07089
2ba1b2ac
2ba2f755
2ba43e8b
2ba58851
2ba6d4ae
2ba823a6
2ba9753e
2baac97c
2bac2066
2bad7a00
2baed650
2bb0355b
2bb19727
2bb2fbb9
2bb46318
2bb5cd48
2bb73a4f
2bb8aa33
2bba1cf9
2bbb92a9
2bbd0b46
2bbe86d8
2bc00563
2bc186ef
2bc30b81
2bc4931f
2bc61dd0
2bc7ab99
2bc93c80
2bcad08d
2bcc67c4
2bce022e
2bcf9fcf
2bd140af
2bd2e4d4
2bd48c45
2bd63707
2bd7e523
2bd9969e
2bdb4b80
2bdd03cf
2bdebf91
2be07ecf
2be2418f
2be407d8
2be5d1b1
2be79f21
2be97030
2beb44e4
2bed1d46
2beef95c
2bf0d92e
2bf2bcc3
2bf4a423
2bf68f56
2bf87e63
2bfa7152
2bfc682b
2bfe62f5
2c0030dd
2c01323f
2c0235a7
2c033b17
2c044295
2c054c23
2c0657c7
2c076584
2c08755e
2c09875b
2c0a9b7d
2c0bb1ca
2c0cca46
2c0de4f4
2c0f01db
2c1020fd
2c114260
2c126608
2c138bfa
2c14b43a
2c15decc
2c170bb7
2c183afd
2c196ca4
2c1aa0b1
2c1bd729
2c1d100f
2c1e4b6a
2c1f893f
2c20c991
2c220c67
2c2351c4
2c2499af
2c25e42d
2c273142
2c2880f4
2c29d347
2c2b2842
2c2c7fea
2c2dda44
2c2f3755
2c309723
2c31f9b3
2c335f0c
2c34c731
2c36322a
2c379ffc
2c3910ac
2c3a8441
2c3bfabf
2c3d742e
2c3ef092
2c406ff2
2c41f254
2c4377bd
2c450035
2c468bc0
2c481a66
2c49ac2c
2c4b4118
2c4cd932
2c4e747f
2c501306
2c51b4ce
2c5359dc
2c550237
2c56ade7
2c585cf1
2c5a0f5d
2c5bc531
2c5d7e74
2c5f3b2d
2c60fb63
2c62bf1d
2c648662
2c665139
2c681fa9
2c69f1ba
2c6bc772
2c6da0da
2c6f7df8
2c715ed4
2c734376
2c752be5
2c771828
2c790848
2c7afc4c
2c7cf43c
2c7ef020
2c807800
2c8179f1
2c827de9
2c8383ea
2c848bfa
2c85961b
2c86a253
2c87b0a6
2c88c117
2c89d3ac
2c8ae868
2c8bff4f
2c8d1866
2c8e33b2
2c8f5137
2c9070f8
2c9192fc
2c92b746
2c93dddb
2c9506bf
2c9631f7
2c975f88
2c988f77
2c99c1c8
2c9af680
2c9c2da3
2c9d6738
2c9ea342
2c9fe1c6
2ca122cb
2ca26653
2ca3ac66
2ca4f507
2ca6403b
2ca78e09
2ca8de75
2caa3185
2cab873d
2cacdfa3
2cae3abd
2caf9890
2cb0f922
2cb25c77
2cb3c295
2cb52b83
2cb69745
2cb805e2
2cb9775f
2cbaebc1
2cbc6310
2cbddd4f
2cbf5a87
2cc0dabc
2cc25df4
2cc3e435
2cc56d87
2cc6f9ee
2cc88970
2cca1c15
2ccbb1e3
2ccd4adf
2ccee710
2cd0867d
2cd2292d
2cd3cf24
2cd5786b
2cd72508
2cd8d502
2cda885f
2cdc3f25
2cddf95d
2cdfb70d
2ce1783c
2ce33cf1
2ce50532
2ce6d108
2ce8a079
2cea738c
2cec4a49
2cee24b8
2cf002df
2cf1e4c6
2cf3ca74
2cf5b3f2
2cf7a147
2cf9927a
2cfb8793
2cfd809b
2cff7d98
2d00bf4a
2d01c1cb
2d02c652
2d03cce5
2d04d587
2d05e03d
2d06ed0a
2d07fbf2
2d090cfb
2d0a2028
2d0b357d
2d0c4cff
2d0d66b2
2d0e829b
2d0fa0be
2d10c120
2d11e3c4
2d1308b0
2d142fe9
2d155971
2d168550
2d17b388
2d18e420
2d1a171a
2d1b4c7e
2d1c844e
2d1dbe90
2d1efb4a
2d203a7f
2d217c36
2d22c072
2d240739
2d255090
2d269c7d
2d27eb04
2d293c2b
2d2a8ff6
2d2be66c
2d2d3f92
2d2e9b6c
2d2ffa01
2d315b56
2d32bf71
2d342656
2d35900c
2d36fc98
2d386c00
2d39de4a
2d3b537b
2d3ccb9a
2d3e46ac
2d3fc4b6
2d4145c0
2d42c9d0
2d4450ea
2d45db15
2d476858
2d48f8b9
2d4a8c3d
2d4c22ec
2d4dbccb
2d4f59e1
2d50fa35
2d529dcc
2d5444ae
2d55eee1
2d579c6c
2d594d55
2d5b01a3
2d5cb95e
2d5e748b
2d603332
2d61f55a
2d63bb0a
2d658449
2d67511e
2d692190
2d6af5a6
2d6ccd69
2d6ea8de
2d70880f
2d726b01
2d7451bd
2d763c4b
2d782ab1
2d7a1cf8
2d7c1327
2d7e0d47
2d8005b0
2d8106bc
2d8209cc
2d830ee4
2d841609
2d851f3e
2d862a87
2d8737e9
2d884768
2d895908
2d8a6cce
2d8b82bd
2d8c9ada
2d8db52a
2d8ed1b0
2d8ff072
2d911174
2d9234b9
2d935a48
2d948224
2d95ac52
2d96d8d7
2d9807b7
2d9938f7
2d9a6c9c
2d9ba2ab
2d9cdb29
2d9e161a
2d9f5383
2da09369
2da1d5d2
2da31ac2
2da4623f
2da5ac4d
2da6f8f2
2da84832
2da99a14
2daaee9d
2dac45d1
2dad9fb6
2daefc51
2db05ba9
2db1bdc2
2db322a2
2db48a4e
2db5f4cd
2db76223
2db8d257
2dba456e
2dbbbb6f
2dbd345e
2dbeb042
2dc02f21
2dc1b101
2dc335e7
2dc4bdda
2dc648e1
2dc7d700
2dc9683f
2dcafca3
2dcc9433
2dce2ef6
2dcfccf1
2dd16e2c
2dd312ac
2dd4ba79
2dd66598
2dd81411
2dd9c5eb
2ddb7b2b
2ddd33da
2ddeeffd
2de0af9c
2de272be
2de43969
2de603a6
2de7d17a
2de9a2ee
2deb7809
2ded50d1
2def2d4e
2df10d89
2df2f187
2df4d951
2df6c4ef
2df8b467
2dfaa7c3
2dfc9f09
2dfe9a42
2e004cba
2e014e55
2e0251f5
2e03579e
2e045f55
2e05691d
2e0674fb
2e0782f2
2e089308
2e09a540
2e0ab99e
2e0bd028
2e0ce8e0
2e0e03cd
2e0f20f1
2e104052
2e1161f4
2e1285db
2e13ac0d
2e14d48d
2e15ff61
2e172c8c
2e185c14
2e198dfe
2e1ac24e
2e1bf909
2e1d3234
2e1e6dd3
2e1fabed
2e20ec85
2e222fa0
2e237545
2e24bd77
2e26083c
2e27559a
2e28a595
2e29f832
2e2b4d77
2e2ca56a
2e2e000f
2e2f5d6c
2e30bd86
2e322064
2e33860a
2e34ee7e
2e3659c5
2e37c7e7
2e3938e7
2e3aaccc
2e3c239c
2e3d9d5d
2e3f1a13
2e4099c7
2e421c7d
2e43a23b
2e452b08
2e46b6e9
2e4845e5
2e49d803
2e4b6d47
2e4d05ba
2e4ea160
2e504042
2e51e264
2e5387cd
2e553085
2e56dc92
2e588bfa
2e5a3ec4
2e5bf4f7
2e5dae9a
2e5f6bb4
2e612c4b
2e62f067
2e64b80f
2e66834a
2e68521f
2e6a2495
2e6bfab3
2e6dd482
2e6fb208
2e71934d
2e737858
2e756130
2e774ddf
2e793e6a
2e7b32db
2e7d2b39
2e7f278b
2e8093ed
2e819616
2e829a46
2e83a081
2e84a8ca
2e85b325
2e86bf98
2e87ce25
2e88ded2
2e89f1a2
2e8b069a
2e8c1dbe
2e8d3712
2e8e529b
2e8f705e
2e90905e
2e91b2a1
2e92d72a
2e93fdff
2e952724
2e96529d
2e978070
2e98b0a1
2e99e334
2e9b182f
2e9c4f96
2e9d896f
2e9ec5be
2ea00488
2ea145d2
2ea289a1
2ea3cffa
2ea518e2
2ea6645f
2ea7b275
2ea9032b
2eaa5684
2eabac86
2ead0538
2eae609d
2eafbebc
2eb11f9a
2eb2833c
2eb3e9a9
2eb552e5
2eb6bef6
2eb82de3
2eb99fb0
2ebb1463
2ebc8c03
2ebe0695
2ebf841f
2ec104a8
2ec28834
2ec40ecb
2ec59871
2ec7252e
2ec8b508
2eca4805
2ecbde2a
2ecd777f
2ecf140a
2ed0b3d2
2ed256dc
2ed3fd2f
2ed5a6d3
2ed753cd
2ed90424
2edab7e0
2edc6f06
2ede299e
2edfe7af
2ee1a93f
2ee36e56
2ee536fb
2ee70334
2ee8d30a
2eeaa683
2eec7da7
2eee587c
2ef0370b
2ef2195b
2ef3ff73
2ef5e95b
2ef7d71b
2ef9c8ba
2efbbe40
2efdb7b6
2effb522
2f00db46
2f01ddff
2f02e2c0
2f03e98c
2f04f267
2f05fd57
2f070a5e
2f081982
2f092ac6
2f0a3e2e
2f0b53c0
2f0c6b7f
2f0d856f
2f0ea196
2f0fbff7
2f10e097
2f12037b
2f1328a7
2f14501f
2f1579e9
2f16a608
2f17d482
2f19055c
2f1a3899
2f1b6e40
2f1ca654
2f1de0db
2f1f1dd9
2f205d54
2f219f50
2f22e3d3
2f242ae1
2f257480
2f26c0b5
2f280f85
2f2960f5
2f2ab50a
2f2c0bca
2f2d653b
2f2ec161
2f302042
2f3181e4
2f32e64c
2f344d7f
2f35b784
2f37245f
2f389417
2f3a06b1
2f3b7c34
2f3cf4a4
2f3e7008
2f3fee66
2f416fc4
2f42f427
2f447b97
2f460618
2f4793b1
2f492469
2f4ab845
2f4c4f4c
2f4de984
2f4f86f4
2f5127a2
2f52cb95
2f5472d3
2f561d62
2f57cb4a
2f597c92
2f5b313f
2f5ce959
2f5ea4e7
2f6063ef
2f622679
2f63ec8b
2f65b62d
2f678366
2f69543d
2f6b28b9
2f6d00e2
2f6edcbf
2f70bc58
2f729fb3
2f7486d9
2f7671d1
2f7860a3
2f7a5356
2f7c49f3
2f7e4481
2f802184
2f8122c8
2f822610
2f832b61
2f8432bf
2f853c2e
2f8647b1
2f87554e
2f886508
2f8976e4
2f8a8ae5
2f8ba111
2f8cb96b
2f8dd3f8
2f8ef0bc
2f900fbc
2f9130fc
2f925482
2f937a50
2f94a26c
2f95ccdb
2f96f9a1
2f9828c3
2f995a46
2f9a8e2e
2f9bc480
2f9cfd42
2f9e3877
2f9f7625
2fa0b651
2fa1f900
2fa33e37
2fa485fb
2fa5d051
2fa71d3e
2fa86cc7
2fa9bef3
2fab13c5
2fac6b43
2fadc574
2faf225b
2fb081ff
2fb1e465
2fb34992
2fb4b18d
2fb61c5a
2fb78a00
2fb8fa84
2fba6dec
2fbbe43e
2fbd5d7f
2fbed9b6
2fc058e8
2fc1db1c
2fc36056
2fc4e89f
2fc673fb
2fc80271
2fc99407
2fcb28c3
2fccc0ac
2fce5bc8
2fcffa1d
2fd19bb3
2fd3408e
2fd4e8b7
2fd69433
2fd8430a
2fd9f542
2fdbaae1
2fdd63f0
2fdf2073
2fe0e074
2fe2a3f8
2fe46b06
2fe635a6
2fe803df
2fe9d5b8
2febab38
2fed8467
2fef614c
2ff141ef
2ff32657
2ff50e8b
2ff6fa93
2ff8ea78
2ffade40
2ffcd5f3
2ffed19a
3000689e
30016a71
30026e49
3003742b
30047c1b
3005861d
30069235
3007a067
3008b0b8
3009c32c
300ad7c6
300bee8c
300d0782
300e22ac
300f400e
30105fad
3011818e
3012a5b5
3013cc27
3014f4e7
30161ffc
30174d69
30187d33
3019af5f
301ae3f2
301c1af1
301d5460
301e9044
301fcea2
30210f80
302252e2
302398cd
3024e147
30262c54
302779fa
3028ca3e
302a1d25
302b72b4
302ccaf1
302e25e2
302f838b
3030e3f2
3032471c
3033ad10
303515d2
30368169
3037efda
3039612a
303ad560
303c4c82
303dc694
303f439e
3040c3a5
304246af
3043ccc2
304555e4
3046e21b
3048716e
304a03e3
304b9980
304d324b
304ece4b
30506d87
30521004
3053b5c9
30555edd
30570b46
3058bb0c
305a6e35
305c24c7
305ddeca
305f9c45
30615d3e
306321bc
3064e9c7
3066b566
3068849f
306a577a
306c2dff
306e0835
306fe623
3071c7d0
3073ad44
30759688
307783a1
30797499
307b6976
307d6241
307f5f02
3080afe0
3081b242
3082b6aa
3083bd1e
3084c5a0
3085d036
3086dce2
3087ebab
3088fc92
308a0f9e
308b24d2
308c3c33
308d55c5
308e718c
308f8f8c
3090afcb
3091d24d
3092f716
30941e2b
30954790
3096734b
3097a15f
3098d1d2
309a04a8
309b39e6
309c7191
309dabae
309ee841
30a02751
30a168e0
30a2acf6
30a3f396
30a53cc6
30a6888b
30a7d6ea
30a927e8
30aa7b8b
30abd1d8
30ad2ad4
30ae8685
30afe4f0
30b1461b
30b2aa0a
30b410c5
30b57a4f
30b6e6b0
30b855ec
30b9c809
30bb3d0e
30bcb500
30be2fe4
30bfadc1
30c12e9d
30c2b27e
30c43969
30c5c365
30c75079
30c8e0a9
30ca73fd
30cc0a7b
30cda429
30cf410e
30d0e130
30d28495
30d42b44
30d5d544
30d7829c
30d93351
30dae76b
30dc9ef1
30de59e9
30e0185b
30e1da4d
30e39fc6
30e568ce
30e7356c
30e905a7
30ead985
30ecb10f
30ee8c4c
30f06b43
30f24dfb
30f4347d
30f61ed0
30f80cfb
30f9ff06
30fbf4fa
30fdeedd
30ffecb8
3100f749
3101fa3a
3102ff33
31040639
31050f4e
31061a77
310727b9
31083717
31094897
310a5c3b
310b7209
310c8a05
310da433
310ec097
310fdf37
31110015
31122338
311348a4
3114705c
31159a67
3116c6c8
3117f584
3119269f
311a5a20
311b9009
311cc861
311e032d
311f4070
31208030
3121c272
3123073b
31244e91
31259877
3126e4f4
3128340d
312985c6
312ada26
312c3131
312d8aec
312ee75e
3130468c
3131a87a
31330d2f
313474b1
3135df04
31374c2f
3138bc37
313a2f22
313ba4f5
313d1db7
313e996e
3140181f
314199d0
31431e88
3144a64d
31463124
3147bf13
31495022
314ae456
314c7bb5
314e1647
314fb411
31515519
3152f967
3154a101
31564bed
3157fa33
3159abd9
315b60e5
315d195e
315ed54c
316094b6
316257a2
31641e17
3165e81c
3167b5ba
316986f6
316b5bd8
316d3468
316f10ac
3170f0ad
3172d471
3174bc01
3176a764
317896a1
317a89c1
317c80cb
317e7bc7
31803d5e
31813eda
3182425b
318347e5
31844f7c
31855924
318664e2
318772b9
318882ae
318994c5
318aa903
318bbf6b
318cd802
318df2cc
318f0fcf
31902f0d
3191508c
31927451
31939a5f
3194c2bc
3195ed6b
31971a73
319849d7
31997b9c
319aafc7
319be65d
319d1f62
319e5adc
319f98cf
31a0d941
31a21c36
31a361b3
31a4a9be
31a5f45c
31a74191
31a89164
31a9e3d9
31ab38f5
31ac90be
31adeb3a
31af486d
31b0a85d
31b20b10
31b3708b
31b4d8d4
31b643f1
31b7b1e6
31b922ba
31ba9673
31bc0d16
31bd86a9
31bf0333
31c082b8
31c2053f
31c38acf
31c5136d
31c69f1f
31c82deb
31c9bfd8
31cb54ed
31cced2e
31ce88a4
31d02753
31d1c943
31d36e7a
31d516ff
31d6c2d8
31d8720d
31da24a3
31dbdaa2
31dd9410
31df50f4
31e11156
31e2d53c
31e49cad
31e667b1
31e8364e
31ea088d
31ebde73
31edb809
31ef9556
31f17661
31f35b32
31f543d0
31f73043
31f92094
31fb14c8
31fd0ce9
31ff08ff
32008488
32018693
32028aa4
320390bf
320498e8
3205a324
3206af76
3207bde3
3208ce6f
3209e11e
320af5f5
320c0cf7
320d262a
320e4191
320f5f32
32107f10
3211a130
3212c596
3213ec48
32151549
3216409e
32176e4d
32189e59
3219d0c8
321b059e
321c3ce0
321d7693
321eb2bc
321ff15f
32213283
3222762b
3223bc5d
3225051e
32265073
32279e62
3228eeef
322a421f
322b97f9
322cf081
322e4bbd
322fa9b2
32310a65
32326ddd
3233d41f
32353d30
3236a915
323817d6
32398977
323afdfe
323c7571
323defd5
323f6d32
3240ed8c
324270ea
3243f752
324580c9
32470d57
32489d01
324a2fcd
324bc5c2
324d5ee6
324efb40
32509ad5
32523dad
3253e3ce
32558d3f
32573a05
3258ea29
325a9db0
325c54a2
325e0f05
325fcce1
32618e3b
3263531c
32651b8a
3266e78c
3268b72a
326a8a6b
326c6157
326e3bf3
32701a49
3271fc5f
3273e23d
3275cbea
3277b96f
3279aad3
327ba01d
327d9956
327f9685
3280cbd9
3281ce73
3282d314
3283d9c1
3284e27d
3285ed4c
3286fa33
32880936
32891a5a
328a2da1
328b4312
328c5aaf
328d747e
328e9082
328faec1
3290cf3f
3291f200
32931708
32943e5d
32956803
329693ff
3297c255
3298f30a
329a2623
329b5ba4
329c9393
329dcdf4
329f0acc
32a04a21
32a18bf7
32a2d052
32a4173a
32a560b1
32a6acbe
32a7fb66
32a94cad
32aaa09a
32abf732
32ad5079
32aeac75
32b00b2c
32b16ca4
32b2d0e1
32b437e9
32b5a1c2
32b70e72
32b87dfe
32b9f06c
32bb65c2
32bcde05
32be593c
32bfd76c
32c1589b
32c2dcd0
32c46411
32c5ee63
32c77bcc
32c90c54
32caa000
32cc36d6
32cdd0dd
32cf6e1c
32d10e98
32d2b258
32d45963
32d603c0
32d7b175
32d96288
32db1701
32dccee6
32de8a3f
32e04912
32e20b65
32e3d142
32e59aad
32e767af
32e9384e
32eb0c92
32ece483
32eec027
32f09f86
32f282a7
32f46993
32f65450
32f842e7
32fa355e
32fc2bbf
32fe2610
3300122d
33011352
3302167c
33031bad
330422ec
33052c3a
3306379e
3307451a
330854b4
3309666e
330a7a4f
330b9059
330ca892
330dc2fd
330edf9f
330ffe7d
33111f9b
331242fd
331368a8
331490a1
3315baec
3316e78e
3318168c
331947ea
331a7bad
331bb1da
331cea76
331e2586
331f630e
3320a314
3321e59c
33232aac
33247248
3325bc77
3327093c
3328589d
3329aaa0
332aff4a
332c569f
332db0a6
332f0d63
33306cdd
3331cf19
3333341b
33349beb
3336068d
33377407
3338e45f
333a579b
333bcdbf
333d46d3
333ec2dd
334041e1
3341c3e6
334348f3
3344d10c
33465c39
3347ea7f
33497be5
334b1071
334ca829
334e4313
334fe137
3351829a
33532744
3354cf3a
33567a83
33582926
3359db2a
335b9095
335d496e
335f05bd
3360c588
336288d5
33644fad
33661a16
3367e818
3369b9b9
336b8f01
336d67f8
336f44a4
3371250d
3373093a
3374f134
3376dd02
3378ccab
337ac037
337cb7ae
337eb318
3380593f
33815af3
33825eac
3383646f
33846c3f
33857621
33868219
3387902b
3388a05b
3389b2ae
338ac727
338bddcc
338cf6a0
338e11a8
338f2ee8
33904e65
33917023
33929427
3393ba75
3394e312
33960e03
33973b4c
33986af2
33999cf9
339ad167
339c0840
339d418a
339e7d48
339fbb80
33a0fc38
33a23f73
33a38537
33a4cd8a
33a6186f
33a765ed
33a8b609
33aa08c7
33ab5e2d
33acb641
33ae1108
33af6e87
33b0cec4
33b231c4
33b3978d
33b50024
33b66b90
33b7d9d5
33b94af9
33babf02
33bc35f7
33bdafdc
33bf2cb8
33c0ac91
33c22f6d
33c3b551
33c53e44
33c6ca4c
33c8596f
33c9ebb4
33cb8120
33cd19ba
33ceb589
33d05493
33d1f6dd
33d39c70
33d54551
33d6f188
33d8a11a
33da540e
33dc0a6c
33ddc43a
33df8180
33e14243
33e3068b
33e4ce5f
33e699c7
33e868c9
33ea3b6c
33ec11b9
33edebb6
33efc96a
33f1aade
33f39018
33f57921
33f765ff
33f956bb
33fb4b5d
33fd43eb
33ff406f
3400a078
3401a2bb
3402a704
3403ad58
3404b5bb
3405c030
3406ccbd
3407db65
3408ec2c
3409ff17
340b142a
340c2b69
340d44d9
340e607e
340f7e5c
34109e79
3411c0d8
3412e57e
34140c6f
341535b1
34166148
34178f38
3418bf86
3419f237
341b2751
341c5ed6
341d98ce
341ed53b
34201424
3421558d
3422997c
3423dff5
342528fe
3426749b
3427c2d2
342913a8
342a6722
342bbd46
342d1619
342e71a0
342fcfe1
343130e2
343294a7
3433fb36
34356495
3436d0ca
34383fda
3439b1cc
343b26a4
343c9e68
343e191f
343f96cf
3441177c
34429b2e
344421eb
3445abb8
3447389c
34480038
3448c89d
344991ca
344a5bc1
344b2682
344bf20e
344cbe66
344d8b8b
344e597d
344f283e
344ff7ce
3450c82e
3451995f
34526b61
34533e36
345411de
3454e65a
3455bbab
345691d1
345768cf
345840a3
34591950
3459f2d6
345acd36
345ba871
345c8487
345d617a
345e3f4b
345f1df9
345ffd87
3460ddf4
3461bf43
3462a173
34638486
3464687d
34654d57
34663318
346719be
3468014b
3468e9c1
3469d31f
346abd67
346ba89a
346c94b9
346d81c4
346e6fbd
346f5ea4
34704e7a
34713f41
347230f9
347323a3
34741741
34750bd2
34760159
3476f7d5
3477ef49
3478e7b4
3479e118
347adb77
347bd6d0
347cd325
347dd076
347ecec6
347fce14
34806731
3480e7d9
34816901
3481eaab
34826cd7
3482ef85
348372b6
3483f66a
34847aa3
3484ff60
348584a2
34860a69
348690b7
3487178b
34879ee6
348826c9
3488af34
34893827
3489c1a4
348a4bab
348ad63c
348b6157
348becff
348c7932
348d05f1
348d933e
348e2118
348eaf80
348f3e77
348fcdfd
34905e13
3490eeb9
34917ff1
349211ba
3492a414
34933702
3493ca83
34945e97
3494f340
3495887e
34961e51
3496b4bb
34974bbb
3497e352
34987b82
34991449
3499adaa
349a47a5
349ae23a
349b7d6a
349c1935
349cb59c
349d52a0
349df042
349e8e81
349f2d5f
349fccdc
34a06cf9
34a10db6
34a1af15
34a25115
34a2f3b7
34a396fc
34a43ae5
34a4df72
34a584a4
34a62a7c
34a6d0f9
34a7781e
34a81fea
34a8c85e
34a9717b
34aa1b41
34aac5b1
34ab70cd
34ac1c93
34acc906
34ad7626
34ae23f3
34aed26e
34af8198
34b03171
34b0e1fb
34b19335
34b24521
34b2f7c0
34b3ab11
34b45f16
34b513d0
34b5c93e
34b67f62
34b7363d
34b7edcf
34b8a619
34b95f1b
34ba18d7
34bad34d
34bb8e7e
34bc4a6b
34bd0713
34bdc479
34be829c
34bf417e
34c00120
34c0c181
34c182a3
34c24486
34c3072c
34c3ca95
34c48ec2
34c553b3
34c61969
34c6dfe6
34c7a729
34c86f35
34c93808
34ca01a5
34cacc0c
34cb973d
34cc633a
34cd3004
34cdfd9b
34cecbff
34cf9b33
34d06b36
34d13c0a
34d20dae
34d2e025
34d3b36f
34d4878c
34d55c7e
34d63246
34d708e3
34d7e058
34d8b8a4
34d991c9
34da6bc8
34db46a1
34dc2256
34dcfee6
34dddc54
34deba9f
34df99c9
34e079d3
34e15abd
34e23c89
34e31f36
34e402c7
34e4e73c
34e5cc96
34e6b2d6
34e799fc
34e8820a
34e96b00
34ea54e0
34eb3fab
34ec2b60
34ed1802
34ee0590
34eef40d
34efe379
34f0d3d4
34f1c521
34f2b75f
34f3aa90
34f49eb4
34f593cd
34f689dc
34f780e2
34f878de
34f971d4
34fa6bc2
34fb66ab
34fc6290
34fd5f71
34fe5d4f
34ff5c2c
35002e04
3500ae72
35012f61
3501b0d1
350232c3
3502b537
3503382d
3503bba7
35043fa5
3504c427
3505492d
3505ceb9
350654cb
3506db63
35076282
3507ea28
35087256
3508fb0d
3509844d
350a0e16
350a9869
350b2347
350baeb0
350c3aa4
350cc725
350d5433
350de1ce
350e6ff7
350efeae
350f8df4
35101dca
3510ae30
35113f27
3511d0ae
351262c8
3512f574
351388b3
35141c86
3514b0ec
351545e8
3515db78
3516719f
3517085c
35179fb0
3518379b
3518d01f
3519693c
351a02f2
351a9d42
351b382d
351bd3b3
351c6fd4
351d0c92
351da9ee
351e47e7
351ee67e
351f85b4
35202589
3520c5ff
35216715
352208cd
3522ab27
35234e24
3523f1c4
35249608
35253af0
3525e07e
352686b1
35272d8b
3527d50d
35287d36
35292607
3529cf82
352a79a6
352b2475
352bcff0
352c7c16
352d28e8
352dd668
352e8495
352f3371
352fe2fc
35309337
35314423
3531f5c0
3532a80e
35335b10
35340ec5
3534c32e
3535784b
35362e1f
3536e4a8
35379be8
353853e0
35390c90
3539c5f9
353a801c
353b3afa
353bf693
353cb2e7
353d6ff9
353e2dc7
353eec54
353faba0
35406bac
35412c78
3541ee05
3542b054
35437366
3544373b
3544fbd5
3545c133
35468757
35474e42
354815f4
3548de6e
3549a7b1
354a71be
354b3c95
354c0837
354cd4a6
354da1e1
354e6fea
354f3ec1
35500e67
3550dede
3551b025
3552823f
3553552a
355428e9
3554fd7c
3555d2e4
3556a922
35578037
35585823
355930e8
355a0a85
355ae4fd
355bc04f
355c9c7e
355d7989
355e5771
355f3638
356015de
3560f664
3561d7cb
3562ba14
35639d3f
3564814f
35656642
35664c1b
356732db
35681a81
35690310
3569ec88
356ad6ea
356bc236
356cae6e
356d9b93
356e89a6
356f78a7
35706897
35715978
35724b4b
35733e0f
357431c7
35752673
35761c14
357712ac
35780a3a
357902c0
3579fc40
357af6b9
357bf22d
357cee9e
357dec0b
357eea76
357fe9e0
35807525
3580f5db
35817711
3581f8c9
35827b03
3582fdbf
358380fe
358404c1
35848908
35850dd4
35859324
358618fa
35869f56
35872639
3587ada3
35883594
3588be0e
35894711
3589d09c
358a5ab2
358ae552
358b707d
358bfc33
358c8875
358d1544
358da2a0
358e308a
358ebf01
358f4e08
358fdd9e
35906dc3
3590fe79
35918fc0
35922199
3592b404
35934701
3593da92
35946eb7
35950370
359598be
35962ea1
3596c51b
35975c2c
3597f3d4
35988c13
359924ec
3599be5e
359a5869
359af30f
359b8e4f
359c2a2b
359cc6a4
359d63b9
359e016b
359e9fbc
359f3eab
359fde39
35a07e68
35a11f36
35a1c0a6
35a262b8
35a3056c
35a3a8c3
35a44cbe
35a4f15d
35a596a1
35a63c8a
35a6e31a
35a78a51
35a8322f
35a8dab5
35a983e4
35aa2dbd
35aad840
35ab836e
35ac2f47
35acdbcd
35ad88ff
35ae36df
35aee56d
35af94aa
35b04497
35b0f533
35b1a681
35b25881
35b30b32
35b3be97
35b472b0
35b5277d
35b5dcff
35b69337
35b74a26
35b801cc
35b8ba2a
35b97340
35ba2d10
35bae79b
35bba2e0
35bc5ee1
35bd1b9e
35bdd918
35be9750
35bf5647
35c015fd
35c0d673
35c197aa
35c259a3
35c31c5e
35c3dfdc
35c4a41e
35c56924
35c62ef0
35c6f582
35c7bcdb
35c884fc
35c94de6
35ca1798
35cae215
35cbad5d
35cc7970
35cd4650
35ce13fd
35cee278
35cfb1c2
35d081dc
35d152c6
35d22482
35d2f710
35d3ca70
35d49ea5
35d573ae
35d6498c
35d72041
35d7f7cd
35d8d031
35d9a96e
35da8384
35db5e75
35dc3a41
35dd16ea
35ddf46f
35ded2d3
35dfb215
35e09237
35e1733a
35e2551e
35e337e5
35e41b8e
35e5001c
35e5e58f
35e6cbe8
35e7b327
35e89b4e
35e9845e
35ea6e57
35eb593b
35ec450a
35ed31c5
35ee1f6e
35ef0e04
35effd8a
35f0ee00
35f1df66
35f2d1bf
35f3c50a
35f4b949
35f5ae7d
35f6a4a7
35f79bc7
35f893de
35f98cef
35fa86f9
35fb81fd
35fc7dfd
35fd7af9
35fe78f3
35ff77ec
36003bf2
3600bc6e
36013d6b
3601bee9
360240e9
3602c36b
36034670
3603c9f8
36044e04
3604d294
360557a9
3605dd44
36066364
3606ea0b
36077138
3607f8ed
3608812a
360909f0
3609933e
360a1d16
360aa779
360b3265
360bbdde
360c49e1
360cd671
360d638e
360df139
360e7f71
360f0e38
360f9d8e
36102d73
3610bde9
36114eef
3611e087
361272b0
3613056c
361398bb
36142c9e
3614c115
36155620
3615ebc1
361681f8
361718c5
3617b02a
36184826
3618e0ba
361979e8
361a13ae
361aae0f
361b490b
361be4a1
361c80d4
361d1da3
361dbb10
361e591a
361ef7c2
361f9709
362036f0
3620d777
3621789f
36221a69
3622bcd4
36235fe3
36240394
3624a7ea
36254ce5
3625f284
362698ca
36273fb6
3627e749
36288f85
36293869
3629e1f6
362a8c2d
362b370e
362be29b
362c8ed4
362d3bb9
362de94b
362e978c
362f467b
362ff619
3630a667
36315766
36320916
3632bb78
36336e8d
36342256
3634d6d2
36358c04
363641eb
3636f888
3637afdc
363867e8
363920ac
3639da29
363a9461
363b4f52
363c0aff
363cc769
363d848e
363e4272
363f0114
363fc074
36408095
36414176
36420318
3642c57c
364388a3
36444c8e
3645113d
3645d6b0
36469cea
364763ea
36482bb2
3648f442
3649bd9b
364a87be
364b52ab
364c1e63
364ceae8
364db839
364e8659
364f5546
36502503
3650f591
3651c6ef
3652991f
36536c21
36543ff7
365514a1
3655ea21
3656c076
365797a2
36586fa6
36594882
365a2237
365afcc6
365bd831
365cb477
365d919a
365e6f9a
365f4e79
36602e38
36610ed6
3661f056
3662d2b7
3663b5fb
36649a23
36657f30
36666522
36674bfa
366833ba
36691c62
366a05f3
366af06e
366bdbd4
366cc826
366db565
366ea392
366f92ad
367082b7
367173b2
3672659f
3673587e
36744c50
36754117
367636d3
36772d85
3678252e
36791dcf
367a176a
367b11ff
367c0d8e
367d0a1a
367e07a3
367f062a
368002d8
3680831b
368103de
36818523
368206e9
36828931
36830bfb
36838f49
3684131a
3684976f
36851c49
3685a1a8
3686278c
3686adf7
368734e8
3687bc61
36884461
3688ccea
368955fb
3689df96
368a69bb
368af46a
368b7fa4
368c0b69
368c97bb
368d2499
368db204
368e3ffd
368ece84
368f5d9a
368fed40
36907d75
36910e3b
36919f92
3692317a
3692c3f5
36935702
3693eaa3
36947ed8
369513a1
3695a8ff
36963ef3
3696d57d
36976c9e
36980457
36989ca7
36993590
3699cf12
369a692f
369b03e5
369b9f37
369c3b24
369cd7ad
369d74d3
369e1297
369eb0f9
369f4ff9
369fef99
36a08fd8
36a130b9
36a1d23a
36a2745d
36a31723
36a3ba8c
36a45e98
36a50349
36a5a89f
36a64e9b
36a6f53d
36a79c85
36a84476
36a8ed0e
36a99650
36aa403b
36aaead1
36ab9611
36ac41fd
36acee95
36ad9bdb
36ae49cd
36aef86e
36afa7be
36b057be
36b1086e
36b1b9cf
36b26be2
36b31ea7
36b3d220
36b4864c
36b53b2c
36b5f0c2
36b6a70e
36b75e11
36b815ca
36b8ce3c
36b98767
36ba414b
36bafbea
36bbb744
36bc7359
36bd302a
36bdedb9
36beac06
36bf6b12
36c02add
36c0eb68
36c1acb4
36c26ec1
36c33191
36c3f525
36c4b97c
36c57e98
36c64479
36c70b21
36c7d290
36c89ac7
36c963c6
36ca2d8e
36caf821
36cbc37f
36cc8fa8
36cd5c9e
36ce2a62
36cef8f3
36cfc854
36d09884
36d16985
36d23b58
36d30dfc
36d3e174
36d4b5bf
36d58ae0
36d660d5
36d737a2
36d80f45
36d8e7c0
36d9c115
36da9b43
36db764c
36dc5230
36dd2ef0
36de0c8e
36deeb0a
36dfca64
36e0aa9f
36e18bba
36e26db7
36e35096
36e43458
36e518ff
36e5fe8a
36e6e4fc
36e7cc55
36e8b495
36e99dbe
36ea87d1
36eb72ce
36ec5eb7
36ed4b8c
36ee394e
36ef27ff
36f0179e
36f1082e
36f1f9af
36f2ec22
36f3df88
36f4d3e1
36f5c930
36f6bf74
36f7b6af
36f8aee2
36f9a80d
36faa232
36fb9d52
36fc996d
36fd9685
36fe949a
36ff93ae
370049e1
3700ca6b
37014b76
3701cd02
37024f10
3702d1a1
370354b4
3703d84a
37045c64
3704e103
37056627
3705ebd0
370671fe
3706f8b4
37077ff0
370807b4
37089000
370918d4
3709a231
370a2c18
370ab68a
370b4186
370bcd0d
370c5920
370ce5bf
370d72ec
370e00a5
370e8eed
370f1dc3
370fad29
37103d1e
3710cda3
37115eb9
3711f061
3712829a
37131566
3713a8c5
37143cb8
3714d13f
3715665b
3715fc0c
37169253
37172931
3717c0a6
371858b2
3718f157
37198a95
371a246d
371abede
371b59eb
371bf592
371c91d6
371d2eb6
371dcc33
371e6a4f
371f0908
371fa861
37204859
3720e8f2
37218a2b
37222c06
3722ce84
372371a4
37241567
3724b9cf
37255edb
3726048d
3726aae4
372751e3
3727f988
3728a1d6
37294acc
3729f46c
372a9eb5
372b49a9
372bf549
372ca194
372d4e8c
372dfc31
372eaa85
372f5987
37300938
3730b999
37316aab
37321c6f
3732cee5
3733820d
373435e9
3734ea79
37359fbe
373655b9
37370c6a
3737c3d2
37387bf2
373934ca
3739ee5b
373aa8a7
373b63ad
373c1f6e
373cdbec
373d9927
373e571f
373f15d5
373fd54b
37409580
37415676
3742182d
3742daa6
37439de3
374461e2
374526a7
3745ec30
3746b27f
37477995
37484173
37490a18
3749d387
374a9dc0
374b68c3
374c3492
374d012c
374dce94
374e9cca
374f6bce
37503ba2
37510c46
3751ddba
3752b001
3753831b
37545708
37552bc9
37560160
3756d7cc
3757af0f
3758872a
3759601e
375a39eb
375b1492
375bf014
375ccc73
375da9ae
375e87c6
375f66bd
37604694
3761274b
376208e3
3762eb5d
3763ceba
3764b2fb
37659820
37667e2b
3767651d
37684cf6
376935b7
376a1f62
376b09f6
376bf576
376ce1e1
376dcf3a
376ebd80
376facb5
37709cda
37718def
37727ff6
377372ef
377466dc
37755bbd
37765194
37774861
37784025
377938e2
377a3297
377b2d47
377c28f2
377d2599
377e233e
377f21e0
378010c1
37809112
378111e3
37819336
3782150a
37829760
37831a39
37839d95
37842174
3784a5d8
37852ac0
3785b02d
37863620
3786bc9a
3787439a
3787cb21
37885330
3788dbc8
378964e8
3789ee92
378a78c5
378b0383
378b8ecc
378c1aa1
378ca702
378d33ef
378dc16a
378e4f72
378ede09
378f6d2f
378ffce4
37908d29
37911dfe
3791af65
3792415d
3792d3e8
37936705
3793fab6
37948efb
379523d4
3795b943
37964f47
3796e5e1
37977d13
379814dc
3798ad3d
37994636
3799dfc9
379a79f6
379b14bd
379bb020
379c4c1e
379ce8b8
379d85ef
379e23c4
379ec237
379f6149
37a000fa
37a0a14b
37a1423d
37a1e3d0
37a28605
37a328dc
37a3cc57
37a47075
37a51538
37a5baa0
37a660ad
37a70761
37a7aebc
37a856bf
37a8ff6a
37a9a8be
37aa52bb
37aafd64
37aba8b6
37ac54b5
37ad0160
37adaeb8
37ae5cbe
37af0b72
37afbad5
37b06ae8
37b11bab
37b1cd1f
37b27f45
37b3321e
37b3e5aa
37b499ea
37b54ede
37b60488
37b6bae7
37b771fe
37b829cb
37b8e251
37b99b90
37ba5589
37bb103c
37bbcbaa
37bc87d3
37bd44b9
37be025d
37bec0be
37bf7fdf
37c03fbe
37c1005e
37c1c1bf
37c283e2
37c346c7
37c40a70
37c4cedd
37c5940e
37c65a05
37c720c2
37c7e847
37c8b093
37c979a8
37ca4387
37cb0e2f
37cbd9a3
37cca5e3
37cd72ef
37ce40c9
37cf0f71
37cfdee8
37d0af2f
37d18047
37d25230
37d324ec
37d3f87a
37d4ccdd
37d5a214
37d67821
37d74f05
37d826c0
37d8ff52
37d9d8be
37dab304
37db8e25
37dc6a21
37dd46f9
37de24af
37df0343
37dfe2b6
37e0c309
37e1a43c
37e28651
37e36949
37e44d24
37e531e4
37e61788
37e6fe13
37e7e585
37e8cdde
37e9b721
37eaa14d
37eb8c64
37ec7866
37ed6555
37ee5331
37ef41fc
37f031b5
37f1225f
37f213fa
37f30688
37f3fa08
37f4ee7c
37f5e3e5
37f6da44
37f7d19a
37f8c9e8
37f9c32e
37fabd6e
37fbb8a9
37fcb4e0
37fdb213
37feb044
37ffaf74
380057d2
3800d86a
38015983
3801db1d
38025d39
3802dfd8
380362f9
3803e69e
38046ac6
3804ef74
380574a6
3805fa5d
3806809a
3807075e
38078ea9
3808167c
38089ed7
380927ba
3809b126
380a3b1c
380ac59d
380b50a8
380bdc3e
380c6860
380cf50f
380d824b
380e1014
380e9e6b
380f2d51
380fbcc6
38104cca
3810dd60
38116e85
3812003d
38129286
38132562
3813b8d1
38144cd4
3814e16b
38157697
38160c58
3816a2b0
3817399e
3817d123
38186940
381901f6
38199b44
381a352d
381acfaf
381b6acc
381c0685
381ca2d9
381d3fcb
381ddd59
381e7b86
381f1a50
381fb9ba
382059c4
3820fa6e
38219bb9
38223da6
3822e035
38238366
3824273c
3824cbb5
382570d3
38261697
3826bd01
38276411
38280bc9
3828b429
38295d32
382a06e4
382ab140
382b5c46
382c07f8
382cb456
382d6161
382e0f19
382ebd80
382f6c95
38301c59
3830ccce
38317df3
38322fca
3832e253
3833958f
3834497e
3834fe22
3835b37b
38366989
3837204e
3837d7ca
38388ffe
383948ea
383a0290
383abcef
383b780a
383c33e0
383cf072
383dadc1
383e6bce
383f2a99
383fea23
3840aa6d
38416b78
38422d45
3842efd3
3843b324
3844773a
38453c13
384601b2
3846c817
38478f42
38485736
38491ff1
3849e976
384ab3c4
384b7edd
384c4ac2
384d1773
384de4f1
384eb33d
384f8258
38505242
385122fd
3851f489
3852c6e6
38539a17
38546e1b
385542f3
385618a1
3856ef25
3857c67f
38589eb2
385977bd
385a51a2
385b2c61
385c07fb
385ce471
385dc1c4
385e9ff5
385f7f04
38605ef3
38613fc2
38622173
38630406
3863e77b
3864cbd5
3865b113
38669737
38677e42
38686634
38694f0f
386a38d3
386b2381
386c0f1a
386cfb9f
386de911
386ed772
386fc6c1
3870b6ff
3871a82f
38729a50
38738d64
3874816b
38757667
38766c58
38776340
38785b1f
387953f7
387a4dc7
387b4892
387c4459
387d411b
387e3edb
387f3d9a
38801eab
38809f0a
38811fea
3881a14a
3882232c
3882a591
38832878
3883abe2
38842fd0
3884b442
38853938
3885beb4
388644b6
3886cb3e
3887524d
3887d9e3
38886201
3888eaa7
388973d6
3889fd8f
388a87d1
388b129f
388b9df7
388c29db
388cb64b
388d4347
388dd0d1
388e5ee9
388eed8f
388f7cc5
38900c89
38909cde
38912dc3
3891bf39
38925142
3892e3dc
3893770a
38940aca
38949f1f
38953409
3895c988
38965f9c
3896f647
38978d89
38982562
3898bdd4
389956de
3899f082
389a8abf
389b2597
389bc10b
389c5d1a
389cf9c5
389d970e
389e34f3
389ed378
389f729b
38a0125d
38a0b2c0
38a153c3
38a1f567
38a297ae
38a33a97
38a3de23
38a48253
38a52728
38a5cca2
38a672c2
38a71988
38a7c0f5
38a8690a
38a911c7
38a9bb2e
38aa653e
38ab0ff8
38abbb5e
38ac676f
38ad142d
38adc198
38ae6fb0
38af1e77
38afcded
38b07e13
38b12eea
38b1e071
38b292ab
38b34597
38b3f936
38b4ad8a
38b56292
38b6184f
38b6cec3
38b785ed
38b83dcf
38b8f669
38b9afbc
38ba69c8
38bb2490
38bbe012
38bc9c50
38bd594b
38be1703
38bed579
38bf94ae
38c054a3
38c11557
38c1d6cd
38c29905
38c35c00
38c41fbe
38c4e43f
38c5a986
38c66f93
38c73666
38c7fe00
38c8c662
38c98f8d
38ca5981
38cb2440
38cbefca
38ccbc20
38cd8943
38ce5733
38cf25f1
38cff57f
38d0c5dd
38d1970b
38d2690b
38d33bdd
38d40f83
38d4e3fd
38d5b94b
38d68f6f
38d7666a
38d83e3d
38d916e7
38d9f06b
38dacac8
38dba601
38dc8214
38dd5f05
38de3cd3
38df1b7f
38dffb0a
38e0db75
38e1bcc1
38e29eef
38e381ff
38e465f3
38e54acc
38e63089
38e7172d
38e7feb8
38e8e72b
38e9d087
38eabacc
38eba5fc
38ec9218
38ed7f21
38ee6d17
38ef5bfb
38f04bcf
38f13c93
38f22e49
38f320f0
38f4148b
38f5091a
38f5fe9d
38f6f517
38f7ec88
38f8e4f1
38f9de52
38fad8ae
38fbd404
38fcd056
38fdcda5
38fecbf2
38ffcb3d
390065c4
3900e66a
39016791
3901e93a
39026b64
3902ee10
39037140
3903f4f3
3904792a
3904fde6
39058326
390608ec
39068f38
3907160b
39079d64
39082546
3908adaf
390936a1
3909c01d
390a4a22
390ad4b1
390b5fcb
390beb71
390c77a2
390d0460
390d91ab
390e1f84
390eadea
390f3ce0
390fcc64
39105c79
3910ed1d
39117e53
3912101a
3912a274
3913355f
3913c8de
39145cf1
3914f199
391586d5
39161ca6
3916b30e
39174a0d
3917e1a3
391879d0
39191296
3919abf6
391a45ee
391ae082
391b7bb0
391c1779
391cb3df
391d50e1
391dee81
391e8cbe
391f2b9a
391fcb16
39206b31
39210bec
3921ad49
39224f47
3922f1e8
3923952b
39243912
3924dd9e
392582ce
392628a3
3926cf1f
39277642
39281e0c
3928c67e
39296f99
392a195e
392ac3cc
392b6ee5
392c1aaa
392cc71b
392d7439
392e2204
392ed07d
392f7fa5
39302f7c
3930e004
3931913d
39324327
3932f5c3
3933a912
39345d15
393511cd
3935c739
39367d5c
39373434
3937ebc4
3938a40c
39395d0d
393a16c6
393ad13a
393b8c69
393c4853
393d04fa
393dc25e
393e807f
393f3f5f
393ffefe
3940bf5d
3941807d
3942425e
39430502
3943c869
39448c93
39455182
39461736
3946ddb1
3947a4f2
39486cfb
394935cc
3949ff67
394ac9cb
394b94fa
394c60f5
394d2dbd
394dfb51
394ec9b4
394f98e5
395068e6
395139b7
39520b59
3952ddce
3953b115
39548530
39555a20
39562fe5
39570680
3957ddf2
3958b63c
39598f5f
395a695b
395b4432
395c1fe4
395cfc72
395dd9dd
395eb826
395f974e
39607755
3961583d
39623a06
39631cb1
3964003f
3964e4b2
3965ca09
3966b046
3967976a
39687f75
39696869
396a5246
396b3d0e
396c28c1
396d1560
396e02ec
396ef166
396fe0cf
3970d128
3971c271
3972b4ad
3973a7db
39749bfd
39759113
3976871f
39777e22
3978761c
39796f0f
397a68fa
397b63e1
397c5fc3
397d5ca1
397e5a7c
397f5956
39802c98
3980ad04
39812df2
3981af60
39823151
3982b3c3
398336b8
3983ba31
39843e2d
3984c2ad
398547b2
3985cd3d
3986534d
3986d9e4
39876101
3987e8a6
398870d3
3988f988
398982c6
398a0c8d
398a96df
398b21bb
398bad23
398c3916
398cc595
398d52a1
398de03b
398e6e62
398efd17
398f8c5c
39901c30
3990ac95
39913d8a
3991cf10
39926128
3992f3d2
39938710
39941ae1
3994af46
39954440
3995d9cf
39966ff3
399706af
39979e01
399835eb
3998ce6d
39996788
399a013c
399a9b8b
399b3673
399bd1f8
399c6e18
399d0ad4
399da82d
399e4625
399ee4ba
399f83ee
39a023c2
39a0c436
39a1654b
39a20701
39a2a959
39a34c54
39a3eff2
39a49434
39a5391a
39a5dea6
39a684d8
39a72bb0
39a7d32f
39a87b57
39a92426
39a9cd9f
39aa77c2
39ab228f
39abce07
39ac7a2b
39ad26fc
39add479
39ae82a5
39af317f
39afe108
39b09141
39b1422b
39b1f3c6
39b2a613
39b35912
39b40cc5
39b4c12c
39b57648
39b62c19
39b6e2a0
39b799de
39b851d4
39b90a82
39b9c3e9
39ba7e0a
39bb38e6
39bbf47c
39bcb0cf
39bd6dde
39be2bab
39beea36
39bfa97f
39c06989
39c12a53
39c1ebde
39c2ae2b
39c3713a
39c4350d
39c4f9a5
39c5bf01
39c68523
39c74c0c
39c813bb
39c8dc33
39c9a574
39ca6f7e
39cb3a53
39cc05f3
39ccd25f
39cd9f98
39ce6d9f
39cf3c74
39d00c18
39d0dc8c
39d1add1
39d27fe8
39d352d2
39d4268e
39d4fb1f
39d5d085
39d6a6c0
39d77dd2
39d855bc
39d92e7e
39da0819
39dae28f
39dbbddf
39dc9a0b
39dd7713
39de54f9
39df33bd
39e01361
39e0f3e4
39e1d549
39e2b78f
39e39ab8
39e47ec5
39e563b6
39e6498d
39e7304a
39e817ee
39e9007a
39e9e9ef
39ead44e
39ebbf98
39ecabcd
39ed98f0
39ee8700
39ef75fe
39f065ec
39f156ca
39f2489a
39f33b5c
39f42f11
39f523ba
39f61959
39f70fed
39f80779
39f8fffc
39f9f979
39faf3f0
39fbef61
39fcebcf
39fde939
39fee7a2
39ffe709
3a0073b8
3a00f46c
3a0175a1
3a01f757
3a027990
3a02fc4b
3a037f89
3a04034a
3a04878f
3a050c59
3a0591a8
3a06177d
3a069dd7
3a0724b9
3a07ac21
3a083411
3a08bc89
3a09458a
3a09cf15
3a0a5929
3a0ae3c7
3a0b6ef0
3a0bfaa5
3a0c86e6
3a0d13b3
3a0da10d
3a0e2ef5
3a0ebd6c
3a0f4c70
3a0fdc05
3a106c29
3a10fcdd
3a11456e
3a118e23
3a11d6fc
3a121ffa
3a12691c
3a12b263
3a12fbce
3a13455f
3a138f14
3a13d8ee
3a1422ed
3a146d11
3a14b75a
3a1501c8
3a154c5c
3a159714
3a15e1f3
3a162cf6
3a167820
3a16c36e
3a170ee3
3a175a7d
3a17a63e
3a17f224
3a183e30
3a188a62
3a18d6ba
3a192339
3a196fdd
3a19bca9
3a1a099a
3a1a56b2
3a1aa3f1
3a1af156
3a1b3ee2
3a1b8c95
3a1bda6f
3a1c286f
3a1c7697
3a1cc4e6
3a1d135c
3a1d61f9
3a1db0be
3a1dffaa
3a1e4ebe
3a1e9df9
3a1eed5c
3a1f3ce6
3a1f8c99
3a1fdc73
3a202c75
3a207c9f
3a20ccf2
3a211d6c
3a216e0f
3a21bedb
3a220fce
3a2260ea
3a22b22f
3a23039d
3a235533
3a23a6f2
3a23f8da
3a244aeb
3a249d25
3a24ef88
3a254214
3a2594ca
3a25e7a9
3a263ab2
3a268de4
3a26e140
3a2734c5
3a278874
3a27dc4e
3a283051
3a28847e
3a28d8d5
3a292d57
3a298203
3a29d6d9
3a2a2bd9
3a2a8105
3a2ad65b
3a2b2bdb
3a2b8186
3a2bd75d
3a2c2d5e
3a2c838a
3a2cd9e1
3a2d3064
3a2d8712
3a2dddeb
3a2e34f0
3a2e8c20
3a2ee37c
3a2f3b03
3a2f92b7
3a2fea96
3a3042a2
3a309ad9
3a30f33c
3a314bcc
3a31a488
3a31fd71
3a325686
3a32afc7
3a330936
3a3362d1
3a33bc98
3a34168d
3a3470af
3a34cafe
3a35257a
3a358023
3a35dafa
3a3635fe
3a369130
3a36ec90
3a37481d
3a37a3d8
3a37ffc1
3a385bd7
3a38b81c
3a391490
3a397131
3a39ce01
3a3a2aff
3a3a882c
3a3ae587
3a3b4311
3a3ba0ca
3a3bfeb2
3a3c5cc9
3a3cbb0f
3a3d1984
3a3d7829
3a3dd6fc
3a3e3600
3a3e9532
3a3ef495
3a3f5427
3a3fb3e9
3a4013db
3a4073fd
3a40d44f
3a4134d1
3a419584
3a41f667
3a42577a
3a42b8be
3a431a33
3a437bd9
3a43ddaf
3a443fb6
3a44a1ef
3a450458
3a4566f3
3a45c9bf
3a462cbd
3a468fec
3a46f34d
3a4756df
3a47baa4
3a481e9a
3a4882c2
3a48e71d
3a494ba9
3a49b068
3a4a155a
3a4a7a7e
3a4adfd4
3a4b455e
3a4bab1a
3a4c1109
3a4c772b
3a4cdd80
3a4d4408
3a4daac4
3a4e11b3
3a4e78d6
3a4ee02c
3a4f47b6
3a4faf74
3a501766
3a507f8b
3a50e7e5
3a515073
3a51b936
3a52222c
3a528b58
3a52f4b8
3a535e4d
3a53c816
3a543215
3a549c48
3a5506b1
3a55714f
3a55dc22
3a56472b
3a56b26a
3a571dde
3a578987
3a57f567
3a58617d
3a58cdc9
3a593a4b
3a59a703
3a5a13f2
3a5a8117
3a5aee73
3a5b5c06
3a5bc9cf
3a5c37cf
3a5ca607
3a5d1475
3a5d831b
3a5df1f9
3a5e610d
3a5ed05a
3a5f3fde
3a5faf9a
3a601f8d
3a608fb9
3a61001d
3a6170b9
3a61e18e
3a62529b
3a62c3e0
3a63355f
3a63a716
3a641906
3a648b2f
3a64fd91
3a65702d
3a65e301
3a665610
3a66c957
3a673cd9
3a67b094
3a68248a
3a6898b9
3a690d22
3a6981c6
3a69f6a4
3a6a6bbd
3a6ae110
3a6b569e
3a6bcc67
3a6c426a
3a6cb8a9
3a6d2f23
3a6da5d8
3a6e1cc9
3a6e93f5
3a6f0b5d
3a6f8300
3a6ffae0
3a7072fb
3a70eb53
3a7163e7
3a71dcb7
3a7255c3
3a72cf0d
3a734893
3a73c255
3a743c55
3a74b692
3a75310c
3a75abc3
3a7626b7
3a76a1ea
3a771d59
3a779907
3a7814f2
3a78911c
3a790d84
3a798a29
3a7a070e
3a7a8431
3a7b0192
3a7b7f32
3a7bfd11
3a7c7b2f
3a7cf98c
3a7d7829
3a7df705
3a7e7620
3a7ef57b
3a7f7515
3a7ff4f0
3a803a85
3a807ab3
3a80bb00
3a80fb6e
3a813bfb
3a817caa
3a81bd78
3a81fe67
3a823f76
3a8280a6
3a82c1f7
3a830368
3a8344fb
3a8386ad
3a83c881
3a840a76
3a844c8c
3a848ec3
3a84d11b
3a851394
3a85562e
3a8598ea
3a85dbc7
3a861ec6
3a8661e6
3a86a528
3a86e88b
3a872c10
3a876fb7
3a87b380
3a87f76b
3a883b77
3a887fa6
3a88c3f7
3a89086a
3a894cff
3a8991b7
3a89d691
3a8a1b8e
3a8a60ad
3a8aa5ee
3a8aeb53
3a8b30da
3a8b7684
3a8bbc50
3a8c0240
3a8c4853
3a8c8e88
3a8cd4e1
3a8d1b5d
3a8d61fd
3a8da8bf
3a8defa5
3a8e36af
3a8e7ddc
3a8ec52d
3a8f0ca1
3a8f5439
3a8f9bf5
3a8fe3d5
3a902bd9
3a907401
3a90bc4d
3a9104be
3a914d52
3a91960b
3a91dee8
3a9227ea
3a927110
3a92ba5b
3a9303ca
3a934d5f
3a939718
3a93e0f6
3a942af9
3a947521
3a94bf6e
3a9509e0
3a955478
3a959f35
3a95ea17
3a96351f
3a96804c
3a96cb9f
3a971718
3a9762b6
3a97ae7b
3a97fa65
3a984675
3a9892ab
3a98df08
3a992b8a
3a997833
3a99c503
3a9a11f8
3a9a5f15
3a9aac57
3a9af9c1
3a9b4751
3a9b9508
3a9be2e6
3a9c30eb
3a9c7f17
3a9ccd6a
3a9d1be5
3a9d6a86
3a9db94f
3a9e0840
3a9e5758
3a9ea697
3a9ef5fe
3a9f458d
3a9f9544
3a9fe522
3aa03529
3aa08558
3aa0d5ae
3aa1262d
3aa176d4
3aa1c7a4
3aa2189c
3aa269bd
3aa2bb06
3aa30c78
3aa35e12
3aa3afd6
3aa401c2
3aa453d8
3aa4a616
3aa4f87e
3aa54b0f
3aa59dc9
3aa5f0ac
3aa643ba
3aa696f0
3aa6ea51
3aa73ddb
3aa7918e
3aa7e56c
3aa83974
3aa88da6
3aa8e202
3aa93688
3aa98b38
3aa9e013
3aaa3518
3aaa8a48
3aaadfa2
3aab3528
3aab8ad8
3aabe0b3
3aac36b8
3aac8ce9
3aace345
3aad39cd
3aad907f
3aade75d
3aae3e67
3aae959c
3aaeecfc
3aaf4489
3aaf9c41
3aaff425
3ab04c35
3ab0a471
3ab0fcd9
3ab1556e
3ab1ae2f
3ab2071c
3ab26036
3ab2b97c
3ab312f0
3ab36c8f
3ab3c65c
3ab42056
3ab47a7c
3ab4d4d0
3ab52f51
3ab58a00
3ab5e4db
3ab63fe5
3ab69b1b
3ab6f680
3ab75212
3ab7add2
3ab809c0
3ab865dc
3ab8c226
3ab91e9e
3ab97b44
3ab9d819
3aba351c
3aba924e
3abaefaf
3abb4d3e
3abbaafc
3abc08e9
3abc6705
3abcc550
3abd23ca
3abd8274
3abde14d
3abe4055
3abe9f8d
3abefef5
3abf5e8c
3abfbe53
3ac01e4a
3ac07e72
3ac0dec9
3ac13f50
3ac1a008
3ac200f0
3ac26209
3ac2c352
3ac324cd
3ac38677
3ac3e853
3ac44a60
3ac4ac9d
3ac50f0c
3ac571ad
3ac5d47e
3ac63781
3ac69ab6
3ac6fe1c
3ac761b4
3ac7c57e
3ac82979
3ac88da7
3ac8f207
3ac95699
3ac9bb5e
3aca2054
3aca857e
3acaeada
3acb5069
3acbb62a
3acc1c1f
3acc8247
3acce8a1
3acd4f2f
3acdb5f1
3ace1ce5
3ace840d
3aceeb69
3acf52f9
3acfbabc
3ad022b4
3ad08adf
3ad0f33f
3ad15bd2
3ad1c49a
3ad22d97
3ad296c8
3ad3002e
3ad369c8
3ad3d398
3ad43d9c
3ad4a7d5
3ad51244
3ad57ce8
3ad5e7c1
3ad652cf
3ad6be14
3ad7298d
3ad7953d
3ad80123
3ad86d3e
3ad8d990
3ad94618
3ad9b2d6
3ada1fcb
3ada8cf6
3adafa58
3adb67f0
3adbd5c0
3adc43c6
3adcb204
3add2078
3add8f24
3addfe07
3ade6d22
3adedc75
3adf4bff
3adfbbc1
3ae02bba
3ae09bec
3ae10c56
3ae17cf9
3ae1edd3
3ae25ee7
3ae2d032
3ae341b7
3ae3b374
3ae4256a
3ae4979a
3ae50a02
3ae57ca4
3ae5ef7f
3ae66293
3ae6d5e1
3ae74969
3ae7bd2b
3ae83126
3ae8a55c
3ae919cc
3ae98e76
3aea035a
3aea7879
3aeaedd3
3aeb6367
3aebd936
3aec4f40
3aecc585
3aed3c06
3aedb2c1
3aee29b9
3aeea0eb
3aef1859
3aef9004
3af007ea
3af0800c
3af0f86a
3af17104
3af1e9db
3af262ee
3af2dc3e
3af355ca
3af3cf93
3af4499a
3af4c3dd
3af53e5e
3af5b91c
3af63417
3af6af50
3af72ac6
3af7a67a
3af8226d
3af89e9d
3af91b0b
3af997b8
3afa14a3
3afa91cd
3afb0f35
3afb8cdc
3afc0ac2
3afc88e7
3afd074b
3afd85ee
3afe04d1
3afe83f3
3aff0355
3aff82f6
3b00016c
3b00417d
3b0081ad
3b00c1fe
3b01026f
3b014301
3b0183b2
3b01c484
3b020577
3b02468a
3b0287be
3b02c912
3b030a87
3b034c1c
3b038dd3
3b03cfaa
3b0411a2
3b0453bc
3b0495f6
3b04d852
3b051acf
3b055d6d
3b05a02c
3b05e30d
3b06260f
3b066933
3b06ac78
3b06efdf
3b073368
3b077713
3b07badf
3b07fece
3b0842de
3b088711
3b08cb65
3b090fdc
3b095475
3b099930
3b09de0e
3b0a230f
3b0a6831
3b0aad77
3b0af2df
3b0b386a
3b0b7e17
3b0bc3e8
3b0c09db
3b0c4ff2
3b0c962b
3b0cdc88
3b0d2308
3b0d69ab
3b0db071
3b0df75b
3b0e3e69
3b0e859a
3b0eccee
3b0f1467
3b0f5c03
3b0fa3c3
3b0feba7
3b1033ae
3b107bda
3b10c42a
3b110c9e
3b115537
3b119df4
3b11e6d5
3b122fdb
3b127905
3b12c254
3b130bc7
3b13555f
3b139f1d
3b13e8ff
3b143306
3b147d32
3b14c783
3b1511f9
3b155c95
3b15a756
3b15f23c
3b163d48
3b168879
3b16d3d1
3b171f4d
3b176af0
3b17b6b8
3b1802a7
3b184ebb
3b189af5
3b18e756
3b1933dd
3b19808a
3b19cd5d
3b1a1a57
3b1a6778
3b1ab4bf
3b1b022c
3b1b4fc1
3b1b9d7c
3b1beb5e
3b1c3968
3b1c8798
3b1cd5ef
3b1d246e
3b1d7314
3b1dc1e1
3b1e10d6
3b1e5ff2
3b1eaf36
3b1efea1
3b1f4e34
3b1f9def
3b1fedd2
3b203ddd
3b208e10
3b20de6b
3b212eee
3b217f9a
3b21d06e
3b22216b
3b227290
3b22c3dd
3b231553
3b2366f2
3b23b8ba
3b240aab
3b245cc5
3b24af08
3b250174
3b25540a
3b25a6c8
3b25f9b0
3b264cc2
3b269ffd
3b26f362
3b2746f1
3b279aa9
3b27ee8b
3b284297
3b2896ce
3b28eb2e
3b293fb9
3b29946e
3b29e94d
3b2a3e57
3b2a938c
3b2ae8eb
3b2b3e75
3b2b9429
3b2bea09
3b2c4014
3b2c9649
3b2cecaa
3b2d4336
3b2d99ed
3b2df0d0
3b2e47de
3b2e9f18
3b2ef67d
3b2f4e0e
3b2fa5cb
3b2ffdb4
3b3055c9
3b30ae0a
3b310677
3b315f10
3b31b7d6
3b3210c8
3b3269e7
3b32c332
3b331caa
3b33764f
3b33d020
3b342a1f
3b34844b
3b34dea3
3b353929
3b3593dc
3b35eebd
3b3649cb
3b36a507
3b370070
3b375c07
3b37b7cc
3b3813bf
3b386fe0
3b38cc2f
3b3928ac
3b398558
3b39e232
3b3a3f3a
3b3a9c71
3b3af9d7
3b3b576b
3b3bb52e
3b3c1320
3b3c7141
3b3ccf91
3b3d2e11
3b3d8cbf
3b3deb9d
3b3e4aab
3b3ea9e8
3b3f0955
3b3f68f2
3b3fc8be
3b4028ba
3b4088e7
3b40e943
3b4149d0
3b41aa8d
3b420b7b
3b426c99
3b42cde7
3b432f67
3b439117
3b43f2f8
3b44550a
3b44b74d
3b4519c1
3b457c67
3b45df3d
3b464246
3b46a580
3b4708eb
3b476c89
3b47d058
3b483459
3b48988c
3b48fcf2
3b496189
3b49c653
3b4a2b50
3b4a907f
3b4af5e0
3b4b5b74
3b4bc13c
3b4c2736
3b4c8d63
3b4cf3c3
3b4d5a57
3b4dc11e
3b4e2818
3b4e8f46
3b4ef6a7
3b4f5e3c
3b4fc605
3b502e02
3b509633
3b50fe99
3b516732
3b51d000
3b523902
3b52a239
3b530ba4
3b537545
3b53df1a
3b544924
3b54b363
3b551dd7
3b558881
3b55f360
3b565e74
3b56c9be
3b57353e
3b57a0f3
3b580cdf
3b587900
3b58e558
3b5951e6
3b59beaa
3b5a2ba4
3b5a98d6
3b5b063d
3b5b73dc
3b5be1b1
3b5c4fbe
3b5cbe01
3b5d2c7c
3b5d9b2d
3b5e0a17
3b5e7938
3b5ee890
3b5f5820
3b5fc7e8
3b6037e8
3b60a820
3b611890
3b618939
3b61fa1a
3b626b33
3b62dc85
3b634e0f
3b63bfd3
3b6431cf
3b64a405
3b651673
3b65891b
3b65fbfc
3b666f17
3b66e26c
3b6755fa
3b67c9c2
3b683dc4
3b68b1ff
3b692676
3b699b26
3b6a1011
3b6a8536
3b6afa96
3b6b7031
3b6be606
3b6c5c17
3b6cd262
3b6d48e9
3b6dbfab
3b6e36a9
3b6eade2
3b6f2557
3b6f9d07
3b7014f4
3b708d1c
3b710581
3b717e22
3b71f6ff
3b727019
3b72e96f
3b736302
3b73dcd2
3b7456df
3b74d129
3b754bb0
3b75c675
3b764177
3b76bcb6
3b773834
3b77b3ef
3b782fe8
3b78ac1f
3b792894
3b79a547
3b7a2239
3b7a9f6a
3b7b1cd9
3b7b9a86
3b7c1873
3b7c969f
3b7d150a
3b7d93b4
3b7e129e
3b7e91c7
3b7f112f
3b7f90d8
3b800860
3b804874
3b8088a9
3b80c8fd
3b810972
3b814a06
3b818abc
3b81cb91
3b820c87
3b824d9e
3b828ed5
3b82d02d
3b8311a5
3b83533e
3b8394f8
3b83d6d3
3b8418cf
3b845aec
3b849d2a
3b84df89
3b85220a
3b8564ab
3b85a76e
3b85ea53
3b862d59
3b867080
3b86b3c9
3b86f734
3b873ac0
3b877e6f
3b87c23f
3b880631
3b884a45
3b888e7b
3b88d2d4
3b89174e
3b895beb
3b89a0aa
3b89e58c
3b8a2a90
3b8a6fb6
3b8ab4ff
3b8afa6b
3b8b3ffa
3b8b85ab
3b8bcb80
3b8c1177
3b8c5791
3b8c9dce
3b8ce42f
3b8d2ab3
3b8d715a
3b8db824
3b8dff12
3b8e4623
3b8e8d58
3b8ed4b0
3b8f1c2d
3b8f63cd
3b8fab90
3b8ff378
3b903b84
3b9083b4
3b90cc08
3b911480
3b915d1c
3b91a5dd
3b91eec2
3b9237cc
3b9280fa
3b92ca4d
3b9313c4
3b935d61
3b93a722
3b93f108
3b943b13
3b948543
3b94cf98
3b951a12
3b9564b2
3b95af77
3b95fa62
3b964572
3b9690a7
3b96dc02
3b972783
3b97732a
3b97bef6
3b980ae9
3b985701
3b98a340
3b98efa4
3b993c2f
3b9988e1
3b99d5b8
3b9a22b6
3b9a6fdb
3b9abd26
3b9b0a98
3b9b5831
3b9ba5f0
3b9bf3d7
3b9c41e4
3b9c9019
3b9cde74
3b9d2cf7
3b9d7ba1
3b9dca73
3b9e196c
3b9e688c
3b9eb7d4
3b9f0744
3b9f56dc
3b9fa69b
3b9ff682
3ba04692
3ba096c9
3ba0e728
3ba137b0
3ba18860
3ba1d939
3ba22a39
3ba27b63
3ba2ccb5
3ba31e30
3ba36fd3
3ba3c19f
3ba41395
3ba465b3
3ba4b7fa
3ba50a6b
3ba55d05
3ba5afc8
3ba602b5
3ba655cb
3ba6a90b
3ba6fc74
3ba75007
3ba7a3c4
3ba7f7ab
3ba84bbc
3ba89ff7
3ba8f45c
3ba948eb
3ba99da5
3ba9f289
3baa4797
3baa9cd0
3baaf234
3bab47c2
3bab9d7c
3babf360
3bac496f
3bac9fa9
3bacf60f
3bad4ca0
3bada35b
3badfa43
3bae5156
3baea894
3baefffe
3baf5794
3bafaf56
3bb00744
3bb05f5d
3bb0b7a3
3bb11015
3bb168b3
3bb1c17e
3bb21a75
3bb27398
3bb2cce8
3bb32665
3bb3800f
3bb3d9e5
3bb433e9
3bb48e19
3bb4e877
3bb54302
3bb59dba
3bb5f89f
3bb653b2
3bb6aef3
3bb70a61
3bb765fe
3bb7c1c7
3bb81dbf
3bb879e5
3bb8d639
3bb932bb
3bb98f6c
3bb9ec4b
3bba4958
3bbaa694
3bbb03ff
3bbb6198
3bbbbf61
3bbc1d58
3bbc7b7e
3bbcd9d3
3bbd3858
3bbd970c
3bbdf5ef
3bbe5502
3bbeb444
3bbf13b6
3bbf7358
3bbfd329
3bc0332b
3bc0935c
3bc0f3be
3bc15450
3bc1b513
3bc21605
3bc27729
3bc2d87d
3bc33a01
3bc39bb7
3bc3fd9d
3bc45fb4
3bc4c1fd
3bc52476
3bc58721
3bc5e9fd
3bc64d0b
3bc6b04a
3bc713bb
3bc7775e
3bc7db33
3bc83f39
3bc8a372
3bc907dd
3bc96c7a
3bc9d149
3bca364b
3bca9b80
3bcb00e7
3bcb6681
3bcbcc4d
3bcc324d
3bcc9880
3bccfee6
3bcd657f
3bcdcc4b
3bce334b
3bce9a7e
3bcf01e6
3bcf6980
3bcfd14f
3bd03952
3bd0a188
3bd109f3
3bd17292
3bd1db66
3bd2446e
3bd2adaa
3bd3171c
3bd380c1
3bd3ea9c
3bd454ac
3bd4bef1
3bd5296b
3bd5941a
3bd5feff
3bd66a1a
3bd6d569
3bd740ef
3bd7acaa
3bd8189c
3bd884c3
3bd8f120
3bd95db4
3bd9ca7e
3bda377f
3bdaa4b6
3bdb1223
3bdb7fc8
3bdbeda3
3bdc5bb6
3bdcc9ff
3bdd3880
3bdda738
3bde1627
3bde854e
3bdef4ac
3bdf6442
3bdfd411
3be04417
3be0b455
3be124cb
3be19579
3be20660
3be27780
3be2e8d8
3be35a69
3be3cc32
3be43e35
3be4b071
3be522e5
3be59594
3be6087b
3be67b9c
3be6eef7
3be7628b
3be7d659
3be84a61
3be8bea4
3be93320
3be9a7d7
3bea1cc8
3bea91f4
3beb075a
3beb7cfb
3bebf2d7
3bec68ee
3becdf40
3bed55cd
3bedcc96
3bee439a
3beebad9
3bef3255
3befaa0c
3bf021ff
3bf09a2e
3bf11299
3bf18b41
3bf20424
3bf27d45
3bf2f6a2
3bf3703b
3bf3ea12
3bf46425
3bf4de76
3bf55904
3bf5d3cf
3bf64ed8
3bf6ca1e
3bf745a2
3bf7c164
3bf83d63
3bf8b9a1
3bf9361d
3bf9b2d7
3bfa2fd0
3bfaad07
3bfb2a7d
3bfba832
3bfc2625
3bfca458
3bfd22ca
3bfda17b
3bfe206b
3bfe9f9b
3bff1f0b
3bff9eba
3c000f55
3c004f6c
3c008fa4
3c00cffc
3c011074
3c01510d
3c0191c5
3c01d29e
3c021398
3c0254b2
3c0295ed
3c02d748
3c0318c4
3c035a61
3c039c1e
3c03ddfd
3c041ffc
3c04621d
3c04a45f
3c04e6c1
3c052945
3c056beb
3c05aeb1
3c05f199
3c0634a3
3c0677ce
3c06bb1b
3c06fe89
3c074219
3c0785cb
3c07c99f
3c080d95
3c0851ad
3c0895e7
3c08da43
3c091ec1
3c096361
3c09a824
3c09ed0a
3c0a3211
3c0a773c
3c0abc89
3c0b01f8
3c0b478b
3c0b8d40
3c0bd318
3c0c1913
3c0c5f31
3c0ca572
3c0cebd6
3c0d325e
3c0d7909
3c0dbfd7
3c0e06c9
3c0e4dde
3c0e9517
3c0edc73
3c0f23f3
3c0f6b97
3c0fb35f
3c0ffb4a
3c10435a
3c108b8e
3c10d3e6
3c111c62
3c116502
3c11adc7
3c11f6b0
3c123fbd
3c1288ef
3c12d246
3c131bc2
3c136562
3c13af27
3c13f911
3c144320
3c148d54
3c14d7ae
3c15222c
3c156cd0
3c15b799
3c160287
3c164d9b
3c1698d5
3c16e434
3c172fb9
3c177b64
3c17c735
3c18132b
3c185f48
3c18ab8b
3c18f7f3
3c194483
3c199138
3c19de14
3c1a2b16
3c1a783f
3c1ac58e
3c1b1305
3c1b60a1
3c1bae65
3c1bfc50
3c1c4a62
3c1c989a
3c1ce6fa
3c1d3581
3c1d8430
3c1dd305
3c1e2203
3c1e7128
3c1ec074
3c1f0fe8
3c1f5f84
3c1faf48
3c1fff33
3c204f47
3c209f82
3c20efe6
3c214072
3c219127
3c21e204
3c223309
3c228437
3c22d58d
3c23270c
3c2378b4
3c23ca85
3c241c7f
3c246ea1
3c24c0ed
3c251362
3c256601
3c25b8c8
3c260bba
3c265ed4
3c26b218
3c270586
3c27591e
3c27acdf
3c2800cb
3c2854e0
3c28a920
3c28fd89
3c29521d
3c29a6dc
3c29fbc4
3c2a50d7
3c2aa615
3c2afb7d
3c2b5111
3c2ba6cf
3c2bfcb7
3c2c52cb
3c2ca90a
3c2cff74
3c2d560a
3c2dacca
3c2e03b7
3c2e5ace
3c2eb211
3c2f0980
3c2f611b
3c2fb8e1
3c3010d4
3c3068f2
3c30c13d
3c3119b4
3c317257
3c31cb26
3c322422
3c327d4a
3c32d69f
3c333021
3c3389cf
3c33e3ab
3c343db3
3c3497e8
3c34f24b
3c354cdb
3c35a798
3c360282
3c365d9a
3c36b8e0
3c371453
3c376ff4
3c37cbc3
3c3827c0
3c3883eb
3c38e044
3c393ccb
3c399981
3c39f665
3c3a5377
3c3ab0b8
3c3b0e28
3c3b6bc6
3c3bc994
3c3c2790
3c3c85bb
3c3ce416
3c3d429f
3c3da158
3c3e0041
3c3e5f59
3c3ebea0
3c3f1e17
3c3f7dbe
3c3fdd95
3c403d9c
3c409dd3
3c40fe3a
3c415ed1
3c41bf99
3c422091
3c4281b9
3c42e312
3c43449c
3c43a657
3c440843
3c446a5f
3c44ccad
3c452f2c
3c4591dc
3c45f4be
3c4657d1
3c46bb16
3c471e8c
3c478234
3c47e60e
3c484a1a
3c48ae59
3c4912c9
3c49776b
3c49dc40
3c4a4148
3c4aa682
3c4b0bee
3c4b718e
3c4bd760
3c4c3d65
3c4ca39d
3c4d0a09
3c4d70a7
3c4dd779
3c4e3e7f
3c4ea5b8
3c4f0d25
3c4f74c5
3c4fdc99
3c5044a2
3c50acde
3c51154f
3c517df3
3c51e6cd
3c524fda
3c52b91c
3c532293
3c538c3f
3c53f620
3c546035
3c54ca80
3c553500
3c559fb5
3c560a9f
3c5675c0
3c56e115
3c574ca1
3c57b862
3c582459
3c589086
3c58fcea
3c596983
3c59d653
3c5a435a
3c5ab097
3c5b1e0a
3c5b8bb5
3c5bf996
3c5c67ae
3c5cd5fe
3c5d4484
3c5db342
3c5e2238
3c5e9165
3c5f00c9
3c5f7065
3c5fe039
3c605046
3c60c08a
3c613106
3c61a1bb
3c6212a8
3c6283ce
3c62f52c
3c6366c3
3c63d893
3c644a9b
3c64bcdd
3c652f58
3c65a20d
3c6614fa
3c668822
3c66fb83
3c676f1d
3c67e2f2
3c685700
3c68cb49
3c693fcb
3c69b489
3c6a2980
3c6a9eb2
3c6b141f
3c6b89c6
3c6bffa9
3c6c75c6
3c6cec1e
3c6d62b2
3c6dd981
3c6e508c
3c6ec7d2
3c6f3f53
3c6fb711
3c702f0b
3c70a740
3c711fb2
3c719860
3c72114a
3c728a71
3c7303d5
3c737d75
3c73f752
3c74716c
3c74ebc4
3c756658
3c75e12a
3c765c39
3c76d786
3c775311
3c77ced9
3c784ae0
3c78c724
3c7943a7
3c79c068
3c7a3d68
3c7abaa6
3c7b3822
3c7bb5de
3c7c33d8
3c7cb212
3c7d308a
3c7daf42
3c7e2e3a
3c7ead70
3c7f2ce7
3c7fac9d
3c80164a
3c805665
3c8096a0
3c80d6fc
3c811777
3c815813
3c8198cf
3c81d9ac
3c821aa9
3c825bc7
3c829d05
3c82de64
3c831fe3
3c836184
3c83a345
3c83e527
3c84272a
3c84694e
3c84ab93
3c84edfa
3c853081
3c85732a
3c85b5f4
3c85f8e0
3c863bed
3c867f1c
3c86c26d
3c8705df
3c874972
3c878d28
3c87d100
3c8814f9
3c885915
3c889d52
3c88e1b2
3c892634
3c896ad8
3c89af9f
3c89f488
3c8a3993
3c8a7ec1
3c8ac412
3c8b0985
3c8b4f1c
3c8b94d5
3c8bdab0
3c8c20af
3c8c66d1
3c8cad16
3c8cf37e
3c8d3a0a
3c8d80b8
3c8dc78a
3c8e0e80
3c8e5599
3c8e9cd6
3c8ee436
3c8f2bba
3c8f7362
3c8fbb2d
3c90031d
3c904b30
3c909368
3c90dbc4
3c912444
3c916ce8
3c91b5b1
3c91fe9e
3c9247af
3c9290e5
3c92da40
3c9323c0
3c936d64
3c93b72d
3c94011b
3c944b2e
3c949566
3c94dfc4
3c952a46
3c9574ee
3c95bfbb
3c960aae
3c9655c6
3c96a104
3c96ec67
3c9737f0
3c97839f
3c97cf74
3c981b6e
3c98678f
3c98b3d6
3c990043
3c994cd6
3c999990
3c99e670
3c9a3376
3c9a80a3
3c9acdf7
3c9b1b71
3c9b6912
3c9bb6da
3c9c04c9
3c9c52df
3c9ca11c
3c9cef80
3c9d3e0c
3c9d8cbe
3c9ddb98
3c9e2a9a
3c9e79c3
3c9ec914
3c9f188c
3c9f682c
3c9fb7f4
3ca007e4
3ca057fc
3ca0a83c
3ca0f8a5
3ca14935
3ca199ee
3ca1eacf
3ca23bd9
3ca28d0b
3ca2de66
3ca32fe9
3ca38196
3ca3d36b
3ca42569
3ca47790
3ca4c9e1
3ca51c5a
3ca56efd
3ca5c1c9
3ca614bf
3ca667de
3ca6bb27
3ca70e99
3ca76235
3ca7b5fb
3ca809eb
3ca85e05
3ca8b249
3ca906b8
3ca95b50
3ca9b013
3caa0500
3caa5a18
3caaaf5a
3cab04c7
3cab5a5f
3cabb022
3cac060f
3cac5c28
3cacb26c
3cad08da
3cad5f74
3cadb63a
3cae0d2b
3cae6447
3caebb8f
3caf1303
3caf6aa2
3cafc26d
3cb01a65
3cb07288
3cb0cad7
3cb12353
3cb17bfa
3cb1d4cf
3cb22dcf
3cb286fc
3cb2e056
3cb339dd
3cb39390
3cb3ed70
3cb4477e
3cb4a1b8
3cb4fc1f
3cb556b4
3cb5b176
3cb60c66
3cb66783
3cb6c2cd
3cb71e45
3cb779eb
3cb7d5bf
3cb831c1
3cb88df1
3cb8ea4f
3cb946db
3cb9a396
3cba007f
3cba5d97
3cbabadd
3cbb1851
3cbb75f5
3cbbd3c7
3cbc31c9
3cbc8ff9
3cbcee59
3cbd4ce8
3cbdaba6
3cbe0a93
3cbe69b0
3cbec8fd
3cbf2879
3cbf8826
3cbfe802
3cc0480e
3cc0a84a
3cc108b6
3cc16952
3cc1ca1f
3cc22b1d
3cc28c4a
3cc2eda9
3cc34f38
3cc3b0f8
3cc412e9
3cc4750b
3cc4d75e
3cc539e2
3cc59c98
3cc5ff7f
3cc66298
3cc6c5e2
3cc7295e
3cc78d0b
3cc7f0eb
3cc854fc
3cc8b940
3cc91db5
3cc9825d
3cc9e738
3cca4c45
3ccab184
3ccb16f6
3ccb7c9b
3ccbe273
3ccc487e
3cccaebb
3ccd152c
3ccd7bd1
3ccde2a8
3cce49b3
3cceb0f2
3ccf1864
3ccf800a
3ccfe7e4
3cd04ff2
3cd0b834
3cd120aa
3cd18955
3cd1f234
3cd25b47
3cd2c48f
3cd32e0c
3cd397bd
3cd401a4
3cd46bbf
3cd4d60f
3cd54095
3cd5ab50
3cd61640
3cd68166
3cd6ecc2
3cd75853
3cd7c41a
3cd83017
3cd89c4a
3cd908b3
3cd97553
3cd9e229
3cda4f35
3cdabc78
3cdb29f2
3cdb97a2
3cdc0589
3cdc73a8
3cdce1fd
3cdd508a
3cddbf4e
3cde2e49
3cde9d7c
3cdf0ce7
3cdf7c89
3cdfec63
3ce05c75
3ce0ccc0
3ce13d42
3ce1adfd
3ce21ef0
3ce2901c
3ce30180
3ce3731d
3ce3e4f3
3ce45702
3ce4c94a
3ce53bcc
3ce5ae86
3ce6217a
3ce694a8
3ce7080f
3ce77bb0
3ce7ef8b
3ce8639f
3ce8d7ee
3ce94c77
3ce9c13b
3cea3639
3ceaab71
3ceb20e4
3ceb9692
3cec0c7b
3cec829f
3cecf8fd
3ced6f98
3cede66d
3cee5d7e
3ceed4cb
3cef4c53
3cefc417
3cf03c17
3cf0b453
3cf12ccb
3cf1a580
3cf21e71
3cf2979e
3cf31109
3cf38ab0
3cf40493
3cf47eb4
3cf4f912
3cf573ad
3cf5ee86
3cf6699c
3cf6e4ef
3cf76081
3cf79e61
3cf7dc50
3cf81a4f
3cf8585d
3cf8967b
3cf8d4a8
3cf912e5
3cf95132
3cf98f8e
3cf9cdfa
3cfa0c75
3cfa4b00
3cfa899a
3cfac845
3cfb06ff
3cfb45c8
3cfb84a1
3cfbc38a
3cfc0283
3cfc418c
3cfc80a4
3cfcbfcc
3cfcff04
3cfd3e4c
3cfd7da3
3cfdbd0a
3cfdfc82
3cfe3c09
3cfe7ba0
3cfebb46
3cfefafd
3cff3ac4
3cff7a9b
3cffba81
3cfffa78
3d001d3f
3d003d4b
3d005d5e
3d007d79
3d009d9d
3d00bdc8
3d00ddfc
3d00fe37
3d011e7b
3d013ec6
3d015f1a
3d017f76
3d019fda
3d01c046
3d01e0ba
3d020136
3d0221bb
3d024247
3d0262dc
3d028378
3d02a41d
3d02c4cb
3d02e580
3d03063d
3d032703
3d0347d1
3d0368a7
3d038985
3d03aa6c
3d03cb5a
3d03ec51
3d040d50
3d042e58
3d044f68
3d047080
3d0491a0
3d04b2c8
3d04d3f9
3d04f532
3d051674
3d0537be
3d055910
3d057a6a
3d059bcd
3d05bd38
3d05deac
3d060027
3d0621ac
3d064338
3d0664cd
3d06866b
3d06a810
3d06c9bf
3d06eb75
3d070d34
3d072efc
3d0750cc
3d0772a4
3d079485
3d07b66f
3d07d860
3d07fa5b
3d081c5e
3d083e69
3d08607d
3d088299
3d08a4be
3d08c6ec
3d08e922
3d090b60
3d092da7
3d094ff7
3d09724f
3d0994b0
3d09b71a
3d09d98c
3d09fc06
3d0a1e8a
3d0a4116
3d0a63aa
3d0a8648
3d0aa8ed
3d0acb9c
3d0aee53
3d0b1113
3d0b33dc
3d0b56ad
3d0b7987
3d0b9c6a
3d0bbf55
3d0be24a
3d0c0546
3d0c284c
3d0c4b5b
3d0c6e72
3d0c9192
3d0cb4bb
3d0cd7ec
3d0cfb27
3d0d1e6a
3d0d41b6
3d0d650b
3d0d8868
3d0dabcf
3d0dcf3e
3d0df2b7
3d0e1638
3d0e39c2
3d0e5d55
3d0e80f0
3d0ea495
3d0ec843
3d0eebf9
3d0f0fb9
3d0f3381
3d0f5752
3d0f7b2d
3d0f9f10
3d0fc2fc
3d0fe6f1
3d100af0
3d102ef7
3d105307
3d107720
3d109b43
3d10bf6e
3d10e3a2
3d1107e0
3d112c26
3d115076
3d1174cf
3d119930
3d11bd9b
3d11e20f
3d12068c
3d122b12
3d124fa2
3d12743a
3d1298dc
3d12bd87
3d12e23b
3d1306f8
3d132bbe
3d13508e
3d137566
3d139a48
3d13bf34
3d13e428
3d140926
3d142e2d
3d14533d
3d147856
3d149d79
3d14c2a5
3d14e7da
3d150d19
3d153261
3d1557b2
3d157d0d
3d15a271
3d15c7de
3d15ed54
3d1612d5
3d16385e
3d165df1
3d16838d
3d16a932
3d16cee1
3d16f49a
3d171a5c
3d174027
3d1765fc
3d178bda
3d17b1c2
3d17d7b3
3d17fdae
3d1823b2
3d1849c0
3d186fd7
3d1895f7
3d18bc22
3d18e255
3d190893
3d192eda
3d19552a
3d197b84
3d19a1e8
3d19c855
3d19eecc
3d1a154d
3d1a3bd7
3d1a626b
3d1a8908
3d1aafaf
3d1ad660
3d1afd1a
3d1b23de
3d1b4aac
3d1b7184
3d1b9865
3d1bbf50
3d1be645
3d1c0d43
3d1c344b
3d1c5b5d
3d1c8279
3d1ca99f
3d1cd0ce
3d1cf807
3d1d1f4a
3d1d4697
3d1d6ded
3d1d954e
3d1dbcb8
3d1de42c
3d1e0baa
3d1e3332
3d1e5ac4
3d1e825f
3d1eaa05
3d1ed1b4
3d1ef96e
3d1f2131
3d1f48fe
3d1f70d5
3d1f98b7
3d1fc0a2
3d1fe897
3d201096
3d20389f
3d2060b2
3d2088d0
3d20b0f7
3d20d928
3d210163
3d2129a9
3d2151f8
3d217a52
3d21a2b5
3d21cb23
3d21f39b
3d221c1d
3d2244a9
3d226d3f
3d2295e0
3d22be8a
3d22e73f
3d230ffe
3d2338c7
3d23619a
3d238a78
3d23b35f
3d23dc51
3d24054e
3d242e54
3d245765
3d248080
3d24a9a5
3d24d2d5
3d24fc0e
3d252553
3d254ea1
3d2577fa
3d25a15d
3d25cacb
3d25f442
3d261dc5
3d264751
3d2670e8
3d269a8a
3d26c436
3d26edec
3d2717ad
3d274178
3d276b4d
3d27952d
3d27bf18
3d27e90d
3d28130c
3d283d16
3d28672b
3d28914a
3d28bb74
3d28e5a8
3d290fe6
3d293a30
3d296484
3d298ee2
3d29b94b
3d29e3bf
3d2a0e3d
3d2a38c6
3d2a6359
3d2a8df7
3d2ab8a0
3d2ae354
3d2b0e12
3d2b38db
3d2b63ae
3d2b8e8d
3d2bb976
3d2be469
3d2c0f68
3d2c3a71
3d2c6585
3d2c90a4
3d2cbbcd
3d2ce702
3d2d1241
3d2d3d8b
3d2d68e0
3d2d943f
3d2dbfaa
3d2deb1f
3d2e169f
3d2e422a
3d2e6dc0
3d2e9961
3d2ec50d
3d2ef0c4
3d2f1c86
3d2f4852
3d2f742a
3d2fa00c
3d2fcbfa
3d2ff7f2
3d3023f6
3d305004
3d307c1e
3d30a842
3d30d472
3d3100ad
3d312cf2
3d315943
3d31859f
3d31b206
3d31de78
3d320af5
3d32377d
3d326411
3d3290af
3d32bd59
3d32ea0e
3d3316ce
3d334399
3d337070
3d339d52
3d33ca3f
3d33f737
3d34243a
3d345149
3d347e63
3d34ab88
3d34d8b9
3d3505f4
3d35333c
3d35608e
3d358dec
3d35bb55
3d35e8ca
3d361649
3d3643d5
3d36716b
3d369f0d
3d36ccbb
3d36fa74
3d372838
3d375608
3d3783e3
3d37b1ca
3d37dfbc
3d380dba
3d383bc3
3d3869d8
3d3897f8
3d38c624
3d38f45b
3d39229e
3d3950ec
3d397f46
3d39adac
3d39dc1d
3d3a0a9a
3d3a3922
3d3a67b7
3d3a9656
3d3ac502
3d3af3b9
3d3b227c
3d3b514a
3d3b8024
3d3baf0a
3d3bddfc
3d3c0cf9
3d3c3c02
3d3c6b17
3d3c9a38
3d3cc964
3d3cf89c
3d3d27e1
3d3d5730
3d3d868c
3d3db5f4
3d3de567
3d3e14e6
3d3e4472
3d3e7409
3d3ea3ac
3d3ed35a
3d3f0315
3d3f32dc
3d3f62af
3d3f928d
3d3fc278
3d3ff26f
3d402271
3d405280
3d40829a
3d40b2c1
3d40e2f4
3d411333
3d41437d
3d4173d4
3d41a437
3d41d4a6
3d420522
3d4235a9
3d42663d
3d4296dc
3d42c788
3d42f840
3d432904
3d4359d4
3d438ab1
3d43bb9a
3d43ec8f
3d441d90
3d444e9e
3d447fb7
3d44b0dd
3d44e210
3d45134e
3d454499
3d4575f1
3d45a754
3d45d8c4
3d460a41
3d463bca
3d466d5f
3d469f00
3d46d0ae
3d470269
3d47342f
3d476603
3d4797e2
3d47c9cf
3d47fbc7
3d482dcd
3d485fde
3d4891fc
3d48c427
3d48f65f
3d4928a2
3d495af3
3d498d50
3d49bfba
3d49f230
3d4a24b3
3d4a5742
3d4a89de
3d4abc87
3d4aef3d
3d4b21ff
3d4b54ce
3d4b87a9
3d4bba91
3d4bed86
3d4c2088
3d4c5397
3d4c86b2
3d4cb9da
3d4ced0f
3d4d2051
3d4d539f
3d4d86fa
3d4dba63
3d4dedd8
3d4e2159
3d4e54e8
3d4e8884
3d4ebc2d
3d4eefe2
3d4f23a4
3d4f5774
3d4f8b50
3d4fbf39
3d4ff330
3d502733
3d505b43
3d508f61
3d50c38b
3d50f7c3
3d512c07
3d516059
3d5194b7
3d51c923
3d51fd9c
3d523222
3d5266b5
3d529b55
3d52d002
3d5304bd
3d533985
3d536e5a
3d53a33c
3d53d82b
3d540d28
3d544232
3d547749
3d54ac6e
3d54e19f
3d5516de
3d554c2b
3d558185
3d55b6ec
3d55ec60
3d5621e2
3d565771
3d568d0e
3d56c2b8
3d56f86f
3d572e34
3d576406
3d5799e6
3d57cfd3
3d5805ce
3d583bd6
3d5871ec
3d58a80f
3d58de40
3d59147e
3d594aca
3d598123
3d59b78a
3d59edff
3d5a2481
3d5a5b11
3d5a91af
3d5ac85a
3d5aff13
3d5b35da
3d5b6cae
3d5ba390
3d5bda80
3d5c117d
3d5c4889
3d5c7fa2
3d5cb6c8
3d5cedfd
3d5d253f
3d5d5c90
3d5d93ee
3d5dcb5a
3d5e02d3
3d5e3a5b
3d5e71f1
3d5ea994
3d5ee145
3d5f1905
3d5f50d2
3d5f88ad
3d5fc096
3d5ff88d
3d603093
3d6068a6
3d60a0c7
3d60d8f6
3d611133
3d61497f
3d6181d8
3d61ba40
3d61f2b5
3d622b39
3d6263cb
3d629c6b
3d62d519
3d630dd5
3d6346a0
3d637f79
3d63b860
3d63f155
3d642a58
3d64636a
3d649c8a
3d64d5b8
3d650ef5
3d654840
3d658199
3d65bb01
3d65f477
3d662dfb
3d66678e
3d66a12f
3d66dade
3d67149c
3d674e69
3d678843
3d67c22d
3d67fc24
3d68362b
3d687040
3d68aa63
3d68e495
3d691ed5
3d695924
3d699382
3d69cdee
3d6a0869
3d6a42f2
3d6a7d8a
3d6ab831
3d6af2e6
3d6b2daa
3d6b687d
3d6ba35f
3d6bde4f
3d6c194e
3d6c545b
3d6c8f78
3d6ccaa3
3d6d05dd
3d6d4126
3d6d7c7e
3d6db7e4
3d6df35a
3d6e2ede
3d6e6a71
3d6ea613
3d6ee1c4
3d6f1d84
3d6f5953
3d6f9531
3d6fd11e
3d700d19
3d704924
3d70853e
3d70c167
3d70fd9f
3d7139e6
3d71763c
3d71b2a1
3d71ef15
3d722b98
3d72682b
3d72a4cc
3d72e17d
3d731e3d
3d735b0c
3d7397eb
3d73d4d8
3d7411d5
3d744ee1
3d748bfd
3d74c927
3d750661
3d7543aa
3d758103
3d75be6b
3d75fbe2
3d763969
3d7676ff
3d76b4a4
3d76f259
3d77301e
3d776df1
3d77abd4
3d77e9c7
3d7827c9
3d7865db
3d78a3fc
3d78e22d
3d79206d
3d795ebd
3d799d1d
3d79db8c
3d7a1a0b
3d7a5899
3d7a9737
3d7ad5e4
3d7b14a2
3d7b536f
3d7b924c
3d7bd138
3d7c1034
3d7c4f40
3d7c8e5c
3d7ccd87
3d7d0cc3
3d7d4c0e
3d7d8b69
3d7dcad3
3d7e0a4e
3d7e49d9
3d7e8973
3d7ec91d
3d7f08d7
3d7f48a2
3d7f887c
3d7fc866
3d800430
3d802435
3d804442
3d806457
3d808474
3d80a499
3d80c4c7
3d80e4fc
3d810539
3d81257e
3d8145cc
3d816621
3d81867f
3d81a6e5
3d81c752
3d81e7c8
3d820846
3d8228cc
3d82495b
3d8269f1
3d828a90
3d82ab36
3d82cbe5
3d82ec9c
3d830d5c
3d832e23
3d834ef3
3d836fca
3d8390ab
3d83b193
3d83d283
3d83f37c
3d84147d
3d843586
3d845698
3d8477b2
3d8498d4
3d84b9fe
3d84db31
3d84fc6c
3d851daf
3d853efa
3d85604e
3d8581ab
3d85a30f
3d85c47c
3d85e5f1
3d86076f
3d8628f5
3d864a84
3d866c1a
3d868dba
3d86af61
3d86d111
3d86f2ca
3d87148b
3d873654
3d875826
3d877a00
3d879be3
3d87bdce
3d87dfc2
3d8801be
3d8823c3
3d8845d0
3d8867e6
3d888a04
3d88ac2b
3d88ce5a
3d88f092
3d8912d2
3d89351b
3d89576d
3d8979c7
3d899c2a
3d89be95
3d89e109
3d8a0386
3d8a260b
3d8a4899
3d8a6b2f
3d8a8dce
3d8ab076
3d8ad326
3d8af5df
3d8b18a1
3d8b3b6c
3d8b5e3f
3d8b811b
3d8ba400
3d8bc6ed
3d8be9e3
3d8c0ce2
3d8c2fe9
3d8c52fa
3d8c7613
3d8c9935
3d8cbc60
3d8cdf93
3d8d02cf
3d8d2614
3d8d4962
3d8d6cb9
3d8d9019
3d8db381
3d8dd6f3
3d8dfa6d
3d8e1df0
3d8e417c
3d8e6510
3d8e88ae
3d8eac55
3d8ed004
3d8ef3bd
3d8f177e
3d8f3b49
3d8f5f1c
3d8f82f8
3d8fa6dd
3d8fcacc
3d8feec3
3d9012c3
3d9036cc
3d905ade
3d907efa
3d90a31e
3d90c74b
3d90eb82
3d910fc1
3d913409
3d91585b
3d917cb6
3d91a119
3d91c586
3d91e9fc
3d920e7b
3d923303
3d925795
3d927c2f
3d92a0d3
3d92c580
3d92ea35
3d930ef5
3d9333bd
3d93588e
3d937d69
3d93a24d
3d93c73a
3d93ec31
3d941130
3d943639
3d945b4c
3d948067
3d94a58c
3d94caba
3d94eff1
3d951532
3d953a7c
3d955fcf
3d95852c
3d95aa92
3d95d001
3d95f57a
3d961afc
3d964087
3d96661c
3d968bba
3d96b162
3d96d713
3d96fccd
3d972291
3d97485f
3d976e35
3d979416
3d97ba00
3d97dff3
3d9805f0
3d982bf6
3d985206
3d98781f
3d989e42
3d98c46e
3d98eaa4
3d9910e3
3d99372c
3d995d7f
3d9983db
3d99aa41
3d99d0b0
3d99f729
3d9a1dac
3d9a4438
3d9a6ace
3d9a916d
3d9ab817
3d9adec9
3d9b0586
3d9b2c4c
3d9b531c
3d9b79f6
3d9ba0d9
3d9bc7c6
3d9beebd
3d9c15be
3d9c3cc8
3d9c63dc
3d9c8afa
3d9cb221
3d9cd953
3d9d008e
3d9d27d3
3d9d4f22
3d9d767b
3d9d9ddd
3d9dc54a
3d9decc0
3d9e1440
3d9e3bca
3d9e635e
3d9e8afc
3d9eb2a3
3d9eda55
3d9f0211
3d9f29d6
3d9f51a5
3d9f797f
3d9fa162
3d9fc950
3d9ff147
3da01948
3da04154
3da06969
3da09188
3da0b9b2
3da0e1e5
3da10a23
3da1326a
3da15abc
3da18318
3da1ab7d
3da1d3ed
3da1fc67
3da224eb
3da24d7a
3da27612
3da29eb5
3da2c762
3da2f019
3da318da
3da341a5
3da36a7a
3da3935a
3da3bc44
3da3e538
3da40e37
3da4373f
3da46052
3da48970
3da4b297
3da4dbc9
3da50505
3da52e4b
3da5579c
3da580f7
3da5aa5d
3da5d3cc
3da5fd47
3da626cb
3da6505a
3da679f3
3da6a397
3da6cd45
3da6f6fe
3da720c1
3da74a8e
3da77466
3da79e48
3da7c835
3da7f22c
3da81c2e
3da8463a
3da87051
3da89a72
3da8c49e
3da8eed5
3da91916
3da94361
3da96db7
3da99818
3da9c284
3da9ecf9
3daa177a
3daa4205
3daa6c9b
3daa973c
3daac1e7
3daaec9c
3dab175d
3dab4228
3dab6cfe
3dab97df
3dabc2ca
3dabedc0
3dac18c1
3dac43cc
3dac6ee3
3dac9a04
3dacc530
3dacf066
3dad1ba8
3dad46f4
3dad724b
3dad9dad
3dadc91a
3dadf492
3dae2015
3dae4ba2
3dae773a
3daea2de
3daece8c
3daefa45
3daf2609
3daf51d8
3daf7db2
3dafa997
3dafd587
3db00182
3db02d87
3db05998
3db085b4
3db0b1db
3db0de0d
3db10a4a
3db13692
3db162e6
3db18f44
3db1bbad
3db1e822
3db214a1
3db2412c
3db26dc2
3db29a63
3db2c70f
3db2f3c6
3db32089
3db34d57
3db37a30
3db3a714
3db3d403
3db400fe
3db42e04
3db45b15
3db48831
3db4b559
3db4e28c
3db50fca
3db53d14
3db56a69
3db597c9
3db5c535
3db5f2ac
3db6202e
3db64dbc
3db67b55
3db6a8f9
3db6d6a9
3db70465
3db7322b
3db75ffe
3db78ddb
3db7bbc5
3db7e9b9
3db817ba
3db845c5
3db873dc
3db8a1ff
3db8d02d
3db8fe67
3db92cad
3db95afe
3db9895a
3db9b7c2
3db9e636
3dba14b5
3dba4340
3dba71d7
3dbaa079
3dbacf27
3dbafde1
3dbb2ca6
3dbb5b77
3dbb8a54
3dbbb93c
3dbbe831
3dbc1730
3dbc463c
3dbc7554
3dbca477
3dbcd3a6
3dbd02e1
3dbd3227
3dbd617a
3dbd90d8
3dbdc042
3dbdefb8
3dbe1f3a
3dbe4ec8
3dbe7e61
3dbeae07
3dbeddb8
3dbf0d76
3dbf3d3f
3dbf6d14
3dbf9cf6
3dbfcce3
3dbffcdc
3dc02ce1
3dc05cf3
3dc08d10
3dc0bd39
3dc0ed6e
3dc11db0
3dc14dfd
3dc17e57
3dc1aebc
3dc1df2e
3dc20fac
3dc24036
3dc270cc
3dc2a16e
3dc2d21d
3dc302d8
3dc3339e
3dc36471
3dc39551
3dc3c63c
3dc3f734
3dc42838
3dc45948
3dc48a64
3dc4bb8d
3dc4ecc2
3dc51e03
3dc54f51
3dc580ab
3dc5b211
3dc5e384
3dc61503
3dc6468f
3dc67826
3dc6a9cb
3dc6db7b
3dc70d38
3dc73f02
3dc770d8
3dc7a2ba
3dc7d4a9
3dc806a5
3dc838ad
3dc86ac1
3dc89ce2
3dc8cf0f
3dc9014a
3dc93390
3dc965e3
3dc99843
3dc9caaf
3dc9fd28
3dca2fae
3dca6240
3dca94df
3dcac78b
3dcafa43
3dcb2d08
3dcb5fd9
3dcb92b8
3dcbc5a3
3dcbf89b
3dcc2b9f
3dcc5eb0
3dcc91ce
3dccc4f9
3dccf831
3dcd2b75
3dcd5ec7
3dcd9225
3dcdc590
3dcdf908
3dce2c8c
3dce601e
3dce93bc
3dcec768
3dcefb20
3dcf2ee5
3dcf62b8
3dcf9697
3dcfca83
3dcffe7c
3dd03282
3dd06695
3dd09ab5
3dd0cee3
3dd1031d
3dd13764
3dd16bb9
3dd1a01a
3dd1d489
3dd20904
3dd23d8d
3dd27223
3dd2a6c6
3dd2db76
3dd31034
3dd344ff
3dd379d6
3dd3aebb
3dd3e3ae
3dd418ad
3dd44dba
3dd482d4
3dd4b7fc
3dd4ed30
3dd52272
3dd557c1
3dd58d1e
3dd5c288
3dd5f7ff
3dd62d84
3dd66316
3dd698b5
3dd6ce62
3dd7041d
3dd739e4
3dd76fba
3dd7a59c
3dd7db8c
3dd8118a
3dd84795
3dd87dae
3dd8b3d4
3dd8ea08
3dd92049
3dd95698
3dd98cf4
3dd9c35e
3dd9f9d6
3dda305b
3dda66ee
3dda9d8f
3ddad43d
3ddb0af9
3ddb41c3
3ddb789a
3ddbaf7f
3ddbe672
3ddc1d72
3ddc5480
3ddc8b9c
3ddcc2c6
3ddcf9fe
3ddd3143
3ddd6896
3ddd9ff7
3dddd766
3dde0ee3
3dde466e
3dde7e06
3ddeb5ad
3ddeed61
3ddf2523
3ddf5cf4
3ddf94d2
3ddfccbe
3de004b8
3de03cc1
3de074d7
3de0acfb
3de0e52d
3de11d6e
3de155bc
3de18e18
3de1c683
3de1fefc
3de23782
3de27017
3de2a8bb
3de2e16c
3de31a2b
3de352f9
3de38bd5
3de3c4bf
3de3fdb7
3de436be
3de46fd3
3de4a8f6
3de4e227
3de51b67
3de554b5
3de58e11
3de5c77c
3de600f5
3de63a7c
3de67412
3de6adb6
3de6e769
3de7212a
3de75af9
3de794d7
3de7cec4
3de808bf
3de842c8
3de87ce0
3de8b707
3de8f13c
3de92b7f
3de965d2
3de9a032
3de9daa2
3dea1520
3dea4fac
3dea8a47
3deac4f1
3deaffaa
3deb3a71
3deb7547
3debb02c
3debeb1f
3dec2621
3dec6132
3dec9c52
3decd780
3ded12be
3ded4e0a
3ded8965
3dedc4cf
3dee0047
3dee3bcf
3dee7765
3deeb30a
3deeeebf
3def2a82
3def6654
3defa235
3defde25
3df01a24
3df05632
3df0924f
3df0ce7b
3df10ab6
3df14701
3df1835a
3df1bfc2
3df1fc3a
3df238c0
3df27556
3df2b1fb
3df2eeaf
3df32b72
3df36845
3df3a527
3df3e217
3df41f18
3df45c27
3df49946
3df4d674
3df513b1
3df550fd
3df58e59
3df5cbc5
3df6093f
3df646c9
3df68463
3df6c20b
3df6ffc4
3df73d8b
3df77b62
3df7b949
3df7f73f
3df83545
3df8735a
3df8b17e
3df8efb3
3df92df6
3df96c49
3df9aaac
3df9e91f
3dfa27a1
3dfa6633
3dfaa4d4
3dfae385
3dfb2246
3dfb6116
3dfb9ff6
3dfbdee6
3dfc1de6
3dfc5cf5
3dfc9c14
3dfcdb43
3dfd1a82
3dfd59d0
3dfd992f
3dfdd89d
3dfe181b
3dfe57a9
3dfe9747
3dfed6f5
3dff16b2
3dff5680
3dff965e
3dffd64b
3e000b24
3e002b2b
3e004b3a
3e006b51
3e008b70
3e00ab97
3e00cbc5
3e00ebfc
3e010c3b
3e012c83
3e014cd2
3e016d29
3e018d88
3e01adf0
3e01ce5f
3e01eed7
3e020f57
3e022fdf
3e02506f
3e027107
3e0291a7
3e02b250
3e02d300
3e02f3b9
3e03147a
3e033543
3e035615
3e0376ee
3e0397d0
3e03b8ba
3e03d9ad
3e03faa7
3e041baa
3e043cb5
3e045dc8
3e047ee4
3e04a008
3e04c134
3e04e268
3e0503a5
3e0524ea
3e054638
3e05678d
3e0588eb
3e05aa52
3e05cbc1
3e05ed38
3e060eb7
3e06303f
3e0651cf
3e067368
3e069509
3e06b6b2
3e06d864
3e06fa1f
3e071be1
3e073dad
3e075f80
3e07815c
3e07a341
3e07c52e
3e07e724
3e080922
3e082b28
3e084d37
3e086f4f
3e08916f
3e08b397
3e08d5c9
3e08f802
3e091a45
3e093c8f
3e095ee3
3e09813f
3e09a3a4
3e09c611
3e09e887
3e0a0b05
3e0a2d8c
3e0a501c
3e0a72b4
3e0a9555
3e0ab7ff
3e0adab1
3e0afd6c
3e0b2030
3e0b42fc
3e0b65d1
3e0b88af
3e0bab96
3e0bce85
3e0bf17d
3e0c147e
3e0c3787
3e0c5a99
3e0c7db4
3e0ca0d8
3e0cc405
3e0ce73a
3e0d0a79
3e0d2dc0
3e0d510f
3e0d7468
3e0d97ca
3e0dbb34
3e0ddea7
3e0e0223
3e0e25a8
3e0e4936
3e0e6ccd
3e0e906d
3e0eb415
3e0ed7c7
3e0efb81
3e0f1f44
3e0f4311
3e0f66e6
3e0f8ac4
3e0faeab
3e0fd29b
3e0ff695
3e101a97
3e103ea2
3e1062b6
3e1086d3
3e10aaf9
3e10cf29
3e10f361
3e1117a2
3e113bed
3e116040
3e11849d
3e11a903
3e11cd71
3e11f1e9
3e12166a
3e123af5
3e125f88
3e128424
3e12a8ca
3e12cd79
3e12f231
3e1316f2
3e133bbc
3e136090
3e13856d
3e13aa52
3e13cf42
3e13f43a
3e14193c
3e143e47
3e14635b
3e148878
3e14ad9f
3e14d2cf
3e14f809
3e151d4b
3e154297
3e1567ed
3e158d4b
3e15b2b3
3e15d825
3e15fd9f
3e162323
3e1648b1
3e166e48
3e1693e8
3e16b992
3e16df45
3e170501
3e172ac7
3e175097
3e177670
3e179c52
3e17c23e
3e17e833
3e180e32
3e18343a
3e185a4c
3e188067
3e18a68c
3e18ccbb
3e18f2f3
3e191934
3e193f7f
3e1965d4
3e198c32
3e19b29a
3e19d90b
3e19ff86
3e1a260b
3e1a4c99
3e1a7331
3e1a99d3
3e1ac07e
3e1ae733
3e1b0df2
3e1b34ba
3e1b5b8c
3e1b8268
3e1ba94e
3e1bd03d
3e1bf736
3e1c1e38
3e1c4545
3e1c6c5b
3e1c937b
3e1cbaa5
3e1ce1d8
3e1d0916
3e1d305d
3e1d57ae
3e1d7f09
3e1da66d
3e1dcddc
3e1df554
3e1e1cd7
3e1e4463
3e1e6bf9
3e1e9399
3e1ebb43
3e1ee2f6
3e1f0ab4
3e1f327c
3e1f5a4d
3e1f8229
3e1faa0e
3e1fd1fe
3e1ff9f7
3e2021fb
3e204a08
3e207220
3e209a41
3e20c26d
3e20eaa3
3e2112e2
3e213b2c
3e216380
3e218bde
3e21b446
3e21dcb8
3e220534
3e222dbb
3e22564b
3e227ee6
3e22a78b
3e22d039
3e22f8f3
3e2321b6
3e234a83
3e23735b
3e239c3d
3e23c529
3e23ee20
3e241720
3e24402b
3e246940
3e249260
3e24bb8a
3e24e4be
3e250dfc
3e253745
3e256098
3e2589f5
3e25b35d
3e25dccf
3e26064b
3e262fd2
3e265963
3e2682ff
3e26aca4
3e26d655
3e270010
3e2729d5
3e2753a5
3e277d7f
3e27a763
3e27d152
3e27fb4c
3e282550
3e284f5f
3e287978
3e28a39b
3e28cdca
3e28f802
3e292246
3e294c93
3e2976ec
3e29a14f
3e29cbbd
3e29f635
3e2a20b8
3e2a4b45
3e2a75dd
3e2aa080
3e2acb2e
3e2af5e6
3e2b20a8
3e2b4b76
3e2b764e
3e2ba131
3e2bcc1f
3e2bf717
3e2c221a
3e2c4d28
3e2c7841
3e2ca364
3e2cce93
3e2cf9cc
3e2d2510
3e2d505e
3e2d7bb8
3e2da71c
3e2dd28b
3e2dfe05
3e2e298a
3e2e551a
3e2e80b5
3e2eac5a
3e2ed80b
3e2f03c7
3e2f2f8d
3e2f5b5e
3e2f873b
3e2fb322
3e2fdf14
3e300b11
3e30371a
3e30632d
3e308f4b
3e30bb75
3e30e7a9
3e3113e8
3e314033
3e316c89
3e3198e9
3e31c555
3e31f1cc
3e321e4e
3e324adb
3e327773
3e32a417
3e32d0c5
3e32fd7f
3e332a44
3e335714
3e3383f0
3e33b0d6
3e33ddc8
3e340ac5
3e3437ce
3e3464e1
3e349200
3e34bf2a
3e34ec60
3e3519a0
3e3546ec
3e357444
3e35a1a7
3e35cf15
3e35fc8e
3e362a13
3e3657a3
3e36853f
3e36b2e6
3e36e098
3e370e56
3e373c1f
3e3769f4
3e3797d4
3e37c5c0
3e37f3b7
3e3821ba
3e384fc8
3e387de2
3e38ac07
3e38da38
3e390874
3e3936bc
3e39650f
3e39936f
3e39c1d9
3e39f04f
3e3a1ed1
3e3a4d5f
3e3a7bf8
3e3aaa9d
3e3ad94d
3e3b080a
3e3b36d1
3e3b65a5
3e3b9484
3e3bc36f
3e3bf266
3e3c2168
3e3c5077
3e3c7f91
3e3caeb6
3e3cdde8
3e3d0d25
3e3d3c6f
3e3d6bc4
3e3d9b24
3e3dca91
3e3dfa0a
3e3e298e
3e3e591f
3e3e88bb
3e3eb863
3e3ee817
3e3f17d7
3e3f47a3
3e3f777b
3e3fa75f
3e3fd74e
3e40074a
3e403752
3e406766
3e409786
3e40c7b2
3e40f7ea
3e41282e
3e41587e
3e4188da
3e41b942
3e41e9b7
3e421a37
3e424ac4
3e427b5c
3e42ac01
3e42dcb2
3e430d70
3e433e39
3e436f0f
3e439ff1
3e43d0df
3e4401d9
3e4432e0
3e4463f3
3e449512
3e44c63d
3e44f775
3e4528b9
3e455a09
3e458b66
3e45bccf
3e45ee44
3e461fc6
3e465154
3e4682ef
3e46b496
3e46e649
3e471809
3e4749d5
3e477bae
3e47ad93
3e47df85
3e481183
3e48438d
3e4875a4
3e48a7c8
3e48d9f8
3e490c35
3e493e7e
3e4970d4
3e49a337
3e49d5a6
3e4a0822
3e4a3aaa
3e4a6d3f
3e4a9fe1
3e4ad28f
3e4b054a
3e4b3812
3e4b6ae6
3e4b9dc7
3e4bd0b5
3e4c03af
3e4c36b7
3e4c69cb
3e4c9cec
3e4cd019
3e4d0354
3e4d369b
3e4d69ef
3e4d9d50
3e4dd0be
3e4e0438
3e4e37c0
3e4e6b54
3e4e9ef5
3e4ed2a4
3e4f065f
3e4f3a27
3e4f6dfc
3e4fa1de
3e4fd5cd
3e5009c9
3e503dd2
3e5071e8
3e50a60b
3e50da3b
3e510e78
3e5142c2
3e517719
3e51ab7d
3e51dfef
3e52146d
3e5248f9
3e527d92
3e52b238
3e52e6eb
3e531bab
3e535079
3e538554
3e53ba3b
3e53ef31
3e542433
3e545943
3e548e60
3e54c38a
3e54f8c2
3e552e06
3e556359
3e5598b8
3e55ce25
3e56039f
3e563927
3e566ebc
3e56a45e
3e56da0e
3e570fcb
3e574596
3e577b6e
3e57b153
3e57e747
3e581d47
3e585355
3e588971
3e58bf9a
3e58f5d1
3e592c15
3e596267
3e5998c6
3e59cf33
3e5a05ae
3e5a3c36
3e5a72cc
3e5aa96f
3e5ae020
3e5b16df
3e5b4dac
3e5b8486
3e5bbb6e
3e5bf264
3e5c2967
3e5c6079
3e5c9798
3e5ccec4
3e5d05ff
3e5d3d47
3e5d749e
3e5dac02
3e5de374
3e5e1af3
3e5e5281
3e5e8a1d
3e5ec1c6
3e5ef97e
3e5f3143
3e5f6916
3e5fa0f8
3e5fd8e7
3e6010e4
3e6048ef
3e608108
3e60b930
3e60f165
3e6129a8
3e6161fa
3e619a59
3e61d2c7
3e620b43
3e6243cd
3e627c65
3e62b50b
3e62edbf
3e632682
3e635f52
3e639831
3e63d11f
3e640a1a
3e644324
3e647c3c
3e6498cd
3e64b562
3e64d1fa
3e64ee96
3e650b36
3e6527d9
3e654480
3e65612a
3e657dd8
3e659a8a
3e65b73f
3e65d3f7
3e65f0b4
3e660d74
3e662a37
3e6646fe
3e6663c9
3e668097
3e669d69
3e66ba3e
3e66d718
3e66f3f4
3e6710d5
3e672db8
3e674aa0
3e67678b
3e67847a
3e67a16c
3e67be62
3e67db5c
3e67f859
3e68155a
3e68325e
3e684f67
3e686c72
3e688982
3e68a695
3e68c3ab
3e68e0c6
3e68fde3
3e691b05
3e69382a
3e695553
3e697280
3e698fb0
3e69ace3
3e69ca1b
3e69e756
3e6a0495
3e6a21d7
3e6a3f1d
3e6a5c67
3e6a79b4
3e6a9705
3e6ab45a
3e6ad1b2
3e6aef0f
3e6b0c6e
3e6b29d2
3e6b4739
3e6b64a3
3e6b8212
3e6b9f84
3e6bbcfa
3e6bda73
3e6bf7f0
3e6c1571
3e6c32f6
3e6c507e
3e6c6e0a
3e6c8b99
3e6ca92d
3e6cc6c4
3e6ce45e
3e6d01fd
3e6d1f9f
3e6d3d45
3e6d5aee
3e6d789b
3e6d964c
3e6db401
3e6dd1b9
3e6def75
3e6e0d35
3e6e2af9
3e6e48c0
3e6e668b
3e6e845a
3e6ea22c
3e6ec002
3e6edddc
3e6efbba
3e6f199b
3e6f3780
3e6f5569
3e6f7355
3e6f9146
3e6faf3a
3e6fcd31
3e6feb2d
3e70092c
3e70272f
3e704536
3e706341
3e70814f
3e709f61
3e70bd77
3e70db90
3e70f9ae
3e7117cf
3e7135f4
3e71541c
3e717249
3e719079
3e71aead
3e71cce4
3e71eb20
3e72095f
3e7227a2
3e7245e9
3e726434
3e728282
3e72a0d4
3e72bf2a
3e72dd84
3e72fbe2
3e731a43
3e7338a8
3e735711
3e73757e
3e7393ef
3e73b263
3e73d0db
3e73ef57
3e740dd7
3e742c5b
3e744ae2
3e74696d
3e7487fd
3e74a68f
3e74c526
3e74e3c1
3e75025f
3e752101
3e753fa7
3e755e51
3e757cff
3e759bb1
3e75ba66
3e75d91f
3e75f7dc
3e76169d
3e763562
3e76542a
3e7672f7
3e7691c7
3e76b09b
3e76cf73
3e76ee4f
3e770d2f
3e772c12
3e774afa
3e7769e5
3e7788d4
3e77a7c7
3e77c6be
3e77e5b9
3e7804b8
3e7823ba
3e7842c1
3e7861cb
3e7880d9
3e789feb
3e78bf01
3e78de1b
3e78fd39
3e791c5a
3e793b80
3e795aa9
3e7979d6
3e799908
3e79b83d
3e79d776
3e79f6b3
3e7a15f3
3e7a3538
3e7a5481
3e7a73cd
3e7a931e
3e7ab272
3e7ad1ca
3e7af126
3e7b1087
3e7b2feb
3e7b4f52
3e7b6ebe
3e7b8e2e
3e7bada2
3e7bcd1a
3e7bec95
3e7c0c15
3e7c2b98
3e7c4b20
3e7c6aab
3e7c8a3a
3e7ca9ce
3e7cc965
3e7ce900
3e7d089f
3e7d2842
3e7d47e9
3e7d6794
3e7d8743
3e7da6f6
3e7dc6ad
3e7de668
3e7e0626
3e7e25e9
3e7e45b0
3e7e657a
3e7e8549
3e7ea51c
3e7ec4f2
3e7ee4cd
3e7f04ac
3e7f248e
3e7f4475
3e7f645f
3e7f844e
3e7fa440
3e7fc437
3e7fe431
3e800218
3e801219
3e80221d
3e803222
3e804229
3e805232
3e80623e
3e80724b
3e80825a
3e80926b
3e80a27f
3e80b294
3e80c2ab
3e80d2c5
3e80e2e0
3e80f2fd
3e81031d
3e81133e
3e812362
3e813387
3e8143af
3e8153d8
3e816404
3e817431
3e818461
3e819492
3e81a4c6
3e81b4fb
3e81c533
3e81d56d
3e81e5a8
3e81f5e6
3e820626
3e821668
3e8226ab
3e8236f1
3e824739
3e825783
3e8267cf
3e82781d
3e82886d
3e8298bf
3e82a913
3e82b969
3e82c9c2
3e82da1c
3e82ea78
3e82fad6
3e830b37
3e831b99
3e832bfe
3e833c64
3e834ccd
3e835d37
3e836da4
3e837e13
3e838e84
3e839ef6
3e83af6b
3e83bfe2
3e83d05b
3e83e0d6
3e83f154
3e8401d3
3e841254
3e8422d7
3e84335d
3e8443e4
3e84546e
3e8464f9
3e847587
3e848617
3e8496a8
3e84a73c
3e84b7d2
3e84c86a
3e84d904
3e84e9a1
3e84fa3f
3e850adf
3e851b81
3e852c26
3e853ccd
3e854d75
3e855e20
3e856ecd
3e857f7c
3e85902d
3e85a0e0
3e85b195
3e85c24c
3e85d305
3e85e3c1
3e85f47e
3e86053e
3e861600
3e8626c3
3e863789
3e864851
3e86591b
3e8669e8
3e867ab6
3e868b86
3e869c59
3e86ad2d
3e86be04
3e86cedd
3e86dfb8
3e86f095
3e870174
3e871255
3e872338
3e87341e
3e874506
3e8755ef
3e8766db
3e8777c9
3e8788b9
3e8799ab
3e87aa9f
3e87bb96
3e87cc8e
3e87dd89
3e87ee86
3e87ff85
3e881086
3e882189
3e88328e
3e884395
3e88549f
3e8865aa
3e8876b8
3e8887c8
3e8898da
3e88a9ee
3e88bb05
3e88cc1d
3e88dd38
3e88ee54
3e88ff73
3e891094
3e8921b7
3e8932dd
3e894404
3e89552e
3e896659
3e897787
3e8988b7
3e8999e9
3e89ab1e
3e89bc54
3e89cd8d
3e89dec8
3e89f005
3e8a0144
3e8a1285
3e8a23c8
3e8a350e
3e8a4656
3e8a579f
3e8a68eb
3e8a7a3a
3e8a8b8a
3e8a9cdd
3e8aae31
3e8abf88
3e8ad0e1
3e8ae23c
3e8af39a
3e8b04f9
3e8b165b
3e8b27bf
3e8b3925
3e8b4a8d
3e8b5bf7
3e8b6d64
3e8b7ed3
3e8b9044
3e8ba1b7
3e8bb32c
3e8bc4a4
3e8bd61d
3e8be799
3e8bf917
3e8c0a97
3e8c1c1a
3e8c2d9f
3e8c3f25
3e8c50ae
3e8c6239
3e8c73c7
3e8c8556
3e8c96e8
3e8ca87c
3e8cba12
3e8ccbab
3e8cdd45
3e8ceee2
3e8d0081
3e8d1222
3e8d23c5
3e8d356b
3e8d4713
3e8d58bd
3e8d6a69
3e8d7c17
3e8d8dc8
3e8d9f7b
3e8db130
3e8dc2e7
3e8dd4a1
3e8de65c
3e8df81a
3e8e09da
3e8e1b9d
3e8e2d61
3e8e3f28
3e8e50f1
3e8e62bc
3e8e748a
3e8e8659
3e8e982b
3e8ea9ff
3e8ebbd6
3e8ecdae
3e8edf89
3e8ef166
3e8f0346
3e8f1527
3e8f270b
3e8f38f1
3e8f4ad9
3e8f5cc4
3e8f6eb0
3e8f809f
3e8f9290
3e8fa484
3e8fb67a
3e8fc872
3e8fda6c
3e8fec68
3e8ffe67
3e901068
3e90226b
3e903470
3e904678
3e905882
3e906a8e
3e907c9d
3e908ead
3e90a0c0
3e90b2d5
3e90c4ed
3e90d707
3e90e923
3e90fb41
3e910d62
3e911f84
3e9131a9
3e9143d1
3e9155fa
3e916826
3e917a54
3e918c85
3e919eb8
3e91b0ed
3e91c324
3e91d55d
3e91e799
3e91f9d7
3e920c18
3e921e5a
3e92309f
3e9242e6
3e925530
3e92677c
3e9279ca
3e928c1a
3e929e6d
3e92b0c2
3e92c319
3e92d572
3e92e7ce
3e92fa2c
3e930c8d
3e931ef0
3e933155
3e9343bc
3e935626
3e936891
3e937b00
3e938d70
3e939fe3
3e93b258
3e93c4d0
3e93d749
3e93e9c5
3e93fc44
3e940ec5
3e942148
3e9433cd
3e944654
3e9458de
3e946b6b
3e947df9
3e94908a
3e94a31d
3e94b5b3
3e94c84b
3e94dae5
3e94ed82
3e950020
3e9512c2
3e952565
3e95380b
3e954ab3
3e955d5e
3e95700a
3e9582ba
3e95956b
3e95a81f
3e95bad5
3e95cd8e
3e95e049
3e95f306
3e9605c5
3e961887
3e962b4b
3e963e12
3e9650db
3e9663a6
3e967674
3e968944
3e969c16
3e96aeeb
3e96c1c2
3e96d49b
3e96e777
3e96fa55
3e970d36
3e972018
3e9732fe
3e9745e5
3e9758cf
3e976bbb
3e977eaa
3e97919b
3e97a48e
3e97b784
3e97ca7c
3e97dd77
3e97f074
3e980373
3e981675
3e982979
3e983c7f
3e984f88
3e986293
3e9875a0
3e9888b0
3e989bc3
3e98aed7
3e98c1ee
3e98d508
3e98e824
3e98fb42
3e990e62
3e992185
3e9934ab
3e9947d2
3e995afd
3e996e29
3e998158
3e99948a
3e99a7bd
3e99baf3
3e99ce2c
3e99e167
3e99f4a4
3e9a07e4
3e9a1b26
3e9a2e6b
3e9a41b2
3e9a54fb
3e9a6847
3e9a7b95
3e9a8ee6
3e9aa239
3e9ab58f
3e9ac8e7
3e9adc41
3e9aef9e
3e9b02fd
3e9b165e
3e9b29c2
3e9b3d29
3e9b5092
3e9b63fd
3e9b776b
3e9b8adb
3e9b9e4d
3e9bb1c2
3e9bc53a
3e9bd8b4
3e9bec30
3e9bffaf
3e9c1330
3e9c26b4
3e9c3a3a
3e9c4dc2
3e9c614d
3e9c74da
3e9c886a
3e9c9bfd
3e9caf91
3e9cc328
3e9cd6c2
3e9cea5e
3e9cfdfd
3e9d119e
3e9d2541
3e9d38e7
3e9d4c8f
3e9d603a
3e9d73e7
3e9d8797
3e9d9b49
3e9daefe
3e9dc2b5
3e9dd66f
3e9dea2b
3e9dfde9
3e9e11aa
3e9e256e
3e9e3933
3e9e4cfc
3e9e60c7
3e9e7494
3e9e8864
3e9e9c36
3e9eb00b
3e9ec3e2
3e9ed7bc
3e9eeb98
3e9eff77
3e9f1358
3e9f273c
3e9f3b22
3e9f4f0a
3e9f62f6
3e9f76e3
3e9f8ad3
3e9f9ec6
3e9fb2bb
3e9fc6b3
3e9fdaad
3e9feea9
3ea002a8
3ea016aa
3ea02aae
3ea03eb5
3ea052be
3ea066c9
3ea07ad7
3ea08ee8
3ea0a2fb
3ea0b711
3ea0cb29
3ea0df43
3ea0f361
3ea10780
3ea11ba2
3ea12fc7
3ea143ee
3ea15818
3ea16c44
3ea18073
3ea194a5
3ea1a8d8
3ea1bd0f
3ea1d148
3ea1e583
3ea1f9c1
3ea20e02
3ea22245
3ea2368a
3ea24ad2
3ea25f1d
3ea2736a
3ea287ba
3ea29c0c
3ea2b061
3ea2c4b8
3ea2d912
3ea2ed6e
3ea301cd
3ea3162f
3ea32a93
3ea33ef9
3ea35363
3ea367ce
3ea37c3c
3ea390ad
3ea3a521
3ea3b997
3ea3ce0f
3ea3e28a
3ea3f708
3ea40b88
3ea4200b
3ea43490
3ea44918
3ea45da2
3ea4722f
3ea486bf
3ea49b51
3ea4afe5
3ea4c47d
3ea4d917
3ea4edb3
3ea50252
3ea516f4
3ea52b98
3ea5403f
3ea554e8
3ea56994
3ea57e42
3ea592f3
3ea5a7a7
3ea5bc5d
3ea5d116
3ea5e5d1
3ea5fa90
3ea60f50
3ea62413
3ea638d9
3ea64da2
3ea6626d
3ea6773a
3ea68c0a
3ea6a0dd
3ea6b5b3
3ea6ca8b
3ea6df65
3ea6f442
3ea70922
3ea71e05
3ea732ea
3ea747d1
3ea75cbc
3ea771a9
3ea78698
3ea79b8a
3ea7b07f
3ea7c576
3ea7da70
3ea7ef6d
3ea8046c
3ea8196e
3ea82e73
3ea8437a
3ea85883
3ea86d90
3ea8829f
3ea897b1
3ea8acc5
3ea8c1dc
3ea8d6f5
3ea8ec11
3ea90130
3ea91652
3ea92b76
3ea9409d
3ea955c6
3ea96af2
3ea98021
3ea99552
3ea9aa86
3ea9bfbd
3ea9d4f6
3ea9ea32
3ea9ff71
3eaa14b2
3eaa29f6
3eaa3f3c
3eaa5486
3eaa69d1
3eaa7f20
3eaa9471
3eaaa9c5
3eaabf1c
3eaad475
3eaae9d1
3eaaff2f
3eab1491
3eab29f4
3eab3f5b
3eab54c4
3eab6a30
3eab7f9f
3eab9510
3eabaa84
3eabbffb
3eabd574
3eabeaf0
3eac006f
3eac15f0
3eac2b74
3eac40fb
3eac5685
3eac6c11
3eac81a0
3eac9731
3eacacc5
3eacc25c
3eacd7f6
3eaced92
3ead0331
3ead18d3
3ead2e78
3ead441f
3ead59c9
3ead6f75
3ead8525
3ead9ad7
3eadb08b
3eadc643
3eaddbfd
3eadf1ba
3eae0779
3eae1d3c
3eae3301
3eae48c8
3eae5e93
3eae7460
3eae8a30
3eaea002
3eaeb5d8
3eaecbb0
3eaee18b
3eaef768
3eaf0d49
3eaf232c
3eaf3911
3eaf4efa
3eaf64e5
3eaf7ad3
3eaf90c4
3eafa6b7
3eafbcae
3eafd2a6
3eafe8a2
3eaffea1
3eb014a2
3eb02aa6
3eb040ac
3eb056b6
3eb06cc2
3eb082d1
3eb098e3
3eb0aef7
3eb0c50f
3eb0db29
3eb0f145
3eb10765
3eb11d87
3eb133ac
3eb149d4
3eb15fff
3eb1762c
3eb18c5c
3eb1a28f
3eb1b8c5
3eb1cefd
3eb1e539
3eb1fb77
3eb211b8
3eb227fb
3eb23e42
3eb2548b
3eb26ad7
3eb28125
3eb29777
3eb2adcb
3eb2c422
3eb2da7c
3eb2f0d9
3eb30739
3eb31d9b
3eb33400
3eb34a68
3eb360d3
3eb37740
3eb38db0
3eb3a424
3eb3ba99
3eb3d112
3eb3e78e
3eb3fe0c
3eb4148d
3eb42b11
3eb44198
3eb45822
3eb46eae
3eb4853d
3eb49bcf
3eb4b264
3eb4c8fc
3eb4df96
3eb4f634
3eb50cd4
3eb52377
3eb53a1d
3eb550c6
3eb56771
3eb57e1f
3eb594d1
3eb5ab85
3eb5c23b
3eb5d8f5
3eb5efb2
3eb60671
3eb61d33
3eb633f8
3eb64ac0
3eb6618b
3eb67859
3eb68f29
3eb6a5fd
3eb6bcd3
3eb6d3ac
3eb6ea88
3eb70166
3eb71848
3eb72f2c
3eb74614
3eb75cfe
3eb773eb
3eb78adb
3eb7a1ce
3eb7b8c3
3eb7cfbc
3eb7e6b7
3eb7fdb6
3eb814b7
3eb82bbb
3eb842c2
3eb859cb
3eb870d8
3eb887e8
3eb89efa
3eb8b60f
3eb8cd28
3eb8e443
3eb8fb61
3eb91282
3eb929a5
3eb940cc
3eb957f5
3eb96f22
3eb98651
3eb99d84
3eb9b4b9
3eb9cbf1
3eb9e32c
3eb9fa69
3eba11aa
3eba28ee
3eba4034
3eba577e
3eba6eca
3eba861a
3eba9d6c
3ebab4c1
3ebacc19
3ebae374
3ebafad2
3ebb1233
3ebb2996
3ebb40fd
3ebb5867
3ebb6fd3
3ebb8743
3ebb9eb5
3ebbb62a
3ebbcda3
3ebbe51e
3ebbfc9c
3ebc141d
3ebc2ba1
3ebc4328
3ebc5ab2
3ebc723f
3ebc89ce
3ebca161
3ebcb8f7
3ebcd08f
3ebce82b
3ebcffc9
3ebd176b
3ebd2f0f
3ebd46b6
3ebd5e61
3ebd760e
3ebd8dbe
3ebda571
3ebdbd28
3ebdd4e1
3ebdec9d
3ebe045c
3ebe1c1e
3ebe33e3
3ebe4bab
3ebe6376
3ebe7b44
3ebe9315
3ebeaae9
3ebec2bf
3ebeda99
3ebef276
3ebf0a56
3ebf2239
3ebf3a1e
3ebf5207
3ebf69f3
3ebf81e2
3ebf99d3
3ebfb1c8
3ebfc9c0
3ebfe1bb
3ebff9b8
3ec011b9
3ec029bd
3ec041c3
3ec059cd
3ec071da
3ec089ea
3ec0a1fc
3ec0ba12
3ec0d22b
3ec0ea47
3ec10265
3ec11a87
3ec132ac
3ec14ad4
3ec162ff
3ec17b2d
3ec1935e
3ec1ab92
3ec1c3c8
3ec1dc02
3ec1f43f
3ec20c80
3ec224c3
3ec23d09
3ec25552
3ec26d9e
3ec285ed
3ec29e40
3ec2b695
3ec2ceed
3ec2e749
3ec2ffa7
3ec31808
3ec3306d
3ec348d5
3ec3613f
3ec379ad
3ec3921e
3ec3aa91
3ec3c308
3ec3db82
3ec3f3ff
3ec40c7f
3ec42502
3ec43d88
3ec45612
3ec46e9e
3ec4872d
3ec49fc0
3ec4b855
3ec4d0ee
3ec4e989
3ec50228
3ec51aca
3ec5336f
3ec54c17
3ec564c2
3ec57d70
3ec59621
3ec5aed6
3ec5c78d
3ec5e047
3ec5f905
3ec611c6
3ec62a8a
3ec64350
3ec65c1a
3ec674e7
3ec68db8
3ec6a68b
3ec6bf61
3ec6d83b
3ec6f117
3ec709f7
3ec722da
3ec73bc0
3ec754a9
3ec76d95
3ec78684
3ec79f76
3ec7b86c
3ec7d165
3ec7ea60
3ec8035f
3ec81c61
3ec83566
3ec84e6f
3ec8677a
3ec88088
3ec8999a
3ec8b2af
3ec8cbc7
3ec8e4e2
3ec8fe00
3ec91721
3ec93046
3ec9496d
3ec96298
3ec97bc6
3ec994f7
3ec9ae2b
3ec9c763
3ec9e09d
3ec9f9db
3eca131b
3eca2c5f
3eca45a7
3eca5ef1
3eca783e
3eca918f
3ecaaae3
3ecac43a
3ecadd94
3ecaf6f1
3ecb1051
3ecb29b5
3ecb431c
3ecb5c86
3ecb75f3
3ecb8f63
3ecba8d7
3ecbc24e
3ecbdbc7
3ecbf545
3ecc0ec5
3ecc2848
3ecc41cf
3ecc5b59
3ecc74e6
3ecc8e76
3ecca809
3eccc1a0
3eccdb3a
3eccf4d7
3ecd0e77
3ecd281a
3ecd41c1
3ecd5b6b
3ecd7518
3ecd8ec8
3ecda87c
3ecdc232
3ecddbec
3ecdf5a9
3ece0f69
3ece292d
3ece42f4
3ece5cbe
3ece768b
3ece905b
3eceaa2f
3ecec406
3ecedde0
3ecef7bd
3ecf119e
3ecf2b82
3ecf4569
3ecf5f53
3ecf7941
3ecf9331
3ecfad26
3ecfc71d
3ecfe117
3ecffb15
3ed01516
3ed02f1a
3ed04922
3ed0632d
3ed07d3b
3ed0974c
3ed0b160
3ed0cb78
3ed0e593
3ed0ffb2
3ed119d3
3ed133f8
3ed14e20
3ed1684c
3ed1827a
3ed19cac
3ed1b6e1
3ed1d11a
3ed1eb56
3ed20595
3ed21fd7
3ed23a1d
3ed25466
3ed26eb2
3ed28901
3ed2a354
3ed2bdaa
3ed2d804
3ed2f260
3ed30cc0
3ed32723
3ed3418a
3ed35bf4
3ed37661
3ed390d1
3ed3ab45
3ed3c5bc
3ed3e037
3ed3fab4
3ed41535
3ed42fba
3ed44a41
3ed464cc
3ed47f5a
3ed499ec
3ed4b481
3ed4cf19
3ed4e9b5
3ed50453
3ed51ef6
3ed5399b
3ed55444
3ed56ef0
3ed589a0
3ed5a453
3ed5bf09
3ed5d9c2
3ed5f47f
3ed60f40
3ed62a03
3ed644ca
3ed65f94
3ed67a62
3ed69533
3ed6b007
3ed6cadf
3ed6e5ba
3ed70098
3ed71b7a
3ed7365f
3ed75148
3ed76c34
3ed78723
3ed7a215
3ed7bd0b
3ed7d805
3ed7f301
3ed80e01
3ed82905
3ed8440c
3ed85f16
3ed87a23
3ed89534
3ed8b049
3ed8cb60
3ed8e67c
3ed9019a
3ed91cbc
3ed937e1
3ed9530a
3ed96e36
3ed98965
3ed9a498
3ed9bfcf
3ed9db08
3ed9f645
3eda1186
3eda2cca
3eda4811
3eda635c
3eda7eaa
3eda99fb
3edab550
3edad0a9
3edaec05
3edb0764
3edb22c6
3edb3e2c
3edb5996
3edb7503
3edb9073
3edbabe7
3edbc75e
3edbe2d9
3edbfe57
3edc19d8
3edc355d
3edc50e6
3edc6c72
3edc8801
3edca394
3edcbf2a
3edcdac3
3edcf660
3edd1201
3edd2da5
3edd494c
3edd64f7
3edd80a6
3edd9c57
3eddb80d
3eddd3c5
3eddef82
3ede0b41
3ede2704
3ede42cb
3ede5e95
3ede7a63
3ede9634
3edeb208
3edecde0
3edee9bc
3edf059b
3edf217d
3edf3d63
3edf594d
3edf7539
3edf912a
3edfad1e
3edfc915
3edfe510
3ee0010e
3ee01d10
3ee03916
3ee0551f
3ee0712b
3ee08d3b
3ee0a94e
3ee0c565
3ee0e180
3ee0fd9e
3ee119bf
3ee135e4
3ee1520c
3ee16e38
3ee18a68
3ee1a69b
3ee1c2d2
3ee1df0c
3ee1fb49
3ee2178b
3ee233cf
3ee25018
3ee26c63
3ee288b3
3ee2a506
3ee2c15c
3ee2ddb6
3ee2fa13
3ee31674
3ee332d9
3ee34f41
3ee36bad
3ee3881c
3ee3a48f
3ee3c105
3ee3dd7f
3ee3f9fd
3ee4167e
3ee43302
3ee44f8a
3ee46c16
3ee488a5
3ee4a538
3ee4c1cf
3ee4de69
3ee4fb06
3ee517a7
3ee5344c
3ee550f4
3ee56da0
3ee58a50
3ee5a703
3ee5c3ba
3ee5e074
3ee5fd32
3ee619f3
3ee636b8
3ee65381
3ee6704d
3ee68d1d
3ee6a9f0
3ee6c6c7
3ee6e3a2
3ee70080
3ee71d62
3ee73a48
3ee75731
3ee7741d
3ee7910e
3ee7ae02
3ee7caf9
3ee7e7f4
3ee804f3
3ee821f6
3ee83efc
3ee85c05
3ee87913
3ee89624
3ee8b338
3ee8d051
3ee8ed6c
3ee90a8c
3ee927af
3ee944d6
3ee96200
3ee97f2e
3ee99c60
3ee9b995
3ee9d6ce
3ee9f40b
3eea114b
3eea2e8f
3eea4bd7
3eea6922
3eea8671
3eeaa3c4
3eeac11a
3eeade74
3eeafbd2
3eeb1933
3eeb3698
3eeb5401
3eeb716d
3eeb8edd
3eebac51
3eebc9c8
3eebe743
3eec04c2
3eec2245
3eec3fcb
3eec5d55
3eec7ae2
3eec9873
3eecb608
3eecd3a1
3eecf13d
3eed0edd
3eed2c81
3eed4a28
3eed67d3
3eed8582
3eeda335
3eedc0eb
3eeddea5
3eedfc63
3eee1a24
3eee37e9
3eee55b2
3eee737f
3eee914f
3eeeaf23
3eeeccfb
3eeeead6
3eef08b5
3eef2698
3eef447f
3eef6269
3eef8058
3eef9e4a
3eefbc3f
3eefda39
3eeff836
3ef01637
3ef0343b
3ef05244
3ef07050
3ef08e60
3ef0ac73
3ef0ca8b
3ef0e8a6
3ef106c5
3ef124e8
3ef1430e
3ef16139
3ef17f67
3ef19d98
3ef1bbce
3ef1da07
3ef1f845
3ef21685
3ef234ca
3ef25313
3ef2715f
3ef28faf
3ef2ae03
3ef2cc5a
3ef2eab6
3ef30915
3ef32778
3ef345df
3ef3644a
3ef382b8
3ef3a12a
3ef3bfa0
3ef3de1a
3ef3fc98
3ef41b19
3ef4399f
3ef45828
3ef476b5
3ef49545
3ef4b3da
3ef4d272
3ef4f10f
3ef50faf
3ef52e53
3ef54cfa
3ef56ba6
3ef58a55
3ef5a908
3ef5c7bf
3ef5e67a
3ef60539
3ef623fc
3ef642c2
3ef6618c
3ef6805a
3ef69f2c
3ef6be02
3ef6dcdc
3ef6fbb9
3ef71a9b
3ef73980
3ef75869
3ef77756
3ef79647
3ef7b53c
3ef7d434
3ef7f331
3ef81231
3ef83135
3ef8503d
3ef86f49
3ef88e59
3ef8ad6d
3ef8cc85
3ef8eba0
3ef90ac0
3ef929e3
3ef9490a
3ef96835
3ef98764
3ef9a697
3ef9c5ce
3ef9e508
3efa0447
3efa238a
3efa42d0
3efa621a
3efa8168
3efaa0bb
3efac011
3efadf6b
3efafec8
3efb1e2a
3efb3d90
3efb5cfa
3efb7c67
3efb9bd9
3efbbb4e
3efbdac8
3efbfa45
3efc19c6
3efc394b
3efc58d4
3efc7862
3efc97f3
3efcb788
3efcd720
3efcf6bd
3efd165e
3efd3603
3efd55ac
3efd7558
3efd9509
3efdb4be
3efdd476
3efdf433
3efe13f3
3efe33b8
3efe5380
3efe734d
3efe931d
3efeb2f1
3efed2ca
3efef2a6
3eff1286
3eff326b
3eff5253
3eff723f
3eff9230
3effb224
3effd21c
3efff218
3f00090c
3f00190e
3f002913
3f003919
3f004921
3f00592b
3f006937
3f007945
3f008955
3f009968
3f00a97c
3f00b992
3f00c9aa
3f00d9c4
3f00e9e1
3f00f9ff
3f010a1f
3f011a41
3f012a66
3f013a8c
3f014ab4
3f015adf
3f016b0b
3f017b39
3f018b6a
3f019b9c
3f01abd1
3f01bc07
3f01cc40
3f01dc7a
3f01ecb7
3f01fcf5
3f020d36
3f021d79
3f022dbe
3f023e04
3f024e4d
3f025e98
3f026ee5
3f027f34
3f028f84
3f029fd7
3f02b02c
3f02c083
3f02d0dd
3f02e138
3f02f195
3f0301f4
3f031255
3f0322b9
3f03331e
3f034385
3f0353ef
3f03645a
3f0374c8
3f038538
3f0395a9
3f03a61d
3f03b693
3f03c70b
3f03d785
3f03e801
3f03f87f
3f0408ff
3f041981
3f042a05
3f043a8b
3f044b14
3f045b9e
3f046c2b
3f047cb9
3f048d4a
3f049ddc
3f04ae71
3f04bf08
3f04cfa1
3f04e03c
3f04f0d9
3f050178
3f051219
3f0522bd
3f053362
3f05440a
3f0554b3
3f05655f
3f05760c
3f0586bc
3f05976e
3f05a822
3f05b8d8
3f05c990
3f05da4b
3f05eb07
3f05fbc5
3f060c86
3f061d48
3f062e0d
3f063ed4
3f064f9d
3f066068
3f067135
3f068204
3f0692d5
3f06a3a9
3f06b47e
3f06c556
3f06d630
3f06e70c
3f06f7e9
3f0708ca
3f0719ac
3f072a90
3f073b76
3f074c5f
3f075d49
3f076e36
3f077f25
3f079016
3f07a109
3f07b1fe
3f07c2f5
3f07d3ef
3f07e4ea
3f07f5e8
3f0806e8
3f0817ea
3f0828ee
3f0839f4
3f084afc
3f085c07
3f086d13
3f087e22
3f088f33
3f08a046
3f08b15b
3f08c272
3f08d38c
3f08e4a7
3f08f5c5
3f0906e5
3f091807
3f09292b
3f093a51
3f094b79
3f095ca4
3f096dd0
3f097eff
3f099030
3f09a163
3f09b298
3f09c3d0
3f09d509
3f09e645
3f09f783
3f0a08c3
3f0a1a05
3f0a2b49
3f0a3c90
3f0a4dd9
3f0a5f23
3f0a7070
3f0a81c0
3f0a9311
3f0aa464
3f0ab5ba
3f0ac712
3f0ad86c
3f0ae9c8
3f0afb26
3f0b0c87
3f0b1de9
3f0b2f4e
3f0b40b5
3f0b521e
3f0b638a
3f0b74f7
3f0b8667
3f0b97d9
3f0ba94d
3f0bbac3
3f0bcc3c
3f0bddb6
3f0bef33
3f0c00b2
3f0c1233
3f0c23b7
3f0c353c
3f0c46c4
3f0c584e
3f0c69da
3f0c7b68
3f0c8cf9
3f0c9e8b
3f0cb020
3f0cc1b8
3f0cd351
3f0ce4ec
3f0cf68a
3f0d082a
3f0d19cc
3f0d2b70
3f0d3d17
3f0d4ec0
3f0d606b
3f0d7218
3f0d83c7
3f0d9579
3f0da72d
3f0db8e3
3f0dca9b
3f0ddc55
3f0dee12
3f0dffd1
3f0e1192
3f0e2355
3f0e351b
3f0e46e2
3f0e58ac
3f0e6a79
3f0e7c47
3f0e8e18
3f0e9fea
3f0eb1c0
3f0ec397
3f0ed570
3f0ee74c
3f0ef92a
3f0f0b0b
3f0f1ced
3f0f2ed2
3f0f40b9
3f0f52a2
3f0f648d
3f0f767b
3f0f886b
3f0f9a5d
3f0fac52
3f0fbe48
3f0fd041
3f0fe23c
3f0ff43a
3f100639
3f10183b
3f102a3f
3f103c46
3f104e4f
3f106059
3f107267
3f108476
3f109688
3f10a89c
3f10bab2
3f10ccca
3f10dee5
3f10f102
3f110321
3f111543
3f112767
3f11398d
3f114bb5
3f115de0
3f11700d
3f11823c
3f11946d
3f11a6a1
3f11b8d7
3f11cb0f
3f11dd4a
3f11ef86
3f1201c5
3f121407
3f12264a
3f123890
3f124ad9
3f125d23
3f126f70
3f1281bf
3f129410
3f12a664
3f12b8ba
3f12cb12
3f12dd6d
3f12efc9
3f130229
3f13148a
3f1326ee
3f133954
3f134bbc
3f135e27
3f137094
3f138303
3f139574
3f13a7e8
3f13ba5e
3f13ccd7
3f13df52
3f13f1cf
3f14044e
3f1416d0
3f142954
3f143bda
3f144e63
3f1460ee
3f14737b
3f14860a
3f14989c
3f14ab31
3f14bdc7
3f14d060
3f14e2fb
3f14f599
3f150839
3f151adb
3f152d7f
3f154026
3f1552cf
3f15657b
3f157829
3f158ad9
3f159d8c
3f15b040
3f15c2f8
3f15d5b1
3f15e86d
3f15fb2b
3f160dec
3f1620af
3f163374
3f16463c
3f165906
3f166bd2
3f167ea0
3f169171
3f16a445
3f16b71b
3f16c9f3
3f16dccd
3f16efaa
3f170289
3f17156a
3f17284e
3f173b35
3f174e1d
3f176108
3f1773f5
3f1786e5
3f1799d7
3f17accc
3f17bfc2
3f17d2bb
3f17e5b7
3f17f8b5
3f180bb5
3f181eb8
3f1831bd
3f1844c4
3f1857ce
3f186ada
3f187de9
3f1890fa
3f18a40d
3f18b723
3f18ca3b
3f18dd55
3f18f072
3f190391
3f1916b3
3f1929d7
3f193cfd
3f195026
3f196351
3f19767f
3f1989af
3f199ce2
3f19b016
3f19c34e
3f19d687
3f19e9c3
3f19fd02
3f1a1042
3f1a2386
3f1a36cb
3f1a4a13
3f1a5d5e
3f1a70ab
3f1a83fa
3f1a974c
3f1aaaa0
3f1abdf6
3f1ad14f
3f1ae4ab
3f1af808
3f1b0b69
3f1b1ecb
3f1b3230
3f1b4598
3f1b4f4d
3f1b5902
3f1b62b8
3f1b6c6e
3f1b7625
3f1b7fdd
3f1b8995
3f1b934e
3f1b9d08
3f1ba6c2
3f1bb07c
3f1bba38
3f1bc3f4
3f1bcdb0
3f1bd76d
3f1be12b
3f1beaea
3f1bf4a9
3f1bfe68
3f1c0828
3f1c11e9
3f1c1bab
3f1c256d
3f1c2f2f
3f1c38f3
3f1c42b6
3f1c4c7b
3f1c5640
3f1c6006
3f1c69cc
3f1c7393
3f1c7d5a
3f1c8723
3f1c90eb
3f1c9ab5
3f1ca47f
3f1cae49
3f1cb814
3f1cc1e0
3f1ccbad
3f1cd57a
3f1cdf47
3f1ce916
3f1cf2e4
3f1cfcb4
3f1d0684
3f1d1055
3f1d1a26
3f1d23f8
3f1d2dcb
3f1d379e
3f1d4172
3f1d4b46
3f1d551b
3f1d5ef1
3f1d68c7
3f1d729e
3f1d7c75
3f1d864d
3f1d9026
3f1d99ff
3f1da3d9
3f1dadb4
3f1db78f
3f1dc16b
3f1dcb47
3f1dd524
3f1ddf02
3f1de8e0
3f1df2bf
3f1dfc9e
3f1e067e
3f1e105f
3f1e1a40
3f1e2422
3f1e2e05
3f1e37e8
3f1e41cc
3f1e4bb0
3f1e5595
3f1e5f7b
3f1e6961
3f1e7348
3f1e7d30
3f1e8718
3f1e9101
3f1e9aea
3f1ea4d4
3f1eaebf
3f1eb8aa
3f1ec296
3f1ecc82
3f1ed66f
3f1ee05d
3f1eea4b
3f1ef43a
3f1efe2a
3f1f081a
3f1f120b
3f1f1bfc
3f1f25ee
3f1f2fe1
3f1f39d4
3f1f43c8
3f1f4dbd
3f1f57b2
3f1f61a8
3f1f6b9e
3f1f7595
3f1f7f8d
3f1f8985
3f1f937e
3f1f9d78
3f1fa772
3f1fb16d
3f1fbb68
3f1fc564
3f1fcf61
3f1fd95e
3f1fe35c
3f1fed5a
3f1ff759
3f200159
3f200b5a
3f20155b
3f201f5c
3f20295f
3f203361
3f203d65
3f204769
3f20516e
3f205b73
3f206579
3f206f80
3f207987
3f20838f
3f208d98
3f2097a1
3f20a1ab
3f20abb5
3f20b5c0
3f20bfcc
3f20c9d8
3f20d3e5
3f20ddf3
3f20e801
3f20f210
3f20fc1f
3f21062f
3f211040
3f211a51
3f212463
3f212e76
3f213889
3f21429d
3f214cb1
3f2156c6
3f2160dc
3f216af2
3f217509
3f217f21
3f218939
3f219352
3f219d6c
3f21a786
3f21b1a1
3f21bbbc
3f21c5d8
3f21cff5
3f21da12
3f21e430
3f21ee4f
3f21f86e
3f22028e
3f220cae
3f2216cf
3f2220f1
3f222b13
3f223536
3f223f5a
3f22497e
3f2253a3
3f225dc9
3f2267ef
3f227216
3f227c3d
3f228665
3f22908e
3f229ab7
3f22a4e1
3f22af0c
3f22b937
3f22c363
3f22cd90
3f22d7bd
3f22e1eb
3f22ec19
3f22f648
3f230078
3f230aa8
3f2314d9
3f231f0b
3f23293d
3f233370
3f233da4
3f2347d8
3f23520d
3f235c42
3f236678
3f2370af
3f237ae6
3f23851e
3f238f57
3f239990
3f23a3ca
3f23ae05
3f23b840
3f23c27c
3f23ccb8
3f23d6f5
3f23e133
3f23eb71
3f23f5b0
3f23fff0
3f240a30
3f241471
3f241eb3
3f2428f5
3f243338
3f243d7c
3f2447c0
3f245205
3f245c4a
3f246690
3f2470d7
3f247b1e
3f248566
3f248faf
3f2499f8
3f24a442
3f24ae8d
3f24b8d8
3f24c324
3f24cd70
3f24d7bd
3f24e20b
3f24ec5a
3f24f6a9
3f2500f9
3f250b49
3f25159a
3f251fec
3f252a3e
3f253491
3f253ee5
3f254939
3f25538e
3f255de3
3f256839
3f257290
3f257ce8
3f258740
3f259199
3f259bf2
3f25a64c
3f25b0a7
3f25bb02
3f25c55e
3f25cfbb
3f25da18
3f25e476
3f25eed5
3f25f934
3f260394
3f260df4
3f261856
3f2622b8
3f262d1a
3f26377d
3f2641e1
3f264c45
3f2656aa
3f266110
3f266b77
3f2675de
3f268045
3f268aae
3f269517
3f269f80
3f26a9eb
3f26b456
3f26bec1
3f26c92d
3f26d39a
3f26de08
3f26e876
3f26f2e5
3f26fd54
3f2707c5
3f271235
3f271ca7
3f272719
3f27318c
3f273bff
3f274673
3f2750e8
3f275b5d
3f2765d3
3f27704a
3f277ac1
3f278539
3f278fb2
3f279a2b
3f27a4a5
3f27af20
3f27b99b
3f27c417
3f27ce94
3f27d911
3f27e38f
3f27ee0d
3f27f88d
3f28030c
3f280d8d
3f28180e
3f282290
3f282d13
3f283796
3f284219
3f284c9e
3f285723
3f2861a9
3f286c2f
3f2876b6
3f28813e
3f288bc6
3f289650
3f28a0d9
3f28ab64
3f28b5ef
3f28c07a
3f28cb07
3f28d594
3f28e021
3f28eab0
3f28f53f
3f28ffce
3f290a5f
3f2914f0
3f291f81
3f292a14
3f2934a7
3f293f3a
3f2949cf
3f295463
3f295ef9
3f29698f
3f297426
3f297ebe
3f298956
3f2993ef
3f299e89
3f29a923
3f29b3be
3f29be59
3f29c8f6
3f29d392
3f29de30
3f29e8ce
3f29f36d
3f29fe0d
3f2a08ad
3f2a134e
3f2a1def
3f2a2891
3f2a3334
3f2a3dd8
3f2a487c
3f2a5321
3f2a5dc6
3f2a686d
3f2a7314
3f2a7dbb
3f2a8863
3f2a930c
3f2a9db6
3f2aa860
3f2ab30b
3f2abdb6
3f2ac862
3f2ad30f
3f2addbd
3f2ae86b
3f2af31a
3f2afdc9
3f2b087a
3f2b132a
3f2b1ddc
3f2b288e
3f2b3341
3f2b3df5
3f2b48a9
3f2b535e
3f2b5e13
3f2b68c9
3f2b7380
3f2b7e38
3f2b88f0
3f2b93a9
3f2b9e63
3f2ba91d
3f2bb3d8
3f2bbe93
3f2bc94f
3f2bd40c
3f2bdeca
3f2be988
3f2bf447
3f2bff07
3f2c09c7
3f2c1488
3f2c1f4a
3f2c2a0c
3f2c34cf
3f2c3f93
3f2c4a57
3f2c551c
3f2c5fe1
3f2c6aa8
3f2c756f
3f2c8036
3f2c8aff
3f2c95c8
3f2ca092
3f2cab5c
3f2cb627
3f2cc0f3
3f2ccbbf
3f2cd68c
3f2ce15a
3f2cec28
3f2cf6f7
3f2d01c7
3f2d0c98
3f2d1769
3f2d223b
3f2d2d0d
3f2d37e0
3f2d42b4
3f2d4d89
3f2d585e
3f2d6334
3f2d6e0a
3f2d78e1
3f2d83b9
3f2d8e92
3f2d996b
3f2da445
3f2daf20
3f2db9fb
3f2dc4d7
3f2dcfb3
3f2dda91
3f2de56f
3f2df04d
3f2dfb2d
3f2e060d
3f2e10ee
3f2e1bcf
3f2e26b1
3f2e3194
3f2e3c77
3f2e475b
3f2e5240
3f2e5d26
3f2e680c
3f2e72f3
3f2e7dda
3f2e88c2
3f2e93ab
3f2e9e95
3f2ea97f
3f2eb46a
3f2ebf56
3f2eca42
3f2ed52f
3f2ee01d
3f2eeb0b
3f2ef5fa
3f2f00ea
3f2f0bda
3f2f16cb
3f2f21bd
3f2f2caf
3f2f37a3
3f2f4296
3f2f4d8b
3f2f5880
3f2f6376
3f2f6e6c
3f2f7964
3f2f845c
3f2f8f54
3f2f9a4e
3f2fa548
3f2fb042
3f2fbb3e
3f2fc63a
3f2fd136
3f2fdc34
3f2fe732
3f2ff231
3f2ffd30
3f300830
3f301331
3f301e33
3f302935
3f303438
3f303f3b
3f304a40
3f305545
3f30604a
3f306b51
3f307658
3f308160
3f308c68
3f309771
3f30a27b
3f30ad85
3f30b891
3f30c39d
3f30cea9
3f30d9b6
3f30e4c4
3f30efd3
3f30fae2
3f3105f2
3f311103
3f311c14
3f312727
3f313239
3f313d4d
3f314861
3f315376
3f315e8b
3f3169a2
3f3174b9
3f317fd0
3f318ae9
3f319602
3f31a11b
3f31ac36
3f31b751
3f31c26d
3f31cd89
3f31d8a6
3f31e3c4
3f31eee3
3f31fa02
3f320522
3f321043
3f321b64
3f322686
3f3231a9
3f323ccc
3f3247f1
3f325315
3f325e3b
3f326961
3f327488
3f327fb0
3f328ad8
3f329601
3f32a12b
3f32ac55
3f32b780
3f32c2ac
3f32cdd9
3f32d906
3f32e434
3f32ef62
3f32fa92
3f3305c2
3f3310f2
3f331c24
3f332756
3f333289
3f333dbc
3f3348f1
3f335425
3f335f5b
3f336a91
3f3375c8
3f338100
3f338c38
3f339772
3f33a2ab
3f33ade6
3f33b921
3f33c45d
3f33cf9a
3f33dad7
3f33e615
3f33f154
3f33fc93
3f3407d3
3f341314
3f341e56
3f342998
3f3434db
3f34401f
3f344b63
3f3456a8
3f3461ee
3f346d34
3f34787b
3f3483c3
3f348f0c
3f349a55
3f34a59f
3f34b0ea
3f34bc35
3f34c781
3f34d2ce
3f34de1c
3f34e96a
3f34f4b9
3f350009
3f350b59
3f3516aa
3f3521fc
3f352d4e
3f3538a1
3f3543f5
3f354f4a
3f355a9f
3f3565f5
3f35714c
3f357ca3
3f3587fc
3f359354
3f359eae
3f35aa08
3f35b563
3f35c0bf
3f35cc1b
3f35d778
3f35e2d6
3f35ee35
3f35f994
3f3604f4
3f361055
3f361bb6
3f362718
3f36327b
3f363dde
3f364943
3f3654a8
3f36600d
3f366b74
3f3676db
3f368242
3f368dab
3f369914
3f36a47e
3f36afe9
3f36bb54
3f36c6c0
3f36d22d
3f36dd9a
3f36e909
3f36f478
3f36ffe7
3f370b58
3f3716c9
3f37223a
3f372dad
3f373920
3f374494
3f375009
3f375b7e
3f3766f4
3f37726b
3f377de2
3f37895b
3f3794d4
3f37a04d
3f37abc8
3f37b743
3f37c2bf
3f37ce3b
3f37d9b8
3f37e536
3f37f0b5
3f37fc34
3f3807b4
3f381335
3f381eb7
3f382a39
3f3835bc
3f384140
3f384cc4
3f385849
3f3863cf
3f386f56
3f387add
3f388665
3f3891ee
3f389d78
3f38a902
3f38b48d
3f38c018
3f38cba5
3f38d732
3f38e2c0
3f38ee4e
3f38f9dd
3f39056d
3f3910fe
3f391c8f
3f392822
3f3933b5
3f393f48
3f394adc
3f395671
3f396207
3f396d9e
3f397935
3f3984cd
3f399066
3f399bff
3f39a799
3f39b334
3f39becf
3f39ca6c
3f39d609
3f39e1a6
3f39ed45
3f39f8e4
3f3a0484
3f3a1025
3f3a1bc6
3f3a2768
3f3a330b
3f3a3eaf
3f3a4a53
3f3a55f8
3f3a619e
3f3a6d44
3f3a78eb
3f3a8493
3f3a903c
3f3a9be5
3f3aa78f
3f3ab33a
3f3abee6
3f3aca92
3f3ad63f
3f3ae1ed
3f3aed9b
3f3af94a
3f3b04fa
3f3b10ab
3f3b1c5c
3f3b280f
3f3b33c2
3f3b3f75
3f3b4b29
3f3b56de
3f3b6294
3f3b6e4b
3f3b7a02
3f3b85ba
3f3b9173
3f3b9d2c
3f3ba8e6
3f3bb4a1
3f3bc05d
3f3bcc19
3f3bd7d7
3f3be394
3f3bef53
3f3bfb12
3f3c06d2
3f3c1293
3f3c1e55
3f3c2a17
3f3c35da
3f3c419e
3f3c4d62
3f3c5927
3f3c64ed
3f3c70b4
3f3c7c7b
3f3c8844
3f3c940c
3f3c9fd6
3f3caba0
3f3cb76b
3f3cc337
3f3ccf04
3f3cdad1
3f3ce69f
3f3cf26e
3f3cfe3e
3f3d0a0e
3f3d15df
3f3d21b1
3f3d2d83
3f3d3956
3f3d452a
3f3d50ff
3f3d5cd4
3f3d68aa
3f3d7481
3f3d8059
3f3d8c31
3f3d980b
3f3da3e4
3f3dafbf
3f3dbb9a
3f3dc777
3f3dd353
3f3ddf31
3f3deb0f
3f3df6ee
3f3e02ce
3f3e0eaf
3f3e1a90
3f3e2672
3f3e3255
3f3e3e38
3f3e4a1d
3f3e5602
3f3e61e7
3f3e6dce
3f3e79b5
3f3e859d
3f3e9186
3f3e9d6f
3f3ea959
3f3eb544
3f3ec130
3f3ecd1c
3f3ed90a
3f3ee4f8
3f3ef0e6
3f3efcd6
3f3f08c6
3f3f14b7
3f3f20a8
3f3f2c9b
3f3f388e
3f3f4482
3f3f5077
3f3f5c6c
3f3f6862
3f3f7459
3f3f8051
3f3f8c49
3f3f9842
3f3fa43c
3f3fb037
3f3fbc32
3f3fc82e
3f3fd42b
3f3fe029
3f3fec27
3f3ff826
3f400426
3f401027
3f401c28
3f40282a
3f40342d
3f404031
3f404c35
3f40583a
3f406440
3f407047
3f407c4e
3f408857
3f40945f
3f40a069
3f40ac73
3f40b87f
3f40c48b
3f40d097
3f40dca5
3f40e8b3
3f40f4c2
3f4100d1
3f410ce2
3f4118f3
3f412505
3f413118
3f413d2b
3f41493f
3f415554
3f41616a
3f416d80
3f417998
3f4185b0
3f4191c8
3f419de2
3f41a9fc
3f41b617
3f41c233
3f41ce4f
3f41da6d
3f41e68b
3f41f2a9
3f41fec9
3f420ae9
3f42170a
3f42232c
3f422f4f
3f423b72
3f424796
3f4253bb
3f425fe1
3f426c07
3f42782e
3f428456
3f42907f
3f429ca8
3f42a8d2
3f42b4fd
3f42c129
3f42cd55
3f42d983
3f42e5b1
3f42f1df
3f42fe0f
3f430a3f
3f431670
3f4322a2
3f432ed4
3f433b08
3f43473c
3f435371
3f435fa6
3f436bdd
3f437814
3f43844c
3f439084
3f439cbe
3f43a8f8
3f43b533
3f43c16e
3f43cdab
3f43d9e8
3f43e626
3f43f265
3f43fea4
3f440ae5
3f441726
3f442368
3f442faa
3f443bee
3f444832
3f445477
3f4460bc
3f446d03
3f44794a
3f448592
3f4491db
3f449e24
3f44aa6e
3f44b6b9
3f44c305
3f44cf52
3f44db9f
3f44e7ed
3f44f43c
3f45008c
3f450cdc
3f45192d
3f45257f
3f4531d2
3f453e26
3f454a7a
3f4556cf
3f456325
3f456f7b
3f457bd3
3f45882b
3f459484
3f45a0dd
3f45ad38
3f45b993
3f45c5ef
3f45d24c
3f45dea9
3f45eb08
3f45f767
3f4603c6
3f461027
3f461c88
3f4628eb
3f46354e
3f4641b1
3f464e16
3f465a7b
3f4666e1
3f467348
3f467fb0
3f468c18
3f469881
3f46a4eb
3f46b156
3f46bdc1
3f46ca2d
3f46d69a
3f46e308
3f46ef77
3f46fbe6
3f470856
3f4714c7
3f472139
3f472dab
3f473a1f
3f474693
3f475307
3f475f7d
3f476bf3
3f47786a
3f4784e2
3f47915b
3f479dd5
3f47aa4f
3f47b6ca
3f47c346
3f47cfc2
3f47dc40
3f47e8be
3f47f53d
3f4801bc
3f480e3d
3f481abe
3f482740
3f4833c3
3f484047
3f484ccb
3f485950
3f4865d6
3f48725d
3f487ee5
3f488b6d
3f4897f6
3f48a480
3f48b10b
3f48bd96
3f48ca22
3f48d6af
3f48e33d
3f48efcc
3f48fc5b
3f4908eb
3f49157c
3f49220e
3f492ea0
3f493b34
3f4947c8
3f49545d
3f4960f2
3f496d89
3f497a20
3f4986b8
3f499351
3f499feb
3f49ac85
3f49b920
3f49c5bc
3f49d259
3f49def6
3f49eb95
3f49f834
3f4a04d4
3f4a1174
3f4a1e16
3f4a2ab8
3f4a375b
3f4a43ff
3f4a50a4
3f4a5d49
3f4a69ef
3f4a7696
3f4a833e
3f4a8fe7
3f4a9c90
3f4aa93a
3f4ab5e5
3f4ac291
3f4acf3e
3f4adbeb
3f4ae899
3f4af548
3f4b01f8
3f4b0ea8
3f4b1b5a
3f4b280c
3f4b34bf
3f4b4172
3f4b4e27
3f4b5adc
3f4b6792
3f4b7449
3f4b8101
3f4b8db9
3f4b9a72
3f4ba72d
3f4bb3e7
3f4bc0a3
3f4bcd5f
3f4bda1d
3f4be6db
3f4bf39a
3f4c0059
3f4c0d1a
3f4c19db
3f4c269d
3f4c3360
3f4c4023
3f4c4ce8
3f4c59ad
3f4c6673
3f4c733a
3f4c8001
3f4c8cca
3f4c9993
3f4ca65d
3f4cb328
3f4cbff3
3f4cccc0
3f4cd98d
3f4ce65b
3f4cf32a
3f4cfff9
3f4d0cca
3f4d199b
3f4d266d
3f4d3340
3f4d4013
3f4d4ce8
3f4d59bd
3f4d6693
3f4d736a
3f4d8041
3f4d8d1a
3f4d99f3
3f4da6cd
3f4db3a8
3f4dc083
3f4dcd60
3f4dda3d
3f4de71b
3f4df3fa
3f4e00da
3f4e0dba
3f4e1a9b
3f4e277d
3f4e3460
3f4e4144
3f4e4e28
3f4e5b0e
3f4e67f4
3f4e74db
3f4e81c2
3f4e8eab
3f4e9b94
3f4ea87e
3f4eb569
3f4ec255
3f4ecf42
3f4edc2f
3f4ee91d
3f4ef60c
3f4f02fc
3f4f0fec
3f4f1cde
3f4f29d0
3f4f36c3
3f4f43b7
3f4f50ac
3f4f5da1
3f4f6a97
3f4f778e
3f4f8486
3f4f917f
3f4f9e78
3f4fab73
3f4fb86e
3f4fc56a
3f4fd267
3f4fdf64
3f4fec62
3f4ff962
3f500662
3f501362
3f502064
3f502d66
3f503a6a
3f50476e
3f505473
3f506178
3f506e7f
3f507b86
3f50888e
3f509597
3f50a2a1
3f50afac
3f50bcb7
3f50c9c3
3f50d6d0
3f50e3de
3f50f0ed
3f50fdfc
3f510b0c
3f51181d
3f51252f
3f513242
3f513f56
3f514c6a
3f51597f
3f516695
3f5173ac
3f5180c4
3f518ddc
3f519af5
3f51a810
3f51b52a
3f51c246
3f51cf63
3f51dc80
3f51e99e
3f51f6bd
3f5203dd
3f5210fe
3f521e1f
3f522b42
3f523865
3f524589
3f5252ad
3f525fd3
3f526cf9
3f527a21
3f528749
3f529471
3f52a19b
3f52aec6
3f52bbf1
3f52c91d
3f52d64a
3f52e378
3f52f0a7
3f52fdd6
3f530b06
3f531837
3f532569
3f53329c
3f533fd0
3f534d04
3f535a39
3f53676f
3f5374a6
3f5381de
3f538f16
3f539c50
3f53a98a
3f53b6c5
3f53c401
3f53d13d
3f53de7b
3f53ebb9
3f53f8f8
3f540638
3f541379
3f5420bb
3f542dfd
3f543b41
3f544885
3f5455ca
3f54630f
3f547056
3f547d9d
3f548ae6
3f54982f
3f54a579
3f54b2c4
3f54c00f
3f54cd5c
3f54daa9
3f54e7f7
3f54f546
3f550296
3f550fe6
3f551d38
3f552a8a
3f5537dd
3f554531
3f555285
3f555fdb
3f556d31
3f557a89
3f5587e1
3f55953a
3f55a293
3f55afee
3f55bd49
3f55caa6
3f55d803
3f55e561
3f55f2bf
3f56001f
3f560d7f
3f561ae1
3f562843
3f5635a6
3f564309
3f56506e
3f565dd4
3f566b3a
3f5678a1
3f568609
3f569372
3f56a0db
3f56ae46
3f56bbb1
3f56c91d
3f56d68a
3f56e3f8
3f56f167
3f56fed6
3f570c47
3f5719b8
3f57272a
3f57349d
3f574210
3f574f85
3f575cfa
3f576a71
3f5777e8
3f578560
3f5792d8
3f57a052
3f57adcc
3f57bb48
3f57c8c4
3f57d641
3f57e3bf
3f57f13d
3f57febd
3f580c3d
3f5819be
3f582740
3f5834c3
3f584247
3f584fcb
3f585d51
3f586ad7
3f58785e
3f5885e6
3f58936f
3f58a0f9
3f58ae83
3f58bc0e
3f58c99b
3f58d728
3f58e4b5
3f58f244
3f58ffd4
3f590d64
3f591af5
3f592888
3f59361a
3f5943ae
3f595143
3f595ed8
3f596c6f
3f597a06
3f59879e
3f599537
3f59a2d1
3f59b06b
3f59be07
3f59cba3
3f59d940
3f59e6de
3f59f47d
3f5a021d
3f5a0fbd
3f5a1d5f
3f5a2b01
3f5a38a4
3f5a4648
3f5a53ed
3f5a6193
3f5a6f39
3f5a7ce0
3f5a8a89
3f5a9832
3f5aa5dc
3f5ab387
3f5ac132
3f5acedf
3f5adc8c
3f5aea3a
3f5af7e9
3f5b0599
3f5b134a
3f5b20fc
3f5b2eae
3f5b3c61
3f5b4a16
3f5b57cb
3f5b6581
3f5b7337
3f5b80ef
3f5b8ea8
3f5b9c61
3f5baa1b
3f5bb7d6
3f5bc592
3f5bd34f
3f5be10c
3f5beecb
3f5bfc8a
3f5c0a4b
3f5c180c
3f5c25ce
3f5c3390
3f5c4154
3f5c4f19
3f5c5cde
3f5c6aa4
3f5c786b
3f5c8633
3f5c93fc
3f5ca1c6
3f5caf90
3f5cbd5c
3f5ccb28
3f5cd8f5
3f5ce6c3
3f5cf492
3f5d0262
3f5d1032
3f5d1e04
3f5d2bd6
3f5d39a9
3f5d477d
3f5d5552
3f5d6328
3f5d70fe
3f5d7ed6
3f5d8cae
3f5d9a87
3f5da862
3f5db63d
3f5dc418
3f5dd1f5
3f5ddfd3
3f5dedb1
3f5dfb90
3f5e0970
3f5e1751
3f5e2533
3f5e3316
3f5e40fa
3f5e4ede
3f5e5cc4
3f5e6aaa
3f5e7891
3f5e8679
3f5e9462
3f5ea24b
3f5eb036
3f5ebe22
3f5ecc0e
3f5ed9fb
3f5ee7e9
3f5ef5d8
3f5f03c8
3f5f11b8
3f5f1faa
3f5f2d9c
3f5f3b90
3f5f4984
3f5f5779
3f5f656f
3f5f7366
3f5f815d
3f5f8f56
3f5f9d4f
3f5fab49
3f5fb945
3f5fc741
3f5fd53d
3f5fe33b
3f5ff13a
3f5fff39
3f600d3a
3f601b3b
3f60293d
3f603740
3f604544
3f605349
3f60614f
3f606f55
3f607d5c
3f608b65
3f60996e
3f60a778
3f60b583
3f60c38f
3f60d19b
3f60dfa9
3f60edb7
3f60fbc6
3f6109d7
3f6117e8
3f6125fa
3f61340c
3f614220
3f615035
3f615e4a
3f616c61
3f617a78
3f618890
3f6196a9
3f61a4c3
3f61b2dd
3f61c0f9
3f61cf16
3f61dd33
3f61eb51
3f61f970
3f620790
3f6215b1
3f6223d3
3f6231f6
3f624019
3f624e3e
3f625c63
3f626a89
3f6278b0
3f6286d8
3f629501
3f62a32b
3f62b156
3f62bf81
3f62cdae
3f62dbdb
3f62ea09
3f62f838
3f630668
3f631499
3f6322cb
3f6330fd
3f633f31
3f634d65
3f635b9a
3f6369d1
3f637808
3f638640
3f639478
3f63a2b2
3f63b0ed
3f63bf28
3f63cd65
3f63dba2
3f63e9e0
3f63f81f
3f64065f
3f6414a0
3f6422e2
3f643124
3f643f68
3f644dac
3f645bf2
3f646a38
3f64787f
3f6486c7
3f649510
3f64a359
3f64b1a4
3f64bff0
3f64ce3c
3f64dc89
3f64ead8
3f64f927
3f650777
3f6515c8
3f65241a
3f65326c
3f6540c0
3f654f14
3f655d6a
3f656bc0
3f657a17
3f65886f
3f6596c8
3f65a522
3f65b37d
3f65c1d9
3f65d035
3f65de93
3f65ecf1
3f65fb50
3f6609b0
3f661811
3f662673
3f6634d6
3f66433a
3f66519f
3f666004
3f666e6b
3f667cd2
3f668b3a
3f6699a3
3f66a80d
3f66b678
3f66c4e4
3f66d351
3f66e1bf
3f66f02d
3f66fe9d
3f670d0d
3f671b7e
3f6729f1
3f673864
3f6746d8
3f67554c
3f6763c2
3f677239
3f6780b0
3f678f29
3f679da2
3f67ac1d
3f67ba98
3f67c914
3f67d791
3f67e60f
3f67f48e
3f68030e
3f68118e
3f682010
3f682e92
3f683d16
3f684b9a
3f685a1f
3f6868a5
3f68772c
3f6885b4
3f68943d
3f68a2c7
3f68b151
3f68bfdd
3f68ce69
3f68dcf6
3f68eb85
3f68fa14
3f6908a4
3f691735
3f6925c7
3f69345a
3f6942ed
3f695182
3f696018
3f696eae
3f697d45
3f698bde
3f699a77
3f69a911
3f69b7ac
3f69c648
3f69d4e5
3f69e383
3f69f221
3f6a00c1
3f6a0f61
3f6a1e03
3f6a2ca5
3f6a3b48
3f6a49ed
3f6a5892
3f6a6738
3f6a75df
3f6a8486
3f6a932f
3f6aa1d9
3f6ab083
3f6abf2f
3f6acddb
3f6adc89
3f6aeb37
3f6af9e6
3f6b0896
3f6b1747
3f6b25f9
3f6b34ac
3f6b4360
3f6b5214
3f6b60ca
3f6b6f80
3f6b7e38
3f6b8cf0
3f6b9ba9
3f6baa64
3f6bb91f
3f6bc7db
3f6bd698
3f6be556
3f6bf414
3f6c02d4
3f6c1195
3f6c2056
3f6c2f19
3f6c3ddc
3f6c4ca0
3f6c5b66
3f6c6a2c
3f6c78f3
3f6c87bb
3f6c9684
3f6ca54e
3f6cb419
3f6cc2e4
3f6cd1b1
3f6ce07f
3f6cef4d
3f6cfe1c
3f6d0ced
3f6d1bbe
3f6d2a90
3f6d3963
3f6d4837
3f6d570c
3f6d65e2
3f6d74b9
3f6d8391
3f6d926a
3f6da143
3f6db01e
3f6dbef9
3f6dcdd6
3f6ddcb3
3f6deb91
3f6dfa70
3f6e0950
3f6e1832
3f6e2714
3f6e35f6
3f6e44da
3f6e53bf
3f6e62a5
3f6e718b
3f6e8073
3f6e8f5b
3f6e9e45
3f6ead2f
3f6ebc1a
3f6ecb07
3f6ed9f4
3f6ee8e2
3f6ef7d1
3f6f06c1
3f6f15b2
3f6f24a4
3f6f3396
3f6f428a
3f6f517f
3f6f6074
3f6f6f6b
3f6f7e62
3f6f8d5b
3f6f9c54
3f6fab4e
3f6fba49
3f6fc945
3f6fd842
3f6fe740
3f6ff63f
3f70053f
3f701440
3f702342
3f703244
3f704148
3f70504d
3f705f52
3f706e59
3f707d60
3f708c68
3f709b71
3f70aa7c
3f70b987
3f70c893
3f70d7a0
3f70e6ae
3f70f5bd
3f7104cc
3f7113dd
3f7122ef
3f713202
3f714115
3f71502a
3f715f3f
3f716e56
3f717d6d
3f718c85
3f719b9f
3f71aab9
3f71b9d4
3f71c8f0
3f71d80d
3f71e72b
3f71f64a
3f72056a
3f72148b
3f7223ac
3f7232cf
3f7241f3
3f725117
3f72603d
3f726f63
3f727e8b
3f728db3
3f729cdc
3f72ac07
3f72bb32
3f72ca5e
3f72d98b
3f72e8b9
3f72f7e8
3f730718
3f731649
3f73257b
3f7334ae
3f7343e2
3f735316
3f73624c
3f737183
3f7380ba
3f738ff3
3f739f2c
3f73ae67
3f73bda2
3f73ccde
3f73dc1c
3f73eb5a
3f73fa99
3f7409d9
3f74191a
3f74285c
3f74379f
3f7446e3
3f745628
3f74656e
3f7474b5
3f7483fd
3f749345
3f74a28f
3f74b1da
3f74c125
3f74d072
3f74dfbf
3f74ef0e
3f74fe5d
3f750dae
3f751cff
3f752c51
3f753ba5
3f754af9
3f755a4e
3f7569a4
3f7578fb
3f758853
3f7597ac
3f75a706
3f75b661
3f75c5bd
3f75d51a
3f75e478
3f75f3d6
3f760336
3f761297
3f7621f8
3f76315b
3f7640bf
3f765023
3f765f89
3f766eef
3f767e56
3f768dbf
3f769d28
3f76ac92
3f76bbfe
3f76cb6a
3f76dad7
3f76ea45
3f76f9b4
3f770924
3f771896
3f772808
3f77377b
3f7746ee
3f775663
3f7765d9
3f777550
3f7784c8
3f779441
3f77a3ba
3f77b335
3f77c2b1
3f77d22e
3f77e1ab
3f77f12a
3f7800a9
3f78102a
3f781fab
3f782f2e
3f783eb1
3f784e36
3f785dbb
3f786d41
3f787cc9
3f788c51
3f789bda
3f78ab64
3f78baf0
3f78ca7c
3f78da09
3f78e997
3f78f926
3f7908b6
3f791847
3f7927d9
3f79376c
3f794700
3f795695
3f79662b
3f7975c2
3f79855a
3f7994f3
3f79a48c
3f79b427
3f79c3c3
3f79d360
3f79e2fd
3f79f29c
3f7a023c
3f7a11dc
3f7a217e
3f7a3120
3f7a40c4
3f7a5068
3f7a600e
3f7a6fb4
3f7a7f5c
3f7a8f04
3f7a9eae
3f7aae58
3f7abe04
3f7acdb0
3f7add5d
3f7aed0c
3f7afcbb
3f7b0c6b
3f7b1c1d
3f7b2bcf
3f7b3b82
3f7b4b36
3f7b5aeb
3f7b6aa2
3f7b7a59
3f7b8a11
3f7b99ca
3f7ba984
3f7bb93f
3f7bc8fb
3f7bd8b8
3f7be876
3f7bf835
3f7c07f5
3f7c17b6
3f7c2778
3f7c373b
3f7c46ff
3f7c56c4
3f7c668a
3f7c7651
3f7c8619
3f7c95e2
3f7ca5ac
3f7cb576
3f7cc542
3f7cd50f
3f7ce4dd
3f7cf4ac
3f7d047c
3f7d144c
3f7d241e
3f7d33f1
3f7d43c5
3f7d5399
3f7d636f
3f7d7346
3f7d831d
3f7d92f6
3f7da2d0
3f7db2aa
3f7dc286
3f7dd263
3f7de240
3f7df21f
3f7e01ff
3f7e11df
3f7e21c1
3f7e31a4
3f7e4187
3f7e516c
3f7e6151
3f7e7138
3f7e811f
3f7e9108
3f7ea0f2
3f7eb0dc
3f7ec0c8
3f7ed0b4
3f7ee0a2
3f7ef090
3f7f0080
3f7f1070
3f7f2062
3f7f3054
3f7f4048
3f7f503c
3f7f6032
3f7f7028
3f7f8020
3f7f9018
3f7fa012
3f7fb00c
3f7fc008
3f7fd004
3f7fe002
3f7ff000
3f800000
3f800800
3f801001
3f801802
3f802004
3f802806
3f803009
3f80380c
3f804010
3f804814
3f805019
3f80581e
3f806024
3f80682a
3f807031
3f807838
3f808040
3f808848
3f809051
3f80985a
3f80a064
3f80a86e
3f80b079
3f80b884
3f80c090
3f80c89d
3f80d0a9
3f80d8b7
3f80e0c4
3f80e8d3
3f80f0e2
3f80f8f1
3f810101
3f810911
3f811122
3f811933
3f812145
3f812957
3f81316a
3f81397d
3f814191
3f8149a6
3f8151bb
3f8159d0
3f8161e6
3f8169fc
3f817213
3f817a2a
3f818242
3f818a5b
3f819274
3f819a8d
3f81a2a7
3f81aac1
3f81b2dc
3f81baf8
3f81c314
3f81cb30
3f81d34d
3f81db6a
3f81e388
3f81eba7
3f81f3c6
3f81fbe5
3f820405
3f820c26
3f821447
3f821c68
3f82248a
3f822cad
3f8234d0
3f823cf4
3f824518
3f824d3c
3f825561
3f825d87
3f8265ad
3f826dd4
3f8275fb
3f827e22
3f82864a
3f828e73
3f82969c
3f829ec6
3f82a6f0
3f82af1b
3f82b746
3f82bf72
3f82c79e
3f82cfcb
3f82d7f8
3f82e026
3f82e854
3f82f083
3f82f8b2
3f8300e2
3f830912
3f831143
3f831974
3f8321a6
3f8329d8
3f83320b
3f833a3f
3f834273
3f834aa7
3f8352dc
3f835b11
3f836347
3f836b7e
3f8373b5
3f837bec
3f838424
3f838c5d
3f839496
3f839ccf
3f83a509
3f83ad44
3f83b57f
3f83bdbb
3f83c5f7
3f83ce33
3f83d671
3f83deae
3f83e6ec
3f83ef2b
3f83f76a
3f83ffaa
3f8407ea
3f84102b
3f84186c
3f8420ae
3f8428f0
3f843133
3f843977
3f8441ba
3f8449ff
3f845244
3f845a89
3f8462cf
3f846b15
3f84735c
3f847ba4
3f8483ec
3f848c34
3f84947d
3f849cc7
3f84a511
3f84ad5b
3f84b5a7
3f84bdf2
3f84c63e
3f84ce8b
3f84d6d8
3f84df26
3f84e774
3f84efc3
3f84f812
3f850062
3f8508b2
3f851103
3f851954
3f8521a6
3f8529f8
3f85324b
3f853a9f
3f8542f3
3f854b47
3f85539c
3f855bf1
3f856447
3f856c9e
3f8574f5
3f857d4d
3f8585a5
3f858dfd
3f859656
3f859eb0
3f85a70a
3f85af65
3f85b7c0
3f85c01c
3f85c878
3f85d0d5
3f85d932
3f85e190
3f85e9ef
3f85f24d
3f85faad
3f86030d
3f860b6d
3f8613ce
3f861c30
3f862492
3f862cf4
3f863557
3f863dbb
3f86461f
3f864e84
3f8656e9
3f865f4f
3f8667b5
3f86701c
3f867883
3f8680eb
3f868953
3f8691bc
3f869a25
3f86a28f
3f86aaf9
3f86b364
3f86bbd0
3f86c43c
3f86cca8
3f86d515
3f86dd83
3f86e5f1
3f86ee60
3f86f6cf
3f86ff3f
3f8707af
3f871020
3f871891
3f872103
3f872975
3f8731e8
3f873a5b
3f8742cf
3f874b44
3f8753b9
3f875c2e
3f8764a4
3f876d1b
3f877592
3f877e09
3f878681
3f878efa
3f879773
3f879fed
3f87a867
3f87b0e2
3f87b95d
3f87c1d9
3f87ca56
3f87d2d3
3f87db50
3f87e3ce
3f87ec4c
3f87f4cc
3f87fd4b
3f8805cb
3f880e4c
3f8816cd
3f881f4f
3f8827d1
3f883054
3f8838d7
3f88415b
3f8849df
3f885264
3f885ae9
3f88636f
3f886bf6
3f88747d
3f887d04
3f88858c
3f888e15
3f88969e
3f889f28
3f88a7b2
3f88b03d
3f88b8c8
3f88c154
3f88c9e0
3f88d26d
3f88dafb
3f88e389
3f88ec17
3f88f4a6
3f88fd36
3f8905c6
3f890e56
3f8916e8
3f891f79
3f89280b
3f89309e
3f893932
3f8941c5
3f894a5a
3f8952ef
3f895b84
3f89641a
3f896cb1
3f897548
3f897ddf
3f898677
3f898f10
3f8997a9
3f89a043
3f89a8dd
3f89b178
3f89ba14
3f89c2af
3f89cb4c
3f89d3e9
3f89dc86
3f89e524
3f89edc3
3f89f662
3f89ff02
3f8a07a2
3f8a1043
3f8a18e4
3f8a2186
3f8a2a28
3f8a32cb
3f8a3b6f
3f8a4413
3f8a4cb7
3f8a555c
3f8a5e02
3f8a66a8
3f8a6f4f
3f8a77f6
3f8a809e
3f8a8946
3f8a91ef
3f8a9a98
3f8aa342
3f8aabed
3f8ab498
3f8abd43
3f8ac5ef
3f8ace9c
3f8ad749
3f8adff7
3f8ae8a5
3f8af154
3f8afa03
3f8b02b3
3f8b0b64
3f8b1415
3f8b1cc6
3f8b2578
3f8b2e2b
3f8b36de
3f8b3f92
3f8b4846
3f8b50fb
3f8b59b0
3f8b6266
3f8b6b1c
3f8b73d3
3f8b7c8b
3f8b8543
3f8b8dfb
3f8b96b5
3f8b9f6e
3f8ba828
3f8bb0e3
3f8bb99f
3f8bc25a
3f8bcb17
3f8bd3d4
3f8bdc91
3f8be54f
3f8bee0e
3f8bf6cd
3f8bff8d
3f8c084d
3f8c110e
3f8c19cf
3f8c2291
3f8c2b54
3f8c3417
3f8c3cda
3f8c459e
3f8c4e63
3f8c5728
3f8c5fee
3f8c68b4
3f8c717b
3f8c7a42
3f8c830a
3f8c8bd3
3f8c949c
3f8c9d65
3f8ca62f
3f8caefa
3f8cb7c5
3f8cc091
3f8cc95d
3f8cd22a
3f8cdaf7
3f8ce3c5
3f8cec94
3f8cf563
3f8cfe33
3f8d0703
3f8d0fd3
3f8d18a5
3f8d2177
3f8d2a49
3f8d331c
3f8d3bef
3f8d44c3
3f8d4d98
3f8d566d
3f8d5f43
3f8d6819
3f8d70f0
3f8d79c7
3f8d829f
3f8d8b77
3f8d9450
3f8d9d2a
3f8da604
3f8daedf
3f8db7ba
3f8dc096
3f8dc972
3f8dd24f
3f8ddb2c
3f8de40a
3f8dece9
3f8df5c8
3f8dfea7
3f8e0788
3f8e1068
3f8e194a
3f8e222c
3f8e2b0e
3f8e33f1
3f8e3cd4
3f8e45b9
3f8e4e9d
3f8e5782
3f8e6068
3f8e694e
3f8e7235
3f8e7b1d
3f8e8405
3f8e8ced
3f8e95d6
3f8e9ec0
3f8ea7aa
3f8eb095
3f8eb980
3f8ec26c
3f8ecb58
3f8ed445
3f8edd33
3f8ee621
3f8eef10
3f8ef7ff
3f8f00ef
3f8f09df
3f8f12d0
3f8f1bc1
3f8f24b3
3f8f2da6
3f8f3699
3f8f3f8d
3f8f4881
3f8f5176
3f8f5a6b
3f8f6361
3f8f6c58
3f8f754f
3f8f7e46
3f8f873f
3f8f9037
3f8f9931
3f8fa22a
3f8fab25
3f8fb420
3f8fbd1b
3f8fc617
3f8fcf14
3f8fd811
3f8fe10f
3f8fea0d
3f8ff30c
3f8ffc0c
3f90050c
3f900e0d
3f90170e
3f90200f
3f902912
3f903215
3f903b18
3f90441c
3f904d20
3f905626
3f905f2b
3f906831
3f907138
3f907a40
3f908348
3f908c50
3f909559
3f909e63
3f90a76d
3f90b078
3f90b983
3f90c28f
3f90cb9b
3f90d4a8
3f90ddb6
3f90e6c4
3f90efd3
3f90f8e2
3f9101f2
3f910b02
3f911413
3f911d25
3f912637
3f912f49
3f91385d
3f914171
3f914a85
3f91539a
3f915caf
3f9165c5
3f916edc
3f9177f3
3f91810b
3f918a23
3f91933c
3f919c56
3f91a570
3f91ae8a
3f91b7a6
3f91c0c1
3f91c9de
3f91d2fb
3f91dc18
3f91e536
3f91ee55
3f91f774
3f920094
3f9209b4
3f9212d5
3f921bf6
3f922518
3f922e3b
3f92375e
3f924082
3f9249a6
3f9252cb
3f925bf1
3f926517
3f926e3d
3f927764
3f92808c
3f9289b5
3f9292dd
3f929c07
3f92a531
3f92ae5c
3f92b787
3f92c0b2
3f92c9df
3f92d30c
3f92dc39
3f92e567
3f92ee96
3f92f7c5
3f9300f5
3f930a25
3f931356
3f931c88
3f9325ba
3f932eec
3f933820
3f934153
3f934a88
3f9353bd
3f935cf2
3f936628
3f936f5f
3f937896
3f9381ce
3f938b06
3f93943f
3f939d79
3f93a6b3
3f93afee
3f93b929
3f93c265
3f93cba1
3f93d4de
3f93de1c
3f93e75a
3f93f099
3f93f9d8
3f940318
3f940c59
3f94159a
3f941edb
3f94281d
3f943160
3f943aa4
3f9443e8
3f944d2c
3f945671
3f945fb7
3f9468fd
3f947244
3f947b8c
3f9484d4
3f948e1c
3f949765
3f94a0af
3f94a9f9
3f94b344
3f94bc90
3f94c5dc
3f94cf29
3f94d876
3f94e1c4
3f94eb12
3f94f461
3f94fdb1
3f950701
3f951051
3f9519a3
3f9522f5
3f952c47
3f95359a
3f953eee
3f954842
3f955197
3f955aec
3f956442
3f956d99
3f9576f0
3f958048
3f9589a0
3f9592f9
3f959c52
3f95a5ac
3f95af07
3f95b862
3f95c1be
3f95cb1a
3f95d477
3f95ddd5
3f95e733
3f95f092
3f95f9f1
3f960351
3f960cb2
3f961613
3f961f74
3f9628d7
3f96323a
3f963b9d
3f964501
3f964e66
3f9657cb
3f966131
3f966a97
3f9673fe
3f967d65
3f9686ce
3f969036
3f9699a0
3f96a309
3f96ac74
3f96b5df
3f96bf4b
3f96c8b7
3f96d224
3f96db91
3f96e4ff
3f96ee6e
3f96f7dd
3f97014d
3f970abd
3f97142e
3f971da0
3f972712
3f973085
3f9739f8
3f97436c
3f974ce0
3f975655
3f975fcb
3f976941
3f9772b8
3f977c30
3f9785a8
3f978f20
3f97989a
3f97a214
3f97ab8e
3f97b509
3f97be85
3f97c801
3f97d17e
3f97dafb
3f97e479
3f97edf8
3f97f777
3f9800f6
3f980a77
3f9813f8
3f981d79
3f9826fb
3f98307e
3f983a02
3f984385
3f984d0a
3f98568f
3f986015
3f98699b
3f987322
3f987ca9
3f988632
3f988fba
3f989944
3f98a2cd
3f98ac58
3f98b5e3
3f98bf6f
3f98c8fb
3f98d288
3f98dc15
3f98e5a3
3f98ef32
3f98f8c1
3f990251
3f990be1
3f991572
3f991f04
3f992896
3f993229
3f993bbd
3f994551
3f994ee5
3f99587b
3f996210
3f996ba7
3f99753e
3f997ed5
3f99886e
3f999207
3f999ba0
3f99a53a
3f99aed5
3f99b870
3f99c20c
3f99cba8
3f99d545
3f99dee3
3f99e881
3f99f220
3f99fbbf
3f9a055f
3f9a0f00
3f9a18a1
3f9a2243
3f9a2be5
3f9a3588
3f9a3f2c
3f9a48d0
3f9a5275
3f9a5c1b
3f9a65c1
3f9a6f67
3f9a790f
3f9a82b7
3f9a8c5f
3f9a9608
3f9a9fb2
3f9aa95c
3f9ab307
3f9abcb2
3f9ac65e
3f9ad00b
3f9ad9b9
3f9ae366
3f9aed15
3f9af6c4
3f9b0074
3f9b0a24
3f9b13d5
3f9b1d87
3f9b2739
3f9b30eb
3f9b3a9f
3f9b4453
3f9b4e07
3f9b57bd
3f9b6172
3f9b6b29
3f9b74e0
3f9b7e97
3f9b8850
3f9b9208
3f9b9bc2
3f9ba57c
3f9baf37
3f9bb8f2
3f9bc2ae
3f9bcc6a
3f9bd627
3f9bdfe5
3f9be9a3
3f9bf362
3f9bfd22
3f9c06e2
3f9c10a2
3f9c1a64
3f9c2426
3f9c2de8
3f9c37ab
3f9c416f
3f9c4b34
3f9c54f9
3f9c5ebe
3f9c6885
3f9c724b
3f9c7c13
3f9c85db
3f9c8fa4
3f9c996d
3f9ca337
3f9cad01
3f9cb6cc
3f9cc098
3f9cca64
3f9cd431
3f9cddff
3f9ce7cd
3f9cf19c
3f9cfb6b
3f9d053b
3f9d0f0c
3f9d18dd
3f9d22af
3f9d2c82
3f9d3655
3f9d4028
3f9d49fd
3f9d53d2
3f9d5da7
3f9d677d
3f9d7154
3f9d7b2b
3f9d8503
3f9d8edc
3f9d98b5
3f9da28f
3f9dac6a
3f9db645
3f9dc020
3f9dc9fd
3f9dd3da
3f9dddb7
3f9de795
3f9df174
3f9dfb54
3f9e0534
3f9e0f14
3f9e18f5
3f9e22d7
3f9e2cba
3f9e369d
3f9e4081
3f9e4a65
3f9e544a
3f9e5e30
3f9e6816
3f9e71fd
3f9e7be4
3f9e85cc
3f9e8fb5
3f9e999e
3f9ea388
3f9ead72
3f9eb75e
3f9ec149
3f9ecb36
3f9ed523
3f9edf10
3f9ee8ff
3f9ef2ee
3f9efcdd
3f9f06cd
3f9f10be
3f9f1aaf
3f9f24a1
3f9f2e94
3f9f3887
3f9f427b
3f9f4c6f
3f9f5664
3f9f605a
3f9f6a50
3f9f7447
3f9f7e3f
3f9f8837
3f9f9230
3f9f9c29
3f9fa624
3f9fb01e
3f9fba1a
3f9fc416
3f9fce12
3f9fd80f
3f9fe20d
3f9fec0c
3f9ff60b
3fa0000a
3fa00a0b
3fa0140c
3fa01e0d
3fa0280f
3fa03212
3fa03c16
3fa0461a
3fa0501e
3fa05a24
3fa0642a
3fa06e30
3fa07837
3fa0823f
3fa08c48
3fa09651
3fa0a05a
3fa0aa65
3fa0b470
3fa0be7b
3fa0c888
3fa0d294
3fa0dca2
3fa0e6b0
3fa0f0bf
3fa0face
3fa104de
3fa10eef
3fa11900
3fa12312
3fa12d24
3fa13737
3fa1414b
3fa14b60
3fa15575
3fa15f8a
3fa169a1
3fa173b7
3fa17dcf
3fa187e7
3fa19200
3fa19c19
3fa1a634
3fa1b04e
3fa1ba6a
3fa1c486
3fa1cea2
3fa1d8bf
3fa1e2dd
3fa1ecfc
3fa1f71b
3fa2013b
3fa20b5b
3fa2157c
3fa21f9e
3fa229c0
3fa233e3
3fa23e06
3fa2482b
3fa2524f
3fa25c75
3fa2669b
3fa270c2
3fa27ae9
3fa28511
3fa28f3a
3fa29963
3fa2a38d
3fa2adb7
3fa2b7e3
3fa2c20e
3fa2cc3b
3fa2d668
3fa2e096
3fa2eac4
3fa2f4f3
3fa2ff23
3fa30953
3fa31384
3fa31db5
3fa327e8
3fa3321a
3fa33c4e
3fa34682
3fa350b7
3fa35aec
3fa36522
3fa36f59
3fa37990
3fa383c8
3fa38e00
3fa3983a
3fa3a273
3fa3acae
3fa3b6e9
3fa3c125
3fa3cb61
3fa3d59e
3fa3dfdc
3fa3ea1a
3fa3f459
3fa3fe99
3fa408d9
3fa4131a
3fa41d5b
3fa4279d
3fa431e0
3fa43c24
3fa44668
3fa450ad
3fa45af2
3fa46538
3fa46f7f
3fa479c6
3fa4840e
3fa48e56
3fa498a0
3fa4a2e9
3fa4ad34
3fa4b77f
3fa4c1cb
3fa4cc17
3fa4d664
3fa4e0b2
3fa4eb00
3fa4f54f
3fa4ff9f
3fa509ef
3fa51440
3fa51e92
3fa528e4
3fa53337
3fa53d8b
3fa547df
3fa55234
3fa55c89
3fa566df
3fa57136
3fa57b8d
3fa585e5
3fa5903e
3fa59a97
3fa5a4f1
3fa5af4c
3fa5b9a7
3fa5c403
3fa5ce60
3fa5d8bd
3fa5e31b
3fa5ed79
3fa5f7d9
3fa60238
3fa60c99
3fa616fa
3fa6215c
3fa62bbe
3fa63621
3fa64085
3fa64ae9
3fa6554e
3fa65fb4
3fa66a1a
3fa67481
3fa67ee9
3fa68951
3fa693ba
3fa69e23
3fa6a88e
3fa6b2f9
3fa6bd64
3fa6c7d0
3fa6d23d
3fa6dcaa
3fa6e719
3fa6f187
3fa6fbf7
3fa70667
3fa710d8
3fa71b49
3fa725bb
3fa7302e
3fa73aa1
3fa74515
3fa74f8a
3fa759ff
3fa76475
3fa76eec
3fa77963
3fa783db
3fa78e53
3fa798cc
3fa7a346
3fa7adc1
3fa7b83c
3fa7c2b8
3fa7cd34
3fa7d7b2
3fa7e22f
3fa7ecae
3fa7f72d
3fa801ad
3fa80c2d
3fa816ae
3fa82130
3fa82bb2
3fa83635
3fa840b9
3fa84b3e
3fa855c3
3fa86048
3fa86acf
3fa87556
3fa87fdd
3fa88a66
3fa894ef
3fa89f78
3fa8aa03
3fa8b48d
3fa8bf19
3fa8c9a5
3fa8d432
3fa8dec0
3fa8e94e
3fa8f3dd
3fa8fe6d
3fa908fd
3fa9138e
3fa91e1f
3fa928b2
3fa93344
3fa93dd8
3fa9486c
3fa95301
3fa95d97
3fa9682d
3fa972c4
3fa97d5b
3fa987f3
3fa9928c
3fa99d26
3fa9a7c0
3fa9b25a
3fa9bcf6
3fa9c792
3fa9d22f
3fa9dccc
3fa9e76b
3fa9f209
3fa9fca9
3faa0749
3faa11ea
3faa1c8b
3faa272d
3faa31d0
3faa3c73
3faa4718
3faa51bc
3faa5c62
3faa6708
3faa71af
3faa7c56
3faa86fe
3faa91a7
3faa9c50
3faaa6fb
3faab1a5
3faabc51
3faac6fd
3faad1aa
3faadc57
3faae705
3faaf1b4
3faafc63
3fab0713
3fab11c4
3fab1c76
3fab2728
3fab31db
3fab3c8e
3fab4742
3fab51f7
3fab5cac
3fab6763
3fab7219
3fab7cd1
3fab8789
3fab9242
3fab9cfb
3faba7b5
3fabb270
3fabbd2c
3fabc7e8
3fabd2a5
3fabdd62
3fabe820
3fabf2df
3fabfd9f
3fac085f
3fac1320
3fac1de1
3fac28a3
3fac3366
3fac3e2a
3fac48ee
3fac53b3
3fac5e79
3fac693f
3fac7406
3fac7ecd
3fac8996
3fac945f
3fac9f28
3faca9f2
3facb4bd
3facbf89
3facca55
3facd522
3facdff0
3faceabe
3facf58d
3fad005d
3fad0b2d
3fad15fe
3fad20d0
3fad2ba2
3fad3676
3fad4149
3fad4c1e
3fad56f3
3fad61c9
3fad6c9f
3fad7776
3fad824e
3fad8d26
3fad9800
3fada2d9
3fadadb4
3fadb88f
3fadc36b
3fadce48
3fadd925
3fade403
3fadeee1
3fadf9c1
3fae04a1
3fae0f81
3fae1a62
3fae2544
3fae3027
3fae3b0a
3fae45ef
3fae50d3
3fae5bb9
3fae669f
3fae7185
3fae7c6d
3fae8755
3fae923e
3fae9d27
3faea811
3faeb2fc
3faebde8
3faec8d4
3faed3c1
3faedeae
3faee99d
3faef48c
3faeff7b
3faf0a6c
3faf155d
3faf204e
3faf2b41
3faf3634
3faf4127
3faf4c1c
3faf5711
3faf6207
3faf6cfd
3faf77f4
3faf82ec
3faf8de5
3faf98de
3fafa3d8
3fafaed2
3fafb9ce
3fafc4ca
3fafcfc6
3fafdac4
3fafe5c2
3faff0c0
3faffbc0
3fb006c0
3fb011c1
3fb01cc2
3fb027c4
3fb032c7
3fb03dcb
3fb048cf
3fb053d4
3fb05ed9
3fb069df
3fb074e6
3fb07fee
3fb08af6
3fb095ff
3fb0a109
3fb0ac14
3fb0b71f
3fb0c22a
3fb0cd37
3fb0d844
3fb0e352
3fb0ee61
3fb0f970
3fb10480
3fb10f90
3fb11aa2
3fb125b4
3fb130c6
3fb13bda
3fb146ee
3fb15203
3fb15d18
3fb1682e
3fb17345
3fb17e5d
3fb18975
3fb1948e
3fb19fa7
3fb1aac2
3fb1b5dd
3fb1c0f9
3fb1cc15
3fb1d732
3fb1e250
3fb1ed6e
3fb1f88e
3fb203ad
3fb20ece
3fb219ef
3fb22511
3fb23034
3fb23b57
3fb2467b
3fb251a0
3fb25cc6
3fb267ec
3fb27313
3fb27e3a
3fb28962
3fb2948b
3fb29fb5
3fb2aadf
3fb2b60a
3fb2c136
3fb2cc62
3fb2d78f
3fb2e2bd
3fb2edec
3fb2f91b
3fb3044b
3fb30f7c
3fb31aad
3fb325df
3fb33112
3fb33c45
3fb34779
3fb352ae
3fb35de4
3fb3691a
3fb37451
3fb37f88
3fb38ac1
3fb395fa
3fb3a133
3fb3ac6e
3fb3b7a9
3fb3c2e5
3fb3ce21
3fb3d95e
3fb3e49c
3fb3efdb
3fb3fb1a
3fb4065a
3fb4119b
3fb41cdd
3fb4281f
3fb43362
3fb43ea5
3fb449e9
3fb4552e
3fb46074
3fb46bbb
3fb47702
3fb48249
3fb48d92
3fb498db
3fb4a425
3fb4af70
3fb4babb
3fb4c607
3fb4d154
3fb4dca1
3fb4e7ef
3fb4f33e
3fb4fe8e
3fb509de
3fb5152f
3fb52081
3fb52bd3
3fb53726
3fb5427a
3fb54dce
3fb55924
3fb5647a
3fb56fd0
3fb57b27
3fb58680
3fb591d8
3fb59d32
3fb5a88c
3fb5b3e7
3fb5bf42
3fb5ca9f
3fb5d5fc
3fb5e159
3fb5ecb8
3fb5f817
3fb60377
3fb60ed8
3fb61a39
3fb6259b
3fb630fd
3fb63c61
3fb647c5
3fb6532a
3fb65e8f
3fb669f6
3fb6755d
3fb680c4
3fb68c2d
3fb69796
3fb6a300
3fb6ae6a
3fb6b9d6
3fb6c542
3fb6d0ae
3fb6dc1c
3fb6e78a
3fb6f2f9
3fb6fe68
3fb709d8
3fb71549
3fb720bb
3fb72c2d
3fb737a1
3fb74314
3fb74e89
3fb759fe
3fb76574
3fb770eb
3fb77c62
3fb787da
3fb79353
3fb79ecd
3fb7aa47
3fb7b5c2
3fb7c13e
3fb7ccba
3fb7d837
3fb7e3b5
3fb7ef34
3fb7fab3
3fb80633
3fb811b4
3fb81d35
3fb828b8
3fb8343b
3fb83fbe
3fb84b42
3fb856c8
3fb8624d
3fb86dd4
3fb8795b
3fb884e3
3fb8906c
3fb89bf5
3fb8a77f
3fb8b30a
3fb8be96
3fb8ca22
3fb8d5af
3fb8e13d
3fb8eccb
3fb8f85a
3fb903ea
3fb90f7b
3fb91b0c
3fb9269e
3fb93231
3fb93dc4
3fb94958
3fb954ed
3fb96083
3fb96c19
3fb977b1
3fb98348
3fb98ee1
3fb99a7a
3fb9a614
3fb9b1af
3fb9bd4b
3fb9c8e7
3fb9d484
3fb9e021
3fb9ebc0
3fb9f75f
3fba02ff
3fba0e9f
3fba1a40
3fba25e2
3fba3185
3fba3d29
3fba48cd
3fba5472
3fba6017
3fba6bbe
3fba7765
3fba830d
3fba8eb5
3fba9a5e
3fbaa609
3fbab1b3
3fbabd5f
3fbac90b
3fbad4b8
3fbae066
3fbaec14
3fbaf7c3
3fbb0373
3fbb0f23
3fbb1ad5
3fbb2687
3fbb323a
3fbb3ded
3fbb49a1
3fbb5556
3fbb610c
3fbb6cc2
3fbb787a
3fbb8431
3fbb8fea
3fbb9ba3
3fbba75e
3fbbb318
3fbbbed4
3fbbca90
3fbbd64d
3fbbe20b
3fbbedca
3fbbf989
3fbc0549
3fbc1109
3fbc1ccb
3fbc288d
3fbc3450
3fbc4014
3fbc4bd8
3fbc579d
3fbc6363
3fbc6f29
3fbc7af1
3fbc86b9
3fbc9282
3fbc9e4b
3fbcaa15
3fbcb5e0
3fbcc1ac
3fbccd79
3fbcd946
3fbce514
3fbcf0e2
3fbcfcb2
3fbd0882
3fbd1453
3fbd2025
3fbd2bf7
3fbd37ca
3fbd439e
3fbd4f73
3fbd5b48
3fbd671e
3fbd72f5
3fbd7ecc
3fbd8aa5
3fbd967e
3fbda257
3fbdae32
3fbdba0d
3fbdc5e9
3fbdd1c6
3fbddda3
3fbde982
3fbdf561
3fbe0140
3fbe0d21
3fbe1902
3fbe24e4
3fbe30c7
3fbe3caa
3fbe488e
3fbe5473
3fbe6059
3fbe6c3f
3fbe7826
3fbe840e
3fbe8ff7
3fbe9be0
3fbea7ca
3fbeb3b5
3fbebfa1
3fbecb8d
3fbed77a
3fbee368
3fbeef57
3fbefb46
3fbf0736
3fbf1327
3fbf1f18
3fbf2b0b
3fbf36fe
3fbf42f2
3fbf4ee6
3fbf5adb
3fbf66d1
3fbf72c8
3fbf7ec0
3fbf8ab8
3fbf96b1
3fbfa2ab
3fbfaea5
3fbfbaa1
3fbfc69d
3fbfd29a
3fbfde97
3fbfea95
3fbff694
3fc00294
3fc00e95
3fc01a96
3fc02698
3fc0329b
3fc03e9e
3fc04aa3
3fc056a8
3fc062ae
3fc06eb4
3fc07abb
3fc086c3
3fc092cc
3fc09ed6
3fc0aae0
3fc0b6eb
3fc0c2f7
3fc0cf04
3fc0db11
3fc0e71f
3fc0f32e
3fc0ff3d
3fc10b4e
3fc1175f
3fc12371
3fc12f83
3fc13b96
3fc147ab
3fc153bf
3fc15fd5
3fc16beb
3fc17803
3fc1841a
3fc19033
3fc19c4c
3fc1a867
3fc1b481
3fc1c09d
3fc1ccba
3fc1d8d7
3fc1e4f5
3fc1f113
3fc1fd33
3fc20953
3fc21574
3fc22196
3fc22db8
3fc239db
3fc245ff
3fc25224
3fc25e4a
3fc26a70
3fc27697
3fc282bf
3fc28ee7
3fc29b11
3fc2a73b
3fc2b366
3fc2bf91
3fc2cbbd
3fc2d7eb
3fc2e418
3fc2f047
3fc2fc77
3fc308a7
3fc314d8
3fc32109
3fc32d3c
3fc3396f
3fc345a3
3fc351d8
3fc35e0d
3fc36a43
3fc3767a
3fc382b2
3fc38eeb
3fc39b24
3fc3a75e
3fc3b399
3fc3bfd5
3fc3cc11
3fc3d84e
3fc3e48c
3fc3f0cb
3fc3fd0a
3fc4094a
3fc4158b
3fc421cd
3fc42e0f
3fc43a53
3fc44697
3fc452dc
3fc45f21
3fc46b67
3fc477af
3fc483f6
3fc4903f
3fc49c88
3fc4a8d3
3fc4b51e
3fc4c169
3fc4cdb6
3fc4da03
3fc4e651
3fc4f2a0
3fc4feef
3fc50b40
3fc51791
3fc523e3
3fc53035
3fc53c89
3fc548dd
3fc55532
3fc56187
3fc56dde
3fc57a35
3fc5868d
3fc592e6
3fc59f40
3fc5ab9a
3fc5b7f5
3fc5c451
3fc5d0ae
3fc5dd0b
3fc5e969
3fc5f5c8
3fc60228
3fc60e88
3fc61aea
3fc6274c
3fc633af
3fc64012
3fc64c77
3fc658dc
3fc66542
3fc671a8
3fc67e10
3fc68a78
3fc696e1
3fc6a34b
3fc6afb6
3fc6bc21
3fc6c88d
3fc6d4fa
3fc6e168
3fc6edd6
3fc6fa46
3fc706b6
3fc71326
3fc71f98
3fc72c0a
3fc7387d
3fc744f1
3fc75166
3fc75ddc
3fc76a52
3fc776c9
3fc78341
3fc78fb9
3fc79c33
3fc7a8ad
3fc7b528
3fc7c1a3
3fc7ce20
3fc7da9d
3fc7e71b
3fc7f39a
3fc8001a
3fc80c9a
3fc8191b
3fc8259d
3fc83220
3fc83ea3
3fc84b28
3fc857ad
3fc86433
3fc870b9
3fc87d41
3fc889c9
3fc89652
3fc8a2dc
3fc8af66
3fc8bbf2
3fc8c87e
3fc8d50b
3fc8e199
3fc8ee27
3fc8fab6
3fc90746
3fc913d7
3fc92069
3fc92cfb
3fc9398e
3fc94622
3fc952b7
3fc95f4d
3fc96be3
3fc9787a
3fc98512
3fc991ab
3fc99e44
3fc9aadf
3fc9b77a
3fc9c416
3fc9d0b2
3fc9dd50
3fc9e9ee
3fc9f68d
3fca032d
3fca0fcd
3fca1c6f
3fca2911
3fca35b4
3fca4258
3fca4efc
3fca5ba2
3fca6848
3fca74ef
3fca8196
3fca8e3f
3fca9ae8
3fcaa792
3fcab43d
3fcac0e9
3fcacd95
3fcada42
3fcae6f0
3fcaf39f
3fcb004f
3fcb0cff
3fcb19b0
3fcb2662
3fcb3315
3fcb3fc9
3fcb4c7d
3fcb5932
3fcb65e8
3fcb729f
3fcb7f57
3fcb8c0f
3fcb98c8
3fcba582
3fcbb23d
3fcbbef8
3fcbcbb5
3fcbd872
3fcbe530
3fcbf1ef
3fcbfeae
3fcc0b6e
3fcc182f
3fcc24f1
3fcc31b4
3fcc3e78
3fcc4b3c
3fcc5801
3fcc64c7
3fcc718e
3fcc7e55
3fcc8b1d
3fcc97e7
3fcca4b0
3fccb17b
3fccbe47
3fcccb13
3fccd7e0
3fcce4ae
3fccf17d
3fccfe4c
3fcd0b1c
3fcd17ed
3fcd24bf
3fcd3192
3fcd3e66
3fcd4b3a
3fcd580f
3fcd64e5
3fcd71bc
3fcd7e93
3fcd8b6b
3fcd9844
3fcda51e
3fcdb1f9
3fcdbed5
3fcdcbb1
3fcdd88e
3fcde56c
3fcdf24b
3fcdff2a
3fce0c0b
3fce18ec
3fce25ce
3fce32b1
3fce3f94
3fce4c79
3fce595e
3fce6644
3fce732a
3fce8012
3fce8cfa
3fce99e4
3fcea6ce
3fceb3b9
3fcec0a4
3fcecd91
3fceda7e
3fcee76c
3fcef45b
3fcf014a
3fcf0e3b
3fcf1b2c
3fcf281e
3fcf3511
3fcf4205
3fcf4efa
3fcf5bef
3fcf68e5
3fcf75dc
3fcf82d4
3fcf8fcc
3fcf9cc6
3fcfa9c0
3fcfb6bb
3fcfc3b7
3fcfd0b3
3fcfddb1
3fcfeaaf
3fcff7ae
3fd004ae
3fd011af
3fd01eb0
3fd02bb3
3fd038b6
3fd045ba
3fd052be
3fd05fc4
3fd06cca
3fd079d2
3fd086da
3fd093e3
3fd0a0ec
3fd0adf7
3fd0bb02
3fd0c80e
3fd0d51b
3fd0e229
3fd0ef37
3fd0fc47
3fd10957
3fd11668
3fd1237a
3fd1308c
3fd13da0
3fd14ab4
3fd157c9
3fd164df
3fd171f6
3fd17f0d
3fd18c25
3fd1993f
3fd1a659
3fd1b373
3fd1c08f
3fd1cdab
3fd1dac9
3fd1e7e7
3fd1f506
3fd20225
3fd20f46
3fd21c67
3fd2298a
3fd236ad
3fd243d0
3fd250f5
3fd25e1a
3fd26b41
3fd27868
3fd28590
3fd292b9
3fd29fe2
3fd2ad0d
3fd2ba38
3fd2c764
3fd2d491
3fd2e1be
3fd2eeed
3fd2fc1c
3fd3094c
3fd323af
3fd33e15
3fd3587f
3fd372eb
3fd38d5c
3fd3a7cf
3fd3c245
3fd3dcbf
3fd3f73d
3fd411bd
3fd42c41
3fd446c8
3fd46153
3fd47be1
3fd49672
3fd4b106
3fd4cb9e
3fd4e639
3fd500d8
3fd51b79
3fd5361e
3fd550c7
3fd56b73
3fd58622
3fd5a0d4
3fd5bb8a
3fd5d643
3fd5f0ff
3fd60bbf
3fd62682
3fd64149
3fd65c13
3fd676e0
3fd691b0
3fd6ac84
3fd6c75c
3fd6e236
3fd6fd14
3fd717f5
3fd732da
3fd74dc2
3fd768ae
3fd7839c
3fd79e8e
3fd7b984
3fd7d47d
3fd7ef79
3fd80a79
3fd8257c
3fd84082
3fd85b8c
3fd87699
3fd891aa
3fd8acbd
3fd8c7d5
3fd8e2ef
3fd8fe0d
3fd9192f
3fd93454
3fd94f7c
3fd96aa8
3fd985d7
3fd9a109
3fd9bc3f
3fd9d778
3fd9f2b5
3fda0df5
3fda2938
3fda447f
3fda5fc9
3fda7b17
3fda9668
3fdab1bd
3fdacd15
3fdae870
3fdb03cf
3fdb1f31
3fdb3a96
3fdb5600
3fdb716c
3fdb8cdc
3fdba84f
3fdbc3c6
3fdbdf40
3fdbfabe
3fdc163f
3fdc31c3
3fdc4d4b
3fdc68d7
3fdc8465
3fdc9ff8
3fdcbb8d
3fdcd727
3fdcf2c3
3fdd0e63
3fdd2a07
3fdd45ae
3fdd6158
3fdd7d06
3fdd98b8
3fddb46c
3fddd025
3fddebe0
3fde07a0
3fde2362
3fde3f28
3fde5af2
3fde76bf
3fde9290
3fdeae64
3fdeca3b
3fdee616
3fdf01f5
3fdf1dd7
3fdf39bc
3fdf55a5
3fdf7192
3fdf8d82
3fdfa975
3fdfc56c
3fdfe167
3fdffd64
3fe01966
3fe0356b
3fe05173
3fe06d7f
3fe0898f
3fe0a5a2
3fe0c1b8
3fe0ddd2
3fe0f9ef
3fe11610
3fe13235
3fe14e5d
3fe16a89
3fe186b8
3fe1a2ea
3fe1bf20
3fe1db5a
3fe1f797
3fe213d8
3fe2301c
3fe24c64
3fe268af
3fe284fe
3fe2a151
3fe2bda6
3fe2da00
3fe2f65d
3fe312be
3fe32f22
3fe34b89
3fe367f5
3fe38463
3fe3a0d6
3fe3bd4b
3fe3d9c5
3fe3f642
3fe412c3
3fe42f47
3fe44bce
3fe4685a
3fe484e8
3fe4a17b
3fe4be11
3fe4daaa
3fe4f747
3fe513e8
3fe5308c
3fe54d34
3fe569e0
3fe5868f
3fe5a341
3fe5bff8
3fe5dcb1
3fe5f96f
3fe61630
3fe632f4
3fe64fbc
3fe66c88
3fe68958
3fe6a62b
3fe6c301
3fe6dfdb
3fe6fcb9
3fe7199a
3fe73680
3fe75368
3fe77054
3fe78d44
3fe7aa38
3fe7c72f
3fe7e429
3fe80128
3fe81e2a
3fe83b2f
3fe85839
3fe87545
3fe89256
3fe8af6a
3fe8cc82
3fe8e99d
3fe906bc
3fe923df
3fe94105
3fe95e2f
3fe97b5d
3fe9988e
3fe9b5c3
3fe9d2fb
3fe9f038
3fea0d77
3fea2abb
3fea4802
3fea654d
3fea829b
3fea9fee
3feabd43
3feada9d
3feaf7fa
3feb155b
3feb32bf
3feb5028
3feb6d93
3feb8b03
3feba876
3febc5ed
3febe368
3fec00e6
3fec1e68
3fec3bee
3fec5977
3fec7704
3fec9495
3fecb229
3feccfc1
3feced5d
3fed0afc
3fed28a0
3fed4647
3fed63f1
3fed81a0
3fed9f52
3fedbd07
3feddac1
3fedf87e
3fee163f
3fee3404
3fee51cc
3fee6f98
3fee8d68
3feeab3c
3feec913
3feee6ee
3fef04cd
3fef22af
3fef4095
3fef5e7f
3fef7c6d
3fef9a5e
3fefb853
3fefd64c
3feff449
3ff01249
3ff0304e
3ff04e55
3ff06c61
3ff08a71
3ff0a884
3ff0c69b
3ff0e4b5
3ff102d4
3ff120f6
3ff13f1c
3ff15d46
3ff17b73
3ff199a5
3ff1b7da
3ff1d613
3ff1f44f
3ff21290
3ff230d4
3ff24f1c
3ff26d68
3ff28bb7
3ff2aa0b
3ff2c862
3ff2e6bd
3ff3051c
3ff3237e
3ff341e4
3ff3604f
3ff37ebc
3ff39d2e
3ff3bba4
3ff3da1d
3ff3f89a
3ff4171b
3ff435a0
3ff45429
3ff472b5
3ff49145
3ff4afd9
3ff4ce71
3ff4ed0d
3ff50bad
3ff52a50
3ff548f7
3ff567a2
3ff58651
3ff5a504
3ff5c3ba
3ff5e275
3ff60133
3ff61ff5
3ff63ebb
3ff65d85
3ff67c52
3ff69b24
3ff6b9f9
3ff6d8d2
3ff6f7af
3ff71690
3ff73575
3ff7545e
3ff7734a
3ff7923a
3ff7b12f
3ff7d027
3ff7ef23
3ff80e22
3ff82d26
3ff84c2e
3ff86b39
3ff88a49
3ff8a95c
3ff8c873
3ff8e78e
3ff906ad
3ff925d0
3ff944f6
3ff96421
3ff9834f
3ff9a282
3ff9c1b8
3ff9e0f2
3ffa0030
3ffa1f72
3ffa3eb8
3ffa5e02
3ffa7d50
3ffa9ca1
3ffabbf7
3ffadb50
3ffafaae
3ffb1a0f
3ffb3974
3ffb58dd
3ffb784a
3ffb97bb
3ffbb730
3ffbd6a9
3ffbf626
3ffc15a7
3ffc352b
3ffc54b4
3ffc7440
3ffc93d1
3ffcb365
3ffcd2fe
3ffcf29a
3ffd123a
3ffd31df
3ffd5187
3ffd7133
3ffd90e3
3ffdb097
3ffdd04f
3ffdf00b
3ffe0fcb
3ffe2f8f
3ffe4f57
3ffe6f23
3ffe8ef3
3ffeaec7
3ffece9f
3ffeee7b
3fff0e5a
3fff2e3e
3fff4e26
3fff6e12
3fff8e01
3fffadf5
3fffcded
3fffede9
400006f4
400016f6
400026fa
40003700
40004708
40005712
4000671d
4000772b
4000873b
4000974d
4000a761
4000b777
4000c78f
4000d7a9
4000e7c5
4000f7e3
40010803
40011825
40012849
4001386f
40014897
400158c1
400168ed
4001791b
4001894b
4001997e
4001a9b2
4001b9e8
4001ca20
4001da5b
4001ea97
4001fad5
40020b16
40021b58
40022b9c
40023be3
40024c2b
40025c76
40026cc3
40027d11
40028d62
40029db4
4002ae09
4002be60
4002ceb9
4002df14
4002ef71
4002ffd0
40031031
40032094
400330f9
40034160
400351c9
40036234
400372a2
40038311
40039382
4003a3f6
4003b46b
4003c4e3
4003d55d
4003e5d8
4003f656
400406d6
40041758
400427dc
40043862
400448ea
40045974
40046a00
40047a8e
40048b1f
40049bb1
4004ac46
4004bcdc
4004cd75
4004de10
4004eeac
4004ff4b
40050fec
4005208f
40053134
400541dc
40055285
40056330
400573de
4005848d
4005953f
4005a5f2
4005b6a8
4005c760
4005d81a
4005e8d6
4005f994
40060a55
40061b17
40062bdb
40063ca2
40064d6b
40065e35
40066f02
40067fd1
400690a2
4006a175
4006b24a
4006c322
4006d3fb
4006e4d7
4006f5b4
40070694
40071776
4007285a
40073940
40074a28
40075b13
40076bff
40077cee
40078dde
40079ed1
4007afc6
4007c0bd
4007d1b6
4007e2b1
4007f3af
400804ae
400815b0
400826b4
400837ba
400848c2
400859cc
40086ad8
40087be7
40088cf7
40089e0a
4008af1f
4008c036
4008d14f
4008e26a
4008f387
400904a7
400915c9
400926ec
40093812
4009493a
40095a65
40096b91
40097cbf
40098df0
40099f23
4009b058
4009c18f
4009d2c8
4009e404
4009f541
400a0681
400a17c3
400a2907
400a3a4d
400a4b96
400a5ce0
400a6e2d
400a7f7c
400a90cd
400aa220
400ab375
400ac4cd
400ad626
400ae782
400af8e0
400b0a40
400b1ba3
400b2d07
400b3e6e
400b4fd7
400b6142
400b72af
400b841f
400b9590
400ba704
400bb87a
400bc9f2
400bdb6d
400bece9
400bfe68
400c0fe9
400c216c
400c32f1
400c4478
400c5602
400c678e
400c791c
400c8aac
400c9c3f
400cadd3
400cbf6a
400cd103
400ce29e
400cf43c
400d05db
400d177d
400d2921
400d3ac8
400d4c70
400d5e1b
400d6fc8
400d8177
400d9328
400da4db
400db691
400dc849
400dda03
400debc0
400dfd7e
400e0f3f
400e2102
400e32c7
400e448f
400e5658
400e6824
400e79f2
400e8bc3
400e9d95
400eaf6a
400ec141
400ed31a
400ee4f6
400ef6d4
400f08b4
400f1a96
400f2c7a
400f3e61
400f504a
400f6235
400f7422
400f8612
400f9804
400fa9f8
400fbbee
400fcde7
400fdfe2
400ff1df
401003de
401015e0
401027e4
401039ea
40104bf2
40105dfd
4010700a
40108219
4010942a
4010a63e
4010b854
4010ca6c
4010dc87
4010eea3
401100c2
401112e3
40112507
4011372d
40114955
40115b7f
40116dac
40117fda
4011920c
4011a43f
4011b675
4011c8ad
4011dae7
4011ed23
4011ff62
401211a3
401223e6
4012362c
40124874
40125abe
40126d0b
40127f59
401291ab
4012a3fe
4012b654
4012c8ab
4012db06
4012ed62
4012ffc1
40131222
40132486
401336eb
40134953
40135bbe
40136e2a
40138099
4013930a
4013a57e
4013b7f4
4013ca6c
4013dce6
4013ef63
401401e2
40141464
401426e7
4014396d
40144bf6
40145e80
4014710d
4014839d
4014962e
4014a8c2
4014bb58
4014cdf1
4014e08c
4014f329
401505c9
4015186b
40152b0f
40153db5
4015505e
40156309
401575b7
40158867
40159b19
4015adce
4015c085
4015d33e
4015e5f9
4015f8b7
40160b78
40161e3a
401630ff
401643c6
40165690
4016695c
40167c2a
40168efb
4016a1ce
4016b4a3
4016c77b
4016da55
4016ed32
40170011
401712f2
401725d5
401738bb
40174ba4
40175e8e
4017717b
4017846b
4017975c
4017aa50
4017bd47
4017d040
4017e33b
4017f639
40180939
40181c3b
40182f40
40184247
40185550
4018685c
40187b6a
40188e7b
4018a18e
4018b4a3
4018c7bb
4018dad5
4018edf2
40190111
40191432
40192756
40193a7c
40194da4
401960cf
401973fd
4019872c
40199a5e
4019ad93
4019c0ca
4019d403
4019e73f
4019fa7d
401a0dbd
401a2100
401a3446
401a478d
401a5ad7
401a6e24
401a8173
401a94c4
401aa818
401abb6e
401acec7
401ae222
401af580
401b08e0
401b1c42
401b2fa7
401b430e
401b5677
401b69e3
401b7d52
401b90c3
401ba436
401bb7ac
401bcb24
401bde9f
401bf21c
401c059b
401c191d
401c2ca1
401c4028
401c53b1
401c673d
401c7acb
401c8e5c
401ca1ef
401cb584
401cc91c
401cdcb7
401cf053
401d03f3
401d1794
401d2b38
401d3edf
401d5288
401d6634
401d79e2
401d8d92
401da145
401db4fb
401dc8b2
401ddc6d
401df02a
401e03e9
401e17aa
401e2b6f
401e3f35
401e52fe
401e66ca
401e7a98
401e8e69
401ea23c
401eb611
401ec9e9
401eddc4
401ef1a1
401f0580
401f1962
401f2d47
401f412d
401f5517
401f6903
401f7cf1
401f90e2
401fa4d5
401fb8cb
401fccc4
401fe0be
401ff4bc
402008bc
40201cbe
402030c3
402044ca
402058d4
40206ce0
402080ef
40209501
4020a914
4020bd2b
4020d144
4020e55f
4020f97d
40210d9d
402121c0
402135e6
40214a0e
40215e38
40217265
40218695
40219ac7
4021aefc
4021c333
4021d76d
4021eba9
4021ffe7
40221429
4022286c
40223cb3
402250fc
40226547
40227995
40228de5
4022a238
4022b68e
4022cae6
4022df41
4022f39e
402307fe
40231c60
402330c5
4023452c
40235996
40236e02
40238272
402396e3
4023ab57
4023bfce
4023d447
4023e8c3
4023fd41
402411c2
40242646
40243acc
40244f55
402463e0
4024786d
40248cfe
4024a191
4024b626
4024cabe
4024df59
4024f3f6
40250896
40251d38
402531dd
40254685
40255b2f
40256fdc
4025848b
4025993d
4025adf1
4025c2a8
4025d762
4025ec1e
402600dd
4026159e
40262a62
40263f29
402653f2
402668be
40267d8c
4026925d
4026a731
4026bc07
4026d0e0
4026e5bb
4026fa99
40270f7a
4027245d
40273943
40274e2b
40276316
40277804
40278cf4
4027a1e7
4027b6dd
4027cbd5
4027e0d0
4027f5cd
40280acd
40281fd0
402834d5
402849dd
40285ee8
402873f5
40288905
40289e17
4028b32c
4028c844
4028dd5e
4028f27b
4029079b
40291cbd
402931e2
4029470a
40295c34
40297161
40298690
40299bc2
4029b0f7
4029c62f
4029db69
4029f0a6
402a05e5
402a1b27
402a306c
402a45b3
402a5afd
402a704a
402a8599
402a9aeb
402ab040
402ac597
402adaf1
402af04e
402b05ad
402b1b0f
402b3074
402b45dc
402b5b46
402b70b2
402b8622
402b9b94
402bb109
402bc680
402bdbfa
402bf177
402c06f7
402c1c79
402c31fe
402c4785
402c5d10
402c729d
402c882c
402c9dbf
402cb354
402cc8ec
402cde86
402cf423
402d09c3
402d1f66
402d350b
402d4ab3
402d605e
402d760b
402d8bbb
402da16e
402db723
402dccdc
402de297
402df854
402e0e15
402e23d8
402e399e
402e4f66
402e6532
402e7b00
402e90d0
402ea6a4
402ebc7a
402ed253
402ee82f
402efe0d
402f13ee
402f29d2
402f3fb9
402f55a2
402f6b8e
402f817d
402f976e
402fad63
402fc35a
402fd953
402fef50
4030054f
40301b51
40303156
4030475e
40305d68
40307375
40308985
40309f97
4030b5ad
4030cbc5
4030e1e0
4030f7fd
40310e1e
40312441
40313a67
4031508f
403166bb
40317ce9
4031931a
4031a94e
4031bf84
4031d5be
4031ebfa
40320239
4032187a
40322ebf
40324506
40325b50
4032719d
403287ed
40329e3f
4032b494
4032caec
4032e147
4032f7a4
40330e05
40332468
40333ace
40335137
403367a2
40337e10
40339482
4033aaf6
4033c16c
4033d7e6
4033ee62
403404e2
40341b64
403431e8
40344870
40345efb
40347588
40348c18
4034a2ab
4034b941
4034cfd9
4034e675
4034fd13
403513b4
40352a58
403540fe
403557a8
40356e54
40358503
40359bb6
4035b26a
4035c922
4035dfdd
4035f69a
40360d5a
4036241d
40363ae3
403651ac
40366878
40367f46
40369618
4036acec
4036c3c3
4036da9d
4036f17a
40370859
40371f3c
40373621
40374d09
403763f4
40377ae2
403791d3
4037a8c7
4037bfbd
4037d6b7
4037edb3
403804b2
40381bb4
403832b9
403849c1
403860cb
403877d9
40388ee9
4038a5fd
4038bd13
4038d42c
4038eb48
40390267
40391988
403930ad
403947d5
40395eff
4039762c
40398d5d
4039a490
4039bbc6
4039d2ff
4039ea3a
403a0179
403a18bb
403a2fff
403a4747
403a5e91
403a75de
403a8d2f
403aa482
403abbd8
403ad331
403aea8d
403b01eb
403b194d
403b30b2
403b4819
403b5f84
403b76f1
403b8e61
403ba5d5
403bbd4b
403bd4c4
403bec40
403c03bf
403c1b41
403c32c6
403c4a4e
403c61d8
403c7966
403c90f7
403ca88a
403cc021
403cd7ba
403cef57
403d06f6
403d1e99
403d363e
403d4de6
403d6591
403d7d40
403d94f1
403daca5
403dc45c
403ddc16
403df3d3
403e0b93
403e2356
403e3b1c
403e52e5
403e6ab0
403e827f
403e9a51
403eb226
403ec9fe
403ee1d8
403ef9b6
403f1197
403f297a
403f4161
403f594b
403f7137
403f8927
403fa11a
403fb90f
403fd108
403fe904
40400102
40401904
40403109
40404910
4040611b
40407928
40409139
4040a94d
4040c163
4040d97d
4040f19a
404109b9
404121dc
40413a02
4041522b
40416a56
40418285
40419ab7
4041b2ec
4041cb24
4041e35f
4041fb9d
404213de
40422c22
40424469
40425cb3
40427500
40428d50
4042a5a3
4042bdf9
4042d653
4042eeaf
4043070e
40431f71
404337d6
4043503f
404368aa
40438119
4043998b
4043b1ff
4043ca77
4043e2f2
4043fb70
404413f1
40442c75
404444fc
40445d86
40447613
40448ea4
4044a737
4044bfcd
4044d867
4044f103
404509a3
40452246
40453aec
40455395
40456c41
404584f0
40459da2
4045b657
4045cf0f
4045e7cb
40460089
4046194b
40463210
40464ad7
404663a2
40467c70
40469541
4046ae16
4046c6ed
4046dfc7
4046f8a5
40471186
40472a69
40474350
40475c3a
40477527
40478e17
4047a70b
4047c001
4047d8fb
4047f1f7
40480af7
404823fa
40483d00
40485609
40486f16
40488825
4048a138
4048ba4e
4048d366
4048ec82
404905a2
40491ec4
404937e9
40495112
40496a3d
4049836c
40499c9e
4049b5d3
4049cf0c
4049e847
404a0186
404a1ac8
404a340d
404a4d55
404a66a0
404a7fee
404a9940
404ab295
404acbed
404ae548
404afea6
404b1807
404b316c
404b4ad4
404b643f
404b7dad
404b971e
404bb092
404bca0a
404be385
404bfd03
404c1684
404c3009
404c4990
404c631b
404c7ca9
404c963a
404cafcf
404cc966
404ce301
404cfc9f
404d1640
404d2fe4
404d498c
404d6337
404d7ce5
404d9696
404db04a
404dca02
404de3bd
404dfd7b
404e173c
404e3101
404e4ac9
404e6494
404e7e62
404e9833
404eb208
404ecbe0
404ee5bb
404eff99
404f197b
404f335f
404f4d48
404f6733
404f8121
404f9b13
404fb508
404fcf00
404fe8fc
405002fb
40501cfd
40503702
4050510a
40506b16
40508525
40509f37
4050b94d
4050d366
4050ed82
405107a1
405121c4
40513bea
40515613
4051703f
40518a6f
4051a4a2
4051bed8
4051d911
4051f34e
40520d8e
405227d2
40524218
40525c62
405276af
40529100
4052ab53
4052c5ab
4052e005
4052fa63
405314c4
40532f28
4053498f
405363fa
40537e68
405398da
4053b34f
4053cdc7
4053e842
405402c1
40541d43
405437c8
40545251
40546cdd
4054876c
4054a1fe
4054bc94
4054d72e
4054f1ca
40550c6a
4055270d
405541b4
40555c5e
4055770b
405591bb
4055ac6f
4055c726
4055e1e1
4055fc9f
40561760
40563225
40564ced
405667b8
40568287
40569d59
4056b82e
4056d307
4056ede3
405708c2
405723a5
40573e8b
40575975
40577461
40578f52
4057aa45
4057c53c
4057e037
4057fb34
40581635
4058313a
40584c42
4058674d
4058825c
40589d6e
4058b883
4058d39c
4058eeb8
405909d7
405924fa
40594021
40595b4a
40597677
405991a8
4059acdc
4059c813
4059e34e
4059fe8c
405a19cd
405a3512
405a505b
405a6ba6
405a86f6
405aa248
405abd9e
405ad8f8
405af454
405b0fb5
405b2b18
405b467f
405b61ea
405b7d58
405b98c9
405bb43e
405bcfb6
405beb32
405c06b1
405c2234
405c3dba
405c5943
405c74d0
405c9060
405cabf4
405cc78b
405ce326
405cfec4
405d1a66
405d360b
405d51b3
405d6d5f
405d890f
405da4c1
405dc078
405ddc32
405df7ef
405e13b0
405e2f74
405e4b3b
405e6707
405e82d5
405e9ea7
405eba7d
405ed656
405ef232
405f0e12
405f29f6
405f45dd
405f61c7
405f7db5
405f99a7
405fb59c
405fd194
405fed90
40600990
40602593
40604199
40605da3
406079b0
406095c1
4060b1d6
4060cdee
4060ea09
40610628
4061224b
40613e71
40615a9b
406176c8
406192f8
4061af2c
4061cb64
4061e79f
406203de
40622020
40623c66
406258af
406274fc
4062914d
4062ada0
4062c9f8
4062e653
406302b2
40631f14
40633b79
406357e2
4063744f
406390c0
4063ad33
4063c9ab
4063e626
406402a4
40641f27
40643bac
40645835
406474c2
40649153
4064ade7
4064ca7e
4064e719
406503b8
4065205a
40653d00
406559a9
40657656
40659307
4065afbb
4065cc73
4065e92e
406605ed
406622b0
40663f76
40665c40
4066790d
406695de
4066b2b2
4066cf8b
4066ec66
40670946
40672629
4067430f
40675ff9
40677ce7
406799d9
4067b6ce
4067d3c6
4067f0c3
40680dc2
40682ac6
406847cd
406864d8
406881e6
40689ef8
4068bc0e
4068d927
4068f644
40691365
40693089
40694db1
40696add
4069880c
4069a53f
4069c275
4069dfaf
4069fced
406a1a2f
406a3774
406a54bc
406a7209
406a8f59
406aacad
406aca04
406ae75f
406b04be
406b2220
406b3f86
406b5cf0
406b7a5e
406b97cf
406bb544
406bd2bc
406bf038
406c0db8
406c2b3c
406c48c3
406c664e
406c83dd
406ca16f
406cbf05
406cdc9f
406cfa3c
406d17dd
406d3582
406d532b
406d70d7
406d8e87
406dac3b
406dc9f2
406de7ad
406e056c
406e232e
406e40f5
406e5ebf
406e7c8c
406e9a5e
406eb833
406ed60c
406ef3e8
406f11c9
406f2fad
406f4d95
406f6b80
406f8970
406fa763
406fc559
406fe354
40700152
40701f54
40703d5a
40705b64
40707971
40709782
4070b597
4070d3af
4070f1cc
40710fec
40712e10
40714c37
40716a63
40718892
4071a6c5
4071c4fc
4071e336
40720174
40721fb6
40723dfc
40725c46
40727a93
407298e5
4072b73a
4072d592
4072f3ef
4073124f
407330b4
40734f1c
40736d87
40738bf7
4073aa6a
4073c8e2
4073e75d
407405db
4074245e
407442e5
4074616f
40747ffd
40749e8f
4074bd25
4074dbbe
4074fa5b
407518fd
407537a2
4075564b
407574f7
407593a8
4075b25c
4075d114
4075efd0
40760e90
40762d54
40764c1c
40766ae7
407689b6
4076a88a
4076c761
4076e63b
4077051a
407723fd
407742e3
407761cd
407780bc
40779fae
4077bea3
4077dd9d
4077fc9b
40781b9c
40783aa2
407859ab
407878b8
407897c9
4078b6de
4078d5f7
4078f514
40791434
40793359
40795281
407971ad
407990dd
4079b012
4079cf4a
4079ee85
407a0dc5
407a2d09
407a4c50
407a6b9c
407a8aeb
407aaa3f
407ac996
407ae8f1
407b0850
407b27b3
407b471a
407b6685
407b85f4
407ba566
407bc4dd
407be458
407c03d6
407c2359
407c42df
407c6269
407c81f8
407ca18a
407cc120
407ce0ba
407d0058
407d1ffa
407d3fa0
407d5f4a
407d7ef8
407d9eaa
407dbe60
407dde19
407dfdd7
407e1d99
407e3d5f
407e5d28
407e7cf6
407e9cc7
407ebc9d
407edc77
407efc54
407f1c36
407f3c1b
407f5c05
407f7bf2
407f9be4
407fbbd9
407fdbd3
407ffbd0
40800de9
40801dec
40802df0
40803df7
40804e00
40805e0b
40806e17
40807e26
40808e37
40809e4a
4080ae5e
4080be75
4080ce8e
4080dea9
4080eec6
4080fee5
40810f05
40811f28
40812f4d
40813f74
40814f9d
40815fc8
40816ff5
40818024
40819055
4081a088
4081b0bd
4081c0f4
4081d12d
4081e169
4081f1a6
408201e5
40821226
4082226a
408232af
408242f6
40825340
4082638b
408273d8
40828428
40829479
4082a4cd
4082b523
4082c57a
4082d5d4
4082e630
4082f68e
408306ed
4083174f
408327b3
40833819
40834881
408358eb
40836958
408379c6
40838a36
40839aa8
4083ab1d
4083bb93
4083cc0c
4083dc86
4083ed03
4083fd81
40840e02
40841e85
40842f0a
40843f91
4084501a
408460a5
40847132
408481c1
40849252
4084a2e5
4084b37b
4084c412
4084d4ac
4084e548
4084f5e5
40850685
40851727
408527cb
40853871
40854919
408559c3
40856a6f
40857b1e
40858bce
40859c81
4085ad35
4085bdec
4085cea5
4085df60
4085f01d
408600dc
4086119d
40862260
40863325
408643ed
408654b6
40866582
40867650
40868720
408697f2
4086a8c6
4086b99c
4086ca74
4086db4e
4086ec2b
4086fd09
40870dea
40871ecd
40872fb2
40874099
40875182
4087626d
4087735b
4087844a
4087953c
4087a62f
4087b725
4087c81d
4087d917
4087ea13
4087fb12
40880c12
40881d15
40882e19
40883f20
40885029
40886134
40887241
40888351
40889462
4088a576
4088b68c
4088c7a4
4088d8be
4088e9da
4088faf8
40890c18
40891d3b
40892e60
40893f87
408950b0
408961db
40897308
40898438
40899569
4089a69d
4089b7d3
4089c90b
4089da45
4089eb81
4089fcc0
408a0e01
408a1f43
408a3088
408a41d0
408a5319
408a6464
408a75b2
408a8702
408a9854
408aa9a8
408abafe
408acc57
408addb1
408aef0e
408b006d
408b11ce
408b2331
408b3497
408b45ff
408b5768
408b68d4
408b7a43
408b8bb3
408b9d26
408bae9a
408bc011
408bd18a
408be306
408bf483
408c0603
408c1785
408c2909
408c3a8f
408c4c17
408c5da2
408c6f2f
408c80be
408c924f
408ca3e2
408cb578
408cc710
408cd8aa
408cea46
408cfbe4
408d0d85
408d1f28
408d30cd
408d4274
408d541d
408d65c9
408d7777
408d8927
408d9ad9
408dac8d
408dbe44
408dcffd
408de1b8
408df375
408e0535
408e16f7
408e28bb
408e3a81
408e4c49
408e5e14
408e6fe1
408e81b0
408e9381
408ea555
408eb72b
408ec903
408edadd
408eecb9
408efe98
408f1079
408f225c
408f3442
408f4629
408f5813
408f69ff
408f8dde
408fb1c6
408fd5b7
408ff9b1
40901db4
409041c0
409065d5
409089f3
4090ae1a
4090d24a
4090f683
40911ac5
40913f10
40916365
409187c2
4091ac28
4091d098
4091f511
40921993
40923e1e
409262b2
4092874f
4092abf5
4092d0a5
4092f55e
40931a20
40933eeb
409363bf
4093889d
4093ad83
4093d273
4093f76d
40941c6f
4094417b
40946690
40948bae
4094b0d6
4094d607
4094fb41
40952084
409545d1
40956b27
40959087
4095b5ef
4095db61
409600dd
40962662
40964bf0
40967188
40969729
4096bcd3
4096e287
40970845
40972e0c
409753dc
409779b5
40979f99
4097c585
4097eb7b
4098117b
40983784
40985d97
409883b3
4098a9d9
4098d008
4098f641
40991c83
409942cf
40996924
40998f83
4099b5ec
4099dc5e
409a02da
409a2960
409a4fef
409a7688
409a9d2a
409ac3d6
409aea8c
409b114c
409b3815
409b5ee8
409b85c4
409bacab
409bd39b
409bfa94
409c2198
409c48a5
409c6fbc
409c96dd
409cbe08
409ce53c
409d0c7a
409d33c2
409d5b14
409d8270
409da9d5
409dd145
409df8be
409e2041
409e47ce
409e6f65
409e9706
409ebeb1
409ee665
409f0e24
409f35ec
409f5dbf
409f859b
409fad82
409fd572
409ffd6c
40a02571
40a04d7f
40a07597
40a09dba
40a0c5e6
40a0ee1d
40a1165d
40a13ea8
40a166fd
40a18f5b
40a1b7c4
40a1e037
40a208b4
40a2313c
40a259cd
40a28269
40a2ab0e
40a2d3be
40a2fc78
40a3253c
40a34e0b
40a376e3
40a39fc6
40a3c8b3
40a3f1ab
40a41aac
40a443b8
40a46cce
40a495ee
40a4bf19
40a4e84e
40a5118d
40a53ad7
40a5642b
40a58d89
40a5b6f1
40a5e064
40a609e2
40a63369
40a65cfb
40a68698
40a6b03f
40a6d9f0
40a703ac
40a72d72
40a75742
40a7811d
40a7ab03
40a7d4f3
40a7feed
40a828f2
40a85302
40a87d1c
40a8a740
40a8d16f
40a8fba9
40a925ed
40a9503c
40a97a95
40a9a4f9
40a9cf68
40a9f9e1
40aa2465
40aa4ef3
40aa798c
40aaa430
40aacede
40aaf997
40ab245b
40ab4f2a
40ab7a03
40aba4e7
40abcfd5
40abfacf
40ac25d3
40ac50e1
40ac7bfb
40aca71f
40acd24f
40acfd89
40ad28cd
40ad541d
40ad7f77
40adaadd
40add64d
40ae01c8
40ae2d4e
40ae58df
40ae847a
40aeb021
40aedbd2
40af078f
40af3356
40af5f28
40af8b06
40afb6ee
40afe2e1
40b00edf
40b03ae9
40b066fd
40b0931c
40b0bf46
40b0eb7c
40b117bc
40b14408
40b1705e
40b19cc0
40b1c92c
40b1f5a4
40b22227
40b24eb5
40b27b4f
40b2a7f3
40b2d4a3
40b3015d
40b32e23
40b35af4
40b387d1
40b3b4b8
40b3e1ab
40b40ea9
40b43bb3
40b468c7
40b495e7
40b4c312
40b4f048
40b51d8a
40b54ad7
40b57830
40b5a593
40b5d302
40b6007d
40b62e03
40b65b94
40b68930
40b6b6d8
40b6e48c
40b7124b
40b74015
40b76deb
40b79bcc
40b7c9b9
40b7f7b1
40b825b5
40b853c4
40b881de
40b8b005
40b8de36
40b90c74
40b93abd
40b96911
40b99771
40b9c5dd
40b9f454
40ba22d7
40ba5166
40ba8000
40baaea6
40badd57
40bb0c14
40bb3add
40bb69b2
40bb9892
40bbc77e
40bbf676
40bc2579
40bc5488
40bc83a3
40bcb2ca
40bce1fd
40bd113b
40bd4085
40bd6fdc
40bd9f3d
40bdceab
40bdfe25
40be2daa
40be5d3c
40be8cd9
40bebc82
40beec37
40bf1bf8
40bf4bc5
40bf7b9e
40bfab83
40bfdb74
40c00b71
40c03b79
40c06b8e
40c09baf
40c0cbdc
40c0fc15
40c12c5a
40c15cab
40c18d09
40c1bd72
40c1ede7
40c21e69
40c24ef7
40c27f90
40c2b036
40c2e0e8
40c311a7
40c34271
40c37348
40c3a42b
40c3d51a
40c40615
40c4371d
40c46831
40c49951
40c4ca7e
40c4fbb6
40c52cfc
40c55e4d
40c58fab
40c5c115
40c5f28b
40c6240e
40c6559d
40c68739
40c6b8e1
40c6ea95
40c71c56
40c74e24
40c77ffd
40c7b1e4
40c7e3d6
40c815d5
40c847e1
40c879f9
40c8ac1e
40c8de4f
40c9108d
40c942d8
40c9752f
40c9a792
40c9da03
40ca0c7f
40ca3f09
40ca719f
40caa442
40cad6f1
40cb09ad
40cb3c76
40cb6f4b
40cba22d
40cbd51c
40cc0818
40cc3b20
40cc6e36
40cca158
40ccd486
40cd07c2
40cd3b0a
40cd6e5f
40cda1c1
40cdd530
40ce08ac
40ce3c35
40ce6fca
40cea36c
40ced71c
40cf0ad8
40cf3ea1
40cf7277
40cfa65a
40cfda4b
40d00e48
40d04252
40d07669
40d0aa8d
40d0debe
40d112fc
40d14748
40d17ba0
40d1b005
40d1e478
40d218f8
40d24d84
40d2821e
40d2b6c5
40d2eb7a
40d3203b
40d3550a
40d389e6
40d3becf
40d3f3c5
40d428c9
40d45dda
40d492f8
40d4c823
40d4fd5c
40d532a2
40d567f5
40d59d56
40d5d2c4
40d6083f
40d63dc8
40d6735e
40d6a901
40d6deb2
40d71471
40d74a3d
40d78016
40d7b5fd
40d7ebf1
40d821f3
40d85802
40d88e1f
40d8c449
40d8fa81
40d930c6
40d96719
40d99d7a
40d9d3e8
40da0a64
40da40ed
40da7784
40daae29
40dae4db
40db1b9b
40db5269
40db8945
40dbc02e
40dbf725
40dc2e29
40dc653c
40dc9c5c
40dcd38a
40dd0ac6
40dd420f
40dd7967
40ddb0cc
40dde83f
40de1fc0
40de574f
40de8eec
40dec697
40defe4f
40df3616
40df6dea
40dfa5cd
40dfddbd
40e015bc
40e04dc8
40e085e2
40e0be0b
40e0f641
40e12e86
40e166d9
40e19f39
40e1d7a8
40e21025
40e248b0
40e2814a
40e2b9f1
40e2f2a7
40e32b6a
40e3643c
40e39d1d
40e3d60b
40e40f08
40e44812
40e4812c
40e4ba53
40e4f389
40e52ccd
40e5661f
40e59f80
40e5d8ef
40e6126c
40e64bf8
40e68592
40e6bf3b
40e6f8f2
40e732b7
40e76c8b
40e7a66e
40e7e05f
40e81a5e
40e8546c
40e88e88
40e8c8b3
40e902ec
40e93d34
40e9778b
40e9b1f0
40e9ec64
40ea26e6
40ea6177
40ea9c17
40ead6c6
40eb1183
40eb4c4e
40eb8729
40ebc212
40ebfd0a
40ec3810
40ec7326
40ecae4a
40ece97d
40ed24bf
40ed600f
40ed9b6f
40edd6dd
40ee125a
40ee4de6
40ee8981
40eec52b
40ef00e4
40ef3cab
40ef7882
40efb468
40eff05c
40f02c60
40f06872
40f0a494
40f0e0c5
40f11d04
40f15953
40f195b1
40f1d21e
40f20e9a
40f24b25
40f287c0
40f2c469
40f30122
40f33dea
40f37ac1
40f3b7a7
40f3f49d
40f431a2
40f46eb6
40f4abd9
40f4e90c
40f5264d
40f5639f
40f5a0ff
40f5de6f
40f61bee
40f6597d
40f6971b
40f6d4c9
40f71286
40f75052
40f78e2e
40f7cc19
40f80a14
40f8481e
40f88638
40f8c461
40f9029a
40f940e3
40f97f3b
40f9bda2
40f9fc19
40fa3aa0
40fa7937
40fab7dd
40faf693
40fb3558
40fb742d
40fbb312
40fbf207
40fc310b
40fc701f
40fcaf43
40fcee77
40fd2dbb
40fd6d0e
40fdac71
40fdebe4
40fe2b67
40fe6afa
40feaa9d
40feea4f
40ff2a12
40ff69e4
40ffa9c7
40ffe9b9
410014de
410034e7
410054f8
41007511
41009533
4100b55c
4100d58d
4100f5c7
41011608
41013652
410156a3
410176fd
4101975f
4101b7c9
4101d83b
4101f8b5
41021937
410239c2
41025a54
41027aef
41029b92
4102bc3d
4102dcf0
4102fdab
41031e6f
41033f3a
4103600e
410380ea
4103a1cf
4103c2bb
4103e3b0
410404ad
410425b2
410446c0
410467d6
410488f4
4104aa1a
4104cb49
4104ec80
41050dbf
41052f07
41055057
410571af
4105930f
4105b478
4105d5ea
4105f763
410618e5
41063a70
41065c03
41067d9e
41069f41
4106c0ed
4106e2a2
4107045f
41072624
410747f2
410769c8
41078ba7
4107ad8e
4107cf7e
4107f176
41081376
4108357f
41085791
410879ab
41089bce
4108bdf9
4108e02d
41090269
410924ae
410946fb
41096952
41098bb0
4109ae17
4109d087
4109f300
410a1581
410a380a
410a5a9d
410a7d38
410a9fdb
410ac288
410ae53d
410b07fa
410b2ac1
410b4d90
410b7067
410b9348
410bb631
410bd923
410bfc1e
410c1f21
410c422d
410c6542
410c8860
410cab86
410cceb6
410cf1ee
410d152f
410d3878
410d5bcb
410d7f26
410da28a
410dc5f7
410de96d
410e0cec
410e3074
410e5404
410e779e
410e9b40
410ebeeb
410ee2a0
410f065d
410f2a23
410f4df2
410f71ca
410f95ab
410fb995
410fdd88
41100183
41102588
41104996
41106dad
411091cd
4110b5f6
4110da28
4110fe63
411122a7
411146f4
41116b4b
41118faa
4111b412
4111d884
4111fcff
41122183
41124610
41126aa6
41128f45
4112b3ed
4112d89f
4112fd5a
4113221d
411346eb
41136bc1
411390a0
4113b589
4113da7b
4113ff76
4114247b
41144989
41146ea0
411493c0
4114b8ea
4114de1d
41150359
4115289e
41154ded
41157345
411598a7
4115be11
4115e386
41160903
41162e8a
4116541b
411679b4
41169f57
4116c504
4116eaba
41171079
41173642
41175c14
411781f0
4117a7d5
4117cdc4
4117f3bc
411819be
41183fc9
411865de
41188bfc
4118b224
4118d855
4118fe90
411924d4
41194b22
4119717a
411997db
4119be46
4119e4ba
411a0b38
411a31c0
411a5851
411a7eec
411aa591
411acc3f
411af2f7
411b19b8
411b4084
411b6759
411b8e37
411bb520
411bdc12
411c030e
411c2a13
411c5123
411c783c
411c9f5f
411cc68c
411cedc2
411d1503
411d3c4d
411d63a1
411d8aff
411db266
411dd9d8
411e0153
411e28d8
411e5068
411e7801
411e9fa4
411ec750
411eef07
411f16c8
411f3e93
411f6667
411f8e46
411fb62e
411fde21
4120061d
41202e24
41205635
41207e4f
4120a674
4120cea2
4120f6db
41211f1e
4121476b
41216fc1
41219822
4121c08e
4121e903
41221182
41223a0b
4122629f
41228b3d
4122b3e5
4122dc97
41230553
41232e19
412356ea
41237fc5
4123a8aa
4123d199
4123fa93
41242396
41244ca5
412475bd
41249edf
4124c80c
4124f143
41251a85
412543d1
41256d27
41259687
4125bff2
4125e967
412612e7
41263c71
41266605
41268fa4
4126b94d
4126e300
41270cbe
41273687
4127605a
41278a37
4127b41f
4127de11
4128080e
41283215
41285c27
41288643
4128b06a
4128da9b
412904d7
41292f1e
4129596f
412983ca
4129ae31
4129d8a2
412a031d
412a2da3
412a5834
412a82cf
412aad75
412ad826
412b02e1
412b2da7
412b5878
412b8354
412bae3a
412bd92b
412c0426
412c2f2d
412c5a3e
412c855a
412cb081
412cdbb2
412d06ef
412d3236
412d5d88
412d88e4
412db44c
412ddfbf
412e0b3c
412e36c4
412e6257
412e8df5
412eb99e
412ee552
412f1111
412f3cdb
412f68af
412f948f
412fc07a
412fec6f
41301870
4130447c
41307092
41309cb4
4130c8e1
4130f518
4131215b
41314da9
41317a02
4131a666
4131d2d5
4131ff4f
41322bd5
41325865
41328501
4132b1a8
4132de5a
41330b17
413337df
413364b3
41339192
4133be7c
4133eb71
41341871
4134457d
41347294
41349fb6
4134cce4
4134fa1d
41352761
413554b1
4135820b
4135af72
4135dce3
41360a60
413637e8
4136657c
4136931b
4136c0c6
4136ee7c
41371c3d
41374a0a
413777e2
4137a5c6
4137d3b5
413801af
41382fb6
41385dc7
41388be4
4138ba0d
4138e842
41391681
413944cd
41397324
4139a186
4139cff5
4139fe6e
413a2cf4
413a5b85
413a8a22
413ab8ca
413ae77e
413b163e
413b4509
413b73e0
413ba2c3
413bd1b2
413c00ac
413c2fb2
413c5ec4
413c8de1
413cbd0b
413cec40
413d1b81
413d4ace
413d7a26
413da98b
413dd8fb
413e0877
413e37ff
413e6793
413e9733
413ec6df
413ef696
413f265a
413f562a
413f8605
413fb5ed
413fe5e0
414015e0
414045eb
41407603
4140a626
4140d656
41410691
414136d9
4141672d
4141978c
4141c7f8
4141f870
414228f5
41425985
41428a21
4142baca
4142eb7f
41431c40
41434d0d
41437de6
4143aecc
4143dfbe
414410bc
414441c6
414472dd
4144a3ff
4144d52f
4145066a
414537b2
41456906
41459a66
4145cbd3
4145fd4c
41462ed2
41466064
41469202
4146c3ad
4146f564
41472727
414758f7
41478ad4
4147bcbd
4147eeb2
414820b4
414852c3
414884de
4148b705
4148e939
41491b7a
41494dc7
41498021
4149b287
4149e4fa
414a1779
414a4a06
414a7c9e
414aaf44
414ae1f6
414b14b5
414b4780
414b7a59
414bad3e
414be02f
414c132e
414c4639
414c7951
414cac76
414cdfa7
414d12e5
414d4630
414d7988
414daced
414de05f
414e13dd
414e4769
414e7b01
414eaea6
414ee258
414f1618
414f49e4
414f7dbc
414fb1a2
414fe595
41501995
41504da2
415081bc
4150b5e3
4150ea17
41511e58
415152a6
41518701
4151bb6a
4151efdf
41522462
415258f1
41528d8e
4152c238
4152f6ef
41532bb3
41536085
41539564
4153ca50
4153ff49
4154344f
41546963
41549e84
4154d3b2
415508ee
41553e37
4155738d
4155a8f1
4155de62
415613e0
4156496b
41567f04
4156b4ab
4156ea5f
41572020
415755ef
41578bcb
4157c1b5
4157f7ac
41582db1
415863c3
415899e3
4158d010
4159064b
41593c93
415972e9
4159a94c
4159dfbe
415a163c
415a4cc9
415a8363
415aba0a
415af0c0
415b2783
415b5e53
415b9532
415bcc1e
415c0318
415c3a20
415c7135
415ca858
415cdf89
415d16c8
415d4e15
415d856f
415dbcd7
415df44d
415e2bd1
415e6363
415e9b03
415ed2b1
415f0a6d
415f4236
415f7a0e
415fb1f3
415fe9e7
416021e8
416059f8
41609215
4160ca41
4161027a
41613ac2
41617318
4161ab7b
4161e3ed
41621c6d
416254fc
41628d98
4162c642
4162fefb
416337c2
41637097
4163a97a
4163e26c
41641b6b
41645479
41648d96
4164c6c0
4164fff9
41653940
41657296
4165abf9
4165e56c
41661eec
4166587b
41669218
4166cbc4
4167057e
41673f47
4167791e
4167b303
4167ecf7
416826fa
4168610b
41689b2a
4168d558
41690f95
416949e0
4169843a
4169bea2
4169f919
416a339f
416a6e33
416aa8d6
416ae388
416b1e48
416b5917
416b93f4
416bcee1
416c09dc
416c44e6
416c7ffe
416cbb26
416cf65c
416d31a1
416d6cf5
416da857
416de3c9
416e1f49
416e5ad9
416e9677
416ed224
416f0de0
416f49ab
416f8585
416fc16d
416ffd65
4170396c
41707582
4170b1a7
4170eddb
41712a1e
41716670
4171a2d1
4171df41
41721bc1
4172584f
417294ed
4172d19a
41730e56
41734b21
417387fb
4173c4e5
417401de
41743ee6
41747bfd
4174b924
4174f65a
4175339f
417570f4
4175ae57
4175ebcb
4176294d
417666df
4176a481
4176e232
41771ff2
41775dc2
41779ba1
4177d98f
4178178e
4178559b
417893b8
4178d1e5
41791021
41794e6d
41798cc9
4179cb34
417a09ae
417a4838
417a86d2
417ac57c
417b0435
417b42fe
417b81d6
417bc0bf
417bffb7
417c3ebf
417c7dd6
417cbcfe
417cfc35
417d3b7c
417d7ad2
417dba39
417df9b0
417e3936
417e78cc
417eb872
417ef828
417f37ee
417f77c4
417fb7aa
417ff7a0
41801bd3
41803bde
41805bf1
41807c0c
41809c2f
4180bc5a
4180dc8d
4180fcc8
41811d0c
41813d57
41815daa
41817e06
41819e69
4181bed5
4181df49
4181ffc5
41822049
418240d5
41826169
41828205
4182a2aa
4182c357
4182e40c
418304c9
4183258e
4183465c
41836731
4183880f
4183a8f5
4183c9e4
4183eada
41840bd9
41842ce0
41844df0
41846f07
41849027
4184b14f
4184d280
4184f3b9
418514fa
41853643
41855795
418578ef
41859a51
4185bbbc
4185dd2f
4185feab
4186202e
418641bb
4186634f
418684ec
4186a692
4186c840
4186e9f6
41870bb5
41872d7c
41874f4b
41877123
41879304
4187b4ed
4187d6de
4187f8d8
41881adb
41883ce6
41885ef9
41888115
4188a33a
4188c567
4188e79c
418909db
41892c21
41894e71
418970c9
41899329
4189b592
4189d804
4189fa7e
418a1d01
418a3f8d
418a6221
418a84be
418aa763
418aca11
418aecc8
418b0f88
418b3250
418b5521
418b77fb
418b9add
418bbdc8
418be0bc
418c03b8
418c26be
418c49cc
418c6ce3
418c9002
418cb32b
418cd65c
418cf996
418d1cd9
418d4024
418d6379
418d86d6
418daa3c
418dcdab
418df123
418e14a4
418e382d
418e5bc0
418e7f5b
418ea300
418ec6ad
418eea63
418f0e22
418f31ea
418f55bb
418f7995
418f9d78
418fc164
418fe558
41900956
41902d5d
4190516d
41907586
419099a8
4190bdd3
4190e207
41910644
41912a8a
41914ed9
41917331
41919792
4191bbfd
4191e070
419204ed
41922973
41924e02
4192729a
4192973b
4192bbe6
4192e099
41930556
41932a1c
41934eeb
419373c3
419398a5
4193bd90
4193e284
41940781
41942c87
41945197
419476b0
41949bd2
4194c0fe
4194e633
41950b71
419530b9
4195560a
41957b64
4195a0c7
4195c634
4195ebaa
4196112a
419636b3
41965c45
419681e1
4196a786
4196cd35
4196f2ed
419718ae
41973e79
4197644e
41978a2b
4197b013
4197d603
4197fbfe
41982201
4198480f
41986e25
41989446
4198ba70
4198e0a3
419906e0
41992d26
41995376
419979d0
4199a033
4199c6a0
4199ed17
419a1397
419a3a20
419a60b4
419a8751
419aadf7
419ad4a8
419afb62
419b2225
419b48f3
419b6fca
419b96ab
419bbd95
419be48a
419c0b88
419c328f
419c59a1
419c80bc
419ca7e1
419ccf10
419cf649
419d1d8b
419d44d8
419d6c2e
419d938e
419dbaf7
419de26b
419e09e9
419e3170
419e5901
419e809d
419ea842
419ecff1
419ef7aa
419f1f6d
419f4739
419f6f10
419f96f1
419fbedc
419fe6d0
41a00ecf
41a036d8
41a05eea
41a08707
41a0af2e
41a0d75f
41a0ff9a
41a127df
41a1502e
41a17887
41a1a0ea
41a1c957
41a1f1cf
41a21a50
41a242dc
41a26b71
41a29411
41a2bcbc
41a2e570
41a30e2e
41a336f7
41a35fca
41a388a7
41a3b18e
41a3da80
41a4037b
41a42c81
41a45592
41a47eac
41a4a7d1
41a4d100
41a4fa39
41a5237d
41a54ccb
41a57624
41a59f86
41a5c8f3
41a5f26b
41a61bed
41a64579
41a66f0f
41a698b0
41a6c25c
41a6ec11
41a715d2
41a73f9c
41a76971
41a79351
41a7bd3b
41a7e730
41a8112f
41a83b38
41a8654c
41a88f6b
41a8b994
41a8e3c8
41a90e06
41a9384f
41a962a2
41a98d00
41a9b769
41a9e1dc
41aa0c5a
41aa36e2
41aa6175
41aa8c13
41aab6bb
41aae16e
41ab0c2c
41ab36f4
41ab61c7
41ab8ca5
41abb78e
41abe281
41ac0d7f
41ac3888
41ac639b
41ac8eb9
41acb9e2
41ace516
41ad1055
41ad3b9e
41ad66f3
41ad9252
41adbdbc
41ade931
41ae14b1
41ae403b
41ae6bd1
41ae9771
41aec31c
41aeeed3
41af1a94
41af4660
41af7237
41af9e19
41afca06
41aff5fe
41b02201
41b04e0f
41b07a28
41b0a64c
41b0d27b
41b0feb5
41b12afb
41b1574b
41b183a6
41b1b00d
41b1dc7e
41b208fb
41b23583
41b26216
41b28eb4
41b2bb5d
41b2e811
41b314d1
41b3419c
41b36e72
41b39b53
41b3c840
41b3f537
41b4223a
41b44f48
41b47c62
41b4a987
41b4d6b7
41b503f2
41b53139
41b55e8b
41b58be8
41b5b950
41b5e6c5
41b61444
41b641cf
41b66f65
41b69d06
41b6cab3
41b6f86c
41b72630
41b753ff
41b781da
41b7afc0
41b7ddb1
41b80baf
41b839b7
41b867cb
41b895eb
41b8c416
41b8f24d
41b92090
41b94edd
41b97d37
41b9ab9c
41b9da0d
41ba0889
41ba3711
41ba65a5
41ba9444
41bac2ef
41baf1a5
41bb2068
41bb4f36
41bb7e0f
41bbacf5
41bbdbe6
41bc0ae3
41bc39eb
41bc6900
41bc9820
41bcc74c
41bcf683
41bd25c7
41bd5516
41bd8471
41bdb3d8
41bde34b
41be12ca
41be4255
41be71eb
41bea18e
41bed13c
41bf00f6
41bf30bd
41bf608f
41bf906d
41bfc057
41bff04d
41c0204f
41c0505d
41c08077
41c0b09d
41c0e0d0
41c1110e
41c14158
41c171ae
41c1a211
41c1d27f
41c202fa
41c23381
41c26414
41c294b3
41c2c55e
41c2f616
41c326d9
41c357a9
41c38885
41c3b96d
41c3ea62
41c41b63
41c44c70
41c47d89
41c4aeae
41c4dfe0
41c5111e
41c54269
41c573bf
41c5a523
41c5d692
41c6080e
41c63996
41c66b2b
41c69ccc
41c6ce79
41c70033
41c731f9
41c763cc
41c795ab
41c7c797
41c7f98f
41c82b94
41c85da5
41c88fc2
41c8c1ed
41c8f423
41c92667
41c958b7
41c98b13
41c9bd7c
41c9eff2
41ca2274
41ca5503
41ca879f
41caba47
41caecfc
41cb1fbd
41cb528c
41cb8567
41cbb84e
41cbeb43
41cc1e44
41cc5152
41cc846d
41ccb794
41cceac8
41cd1e09
41cd5157
41cd84b2
41cdb81a
41cdeb8e
41ce1f10
41ce529e
41ce8639
41ceb9e1
41ceed96
41cf2158
41cf5526
41cf8902
41cfbceb
41cff0e1
41d024e3
41d058f3
41d08d10
41d0c13a
41d0f571
41d129b4
41d15e05
41d19263
41d1c6cf
41d1fb47
41d22fcc
41d2645f
41d298fe
41d2cdab
41d30265
41d3372c
41d36c01
41d3a0e2
41d3d5d1
41d40acd
41d43fd7
41d474ed
41d4aa11
41d4df42
41d51481
41d549cd
41d57f26
41d5b48c
41d5ea00
41d61f81
41d65510
41d68aac
41d6c055
41d6f60c
41d72bd0
41d761a2
41d79781
41d7cd6e
41d80368
41d8396f
41d86f84
41d8a5a7
41d8dbd7
41d91215
41d94860
41d97eb9
41d9b520
41d9eb94
41da2215
41da58a5
41da8f42
41dac5ec
41dafca5
41db336b
41db6a3e
41dba120
41dbd80f
41dc0f0c
41dc4616
41dc7d2f
41dcb455
41dceb89
41dd22cb
41dd5a1a
41dd9178
41ddc8e3
41de005c
41de37e3
41de6f78
41dea71b
41dedecc
41df168b
41df4e57
41df8632
41dfbe1a
41dff611
41e02e15
41e06628
41e09e48
41e0d677
41e10eb4
41e146fe
41e17f57
41e1b7be
41e1f033
41e228b6
41e26147
41e299e7
41e2d294
41e30b50
41e3441a
41e37cf2
41e3b5d8
41e3eecd
41e427d0
41e460e1
41e49a00
41e4d32e
41e50c6a
41e545b4
41e57f0d
41e5b874
41e5f1e9
41e62b6d
41e664ff
41e69e9f
41e6d84e
41e7120b
41e74bd7
41e785b1
41e7bf9a
41e7f991
41e83397
41e86dab
41e8a7cd
41e8e1ff
41e91c3e
41e9568d
41e990ea
41e9cb55
41ea05cf
41ea4058
41ea7af0
41eab596
41eaf04a
41eb2b0e
41eb65e0
41eba0c1
41ebdbb0
41ec16af
41ec51bc
41ec8cd7
41ecc802
41ed033b
41ed3e84
41ed79db
41edb541
41edf0b5
41ee2c39
41ee67cc
41eea36d
41eedf1d
41ef1adc
41ef56ab
41ef9288
41efce74
41f00a6f
41f04679
41f08292
41f0beba
41f0faf2
41f13738
41f1738d
41f1aff2
41f1ec65
41f228e8
41f2657a
41f2a21b
41f2decb
41f31b8a
41f35859
41f39536
41f3d223
41f40f1f
41f44c2b
41f48945
41f4c66f
41f503a9
41f540f1
41f57e49
41f5bbb0
41f5f927
41f636ad
41f67442
41f6b1e7
41f6ef9b
41f72d5f
41f76b32
41f7a914
41f7e706
41f82508
41f86319
41f8a13a
41f8df6a
41f91da9
41f95bf8
41f99a57
41f9d8c6
41fa1744
41fa55d1
41fa946f
41fad31b
41fb11d8
41fb50a4
41fb8f80
41fbce6c
41fc0d68
41fc4c73
41fc8b8e
41fccab9
41fd09f3
41fd493e
41fd8898
41fdc802
41fe077c
41fe4706
41fe869f
41fec649
41ff0603
41ff45cc
41ff85a5
41ffc58f
420002c4
420022c9
420042d6
420062ea
42008307
4200a32c
4200c359
4200e38d
420103ca
4201240f
4201445c
420164b1
4201850f
4201a574
4201c5e1
4201e657
420206d5
4202275a
420247e8
4202687e
4202891d
4202a9c3
4202ca71
4202eb28
42030be7
42032cae
42034d7d
42036e55
42038f35
4203b01c
4203d10d
4203f205
42041306
4204340e
42045520
42047639
4204b885
4204faf2
42053d80
4205802f
4205c300
420605f2
42064906
42068c3b
4206cf92
4207130b
420756a5
42079a61
4207de40
42082240
42086662
4208aaa6
4208ef0d
42093395
42097840
4209bd0d
420a01fd
420a470f
420a8c44
420ad19c
420b1716
420b5cb3
420ba273
420be855
420c2e5b
420c7484
420cbad0
420d013f
420d47d1
420d8e86
420dd55f
420e1c5c
420e637c
420eaabf
420ef226
420f39b1
420f8160
420fc933
42101129
42105944
4210a183
4210e9e6
4211326d
42117b18
4211c3e8
42120cdc
421255f5
42129f32
4212e894
4213321b
42137bc6
4213c596
42140f8c
421459a6
4214a3e5
4214ee4a
421538d4
42158383
4215ce57
42161951
42166470
4216afb5
4216fb20
421746b1
42179267
4217de43
42182a45
4218766d
4218c2bc
42190f30
42195bcb
4219a88c
4219f573
421a4281
421a8fb6
421add11
421b2a93
421b783c
421bc60b
421c1402
421c621f
421cb064
421cfed0
421d4d63
421d9c1d
421deaff
421e3a08
421e8939
421ed891
421f2812
421f77ba
421fc789
42201781
422067a1
4220b7e9
42210859
422158f1
4221a9b2
4221fa9b
42224bac
42229ce7
4222ee49
42233fd5
42239189
4223e366
4224356d
4224879c
4224d9f4
42252c76
42257f21
4225d1f5
422624f3
4226781a
4226cb6b
42271ee5
4227728a
4227c658
42281a50
42286e72
4228c2bf
42291735
42296bd6
4229c0a1
422a1597
422a6ab7
422ac001
422b1577
422b6b17
422bc0e2
422c16d8
422c6cf9
422cc345
422d19bc
422d705e
422dc72c
422e1e26
422e754a
422ecc9b
422f2417
422f7bbf
422fd393
42302b93
423083be
4230dc16
4231349b
42318d4b
4231e628
42323f31
42329867
4232f1ca
42334b59
4233a515
4233fefe
42345914
4234b357
42350dc7
42356865
4235c330
42361e28
4236794e
4236d4a2
42373023
42378bd2
4237e7af
423843b9
42389ff2
4238fc59
423958ef
4239b5b2
423a12a4
423a6fc5
423acd14
423b2a92
423b883f
423be61a
423c4425
423ca25f
423d00c7
423d5f5f
423dbe27
423e1d1e
423e7c44
423edb9a
423f3b20
423f9ad5
423ffaba
42405ad0
4240bb15
42411b8b
42417c31
4241dd07
42423e0e
42429f45
424300ad
42436246
4243c410
4244260a
42448836
4244ea92
42454d20
4245afdf
424612d0
424675f2
4246d946
42473ccc
4247a083
4248046c
42486887
4248ccd5
42493154
42499606
4249faea
424a6001
424ac54a
424b2ac6
424b9075
424bf657
424c5c6b
424cc2b3
424d292e
424d8fdc
424df6be
424e5dd3
424ec51c
424f2c98
424f9449
424ffc2d
42506445
4250cc91
42513511
42519dc6
425206af
42526fcd
4252d91f
425342a6
4253ac62
42541652
42548078
4254ead3
42555563
4255c028
42562b23
42569653
425701b9
42576d55
4257d927
4258452e
4258b16c
42591de0
42598a8a
4259f76a
425a6481
425ad1cf
425b3f53
425bad0e
425c1b00
425c8929
425cf78a
425d6621
425dd4f0
425e43f6
425eb334
425f22a9
425f9256
4260023c
42607259
4260e2ae
4261533b
4261c401
426234ff
4262a636
426317a6
4263894e
4263fb2f
42646d49
4264df9c
42655229
4265c4ef
426637ee
4266ab27
42671e99
42679245
4268062b
42687a4b
4268eea6
4269633a
4269d809
426a4d12
426ac256
426b37d5
426bad8e
426c2382
426c99b1
426d101c
426d86c2
426dfda3
426e74bf
426eec17
426f63ab
426fdb7b
42705387
4270cbcf
42714453
4271bd13
42723610
4272af49
427328bf
4273a272
42741c62
4274968e
427510f8
42758b9f
42760684
427681a6
4276fd06
427778a3
4277f47e
42787098
4278ecef
42796984
4279e658
427a636b
427ae0bc
427b5e4c
427bdc1a
427c5a28
427cd874
427d5700
427dd5cb
427e54d6
427ed420
427f53aa
427fd374
428029bf
428069e4
4280aa29
4280ea8e
42812b13
42816bb9
4281ac7f
4281ed66
42822e6d
42826f94
4282b0dc
4282f245
428333ce
42837579
4283b744
4283f930
42843b3d
42847d6b
4284bfbb
4285022b
428544bd
42858770
4285ca44
42860d3a
42865051
4286938a
4286d6e5
42871a61
42875dff
4287a1bf
4287e5a1
428829a5
42886dcb
4288b213
4288f67d
42893b09
42897fb8
4289c489
428a097d
428a4e93
428a93cb
428ad926
428b1ea4
428b6445
428baa09
428befef
428c35f9
428c7c25
428cc275
428d08e8
428d4f7e
428d9637
428ddd14
428e2414
428e6b38
428eb27f
428ef9eb
428f4179
428f892c
428fd103
429018fd
4290611c
4290a95e
4290f1c5
42913a50
429182ff
4291cbd3
429214cb
42925de8
4292a729
4292f08f
42933a1a
429383c9
4293cd9e
42941797
429461b5
4294abf9
4294f661
429540ef
42958ba2
4295d67b
42962179
42966c9c
4296b7e5
42970354
42974ee9
42979aa3
4297e683
42983289
42987eb6
4298cb08
42991781
42996420
4299b0e5
4299fdd1
429a4ae3
429a981c
429ae57b
429b3301
429b80ae
429bce82
429c1c7d
429c6a9e
429cb8e7
429d0757
429d55ef
429da4ad
429df393
429e42a1
429e91d6
429ee133
429f30b7
429f8063
429fd038
42a02034
42a07058
42a0c0a4
42a11118
42a161b5
42a1b27a
42a20368
42a2547e
42a2a5bc
42a2f723
42a348b3
42a39a6c
42a3ec4e
42a43e58
42a4908c
42a4e2e9
42a5356f
42a5881e
42a5daf7
42a62df9
42a68125
42a6d47b
42a727fa
42a77ba3
42a7cf75
42a82372
42a87799
42a8cbea
42a92065
42a9750a
42a9c9da
42aa1ed4
42aa73f9
42aac948
42ab1ec2
42ab7467
42abca36
42ac2031
42ac7657
42accca7
42ad2323
42ad79cb
42add09d
42ae279b
42ae7ec5
42aed61a
42af2d9b
42af8548
42afdd20
42b03525
42b08d55
42b0e5b2
42b13e3b
42b196f0
42b1efd2
42b248e0
42b2a21b
42b2fb82
42b35517
42b3aed8
42b408c5
42b462e0
42b4bd28
42b5179e
42b57240
42b5cd10
42b6280d
42b68338
42b6de90
42b73a16
42b795ca
42b7f1ac
42b84dbc
42b8a9fa
42b90666
42b96300
42b9bfc9
42ba1cc0
42ba79e6
42bad73a
42bb34bd
42bb926f
42bbf050
42bc4e5f
42bcac9e
42bd0b0c
42bd69a9
42bdc876
42be2772
42be869d
42bee5f8
42bf4583
42bfa53e
42c00528
42c06543
42c0c58e
42c12609
42c186b4
42c1e78f
42c2489b
42c2a9d8
42c30b45
42c36ce3
42c3ceb2
42c430b2
42c492e3
42c4f545
42c557d8
42c5ba9d
42c61d93
42c680ba
42c6e414
42c7479f
42c7ab5b
42c80f4a
42c8736b
42c8d7bd
42c93c42
42c9a0fa
42ca05e3
42ca6b00
42cad04e
42cb35d0
42cb9b84
42cc016b
42cc6786
42cccdd3
42cd3454
42cd9b07
42ce01ef
42ce6909
42ced058
42cf37da
42cf9f90
42d00779
42d06f97
42d0d7e9
42d1406f
42d1a929
42d21218
42d27b3c
42d2e493
42d34e20
42d3b7e2
42d421d8
42d48c04
42d4f664
42d560fa
42d5cbc5
42d636c6
42d6a1fc
42d70d68
42d77909
42d7e4e1
42d850ee
42d8bd32
42d929ac
42d9965c
42da0342
42da705f
42daddb2
42db4b3d
42dbb8fe
42dc26f6
42dc9525
42dd038b
42dd7228
42dde0fd
42de5009
42debf4d
42df2ec9
42df9e7c
42e00e67
42e07e8a
42e0eee6
42e15f79
42e1d045
42e2414a
42e2b286
42e323fc
42e395aa
42e40792
42e479b2
42e4ec0c
42e55e9e
42e5d16a
42e64470
42e6b7af
42e72b27
42e79eda
42e812c6
42e886ed
42e8fb4d
42e96fe8
42e9e4bd
42ea59cd
42eacf17
42eb449c
42ebba5c
42ec3056
42eca68c
42ed1cfd
42ed93a9
42ee0a91
42ee81b4
42eef912
42ef70ad
42efe883
42f06095
42f0d8e4
42f1516e
42f1ca35
42f24338
42f2bc78
42f335f5
42f3afae
42f429a5
42f4a3d8
42f51e49
42f598f6
42f613e2
42f68f0a
42f70a71
42f78615
42f801f7
42f87e17
42f8fa75
42f97711
42f9f3ec
42fa7105
42faee5d
42fb6bf4
42fbe9c9
42fc67dd
42fce631
42fd64c4
42fde396
42fe62a7
42fee1f8
42ff6189
42ffe15a
430030b5
430070de
4300b126
4300f18f
43013218
430172c1
4301b38b
4301f475
4302357f
430276aa
4302b7f6
4302f962
43033aef
43037c9d
4303be6c
4304005c
4304426c
4304849e
4304c6f1
43050965
43054bfa
43058eb1
4305d189
43061482
4306579d
43069ada
4306de38
430721b8
4307655a
4307a91e
4307ed03
4308310b
43087534
4308b980
4308fdee
4309427e
43098730
4309cc05
430a10fc
430a5616
430a9b52
430ae0b1
430b2633
430b6bd8
430bb19f
430bf789
430c3d97
430c83c7
430cca1a
430d1091
430d572b
430d9de8
430de4c9
430e2bcd
430e72f5
430eba40
430f01af
430f4942
430f90f8
430fd8d3
431020d1
431068f4
4310b13a
4310f9a5
43114234
43118ae7
4311d3bf
43121cbb
431265dc
4312af21
4312f88b
43134219
43138bcd
4313d5a5
43141fa2
431469c5
4314b40c
4314fe79
4315490b
431593c2
4315de9f
431629a1
431674c8
4316c015
43170b88
43175721
4317a2df
4317eec4
43183ace
431886ff
4318d355
43191fd2
43196c75
4319b93f
431a062e
431a5345
431aa082
431aede5
431b3b70
431b8921
431bd6f9
431c24f8
431c731e
431cc16b
431d0fdf
431d5e7b
431dad3e
431dfc28
431e4b3a
431e9a73
431ee9d4
431f395d
431f890e
431fd8e6
432028e7
4320790f
4320c960
432119d9
43216a7a
4321bb43
43220c35
43225d4f
4322ae92
4322fffe
43235192
4323a34f
4323f536
43244745
4324997d
4324ebde
43253e69
4325911d
4325e3fa
43263701
43268a31
4326dd8b
4327310f
432784bc
4327d893
43282c95
432880c0
4328d515
43292995
43297e3f
4329d313
432a2812
432a7d3b
432ad28f
432b280e
432b7db7
432bd38c
432c298b
432c7fb5
432cd60b
432d2c8b
432d8337
432dda0f
432e3111
432e8840
432edf9a
432f371f
432f8ed1
432fe6ae
43303eb7
433096ed
4330ef4e
433147dc
4331a096
4331f97d
43325290
4332abcf
4333053c
43335ed5
4333b89b
4334128d
43346cad
4334c6fa
43352174
43357c1c
4335d6f0
433631f2
43368d22
4336e880
4337440b
43379fc4
4337fbab
433857bf
4338b402
43391073
43396d13
4339c9e1
433a26dd
433a8407
433ae161
433b3ee9
433b9ca0
433bfa86
433c589a
433cb6de
433d1551
433d73f3
433dd2c5
433e31c6
433e90f7
433ef057
433f4fe7
433fafa7
43400f97
43406fb7
4340d007
43413087
43419137
4341f218
43425329
4342b46b
434315de
43437781
4343d955
43443b5b
43449d91
4344fff8
43456291
4345c55b
43462856
43468b83
4346eee2
43475272
4347b634
43481a28
43487e4e
4348e2a7
43494731
4349abee
434a10dd
434a75ff
434adb53
434b40da
434ba694
434c0c81
434c72a1
434cd8f3
434d3f7a
434da633
434e0d20
434e7440
434edb94
434f431c
434faad7
435012c7
43507aea
4350e342
43514bcd
4351b48d
43521d82
435286ab
4352f009
4353599b
4353c362
43542d5e
43549790
435501f6
43556c92
4355d763
43564269
4356ada5
43571917
435784be
4357f09b
43585caf
4358c8f8
43593578
4359a22e
435a0f1a
435a7c3d
435ae996
435b5726
435bc4ed
435c32eb
435ca120
435d0f8d
435d7e30
435ded0b
435e5c1d
435ecb67
435f3ae9
435faaa2
43601a93
43608abd
4360fb1e
43616bb8
4361dc8a
43624d94
4362bed7
43633053
4363a208
436413f5
4364861c
4364f87b
43656b14
4365dde6
436650f2
4366c437
436737b6
4367ab6f
43681f62
4368938f
436907f5
43697c97
4369f172
436a6688
436adbd9
436b5164
436bc72a
436c3d2b
436cb367
436d29df
436da091
436e177f
436e8ea9
436f060e
436f7daf
436ff58c
43706da4
4370e5f9
43715e8a
4371d758
43725062
4372c9a8
4373432c
4373bcec
437436e8
4374b122
43752b9a
4375a64e
43762140
43769c6f
437717dc
43779387
43780f70
43788b97
437907fc
4379849f
437a0180
437a7ea0
437afbff
437b799c
437bf779
437c7594
437cf3ee
437d7288
437df161
437e7079
437eefd1
437f6f69
437fef41
438037ac
438077d8
4380b824
4380f890
4381391d
438179c9
4381ba96
4381fb84
43823c92
43827dc1
4382bf10
43830080
43834210
438383c2
4383c594
43840787
4384499c
43848bd1
4384ce27
4385109f
43855338
438595f2
4385d8ce
43861bcb
43865eea
4386a22a
4386e58c
43872910
43876cb5
4387b07c
4387f466
43883871
43887c9e
4388c0ee
4389055f
438949f3
43898ea9
4389d382
438a187d
438a5d9a
438aa2da
438ae83d
438b2dc2
438b736b
438bb936
438bff24
438c4535
438c8b69
438cd1c1
438d183b
438d5ed9
438da59a
438dec7e
438e3386
438e7ab2
438ec201
438f0974
438f510b
438f98c5
438fe0a3
439028a6
439070cc
4390b917
43910185
43914a18
439192cf
4391dbab
439224ab
43926dd0
4392b719
43930087
43934a19
439393d1
4393ddad
439427af
439471d5
4394bc20
43950691
43955127
43959be2
4395e6c3
439631c9
43967cf5
4396c846
439713bd
43975f5a
4397ab1c
4397f705
43984313
43988f48
4398dba3
43992824
439974cb
4399c198
439a0e8d
439a5ba7
439aa8e8
439af650
439b43df
439b9194
439bdf70
439c2d73
439c7b9e
439cc9ef
439d1868
439d6707
439db5cf
439e04bd
439e53d3
439ea311
439ef276
439f4204
439f91b9
439fe195
43a0319a
43a081c7
43a0d21c
43a12299
43a1733f
43a1c40c
43a21503
43a26621
43a2b769
43a308d9
43a35a72
43a3ac33
43a3fe1e
43a45031
43a4a26e
43a4f4d4
43a54763
43a59a1b
43a5ecfd
43a64008
43a6933d
43a6e69c
43a73a24
43a78dd6
43a7e1b2
43a835b7
43a889e7
43a8de41
43a932c6
43a98774
43a9dc4d
43aa3151
43aa867e
43aadbd7
43ab315a
43ab8708
43abdce1
43ac32e5
43ac8914
43acdf6e
43ad35f4
43ad8ca4
43ade380
43ae3a88
43ae91bb
43aee91a
43af40a4
43af985a
43aff03d
43b0484b
43b0a085
43b0f8eb
43b1517e
43b1aa3d
43b20328
43b25c40
43b2b584
43b30ef5
43b36893
43b3c25e
43b41c56
43b4767a
43b4d0cc
43b52b4b
43b585f8
43b5e0d1
43b63bd8
43b6970d
43b6f270
43b74e00
43b7a9be
43b805a9
43b861c3
43b8be0b
43b91a81
43b97726
43b9d3f8
43ba30fa
43ba8e29
43baeb88
43bb4915
43bba6d1
43bc04bc
43bc62d6
43bcc11f
43bd1f97
43bd7e3e
43bddd15
43be3c1b
43be9b51
43befab7
43bf5a4c
43bfba11
43c01a06
43c07a2b
43c0da80
43c13b06
43c19bbb
43c1fca2
43c25db8
43c2beff
43c32077
43c38220
43c3e3f9
43c44604
43c4a83f
43c50aac
43c56d4a
43c5d019
43c6331a
43c6964d
43c6f9b0
43c75d46
43c7c10e
43c82507
43c88933
43c8ed91
43c95220
43c9b6e3
43ca1bd7
43ca80ff
43cae658
43cb4be5
43cbb1a4
43cc1797
43cc7dbc
43cce414
43cd4aa0
43cdb15f
43ce1851
43ce7f77
43cee6d1
43cf4e5e
43cfb61f
43d01e14
43d0863d
43d0ee9b
43d1572c
43d1bff2
43d228ec
43d2921b
43d2fb7e
43d36516
43d3cee3
43d438e5
43d4a31c
43d50d88
43d5782a
43d5e301
43d64e0d
43d6b94f
43d724c6
43d79074
43d7fc57
43d86870
43d8d4bf
43d94145
43d9ae01
43da1af3
43da881b
43daf57b
43db6311
43dbd0de
43dc3ee2
43dcad1d
43dd1b8f
43dd8a38
43ddf919
43de6832
43ded782
43df4709
43dfb6c9
43e026c0
43e096ef
43e10757
43e177f7
43e1e8cf
43e259e0
43e2cb29
43e33cab
43e3ae66
43e42059
43e49286
43e504ec
43e5778b
43e5ea63
43e65d75
43e6d0c1
43e74446
43e7b805
43e82bfe
43e8a031
43e9149e
43e98946
43e9fe28
43ea7344
43eae89b
43eb5e2d
43ebd3f9
43ec4a01
43ecc043
43ed36c1
43edad7a
43ee246f
43ee9b9f
43ef130a
43ef8ab2
43f00295
43f07ab4
43f0f310
43f16ba7
43f1e47b
43f25d8c
43f2d6d9
43f35063
43f3ca29
43f4442d
43f4be6e
43f538eb
43f5b3a7
43f62e9f
43f6a9d5
43f72549
43f7a0fb
43f81cea
43f89918
43f91583
43f9922d
43fa0f15
43fa8c3c
43fb09a2
43fb8746
43fc0529
43fc834b
43fd01ac
43fd804d
43fdff2d
43fe7e4c
43fefdab
43ff7d4a
43fffd28
44003ea3
44007ed3
4400bf22
4400ff92
44014022
440180d2
4401c1a3
44020294
440243a5
440284d7
4402c62a
4403079e
44034932
44038ae7
4403ccbd
44040eb4
440450cb
44049304
4404d55f
440517da
44055a76
44059d34
4405e014
44062314
44066637
4406a97b
4406ece0
44073068
44077411
4407b7dc
4407fbc9
44083fd7
44088408
4408c85b
44090cd1
44095168
44099622
4409dafe
440a1ffd
440a651e
440aaa62
440aefc9
440b3552
440b7afe
440bc0cd
440c06bf
440c4cd4
440c930c
440cd967
440d1fe5
440d6687
440dad4c
440df434
440e3b40
440e8270
440ec9c3
440f1139
440f58d4
440fa092
440fe874
4410307b
441078a5
4410c0f3
44110966
441151fd
44119ab8
4411e397
44122c9c
441275c4
4412bf11
44130883
4413521a
44139bd5
4413e5b6
44142fbb
441479e5
4414c435
44150eaa
44155944
4415a403
4415eee8
441639f2
44168522
4416d077
44171bf2
44176793
4417b35a
4417ff46
44184b59
44189792
4418e3f1
44193076
44197d21
4419c9f3
441a16eb
441a640a
441ab14f
441afebb
441b4c4e
441b9a07
441be7e8
441c35ef
441c841e
441cd274
441d20f0
441d6f95
441dbe60
441e0d53
441e5c6d
441eabaf
441efb19
441f4aab
441f9a64
441fea45
44203a4e
44208a7f
4420dad9
44212b5a
44217c04
4421ccd6
44221dd1
44226ef4
4422c040
442311b4
44236352
4423b518
44240707
4424591f
4424ab60
4424fdca
4425505e
4425a31a
4425f601
44264911
44269c4a
4426efad
4427433a
442796f0
4427ead1
44283edb
4428930f
4428e76e
44293bf7
442990aa
4429e588
442a3a90
442a8fc2
442ae51f
442b3aa7
442b905a
442be638
442c3c40
442c9274
442ce8d3
442d3f5d
442d9612
442decf3
442e43ff
442e9b37
442ef29a
442f4a2a
442fa1e5
442ff9cb
443051de
4430aa1d
44310289
44315b20
4431b3e4
44320cd4
443265f1
4432bf3a
443318b0
44337253
4433cc22
4434261f
44348048
4434da9f
44353523
44358fd4
4435eab3
443645bf
4436a0f9
4436fc60
443757f5
4437b3b8
44380fa9
44386bc8
4438c815
44392490
44398139
4439de11
443a3b17
443a984c
443af5b0
443b5342
443bb103
443c0ef3
443c6d12
443ccb60
443d29dd
443d888a
443de766
443e4671
443ea5ac
443f0517
443f64b1
443fc47c
44402476
444084a0
4440e4fb
44414585
4441a640
4442072b
44426847
4442c994
44432b11
44438cbf
4443ee9e
444450ae
4444b2ee
44451560
44457804
4445dad9
44463ddf
4446a116
44470480
4447681b
4447cbe8
44482fe7
44489418
4448f87b
44495d10
4449c1d8
444a26d2
444a8bff
444af15e
444b56f0
444bbcb5
444c22ad
444c88d8
444cef36
444d55c7
444dbc8c
444e2384
444e8aaf
444ef20f
444f59a1
444fc168
44502963
44509192
4450f9f4
4451628c
4451cb57
44523457
44529d8b
445306f5
44537092
4453da65
4454446d
4454aeaa
4455191c
445583c3
4455ee9f
445659b1
4456c4f9
44573076
44579c2a
44580813
44587432
4458e087
44594d12
4459b9d4
445a26cc
445a93fb
445b0160
445b6efc
445bdccf
445c4ad9
445cb91a
445d2792
445d9642
445e0528
445e7447
445ee39d
445f532a
445fc2f0
446032ed
4460a323
44611391
44618437
4461f515
4462662c
4462d77b
44634903
4463bac4
44642cbe
44649ef1
4465115d
44658402
4465f6e1
446669f9
4466dd4b
446750d7
4467c49c
4468389b
4468acd5
44692148
446995f6
446a0ade
446a8001
446af55e
446b6af6
446be0c9
446c56d7
446ccd20
446d43a4
446dba64
446e315f
446ea895
446f2007
446f97b5
44700f9f
447087c5
44710027
447178c5
4471f1a0
44726ab7
4472e40a
44735d9b
4473d768
44745172
4474cbb9
4475463e
4475c100
44763bff
4476b73c
447732b6
4477ae6f
44782a65
4478a699
4479230b
44799fbc
447a1cab
447a99d9
447b1745
447b94f0
447c12da
447c9103
447d0f6b
447d8e12
447e0cf9
447e8c1f
447f0b85
447f8b2b
44800588
4480459b
448085ce
4480c621
44810694
44814727
448187db
4481c8af
448209a4
44824ab9
44828bef
4482cd45
44830ebc
44835054
4483920c
4483d3e6
448415e0
448457fc
44849a38
4484dc96
44851f15
448561b5
4485a477
4485e75a
44862a5e
44866d84
4486b0cb
4486f435
448737c0
44877b6d
4487bf3b
4488032c
4488473e
44888b73
4488cfca
44891443
448958de
44899d9c
4489e27c
448a277e
448a6ca3
448ab1eb
448af755
448b3ce2
448b8292
448bc865
448c0e5b
448c5473
448c9aaf
448ce10e
448d2790
448d6e36
448db4fe
448dfbeb
448e42fa
448e8a2e
448ed184
448f18ff
448f609d
448fa860
448ff046
44903850
4490807e
4490c8d1
44911147
449159e2
4491a2a1
4491eb84
4492348c
44927db9
4492c70a
44931080
44935a1b
4493a3da
4493edbf
449437c8
449481f6
4494cc4a
449516c3
44956161
4495ac24
4495f70d
4496421b
44968d4f
4496d8a9
44972428
44976fcd
4497bb98
44980788
4498539f
44989fdc
4498ec3f
449938c8
44998578
4499d24e
449a1f4a
449a6c6d
449ab9b7
449b0727
449b54be
449ba27c
449bf060
449c3e6c
449c8c9f
449cdaf9
449d297a
449d7822
449dc6f2
449e15e9
449e6508
449eb44e
449f03bc
449f5352
449fa310
449ff2f5
44a04302
44a09338
44a0e396
44a1341c
44a184ca
44a1d5a0
44a226a0
44a277c7
44a2c917
44a31a90
44a36c32
44a3bdfc
44a40ff0
44a4620c
44a4b452
44a506c1
44a55959
44a5ac1a
44a5ff05
44a65219
44a6a557
44a6f8bf
44a74c50
44a7a00b
44a7f3f0
44a847ff
44a89c38
44a8f09b
44a94529
44a999e0
44a9eec2
44aa43cf
44aa9906
44aaee68
44ab43f5
44ab99ac
44abef8e
44ac459c
44ac9bd4
44acf238
44ad48c6
44ad9f80
44adf666
44ae4d77
44aea4b3
44aefc1c
44af53af
44afab6f
44b0035b
44b05b73
44b0b3b6
44b10c26
44b164c3
44b1bd8b
44b21680
44b26fa2
44b2c8f0
44b3226b
44b37c12
44b3d5e7
44b42fe8
44b48a17
44b4e472
44b53efb
44b599b1
44b5f495
44b64fa6
44b6aae5
44b70651
44b761eb
44b7bdb3
44b819a9
44b875cc
44b8d21e
44b92e9f
44b98b4d
44b9e82a
44ba4535
44baa26f
44baffd8
44bb5d6f
44bbbb35
44bc192a
44bc774e
44bcd5a2
44bd3424
44bd92d6
44bdf1b7
44be50c8
44beb008
44bf0f78
44bf6f17
44bfcee7
44c02ee6
44c08f16
44c0ef75
44c15005
44c1b0c5
44c211b6
44c272d7
44c2d429
44c335ab
44c3975f
44c3f943
44c45b58
44c4bd9e
44c52015
44c582be
44c5e598
44c648a4
44c6abe1
44c70f50
44c772f0
44c7d6c3
44c83ac7
44c89efe
44c90366
44c96801
44c9ccce
44ca31ce
44ca9700
44cafc65
44cb61fc
44cbc7c7
44cc2dc4
44cc93f5
44ccfa58
44cd60ef
44cdc7b9
44ce2eb7
44ce95e8
44cefd4d
44cf64e5
44cfccb2
44d034b2
44d09ce6
44d1054f
44d16dec
44d1d6bd
44d23fc2
44d2a8fd
44d3126b
44d37c0f
44d3e5e8
44d44ff5
44d4ba38
44d524af
44d58f5c
44d5fa3f
44d66557
44d6d0a4
44d73c27
44d7a7e0
44d813cf
44d87ff4
44d8ec4f
44d958e0
44d9c5a8
44da32a6
44da9fdb
44db0d46
44db7ae8
44dbe8c1
44dc56d1
44dcc518
44dd3396
44dda24b
44de1138
44de805d
44deefb9
44df5f4c
44dfcf18
44e03f1c
44e0af57
44e11fcb
44e19077
44e2015b
44e2e3ce
44e3c723
44e4ab5d
44e5907a
44e6767e
44e75d68
44e84539
44e92df2
44ea1795
44eb0222
44ebed9a
44ecd9fd
44edc74e
44eeb58c
44efa4b9
44f094d6
44f185e3
44f277e2
44f36ad3
44f45eb8
44f55391
44f64960
44f74024
44f837e0
44f93094
44fa2a42
44fb24e9
44fc208c
44fd1d2b
44fe1ac6
44ff1960
45000c7d
45008cc9
45010d97
45018ee5
450210b4
45029306
450315db
45039932
45041d0d
4504a16c
45052650
4505abb9
450631a8
4506b81d
45073f18
4507c69b
45084ea6
4508d739
45096054
4509e9f9
450a7428
450afee2
450b8a26
450c15f6
450ca252
450d2f3b
450dbcb1
450e4ab5
450ed947
450f6868
450ff818
45108858
45111929
4511aa8a
45123c7e
4512cf04
4513621c
4513f5c8
45148a08
45151edc
4515b446
45164a45
4516e0db
45177807
45180fcb
4518a827
4519411b
4519daa9
451a74d1
451b0f93
451baaf0
451c46e9
451ce37e
451d80b0
451e1e80
451ebced
451f5bfa
451ffba6
45209bf1
45213cde
4521de6b
4522809b
4523236d
4523c6e2
45246afb
45250fb8
4525b51a
45265b22
452701d1
4527a926
45285123
4528f9c9
4529a317
452a4d0f
452af7b1
452ba2ff
452c4ef8
452cfb9d
452da8ef
452e56ef
452f059d
452fb4fa
45306507
453115c5
4531c733
45327953
45332c26
4533dfac
453493e6
453548d4
4535fe77
4536b4d1
45376be1
453823a9
4538dc29
45399562
453a4f54
453b0a01
453bc568
453c818c
453d3e6b
453dfc09
453eba64
453f797e
45403957
4540f9f1
4541bb4b
45427d67
45434046
454403e8
4544c84e
45458d79
4546536a
45471a20
4547e19e
4548a9e4
454972f2
454a3cca
454b076c
454bd2d9
454c9f12
454d6c17
454e39ea
454f088b
454fd7fc
4550a83c
4551794c
45524b2f
45531de3
4553f16b
4554c5c6
45559af6
455670fc
455747d9
45581f8c
4558f818
4559d17d
455aabbb
455b86d5
455c62c9
455d3f9a
455e1d49
455efbd5
455fdb41
4560bb8c
45619cb8
45627ec6
456361b6
4564458a
45652a41
45660fde
4566f661
4567ddcb
4568c61d
4569af58
456a997c
456b848b
456c7086
456d5d6d
456e4b41
456f3a03
457029b5
45711a57
45720bea
4572fe6f
4573f1e7
4574e653
4575dbb4
4576d20b
4577c959
4578c19e
4579badc
457ab514
457bb047
457cac75
457da9a0
457ea7c9
457fa6f0
4580538b
4580d41f
45815534
4581d6ca
458258e2
4582db7c
45835e99
4583e239
4584665d
4584eb06
45857034
4585f5e7
45867c20
458702df
45878a25
458811f3
45889a4a
45892328
4589ac90
458a3681
458ac0fd
458b4c04
458bd795
458c63b3
458cf05d
458d7d94
458e0b58
458e99ab
458f288c
458fb7fc
459047fc
4590d88c
459169ad
4591fb60
45928da4
4593207b
4593b3e5
459447e3
4594dc75
4595719c
45960759
45969dab
45973494
4597cc15
4598642d
4598fcdd
45999627
459a300a
459aca87
459b659f
459c0152
459c9da2
459d3a8e
459dd817
459e763e
459f1504
459fb468
45a0546d
45a0f511
45a19657
45a2383e
45a2dac8
45a37df4
45a421c4
45a4c638
45a56b51
45a6110f
45a6b773
45a75e7e
45a80630
45a8ae8a
45a9578d
45aa013a
45aaab90
45ab5691
45ac023d
45acae96
45ad5b9b
45ae094d
45aeb7ae
45af66bd
45b0167b
45b0c6ea
45b17809
45b229da
45b2dc5d
45b38f93
45b4437d
45b4f81a
45b5ad6d
45b66376
45b71a34
45b7d1aa
45b889d8
45b942be
45b9fc5e
45bab6b7
45bb71cb
45bc2d9b
45bcea27
45bda76f
45be6576
45bf243b
45bfe3bf
45c0a402
45c16507
45c226cd
45c2e955
45c3aca0
45c470ae
45c53581
45c5fb19
45c6c178
45c7889d
45c85089
45c9193e
45c9e2bc
45caad04
45cb7816
45cc43f4
45cd109e
45cdde16
45ceac5b
45cf7b6f
45d04b52
45d11c06
45d1ed8a
45d2bfe1
45d3930a
45d46707
45d53bd9
45d6117f
45d6e7fc
45d7bf50
45d8977b
45d9707f
45da4a5c
45db2514
45dc00a7
45dcdd15
45ddba61
45de988a
45df7792
45e0577a
45e13842
45e219eb
45e2fc76
45e3dfe4
45e4c436
45e5a96d
45e68f89
45e7768c
45e85e76
45e94749
45ea3105
45eb1bab
45ec073d
45ecf3ba
45ede125
45eecf7d
45efbec4
45f0aefb
45f1a022
45f2923b
45f38547
45f47946
45f56e3a
45f66423
45f75b02
45f852d9
45f94ba8
45fa4571
45fb4034
45fc3bf2
45fd38ac
45fe3663
45ff3519
46001a67
46009ac1
46011b9d
46019cf9
46021ed7
4602a137
46032419
4603a77f
46042b68
4604afd6
460534c8
4605ba40
4606403d
4606c6c0
46074dcb
4607d55c
46085d76
4608e617
46096f42
4609f8f6
460a8334
460b0dfd
460b9950
460c252f
460cb19b
460d3e93
460dcc18
460e5a2b
460ee8cd
460f77fd
461007bd
4610980d
461128ed
4611ba5f
46124c62
4612def8
46137220
461405dc
46149a2c
46152f11
4615c48a
46165a9a
4616f140
4617887d
46182051
4618b8bd
461951c3
4619eb61
461a859a
461b206d
461bbbdb
461c57e4
461cf48b
461d91ce
461e2fae
461ece2d
461f6d4b
46200d08
4620ad65
46214e63
4621f002
46229243
46233527
4623d8ae
46247cd9
462521a8
4625c71c
46266d36
462713f7
4627bb5e
4628636e
46290c25
4629b586
462a5f91
462b0a46
462bb5a5
462c61b1
462d0e69
462dbbce
462e69e1
462f18a2
462fc812
46307832
46312903
4631da85
46328cb8
46333f9e
4633f338
4634a785
46355c87
4636123e
4636c8ac
46377fd0
463837ac
4638f03f
4639a98c
463a6393
463b1e54
463bd9d0
463c9608
463d52fc
463e10ae
463ecf1e
463f8e4c
46404e3a
46410ee9
4641d059
4642928a
4643557e
46441935
4644ddb1
4645a2f1
464668f7
46472fc3
4647f756
4648bfb2
464988d6
464a52c4
464b1d7c
464be8ff
464cb54e
464d826a
464e5053
464f1f0b
464fee92
4650bee8
46519010
46526209
465334d4
46540873
4654dce5
4655b22d
4656884a
46575f3e
46583709
46590fac
4659e928
465ac37e
465b9eaf
465c7abc
465d57a5
465e356c
465f1410
465ff394
4660d3f8
4661b53c
46629763
46637a6b
46645e58
46654328
466628de
46670f7a
4667f6fe
4668df69
4669c8bd
466ab2fb
466b9e23
466c8a37
466d7738
466e6526
466f5402
467043ce
4671348a
46722638
467318d7
46740c6a
467500f0
4675f66c
4676ecdd
4677e446
4678dca6
4679d5ff
467ad052
467bcba0
467cc7ea
467dc531
467ec375
467fc2b8
4680617d
4680e21f
46816342
4681e4e6
4682670c
4682e9b4
46836cdf
4683f08e
468474c1
4684f978
46857eb4
46860475
46868abd
4687118b
468798e0
468820bd
4688a922
4689320f
4689bb86
468a4586
468ad011
468b5b27
468be6c8
468c72f4
468cffae
468d8cf4
468e1ac8
468ea92a
468f381a
468fc79a
469057aa
4690e84a
4691797a
46920b3d
46929d91
46933078
4693c3f2
46945800
4694eca2
469581da
469617a6
4696ae09
46974503
4697dc93
469874bc
46990d7d
4699a6d7
469a40cb
469adb59
469b7682
469c1246
469caea7
469d4ba4
469de93e
469e8776
469f264d
469fc5c3
46a065d9
46a1068f
46a1a7e6
46a249df
46a2ec7a
46a38fb8
46a4339a
46a4d820
46a57d4a
46a6231a
46a6c991
46a770ae
46a81872
46a8c0df
46a969f4
46aa13b3
46aabe1c
46ab692f
46ac14ee
46acc15a
46ad6e71
46ae1c37
46aecaaa
46af79cc
46b0299e
46b0da20
46b18b52
46b23d37
46b2efcd
46b3a316
46b45713
46b50bc5
46b5c12b
46b67747
46b72e1a
46b7e5a4
46b89de6
46b956e0
46ba1094
46bacb01
46bb862a
46bc420e
46bcfeae
46bdbc0b
46be7a26
46bf3900
46bff899
46c0b8f1
46c17a0b
46c23be6
46c2fe83
46c3c1e3
46c48607
46c54aef
46c6109d
46c6d711
46c79e4b
46c8664e
46c92f18
46c9f8ac
46cac30a
46cb8e32
46cc5a27
46cd26e7
46cdf475
46cec2d0
46cf91fb
46d061f4
46d132bf
46d2045a
46d2d6c8
46d3aa08
46d47e1c
46d55305
46d628c2
46d6ff56
46d7d6c1
46d8af04
46d98820
46da6215
46db3ce4
46dc188f
46dcf515
46ddd279
46deb0bb
46df8fdb
46e06fdb
46e150bb
46e2327c
46e31520
46e3f8a7
46e4dd12
46e5c261
46e6a897
46e78fb3
46e877b7
46e960a3
46ea4a78
46eb3538
46ec20e3
46ed0d7a
46edfafe
46eee970
46efd8d1
46f0c922
46f1ba64
46f2ac97
46f39fbd
46f493d7
46f588e5
46f67ee9
46f775e4
46f86dd5
46f966c0
46fa60a3
46fb5b81
46fc575a
46fd5430
46fe5203
46ff50d5
47002853
4700a8bb
470129a4
4701ab0f
47022cfa
4702af69
47033259
4703b5ce
470439c5
4704be41
47054342
4705c8c8
47064ed4
4706d566
47075c7f
4707e41f
47086c47
4708f4f8
47097e31
470a07f4
470a9241
470b1d19
470ba87c
470c346a
470cc0e5
470d4dec
470ddb81
470e69a3
470ef854
470f8794
47101763
4710a7c3
471138b3
4711ca35
47125c48
4712eeed
47138226
471415f2
4714aa52
47153f47
4715d4d1
47166af1
471701a7
471798f4
471830d9
4718c956
4719626c
4719fc1b
471a9664
471b3148
471bccc7
471c68e2
471d0599
471da2ed
471e40df
471edf6f
471f7e9e
47201e6c
4720bedb
47215fea
4722019b
4722a3ee
472346e3
4723ea7c
47248eb8
47253399
4725d920
47267f4c
4727261f
4727cd98
472875ba
47291e84
4729c7f7
472a7214
472b1cdc
472bc84e
472c746c
472d2137
472dceaf
472e7cd5
472f2ba9
472fdb2c
47308b60
47313c43
4731edd8
4732a01f
47335319
473406c6
4734bb27
4735703c
47362607
4736dc89
473793c1
47384bb0
47390458
4739bdb9
473a77d4
473b32a9
473bee39
473caa86
473d678f
473e2555
473ee3da
473fa31d
47406320
474123e4
4741e568
4742a7af
47436ab8
47442e84
4744f315
4745b86b
47467e86
47474568
47480d11
4748d582
47499ebd
474a68c0
474b338e
474bff28
474ccb8d
474d98bf
474e66bf
474f358d
4750052a
4750d597
4751a6d5
475278e5
47534bc8
47541f7d
4754f407
4755c965
47569f9a
475776a5
47584e87
47592742
475a00d6
475adb44
475bb68d
475c92b2
475d6fb3
475e4d91
475f2c4e
47600bea
4760ec66
4761cdc3
4762b002
47639324
47647729
47655c12
476641e1
47672896
47681033
4768f8b7
4769e224
476acc7c
476bb7be
476ca3eb
476d9106
476e7f0e
476f6e04
47705dea
47714ec0
47724088
47733342
477426ef
47751b90
47761126
477707b2
4777ff36
4778f7b1
4779f126
477aeb94
477be6fd
477ce362
477de0c4
477edf24
477fde83
47806f71
4780f020
47817151
4781f303
47827537
4782f7ee
47837b27
4783fee4
47848325
478507eb
47858d35
47861305
4786995b
47872038
4787a79c
47882f88
4788b7fb
478940f8
4789ca7d
478a548d
478adf27
478b6a4b
478bf5fb
478c8238
478d0f00
478d9c56
478e2a39
478eb8aa
478f47aa
478fd73a
47906759
4790f809
47918949
47921b1c
4792ad80
47934077
4793d401
4794681f
4794fcd1
47959219
479627f6
4796be69
47975573
4797ed14
4798854d
47991e1f
4799b78a
479a518e
479aec2d
479b8767
479c233c
479cbfad
479d5cbb
479dfa67
479e98b0
479f3799
479fd720
47a07747
47a1180f
47a1b977
47a25b82
47a2fe2f
47a3a17e
47a44572
47a4ea09
47a58f46
47a63528
47a6dbb1
47a782e0
47a82ab7
47a8d335
47a97c5d
47aa262e
47aad0aa
47ab7bd0
47ac27a2
47acd41f
47ad814a
47ae2f22
47aedda9
47af8cde
47b03cc2
47b0ed57
47b19e9d
47b25095
47b3033f
47b3b69c
47b46aac
47b51f71
47b5d4eb
47b68b1b
47b74202
47b7f9a0
47b8b1f5
47b96b04
47ba24cc
47badf4e
47bb9a8a
47bc5683
47bd1338
47bdd0aa
47be8ed9
47bf4dc8
47c00d75
47c0cde3
47c18f11
47c25101
47c313b3
47c3d729
47c49b62
47c56060
47c62623
47c6ecac
47c7b3fd
47c87c15
47c944f5
47ca0e9f
47cad912
47cba451
47cc705b
47cd3d32
47ce0ad6
47ced948
47cfa889
47d07899
47d1497a
47d21b2d
47d2edb1
47d3c108
47d49533
47d56a33
47d64008
47d716b3
47d7ee36
47d8c690
47d99fc3
47da79d0
47db54b7
47dc3079
47dd0d18
47ddea94
47dec8ee
47dfa826
47e0883e
47e16937
47e24b11
47e32dcd
47e4116d
47e4f5f0
47e5db59
47e6c1a7
47e7a8dd
47e890f9
47e979ff
47ea63ee
47eb4ec7
47ec3a8c
47ed273c
47ee14da
47ef0366
47eff2e2
47f0e34d
47f1d4a8
47f2c6f6
47f3ba37
47f4ae6b
47f5a394
47f699b2
47f790c8
47f888d4
47f981da
47fa7bd8
47fb76d2
47fc72c6
47fd6fb7
47fe6da6
47ff6c93
48003640
4800b6b6
480137ad
4801b926
48023b20
4802bd9c
4803409b
4803c41e
48044824
4804ccae
480551bd
4805d752
48065d6c
4806e40d
48076b34
4807f2e3
48087b1a
480903da
48098d22
480a16f4
480aa150
480b2c37
480bb7a9
480c43a6
480cd030
480d5d47
480deaeb
480e791d
480f07dd
480f972d
4810270c
4810b77b
4811487b
4811da0c
48126c2f
4812fee5
4813922d
48142609
4814ba7a
48154f7f
4815e519
48167b49
48171210
4817a96d
48184163
4818d9f0
48197317
481a0cd7
481aa731
481b4225
481bddb5
481c79e1
481d16a9
481db40e
481e5211
481ef0b3
481f8ff3
48202fd3
4820d053
48217174
48221336
4822b59a
482358a1
4823fc4c
4824a09a
4825458d
4825eb25
48269164
48273848
4827dfd4
48288808
482930e5
4829da6a
482a849a
482b2f74
482bdaf9
482c872a
482d3407
482de192
482e8fcb
482f3eb2
482fee48
48309e8f
48314f86
4832012e
4832b388
48336695
48341a56
4834ceca
483583f4
483639d2
4836f067
4837a7b3
48385fb7
48391873
4839d1e8
483a8c17
483b4701
483c02a5
483cbf06
483d7c24
483e39ff
483ef898
483fb7f0
48407808
484138e0
4841fa7a
4842bcd6
48437ff4
484443d6
4845087c
4845cde7
48469418
48475b10
484822ce
4848eb55
4849b4a5
484a7ebf
484b49a3
484c1552
484ce1ce
484daf16
484e7d2c
484f4c11
48501bc5
4850ec49
4851bd9e
48528fc4
485362bd
4854368a
48550b2b
4855e0a1
4856b6ec
48578e0f
48586609
48593edb
485a1887
485af30c
485bce6d
485caaaa
485d87c3
485e65b9
485f448e
48602443
486104d7
4861e64d
4862c8a4
4863abde
48648ffc
486574ff
48665ae7
486741b5
4868296a
48691208
4869fb8f
486ae5ff
486bd15b
486cbda2
486daad6
486e98f8
486f8809
48707809
487168f9
48725adb
48734daf
48744177
48753632
48762be3
4877228a
48781a29
487912bf
487a0c4f
487b06d8
487c025d
487cfedd
487dfc5b
487efad6
487ffa51
48807d66
4880fe23
48817f62
48820122
48828364
48830629
48838971
48840d3c
4884918c
4885165f
48859bb8
48862197
4886a7fc
48872ee7
4887b65a
48883e54
4888c6d7
48894fe2
4889d977
488a6395
488aee3e
488b7972
488c0531
488c917c
488d1e54
488dabb9
488e39ac
488ec82d
488f573c
488fe6db
4890770a
489107ca
4891991a
48922afc
4892bd70
48935077
4893e411
4894783f
48950d02
4895a25a
48963847
4896ceca
489765e5
4897fd96
489895e0
48992ec2
4899c83e
489a6253
489afd03
489b984d
489c3433
489cd0b6
489d6dd5
489e0b92
489ea9ec
489f48e6
489fe87e
48a088b7
48a12990
48a1cb0a
48a26d26
48a30fe5
48a3b346
48a4574c
48a4fbf5
48a5a144
48a64738
48a6edd2
48a79514
48a83cfd
48a8e58e
48a98ec8
48aa38ac
48aae33a
48ab8e72
48ac3a57
48ace6e7
48ad9425
48ae4210
48aef0a9
48af9ff1
48b04fe9
48b10091
48b1b1eb
48b263f5
48b316b3
48b3ca23
48b47e47
48b53320
48b5e8ae
48b69ef1
48b755ec
48b80d9e
48b8c607
48b97f2a
48ba3906
48baf39c
48bbaeed
48bc6afa
48bd27c4
48bde54a
48bea38e
48bf6291
48c02254
48c0e2d6
48c1a41a
48c2661f
48c328e6
48c3ec71
48c4b0bf
48c575d2
48c63bab
48c7024a
48c7c9b0
48c891de
48c95ad4
48ca2494
48caef1d
48cbba72
48cc8693
48cd5380
48ce213a
48ceefc2
48cfbf1a
48d08f41
48d16038
48d23201
48d3049d
48d3d80b
48d4ac4d
48d58164
48d65750
48d72e13
48d805ad
48d8de1e
48d9b769
48da918d
48db6c8c
48dc4867
48dd251e
48de02b1
48dee123
48dfc074
48e0a0a4
48e181b6
48e263a8
48e3467d
48e42a35
48e50ed2
48e5f453
48e6dabb
48e7c209
48e8aa3f
48e9935e
48ea7d66
48eb6859
48ec5437
48ed4102
48ee2eba
48ef1d5f
48f00cf5
48f0fd7a
48f1eef0
48f2e158
48f3d4b3
48f4c902
48f5be45
48f6b47e
48f7abae
48f8a3d6
48f99cf6
48fa9710
48fb9225
48fc8e35
48fd8b42
48fe894c
48ff8855
4900442e
4900c4b3
490145b8
4901c73e
49024947
4902cbd1
49034ede
4903d26f
49045684
4904db1c
4905603a
4905e5dd
49066c06
4906f2b5
490779eb
490801a9
490889ef
490912bd
49099c15
490a25f6
490ab061
490b3b56
490bc6d7
490c52e4
490cdf7d
490d6ca3
490dfa57
490e8898
490f1768
490fa6c7
491036b6
4910c735
49115845
4911e9e6
49127c19
49130ede
4913a237
49143623
4914caa3
49155fb8
4915f563
49168ba3
4917227a
4917b9e8
491851ee
4918ea8c
491983c3
491a1d94
491ab7ff
491b5304
491beea5
491c8ae2
491d27bb
491dc531
491e6346
491f01f8
491fa14a
4920413b
4920e1cc
492182ff
492224d3
4922c749
49236a61
49240e1e
4924b27e
49255783
4925fd2d
4926a37d
49274a74
4927f212
49289a59
49294347
4929ecdf
492a9721
492b420e
492beda6
492c99e9
492d46da
492df477
492ea2c3
492f51bd
49300167
4930b1c0
493162ca
49321486
4932c6f4
49337a14
49342de8
4934e270
493597ad
49364da0
49370449
4937bba8
493873c0
49392c90
4939e61a
493aa05d
493b5b5a
493c1714
493cd389
493d90bb
493e4eab
493f0d59
493fccc6
49408cf2
49414de0
49420f8e
4942d1ff
49439533
4944592a
49451de5
4945e366
4946a9ac
494770b9
4948388e
4949012b
4949ca90
494a94c0
494b5fba
494c2b80
494cf812
494dc570
494e939d
494f6298
49503262
495102fd
4951d468
4952a6a6
495379b6
49544d9a
49552251
4955f7de
4956ce41
4957a57b
49587d8d
49595677
495a303a
495b0ad7
495be650
495cc2a4
495d9fd5
495e7de4
495f5cd2
49603c9e
49611d4b
4961fed9
4962e149
4963c49c
4964a8d3
49658dee
496673ef
49675ad6
496842a5
49692b5c
496a14fc
496aff86
496beafb
496cd75c
496dc4aa
496eb2e6
496fa210
4970922a
49718335
49727531
49736820
49745c01
497550d8
497646a3
49773d65
4978351f
49792dd0
497a277b
497b221f
497c1dbf
497d1a5b
497e17f4
497f168b
49800b11
49808b5c
49810c28
49818d74
49820f43
49829193
49831466
498397bc
49841b96
49849ff3
498524d6
4985aa3d
4986302a
4986b69e
49873d98
4987c519
49884d22
4988d5b4
49895ece
4989e871
498a729f
498afd57
498b889a
498c1468
498ca0c3
498d2daa
498dbb1e
498e4920
498ed7b1
498f66d0
498ff67e
499086bd
4991178c
4991a8ec
49923ade
4992cd62
49936079
4993f423
49948862
49951d34
4995b29c
4996489a
4996df2e
49977658
49980e1b
4998a675
49993f68
4999d8f4
499a731a
499b0dda
499ba936
499c452d
499ce1c0
499d7ef0
499e1cbe
499ebb2a
499f5a35
499ff9df
49a09a29
49a13b13
49a1dc9f
49a27ecd
49a3219d
49a3c510
49a46927
49a50de3
49a5b343
49a65949
49a6fff6
49a7a74a
49a84f45
49a8f7e8
49a9a135
49aa4b2b
49aaf5cb
49aba117
49ac4d0e
49acf9b1
49ada701
49ae54ff
49af03ac
49afb307
49b06312
49b113cd
49b1c53a
49b27758
49b32a29
49b3ddad
49b491e4
49b546d1
49b5fc72
49b6b2ca
49b769d8
49b8219e
49b8da1b
49b99352
49ba4d42
49bb07ed
49bbc352
49bc7f74
49bd3c52
49bdf9ed
49beb846
49bf775d
49c03735
49c0f7cc
49c1b924
49c27b3f
49c33e1b
49c401bb
49c4c61f
49c58b48
49c65136
49c717ea
49c7df66
49c8a7a9
49c970b5
49ca3a8b
49cb052b
49cbd096
49cc9ccc
49cd69cf
49ce37a0
49cf063f
49cfd5ad
49d0a5eb
49d176f9
49d248d9
49d31b8b
49d3ef10
49d4c369
49d59897
49d66e9b
49d74575
49d81d26
49d8f5af
49d9cf12
49daa94e
49db8465
49dc6057
49dd3d25
49de1ad1
49def95b
49dfd8c4
49e0b90d
49e19a37
49e27c42
49e35f30
49e44301
49e527b6
49e60d50
49e6f3d1
49e7db38
49e8c388
49e9acc0
49ea96e1
49eb81ee
49ec6de6
49ed5aca
49ee489b
49ef375b
49f0270a
49f117aa
49f2093a
49f2fbbd
49f3ef32
49f4e39b
49f5d8f9
49f6cf4d
49f7c698
49f8bedb
49f9b816
49fab24c
49fbad7b
49fca9a7
49fda6cf
49fea4f5
49ffa419
4a00521f
4a00d2b1
4a0153c4
4a01d559
4a02576f
4a02da08
4a035d23
4a03e0c2
4a0464e5
4a04e98c
4a056eb8
4a05f46a
4a067aa1
4a07015f
4a0788a4
4a081071
4a0898c5
4a0921a2
4a09ab09
4a0a34f9
4a0abf73
4a0b4a78
4a0bd608
4a0c6224
4a0ceecc
4a0d7c02
4a0e09c5
4a0e9815
4a0f26f5
4a0fb664
4a104662
4a10d6f0
4a116810
4a11f9c1
4a128c04
4a131ed9
4a13b242
4a14463e
4a14dace
4a156ff4
4a1605ae
4a169bff
4a1732e6
4a17ca65
4a18627b
4a18fb2a
4a199472
4a1a2e53
4a1ac8cf
4a1b63e5
4a1bff97
4a1c9be5
4a1d38cf
4a1dd656
4a1e747c
4a1f1340
4a1fb2a2
4a2052a5
4a20f348
4a21948c
4a223671
4a22d8f9
4a237c23
4a241ff1
4a24c463
4a25697a
4a260f37
4a26b599
4a275ca2
4a280452
4a28acab
4a2955ac
4a29ff56
4a2aa9ab
4a2b54aa
4a2c0054
4a2cacab
4a2d59ae
4a2e075f
4a2eb5bd
4a2f64ca
4a301487
4a30c4f4
4a317611
4a3227e0
4a32da61
4a338d95
4a34417c
4a34f618
4a35ab69
4a36616f
4a37182c
4a37cfa0
4a3887cb
4a3940b0
4a39fa4d
4a3ab4a4
4a3b6fb6
4a3c2b84
4a3ce80e
4a3da554
4a3e6359
4a3f221b
4a3fe19d
4a40a1df
4a4162e1
4a4224a5
4a42e72b
4a43aa73
4a446e80
4a453351
4a45f8e7
4a46bf43
4a478665
4a484e50
4a491702
4a49e07e
4a4aaac4
4a4b75d4
4a4c41b0
4a4d0e57
4a4ddbcc
4a4eaa0f
4a4f7921
4a504902
4a5119b3
4a51eb36
4a52bd8a
4a5390b1
4a5464ac
4a55397b
4a560f1f
4a56e599
4a57bcea
4a589513
4a596e15
4a5a47f0
4a5b22a5
4a5bfe35
4a5cdaa2
4a5db7eb
4a5e9612
4a5f7517
4a6054fc
4a6135c1
4a621768
4a62f9f1
4a63dd5c
4a64c1ac
4a65a6e0
4a668cfa
4a6773fa
4a685be2
4a6944b2
4a6a2e6c
4a6b190f
4a6c049e
4a6cf119
4a6dde80
4a6eccd6
4a6fbc1a
4a70ac4f
4a719d73
4a728f8a
4a738293
4a74768f
4a756b80
4a766167
4a775843
4a785017
4a7948e4
4a7a42aa
4a7b3d69
4a7c3925
4a7d35dc
4a7e3391
4a7f3244
4a8018fb
4a809954
4a811a2e
4a819b88
4a821d65
4a829fc3
4a8322a5
4a83a609
4a8429f1
4a84ae5d
4a85334e
4a85b8c4
4a863ebf
4a86c541
4a874c4a
4a87d3da
4a885bf2
4a88e492
4a896dbb
4a89f76e
4a8a81aa
4a8b0c71
4a8b97c3
4a8c23a1
4a8cb00b
4a8d3d01
4a8dca85
4a8e5897
4a8ee736
4a8f7665
4a900623
4a909672
4a912750
4a91b8c0
4a924ac2
4a92dd56
4a93707d
4a940437
4a949886
4a952d69
4a95c2e1
4a9658ee
4a96ef93
4a9786ce
4a981ea0
4a98b70b
4a99500f
4a99e9ac
4a9a83e2
4a9b1eb4
4a9bba20
4a9c5628
4a9cf2cc
4a9d900e
4a9e2ded
4a9ecc6a
4a9f6b86
4aa00b41
4aa0ab9c
4aa14c99
4aa1ee36
4aa29075
4aa33357
4aa3d6dc
4aa47b05
4aa5c545
4aa7121c
4aa8618f
4aa9b3a4
4aab085f
4aac5fc7
4aadb9e0
4aaf16b0
4ab0763d
4ab1d88b
4ab33da1
4ab4a583
4ab61039
4ab77dc6
4ab8ee32
4aba6181
4abbd7ba
4abd50e2
4abeccff
4ac04c18
4ac1ce32
4ac35353
4ac4db81
4ac666c3
4ac7f51e
4ac98699
4acb1b3b
4accb308
4ace4e09
4acfec43
4ad18dbc
4ad3327c
4ad4da88
4ad685e8
4ad834a2
4ad9e6bd
4adb9c3f
4add5530
4adf1196
4ae0d179
4ae294de
4ae45bcf
4ae62650
4ae7f46a
4ae9c624
4aeb9b85
4aed7495
4aef515a
4af131dd
4af31624
4af4fe38
4af6ea1f
4af8d9e3
4afacd8a
4afcc51c
4afec0a1
4b006010
4b0161d2
4b026599
4b036b6a
4b047348
4b057d38
4b06893e
4b07975f
4b08a79d
4b09b9fe
4b0ace87
4b0be53a
4b0cfe1d
4b0e1934
4b0f3683
4b10560f
4b1177dd
4b129bf0
4b13c24e
4b14eafb
4b1615fc
4b174355
4b18730b
4b19a522
4b1ad9a1
4b1c108b
4b1d49e5
4b1e85b4
4b1fc3fd
4b2104c5
4b224812
4b238de7
4b24d64b
4b262142
4b276ed2
4b28beff
4b2a11d0
4b2b6748
4b2cbf6f
4b2e1a48
4b2f77d9
4b30d829
4b323b3c
4b33a118
4b3509c2
4b367541
4b37e399
4b3954d1
4b3ac8ee
4b3c3ff7
4b3db9f0
4b3f36e0
4b40b6ce
4b4239be
4b43bfb7
4b4548bf
4b46d4dc
4b486414
4b49f66e
4b4b8bf0
4b4d24a0
4b4ec084
4b505fa4
4b520205
4b53a7ae
4b5550a6
4b56fcf3
4b58ac9c
4b5a5fa8
4b5c161d
4b5dd003
4b5f8d5f
4b614e3a
4b63129b
4b64da87
4b66a607
4b687522
4b6a47de
4b6c1e44
4b6df85a
4b6fd628
4b71b7b5
4b739d09
4b75862b
4b777324
4b7963fb
4b7b58b7
4b7d5160
4b7f4dff
4b80a74d
4b81a99e
4b82adf5
4b83b457
4b84bcc8
4b85c74c
4b86d3e6
4b87e29d
4b88f372
4b8a066c
4b8b1b8d
4b8c32dc
4b8d4c5a
4b8e680e
4b8f85fc
4b90a628
4b91c896
4b92ed4c
4b94144d
4b953d9e
4b966945
4b979745
4b98c7a4
4b99fa65
4b9b2f8f
4b9c6725
4b9da12d
4b9eddab
4ba01ca5
4ba15e20
4ba2a21f
4ba3e8aa
4ba531c4
4ba67d73
4ba7cbbb
4ba91ca3
4baa7030
4babc666
4bad1f4b
4bae7ae5
4bafd938
4bb13a4c
4bb29e23
4bb404c6
4bb56e38
4bb6da81
4bb849a4
4bb9bba9
4bbb3095
4bbca86d
4bbe2339
4bbfa0fc
4bc121bf
4bc2a585
4bc42c57
4bc5b639
4bc74332
4bc8d348
4bca6681
4bcbfce4
4bcd9677
4bcf3340
4bd0d346
4bd2768f
4bd41d22
4bd5c706
4bd77440
4bd924d9
4bdad8d6
4bdc903f
4bde4b19
4be0096d
4be1cb41
4be3909d
4be55986
4be72605
4be8f621
4beac9e0
4beca14b
4bee7c68
4bf05b3f
4bf23dd7
4bf42439
4bf60e6b
4bf7fc75
4bf9ee5f
4bfbe431
4bfdddf2
4bffdbab
4c00eeb2
4c01f192
4c02f67a
4c03fd6d
4c050671
4c061188
4c071eb8
4c082e05
4c093f72
4c0a5304
4c0b68bf
4c0c80a8
4c0d9ac3
4c0eb715
4c0fd5a1
4c10f66d
4c12197c
4c133ed4
4c146679
4c159070
4c16bcbc
4c17eb64
4c191c6c
4c1a4fd7
4c1b85ac
4c1cbdf0
4c1df8a6
4c1f35d4
4c20757f
4c21b7ac
4c22fc5f
4c24439f
4c258d6f
4c26d9d6
4c2828d8
4c297a7b
4c2acec4
4c2c25b8
4c2d7f5d
4c2edbb7
4c303ace
4c319ca5
4c330142
4c3468ab
4c35d2e7
4c373ff9
4c38afe8
4c3a22ba
4c3b9875
4c3d111e
4c3e8cbc
4c400b53
4c418ceb
4c431189
4c449933
4c4623f0
4c47b1c5
4c4942b9
4c4ad6d2
4c4c6e16
4c4e088c
4c4fa63b
4c514727
4c52eb59
4c5492d7
4c563da7
4c57ebd0
4c599d58
4c5b5248
4c5d0aa4
4c5ec674
4c6085c0
4c62488e
4c640ee5
4c65d8cc
4c67a64a
4c697767
4c6b4c2a
4c6d249a
4c6f00bf
4c70e0a0
4c72c444
4c74abb3
4c7696f5
4c788612
4c7a7910
4c7c6ff9
4c7e6ad3
4c8034d3
4c81363e
4c8239ae
4c833f26
4c8446ac
4c855042
4c865bee
4c8769b3
4c887996
4c898b9b
4c8a9fc6
4c8bb61c
4c8ccea0
4c8de958
4c8f0647
4c902572
4c9146de
4c926a8f
4c93908a
4c94b8d3
4c95e36f
4c971062
4c983fb2
4c997162
4c9aa579
4c9bdbfa
4c9d14ea
4c9e504f
4c9f8e2d
4ca0ce8a
4ca21169
4ca356d1
4ca49ec6
4ca5e94e
4ca7366d
4ca88629
4ca9d887
4cab2d8d
4cac853f
4caddfa4
4caf3cc0
4cb09c99
4cb1ff34
4cb36497
4cb4ccc8
4cb637cc
4cb7a5a9
4cb91665
4cba8a05
4cbc008f
4cbd7a09
4cbef679
4cc075e5
4cc1f853
4cc37dc8
4cc5064c
4cc691e4
4cc82095
4cc9b268
4ccb4761
4cccdf88
4cce7ae1
4cd01975
4cd1bb49
4cd36065
4cd508cd
4cd6b48a
4cd863a2
4cda161b
4cdbcbfc
4cdd854d
4cdf4214
4ce10258
4ce2c620
4ce48d73
4ce65858
4ce826d6
4ce9f8f5
4cebcebd
4ceda833
4cef8560
4cf1664b
4cf34afc
4cf53379
4cf71fcc
4cf90ffb
4cfb040e
4cfcfc0e
4cfef801
4d007bf8
4d017df2
4d0281f1
4d0387fb
4d049013
4d059a3d
4d06a67d
4d07b4d8
4d08c552
4d09d7ef
4d0aecb3
4d0c03a3
4d0d1cc3
4d0e3818
4d0f55a5
4d107570
4d11977c
4d12bbcf
4d13e26d
4d150b5a
4d16369c
4d176436
4d18942e
4d19c689
4d1afb4a
4d1c3277
4d1d6c16
4d1ea829
4d1fe6b8
4d2127c6
4d226b59
4d23b175
4d24fa20
4d26455f
4d279337
4d28e3ae
4d2a36c8
4d2b8c8b
4d2ce4fc
4d2e4020
4d2f9dfe
4d30fe9a
4d3261fa
4d33c824
4d35311d
4d369cea
4d380b92
4d397d1b
4d3af189
4d3c68e3
4d3de32e
4d3f6071
4d40e0b2
4d4263f6
4d43ea44
4d4573a1
4d470014
4d488fa4
4d4a2255
4d4bb82f
4d4d5138
4d4eed76
4d508cf0
4d522fac
4d53d5b1
4d557f05
4d572baf
4d58dbb6
4d5a8f20
4d5c45f5
4d5e003a
4d5fbdf8
4d617f35
4d6343f7
4d650c47
4d66d82b
4d68a7aa
4d6a7acc
4d6c5197
4d6e2c14
4d700a4a
4d71ec40
4d73d1fe
4d75bb8b
4d77a8ee
4d799a31
4d7b8f5a
4d7d8871
4d7f857e
4d80c345
4d81c5ce
4d82ca5d
4d83d0f8
4d84d9a3
4d85e460
4d86f136
4d880027
4d891138
4d8a246d
4d8b39cb
4d8c5155
4d8d6b11
4d8e8703
4d8fa52f
4d90c599
4d91e847
4d930d3c
4d94347d
4d955e10
4d9689f7
4d97b839
4d98e8da
4d9a1bde
4d9b514b
4d9c8925
4d9dc371
4d9f0034
4da03f73
4da18134
4da2c57a
4da40c4b
4da555ad
4da6a1a4
4da7f035
4da94166
4daa953c
4dabebbd
4dad44ed
4daea0d2
4dafff72
4db160d2
4db2c4f7
4db42be8
4db595a9
4db70240
4db871b4
4db9e409
4dbb5946
4dbcd170
4dbe4c8e
4dbfcaa4
4dc14bba
4dc2cfd5
4dc456fc
4dc5e133
4dc76e82
4dc8feef
4dca9280
4dcc293b
4dcdc327
4dcf604a
4dd100ab
4dd2a44f
4dd44b3e
4dd5f57e
4dd7a316
4dd9540d
4ddb0869
4ddcc031
4dde7b6c
4de03a21
4de1fc57
4de3c214
4de58b61
4de75844
4de928c5
4deafcea
4decd4bb
4deeb03f
4df08f7e
4df27280
4df4594b
4df643e7
4df8325d
4dfa24b3
4dfc1af2
4dfe1522
4e0009a5
4e010ab9
4e020dd1
4e0312f1
4e041a1e
4e05235b
4e062ead
4e073c17
4e084b9f
4e095d47
4e0a7115
4e0b870d
4e0c9f33
4e0db98b
4e0ed61b
4e0ff4e5
4e1115f0
4e12393f
4e135ed6
4e1486bb
4e15b0f3
4e16dd81
4e180c6a
4e193db4
4e1a7163
4e1ba77b
4e1ce002
4e1e1afd
4e1f5870
4e209860
4e21dad3
4e231fcd
4e246754
4e25b16c
4e26fe1b
4e284d66
4e299f53
4e2af3e5
4e2c4b24
4e2da514
4e2f01ba
4e30611d
4e31c340
4e33282b
4e348fe3
4e35fa6d
4e3767cf
4e38d80e
4e3a4b31
4e3bc13d
4e3d3a38
4e3eb628
4e403512
4e41b6fe
4e433bf0
4e44c3f0
4e464f02
4e47dd2e
4e496e79
4e4b02ea
4e4c9a87
4e4e3556
4e4fd35e
4e5174a6
4e531933
4e54c10d
4e566c39
4e581ac0
4e59cca7
4e5b81f5
4e5d3ab1
4e5ef6e2
4e60b68e
4e6279be
4e644078
4e660ac2
4e67d8a5
4e69aa27
4e6b7f50
4e6d5827
4e6f34b3
4e7114fc
4e72f90a
4e74e0e3
4e76cc90
4e78bc18
4e7aaf83
4e7ca6d9
4e7ea221
4e8050b2
4e815255
4e8255fd
4e835bae
4e84636d
4e856d3d
4e867923
4e878723
4e889741
4e89a981
4e8abde8
4e8bd47a
4e8ced3c
4e8e0831
4e8f255e
4e9044c8
4e916673
4e928a63
4e93b09e
4e94d927
4e960404
4e973139
4e9860ca
4e9992bd
4e9ac717
4e9bfddb
4e9d3710
4e9e72b9
4e9fb0dc
4ea0f17e
4ea234a4
4ea37a53
4ea4c28f
4ea60d5f
4ea75ac6
4ea8aacb
4ea9fd73
4eab52c3
4eacaac0
4eae0570
4eaf62d8
4eb0c2fd
4eb225e5
4eb38b96
4eb4f416
4eb65f69
4eb7cd95
4eb93ea1
4ebab292
4ebc296d
4ebda339
4ebf1ffc
4ec09fbb
4ec2227d
4ec3a847
4ec53120
4ec6bd0e
4ec84c16
4ec9de40
4ecb7392
4ecd0c11
4ecea7c4
4ed046b2
4ed1e8e1
4ed38e58
4ed5371c
4ed6e336
4ed892ac
4eda4583
4edbfbc4
4eddb574
4edf729c
4ee13341
4ee2f76b
4ee4bf21
4ee68a6a
4ee8594d
4eea2bd2
4eec01ff
4eeddbdc
4eefb971
4ef19ac5
4ef37fdf
4ef568c7
4ef75584
4ef9461f
4efb3a9f
4efd330c
4eff2f6e
4f0097e6
4f019a18
4f029e50
4f03a493
4f04ace4
4f05b748
4f06c3c2
4f07d258
4f08e30d
4f09f5e6
4f0b0ae6
4f0c2213
4f0d3b70
4f0e5702
4f0f74cd
4f1094d7
4f11b722
4f12dbb5
4f140293
4f152bc0
4f165743
4f17851f
4f18b559
4f19e7f6
4f1b1cfb
4f1c546c
4f1d8e4e
4f1ecaa6
4f20097a
4f214ace
4f228ea7
4f23d50a
4f251dfd
4f266984
4f27b7a5
4f290864
4f2a5bc8
4f2bb1d5
4f2d0a91
4f2e6601
4f2fc42b
4f312514
4f3288c1
4f33ef39
4f355880
4f36c49d
4f383394
4f39a56d
4f3b1a2c
4f3c91d7
4f3e0c75
4f3f8a0b
4f410a9f
4f428e38
4f4414da
4f459e8d
4f472b57
4f48bb3d
4f4a4e46
4f4be478
4f4d7dda
4f4f1a71
4f50ba46
4f525d5d
4f5403bd
4f55ad6e
4f575a75
4f590ada
4f5abea3
4f5c75d7
4f5e307c
4f5fee9b
4f61b039
4f63755e
4f653e11
4f670a59
4f68da3d
4f6aadc4
4f6c84f6
4f6e5fdb
4f703e78
4f7220d7
4f7406fe
4f75f0f5
4f77dec5
4f79d073
4f7bc609
4f7dbf8e
4f7fbd0a
4f80df42
4f81e203
4f82e6cc
4f83eda0
4f84f684
4f86017b
4f870e8b
4f881db7
4f892f03
4f8a4274
4f8b580e
4f8c6fd6
4f8d89cf
4f8ea5ff
4f8fc469
4f90e512
4f9207ff
4f932d33
4f9454b5
4f957e88
4f96aab1
4f97d934
4f990a17
4f9a3d5e
4f9b730e
4f9cab2c
4f9de5bc
4f9f22c4
4fa06249
4fa1a44f
4fa2e8dc
4fa42ff4
4fa5799e
4fa6c5dd
4fa814b7
4fa96631
4faaba51
4fac111c
4fad6a97
4faec6c8
4fb025b4
4fb18761
4fb2ebd4
4fb45312
4fb5bd22
4fb72a09
4fb899cc
4fba0c72
4fbb8200
4fbcfa7c
4fbe75ec
4fbff455
4fc175bf
4fc2fa2e
4fc481aa
4fc60c37
4fc799dd
4fc92aa1
4fcabe89
4fcc559d
4fcdefe2
4fcf8d5e
4fd12e19
4fd2d219
4fd47964
4fd62401
4fd7d1f6
4fd9834b
4fdb3806
4fdcf02d
4fdeabc9
4fe06adf
4fe22d77
4fe3f397
4fe5bd47
4fe78a8e
4fe95b74
4feb2fff
4fed0836
4feee422
4ff0c3c9
4ff2a734
4ff48e69
4ff67970
4ff86851
4ffa5b14
4ffc51c0
4ffe4c5d
5000257a
500126c6
50022a16
50032f70
500436d6
5005404c
50064bd8
5007597d
50086940
50097b24
500a8f2d
500ba562
500cbdc4
500dd85a
500ef527
50101430
5011357a
50125908
50137edf
5014a705
5015d17d
5016fe4c
50182d78
50195f04
501a92f5
501bc951
501d021c
501e3d5b
501f7b13
5020bb49
5021fe02
50234343
50248b11
5025d571
50272268
502871fc
5029c432
502b190f
502c7098
502dcad3
502f27c5
50308774
5031e9e5
50334f1d
5034b723
503621fc
50378fad
5039003c
503a73b0
503bea0d
503d635a
503edf9c
50405eda
5041e11a
50436661
5044eeb5
50467a1e
504808a0
50499a42
504b2f0b
504cc701
504e6229
5050008b
5051a22e
50534716
5054ef4c
50569ad6
505849ba
5059fbff
505bb1ac
505d6ac8
505f2759
5060e768
5062aaf9
50647216
50663cc4
50680b0b
5069dcf3
506bb281
506d8bbf
506f68b3
50714964
50732ddb
5075161e
50770236
5078f22a
507ae601
507cddc4
507ed97b
50806c97
50816e71
50827252
5083783c
50848034
50858a3e
5086965e
5087a499
5088b4f2
5089c76e
508adc11
508bf2e0
508d0bde
508e2711
508f447c
50906424
5091860e
5092aa3e
5093d0b9
5094f982
509624a0
50975216
509881ea
5099b420
509ae8bc
509c1fc4
509d593d
509e952b
509fd393
50a1147b
50a257e7
50a39ddc
50a4e660
50a63177
50a77f27
50a8cf76
50aa2267
50ab7801
50acd049
50ae2b44
50af88f8
50b0e96a
50b24c9f
50b3b29e
50b51b6c
50b6870e
50b7f58a
50b966e6
50badb27
50bc5254
50bdcc72
50bf4988
50c0c99b
50c24cb0
50c3d2cf
50c55bfe
50c6e841
50c877a1
50ca0a22
50cb9fcb
50cd38a3
50ced4b0
50d073f8
50d21682
50d3bc54
50d56576
50d711ec
50d8c1c0
50da74f6
50dc2b96
50dde5a6
50dfa32f
50e16435
50e328c2
50e4f0db
50e6bc88
50e88bcf
50ea5eb9
50ec354d
50ee0f91
50efed8d
50f1cf4a
50f3b4cd
50f59e1f
50f78b48
50f97c4f
50fb713c
50fd6a17
50ff66e7
5100b3da
5101b644
5102bab5
5103c130
5104c9bb
5105d459
5106e10e
5107efde
510900cf
510a13e3
510b2920
510c4089
510d5a23
510e75f3
510f93fd
5110b444
5111d6cf
5112fba1
511422bf
51154c2e
511677f1
5117a60f
5118d68b
511a096b
511b3eb3
511c7667
511db08e
511eed2b
51202c44
51216dde
5122b1fd
5123f8a7
512541e2
51268db1
5127dc1a
51292d23
512a80d0
512bd728
512d302f
512e8bea
512fea60
51314b96
5132af90
51341656
51357fec
5136ec57
51385b9f
5139cdc8
513b42d8
513cbad5
513e35c5
513fb3ae
51413496
5142b883
51443f7a
5145c983
514756a2
5148e6df
514a7a40
514c10ca
514daa85
514f4776
5150e7a5
51528b17
515431d4
5155dbe1
51578945
51593a08
515aee30
515ca5c3
515e60c9
51601f49
5161e149
5163a6d0
51656fe6
51673c92
51690cdb
516ae0c8
516cb860
516e93ac
517072b2
51725579
51743c0a
5176266c
517814a6
517a06c1
517bfcc4
517df6b7
517ff4a1
5180fb46
5181fe3f
51830340
51840a4e
5185136b
51861e9d
51872be7
51883b4e
51894cd5
518a6082
518b7659
518c8e5d
518da894
518ec501
518fe3a9
51910491
519227bd
51934d32
519474f3
51959f07
5196cb71
5197fa36
51992b5b
519a5ee5
519b94d9
519ccd3a
519e080f
519f455c
51a08526
51a1c772
51a30c46
51a453a5
51a59d96
51a6ea1d
51a83940
51a98b04
51aadf6e
51ac3684
51ad904a
51aeecc7
51b04bff
51b1adf8
51b312b9
51b47a45
51b5e4a4
51b751da
51b8c1ed
51ba34e3
51bbaac2
51bd2390
51be9f53
51c01e0f
51c19fcd
51c32491
51c4ac61
51c63744
51c7c540
51c9565b
51caea9c
51cc8208
51ce1ca6
51cfba7d
51d15b92
51d2ffed
51d4a794
51d6528e
51d800e0
51d9b293
51db67ad
51dd2034
51dedc30
51e09ba7
51e25ea1
51e42524
51e5ef38
51e7bce4
51e98e2e
51eb631f
51ed3bbd
51ef1810
51f0f820
51f2dbf3
51f4c392
51f6af04
51f89e51
51fa9180
51fc8899
51fe83a5
52004155
520142d9
52024662
52034bf4
52045393
52055d44
5206690a
520776e9
520886e7
52099906
520aad4c
520bc3bd
520cdc5d
520df730
520f143b
52103382
5211550a
521278d8
52139eef
5214c755
5215f20e
52171f1f
52184e8c
5219805b
521ab48f
521beb2f
521d243e
521e5fc1
521f9dbe
5220de3a
52222139
522366c0
5224aed6
5225f97d
522746bd
5228969a
5229e919
522b3e40
522c9614
522df09a
522f4dd8
5230add4
52321092
52337618
5234de6c
52364993
5237b794
52392874
523a9c38
523c12e6
523d8c85
523f091a
524088ac
52420b3f
524390db
52451985
5246a543
5248341c
5249c615
524b5b36
524cf384
524e8f06
52502dc3
5251cfbf
52537504
52551d96
5256c97c
525878be
525a2b61
525be16e
525d9ae9
525f57dc
5261184b
5262dc3f
5264a3bf
52666ed1
52683d7c
526a0fc9
526be5be
526dbf62
526f9cbe
52717dd8
527362b8
52754b65
527737e8
52792847
527b1c8c
527d14bc
527f10e1
52808881
52818a94
52828ead
528394d0
52849d01
5285a745
5286b3a0
5287c215
5288d2aa
5289e561
528afa41
528c114c
528d2a87
528e45f7
528f63a1
52908387
5291a5b0
5292ca20
5293f0da
529519e5
52964543
529772fb
5298a311
5299d589
529b0a69
529c41b4
529d7b71
529eb7a4
529ff651
52a1377f
52a27b31
52a3c16d
52a50a38
52a65598
52a7a391
52a8f428
52aa4763
52ab9d47
52acf5da
52ae5120
52afaf20
52b10fdf
52b27361
52b3d9ae
52b542ca
52b6aebb
52b81d87
52b98f33
52bb03c6
52bc7b44
52bdf5b5
52bf731d
52c0f383
52c276ed
52c3fd61
52c586e5
52c7137e
52c8a335
52ca360d
52cbcc0f
52cd6540
52cf01a6
52d0a148
52d2442d
52d3ea5b
52d593d9
52d740ad
52d8f0de
52daa473
52dc5b72
52de15e3
52dfd3cc
52e19534
52e35a23
52e5229f
52e6eeb0
52e8be5c
52ea91ac
52ec68a5
52ee4351
52f021b5
52f203da
52f3e9c7
52f5d384
52f7c118
52f9b28b
52fba7e5
52fda12d
52ff9e6c
5300cfd5
5301d277
5302d720
5303ddd4
5304e699
5305f170
5306fe60
53080d6b
53091e97
530a31e7
530b4760
530c5f06
530d78dd
530e94eb
530fb333
5310d3b9
5311f683
53131b95
531442f3
53156ca2
531698a7
5317c706
5318f7c5
531a2ae7
531b6072
531c986a
531dd2d5
531f0fb7
53204f16
532190f5
5322d55b
53241c4c
532565ce
5326b1e5
53280097
532951e9
532aa5e1
532bfc83
532d55d5
532eb1dc
5330109e
53317220
5332d668
53343d7c
5335a760
5337141b
533883b2
5339f62c
533b6b8d
533ce3dc
533e5f1e
533fdd5a
53415e96
5342e2d7
53446a23
5345f481
534781f7
5349128b
534aa643
534c3d26
534dd73a
534f7485
5351150e
5352b8dc
53545ff4
53560a5e
5357b820
53596941
535b1dc7
535cd5ba
535e9120
53605001
53621263
5363d84d
5365a1c6
53676ed6
53693f84
536b13d7
536cebd6
536ec788
5370a6f6
53728a27
53747121
53765bee
53784a94
537a3d1b
537c338b
537e2dec
53801623
53811750
53821a81
53831fbb
53842701
53853058
53863bc4
53874949
538858eb
53896aae
538a7e97
538b94aa
538caceb
538dc75f
538ee40a
539002f1
53912417
53924782
53936d37
53949539
5395bf8d
5396ec39
53981b40
53994ca7
539a8074
539bb6ab
539cef50
539e2a69
539f67fb
53a0a80b
53a1ea9d
53a32fb7
53a4775e
53a5c196
53a70e66
53a85dd2
53a9afdf
53ab0493
53ac5bf3
53adb605
53af12cd
53b07252
53b1d498
53b339a6
53b4a181
53b60c2e
53b779b3
53b8ea16
53ba5d5d
53bbd38e
53bd4cae
53bec8c3
53c047d3
53c1c9e4
53c34efc
53c4d722
53c6625b
53c7f0ad
53c98220
53cb16b8
53ccae7d
53ce4974
53cfe7a5
53d18915
53d32dcb
53d4d5ce
53d68124
53d82fd5
53d9e1e6
53db975f
53dd5046
53df0ca2
53e0cc7b
53e28fd6
53e456bc
53e62134
53e7ef44
53e9c0f3
53eb964a
53ed6f4f
53ef4c09
53f12c81
53f310be
53f4f8c7
53f6e4a4
53f8d45c
53fac7f8
53fcbf7f
53febaf8
54005d37
54015ef2
540262b4
5403687f
54047057
54057a41
54068641
5407945c
5408a494
5409b6ef
540acb71
540be21f
540cfafb
540e160c
540f3355
541052db
541174a2
541298af
5413bf06
5414e7ad
541612a6
54173ff9
54186fa8
5419a1b9
541ad630
541c0d13
541d4666
541e822f
541fc071
54210132
54224477
54238a46
5424d2a2
54261d92
54276b1a
5428bb40
542a0e09
542b637a
542cbb98
542e166a
542f73f4
5430d43c
54323747
54339d1b
543505bd
54367133
5437df84
543950b3
543ac4c8
543c3bc8
543db5b9
543f32a1
5440b286
5442356d
5443bb5e
5445445d
5446d071
54485fa1
5449f1f2
544b876b
544d2012
544ebbed
54505b03
5451fd5b
5453a2fb
54554be9
5456f82d
5458a7cc
545a5ace
545c113a
545dcb16
545f8869
5461493a
54630d90
5464d572
5466a0e8
54686ff8
546a42aa
546c1905
546df311
546fd0d4
5471b257
547397a0
547580b8
54776da5
54795e71
547b5322
547d4bc0
547f4853
5480a472
5481a6bd
5482ab0e
5483b16a
5484b9d5
5485c453
5486d0e8
5487df98
5488f068
548a035b
548b1877
548c2fbe
548d4937
548e64e5
548f82cc
5490a2f1
5491c559
5492ea08
54941103
54953a4e
549665ee
549793e7
5498c43f
5499f6fa
549b2c1d
549c63ac
549d9dad
549eda24
54a01917
54a15a8a
54a29e83
54a3e506
54a52e19
54a679c0
54a7c801
54a918e2
54aa6c67
54abc295
54ad1b73
54ae7705
54afd551
54b1365c
54b29a2c
54b400c7
54b56a31
54b6d671
54b8458d
54b9b789
54bb2c6d
54bca43d
54be1f00
54bf9cbb
54c11d75
54c2a133
54c427fb
54c5b1d5
54c73ec5
54c8ced2
54ca6202
54cbf85c
54cd91e6
54cf2ea6
54d0cea3
54d271e2
54d4186c
54d5c246
54d76f78
54d92006
54dad3fa
54dc8b59
54de462a
54e00474
54e1c63e
54e38b8f
54e5546e
54e720e3
54e8f0f4
54eac4a9
54ec9c09
54ee771c
54f055e8
54f23876
54f41ecd
54f608f4
54f7f6f3
54f9e8d2
54fbde99
54fdd84f
54ffd5fd
5500ebd5
5501eeaf
5502f391
5503fa7f
5505037c
55060e8e
55071bb8
55082afe
55093c65
550a4ff1
550b65a7
550c7d89
550d979e
550eb3e9
550fd26f
5510f335
5512163e
55133b8f
5514632d
55158d1d
5516b963
5517e804
55191905
551a4c6a
551b8238
551cba75
551df524
551f324b
552071ef
5521b414
5522f8c1
55243ff9
552589c2
5526d622
5528251c
552976b8
552acaf9
552c21e6
552d7b83
552ed7d5
553036e4
553198b3
5532fd48
553464aa
5535cedd
55373be7
5538abce
553a1e98
553b944b
553d0ceb
553e8880
5540070f
5541889f
55430d34
554494d5
55461f89
5547ad56
55493e41
554ad251
554c698c
554e03f9
554fa19e
55514282
5552e6aa
55548e1f
555638e5
5557e704
55599883
555b4d69
555d05bb
555ec182
556080c4
55624387
556409d4
5565d3b1
5567a125
55697238
556b46f1
556d1f56
556efb70
5570db46
5572bee0
5574a644
5576917c
5578808d
557a7380
557c6a5e
557e652c
558031fa
5581335f
558236c9
55833c3c
558443bc
55854d4c
558658f2
558766b1
5588768e
5589888d
558a9cb2
558bb301
558ccb7f
558de631
558f031a
5590223f
559143a4
5592674f
55938d43
5594b585
5595e01b
55970d07
55983c50
55996dfa
559aa20a
559bd884
559d116d
559e4ccb
559f8aa2
55a0caf7
55a20dd0
55a35330
55a49b1e
55a5e59f
55a732b6
55a8826b
55a9d4c2
55ab29c0
55ac816b
55addbc7
55af38dc
55b098ad
55b1fb40
55b3609c
55b4c8c4
55b633c1
55b7a195
55b91249
55ba85e0
55bbfc62
55bd75d4
55bef23b
55c0719f
55c1f404
55c37971
55c501ec
55c68d7b
55c81c24
55c9aded
55cb42de
55ccdafb
55ce764c
55d014d6
55d1b6a1
55d35bb3
55d50412
55d6afc5
55d85ed3
55da1143
55dbc71b
55dd8062
55df3d1f
55e0fd58
55e2c116
55e4885f
55e6533a
55e821af
55e9f3c3
55ebc980
55eda2ec
55ef800e
55f160ef
55f34594
55f52e07
55f71a4f
55f90a73
55fafe7b
55fcf670
55fef258
5600791e
56017b12
56027f0c
5603850f
56048d21
56059745
5606a380
5607b1d5
5608c248
5609d4df
560ae99d
560c0087
560d19a1
560e34ef
560f5276
5610723a
56119440
5612b88d
5613df24
5615080b
56163346
561760da
561890cb
5619c31e
561af7d9
561c2eff
561d6897
561ea4a3
561fe32b
56212432
562267bd
5623add2
5624f676
562641ae
56278f7f
5628dfee
562a3300
562b88bb
562ce125
562e3c42
5630faac
5633c426
563698dc
563978fc
563c64b4
563f5c31
56425fa5
56456f3f
56488b2f
564bb3a9
564ee8de
56522b01
56557a47
5658d6e5
565c4110
565fb900
56633eeb
5666d30a
566a7597
566e26ca
5671e6e1
5675b616
567994a6
567d82d0
5680c069
5682c776
5684d6af
5686ee36
56890e2c
568b36b3
568d67ee
568fa1fe
5691e509
56943133
5696869f
5698e574
569b4dd8
569dbff0
56a03be4
56a2c1dd
56a55201
56a7ec7a
56aa9173
56ad4114
56affb8a
56b2c0ff
56b591a1
56b86d9b
56bb551d
56be4854
56c1476f
56c4529f
56c76a15
56ca8e01
56cdbe96
56d0fc06
56d44687
56d79e4c
56db038c
56de767b
56e1f752
56e58648
56e92397
56eccf79
56f08a27
56f453de
56f82cda
56fc1559
570006cd
57020aee
5704172f
57062bb2
57084898
570a6e02
570c9c14
570ed2ef
571112b7
57135b90
5715ada0
5718090a
571a6df5
571cdc86
571f54e6
5721d73b
572463ad
5726fa66
57299b8e
572c4751
572efdd7
5731bf4e
57348be1
573763bc
573a470e
573d3604
574030ce
5743379a
57464a9b
57496a00
574c95fb
574fcec1
57531483
57566776
5759c7d0
575d35c7
5760b191
57643b66
5767d37f
576b7a15
576f2f63
5772f3a5
5776c715
577aa9f2
577e9c79
57814f75
578358c3
57856a46
57878420
5789a673
578bd15f
578e0509
57904194
57928722
5794d5d9
57972ddd
57998f54
579bfa65
579e6f35
57a0edeb
57a376b1
57a609af
57a8a70d
57ab4ef5
57ae0193
57b0bf10
57b3879a
57b65b5c
57b93a84
57bc253f
57bf1bbd
57c21e2d
57c52cbf
57c847a4
57cb6f0d
57cea32d
57d1e438
57d53260
57d88ddc
57dbf6e1
57df6da6
57e2f261
57e6854c
57ea269f
57edd694
57f19567
57f56353
57f94096
57fd2d6d
5800950b
58029b6a
5804a9f1
5806c0c4
5808e003
580b07d0
580d384d
580f719e
5811b3e6
5813ff49
581653ec
5818b1f5
581b1989
581d8ace
582005ec
58228b0b
58251a52
5827b3eb
582a5800
582d06b9
582fc044
583284ca
58355479
58382f7d
583b1604
583e083d
58410656
58441080
584726ea
584a49c8
584d7949
5850b5a3
5853ff08
585755ad
585ab9c7
585e2b8d
5861ab36
586538fa
5868d511
586c7fb6
58703922
58740193
5877d943
587bc072
587fb75c
5881df21
5883eab2
5885fe81
58881ab1
588a3f62
588c6cb8
588ea2d4
5890e1da
589329ef
58957b36
5897d5d5
589a39f1
589ca7b1
589f1f3c
58a1a0b8
58a42c4f
58a6c228
58a9626e
58ac0d4a
58aec2e7
58b18370
58b44f11
58b725f7
58ba0850
58bcf649
58bff012
58c2f5da
58c607d1
58c92629
58cc5113
58cf88c3
58d2cd6b
58d61f3f
58d97e76
58dceb45
58e065e3
58e3ee87
58e7856a
58eb2ac6
58eeded4
58f2a1d0
58f673f7
58fa5584
58fe46b8
590123e8
59032c86
59053d57
5907567c
59097816
590ba248
590dd534
591010fd
591255c8
5914a3b8
5916faf2
59195b9c
591bc5dc
591e39d8
5920b7b7
59233fa3
5925d1c2
59286e3f
592b1542
592dc6f7
59308388
59334b22
59361df0
5938fc21
593be5e1
593edb5f
5941dccc
5944ea56
5948042f
594b2a88
594e5d94
59519d86
5954ea92
595844ec
595baccb
595f2265
5962a5f1
596637a7
5969d7c1
596d8679
59714409
597510ad
5978eca3
597cd827
598069bc
59826f6c
59847d43
59869361
5988b1e9
598ad8fc
598d08bc
598f414d
599182d3
5993cd70
5996214b
59987e87
599ae54b
599d55be
599fd007
59a2544c
59a4e2b6
59a77b6f
59aa1ea0
59accc72
59af8512
59b248aa
59b51766
59b7f174
59bad701
59bdc83b
59c0c553
59c3ce76
59c6e3d7
59ca05a5
59cd3415
59d06f57
59d3b7a1
59d70d26
59da701c
59dde0b9
59e15f34
59e4ebc5
59e886a5
59ec300e
59efe839
59f3af64
59f785c9
59fb6ba7
59ff613b
5a01b363
5a03be43
5a05d160
5a07ecda
5a0a10d2
5a0c3d6c
5a0e72c9
5a10b10e
5a12f85e
5a1548dd
5a17a2b1
5a1a05ff
5a1c72ee
5a1ee9a4
5a216a48
5a23f503
5a2689fe
5a292961
5a2bd357
5a2e880a
5a3147a6
5a341256
5a36e848
5a39c9a8
5a3cb6a4
5a3faf6c
5a42b430
5a45c51e
5a48e269
5a4c0c42
5a4f42dc
5a52866a
5a55d721
5a593535
5a5ca0dd
5a601a4e
5a63a1c2
5a67376f
5a6adb91
5a6e8e60
5a725017
5a7620f4
5a7a0134
5a7df113
5a80f869
5a830057
5a851076
5a8728e6
5a8949c9
5a8b7340
5a8da56e
5a8fe077
5a92247e
5a9471a7
5a96c818
5a9927f5
5a9b9164
5a9e048d
5aa08196
5aa308a7
5aa599e9
5aa83584
5aaadba3
5aad8c6f
5ab04815
5ab30ebf
5ab5e099
5ab8bdd2
5abba697
5abe9b17
5ac19b80
5ac4a803
5ac7c0d1
5acae61a
5ace1812
5ad156ec
5ad4a2db
5ad7fc14
5adb62ce
5aded73d
5ae2599a
5ae5ea1d
5ae988fe
5aed3678
5af0f2c6
5af4be23
5af898cb
5afc82fe
5b003e7c
5b02437d
5b0450a3
5b06660d
5b0883df
5b0aaa38
5b0cd93c
5b0f110d
5b1151d0
5b139ba8
5b15eeba
5b184b2a
5b1ab120
5b1d20c0
5b1f9a33
5b221d9f
5b24ab2d
5b274306
5b29e553
5b2c923f
5b2f49f4
5b320c9d
5b34da68
5b37b380
5b3a9813
5b3d8850
5b408465
5b438c83
5b46a0d9
5b49c19a
5b4ceef7
5b502923
5b537052
5b56c4b7
5b5a2689
5b5d95fe
5b61134c
5b649eab
5b683854
5b6be081
5b6f976c
5b735d50
5b77326a
5b7b16f8
5b7f0b37
5b8187b3
5b8391e4
5b85a44e
5b87bf12
5b89e251
5b8c0e30
5b8e42cf
5b908052
5b92c6dd
5b951695
5b976f9e
5b99d21f
5b9c3e3c
5b9eb41d
5ba133ea
5ba3bdca
5ba651e6
5ba8f067
5bab9977
5bae4d41
5bb10bf0
5bb3d5b0
5bb6aaad
5bb98b14
5bbc7715
5bbf6edd
5bc2729b
5bc58282
5bc89ec0
5bcbc788
5bcefd0d
5bd23f82
5bd58f1b
5bd8ec0d
5bdc568d
5bdfced3
5be35517
5be6e98f
5bea8c76
5bee3e06
5bf1fe7a
5bf5ce0e
5bf9acff
5bfd9b8b
5c00ccf8
5c02d438
5c04e3a5
5c06fb60
5c091b8b
5c0b4448
5c0d75b9
5c0fb002
5c11f345
5c143fa8
5c16954f
5c18f45f
5c1b5cfe
5c1dcf54
5c204b86
5c22d1bd
5c256222
5c27fcdc
5c2aa217
5c2d51fb
5c300cb5
5c32d26f
5c35a357
5c387f99
5c3b6763
5c3e5ae4
5c415a4a
5c4465c6
5c477d89
5c4aa1c3
5c4dd2a8
5c51106a
5c545b3d
5c57b355
5c5b18e9
5c5e8c2f
5c620d5d
5c659cad
5c693a56
5c6ce693
5c70a19e
5c746bb4
5c784510
5c7c2df1
5c80134a
5c82179e
5c842412
5c8638c9
5c8855e4
5c8a7b84
5c8ca9cb
5c8ee0de
5c9120de
5c9369f1
5c95bc3a
5c9817df
5c9a7d06
5c9cebd4
5c9f6471
5ca1e705
5ca473b7
5ca70ab0
5ca9ac1a
5cac581f
5caf0eea
5cb1d0a5
5cb49d7e
5cb775a0
5cba593a
5cbd4879
5cc0438d
5cc34aa6
5cc65df3
5cc97da6
5ccca9f1
5ccfe307
5cd3291a
5cd67c61
5cd9dd0f
5cdd4b5c
5ce0c77d
5ce451aa
5ce7ea1d
5ceb910e
5cef46b9
5cf30b58
5cf6df28
5cfac266
5cfeb550
5d015c13
5d036593
5d05774a
5d079159
5d09b3e1
5d0bdf03
5d0e12e4
5d104fa6
5d12956e
5d14e45e
5d173c9d
5d199e50
5d1c099c
5d1e7ea9
5d20fd9f
5d2386a4
5d2619e1
5d28b781
5d2b5fab
5d2e128c
5d30d04e
5d33991d
5d366d26
5d394c96
5d3c379a
5d3f2e62
5d42311d
5d453ffb
5d485b2e
5d4b82e6
5d4eb756
5d51f8b2
5d55472d
5d58a2fd
5d5c0c57
5d5f8372
5d630885
5d669bc9
5d6a3d76
5d6dedc8
5d71acf9
5d757b44
5d7958e7
5d7d4620
5d80a197
5d82a827
5d84b6e3
5d86cdea
5d88ed5d
5d8b1560
5d8d4614
5d8f7f9c
5d91c21d
5d940db9
5d966297
5d98c0db
5d9b28aa
5d9d9a2d
5da01589
5da29ae6
5da52a6e
5da7c448
5daa689e
5dad179b
5dafd169
5db29635
5db5662a
5db84175
5dbb2845
5dbe1ac7
5dc1192b
5dc423a0
5dc73a58
5dca5d84
5dcd8d55
5dd0c9ff
5dd413b6
5dd76aaf
5ddacf1e
5dde413a
5de1c13a
5de54f57
5de8ebc8
5dec96c8
5df05092
5df41961
5df7f171
5dfbd901
5dffd04e
5e01ebcc
5e03f790
5e060b94
5e0827f8
5e0a4cdf
5e0c7a6b
5e0eb0be
5e10effd
5e13384a
5e1589cb
5e17e4a5
5e1a48fd
5e1cb6fa
5e1f2ec2
5e21b07d
5e243c53
5e26d26d
5e2972f4
5e2c1e13
5e2ed3f3
5e3194c1
5e3460a8
5e3737d5
5e3a1a76
5e3d08b9
5e4002cc
5e4308df
5e461b23
5e4939c9
5e4c6502
5e4f9d02
5e52e1fb
5e563423
5e5993ae
5e5d00d3
5e607bc7
5e6404c4
5e679c00
5e6b41b7
5e6ef622
5e72b97c
5e768c02
5e7a6df1
5e7e5f86
5e813081
5e833952
5e854a56
5e8763b0
5e89857f
5e8bafe7
5e8de30a
5e901f0b
5e92640e
5e94b238
5e9709ad
5e996a92
5e9bd50e
5e9e4947
5ea0c765
5ea34f90
5ea5e1ef
5ea87ead
5eab25f3
5eadd7eb
5eb094c1
5eb35ca0
5eb62fb5
5eb90e2d
5ebbf836
5ebeedfe
5ec1efb5
5ec4fd8c
5ec817b2
5ecb3e5a
5ece71b6
5ed1b1f9
5ed4ff57
5ed85a05
5edbc239
5edf3829
5ee2bc0d
5ee64e1d
5ee9ee91
5eed9da5
5ef15b92
5ef52896
5ef904eb
5efcf0d2
5f007644
5f027c26
5f048a30
5f06a082
5f08bf3f
5f0ae688
5f0d167f
5f0f4f47
5f119105
5f13dbdc
5f162ff0
5f188d68
5f1af468
5f1d6518
5f1fdf9e
5f226422
5f24f2cc
5f278bc6
5f2a2f39
5f2cdd4e
5f2f9631
5f325a0e
5f352911
5f380366
5f3ae93b
5f3ddabf
5f40d821
5f43e190
5f46f73e
5f4a195b
5f4d481a
5f5083ad
5f53cc48
5f572221
5f5a856b
5f5df65e
5f617531
5f65021b
5f689d55
5f6c4719
5f6fffa1
5f73c72a
5f779def
5f7b842e
5f7f7a25
5f81c00a
5f83cb1e
5f85de6e
5f87fa1c
5f8a1e4a
5f8c4b1a
5f8e80af
5f90bf2b
5f9306b4
5f95576d
5f97b17c
5f9a1506
5f9c8231
5f9ef924
5fa17a07
5fa40502
5fa69a3d
5fa939e2
5fabe41a
5fae9911
5fb158f1
5fb423e7
5fb6fa20
5fb9dbc8
5fbcc90d
5fbfc220
5fc2c72e
5fc5d869
5fc8f602
5fcc202a
5fcf5714
5fd29af4
5fd5ebfe
5fd94a66
5fdcb663
5fe0302b
5fe3b7f7
5fe74dfe
5feaf27a
5feea5a5
5ff267bb
5ff638f8
5ffa1997
5ffe09d9
600104fe
60030d1f
60051d72
60073616
6009572e
600b80db
600db340
600fee81
601232c0
60148023
6016d6cd
601936e6
601ba091
601e13f7
6020913e
6023188f
6025aa10
602845ed
602aec4e
602d9d5e
60305947
60332036
6035f258
6038cfd8
603bb8e6
603eadaf
6041ae63
6044bb32
6047d44d
604af9e6
604e2c2d
60516b58
6054b79a
60581127
605b7835
605eecfb
60626faf
6066008b
60699fc7
606d4d9d
60710a47
6074d603
6078b10c
607c9ba0
60804aff
60825033
60845d8b
6086732a
60889130
608ab7bf
608ce6f9
608f1f02
60915ffd
6093aa0f
6095fd5a
60985a06
609ac037
609d3014
609fa9c5
60a22d70
60a4bb3e
60a75358
60a9f5e7
60aca315
60af5b0e
60b21dfc
60b4ec0c
60b7c56b
60baaa47
60bd9acd
60c0972d
60c39f97
60c6b43a
60c9d549
60cd02f5
60d03d72
60d384f2
60d6d9ab
60da3bd1
60ddab9c
60e12941
60e4b4f9
60e84efc
60ebf784
60efaecb
60f3750e
60f74a88
60fb2f77
60ff2419
61019456
61039eba
6105b157
6107cc50
6109efc5
610c1bd9
610e50b0
61108e6b
6112d52f
61152520
61177e64
6119e120
611c4d7a
611ec399
612143a4
6123cdc4
61266220
612900e3
612baa35
612e5e42
61311d36
6133e73b
6136bc7f
61399d2e
613c8978
613f818a
61428594
614595c6
6148b252
614bdb6a
614f113f
61525405
6155a3f0
61590136
615c6c0c
615fe4a9
61636b44
61670016
616aa358
616e5544
61721616
6175e609
6179c55b
617db449
6180d989
6182e0fb
6184f09c
6187088b
618928eb
618b51de
618d8386
618fbe06
61920182
61944e1e
6196a400
6199034b
619b6c27
619ddeb9
61a05b2a
61a2e1a0
61a57244
61a80d40
61aab2bc
61ad62e4
61b01de2
61b2e3e2
61b5b510
61b89199
61bb79ac
61be6d76
61c16d27
61c478ef
61c790ff
61cab588
61cde6bc
61d124cf
61d46ff4
61d7c860
61db2e49
61dea1e5
61e2236b
61e5b313
61e95117
61ecfdaf
61f0b918
61f4838c
61f85d49
61fc468b
62001fc9
6202244f
620430f6
620645e1
62086331
620a8906
620cb784
620eeece
62112f07
62137852
6215cad6
621826b5
621a8c18
621cfb23
621f73fe
6221f6d0
622483c2
62271afc
6229bca8
622c68ef
622f1ffe
6231e1fe
6234af1c
62378786
623a6b68
623d5af1
6240564f
62435db3
6246714d
6249914e
624cbde8
624ff74f
62533db4
6256914e
6259f250
625d60f2
6260dd6a
626467f0
626800bd
626ba80a
626f5e11
6273230e
6276f73e
627adadd
627ece29
628168b2
62837265
62858450
62879e93
6289c150
628beca9
628e20c1
62905dbb
6292a3ba
6294f2e5
62974b5e
6299ad4c
629c18d5
629e8e20
62a10d53
62a39698
62a62a16
62a8c7f6
62ab7064
62ae2388
62b0e18e
62b3aaa3
62b67ef2
62b95eaa
62bc49f7
62bf4109
62c2440f
62c5533a
62c86eba
62cb96c0
62cecb81
62d20d2e
62d55bfb
62d8b81f
62dc21ce
62df9940
62e31eab
62e6b248
62ea5451
62ee04fe
62f1c48c
62f59337
62f9713b
62fd5ed5
6300ae23
6302b4e7
6304c3d5
6306db10
6308fab9
630b22f1
630d53dc
630f8d9c
6311d055
63141c2b
63167143
6318cfc2
631b37cd
631da98d
63202527
6322aac3
63253a8b
6327d4a6
632a793e
632d287e
632fe290
6332a7a1
633577dc
6338536f
633b3a87
633e2d53
63412c01
634436c3
63474dc8
634a7142
634da163
6350de5e
63542867
63577fb3
635ae477
635e56e9
6361d740
636565b6
63690281
636caddd
63706804
63743131
637809a2
637bf193
637fe943
6381f879
63840470
638618a8
63883541
638a5a5d
638c881f
638ebeaa
6390fe20
639346a7
63959862
6397f376
639a580a
639cc644
639f3e49
63a1c043
63a44c59
63a6e2b4
63a9837c
63ac2ede
63aee502
63b1a614
63b47241
63b749b5
63ba2c9e
63bd1b2a
63c01587
63c31be6
63c62e77
63c94d6a
63cc78f3
63cfb143
63d2f68e
63d64909
63d9a8e8
63dd1662
63e091ae
63e41b02
63e7b299
63eb58aa
63ef0d72
63f2d12a
63f6a40f
63fa865f
63fe7857
64013d1b
6403461f
64055757
640770e5
640992ea
640bbd88
640df0e2
64102d1b
64127257
6414c0ba
64171869
64197989
641be442
641e58b9
6420d715
64235f7f
6425f21e
64288f1d
642b36a5
642de8e1
6430a5fb
64336e1f
6436417b
6439203a
643c0a8c
643f009e
644202a1
644510c4
64482b37
644b522e
644e85da
6451c66e
6455141f
64586f21
645bd7aa
645f4df0
6462d22c
64666495
646a0564
646db4d3
6471731e
64754080
64791d37
647d097f
648082cc
648288e0
6484971e
6486ada4
6488cc96
648af415
648d2442
648f5d42
64919f38
6493ea48
64963e97
64989c4a
649b0386
649d7473
649fef37
64a273fa
64a502e4
64a79c1f
64aa3fd3
64acee2b
64afa753
64b26b75
64b53abd
64b8155a
64bafb77
64bded45
64c0eaf1
64c3f4ac
64c70aa7
64ca2d12
64cd5c20
64d09804
64d3e0f2
64d7371e
64da9abd
64de0c06
64e18b2f
64e51872
64e8b406
64ec5e26
64f0170b
64f3def2
64f7b617
64fb9cb7
64ff9312
6501ccb3
6503d7f9
6505eb7d
65080760
650a2bc4
650c58ca
650e8e96
6510cd4a
6513150c
651565ff
6517c049
651a240e
651c9176
651f08a7
652189c8
65241502
6526aa7e
65294a64
652bf4df
652eaa1a
65316a3f
6534357a
65370bf9
6539ede9
653cdb78
653fd4d5
6542da2f
6545ebb7
6549099d
654c3414
654f6b4f
6552af80
655600dc
65595f99
655ccbeb
6560460a
6563ce2e
6567648f
656b0966
656ebcee
65727f61
657650fd
657a31fe
657e22a2
65811194
658319e8
65852a6e
65874347
65896494
658b8e77
658dc113
658ffc8b
65924103
65948ea0
6596e585
659945d8
659bafc0
659e2363
65a0a0e8
65a32878
65a5ba3a
65a85657
65aafcfb
65adae4e
65b06a7b
65b331b0
65b60418
65b8e1e0
65bbcb36
65bec049
65c1c149
65c4ce64
65c7e7cc
65cb0db3
65ce404b
65d17fc6
65d4cc5a
65d8263b
65db8d9e
65df02ba
65e285c6
65e616fb
65e9b691
65ed64c3
65f121cb
65f4ede6
65f8c94f
65fcb445
66005783
66025ce9
66046a75
66068048
66089e83
660ac547
660cf4b8
660f2cf9
66116e2c
6613b876
66160bfc
661868e3
661acf50
661d3f6a
661fb958
66223d42
6624cb50
662763ab
662a067b
662cb3ed
662f6c29
66322f5c
6634fdb3
6637d759
663abc7d
663dad4d
6640a9f7
6643b2ac
6646c79d
6649e8fa
664d16f5
665051c3
66539995
6656eea1
665a511c
665dc13c
66613f38
6664cb48
666865a6
666c0e89
666fc62d
66738cce
667762a8
667b47f8
667f3cfd
6681a0fb
6683ab91
6685be62
6687d98f
6689fd3a
668c2985
668e5e92
66909c85
6692e382
669533ad
66978d2c
6699f023
669c5cba
669ed316
66a15360
66a3ddbf
66a6725b
66a9115f
66abbaf4
66ae6f45
66b12e7d
66b3f8c8
66b6ce52
66b9af4a
66bc9bdc
66bf9438
66c2988e
66c5a90d
66c8c5e7
66cbef4d
66cf2572
66d2688a
66d5b8c8
66d91662
66dc818d
66dffa81
66e38174
66e7169f
66eaba3c
66ee6c85
66f22db4
66f5fe06
66f9ddb9
66fdcd09
6700e61b
6702edc0
6704fd94
670715b8
6709364d
670b5f76
670d9154
670fcc0c
67120fc1
67145c96
6716b2b2
67191238
671b7b50
671dee20
67206ace
6722f184
67258268
67281da5
672ac363
672d73ce
67302f10
6732f555
6735c6ca
6738a39b
673b8bf6
673e800a
67418006
67448c1a
6747a477
674ac94f
674dfad3
67513936
675484ae
6757dd6e
675b43ab
675eb79d
6762397b
6765c97c
676967da
676d14ce
6770d094
67749b67
67787584
677c5f28
67802c49
67823101
67843ddc
678652fb
6788707f
678a968a
678cc53f
678efcc0
67913d31
679386b5
6795d973
6798358d
679a9b2c
679d0a74
679f838c
67a2069d
67a493cf
67a72b4a
67a9cd37
67ac79c1
67af3113
67b1f359
67b4c0bd
67b7996e
67ba7d98
67bd6d6a
67c06913
67c370c2
67c684a9
67c9a4f8
67ccd1e2
67d00b98
67d35250
67d6a63d
67da0794
67dd768b
67e0f35a
67e47e39
67e8175f
67ebbf07
67ef756b
67f33ac7
67f70f56
67faf356
67fee705
68017552
68037f38
68059156
6807abce
6809cec0
680bfa4f
680e2e9e
68106bd0
6812b209
6815016d
68175a21
6819bc4a
681c2810
681e9d98
68211d0a
6823a68d
68263a4c
6828d86e
682b811d
682e3485
6830f2d0
6833bc2a
683690c0
683970bf
683c5c56
683f53b2
68425703
6845667a
68488247
684baa9d
684edfad
685221ac
685570cc
6858cd44
685c3748
685faf10
686334d3
6866c8ca
686a6b2d
686e1c37
6871dc22
6875ab2c
68798990
687d778d
6880bab1
6882c1a7
6884d0c9
6886e838
68890816
688b3084
688d61a6
688f9b9d
6891de8f
68942a9e
68967ff0
6898deaa
689b46f2
689db8ef
68a034c7
68a2baa2
68a54aa9
68a7e505
68aa89df
68ad3962
68aff3b9
68b2b90f
68b58990
68b8656a
68bb4ccb
68be3fe0
68c13eda
68c449e7
68c76139
68ca8502
68cdb572
68d0f2be
68d43d1a
68d794b9
68daf9d1
68de6c9a
68e1ed49
68e57c17
68e9193d
68ecc4f4
68f07f78
68f44904
68f821d4
68fc0a27
6900011d
69020527
69041151
690625bd
6908428a
690a67dc
690c95d5
690ecc97
69110c46
69135505
6915a6fa
69180249
691a6719
691cd58f
691f4dd2
6921d00b
69245c60
6926f2fc
69299406
692c3faa
692ef612
6931b769
693483dc
69375b97
693a3ec8
693d2d9d
69402844
69432eef
694641cc
6949610e
694c8ce5
694fc586
69530b23
69565df1
6959be24
695d2bf4
6960a796
69643143
6967c933
696b6fa0
696f24c4
6972e8da
6976bc1f
697a9ed0
697e912a
698149b7
698352ee
6985645a
69877e1c
6989a056
698bcb2a
698dfebb
69903b2b
699280a0
6994cf3d
69972726
69998882
699bf377
699e682b
69a0e6c6
69a36f6f
69a6024f
69a89f8f
69ab4759
69adf9d8
69b0b737
69b37fa1
69b65343
69b9324a
69bc1ce4
69bf1341
69c2158e
69c523fd
69c83ebf
69cb6604
69ce9a00
69d1dae5
69d528e8
69d8843e
69dbed1c
69df63b9
69e2e84d
69e67b0f
69ea1c38
69edcc04
69f18aac
69f5586d
69f93584
69fd222e
6a008f55
6a02959d
6a04a40d
6a06bac8
6a08d9ef
6a0b01a3
6a0d3207
6a0f6b3f
6a11ad6d
6a13f8b6
6a164d3f
6a18ab2d
6a1b12a5
6a1d83cf
6a1ffed1
6a2283d3
6a2512fd
6a27ac79
6a2a506f
6a2cff0a
6a2fb876
6a327cdd
6a354c6b
6a38274f
6a3b0db5
6a3dffcc
6a40fdc3
6a4407ca
6a471e12
6a4a40cc
6a4d7029
6a50ac5e
6a53f59e
6a574c1d
6a5ab010
6a5e21af
6a61a130
6a652ecc
6a68caba
6a6c7535
6a702e77
6a73f6bd
6a77ce41
6a7bb543
6a7fac01
6a81d95c
6a83e4d6
6a85f88e
6a8814a6
6a8a393f
6a8c667b
6a8e9c7e
6a90db6b
6a932365
6a957492
6a97cf16
6a9a3318
6a9ca0bc
6a9f182b
6aa1998b
6aa42504
6aa6bac0
6aa95ae8
6aac05a6
6aaebb24
6ab17b8e
6ab4470f
6ab71dd5
6aba000d
6abcede5
6abfe78c
6ac2ed31
6ac5ff06
6ac91d3a
6acc4800
6acf7f8b
6ad2c40e
6ad615bd
6ad974ce
6adce176
6ae05bec
6ae3e468
6ae77b22
6aeb2054
6aeed438
6af2970a
6af66905
6afa4a66
6afe3b6d
6b011e2b
6b0326b2
6b05376c
6b075079
6b0971fb
6b0b9c14
6b0dcee7
6b100a97
6b124f48
6b149d1e
6b16f43d
6b1954cc
6b1bbef0
6b1e32d1
6b20b094
6b233863
6b25ca65
6b2866c4
6b2b0da9
6b2dbf3f
6b307bb1
6b33432b
6b3615da
6b38f3e9
6b3bdd88
6b3ed2e5
6b41d430
6b44e197
6b47fb4d
6b4b2182
6b4e546a
6b519437
6b54e11d
6b583b51
6b5ba309
6b5f187c
6b629be0
6b662d6e
6b69cd5e
6b6d7bec
6b713952
6b7505cb
6b78e194
6b7cccec
6b806408
6b8269a1
6b847760
6b868d67
6b88abd7
6b8ad2d1
6b8d0279
6b8f3af1
6b917c5c
6b93c6e0
6b961aa0
6b9877c1
6b9ade6a
6b9d4ec1
6b9fc8ee
6ba24d16
6ba4db64
6ba773ff
6baa1712
6bacc4c6
6baf7d46
6bb240bf
6bb50f5b
6bb7e949
6bbaceb5
6bbdbfce
6bc0bcc3
6bc3c5c4
6bc6db01
6bc9fcad
6bcd2af8
6bd06615
6bd3ae3a
6bd70399
6bda6668
6bddd6de
6be15532
6be4e19b
6be87c52
6bec2590
6befdd92
6bf3a491
6bf77acb
6bfb607c
6bff55e3
6c01ada0
6c03b86a
6c05cb6e
6c07e6d0
6c0a0ab0
6c0c3731
6c0e6c76
6c10aaa1
6c12f1d7
6c15423c
6c179bf5
6c19ff28
6c1c6bfb
6c1ee295
6c21631d
6c23edbb
6c268298
6c2921de
6c2bcbb5
6c2e804a
6c313fc6
6c340a57
6c36e028
6c39c167
6c3cae43
6c3fa6e9
6c42ab8a
6c45bc56
6c48d97d
6c4c0332
6c4f39a8
6c527d11
6c55cda2
6c592b90
6c5c9710
6c60105b
6c6397a6
6c672d2b
6c6ad122
6c6e83c7
6c724555
6c761606
6c79f619
6c7de5cc
6c80f2ae
6c82fa86
6c850a8d
6c8722e6
6c8943b0
6c8b6d0f
6c8d9f24
6c8fda13
6c921e01
6c946b10
6c96c165
6c992127
6c9b8a7b
6c9dfd88
6ca07a75
6ca30169
6ca5928e
6ca82e0b
6caad40c
6cad84ba
6cb04040
6cb306cb
6cb5d886
6cb8b59e
6cbb9e42
6cbe92a0
6cc192e7
6cc49f47
6cc7b7f1
6ccadd17
6cce0eeb
6cd14da0
6cd49969
6cd7f27d
6cdb590f
6cdecd58
6ce24f8d
6ce5dfe7
6ce97e9f
6ced2bef
6cf0e812
6cf4b344
6cf88dc1
6cfc77c7
6d0038ca
6d023db4
6d044ac3
6d066015
6d087dce
6d0aa40f
6d0cd2fa
6d0f0ab3
6d114b5c
6d13951a
6d15e811
6d184467
6d1aaa41
6d1d19c6
6d1f931c
6d22166c
6d24a3dd
6d273b99
6d29ddc8
6d2c8a95
6d2f422b
6d3204b5
6d34d25f
6d37ab57
6d3a8fc9
6d3d7fe5
6d407bd8
6d4383d4
6d49b8a4
6d501fe4
6d56bb2d
6d5d8c26
6d649483
6d6bd607
6d735281
6d7b0bd1
6d8181f3
6d859e5e
6d89dc32
6d8e3c7d
6d92c058
6d9768e5
6d9c374c
6da12cc1
6da64a83
6dab91d8
6db10413
6db6a290
6dbc6eb6
6dc269f9
6dc895d7
6dcef3dc
6dd5859f
6ddc4cc4
6de34afe
6dea820c
6df1f3bb
6df9a1e9
6e00c740
6e04ddbe
6e091574
6e0d6f71
6e11ecca
6e168e9f
6e1b5618
6e204468
6e255ac9
6e2a9a83
6e3004e3
6e359b46
6e3b5f11
6e4151b4
6e4774ad
6e4dc984
6e5451ce
6e5b0f2e
6e620353
6e692ffa
6e7096ee
6e783a0a
6e800d9a
6e841e34
6e884fd6
6e8ca38c
6e911a6c
6e95b593
6e9a7629
6e9f5d5d
6ea46c69
6ea9a491
6eaf0723
6eb49578
6eba50f3
6ec03b04
6ec65524
6ecca0da
6ed31fba
6ed9d362
6ee0bd81
6ee7dfd0
6eef3c19
6ef6d431
6efeaa00
6f035fbe
6f078b54
6f0bd8cd
6f10493e
6f14ddc1
6f19977d
6f1e779f
6f237f61
6f28b002
6f2e0ad1
6f339124
6f39445b
6f3f25e5
6f453739
6f4b79dc
6f51ef5e
6f58995e
6f5f7985
6f66918b
6f6de337
6f75705d
6f7d3ae0
6f82a25a
6f86c7ed
6f8b0f33
6f8f793d
6f940726
6f98ba12
6f9d932d
6fa293ae
6fa7bcd4
6fad0feb
6fb28e46
6fb83946
6fbe1255
6fc41aea
6fca5487
6fd0c0ba
6fd7611e
6fde375b
6fe54527
6fec8c46
6ff40e8a
6ffbcdd2
7001e607
700605a0
700a46bb
700eaa68
701331c0
7017dde6
701cb004
7021a94f
7026cb05
702c166e
70318cde
70372fb2
703d0053
70430036
704930d9
704f93c9
70562aa0
705cf702
7063faa3
706b3744
7072aeb4
707a62d1
70812ac4
7085446b
70897f64
708ddcbd
70925d8e
709702f7
709bce22
70a0c041
70a5da91
70ab1e59
70b08ce9
70b6279d
70bbefdc
70c1e718
70c80ecf
70ce688b
70d4f5e1
70dbb877
70e2b1fb
70e9e42e
70f150da
70f8f9dc
7100708f
7104844d
7108b92c
710d103b
71118a8e
71162944
711aed86
711fd884
7124eb79
712a27aa
712f8e65
71352105
713ae0ee
7140cf90
7146ee68
714d3efc
7153c2e0
715a7bb7
71616b2d
71689300
716ff4f8
717792ef
717f6ecc
7183c543
7187f412
718c44df
7190b8be
719550cb
719a0e2e
719ef215
71a3fdb9
71a9325e
71ae9150
71b41be7
71b9d386
71bfb99c
71c5cfa0
71cc1719
71d2919a
71d940bf
71e02636
71e743b8
71ee9b0c
71f62e08
71fdfe91
7203074d
72073015
720b7aa9
720fe81c
7214798a
72193018
721e0cf2
72231150
72283e74
722d95a8
72331842
7238c7a3
723ea537
7244b276
724af0e2
7251620b
7258078e
725ee314
7265f654
726d4313
7274cb23
727c9068
72824a69
72866d31
728ab196
728f18a7
7293a380
72985342
729d2919
72a2263c
72a74be9
72ac9b6a
72b21613
72b7bd42
72bd9262
72c396e7
72c9cc52
72d03432
72d6d020
72dda1c3
72e4aad0
72ebed09
72f36a3e
72fb244f
73018e95
7305ab67
7309e9a5
730e4a5d
7312ceaa
731777aa
731c4689
73213c7b
73265abc
732ba295
73311558
7336b461
733c8118
73427cf0
7348a969
734f080c
73559a73
735c6242
7363612a
736a98ec
73720b56
7379ba43
7380d3d0
7384eab4
738922d4
738d7d3d
7391fb06
73969d4f
739b6540
73a0540a
73a56aeb
73aaab27
73b0160f
73b5acfe
73bb7158
73c16490
73c78822
73cddd97
73d46685
73db248d
73e21960
73e946ba
73f0ae67
73f85241
74001a18
74042b17
74085d22
740cb144
74112894
7415c42e
741a853b
741f6ce9
74247c74
7429b51e
742f1837
7434a716
743a6320
74404dc4
7446687d
744cb4d1
74533452
7459e8a3
7460d36e
7467f66f
746f536f
7476ec46
747ec2d8
74836c8f
7487988d
748be672
74905751
7494ec47
7499a679
749e8715
74a38f54
74a8c077
74ae1bcc
74b3a2a8
74b9566e
74bf388b
74c54a76
74cb8db6
74d203d9
74d8ae7f
74df8f52
74e6a809
74edfa6c
74f5884f
74fd5395
7502af18
7506d513
750b1cc4
750f873c
75141597
7518c8f8
751da28c
7522a38a
7527cd31
752d20cd
75329fb2
75384b3f
753e24e0
75442e0c
754a6844
7550d517
75577621
755e4d09
75655b85
756ca35a
75742659
757be662
7581f2b3
758612b3
758a5438
758eb853
7593401c
7597ecb7
759cbf4d
75a1b914
75a6db4a
75ac2738
75b19e30
75b74191
75bd12c4
75c3133c
75c94479
75cfa809
75d63f85
75dd0c91
75e410e1
75eb4e37
75f2c661
75fa7b3f
7601375e
7605516b
76098cce
760dea94
76126bd6
761711b3
761bdd55
7620cff0
7625eac0
762b2f0b
76309e22
76363963
763c0232
7641fa03
76482254
764e7cae
76550aa8
765bcde6
7662c819
7669faff
76716865
76791226
76807d17
7684913a
7688c683
768d1dfe
769198c1
769637eb
769afca3
769fe81c
76a4fb90
76aa3843
76af9f86
76b532b1
76baf329
76c0e260
76c701d0
76cd5302
76d3d789
76da9107
76e1812b
76e8a9b0
76f00c61
76f7ab17
76ff87b8
7703d21e
77080156
770c528e
7710c6dc
77155f5d
771a1d36
771f0197
77240db9
772942e0
772ea258
77342d79
7739e5a7
773fcc50
7745e2ec
774c2b03
7752a625
775955f1
77603c15
77675a48
776eb253
7776460c
777e1758
77831416
77873d45
778b8844
778ff626
77948806
77993f0a
779e1c5d
77a32139
77a84ede
77ada697
77b329bb
77b8d9aa
77beb7d1
77c4c5a6
77cb04ae
77d17678
77d81ca1
77def8d3
77e60cc3
77ed5a38
77f4e305
77fca90c
7802571f
78067a4f
780abf1e
780f269d
7813b1e7
7818621e
781d386e
7822360e
78275c3b
782cac41
78322773
7837cf2f
783da4e0
7843a9fb
7849e002
78504882
7856e515
785db763
7864c11f
786c040d
787381fd
787b3ccf
78819b39
7885b872
7889f719
788e583f
7892dcfc
78978671
789c55c8
78a14c36
78a66af7
78abb354
78b1269f
78b6c634
78bc937c
78c28fe9
78c8bcfc
78cf1c3f
78d5af4a
78dc77c2
78e37759
78eaafcf
78f222f3
78f9d2a0
7900e062
7904f7ac
79093035
790d8b0b
79120944
7916ac00
791b7469
792063af
79257b0e
792abbce
7930273d
7935beb7
793b83a2
7941776e
79479b9a
794df1ad
79547b3e
795b39ee
79622f6f
79695d7c
7970c5e2
79786a7b
79802698
798437fc
79886a70
798cbefe
799136bd
7995d2cb
799a944e
799f7c77
79a48c80
79a9c5ac
79af294c
79b4b8b6
79ba754f
79c06087
79c67bd8
79ccc8c9
79d348ed
79d9fde5
79e0e95d
79e80d11
79ef6ac9
79f7045d
79fedbb3
7a037961
7a07a5c7
7a0bf418
7a106566
7a14face
7a19b576
7a1e968c
7a239f49
7a28d0ee
7a2e2cc8
7a33b42f
7a396883
7a3f4b32
7a455db6
7a4ba191
7a521856
7a58c3a3
7a5fa521
7a66be8a
7a6e11a4
7a75a043
7a7d6c4c
7a82bbd8
7a86e23a
7a8b2a56
7a8f953d
7a942409
7a98d7e0
7a9db1ed
7aa2b368
7aa7dd90
7aad31b1
7ab2b11f
7ab85d3a
7abe376d
7ac44130
7aca7c03
7ad0e977
7ad78b26
7ade62b9
7ae571e6
7aecba70
7af43e2a
7afbfef6
7b01ff61
7b061fc8
7b0a61b7
7b0ec63f
7b134e7a
7b17fb89
7b1cce98
7b21c8db
7b26eb91
7b2c3803
7b31af84
7b375372
7b3d2536
7b432644
7b49581c
7b4fbc4c
7b56546b
7b5d2221
7b642721
7b6b652b
7b72de11
7b7a93ae
7b8143f9
7b855e6d
7b899a39
7b8df86c
7b927a1e
7b972070
7b9bec8a
7ba0dfa0
7ba5faef
7bab3fbe
7bb0af5d
7bb64b2a
7bbc148a
7bc20cf0
7bc835da
7bce90d3
7bd51f71
7bdbe358
7be2de39
7bea11d3
7bf17ff2
7bf92a73
7c0089a0
7c049e29
7c08d3db
7c0d2bc2
7c11a6f5
7c164692
7c1b0bc2
7c1ff7b6
7c250ba8
7c2a48de
7c2fb0a8
7c35445e
7c3b0566
7c40f531
7c47153a
7c4d670a
7c53ec34
7c5aa65a
7c61972b
7c68c063
7c7023cc
7c77c340
7c7fa0a6
7c83defa
7c880e9a
7c8c603f
7c90d4fc
7c956def
7c9a2c3e
7c9f111a
7ca41dba
7ca95363
7caeb361
7cb43f0d
7cb9f7ca
7cbfdf06
7cc5f63b
7ccc3eee
7cd2bab2
7cd96b25
7ce051f5
7ce770da
7ceec99d
7cf65e13
7cfe3022
7d0320df
7d074a76
7d0b95e1
7d100432
7d149684
7d194dfd
7d1e2bca
7d233123
7d285f49
7d2db788
7d333b35
7d38ebb3
7d3eca6c
7d44d8d9
7d4b187d
7d518ae8
7d5831b7
7d5f0e93
7d662335
7d6d7160
7d74fae9
7d7cc1b2
7d8263d6
7d86876d
7d8acca7
7d8f3494
7d93c050
7d9870fc
7d9d47c5
7da245e1
7da76c8f
7dacbd19
7db238d4
7db7e11e
7dbdb760
7dc3bd12
7dc9f3b4
7dd05cd4
7dd6fa0c
7dddcd04
7de4d770
7dec1b14
7df399bf
7dfb5552
7e01a7de
7e05c57d
7e0a048f
7e0e6622
7e12eb50
7e179539
7e1c6509
7e215bf2
7e267b33
7e2bc414
7e3137e7
7e36d809
7e3ca5e1
7e42a2e5
7e48d092
7e4f3074
7e55c423
7e5c8d44
7e638d8a
7e6ac6b5
7e723a92
7e79eaff
7e80ecf4
7e8504a5
7e893d97
7e8d98da
7e921783
7e96bab3
7e9b8393
7ea07354
7ea58b33
7eaacc76
7eb0386c
7eb5d072
7ebb95ed
7ec18a4e
7ec7af13
7ece05c4
7ed48ff8
7edb4f52
7ee24580
7ee97440
7ef0dd5f
7ef882b7
7f003318
7f0444e2
7f0877bf
7f0cccb9
7f1144e8
7f15e169
7f1aa362
7f1f8c06
7f249c8d
7f29d63c
7f2f3a62
7f34ca57
7f3a8780
7f40734c
7f468f35
7f4cdcc4
7f535d8a
7f5a1329
7f60ff4e
7f6823b4
7f6f8224
7f771c76
7f7ef490
7f800000
7f800000
7f800000
7f800000
7f800000
7f800000
7f800000
7f800000
7f800000
7f800000
7f800000
7f800000
7f800000
7f800000
7f800000
7f800000
7f800000
7f800000
7f800000
7f800000
7f800000
7f800000
7f800000
7f800000
7f800000
7f800000
7f800000
7f800000
7f800000
7f800000
7f800000
7f800000
7f800000
7f800000
7f800000
7f800000
7f800000
7f800000
7f800000
7f800000
7f800000
7f800000
7f800000
7f800000
7f800000
7f800000
7f800000
7f800000
7f800000
7f800000
7f800000
7f800000
7f800000
7f800000
7f800000
7f800000
7f800000
7f800000
7f800000
7f800000
7f800000
7f800000
7f800000
7f800000
7f800000
7f800000
7f800000
7f800000
7f800000
7f800000
7f800000
7f800000
7f800000
7f800000
7f800000
7f800000
7f800000
7f800000
7f800000
7f800000
7f800000
7f800000
7f800000
7f800000
7f800000
7f800000
7f800000
7f800000
7f800000
7f800000
7f800000
7f800000
7f800000
7f800000
7f800000
7f800000
7f800000
7f800000
7f800000
7f800000
7f800000
7f800000
7f800000
7f800000
7f800000
7f800000
7f800000
7f800000
7f800000
7f800000
7f800000
7f800000
7f800000
7f800000
7f800000
7f800000
7f800000
7f800000
7f800000
7f800000
7f800000
7f800000
7f800000
7f800000
7f800000
7f800000
7f800000
7f800000
7f800000
7f800000
7f800000
7f800000
7f800000
7f800000
7f800000
7f800000
7f800000
7f800000
7f800000
7f800000
7f800000
7f800000
7f800000
7f800000
7f800000
7f800000
7f800000
7f800000
7f800000
7f800000
7f800000
7f800000
7f800000
7f800000
7f800000
7f800000
7f800000
7f800000
7f800000
7f800000
7f800000
7f800000
7f800000
7f800000
7f800000
7f800000
7f800000
7f800000
7f800000
7f800000
7f800000
7f800000
7f800000
7f800000
7f800000
7f800000
7f800000
7f800000
7f800000
7f800000
7f800000
7f800000
7f800000
7f800000
7f800000
7f800000
7f800000
7f800000
7f800000
7f800000
7f800000
7f800000
7f800000
7f800000
7f800000
7f800000
7f800000
7f800000
7f800000
7f800000
7f800000
7f800000
7f800000
7f800000
7f800000
7f800000
7f800000
7f800000
7f800000
7f800000
7f800000
7f800000
7f800000
7f800000
7f800000
7f800000
7f800000
7f800000
7f800000
7f800000
7f800000
7f800000
7f800000
7f800000
7f800000
7f800000
7f800000
7f800000
7f800000
7f800000
7f800000
7f800000
7f800000
7f800000
7f800000
7f800000
7f800000
7f800000
7f800000
7f800000
7f800000
7f800000
7f800000
7f800000
7f800000
7f800000
7f800000
7f800000
7f800000
7f800000
7f800000
7f800000
7f800000
7f800000
7f800000
7f800000
7f800000
7f800000
7f800000
7f800000
7f800000
7f800000
7f800000
7f800000
7f800000
7f800000
7f800000
7f800000
7f800000
7f800000
7f800000
7f800000
7f800000
7f800000
7f800000
7f800000
7f800000
7f800000
7f800000
7f800000
7f800000
7f800000
7f800000
7f800000
7f800000
7f800000
7f800000
7f800000
7f800000
7f800000
7f800000
7f800000
7f800000
7f800000
7f800000
7f800000
7f800000
7f800000
7f800000
7f800000
7f800000
7f800000
7f800000
7f800000
7f800000
7f800000
7f800000
7f800000
7f800000
7f800000
7f800000
7f800000
7f800000
7f800000
7f800000
7f800000
7f800000
7f800000
7f800000
7f800000
7f800000
7f800000
7f800000
7f800000
7f800000
7f800000
7f800000
7f800000
7f800000
7f800000
7f800000
7f800000
7f800000
7f800000
7f800000
7f800000
7f800000
7f800000
7f800000
7f800000
7f800000
7f800000
7f800000
7f800000
7f800000
7f800000
7f800000
7f800000
7f800000
7f800000
7f800000
7f800000
7f800000
7f800000
7f800000
7f800000
7f800000
7f800000
7f800000
7f800000
7f800000
7f800000
7f800000
7f800000
7f800000
7f800000
7f800000
7f800000
7f800000
7f800000
7f800000
7f800000
7f800000
7f800000
7f800000
7f800000
7f800000
7f800000
7f800000
7f800000
7f800000
7f800000
7f800000
7f800000
7f800000
7f800000
7f800000
7f800000
7f800000
7f800000
7f800000
7f800000
7f800000
7f800000
7f800000
7f800000
7f800000
7f800000
7f800000
7f800000
7f800000
7f800000
7f800000
7f800000
7f800000
7f800000
7f800000
7f800000
7f800000
7f800000
7f800000
7f800000
7f800000
7f800000
7f800000
7f800000
7f800000
7f800000
7f800000
7f800000
7f800000
7f800000
7f800000
7f800000
7f800000
7f800000
7f800000
7f800000
7f800000
7f800000
7f800000
7f800000
7f800000
7f800000
7f800000
7f800000
7f800000
7f800000
7f800000
7f800000
7f800000
7f800000
7f800000
7f800000
7f800000
7f800000
7f800000
7f800000
7f800000
7f800000
7f800000
7f800000
7f800000
7f800000
7f800000
7f800000
7f800000
7f800000
7f800000
7f800000
7f800000
7f800000
7f800000
7f800000
7f800000
7f800000
7f800000
7f800000
7f800000
7f800000
7f800000
7f800000
7f800000
7f800000
7f800000
7f800000
7f800000
7f800000
7f800000
7f800000
7f800000
7f800000
7f800000
7f800000
7f800000
7f800000
7f800000
7f800000
7f800000
7f800000
7f800000
7f800000
7f800000
7f800000
7f800000
7f800000
7f800000
7f800000
7f800000
7f800000
7f800000
7f800000
7f800000
7f800000
7f800000
7f800000
7f800000
7f800000
7f800000
7f800000
7f800000
7f800000
7f800000
7f800000
7f800000
7f800000
7f800000
7f800000
7f800000
7f800000
7f800000
7f800000
7f800000
7f800000
7f800000
7f800000
7f800000
7f800000
7f800000
7f800000
7f800000
7f800000
7f800000
7f800000
7f800000
7f800000
7f800000
7f800000
7f800000
7f800000
7f800000
7f800000
7f800000
7f800000
7f800000
7f800000
7f800000
7f800000
7f800000
7f800000
7f800000
7f800000
7f800000
7f800000
7f800000
7f800000
7f800000
7f800000
7f800000
7f800000
7f800000
7f800000
7f800000
7f800000
7f800000
7f800000
7f800000
7f800000
7f800000
7f800000
7f800000
7f800000
7f800000
7f800000
7f800000
7f800000
7f800000
7f800000
7f800000
7f800000
7f800000
7f800000
7f800000
7f800000
7f800000
7f800000
7f800000
7f800000
7f800000
7f800000
7f800000
7f800000
7f800000
7f800000
7f800000
7f800000
7f800000
7f800000
7f800000
7f800000
7f800000
7f800000
7f800000
7f800000
7f800000
7f800000
7f800000
7f800000
7f800000
7f800000
7f800000
7f800000
7f800000
7f800000
7f800000
7f800000
7f800000
7f800000
7f800000
7f800000
7f800000
7f800000
7f800000
7f800000
7f800000
7f800000
7f800000
7f800000
7f800000
7f800000
7f800000
7f800000
7f800000
7f800000
7f800000
7f800000
7f800000
7f800000
7f800000
7f800000
7f800000
7f800000
7f800000
7f800000
7f800000
7f800000
7f800000
7f800000
7f800000
7f800000
7f800000
7f800000
7f800000
7f800000
7f800000
7f800000
7f800000
7f800000
7f800000
7f800000
7f800000
7f800000
7f800000
7f800000
7f800000
7f800000
7f800000
7f800000
7f800000
7f800000
7f800000
7f800000
7f800000
7f800000
7f800000
7f800000
7f800000
7f800000
7f800000
7f800000
7f800000
7f800000
7f800000
7f800000
7f800000
7f800000
7f800000
7f800000
7f800000
7f800000
7f800000
7f800000
7f800000
7f800000
7f800000
7f800000
7f800000
7f800000
7f800000
7f800000
7f800000
7f800000
7f800000
7f800000
7f800000
7f800000
7f800000
7f800000
7f800000
7f800000
7f800000
7f800000
7f800000
7f800000
7f800000
7f800000
7f800000
7f800000
7f800000
7f800000
7f800000
7f800000
7f800000
7f800000
7f800000
7f800000
7f800000
7f800000
7f800000
7f800000
7f800000
7f800000
7f800000
7f800000
7f800000
7f800000
7f800000
7f800000
7f800000
7f800000
7f800000
7f800000
7f800000
7f800000
7f800000
7f800000
7f800000
7f800000
7f800000
7f800000
7f800000
7f800000
7f800000
7f800000
7f800000
7f800000
7f800000
7f800000
7f800000
7f800000
7f800000
7f800000
7f800000
7f800000
7f800000
7f800000
7f800000
7f800000
7f800000
7f800000
7f800000
7f800000
7f800000
7f800000
7f800000
7f800000
7f800000
7f800000
7f800000
7f800000
7f800000
7f800000
7f800000
7f800000
7f800000
7f800000
7f800000
7f800000
7f800000
7f800000
7f800000
7f800000
7f800000
7f800000
7f800000
7f800000
7f800000
7f800000
7f800000
7f800000
7f800000
7f800000
7f800000
7f800000
7f800000
7f800000
7f800000
7f800000
7f800000
7f800000
7f800000
7f800000
7f800000
7f800000
7f800000
7f800000
7f800000
7f800000
7f800000
7f800000
7f800000
7f800000
7f800000
7f800000
7f800000
7f800000
7f800000
7f800000
7f800000
7f800000
7f800000
7f800000
7f800000
7f800000
7f800000
7f800000
7f800000
7f800000
7f800000
7f800000
7f800000
7f800000
7f800000
7f800000
7f800000
7f800000
7f800000
7f800000
7f800000
7f800000
7f800000
7f800000
7f800000
7f800000
7f800000
7f800000
7f800000
7f800000
7f800000
7f800000
7f800000
7f800000
7f800000
7f800000
7f800000
7f800000
7f800000
7f800000
7f800000
7f800000
7f800000
7f800000
7f800000
7f800000
7f800000
7f800000
7f800000
7f800000
7f800000
7f800000
7f800000
7f800000
7f800000
7f800000
7f800000
7f800000
7f800000
7f800000
7f800000
7f800000
7f800000
7f800000
7f800000
7f800000
7f800000
7f800000
7f800000
7f800000
7f800000
7f800000
7f800000
7f800000
7f800000
7f800000
7f800000
7f800000
7f800000
7f800000
7f800000
7f800000
7f800000
7f800000
7f800000
7f800000
7f800000
7f800000
7f800000
7f800000
7f800000
7f800000
7f800000
7f800000
7f800000
7f800000
7f800000
7f800000
7f800000
7f800000
7f800000
7f800000
7f800000
7f800000
7f800000
7f800000
7f800000
7f800000
7f800000
7f800000
7f800000
7f800000
7f800000
7f800000
7f800000
7f800000
7f800000
7f800000
7f800000
7f800000
7f800000
7f800000
7f800000
7f800000
7f800000
7f800000
7f800000
7f800000
7f800000
7f800000
7f800000
7f800000
7f800000
7f800000
7f800000
7f800000
7f800000
7f800000
7f800000
7f800000
7f800000
7f800000
7f800000
7f800000
7f800000
7f800000
7f800000
7f800000
7f800000
7f800000
7f800000
7f800000
7f800000
7f800000
7f800000
7f800000
7f800000
7f800000
7f800000
7f800000
7f800000
7f800000
7f800000
7f800000
7f800000
7f800000
7f800000
7f800000
7f800000
7f800000
7f800000
7f800000
7f800000
7f800000
7f800000
7f800000
7f800000
7f800000
7f800000
7f800000
7f800000
7f800000
7f800000
7f800000
7f800000
7f800000
7f800000
7f800000
7f800000
7f800000
7f800000
7f800000
7f800000
7f800000
7f800000
7f800000
7f800000
7f800000
7f800000
7f800000
7f800000
7f800000
7f800000
7f800000
7f800000
7f800000
7f800000
7f800000
7f800000
7f800000
7f800000
7f800000
7f800000
7f800000
7f800000
7f800000
7f800000
7f800000
7f800000
7f800000
7f800000
7f800000
7f800000
7f800000
7f800000
7f800000
7f800000
7f800000
7f800000
7f800000
7f800000
7f800000
7f800000
7f800000
7f800000
7f800000
7f800000
7f800000
7f800000
7f800000
7f800000
7f800000
7f800000
7f800000
7f800000
7f800000
7f800000
7f800000
7f800000
7f800000
7f800000
7f800000
7f800000
7f800000
7f800000
7f800000
7f800000
7f800000
7f800000
7f800000
7f800000
7f800000
7f800000
7f800000
7f800000
7f800000
7f800000
7f800000
7f800000
7f800000
7f800000
7f800000
7f800000
7f800000
7f800000
7f800000
7f800000
7f800000
7f800000
7f800000
7f800000
7f800000
7f800000
7f800000
7f800000
7f800000
7f800000
7f800000
7f800000
7f800000
7f800000
7f800000
7f800000
7f800000
7f800000
7f800000
7f800000
7f800000
7f800000
7f800000
7f800000
7f800000
7f800000
7f800000
7f800000
7f800000
7f800000
7f800000
7f800000
7f800000
7f800000
7f800000
7f800000
7f800000
7f800000
7f800000
7f800000
7f800000
7f800000
7f800000
7f800000
7f800000
7f800000
7f800000
7f800000
7f800000
7f800000
7f800000
7f800000
7f800000
7f800000
7f800000
7f800000
7f800000
7f800000
7f800000
7f800000
7f800000
7f800000
7f800000
7f800000
7f800000
7f800000
7f800000
7f800000
7f800000
7f800000
7f800000
7f800000
7f800000
7f800000
7f800000
7f800000
7f800000
7f800000
7f800000
7f800000
7f800000
7f800000
7f800000
7f800000
7f800000
7f800000
7f800000
7f800000
7f800000
7f800000
7f800000
7f800000
7f800000
7f800000
7f800000
7f800000
7f800000
7f800000
7f800000
7f800000
7f800000
7f800000
7f800000
7f800000
7f800000
7f800000
7f800000
7f800000
7f800000
7f800000
7f800000
7f800000
7f800000
7f800000
7f800000
7f800000
7f800000
7f800000
7f800000
7f800000
7f800000
7f800000
7f800000
7f800000
7f800000
7f800000
7f800000
7f800000
7f800000
7f800000
7f800000
7f800000
7f800000
7f800000
7f800000
7fc00000
ff800000
ff800000
ff800000
ff800000
ff800000
ff800000
ff800000
ff800000
ff800000
ff800000
ff800000
ff800000
ff800000
ff800000
ff800000
ff800000
ff800000
ff800000
ff800000
ff800000
ff800000
ff800000
ff800000
ff800000
ff800000
ff800000
ff800000
ff800000
ff800000
ff800000
ff800000
ff800000
ff800000
ff800000
ff800000
ff800000
ff800000
ff800000
ff800000
ff800000
ff800000
ff800000
ff800000
ff800000
ff800000
ff800000
ff800000
ff800000
ff800000
ff800000
ff800000
ff800000
ff800000
ff800000
ff800000
ff800000
ff800000
ff800000
ff800000
ff800000
ff800000
ff800000
ff800000
ff800000
ff800000
ff800000
ff800000
ff800000
ff800000
ff800000
ff800000
ff800000
ff800000
ff800000
ff800000
ff800000
ff800000
ff800000
ff800000
ff800000
ff800000
ff800000
ff800000
ff800000
ff800000
ff800000
ff800000
ff800000
ff800000
ff800000
ff800000
ff800000
ff800000
ff800000
ff800000
ff800000
ff800000
ff800000
ff800000
ff800000
ff800000
ff800000
ff800000
ff800000
ff800000
ff800000
ff800000
ff800000
ff800000
ff800000
ff800000
ff800000
ff800000
ff800000
ff800000
ff800000
ff800000
ff800000
ff800000
ff800000
ff800000
ff800000
ff800000
ff800000
ff800000
ff800000
ff800000
ff800000
ff800000
ff800000
ff800000
ff800000
ff800000
ff800000
ff800000
ff800000
ff800000
ff800000
ff800000
ff800000
ff800000
ff800000
ff800000
ff800000
ff800000
ff800000
ff800000
ff800000
ff800000
ff800000
ff800000
ff800000
ff800000
ff800000
ff800000
ff800000
ff800000
ff800000
ff800000
ff800000
ff800000
ff800000
ff800000
ff800000
ff800000
ff800000
ff800000
ff800000
ff800000
ff800000
ff800000
ff800000
ff800000
ff800000
ff800000
ff800000
ff800000
ff800000
ff800000
ff800000
ff800000
ff800000
ff800000
ff800000
ff800000
ff800000
ff800000
ff800000
ff800000
ff800000
ff800000
ff800000
ff800000
ff800000
ff800000
ff800000
ff800000
ff800000
ff800000
ff800000
ff800000
ff800000
ff800000
ff800000
ff800000
ff800000
ff800000
ff800000
ff800000
ff800000
ff800000
ff800000
ff800000
ff800000
ff800000
ff800000
ff800000
ff800000
ff800000
ff800000
ff800000
ff800000
ff800000
ff800000
ff800000
ff800000
ff800000
ff800000
ff800000
ff800000
ff800000
ff800000
ff800000
ff800000
ff800000
ff800000
ff800000
ff800000
ff800000
ff800000
ff800000
ff800000
ff800000
ff800000
ff800000
ff800000
ff800000
ff800000
ff800000
ff800000
ff800000
ff800000
ff800000
ff800000
ff800000
ff800000
ff800000
ff800000
ff800000
ff800000
ff800000
ff800000
ff800000
ff800000
ff800000
ff800000
ff800000
ff800000
ff800000
ff800000
ff800000
ff800000
ff800000
ff800000
ff800000
ff800000
ff800000
ff800000
ff800000
ff800000
ff800000
ff800000
ff800000
ff800000
ff800000
ff800000
ff800000
ff800000
ff800000
ff800000
ff800000
ff800000
ff800000
ff800000
ff800000
ff800000
ff800000
ff800000
ff800000
ff800000
ff800000
ff800000
ff800000
ff800000
ff800000
ff800000
ff800000
ff800000
ff800000
ff800000
ff800000
ff800000
ff800000
ff800000
ff800000
ff800000
ff800000
ff800000
ff800000
ff800000
ff800000
ff800000
ff800000
ff800000
ff800000
ff800000
ff800000
ff800000
ff800000
ff800000
ff800000
ff800000
ff800000
ff800000
ff800000
ff800000
ff800000
ff800000
ff800000
ff800000
ff800000
ff800000
ff800000
ff800000
ff800000
ff800000
ff800000
ff800000
ff800000
ff800000
ff800000
ff800000
ff800000
ff800000
ff800000
ff800000
ff800000
ff800000
ff800000
ff800000
ff800000
ff800000
ff800000
ff800000
ff800000
ff800000
ff800000
ff800000
ff800000
ff800000
ff800000
ff800000
ff800000
ff800000
ff800000
ff800000
ff800000
ff800000
ff800000
ff800000
ff800000
ff800000
ff800000
ff800000
ff800000
ff800000
ff800000
ff800000
ff800000
ff800000
ff800000
ff800000
ff800000
ff800000
ff800000
ff800000
ff800000
ff800000
ff800000
ff800000
ff800000
ff800000
ff800000
ff800000
ff800000
ff800000
ff800000
ff800000
ff800000
ff800000
ff800000
ff800000
ff800000
ff800000
ff800000
ff800000
ff800000
ff800000
ff800000
ff800000
ff800000
ff800000
ff800000
ff800000
ff800000
ff800000
ff800000
ff800000
ff800000
ff800000
ff800000
ff800000
ff800000
ff800000
ff800000
ff800000
ff800000
ff800000
ff800000
ff800000
ff800000
ff800000
ff800000
ff800000
ff800000
ff800000
ff800000
ff800000
ff800000
ff800000
ff800000
ff800000
ff800000
ff800000
ff800000
ff800000
ff800000
ff800000
ff800000
ff800000
ff800000
ff800000
ff800000
ff800000
ff800000
ff800000
ff800000
ff800000
ff800000
ff800000
ff800000
ff800000
ff800000
ff800000
ff800000
ff800000
ff800000
ff800000
ff800000
ff800000
ff800000
ff800000
ff800000
ff800000
ff800000
ff800000
ff800000
ff800000
ff800000
ff800000
ff800000
ff800000
ff800000
ff800000
ff800000
ff800000
ff800000
ff800000
ff800000
ff800000
ff800000
ff800000
ff800000
ff800000
ff800000
ff800000
ff800000
ff800000
ff800000
ff800000
ff800000
ff800000
ff800000
ff800000
ff800000
ff800000
ff800000
ff800000
ff800000
ff800000
ff800000
ff800000
ff800000
ff800000
ff800000
ff800000
ff800000
ff800000
ff800000
ff800000
ff800000
ff800000
ff800000
ff800000
ff800000
ff800000
ff800000
ff800000
ff800000
ff800000
ff800000
ff800000
ff800000
ff800000
ff800000
ff800000
ff800000
ff800000
ff800000
ff800000
ff800000
ff800000
ff800000
ff800000
ff800000
ff800000
ff800000
ff800000
ff800000
ff800000
ff800000
ff800000
ff800000
ff800000
ff800000
ff800000
ff800000
ff800000
ff800000
ff800000
ff800000
ff800000
ff800000
ff800000
ff800000
ff800000
ff800000
ff800000
ff800000
ff800000
ff800000
ff800000
ff800000
ff800000
ff800000
ff800000
ff800000
ff800000
ff800000
ff800000
ff800000
ff800000
ff800000
ff800000
ff800000
ff800000
ff800000
ff800000
ff800000
ff800000
ff800000
ff800000
ff800000
ff800000
ff800000
ff800000
ff800000
ff800000
ff800000
ff800000
ff800000
ff800000
ff800000
ff800000
ff800000
ff800000
ff800000
ff800000
ff800000
ff800000
ff800000
ff800000
ff800000
ff800000
ff800000
ff800000
ff800000
ff800000
ff800000
ff800000
ff800000
ff800000
ff800000
ff800000
ff800000
ff800000
ff800000
ff800000
ff800000
ff800000
ff800000
ff800000
ff800000
ff800000
ff800000
ff800000
ff800000
ff800000
ff800000
ff800000
ff800000
ff800000
ff800000
ff800000
ff800000
ff800000
ff800000
ff800000
ff800000
ff800000
ff800000
ff800000
ff800000
ff800000
ff800000
ff800000
ff800000
ff800000
ff800000
ff800000
ff800000
ff800000
ff800000
ff800000
ff800000
ff800000
ff800000
ff800000
ff800000
ff800000
ff800000
ff800000
ff800000
ff800000
ff800000
ff800000
ff800000
ff800000
ff800000
ff800000
ff800000
ff800000
ff800000
ff800000
ff800000
ff800000
ff800000
ff800000
ff800000
ff800000
ff800000
ff800000
ff800000
ff800000
ff800000
ff800000
ff800000
ff800000
ff800000
ff800000
ff800000
ff800000
ff800000
ff800000
ff800000
ff800000
ff800000
ff800000
ff800000
ff800000
ff800000
ff800000
ff800000
ff800000
ff800000
ff800000
ff800000
ff800000
ff800000
ff800000
ff800000
ff800000
ff800000
ff800000
ff800000
ff800000
ff800000
ff800000
ff800000
ff800000
ff800000
ff800000
ff800000
ff800000
ff800000
ff800000
ff800000
ff800000
ff800000
ff800000
ff800000
ff800000
ff800000
ff800000
ff800000
ff800000
ff800000
ff800000
ff800000
ff800000
ff800000
ff800000
ff800000
ff800000
ff800000
ff800000
ff800000
ff800000
ff800000
ff800000
ff800000
ff800000
ff800000
ff800000
ff800000
ff800000
ff800000
ff800000
ff800000
ff800000
ff800000
ff800000
ff800000
ff800000
ff800000
ff800000
ff800000
ff800000
ff800000
ff800000
ff800000
ff800000
ff800000
ff800000
ff800000
ff800000
ff800000
ff800000
ff800000
ff800000
ff800000
ff800000
ff800000
ff800000
ff800000
ff800000
ff800000
ff800000
ff800000
ff800000
ff800000
ff800000
ff800000
ff800000
ff800000
ff800000
ff800000
ff800000
ff800000
ff800000
ff800000
ff800000
ff800000
ff800000
ff800000
ff800000
ff800000
ff800000
ff800000
ff800000
ff800000
ff800000
ff800000
ff800000
ff800000
ff800000
ff800000
ff800000
ff800000
ff800000
ff800000
ff800000
ff800000
ff800000
ff800000
ff800000
ff800000
ff800000
ff800000
ff800000
ff800000
ff800000
ff800000
ff800000
ff800000
ff800000
ff800000
ff800000
ff800000
ff800000
ff800000
ff800000
ff800000
ff800000
ff800000
ff800000
ff800000
ff800000
ff800000
ff800000
ff800000
ff800000
ff800000
ff800000
ff800000
ff800000
ff800000
ff800000
ff800000
ff800000
ff800000
ff800000
ff800000
ff800000
ff800000
ff800000
ff800000
ff800000
ff800000
ff800000
ff800000
ff800000
ff800000
ff800000
ff800000
ff800000
ff800000
ff800000
ff800000
ff800000
ff800000
ff800000
ff800000
ff800000
ff800000
ff800000
ff800000
ff800000
ff800000
ff800000
ff800000
ff800000
ff800000
ff800000
ff800000
ff800000
ff800000
ff800000
ff800000
ff800000
ff800000
ff800000
ff800000
ff800000
ff800000
ff800000
ff800000
ff800000
ff800000
ff800000
ff800000
ff800000
ff800000
ff800000
ff800000
ff800000
ff800000
ff800000
ff800000
ff800000
ff800000
ff800000
ff800000
ff800000
ff800000
ff800000
ff800000
ff800000
ff800000
ff800000
ff800000
ff800000
ff800000
ff800000
ff800000
ff800000
ff800000
ff800000
ff800000
ff800000
ff800000
ff800000
ff800000
ff800000
ff800000
ff800000
ff800000
ff800000
ff800000
ff800000
ff800000
ff800000
ff800000
ff800000
ff800000
ff800000
ff800000
ff800000
ff800000
ff800000
ff800000
ff800000
ff800000
ff800000
ff800000
ff800000
ff800000
ff800000
ff800000
ff800000
ff800000
ff800000
ff800000
ff800000
ff800000
ff800000
ff800000
ff800000
ff800000
ff800000
ff800000
ff800000
ff800000
ff800000
ff800000
ff800000
ff800000
ff800000
ff800000
ff800000
ff800000
ff800000
ff800000
ff800000
ff800000
ff800000
ff800000
ff800000
ff800000
ff800000
ff800000
ff800000
ff800000
ff800000
ff800000
ff800000
ff800000
ff800000
ff800000
ff800000
ff800000
ff800000
ff800000
ff800000
ff800000
ff800000
ff800000
ff800000
ff800000
ff800000
ff800000
ff800000
ff800000
ff800000
ff800000
ff800000
ff800000
ff800000
ff800000
ff800000
ff800000
ff800000
ff800000
ff800000
ff800000
ff800000
ff800000
ff800000
ff800000
ff800000
ff800000
ff800000
ff800000
ff800000
ff800000
ff800000
ff800000
ff800000
ff800000
ff800000
ff800000
ff800000
ff800000
ff800000
ff800000
ff800000
ff800000
ff800000
ff800000
ff800000
ff800000
ff800000
ff800000
ff800000
ff800000
ff800000
ff800000
ff800000
ff800000
ff800000
ff800000
ff800000
ff800000
ff800000
ff800000
ff800000
ff800000
ff800000
ff800000
ff800000
ff800000
ff800000
ff800000
ff800000
ff800000
ff800000
ff800000
ff800000
ff800000
ff800000
ff800000
ff800000
ff800000
ff800000
ff800000
ff800000
ff800000
ff800000
ff800000
ff800000
ff800000
ff800000
ff800000
ff800000
ff800000
ff800000
ff800000
ff800000
ff800000
ff800000
ff800000
ff800000
ff800000
ff800000
ff800000
ff800000
ff800000
ff800000
ff800000
ff800000
ff800000
ff800000
ff800000
ff800000
ff800000
ff800000
ff800000
ff800000
ff800000
ff800000
ff800000
ff800000
ff800000
ff800000
ff800000
ff800000
ff800000
ff800000
ff800000
ff800000
ff800000
ff800000
ff800000
ff800000
ff800000
ff800000
ff800000
ff800000
ff800000
ff800000
ff800000
ff800000
ff800000
ff800000
ff800000
ff800000
ff800000
ff800000
ff800000
ff800000
ff800000
ff800000
ff800000
ff800000
ff800000
ff800000
ff800000
ff800000
ff800000
ff800000
ff800000
ff800000
ff800000
ff800000
ff800000
ff800000
ff800000
ff800000
ff800000
ff800000
ff800000
ff800000
ff800000
ff800000
ff800000
ff800000
ff800000
ff800000
ff800000
ff800000
ff800000
ff800000
ff800000
ff800000
ff800000
ff800000
ff800000
ff800000
ff800000
ff800000
ff800000
ff800000
ff800000
ff800000
ff800000
ff800000
ff800000
ff800000
ff800000
ff800000
ff800000
ff800000
ff800000
ff800000
ff800000
ff800000
ff800000
ff800000
ff800000
ff800000
ff7ef490
ff771c76
ff6f8224
ff6823b4
ff60ff4e
ff5a1329
ff535d8a
ff4cdcc4
ff468f35
ff40734c
ff3a8780
ff34ca57
ff2f3a62
ff29d63c
ff249c8d
ff1f8c06
ff1aa362
ff15e169
ff1144e8
ff0cccb9
ff0877bf
ff0444e2
ff003318
fef882b7
fef0dd5f
fee97440
fee24580
fedb4f52
fed48ff8
fece05c4
fec7af13
fec18a4e
febb95ed
feb5d072
feb0386c
feaacc76
fea58b33
fea07354
fe9b8393
fe96bab3
fe921783
fe8d98da
fe893d97
fe8504a5
fe80ecf4
fe79eaff
fe723a92
fe6ac6b5
fe638d8a
fe5c8d44
fe55c423
fe4f3074
fe48d092
fe42a2e5
fe3ca5e1
fe36d809
fe3137e7
fe2bc414
fe267b33
fe215bf2
fe1c6509
fe179539
fe12eb50
fe0e6622
fe0a048f
fe05c57d
fe01a7de
fdfb5552
fdf399bf
fdec1b14
fde4d770
fdddcd04
fdd6fa0c
fdd05cd4
fdc9f3b4
fdc3bd12
fdbdb760
fdb7e11e
fdb238d4
fdacbd19
fda76c8f
fda245e1
fd9d47c5
fd9870fc
fd93c050
fd8f3494
fd8acca7
fd86876d
fd8263d6
fd7cc1b2
fd74fae9
fd6d7160
fd662335
fd5f0e93
fd5831b7
fd518ae8
fd4b187d
fd44d8d9
fd3eca6c
fd38ebb3
fd333b35
fd2db788
fd285f49
fd233123
fd1e2bca
fd194dfd
fd149684
fd100432
fd0b95e1
fd074a76
fd0320df
fcfe3022
fcf65e13
fceec99d
fce770da
fce051f5
fcd96b25
fcd2bab2
fccc3eee
fcc5f63b
fcbfdf06
fcb9f7ca
fcb43f0d
fcaeb361
fca95363
fca41dba
fc9f111a
fc9a2c3e
fc956def
fc90d4fc
fc8c603f
fc880e9a
fc83defa
fc7fa0a6
fc77c340
fc7023cc
fc68c063
fc61972b
fc5aa65a
fc53ec34
fc4d670a
fc47153a
fc40f531
fc3b0566
fc35445e
fc2fb0a8
fc2a48de
fc250ba8
fc1ff7b6
fc1b0bc2
fc164692
fc11a6f5
fc0d2bc2
fc08d3db
fc049e29
fc0089a0
fbf92a73
fbf17ff2
fbea11d3
fbe2de39
fbdbe358
fbd51f71
fbce90d3
fbc835da
fbc20cf0
fbbc148a
fbb64b2a
fbb0af5d
fbab3fbe
fba5faef
fba0dfa0
fb9bec8a
fb972070
fb927a1e
fb8df86c
fb899a39
fb855e6d
fb8143f9
fb7a93ae
fb72de11
fb6b652b
fb642721
fb5d2221
fb56546b
fb4fbc4c
fb49581c
fb432644
fb3d2536
fb375372
fb31af84
fb2c3803
fb26eb91
fb21c8db
fb1cce98
fb17fb89
fb134e7a
fb0ec63f
fb0a61b7
fb061fc8
fb01ff61
fafbfef6
faf43e2a
faecba70
fae571e6
fade62b9
fad78b26
fad0e977
faca7c03
fac44130
fabe376d
fab85d3a
fab2b11f
faad31b1
faa7dd90
faa2b368
fa9db1ed
fa98d7e0
fa942409
fa8f953d
fa8b2a56
fa86e23a
fa82bbd8
fa7d6c4c
fa75a043
fa6e11a4
fa66be8a
fa5fa521
fa58c3a3
fa521856
fa4ba191
fa455db6
fa3f4b32
fa396883
fa33b42f
fa2e2cc8
fa28d0ee
fa239f49
fa1e968c
fa19b576
fa14face
fa106566
fa0bf418
fa07a5c7
fa037961
f9fedbb3
f9f7045d
f9ef6ac9
f9e80d11
f9e0e95d
f9d9fde5
f9d348ed
f9ccc8c9
f9c67bd8
f9c06087
f9ba754f
f9b4b8b6
f9af294c
f9a9c5ac
f9a48c80
f99f7c77
f99a944e
f995d2cb
f99136bd
f98cbefe
f9886a70
f98437fc
f9802698
f9786a7b
f970c5e2
f9695d7c
f9622f6f
f95b39ee
f9547b3e
f94df1ad
f9479b9a
f941776e
f93b83a2
f935beb7
f930273d
f92abbce
f9257b0e
f92063af
f91b7469
f916ac00
f9120944
f90d8b0b
f9093035
f904f7ac
f900e062
f8f9d2a0
f8f222f3
f8eaafcf
f8e37759
f8dc77c2
f8d5af4a
f8cf1c3f
f8c8bcfc
f8c28fe9
f8bc937c
f8b6c634
f8b1269f
f8abb354
f8a66af7
f8a14c36
f89c55c8
f8978671
f892dcfc
f88e583f
f889f719
f885b872
f8819b39
f87b3ccf
f87381fd
f86c040d
f864c11f
f85db763
f856e515
f8504882
f849e002
f843a9fb
f83da4e0
f837cf2f
f8322773
f82cac41
f8275c3b
f822360e
f81d386e
f818621e
f813b1e7
f80f269d
f80abf1e
f8067a4f
f802571f
f7fca90c
f7f4e305
f7ed5a38
f7e60cc3
f7def8d3
f7d81ca1
f7d17678
f7cb04ae
f7c4c5a6
f7beb7d1
f7b8d9aa
f7b329bb
f7ada697
f7a84ede
f7a32139
f79e1c5d
f7993f0a
f7948806
f78ff626
f78b8844
f7873d45
f7831416
f77e1758
f776460c
f76eb253
f7675a48
f7603c15
f75955f1
f752a625
f74c2b03
f745e2ec
f73fcc50
f739e5a7
f7342d79
f72ea258
f72942e0
f7240db9
f71f0197
f71a1d36
f7155f5d
f710c6dc
f70c528e
f7080156
f703d21e
f6ff87b8
f6f7ab17
f6f00c61
f6e8a9b0
f6e1812b
f6da9107
f6d3d789
f6cd5302
f6c701d0
f6c0e260
f6baf329
f6b532b1
f6af9f86
f6aa3843
f6a4fb90
f69fe81c
f69afca3
f69637eb
f69198c1
f68d1dfe
f688c683
f684913a
f6807d17
f6791226
f6716865
f669faff
f662c819
f65bcde6
f6550aa8
f64e7cae
f6482254
f641fa03
f63c0232
f6363963
f6309e22
f62b2f0b
f625eac0
f620cff0
f61bdd55
f61711b3
f6126bd6
f60dea94
f6098cce
f605516b
f601375e
f5fa7b3f
f5f2c661
f5eb4e37
f5e410e1
f5dd0c91
f5d63f85
f5cfa809
f5c94479
f5c3133c
f5bd12c4
f5b74191
f5b19e30
f5ac2738
f5a6db4a
f5a1b914
f59cbf4d
f597ecb7
f593401c
f58eb853
f58a5438
f58612b3
f581f2b3
f57be662
f5742659
f56ca35a
f5655b85
f55e4d09
f5577621
f550d517
f54a6844
f5442e0c
f53e24e0
f5384b3f
f5329fb2
f52d20cd
f527cd31
f522a38a
f51da28c
f518c8f8
f5141597
f50f873c
f50b1cc4
f506d513
f502af18
f4fd5395
f4f5884f
f4edfa6c
f4e6a809
f4df8f52
f4d8ae7f
f4d203d9
f4cb8db6
f4c54a76
f4bf388b
f4b9566e
f4b3a2a8
f4ae1bcc
f4a8c077
f4a38f54
f49e8715
f499a679
f494ec47
f4905751
f48be672
f487988d
f4836c8f
f47ec2d8
f476ec46
f46f536f
f467f66f
f460d36e
f459e8a3
f4533452
f44cb4d1
f446687d
f4404dc4
f43a6320
f434a716
f42f1837
f429b51e
f4247c74
f41f6ce9
f41a853b
f415c42e
f4112894
f40cb144
f4085d22
f4042b17
f4001a18
f3f85241
f3f0ae67
f3e946ba
f3e21960
f3db248d
f3d46685
f3cddd97
f3c78822
f3c16490
f3bb7158
f3b5acfe
f3b0160f
f3aaab27
f3a56aeb
f3a0540a
f39b6540
f3969d4f
f391fb06
f38d7d3d
f38922d4
f384eab4
f380d3d0
f379ba43
f3720b56
f36a98ec
f363612a
f35c6242
f3559a73
f34f080c
f348a969
f3427cf0
f33c8118
f336b461
f3311558
f32ba295
f3265abc
f3213c7b
f31c4689
f31777aa
f312ceaa
f30e4a5d
f309e9a5
f305ab67
f3018e95
f2fb244f
f2f36a3e
f2ebed09
f2e4aad0
f2dda1c3
f2d6d020
f2d03432
f2c9cc52
f2c396e7
f2bd9262
f2b7bd42
f2b21613
f2ac9b6a
f2a74be9
f2a2263c
f29d2919
f2985342
f293a380
f28f18a7
f28ab196
f2866d31
f2824a69
f27c9068
f274cb23
f26d4313
f265f654
f25ee314
f258078e
f251620b
f24af0e2
f244b276
f23ea537
f238c7a3
f2331842
f22d95a8
f2283e74
f2231150
f21e0cf2
f2193018
f214798a
f20fe81c
f20b7aa9
f2073015
f203074d
f1fdfe91
f1f62e08
f1ee9b0c
f1e743b8
f1e02636
f1d940bf
f1d2919a
f1cc1719
f1c5cfa0
f1bfb99c
f1b9d386
f1b41be7
f1ae9150
f1a9325e
f1a3fdb9
f19ef215
f19a0e2e
f19550cb
f190b8be
f18c44df
f187f412
f183c543
f17f6ecc
f17792ef
f16ff4f8
f1689300
f1616b2d
f15a7bb7
f153c2e0
f14d3efc
f146ee68
f140cf90
f13ae0ee
f1352105
f12f8e65
f12a27aa
f124eb79
f11fd884
f11aed86
f1162944
f1118a8e
f10d103b
f108b92c
f104844d
f100708f
f0f8f9dc
f0f150da
f0e9e42e
f0e2b1fb
f0dbb877
f0d4f5e1
f0ce688b
f0c80ecf
f0c1e718
f0bbefdc
f0b6279d
f0b08ce9
f0ab1e59
f0a5da91
f0a0c041
f09bce22
f09702f7
f0925d8e
f08ddcbd
f0897f64
f085446b
f0812ac4
f07a62d1
f072aeb4
f06b3744
f063faa3
f05cf702
f0562aa0
f04f93c9
f04930d9
f0430036
f03d0053
f0372fb2
f0318cde
f02c166e
f026cb05
f021a94f
f01cb004
f017dde6
f01331c0
f00eaa68
f00a46bb
f00605a0
f001e607
effbcdd2
eff40e8a
efec8c46
efe54527
efde375b
efd7611e
efd0c0ba
efca5487
efc41aea
efbe1255
efb83946
efb28e46
efad0feb
efa7bcd4
efa293ae
ef9d932d
ef98ba12
ef940726
ef8f793d
ef8b0f33
ef86c7ed
ef82a25a
ef7d3ae0
ef75705d
ef6de337
ef66918b
ef5f7985
ef58995e
ef51ef5e
ef4b79dc
ef453739
ef3f25e5
ef39445b
ef339124
ef2e0ad1
ef28b002
ef237f61
ef1e779f
ef19977d
ef14ddc1
ef10493e
ef0bd8cd
ef078b54
ef035fbe
eefeaa00
eef6d431
eeef3c19
eee7dfd0
eee0bd81
eed9d362
eed31fba
eecca0da
eec65524
eec03b04
eeba50f3
eeb49578
eeaf0723
eea9a491
eea46c69
ee9f5d5d
ee9a7629
ee95b593
ee911a6c
ee8ca38c
ee884fd6
ee841e34
ee800d9a
ee783a0a
ee7096ee
ee692ffa
ee620353
ee5b0f2e
ee5451ce
ee4dc984
ee4774ad
ee4151b4
ee3b5f11
ee359b46
ee3004e3
ee2a9a83
ee255ac9
ee204468
ee1b5618
ee168e9f
ee11ecca
ee0d6f71
ee091574
ee04ddbe
ee00c740
edf9a1e9
edf1f3bb
edea820c
ede34afe
eddc4cc4
edd5859f
edcef3dc
edc895d7
edc269f9
edbc6eb6
edb6a290
edb10413
edab91d8
eda64a83
eda12cc1
ed9c374c
ed9768e5
ed92c058
ed8e3c7d
ed89dc32
ed859e5e
ed8181f3
ed7b0bd1
ed735281
ed6bd607
ed649483
ed5d8c26
ed56bb2d
ed501fe4
ed49b8a4
ed4383d4
ed407bd8
ed3d7fe5
ed3a8fc9
ed37ab57
ed34d25f
ed3204b5
ed2f422b
ed2c8a95
ed29ddc8
ed273b99
ed24a3dd
ed22166c
ed1f931c
ed1d19c6
ed1aaa41
ed184467
ed15e811
ed13951a
ed114b5c
ed0f0ab3
ed0cd2fa
ed0aa40f
ed087dce
ed066015
ed044ac3
ed023db4
ed0038ca
ecfc77c7
ecf88dc1
ecf4b344
ecf0e812
eced2bef
ece97e9f
ece5dfe7
ece24f8d
ecdecd58
ecdb590f
ecd7f27d
ecd49969
ecd14da0
ecce0eeb
eccadd17
ecc7b7f1
ecc49f47
ecc192e7
ecbe92a0
ecbb9e42
ecb8b59e
ecb5d886
ecb306cb
ecb04040
ecad84ba
ecaad40c
eca82e0b
eca5928e
eca30169
eca07a75
ec9dfd88
ec9b8a7b
ec992127
ec96c165
ec946b10
ec921e01
ec8fda13
ec8d9f24
ec8b6d0f
ec8943b0
ec8722e6
ec850a8d
ec82fa86
ec80f2ae
ec7de5cc
ec79f619
ec761606
ec724555
ec6e83c7
ec6ad122
ec672d2b
ec6397a6
ec60105b
ec5c9710
ec592b90
ec55cda2
ec527d11
ec4f39a8
ec4c0332
ec48d97d
ec45bc56
ec42ab8a
ec3fa6e9
ec3cae43
ec39c167
ec36e028
ec340a57
ec313fc6
ec2e804a
ec2bcbb5
ec2921de
ec268298
ec23edbb
ec21631d
ec1ee295
ec1c6bfb
ec19ff28
ec179bf5
ec15423c
ec12f1d7
ec10aaa1
ec0e6c76
ec0c3731
ec0a0ab0
ec07e6d0
ec05cb6e
ec03b86a
ec01ada0
ebff55e3
ebfb607c
ebf77acb
ebf3a491
ebefdd92
ebec2590
ebe87c52
ebe4e19b
ebe15532
ebddd6de
ebda6668
ebd70399
ebd3ae3a
ebd06615
ebcd2af8
ebc9fcad
ebc6db01
ebc3c5c4
ebc0bcc3
ebbdbfce
ebbaceb5
ebb7e949
ebb50f5b
ebb240bf
ebaf7d46
ebacc4c6
ebaa1712
eba773ff
eba4db64
eba24d16
eb9fc8ee
eb9d4ec1
eb9ade6a
eb9877c1
eb961aa0
eb93c6e0
eb917c5c
eb8f3af1
eb8d0279
eb8ad2d1
eb88abd7
eb868d67
eb847760
eb8269a1
eb806408
eb7cccec
eb78e194
eb7505cb
eb713952
eb6d7bec
eb69cd5e
eb662d6e
eb629be0
eb5f187c
eb5ba309
eb583b51
eb54e11d
eb519437
eb4e546a
eb4b2182
eb47fb4d
eb44e197
eb41d430
eb3ed2e5
eb3bdd88
eb38f3e9
eb3615da
eb33432b
eb307bb1
eb2dbf3f
eb2b0da9
eb2866c4
eb25ca65
eb233863
eb20b094
eb1e32d1
eb1bbef0
eb1954cc
eb16f43d
eb149d1e
eb124f48
eb100a97
eb0dcee7
eb0b9c14
eb0971fb
eb075079
eb05376c
eb0326b2
eb011e2b
eafe3b6d
eafa4a66
eaf66905
eaf2970a
eaeed438
eaeb2054
eae77b22
eae3e468
eae05bec
eadce176
ead974ce
ead615bd
ead2c40e
eacf7f8b
eacc4800
eac91d3a
eac5ff06
eac2ed31
eabfe78c
eabcede5
eaba000d
eab71dd5
eab4470f
eab17b8e
eaaebb24
eaac05a6
eaa95ae8
eaa6bac0
eaa42504
eaa1998b
ea9f182b
ea9ca0bc
ea9a3318
ea97cf16
ea957492
ea932365
ea90db6b
ea8e9c7e
ea8c667b
ea8a393f
ea8814a6
ea85f88e
ea83e4d6
ea81d95c
ea7fac01
ea7bb543
ea77ce41
ea73f6bd
ea702e77
ea6c7535
ea68caba
ea652ecc
ea61a130
ea5e21af
ea5ab010
ea574c1d
ea53f59e
ea50ac5e
ea4d7029
ea4a40cc
ea471e12
ea4407ca
ea40fdc3
ea3dffcc
ea3b0db5
ea38274f
ea354c6b
ea327cdd
ea2fb876
ea2cff0a
ea2a506f
ea27ac79
ea2512fd
ea2283d3
ea1ffed1
ea1d83cf
ea1b12a5
ea18ab2d
ea164d3f
ea13f8b6
ea11ad6d
ea0f6b3f
ea0d3207
ea0b01a3
ea08d9ef
ea06bac8
ea04a40d
ea02959d
ea008f55
e9fd222e
e9f93584
e9f5586d
e9f18aac
e9edcc04
e9ea1c38
e9e67b0f
e9e2e84d
e9df63b9
e9dbed1c
e9d8843e
e9d528e8
e9d1dae5
e9ce9a00
e9cb6604
e9c83ebf
e9c523fd
e9c2158e
e9bf1341
e9bc1ce4
e9b9324a
e9b65343
e9b37fa1
e9b0b737
e9adf9d8
e9ab4759
e9a89f8f
e9a6024f
e9a36f6f
e9a0e6c6
e99e682b
e99bf377
e9998882
e9972726
e994cf3d
e99280a0
e9903b2b
e98dfebb
e98bcb2a
e989a056
e9877e1c
e985645a
e98352ee
e98149b7
e97e912a
e97a9ed0
e976bc1f
e972e8da
e96f24c4
e96b6fa0
e967c933
e9643143
e960a796
e95d2bf4
e959be24
e9565df1
e9530b23
e94fc586
e94c8ce5
e949610e
e94641cc
e9432eef
e9402844
e93d2d9d
e93a3ec8
e9375b97
e93483dc
e931b769
e92ef612
e92c3faa
e9299406
e926f2fc
e9245c60
e921d00b
e91f4dd2
e91cd58f
e91a6719
e9180249
e915a6fa
e9135505
e9110c46
e90ecc97
e90c95d5
e90a67dc
e908428a
e90625bd
e9041151
e9020527
e900011d
e8fc0a27
e8f821d4
e8f44904
e8f07f78
e8ecc4f4
e8e9193d
e8e57c17
e8e1ed49
e8de6c9a
e8daf9d1
e8d794b9
e8d43d1a
e8d0f2be
e8cdb572
e8ca8502
e8c76139
e8c449e7
e8c13eda
e8be3fe0
e8bb4ccb
e8b8656a
e8b58990
e8b2b90f
e8aff3b9
e8ad3962
e8aa89df
e8a7e505
e8a54aa9
e8a2baa2
e8a034c7
e89db8ef
e89b46f2
e898deaa
e8967ff0
e8942a9e
e891de8f
e88f9b9d
e88d61a6
e88b3084
e8890816
e886e838
e884d0c9
e882c1a7
e880bab1
e87d778d
e8798990
e875ab2c
e871dc22
e86e1c37
e86a6b2d
e866c8ca
e86334d3
e85faf10
e85c3748
e858cd44
e85570cc
e85221ac
e84edfad
e84baa9d
e8488247
e845667a
e8425703
e83f53b2
e83c5c56
e83970bf
e83690c0
e833bc2a
e830f2d0
e82e3485
e82b811d
e828d86e
e8263a4c
e823a68d
e8211d0a
e81e9d98
e81c2810
e819bc4a
e8175a21
e815016d
e812b209
e8106bd0
e80e2e9e
e80bfa4f
e809cec0
e807abce
e8059156
e8037f38
e8017552
e7fee705
e7faf356
e7f70f56
e7f33ac7
e7ef756b
e7ebbf07
e7e8175f
e7e47e39
e7e0f35a
e7dd768b
e7da0794
e7d6a63d
e7d35250
e7d00b98
e7ccd1e2
e7c9a4f8
e7c684a9
e7c370c2
e7c06913
e7bd6d6a
e7ba7d98
e7b7996e
e7b4c0bd
e7b1f359
e7af3113
e7ac79c1
e7a9cd37
e7a72b4a
e7a493cf
e7a2069d
e79f838c
e79d0a74
e79a9b2c
e798358d
e795d973
e79386b5
e7913d31
e78efcc0
e78cc53f
e78a968a
e788707f
e78652fb
e7843ddc
e7823101
e7802c49
e77c5f28
e7787584
e7749b67
e770d094
e76d14ce
e76967da
e765c97c
e762397b
e75eb79d
e75b43ab
e757dd6e
e75484ae
e7513936
e74dfad3
e74ac94f
e747a477
e7448c1a
e7418006
e73e800a
e73b8bf6
e738a39b
e735c6ca
e732f555
e7302f10
e72d73ce
e72ac363
e7281da5
e7258268
e722f184
e7206ace
e71dee20
e71b7b50
e7191238
e716b2b2
e7145c96
e7120fc1
e70fcc0c
e70d9154
e70b5f76
e709364d
e70715b8
e704fd94
e702edc0
e700e61b
e6fdcd09
e6f9ddb9
e6f5fe06
e6f22db4
e6ee6c85
e6eaba3c
e6e7169f
e6e38174
e6dffa81
e6dc818d
e6d91662
e6d5b8c8
e6d2688a
e6cf2572
e6cbef4d
e6c8c5e7
e6c5a90d
e6c2988e
e6bf9438
e6bc9bdc
e6b9af4a
e6b6ce52
e6b3f8c8
e6b12e7d
e6ae6f45
e6abbaf4
e6a9115f
e6a6725b
e6a3ddbf
e6a15360
e69ed316
e69c5cba
e699f023
e6978d2c
e69533ad
e692e382
e6909c85
e68e5e92
e68c2985
e689fd3a
e687d98f
e685be62
e683ab91
e681a0fb
e67f3cfd
e67b47f8
e67762a8
e6738cce
e66fc62d
e66c0e89
e66865a6
e664cb48
e6613f38
e65dc13c
e65a511c
e656eea1
e6539995
e65051c3
e64d16f5
e649e8fa
e646c79d
e643b2ac
e640a9f7
e63dad4d
e63abc7d
e637d759
e634fdb3
e6322f5c
e62f6c29
e62cb3ed
e62a067b
e62763ab
e624cb50
e6223d42
e61fb958
e61d3f6a
e61acf50
e61868e3
e6160bfc
e613b876
e6116e2c
e60f2cf9
e60cf4b8
e60ac547
e6089e83
e6068048
e6046a75
e6025ce9
e6005783
e5fcb445
e5f8c94f
e5f4ede6
e5f121cb
e5ed64c3
e5e9b691
e5e616fb
e5e285c6
e5df02ba
e5db8d9e
e5d8263b
e5d4cc5a
e5d17fc6
e5ce404b
e5cb0db3
e5c7e7cc
e5c4ce64
e5c1c149
e5bec049
e5bbcb36
e5b8e1e0
e5b60418
e5b331b0
e5b06a7b
e5adae4e
e5aafcfb
e5a85657
e5a5ba3a
e5a32878
e5a0a0e8
e59e2363
e59bafc0
e59945d8
e596e585
e5948ea0
e5924103
e58ffc8b
e58dc113
e58b8e77
e5896494
e5874347
e5852a6e
e58319e8
e5811194
e57e22a2
e57a31fe
e57650fd
e5727f61
e56ebcee
e56b0966
e567648f
e563ce2e
e560460a
e55ccbeb
e5595f99
e55600dc
e552af80
e54f6b4f
e54c3414
e549099d
e545ebb7
e542da2f
e53fd4d5
e53cdb78
e539ede9
e5370bf9
e534357a
e5316a3f
e52eaa1a
e52bf4df
e5294a64
e526aa7e
e5241502
e52189c8
e51f08a7
e51c9176
e51a240e
e517c049
e51565ff
e513150c
e510cd4a
e50e8e96
e50c58ca
e50a2bc4
e5080760
e505eb7d
e503d7f9
e501ccb3
e4ff9312
e4fb9cb7
e4f7b617
e4f3def2
e4f0170b
e4ec5e26
e4e8b406
e4e51872
e4e18b2f
e4de0c06
e4da9abd
e4d7371e
e4d3e0f2
e4d09804
e4cd5c20
e4ca2d12
e4c70aa7
e4c3f4ac
e4c0eaf1
e4bded45
e4bafb77
e4b8155a
e4b53abd
e4b26b75
e4afa753
e4acee2b
e4aa3fd3
e4a79c1f
e4a502e4
e4a273fa
e49fef37
e49d7473
e49b0386
e4989c4a
e4963e97
e493ea48
e4919f38
e48f5d42
e48d2442
e48af415
e488cc96
e486ada4
e484971e
e48288e0
e48082cc
e47d097f
e4791d37
e4754080
e471731e
e46db4d3
e46a0564
e4666495
e462d22c
e45f4df0
e45bd7aa
e4586f21
e455141f
e451c66e
e44e85da
e44b522e
e4482b37
e44510c4
e44202a1
e43f009e
e43c0a8c
e439203a
e436417b
e4336e1f
e430a5fb
e42de8e1
e42b36a5
e4288f1d
e425f21e
e4235f7f
e420d715
e41e58b9
e41be442
e4197989
e4171869
e414c0ba
e4127257
e4102d1b
e40df0e2
e40bbd88
e40992ea
e40770e5
e4055757
e403461f
e4013d1b
e3fe7857
e3fa865f
e3f6a40f
e3f2d12a
e3ef0d72
e3eb58aa
e3e7b299
e3e41b02
e3e091ae
e3dd1662
e3d9a8e8
e3d64909
e3d2f68e
e3cfb143
e3cc78f3
e3c94d6a
e3c62e77
e3c31be6
e3c01587
e3bd1b2a
e3ba2c9e
e3b749b5
e3b47241
e3b1a614
e3aee502
e3ac2ede
e3a9837c
e3a6e2b4
e3a44c59
e3a1c043
e39f3e49
e39cc644
e39a580a
e397f376
e3959862
e39346a7
e390fe20
e38ebeaa
e38c881f
e38a5a5d
e3883541
e38618a8
e3840470
e381f879
e37fe943
e37bf193
e37809a2
e3743131
e3706804
e36caddd
e3690281
e36565b6
e361d740
e35e56e9
e35ae477
e3577fb3
e3542867
e350de5e
e34da163
e34a7142
e3474dc8
e34436c3
e3412c01
e33e2d53
e33b3a87
e338536f
e33577dc
e332a7a1
e32fe290
e32d287e
e32a793e
e327d4a6
e3253a8b
e322aac3
e3202527
e31da98d
e31b37cd
e318cfc2
e3167143
e3141c2b
e311d055
e30f8d9c
e30d53dc
e30b22f1
e308fab9
e306db10
e304c3d5
e302b4e7
e300ae23
e2fd5ed5
e2f9713b
e2f59337
e2f1c48c
e2ee04fe
e2ea5451
e2e6b248
e2e31eab
e2df9940
e2dc21ce
e2d8b81f
e2d55bfb
e2d20d2e
e2cecb81
e2cb96c0
e2c86eba
e2c5533a
e2c2440f
e2bf4109
e2bc49f7
e2b95eaa
e2b67ef2
e2b3aaa3
e2b0e18e
e2ae2388
e2ab7064
e2a8c7f6
e2a62a16
e2a39698
e2a10d53
e29e8e20
e29c18d5
e299ad4c
e2974b5e
e294f2e5
e292a3ba
e2905dbb
e28e20c1
e28beca9
e289c150
e2879e93
e2858450
e2837265
e28168b2
e27ece29
e27adadd
e276f73e
e273230e
e26f5e11
e26ba80a
e26800bd
e26467f0
e260dd6a
e25d60f2
e259f250
e256914e
e2533db4
e24ff74f
e24cbde8
e249914e
e246714d
e2435db3
e240564f
e23d5af1
e23a6b68
e2378786
e234af1c
e231e1fe
e22f1ffe
e22c68ef
e229bca8
e2271afc
e22483c2
e221f6d0
e21f73fe
e21cfb23
e21a8c18
e21826b5
e215cad6
e2137852
e2112f07
e20eeece
e20cb784
e20a8906
e2086331
e20645e1
e20430f6
e202244f
e2001fc9
e1fc468b
e1f85d49
e1f4838c
e1f0b918
e1ecfdaf
e1e95117
e1e5b313
e1e2236b
e1dea1e5
e1db2e49
e1d7c860
e1d46ff4
e1d124cf
e1cde6bc
e1cab588
e1c790ff
e1c478ef
e1c16d27
e1be6d76
e1bb79ac
e1b89199
e1b5b510
e1b2e3e2
e1b01de2
e1ad62e4
e1aab2bc
e1a80d40
e1a57244
e1a2e1a0
e1a05b2a
e19ddeb9
e19b6c27
e199034b
e196a400
e1944e1e
e1920182
e18fbe06
e18d8386
e18b51de
e18928eb
e187088b
e184f09c
e182e0fb
e180d989
e17db449
e179c55b
e175e609
e1721616
e16e5544
e16aa358
e1670016
e1636b44
e15fe4a9
e15c6c0c
e1590136
e155a3f0
e1525405
e14f113f
e14bdb6a
e148b252
e14595c6
e1428594
e13f818a
e13c8978
e1399d2e
e136bc7f
e133e73b
e1311d36
e12e5e42
e12baa35
e12900e3
e1266220
e123cdc4
e12143a4
e11ec399
e11c4d7a
e119e120
e1177e64
e1152520
e112d52f
e1108e6b
e10e50b0
e10c1bd9
e109efc5
e107cc50
e105b157
e1039eba
e1019456
e0ff2419
e0fb2f77
e0f74a88
e0f3750e
e0efaecb
e0ebf784
e0e84efc
e0e4b4f9
e0e12941
e0ddab9c
e0da3bd1
e0d6d9ab
e0d384f2
e0d03d72
e0cd02f5
e0c9d549
e0c6b43a
e0c39f97
e0c0972d
e0bd9acd
e0baaa47
e0b7c56b
e0b4ec0c
e0b21dfc
e0af5b0e
e0aca315
e0a9f5e7
e0a75358
e0a4bb3e
e0a22d70
e09fa9c5
e09d3014
e09ac037
e0985a06
e095fd5a
e093aa0f
e0915ffd
e08f1f02
e08ce6f9
e08ab7bf
e0889130
e086732a
e0845d8b
e0825033
e0804aff
e07c9ba0
e078b10c
e074d603
e0710a47
e06d4d9d
e0699fc7
e066008b
e0626faf
e05eecfb
e05b7835
e0581127
e054b79a
e0516b58
e04e2c2d
e04af9e6
e047d44d
e044bb32
e041ae63
e03eadaf
e03bb8e6
e038cfd8
e035f258
e0332036
e0305947
e02d9d5e
e02aec4e
e02845ed
e025aa10
e023188f
e020913e
e01e13f7
e01ba091
e01936e6
e016d6cd
e0148023
e01232c0
e00fee81
e00db340
e00b80db
e009572e
e0073616
e0051d72
e0030d1f
e00104fe
dffe09d9
dffa1997
dff638f8
dff267bb
dfeea5a5
dfeaf27a
dfe74dfe
dfe3b7f7
dfe0302b
dfdcb663
dfd94a66
dfd5ebfe
dfd29af4
dfcf5714
dfcc202a
dfc8f602
dfc5d869
dfc2c72e
dfbfc220
dfbcc90d
dfb9dbc8
dfb6fa20
dfb423e7
dfb158f1
dfae9911
dfabe41a
dfa939e2
dfa69a3d
dfa40502
dfa17a07
df9ef924
df9c8231
df9a1506
df97b17c
df95576d
df9306b4
df90bf2b
df8e80af
df8c4b1a
df8a1e4a
df87fa1c
df85de6e
df83cb1e
df81c00a
df7f7a25
df7b842e
df779def
df73c72a
df6fffa1
df6c4719
df689d55
df65021b
df617531
df5df65e
df5a856b
df572221
df53cc48
df5083ad
df4d481a
df4a195b
df46f73e
df43e190
df40d821
df3ddabf
df3ae93b
df380366
df352911
df325a0e
df2f9631
df2cdd4e
df2a2f39
df278bc6
df24f2cc
df226422
df1fdf9e
df1d6518
df1af468
df188d68
df162ff0
df13dbdc
df119105
df0f4f47
df0d167f
df0ae688
df08bf3f
df06a082
df048a30
df027c26
df007644
defcf0d2
def904eb
def52896
def15b92
deed9da5
dee9ee91
dee64e1d
dee2bc0d
dedf3829
dedbc239
ded85a05
ded4ff57
ded1b1f9
dece71b6
decb3e5a
dec817b2
dec4fd8c
dec1efb5
debeedfe
debbf836
deb90e2d
deb62fb5
deb35ca0
deb094c1
deadd7eb
deab25f3
dea87ead
dea5e1ef
dea34f90
dea0c765
de9e4947
de9bd50e
de996a92
de9709ad
de94b238
de92640e
de901f0b
de8de30a
de8bafe7
de89857f
de8763b0
de854a56
de833952
de813081
de7e5f86
de7a6df1
de768c02
de72b97c
de6ef622
de6b41b7
de679c00
de6404c4
de607bc7
de5d00d3
de5993ae
de563423
de52e1fb
de4f9d02
de4c6502
de4939c9
de461b23
de4308df
de4002cc
de3d08b9
de3a1a76
de3737d5
de3460a8
de3194c1
de2ed3f3
de2c1e13
de2972f4
de26d26d
de243c53
de21b07d
de1f2ec2
de1cb6fa
de1a48fd
de17e4a5
de1589cb
de13384a
de10effd
de0eb0be
de0c7a6b
de0a4cdf
de0827f8
de060b94
de03f790
de01ebcc
ddffd04e
ddfbd901
ddf7f171
ddf41961
ddf05092
ddec96c8
dde8ebc8
dde54f57
dde1c13a
ddde413a
dddacf1e
ddd76aaf
ddd413b6
ddd0c9ff
ddcd8d55
ddca5d84
ddc73a58
ddc423a0
ddc1192b
ddbe1ac7
ddbb2845
ddb84175
ddb5662a
ddb29635
ddafd169
ddad179b
ddaa689e
dda7c448
dda52a6e
dda29ae6
dda01589
dd9d9a2d
dd9b28aa
dd98c0db
dd966297
dd940db9
dd91c21d
dd8f7f9c
dd8d4614
dd8b1560
dd88ed5d
dd86cdea
dd84b6e3
dd82a827
dd80a197
dd7d4620
dd7958e7
dd757b44
dd71acf9
dd6dedc8
dd6a3d76
dd669bc9
dd630885
dd5f8372
dd5c0c57
dd58a2fd
dd55472d
dd51f8b2
dd4eb756
dd4b82e6
dd485b2e
dd453ffb
dd42311d
dd3f2e62
dd3c379a
dd394c96
dd366d26
dd33991d
dd30d04e
dd2e128c
dd2b5fab
dd28b781
dd2619e1
dd2386a4
dd20fd9f
dd1e7ea9
dd1c099c
dd199e50
dd173c9d
dd14e45e
dd12956e
dd104fa6
dd0e12e4
dd0bdf03
dd09b3e1
dd079159
dd05774a
dd036593
dd015c13
dcfeb550
dcfac266
dcf6df28
dcf30b58
dcef46b9
dceb910e
dce7ea1d
dce451aa
dce0c77d
dcdd4b5c
dcd9dd0f
dcd67c61
dcd3291a
dccfe307
dccca9f1
dcc97da6
dcc65df3
dcc34aa6
dcc0438d
dcbd4879
dcba593a
dcb775a0
dcb49d7e
dcb1d0a5
dcaf0eea
dcac581f
dca9ac1a
dca70ab0
dca473b7
dca1e705
dc9f6471
dc9cebd4
dc9a7d06
dc9817df
dc95bc3a
dc9369f1
dc9120de
dc8ee0de
dc8ca9cb
dc8a7b84
dc8855e4
dc8638c9
dc842412
dc82179e
dc80134a
dc7c2df1
dc784510
dc746bb4
dc70a19e
dc6ce693
dc693a56
dc659cad
dc620d5d
dc5e8c2f
dc5b18e9
dc57b355
dc545b3d
dc51106a
dc4dd2a8
dc4aa1c3
dc477d89
dc4465c6
dc415a4a
dc3e5ae4
dc3b6763
dc387f99
dc35a357
dc32d26f
dc300cb5
dc2d51fb
dc2aa217
dc27fcdc
dc256222
dc22d1bd
dc204b86
dc1dcf54
dc1b5cfe
dc18f45f
dc16954f
dc143fa8
dc11f345
dc0fb002
dc0d75b9
dc0b4448
dc091b8b
dc06fb60
dc04e3a5
dc02d438
dc00ccf8
dbfd9b8b
dbf9acff
dbf5ce0e
dbf1fe7a
dbee3e06
dbea8c76
dbe6e98f
dbe35517
dbdfced3
dbdc568d
dbd8ec0d
dbd58f1b
dbd23f82
dbcefd0d
dbcbc788
dbc89ec0
dbc58282
dbc2729b
dbbf6edd
dbbc7715
dbb98b14
dbb6aaad
dbb3d5b0
dbb10bf0
dbae4d41
dbab9977
dba8f067
dba651e6
dba3bdca
dba133ea
db9eb41d
db9c3e3c
db99d21f
db976f9e
db951695
db92c6dd
db908052
db8e42cf
db8c0e30
db89e251
db87bf12
db85a44e
db8391e4
db8187b3
db7f0b37
db7b16f8
db77326a
db735d50
db6f976c
db6be081
db683854
db649eab
db61134c
db5d95fe
db5a2689
db56c4b7
db537052
db502923
db4ceef7
db49c19a
db46a0d9
db438c83
db408465
db3d8850
db3a9813
db37b380
db34da68
db320c9d
db2f49f4
db2c923f
db29e553
db274306
db24ab2d
db221d9f
db1f9a33
db1d20c0
db1ab120
db184b2a
db15eeba
db139ba8
db1151d0
db0f110d
db0cd93c
db0aaa38
db0883df
db06660d
db0450a3
db02437d
db003e7c
dafc82fe
daf898cb
daf4be23
daf0f2c6
daed3678
dae988fe
dae5ea1d
dae2599a
daded73d
dadb62ce
dad7fc14
dad4a2db
dad156ec
dace1812
dacae61a
dac7c0d1
dac4a803
dac19b80
dabe9b17
dabba697
dab8bdd2
dab5e099
dab30ebf
dab04815
daad8c6f
daaadba3
daa83584
daa599e9
daa308a7
daa08196
da9e048d
da9b9164
da9927f5
da96c818
da9471a7
da92247e
da8fe077
da8da56e
da8b7340
da8949c9
da8728e6
da851076
da830057
da80f869
da7df113
da7a0134
da7620f4
da725017
da6e8e60
da6adb91
da67376f
da63a1c2
da601a4e
da5ca0dd
da593535
da55d721
da52866a
da4f42dc
da4c0c42
da48e269
da45c51e
da42b430
da3faf6c
da3cb6a4
da39c9a8
da36e848
da341256
da3147a6
da2e880a
da2bd357
da292961
da2689fe
da23f503
da216a48
da1ee9a4
da1c72ee
da1a05ff
da17a2b1
da1548dd
da12f85e
da10b10e
da0e72c9
da0c3d6c
da0a10d2
da07ecda
da05d160
da03be43
da01b363
d9ff613b
d9fb6ba7
d9f785c9
d9f3af64
d9efe839
d9ec300e
d9e886a5
d9e4ebc5
d9e15f34
d9dde0b9
d9da701c
d9d70d26
d9d3b7a1
d9d06f57
d9cd3415
d9ca05a5
d9c6e3d7
d9c3ce76
d9c0c553
d9bdc83b
d9bad701
d9b7f174
d9b51766
d9b248aa
d9af8512
d9accc72
d9aa1ea0
d9a77b6f
d9a4e2b6
d9a2544c
d99fd007
d99d55be
d99ae54b
d9987e87
d996214b
d993cd70
d99182d3
d98f414d
d98d08bc
d98ad8fc
d988b1e9
d9869361
d9847d43
d9826f6c
d98069bc
d97cd827
d978eca3
d97510ad
d9714409
d96d8679
d969d7c1
d96637a7
d962a5f1
d95f2265
d95baccb
d95844ec
d954ea92
d9519d86
d94e5d94
d94b2a88
d948042f
d944ea56
d941dccc
d93edb5f
d93be5e1
d938fc21
d9361df0
d9334b22
d9308388
d92dc6f7
d92b1542
d9286e3f
d925d1c2
d9233fa3
d920b7b7
d91e39d8
d91bc5dc
d9195b9c
d916faf2
d914a3b8
d91255c8
d91010fd
d90dd534
d90ba248
d9097816
d907567c
d9053d57
d9032c86
d90123e8
d8fe46b8
d8fa5584
d8f673f7
d8f2a1d0
d8eeded4
d8eb2ac6
d8e7856a
d8e3ee87
d8e065e3
d8dceb45
d8d97e76
d8d61f3f
d8d2cd6b
d8cf88c3
d8cc5113
d8c92629
d8c607d1
d8c2f5da
d8bff012
d8bcf649
d8ba0850
d8b725f7
d8b44f11
d8b18370
d8aec2e7
d8ac0d4a
d8a9626e
d8a6c228
d8a42c4f
d8a1a0b8
d89f1f3c
d89ca7b1
d89a39f1
d897d5d5
d8957b36
d89329ef
d890e1da
d88ea2d4
d88c6cb8
d88a3f62
d8881ab1
d885fe81
d883eab2
d881df21
d87fb75c
d87bc072
d877d943
d8740193
d8703922
d86c7fb6
d868d511
d86538fa
d861ab36
d85e2b8d
d85ab9c7
d85755ad
d853ff08
d850b5a3
d84d7949
d84a49c8
d84726ea
d8441080
d8410656
d83e083d
d83b1604
d8382f7d
d8355479
d83284ca
d82fc044
d82d06b9
d82a5800
d827b3eb
d8251a52
d8228b0b
d82005ec
d81d8ace
d81b1989
d818b1f5
d81653ec
d813ff49
d811b3e6
d80f719e
d80d384d
d80b07d0
d808e003
d806c0c4
d804a9f1
d8029b6a
d800950b
d7fd2d6d
d7f94096
d7f56353
d7f19567
d7edd694
d7ea269f
d7e6854c
d7e2f261
d7df6da6
d7dbf6e1
d7d88ddc
d7d53260
d7d1e438
d7cea32d
d7cb6f0d
d7c847a4
d7c52cbf
d7c21e2d
d7bf1bbd
d7bc253f
d7b93a84
d7b65b5c
d7b3879a
d7b0bf10
d7ae0193
d7ab4ef5
d7a8a70d
d7a609af
d7a376b1
d7a0edeb
d79e6f35
d79bfa65
d7998f54
d7972ddd
d794d5d9
d7928722
d7904194
d78e0509
d78bd15f
d789a673
d7878420
d7856a46
d78358c3
d7814f75
d77e9c79
d77aa9f2
d776c715
d772f3a5
d76f2f63
d76b7a15
d767d37f
d7643b66
d760b191
d75d35c7
d759c7d0
d7566776
d7531483
d74fcec1
d74c95fb
d7496a00
d7464a9b
d743379a
d74030ce
d73d3604
d73a470e
d73763bc
d7348be1
d731bf4e
d72efdd7
d72c4751
d7299b8e
d726fa66
d72463ad
d721d73b
d71f54e6
d71cdc86
d71a6df5
d718090a
d715ada0
d7135b90
d71112b7
d70ed2ef
d70c9c14
d70a6e02
d7084898
d7062bb2
d704172f
d7020aee
d70006cd
d6fc1559
d6f82cda
d6f453de
d6f08a27
d6eccf79
d6e92397
d6e58648
d6e1f752
d6de767b
d6db038c
d6d79e4c
d6d44687
d6d0fc06
d6cdbe96
d6ca8e01
d6c76a15
d6c4529f
d6c1476f
d6be4854
d6bb551d
d6b86d9b
d6b591a1
d6b2c0ff
d6affb8a
d6ad4114
d6aa9173
d6a7ec7a
d6a55201
d6a2c1dd
d6a03be4
d69dbff0
d69b4dd8
d698e574
d696869f
d6943133
d691e509
d68fa1fe
d68d67ee
d68b36b3
d6890e2c
d686ee36
d684d6af
d682c776
d680c069
d67d82d0
d67994a6
d675b616
d671e6e1
d66e26ca
d66a7597
d666d30a
d6633eeb
d65fb900
d65c4110
d658d6e5
d6557a47
d6522b01
d64ee8de
d64bb3a9
d6488b2f
d6456f3f
d6425fa5
d63f5c31
d63c64b4
d63978fc
d63698dc
d633c426
d630faac
d62e3c42
d62ce125
d62b88bb
d62a3300
d628dfee
d6278f7f
d62641ae
d624f676
d623add2
d62267bd
d6212432
d61fe32b
d61ea4a3
d61d6897
d61c2eff
d61af7d9
d619c31e
d61890cb
d61760da
d6163346
d615080b
d613df24
d612b88d
d6119440
d610723a
d60f5276
d60e34ef
d60d19a1
d60c0087
d60ae99d
d609d4df
d608c248
d607b1d5
d606a380
d6059745
d6048d21
d603850f
d6027f0c
d6017b12
d600791e
d5fef258
d5fcf670
d5fafe7b
d5f90a73
d5f71a4f
d5f52e07
d5f34594
d5f160ef
d5ef800e
d5eda2ec
d5ebc980
d5e9f3c3
d5e821af
d5e6533a
d5e4885f
d5e2c116
d5e0fd58
d5df3d1f
d5dd8062
d5dbc71b
d5da1143
d5d85ed3
d5d6afc5
d5d50412
d5d35bb3
d5d1b6a1
d5d014d6
d5ce764c
d5ccdafb
d5cb42de
d5c9aded
d5c81c24
d5c68d7b
d5c501ec
d5c37971
d5c1f404
d5c0719f
d5bef23b
d5bd75d4
d5bbfc62
d5ba85e0
d5b91249
d5b7a195
d5b633c1
d5b4c8c4
d5b3609c
d5b1fb40
d5b098ad
d5af38dc
d5addbc7
d5ac816b
d5ab29c0
d5a9d4c2
d5a8826b
d5a732b6
d5a5e59f
d5a49b1e
d5a35330
d5a20dd0
d5a0caf7
d59f8aa2
d59e4ccb
d59d116d
d59bd884
d59aa20a
d5996dfa
d5983c50
d5970d07
d595e01b
d594b585
d5938d43
d592674f
d59143a4
d590223f
d58f031a
d58de631
d58ccb7f
d58bb301
d58a9cb2
d589888d
d588768e
d58766b1
d58658f2
d5854d4c
d58443bc
d5833c3c
d58236c9
d581335f
d58031fa
d57e652c
d57c6a5e
d57a7380
d578808d
d576917c
d574a644
d572bee0
d570db46
d56efb70
d56d1f56
d56b46f1
d5697238
d567a125
d565d3b1
d56409d4
d5624387
d56080c4
d55ec182
d55d05bb
d55b4d69
d5599883
d557e704
d55638e5
d5548e1f
d552e6aa
d5514282
d54fa19e
d54e03f9
d54c698c
d54ad251
d5493e41
d547ad56
d5461f89
d54494d5
d5430d34
d541889f
d540070f
d53e8880
d53d0ceb
d53b944b
d53a1e98
d538abce
d5373be7
d535cedd
d53464aa
d532fd48
d53198b3
d53036e4
d52ed7d5
d52d7b83
d52c21e6
d52acaf9
d52976b8
d528251c
d526d622
d52589c2
d5243ff9
d522f8c1
d521b414
d52071ef
d51f324b
d51df524
d51cba75
d51b8238
d51a4c6a
d5191905
d517e804
d516b963
d5158d1d
d514632d
d5133b8f
d512163e
d510f335
d50fd26f
d50eb3e9
d50d979e
d50c7d89
d50b65a7
d50a4ff1
d5093c65
d5082afe
d5071bb8
d5060e8e
d505037c
d503fa7f
d502f391
d501eeaf
d500ebd5
d4ffd5fd
d4fdd84f
d4fbde99
d4f9e8d2
d4f7f6f3
d4f608f4
d4f41ecd
d4f23876
d4f055e8
d4ee771c
d4ec9c09
d4eac4a9
d4e8f0f4
d4e720e3
d4e5546e
d4e38b8f
d4e1c63e
d4e00474
d4de462a
d4dc8b59
d4dad3fa
d4d92006
d4d76f78
d4d5c246
d4d4186c
d4d271e2
d4d0cea3
d4cf2ea6
d4cd91e6
d4cbf85c
d4ca6202
d4c8ced2
d4c73ec5
d4c5b1d5
d4c427fb
d4c2a133
d4c11d75
d4bf9cbb
d4be1f00
d4bca43d
d4bb2c6d
d4b9b789
d4b8458d
d4b6d671
d4b56a31
d4b400c7
d4b29a2c
d4b1365c
d4afd551
d4ae7705
d4ad1b73
d4abc295
d4aa6c67
d4a918e2
d4a7c801
d4a679c0
d4a52e19
d4a3e506
d4a29e83
d4a15a8a
d4a01917
d49eda24
d49d9dad
d49c63ac
d49b2c1d
d499f6fa
d498c43f
d49793e7
d49665ee
d4953a4e
d4941103
d492ea08
d491c559
d490a2f1
d48f82cc
d48e64e5
d48d4937
d48c2fbe
d48b1877
d48a035b
d488f068
d487df98
d486d0e8
d485c453
d484b9d5
d483b16a
d482ab0e
d481a6bd
d480a472
d47f4853
d47d4bc0
d47b5322
d4795e71
d4776da5
d47580b8
d47397a0
d471b257
d46fd0d4
d46df311
d46c1905
d46a42aa
d4686ff8
d466a0e8
d464d572
d4630d90
d461493a
d45f8869
d45dcb16
d45c113a
d45a5ace
d458a7cc
d456f82d
d4554be9
d453a2fb
d451fd5b
d4505b03
d44ebbed
d44d2012
d44b876b
d449f1f2
d4485fa1
d446d071
d445445d
d443bb5e
d442356d
d440b286
d43f32a1
d43db5b9
d43c3bc8
d43ac4c8
d43950b3
d437df84
d4367133
d43505bd
d4339d1b
d4323747
d430d43c
d42f73f4
d42e166a
d42cbb98
d42b637a
d42a0e09
d428bb40
d4276b1a
d4261d92
d424d2a2
d4238a46
d4224477
d4210132
d41fc071
d41e822f
d41d4666
d41c0d13
d41ad630
d419a1b9
d4186fa8
d4173ff9
d41612a6
d414e7ad
d413bf06
d41298af
d41174a2
d41052db
d40f3355
d40e160c
d40cfafb
d40be21f
d40acb71
d409b6ef
d408a494
d407945c
d4068641
d4057a41
d4047057
d403687f
d40262b4
d4015ef2
d4005d37
d3febaf8
d3fcbf7f
d3fac7f8
d3f8d45c
d3f6e4a4
d3f4f8c7
d3f310be
d3f12c81
d3ef4c09
d3ed6f4f
d3eb964a
d3e9c0f3
d3e7ef44
d3e62134
d3e456bc
d3e28fd6
d3e0cc7b
d3df0ca2
d3dd5046
d3db975f
d3d9e1e6
d3d82fd5
d3d68124
d3d4d5ce
d3d32dcb
d3d18915
d3cfe7a5
d3ce4974
d3ccae7d
d3cb16b8
d3c98220
d3c7f0ad
d3c6625b
d3c4d722
d3c34efc
d3c1c9e4
d3c047d3
d3bec8c3
d3bd4cae
d3bbd38e
d3ba5d5d
d3b8ea16
d3b779b3
d3b60c2e
d3b4a181
d3b339a6
d3b1d498
d3b07252
d3af12cd
d3adb605
d3ac5bf3
d3ab0493
d3a9afdf
d3a85dd2
d3a70e66
d3a5c196
d3a4775e
d3a32fb7
d3a1ea9d
d3a0a80b
d39f67fb
d39e2a69
d39cef50
d39bb6ab
d39a8074
d3994ca7
d3981b40
d396ec39
d395bf8d
d3949539
d3936d37
d3924782
d3912417
d39002f1
d38ee40a
d38dc75f
d38caceb
d38b94aa
d38a7e97
d3896aae
d38858eb
d3874949
d3863bc4
d3853058
d3842701
d3831fbb
d3821a81
d3811750
d3801623
d37e2dec
d37c338b
d37a3d1b
d3784a94
d3765bee
d3747121
d3728a27
d370a6f6
d36ec788
d36cebd6
d36b13d7
d3693f84
d3676ed6
d365a1c6
d363d84d
d3621263
d3605001
d35e9120
d35cd5ba
d35b1dc7
d3596941
d357b820
d3560a5e
d3545ff4
d352b8dc
d351150e
d34f7485
d34dd73a
d34c3d26
d34aa643
d349128b
d34781f7
d345f481
d3446a23
d342e2d7
d3415e96
d33fdd5a
d33e5f1e
d33ce3dc
d33b6b8d
d339f62c
d33883b2
d337141b
d335a760
d3343d7c
d332d668
d3317220
d330109e
d32eb1dc
d32d55d5
d32bfc83
d32aa5e1
d32951e9
d3280097
d326b1e5
d32565ce
d3241c4c
d322d55b
d32190f5
d3204f16
d31f0fb7
d31dd2d5
d31c986a
d31b6072
d31a2ae7
d318f7c5
d317c706
d31698a7
d3156ca2
d31442f3
d3131b95
d311f683
d310d3b9
d30fb333
d30e94eb
d30d78dd
d30c5f06
d30b4760
d30a31e7
d3091e97
d3080d6b
d306fe60
d305f170
d304e699
d303ddd4
d302d720
d301d277
d300cfd5
d2ff9e6c
d2fda12d
d2fba7e5
d2f9b28b
d2f7c118
d2f5d384
d2f3e9c7
d2f203da
d2f021b5
d2ee4351
d2ec68a5
d2ea91ac
d2e8be5c
d2e6eeb0
d2e5229f
d2e35a23
d2e19534
d2dfd3cc
d2de15e3
d2dc5b72
d2daa473
d2d8f0de
d2d740ad
d2d593d9
d2d3ea5b
d2d2442d
d2d0a148
d2cf01a6
d2cd6540
d2cbcc0f
d2ca360d
d2c8a335
d2c7137e
d2c586e5
d2c3fd61
d2c276ed
d2c0f383
d2bf731d
d2bdf5b5
d2bc7b44
d2bb03c6
d2b98f33
d2b81d87
d2b6aebb
d2b542ca
d2b3d9ae
d2b27361
d2b10fdf
d2afaf20
d2ae5120
d2acf5da
d2ab9d47
d2aa4763
d2a8f428
d2a7a391
d2a65598
d2a50a38
d2a3c16d
d2a27b31
d2a1377f
d29ff651
d29eb7a4
d29d7b71
d29c41b4
d29b0a69
d299d589
d298a311
d29772fb
d2964543
d29519e5
d293f0da
d292ca20
d291a5b0
d2908387
d28f63a1
d28e45f7
d28d2a87
d28c114c
d28afa41
d289e561
d288d2aa
d287c215
d286b3a0
d285a745
d2849d01
d28394d0
d2828ead
d2818a94
d2808881
d27f10e1
d27d14bc
d27b1c8c
d2792847
d27737e8
d2754b65
d27362b8
d2717dd8
d26f9cbe
d26dbf62
d26be5be
d26a0fc9
d2683d7c
d2666ed1
d264a3bf
d262dc3f
d261184b
d25f57dc
d25d9ae9
d25be16e
d25a2b61
d25878be
d256c97c
d2551d96
d2537504
d251cfbf
d2502dc3
d24e8f06
d24cf384
d24b5b36
d249c615
d248341c
d246a543
d2451985
d24390db
d2420b3f
d24088ac
d23f091a
d23d8c85
d23c12e6
d23a9c38
d2392874
d237b794
d2364993
d234de6c
d2337618
d2321092
d230add4
d22f4dd8
d22df09a
d22c9614
d22b3e40
d229e919
d228969a
d22746bd
d225f97d
d224aed6
d22366c0
d2222139
d220de3a
d21f9dbe
d21e5fc1
d21d243e
d21beb2f
d21ab48f
d219805b
d2184e8c
d2171f1f
d215f20e
d214c755
d2139eef
d21278d8
d211550a
d2103382
d20f143b
d20df730
d20cdc5d
d20bc3bd
d20aad4c
d2099906
d20886e7
d20776e9
d206690a
d2055d44
d2045393
d2034bf4
d2024662
d20142d9
d2004155
d1fe83a5
d1fc8899
d1fa9180
d1f89e51
d1f6af04
d1f4c392
d1f2dbf3
d1f0f820
d1ef1810
d1ed3bbd
d1eb631f
d1e98e2e
d1e7bce4
d1e5ef38
d1e42524
d1e25ea1
d1e09ba7
d1dedc30
d1dd2034
d1db67ad
d1d9b293
d1d800e0
d1d6528e
d1d4a794
d1d2ffed
d1d15b92
d1cfba7d
d1ce1ca6
d1cc8208
d1caea9c
d1c9565b
d1c7c540
d1c63744
d1c4ac61
d1c32491
d1c19fcd
d1c01e0f
d1be9f53
d1bd2390
d1bbaac2
d1ba34e3
d1b8c1ed
d1b751da
d1b5e4a4
d1b47a45
d1b312b9
d1b1adf8
d1b04bff
d1aeecc7
d1ad904a
d1ac3684
d1aadf6e
d1a98b04
d1a83940
d1a6ea1d
d1a59d96
d1a453a5
d1a30c46
d1a1c772
d1a08526
d19f455c
d19e080f
d19ccd3a
d19b94d9
d19a5ee5
d1992b5b
d197fa36
d196cb71
d1959f07
d19474f3
d1934d32
d19227bd
d1910491
d18fe3a9
d18ec501
d18da894
d18c8e5d
d18b7659
d18a6082
d1894cd5
d1883b4e
d1872be7
d1861e9d
d185136b
d1840a4e
d1830340
d181fe3f
d180fb46
d17ff4a1
d17df6b7
d17bfcc4
d17a06c1
d17814a6
d176266c
d1743c0a
d1725579
d17072b2
d16e93ac
d16cb860
d16ae0c8
d1690cdb
d1673c92
d1656fe6
d163a6d0
d161e149
d1601f49
d15e60c9
d15ca5c3
d15aee30
d1593a08
d1578945
d155dbe1
d15431d4
d1528b17
d150e7a5
d14f4776
d14daa85
d14c10ca
d14a7a40
d148e6df
d14756a2
d145c983
d1443f7a
d142b883
d1413496
d13fb3ae
d13e35c5
d13cbad5
d13b42d8
d139cdc8
d1385b9f
d136ec57
d1357fec
d1341656
d132af90
d1314b96
d12fea60
d12e8bea
d12d302f
d12bd728
d12a80d0
d1292d23
d127dc1a
d1268db1
d12541e2
d123f8a7
d122b1fd
d1216dde
d1202c44
d11eed2b
d11db08e
d11c7667
d11b3eb3
d11a096b
d118d68b
d117a60f
d11677f1
d1154c2e
d11422bf
d112fba1
d111d6cf
d110b444
d10f93fd
d10e75f3
d10d5a23
d10c4089
d10b2920
d10a13e3
d10900cf
d107efde
d106e10e
d105d459
d104c9bb
d103c130
d102bab5
d101b644
d100b3da
d0ff66e7
d0fd6a17
d0fb713c
d0f97c4f
d0f78b48
d0f59e1f
d0f3b4cd
d0f1cf4a
d0efed8d
d0ee0f91
d0ec354d
d0ea5eb9
d0e88bcf
d0e6bc88
d0e4f0db
d0e328c2
d0e16435
d0dfa32f
d0dde5a6
d0dc2b96
d0da74f6
d0d8c1c0
d0d711ec
d0d56576
d0d3bc54
d0d21682
d0d073f8
d0ced4b0
d0cd38a3
d0cb9fcb
d0ca0a22
d0c877a1
d0c6e841
d0c55bfe
d0c3d2cf
d0c24cb0
d0c0c99b
d0bf4988
d0bdcc72
d0bc5254
d0badb27
d0b966e6
d0b7f58a
d0b6870e
d0b51b6c
d0b3b29e
d0b24c9f
d0b0e96a
d0af88f8
d0ae2b44
d0acd049
d0ab7801
d0aa2267
d0a8cf76
d0a77f27
d0a63177
d0a4e660
d0a39ddc
d0a257e7
d0a1147b
d09fd393
d09e952b
d09d593d
d09c1fc4
d09ae8bc
d099b420
d09881ea
d0975216
d09624a0
d094f982
d093d0b9
d092aa3e
d091860e
d0906424
d08f447c
d08e2711
d08d0bde
d08bf2e0
d08adc11
d089c76e
d088b4f2
d087a499
d086965e
d0858a3e
d0848034
d083783c
d0827252
d0816e71
d0806c97
d07ed97b
d07cddc4
d07ae601
d078f22a
d0770236
d075161e
d0732ddb
d0714964
d06f68b3
d06d8bbf
d06bb281
d069dcf3
d0680b0b
d0663cc4
d0647216
d062aaf9
d060e768
d05f2759
d05d6ac8
d05bb1ac
d059fbff
d05849ba
d0569ad6
d054ef4c
d0534716
d051a22e
d050008b
d04e6229
d04cc701
d04b2f0b
d0499a42
d04808a0
d0467a1e
d044eeb5
d0436661
d041e11a
d0405eda
d03edf9c
d03d635a
d03bea0d
d03a73b0
d039003c
d0378fad
d03621fc
d034b723
d0334f1d
d031e9e5
d0308774
d02f27c5
d02dcad3
d02c7098
d02b190f
d029c432
d02871fc
d0272268
d025d571
d0248b11
d0234343
d021fe02
d020bb49
d01f7b13
d01e3d5b
d01d021c
d01bc951
d01a92f5
d0195f04
d0182d78
d016fe4c
d015d17d
d014a705
d0137edf
d0125908
d011357a
d0101430
d00ef527
d00dd85a
d00cbdc4
d00ba562
d00a8f2d
d0097b24
d0086940
d007597d
d0064bd8
d005404c
d00436d6
d0032f70
d0022a16
d00126c6
d000257a
cffe4c5d
cffc51c0
cffa5b14
cff86851
cff67970
cff48e69
cff2a734
cff0c3c9
cfeee422
cfed0836
cfeb2fff
cfe95b74
cfe78a8e
cfe5bd47
cfe3f397
cfe22d77
cfe06adf
cfdeabc9
cfdcf02d
cfdb3806
cfd9834b
cfd7d1f6
cfd62401
cfd47964
cfd2d219
cfd12e19
cfcf8d5e
cfcdefe2
cfcc559d
cfcabe89
cfc92aa1
cfc799dd
cfc60c37
cfc481aa
cfc2fa2e
cfc175bf
cfbff455
cfbe75ec
cfbcfa7c
cfbb8200
cfba0c72
cfb899cc
cfb72a09
cfb5bd22
cfb45312
cfb2ebd4
cfb18761
cfb025b4
cfaec6c8
cfad6a97
cfac111c
cfaaba51
cfa96631
cfa814b7
cfa6c5dd
cfa5799e
cfa42ff4
cfa2e8dc
cfa1a44f
cfa06249
cf9f22c4
cf9de5bc
cf9cab2c
cf9b730e
cf9a3d5e
cf990a17
cf97d934
cf96aab1
cf957e88
cf9454b5
cf932d33
cf9207ff
cf90e512
cf8fc469
cf8ea5ff
cf8d89cf
cf8c6fd6
cf8b580e
cf8a4274
cf892f03
cf881db7
cf870e8b
cf86017b
cf84f684
cf83eda0
cf82e6cc
cf81e203
cf80df42
cf7fbd0a
cf7dbf8e
cf7bc609
cf79d073
cf77dec5
cf75f0f5
cf7406fe
cf7220d7
cf703e78
cf6e5fdb
cf6c84f6
cf6aadc4
cf68da3d
cf670a59
cf653e11
cf63755e
cf61b039
cf5fee9b
cf5e307c
cf5c75d7
cf5abea3
cf590ada
cf575a75
cf55ad6e
cf5403bd
cf525d5d
cf50ba46
cf4f1a71
cf4d7dda
cf4be478
cf4a4e46
cf48bb3d
cf472b57
cf459e8d
cf4414da
cf428e38
cf410a9f
cf3f8a0b
cf3e0c75
cf3c91d7
cf3b1a2c
cf39a56d
cf383394
cf36c49d
cf355880
cf33ef39
cf3288c1
cf312514
cf2fc42b
cf2e6601
cf2d0a91
cf2bb1d5
cf2a5bc8
cf290864
cf27b7a5
cf266984
cf251dfd
cf23d50a
cf228ea7
cf214ace
cf20097a
cf1ecaa6
cf1d8e4e
cf1c546c
cf1b1cfb
cf19e7f6
cf18b559
cf17851f
cf165743
cf152bc0
cf140293
cf12dbb5
cf11b722
cf1094d7
cf0f74cd
cf0e5702
cf0d3b70
cf0c2213
cf0b0ae6
cf09f5e6
cf08e30d
cf07d258
cf06c3c2
cf05b748
cf04ace4
cf03a493
cf029e50
cf019a18
cf0097e6
ceff2f6e
cefd330c
cefb3a9f
cef9461f
cef75584
cef568c7
cef37fdf
cef19ac5
ceefb971
ceeddbdc
ceec01ff
ceea2bd2
cee8594d
cee68a6a
cee4bf21
cee2f76b
cee13341
cedf729c
ceddb574
cedbfbc4
ceda4583
ced892ac
ced6e336
ced5371c
ced38e58
ced1e8e1
ced046b2
cecea7c4
cecd0c11
cecb7392
cec9de40
cec84c16
cec6bd0e
cec53120
cec3a847
cec2227d
cec09fbb
cebf1ffc
cebda339
cebc296d
cebab292
ceb93ea1
ceb7cd95
ceb65f69
ceb4f416
ceb38b96
ceb225e5
ceb0c2fd
ceaf62d8
ceae0570
ceacaac0
ceab52c3
cea9fd73
cea8aacb
cea75ac6
cea60d5f
cea4c28f
cea37a53
cea234a4
cea0f17e
ce9fb0dc
ce9e72b9
ce9d3710
ce9bfddb
ce9ac717
ce9992bd
ce9860ca
ce973139
ce960404
ce94d927
ce93b09e
ce928a63
ce916673
ce9044c8
ce8f255e
ce8e0831
ce8ced3c
ce8bd47a
ce8abde8
ce89a981
ce889741
ce878723
ce867923
ce856d3d
ce84636d
ce835bae
ce8255fd
ce815255
ce8050b2
ce7ea221
ce7ca6d9
ce7aaf83
ce78bc18
ce76cc90
ce74e0e3
ce72f90a
ce7114fc
ce6f34b3
ce6d5827
ce6b7f50
ce69aa27
ce67d8a5
ce660ac2
ce644078
ce6279be
ce60b68e
ce5ef6e2
ce5d3ab1
ce5b81f5
ce59cca7
ce581ac0
ce566c39
ce54c10d
ce531933
ce5174a6
ce4fd35e
ce4e3556
ce4c9a87
ce4b02ea
ce496e79
ce47dd2e
ce464f02
ce44c3f0
ce433bf0
ce41b6fe
ce403512
ce3eb628
ce3d3a38
ce3bc13d
ce3a4b31
ce38d80e
ce3767cf
ce35fa6d
ce348fe3
ce33282b
ce31c340
ce30611d
ce2f01ba
ce2da514
ce2c4b24
ce2af3e5
ce299f53
ce284d66
ce26fe1b
ce25b16c
ce246754
ce231fcd
ce21dad3
ce209860
ce1f5870
ce1e1afd
ce1ce002
ce1ba77b
ce1a7163
ce193db4
ce180c6a
ce16dd81
ce15b0f3
ce1486bb
ce135ed6
ce12393f
ce1115f0
ce0ff4e5
ce0ed61b
ce0db98b
ce0c9f33
ce0b870d
ce0a7115
ce095d47
ce084b9f
ce073c17
ce062ead
ce05235b
ce041a1e
ce0312f1
ce020dd1
ce010ab9
ce0009a5
cdfe1522
cdfc1af2
cdfa24b3
cdf8325d
cdf643e7
cdf4594b
cdf27280
cdf08f7e
cdeeb03f
cdecd4bb
cdeafcea
cde928c5
cde75844
cde58b61
cde3c214
cde1fc57
cde03a21
cdde7b6c
cddcc031
cddb0869
cdd9540d
cdd7a316
cdd5f57e
cdd44b3e
cdd2a44f
cdd100ab
cdcf604a
cdcdc327
cdcc293b
cdca9280
cdc8feef
cdc76e82
cdc5e133
cdc456fc
cdc2cfd5
cdc14bba
cdbfcaa4
cdbe4c8e
cdbcd170
cdbb5946
cdb9e409
cdb871b4
cdb70240
cdb595a9
cdb42be8
cdb2c4f7
cdb160d2
cdafff72
cdaea0d2
cdad44ed
cdabebbd
cdaa953c
cda94166
cda7f035
cda6a1a4
cda555ad
cda40c4b
cda2c57a
cda18134
cda03f73
cd9f0034
cd9dc371
cd9c8925
cd9b514b
cd9a1bde
cd98e8da
cd97b839
cd9689f7
cd955e10
cd94347d
cd930d3c
cd91e847
cd90c599
cd8fa52f
cd8e8703
cd8d6b11
cd8c5155
cd8b39cb
cd8a246d
cd891138
cd880027
cd86f136
cd85e460
cd84d9a3
cd83d0f8
cd82ca5d
cd81c5ce
cd80c345
cd7f857e
cd7d8871
cd7b8f5a
cd799a31
cd77a8ee
cd75bb8b
cd73d1fe
cd71ec40
cd700a4a
cd6e2c14
cd6c5197
cd6a7acc
cd68a7aa
cd66d82b
cd650c47
cd6343f7
cd617f35
cd5fbdf8
cd5e003a
cd5c45f5
cd5a8f20
cd58dbb6
cd572baf
cd557f05
cd53d5b1
cd522fac
cd508cf0
cd4eed76
cd4d5138
cd4bb82f
cd4a2255
cd488fa4
cd470014
cd4573a1
cd43ea44
cd4263f6
cd40e0b2
cd3f6071
cd3de32e
cd3c68e3
cd3af189
cd397d1b
cd380b92
cd369cea
cd35311d
cd33c824
cd3261fa
cd30fe9a
cd2f9dfe
cd2e4020
cd2ce4fc
cd2b8c8b
cd2a36c8
cd28e3ae
cd279337
cd26455f
cd24fa20
cd23b175
cd226b59
cd2127c6
cd1fe6b8
cd1ea829
cd1d6c16
cd1c3277
cd1afb4a
cd19c689
cd18942e
cd176436
cd16369c
cd150b5a
cd13e26d
cd12bbcf
cd11977c
cd107570
cd0f55a5
cd0e3818
cd0d1cc3
cd0c03a3
cd0aecb3
cd09d7ef
cd08c552
cd07b4d8
cd06a67d
cd059a3d
cd049013
cd0387fb
cd0281f1
cd017df2
cd007bf8
ccfef801
ccfcfc0e
ccfb040e
ccf90ffb
ccf71fcc
ccf53379
ccf34afc
ccf1664b
ccef8560
cceda833
ccebcebd
cce9f8f5
cce826d6
cce65858
cce48d73
cce2c620
cce10258
ccdf4214
ccdd854d
ccdbcbfc
ccda161b
ccd863a2
ccd6b48a
ccd508cd
ccd36065
ccd1bb49
ccd01975
ccce7ae1
ccccdf88
cccb4761
ccc9b268
ccc82095
ccc691e4
ccc5064c
ccc37dc8
ccc1f853
ccc075e5
ccbef679
ccbd7a09
ccbc008f
ccba8a05
ccb91665
ccb7a5a9
ccb637cc
ccb4ccc8
ccb36497
ccb1ff34
ccb09c99
ccaf3cc0
ccaddfa4
ccac853f
ccab2d8d
cca9d887
cca88629
cca7366d
cca5e94e
cca49ec6
cca356d1
cca21169
cca0ce8a
cc9f8e2d
cc9e504f
cc9d14ea
cc9bdbfa
cc9aa579
cc997162
cc983fb2
cc971062
cc95e36f
cc94b8d3
cc93908a
cc926a8f
cc9146de
cc902572
cc8f0647
cc8de958
cc8ccea0
cc8bb61c
cc8a9fc6
cc898b9b
cc887996
cc8769b3
cc865bee
cc855042
cc8446ac
cc833f26
cc8239ae
cc81363e
cc8034d3
cc7e6ad3
cc7c6ff9
cc7a7910
cc788612
cc7696f5
cc74abb3
cc72c444
cc70e0a0
cc6f00bf
cc6d249a
cc6b4c2a
cc697767
cc67a64a
cc65d8cc
cc640ee5
cc62488e
cc6085c0
cc5ec674
cc5d0aa4
cc5b5248
cc599d58
cc57ebd0
cc563da7
cc5492d7
cc52eb59
cc514727
cc4fa63b
cc4e088c
cc4c6e16
cc4ad6d2
cc4942b9
cc47b1c5
cc4623f0
cc449933
cc431189
cc418ceb
cc400b53
cc3e8cbc
cc3d111e
cc3b9875
cc3a22ba
cc38afe8
cc373ff9
cc35d2e7
cc3468ab
cc330142
cc319ca5
cc303ace
cc2edbb7
cc2d7f5d
cc2c25b8
cc2acec4
cc297a7b
cc2828d8
cc26d9d6
cc258d6f
cc24439f
cc22fc5f
cc21b7ac
cc20757f
cc1f35d4
cc1df8a6
cc1cbdf0
cc1b85ac
cc1a4fd7
cc191c6c
cc17eb64
cc16bcbc
cc159070
cc146679
cc133ed4
cc12197c
cc10f66d
cc0fd5a1
cc0eb715
cc0d9ac3
cc0c80a8
cc0b68bf
cc0a5304
cc093f72
cc082e05
cc071eb8
cc061188
cc050671
cc03fd6d
cc02f67a
cc01f192
cc00eeb2
cbffdbab
cbfdddf2
cbfbe431
cbf9ee5f
cbf7fc75
cbf60e6b
cbf42439
cbf23dd7
cbf05b3f
cbee7c68
cbeca14b
cbeac9e0
cbe8f621
cbe72605
cbe55986
cbe3909d
cbe1cb41
cbe0096d
cbde4b19
cbdc903f
cbdad8d6
cbd924d9
cbd77440
cbd5c706
cbd41d22
cbd2768f
cbd0d346
cbcf3340
cbcd9677
cbcbfce4
cbca6681
cbc8d348
cbc74332
cbc5b639
cbc42c57
cbc2a585
cbc121bf
cbbfa0fc
cbbe2339
cbbca86d
cbbb3095
cbb9bba9
cbb849a4
cbb6da81
cbb56e38
cbb404c6
cbb29e23
cbb13a4c
cbafd938
cbae7ae5
cbad1f4b
cbabc666
cbaa7030
cba91ca3
cba7cbbb
cba67d73
cba531c4
cba3e8aa
cba2a21f
cba15e20
cba01ca5
cb9eddab
cb9da12d
cb9c6725
cb9b2f8f
cb99fa65
cb98c7a4
cb979745
cb966945
cb953d9e
cb94144d
cb92ed4c
cb91c896
cb90a628
cb8f85fc
cb8e680e
cb8d4c5a
cb8c32dc
cb8b1b8d
cb8a066c
cb88f372
cb87e29d
cb86d3e6
cb85c74c
cb84bcc8
cb83b457
cb82adf5
cb81a99e
cb80a74d
cb7f4dff
cb7d5160
cb7b58b7
cb7963fb
cb777324
cb75862b
cb739d09
cb71b7b5
cb6fd628
cb6df85a
cb6c1e44
cb6a47de
cb687522
cb66a607
cb64da87
cb63129b
cb614e3a
cb5f8d5f
cb5dd003
cb5c161d
cb5a5fa8
cb58ac9c
cb56fcf3
cb5550a6
cb53a7ae
cb520205
cb505fa4
cb4ec084
cb4d24a0
cb4b8bf0
cb49f66e
cb486414
cb46d4dc
cb4548bf
cb43bfb7
cb4239be
cb40b6ce
cb3f36e0
cb3db9f0
cb3c3ff7
cb3ac8ee
cb3954d1
cb37e399
cb367541
cb3509c2
cb33a118
cb323b3c
cb30d829
cb2f77d9
cb2e1a48
cb2cbf6f
cb2b6748
cb2a11d0
cb28beff
cb276ed2
cb262142
cb24d64b
cb238de7
cb224812
cb2104c5
cb1fc3fd
cb1e85b4
cb1d49e5
cb1c108b
cb1ad9a1
cb19a522
cb18730b
cb174355
cb1615fc
cb14eafb
cb13c24e
cb129bf0
cb1177dd
cb10560f
cb0f3683
cb0e1934
cb0cfe1d
cb0be53a
cb0ace87
cb09b9fe
cb08a79d
cb07975f
cb06893e
cb057d38
cb047348
cb036b6a
cb026599
cb0161d2
cb006010
cafec0a1
cafcc51c
cafacd8a
caf8d9e3
caf6ea1f
caf4fe38
caf31624
caf131dd
caef515a
caed7495
caeb9b85
cae9c624
cae7f46a
cae62650
cae45bcf
cae294de
cae0d179
cadf1196
cadd5530
cadb9c3f
cad9e6bd
cad834a2
cad685e8
cad4da88
cad3327c
cad18dbc
cacfec43
cace4e09
caccb308
cacb1b3b
cac98699
cac7f51e
cac666c3
cac4db81
cac35353
cac1ce32
cac04c18
cabeccff
cabd50e2
cabbd7ba
caba6181
cab8ee32
cab77dc6
cab61039
cab4a583
cab33da1
cab1d88b
cab0763d
caaf16b0
caadb9e0
caac5fc7
caab085f
caa9b3a4
caa8618f
caa7121c
caa5c545
caa47b05
caa3d6dc
caa33357
caa29075
caa1ee36
caa14c99
caa0ab9c
caa00b41
ca9f6b86
ca9ecc6a
ca9e2ded
ca9d900e
ca9cf2cc
ca9c5628
ca9bba20
ca9b1eb4
ca9a83e2
ca99e9ac
ca99500f
ca98b70b
ca981ea0
ca9786ce
ca96ef93
ca9658ee
ca95c2e1
ca952d69
ca949886
ca940437
ca93707d
ca92dd56
ca924ac2
ca91b8c0
ca912750
ca909672
ca900623
ca8f7665
ca8ee736
ca8e5897
ca8dca85
ca8d3d01
ca8cb00b
ca8c23a1
ca8b97c3
ca8b0c71
ca8a81aa
ca89f76e
ca896dbb
ca88e492
ca885bf2
ca87d3da
ca874c4a
ca86c541
ca863ebf
ca85b8c4
ca85334e
ca84ae5d
ca8429f1
ca83a609
ca8322a5
ca829fc3
ca821d65
ca819b88
ca811a2e
ca809954
ca8018fb
ca7f3244
ca7e3391
ca7d35dc
ca7c3925
ca7b3d69
ca7a42aa
ca7948e4
ca785017
ca775843
ca766167
ca756b80
ca74768f
ca738293
ca728f8a
ca719d73
ca70ac4f
ca6fbc1a
ca6eccd6
ca6dde80
ca6cf119
ca6c049e
ca6b190f
ca6a2e6c
ca6944b2
ca685be2
ca6773fa
ca668cfa
ca65a6e0
ca64c1ac
ca63dd5c
ca62f9f1
ca621768
ca6135c1
ca6054fc
ca5f7517
ca5e9612
ca5db7eb
ca5cdaa2
ca5bfe35
ca5b22a5
ca5a47f0
ca596e15
ca589513
ca57bcea
ca56e599
ca560f1f
ca55397b
ca5464ac
ca5390b1
ca52bd8a
ca51eb36
ca5119b3
ca504902
ca4f7921
ca4eaa0f
ca4ddbcc
ca4d0e57
ca4c41b0
ca4b75d4
ca4aaac4
ca49e07e
ca491702
ca484e50
ca478665
ca46bf43
ca45f8e7
ca453351
ca446e80
ca43aa73
ca42e72b
ca4224a5
ca4162e1
ca40a1df
ca3fe19d
ca3f221b
ca3e6359
ca3da554
ca3ce80e
ca3c2b84
ca3b6fb6
ca3ab4a4
ca39fa4d
ca3940b0
ca3887cb
ca37cfa0
ca37182c
ca36616f
ca35ab69
ca34f618
ca34417c
ca338d95
ca32da61
ca3227e0
ca317611
ca30c4f4
ca301487
ca2f64ca
ca2eb5bd
ca2e075f
ca2d59ae
ca2cacab
ca2c0054
ca2b54aa
ca2aa9ab
ca29ff56
ca2955ac
ca28acab
ca280452
ca275ca2
ca26b599
ca260f37
ca25697a
ca24c463
ca241ff1
ca237c23
ca22d8f9
ca223671
ca21948c
ca20f348
ca2052a5
ca1fb2a2
ca1f1340
ca1e747c
ca1dd656
ca1d38cf
ca1c9be5
ca1bff97
ca1b63e5
ca1ac8cf
ca1a2e53
ca199472
ca18fb2a
ca18627b
ca17ca65
ca1732e6
ca169bff
ca1605ae
ca156ff4
ca14dace
ca14463e
ca13b242
ca131ed9
ca128c04
ca11f9c1
ca116810
ca10d6f0
ca104662
ca0fb664
ca0f26f5
ca0e9815
ca0e09c5
ca0d7c02
ca0ceecc
ca0c6224
ca0bd608
ca0b4a78
ca0abf73
ca0a34f9
ca09ab09
ca0921a2
ca0898c5
ca081071
ca0788a4
ca07015f
ca067aa1
ca05f46a
ca056eb8
ca04e98c
ca0464e5
ca03e0c2
ca035d23
ca02da08
ca02576f
ca01d559
ca0153c4
ca00d2b1
ca00521f
c9ffa419
c9fea4f5
c9fda6cf
c9fca9a7
c9fbad7b
c9fab24c
c9f9b816
c9f8bedb
c9f7c698
c9f6cf4d
c9f5d8f9
c9f4e39b
c9f3ef32
c9f2fbbd
c9f2093a
c9f117aa
c9f0270a
c9ef375b
c9ee489b
c9ed5aca
c9ec6de6
c9eb81ee
c9ea96e1
c9e9acc0
c9e8c388
c9e7db38
c9e6f3d1
c9e60d50
c9e527b6
c9e44301
c9e35f30
c9e27c42
c9e19a37
c9e0b90d
c9dfd8c4
c9def95b
c9de1ad1
c9dd3d25
c9dc6057
c9db8465
c9daa94e
c9d9cf12
c9d8f5af
c9d81d26
c9d74575
c9d66e9b
c9d59897
c9d4c369
c9d3ef10
c9d31b8b
c9d248d9
c9d176f9
c9d0a5eb
c9cfd5ad
c9cf063f
c9ce37a0
c9cd69cf
c9cc9ccc
c9cbd096
c9cb052b
c9ca3a8b
c9c970b5
c9c8a7a9
c9c7df66
c9c717ea
c9c65136
c9c58b48
c9c4c61f
c9c401bb
c9c33e1b
c9c27b3f
c9c1b924
c9c0f7cc
c9c03735
c9bf775d
c9beb846
c9bdf9ed
c9bd3c52
c9bc7f74
c9bbc352
c9bb07ed
c9ba4d42
c9b99352
c9b8da1b
c9b8219e
c9b769d8
c9b6b2ca
c9b5fc72
c9b546d1
c9b491e4
c9b3ddad
c9b32a29
c9b27758
c9b1c53a
c9b113cd
c9b06312
c9afb307
c9af03ac
c9ae54ff
c9ada701
c9acf9b1
c9ac4d0e
c9aba117
c9aaf5cb
c9aa4b2b
c9a9a135
c9a8f7e8
c9a84f45
c9a7a74a
c9a6fff6
c9a65949
c9a5b343
c9a50de3
c9a46927
c9a3c510
c9a3219d
c9a27ecd
c9a1dc9f
c9a13b13
c9a09a29
c99ff9df
c99f5a35
c99ebb2a
c99e1cbe
c99d7ef0
c99ce1c0
c99c452d
c99ba936
c99b0dda
c99a731a
c999d8f4
c9993f68
c998a675
c9980e1b
c9977658
c996df2e
c996489a
c995b29c
c9951d34
c9948862
c993f423
c9936079
c992cd62
c9923ade
c991a8ec
c991178c
c99086bd
c98ff67e
c98f66d0
c98ed7b1
c98e4920
c98dbb1e
c98d2daa
c98ca0c3
c98c1468
c98b889a
c98afd57
c98a729f
c989e871
c9895ece
c988d5b4
c9884d22
c987c519
c9873d98
c986b69e
c986302a
c985aa3d
c98524d6
c9849ff3
c9841b96
c98397bc
c9831466
c9829193
c9820f43
c9818d74
c9810c28
c9808b5c
c9800b11
c97f168b
c97e17f4
c97d1a5b
c97c1dbf
c97b221f
c97a277b
c9792dd0
c978351f
c9773d65
c97646a3
c97550d8
c9745c01
c9736820
c9727531
c9718335
c970922a
c96fa210
c96eb2e6
c96dc4aa
c96cd75c
c96beafb
c96aff86
c96a14fc
c9692b5c
c96842a5
c9675ad6
c96673ef
c9658dee
c964a8d3
c963c49c
c962e149
c961fed9
c9611d4b
c9603c9e
c95f5cd2
c95e7de4
c95d9fd5
c95cc2a4
c95be650
c95b0ad7
c95a303a
c9595677
c9587d8d
c957a57b
c956ce41
c955f7de
c9552251
c9544d9a
c95379b6
c952a6a6
c951d468
c95102fd
c9503262
c94f6298
c94e939d
c94dc570
c94cf812
c94c2b80
c94b5fba
c94a94c0
c949ca90
c949012b
c948388e
c94770b9
c946a9ac
c945e366
c9451de5
c944592a
c9439533
c942d1ff
c9420f8e
c9414de0
c9408cf2
c93fccc6
c93f0d59
c93e4eab
c93d90bb
c93cd389
c93c1714
c93b5b5a
c93aa05d
c939e61a
c9392c90
c93873c0
c937bba8
c9370449
c9364da0
c93597ad
c934e270
c9342de8
c9337a14
c932c6f4
c9321486
c93162ca
c930b1c0
c9300167
c92f51bd
c92ea2c3
c92df477
c92d46da
c92c99e9
c92beda6
c92b420e
c92a9721
c929ecdf
c9294347
c9289a59
c927f212
c9274a74
c926a37d
c925fd2d
c9255783
c924b27e
c9240e1e
c9236a61
c922c749
c92224d3
c92182ff
c920e1cc
c920413b
c91fa14a
c91f01f8
c91e6346
c91dc531
c91d27bb
c91c8ae2
c91beea5
c91b5304
c91ab7ff
c91a1d94
c91983c3
c918ea8c
c91851ee
c917b9e8
c917227a
c9168ba3
c915f563
c9155fb8
c914caa3
c9143623
c913a237
c9130ede
c9127c19
c911e9e6
c9115845
c910c735
c91036b6
c90fa6c7
c90f1768
c90e8898
c90dfa57
c90d6ca3
c90cdf7d
c90c52e4
c90bc6d7
c90b3b56
c90ab061
c90a25f6
c9099c15
c90912bd
c90889ef
c90801a9
c90779eb
c906f2b5
c9066c06
c905e5dd
c905603a
c904db1c
c9045684
c903d26f
c9034ede
c902cbd1
c9024947
c901c73e
c90145b8
c900c4b3
c900442e
c8ff8855
c8fe894c
c8fd8b42
c8fc8e35
c8fb9225
c8fa9710
c8f99cf6
c8f8a3d6
c8f7abae
c8f6b47e
c8f5be45
c8f4c902
c8f3d4b3
c8f2e158
c8f1eef0
c8f0fd7a
c8f00cf5
c8ef1d5f
c8ee2eba
c8ed4102
c8ec5437
c8eb6859
c8ea7d66
c8e9935e
c8e8aa3f
c8e7c209
c8e6dabb
c8e5f453
c8e50ed2
c8e42a35
c8e3467d
c8e263a8
c8e181b6
c8e0a0a4
c8dfc074
c8dee123
c8de02b1
c8dd251e
c8dc4867
c8db6c8c
c8da918d
c8d9b769
c8d8de1e
c8d805ad
c8d72e13
c8d65750
c8d58164
c8d4ac4d
c8d3d80b
c8d3049d
c8d23201
c8d16038
c8d08f41
c8cfbf1a
c8ceefc2
c8ce213a
c8cd5380
c8cc8693
c8cbba72
c8caef1d
c8ca2494
c8c95ad4
c8c891de
c8c7c9b0
c8c7024a
c8c63bab
c8c575d2
c8c4b0bf
c8c3ec71
c8c328e6
c8c2661f
c8c1a41a
c8c0e2d6
c8c02254
c8bf6291
c8bea38e
c8bde54a
c8bd27c4
c8bc6afa
c8bbaeed
c8baf39c
c8ba3906
c8b97f2a
c8b8c607
c8b80d9e
c8b755ec
c8b69ef1
c8b5e8ae
c8b53320
c8b47e47
c8b3ca23
c8b316b3
c8b263f5
c8b1b1eb
c8b10091
c8b04fe9
c8af9ff1
c8aef0a9
c8ae4210
c8ad9425
c8ace6e7
c8ac3a57
c8ab8e72
c8aae33a
c8aa38ac
c8a98ec8
c8a8e58e
c8a83cfd
c8a79514
c8a6edd2
c8a64738
c8a5a144
c8a4fbf5
c8a4574c
c8a3b346
c8a30fe5
c8a26d26
c8a1cb0a
c8a12990
c8a088b7
c89fe87e
c89f48e6
c89ea9ec
c89e0b92
c89d6dd5
c89cd0b6
c89c3433
c89b984d
c89afd03
c89a6253
c899c83e
c8992ec2
c89895e0
c897fd96
c89765e5
c896ceca
c8963847
c895a25a
c8950d02
c894783f
c893e411
c8935077
c892bd70
c8922afc
c891991a
c89107ca
c890770a
c88fe6db
c88f573c
c88ec82d
c88e39ac
c88dabb9
c88d1e54
c88c917c
c88c0531
c88b7972
c88aee3e
c88a6395
c889d977
c8894fe2
c888c6d7
c8883e54
c887b65a
c8872ee7
c886a7fc
c8862197
c8859bb8
c885165f
c884918c
c8840d3c
c8838971
c8830629
c8828364
c8820122
c8817f62
c880fe23
c8807d66
c87ffa51
c87efad6
c87dfc5b
c87cfedd
c87c025d
c87b06d8
c87a0c4f
c87912bf
c8781a29
c877228a
c8762be3
c8753632
c8744177
c8734daf
c8725adb
c87168f9
c8707809
c86f8809
c86e98f8
c86daad6
c86cbda2
c86bd15b
c86ae5ff
c869fb8f
c8691208
c868296a
c86741b5
c8665ae7
c86574ff
c8648ffc
c863abde
c862c8a4
c861e64d
c86104d7
c8602443
c85f448e
c85e65b9
c85d87c3
c85caaaa
c85bce6d
c85af30c
c85a1887
c8593edb
c8586609
c8578e0f
c856b6ec
c855e0a1
c8550b2b
c854368a
c85362bd
c8528fc4
c851bd9e
c850ec49
c8501bc5
c84f4c11
c84e7d2c
c84daf16
c84ce1ce
c84c1552
c84b49a3
c84a7ebf
c849b4a5
c848eb55
c84822ce
c8475b10
c8469418
c845cde7
c845087c
c84443d6
c8437ff4
c842bcd6
c841fa7a
c84138e0
c8407808
c83fb7f0
c83ef898
c83e39ff
c83d7c24
c83cbf06
c83c02a5
c83b4701
c83a8c17
c839d1e8
c8391873
c8385fb7
c837a7b3
c836f067
c83639d2
c83583f4
c834ceca
c8341a56
c8336695
c832b388
c832012e
c8314f86
c8309e8f
c82fee48
c82f3eb2
c82e8fcb
c82de192
c82d3407
c82c872a
c82bdaf9
c82b2f74
c82a849a
c829da6a
c82930e5
c8288808
c827dfd4
c8273848
c8269164
c825eb25
c825458d
c824a09a
c823fc4c
c82358a1
c822b59a
c8221336
c8217174
c820d053
c8202fd3
c81f8ff3
c81ef0b3
c81e5211
c81db40e
c81d16a9
c81c79e1
c81bddb5
c81b4225
c81aa731
c81a0cd7
c8197317
c818d9f0
c8184163
c817a96d
c8171210
c8167b49
c815e519
c8154f7f
c814ba7a
c8142609
c813922d
c812fee5
c8126c2f
c811da0c
c811487b
c810b77b
c810270c
c80f972d
c80f07dd
c80e791d
c80deaeb
c80d5d47
c80cd030
c80c43a6
c80bb7a9
c80b2c37
c80aa150
c80a16f4
c8098d22
c80903da
c8087b1a
c807f2e3
c8076b34
c806e40d
c8065d6c
c805d752
c80551bd
c804ccae
c8044824
c803c41e
c803409b
c802bd9c
c8023b20
c801b926
c80137ad
c800b6b6
c8003640
c7ff6c93
c7fe6da6
c7fd6fb7
c7fc72c6
c7fb76d2
c7fa7bd8
c7f981da
c7f888d4
c7f790c8
c7f699b2
c7f5a394
c7f4ae6b
c7f3ba37
c7f2c6f6
c7f1d4a8
c7f0e34d
c7eff2e2
c7ef0366
c7ee14da
c7ed273c
c7ec3a8c
c7eb4ec7
c7ea63ee
c7e979ff
c7e890f9
c7e7a8dd
c7e6c1a7
c7e5db59
c7e4f5f0
c7e4116d
c7e32dcd
c7e24b11
c7e16937
c7e0883e
c7dfa826
c7dec8ee
c7ddea94
c7dd0d18
c7dc3079
c7db54b7
c7da79d0
c7d99fc3
c7d8c690
c7d7ee36
c7d716b3
c7d64008
c7d56a33
c7d49533
c7d3c108
c7d2edb1
c7d21b2d
c7d1497a
c7d07899
c7cfa889
c7ced948
c7ce0ad6
c7cd3d32
c7cc705b
c7cba451
c7cad912
c7ca0e9f
c7c944f5
c7c87c15
c7c7b3fd
c7c6ecac
c7c62623
c7c56060
c7c49b62
c7c3d729
c7c313b3
c7c25101
c7c18f11
c7c0cde3
c7c00d75
c7bf4dc8
c7be8ed9
c7bdd0aa
c7bd1338
c7bc5683
c7bb9a8a
c7badf4e
c7ba24cc
c7b96b04
c7b8b1f5
c7b7f9a0
c7b74202
c7b68b1b
c7b5d4eb
c7b51f71
c7b46aac
c7b3b69c
c7b3033f
c7b25095
c7b19e9d
c7b0ed57
c7b03cc2
c7af8cde
c7aedda9
c7ae2f22
c7ad814a
c7acd41f
c7ac27a2
c7ab7bd0
c7aad0aa
c7aa262e
c7a97c5d
c7a8d335
c7a82ab7
c7a782e0
c7a6dbb1
c7a63528
c7a58f46
c7a4ea09
c7a44572
c7a3a17e
c7a2fe2f
c7a25b82
c7a1b977
c7a1180f
c7a07747
c79fd720
c79f3799
c79e98b0
c79dfa67
c79d5cbb
c79cbfad
c79c233c
c79b8767
c79aec2d
c79a518e
c799b78a
c7991e1f
c798854d
c797ed14
c7975573
c796be69
c79627f6
c7959219
c794fcd1
c794681f
c793d401
c7934077
c792ad80
c7921b1c
c7918949
c790f809
c7906759
c78fd73a
c78f47aa
c78eb8aa
c78e2a39
c78d9c56
c78d0f00
c78c8238
c78bf5fb
c78b6a4b
c78adf27
c78a548d
c789ca7d
c78940f8
c788b7fb
c7882f88
c787a79c
c7872038
c786995b
c7861305
c7858d35
c78507eb
c7848325
c783fee4
c7837b27
c782f7ee
c7827537
c781f303
c7817151
c780f020
c7806f71
c77fde83
c77edf24
c77de0c4
c77ce362
c77be6fd
c77aeb94
c779f126
c778f7b1
c777ff36
c77707b2
c7761126
c7751b90
c77426ef
c7733342
c7724088
c7714ec0
c7705dea
c76f6e04
c76e7f0e
c76d9106
c76ca3eb
c76bb7be
c76acc7c
c769e224
c768f8b7
c7681033
c7672896
c76641e1
c7655c12
c7647729
c7639324
c762b002
c761cdc3
c760ec66
c7600bea
c75f2c4e
c75e4d91
c75d6fb3
c75c92b2
c75bb68d
c75adb44
c75a00d6
c7592742
c7584e87
c75776a5
c7569f9a
c755c965
c754f407
c7541f7d
c7534bc8
c75278e5
c751a6d5
c750d597
c750052a
c74f358d
c74e66bf
c74d98bf
c74ccb8d
c74bff28
c74b338e
c74a68c0
c7499ebd
c748d582
c7480d11
c7474568
c7467e86
c745b86b
c744f315
c7442e84
c7436ab8
c742a7af
c741e568
c74123e4
c7406320
c73fa31d
c73ee3da
c73e2555
c73d678f
c73caa86
c73bee39
c73b32a9
c73a77d4
c739bdb9
c7390458
c7384bb0
c73793c1
c736dc89
c7362607
c735703c
c734bb27
c73406c6
c7335319
c732a01f
c731edd8
c7313c43
c7308b60
c72fdb2c
c72f2ba9
c72e7cd5
c72dceaf
c72d2137
c72c746c
c72bc84e
c72b1cdc
c72a7214
c729c7f7
c7291e84
c72875ba
c727cd98
c727261f
c7267f4c
c725d920
c7253399
c7248eb8
c723ea7c
c72346e3
c722a3ee
c722019b
c7215fea
c720bedb
c7201e6c
c71f7e9e
c71edf6f
c71e40df
c71da2ed
c71d0599
c71c68e2
c71bccc7
c71b3148
c71a9664
c719fc1b
c719626c
c718c956
c71830d9
c71798f4
c71701a7
c7166af1
c715d4d1
c7153f47
c714aa52
c71415f2
c7138226
c712eeed
c7125c48
c711ca35
c71138b3
c710a7c3
c7101763
c70f8794
c70ef854
c70e69a3
c70ddb81
c70d4dec
c70cc0e5
c70c346a
c70ba87c
c70b1d19
c70a9241
c70a07f4
c7097e31
c708f4f8
c7086c47
c707e41f
c7075c7f
c706d566
c7064ed4
c705c8c8
c7054342
c704be41
c70439c5
c703b5ce
c7033259
c702af69
c7022cfa
c701ab0f
c70129a4
c700a8bb
c7002853
c6ff50d5
c6fe5203
c6fd5430
c6fc575a
c6fb5b81
c6fa60a3
c6f966c0
c6f86dd5
c6f775e4
c6f67ee9
c6f588e5
c6f493d7
c6f39fbd
c6f2ac97
c6f1ba64
c6f0c922
c6efd8d1
c6eee970
c6edfafe
c6ed0d7a
c6ec20e3
c6eb3538
c6ea4a78
c6e960a3
c6e877b7
c6e78fb3
c6e6a897
c6e5c261
c6e4dd12
c6e3f8a7
c6e31520
c6e2327c
c6e150bb
c6e06fdb
c6df8fdb
c6deb0bb
c6ddd279
c6dcf515
c6dc188f
c6db3ce4
c6da6215
c6d98820
c6d8af04
c6d7d6c1
c6d6ff56
c6d628c2
c6d55305
c6d47e1c
c6d3aa08
c6d2d6c8
c6d2045a
c6d132bf
c6d061f4
c6cf91fb
c6cec2d0
c6cdf475
c6cd26e7
c6cc5a27
c6cb8e32
c6cac30a
c6c9f8ac
c6c92f18
c6c8664e
c6c79e4b
c6c6d711
c6c6109d
c6c54aef
c6c48607
c6c3c1e3
c6c2fe83
c6c23be6
c6c17a0b
c6c0b8f1
c6bff899
c6bf3900
c6be7a26
c6bdbc0b
c6bcfeae
c6bc420e
c6bb862a
c6bacb01
c6ba1094
c6b956e0
c6b89de6
c6b7e5a4
c6b72e1a
c6b67747
c6b5c12b
c6b50bc5
c6b45713
c6b3a316
c6b2efcd
c6b23d37
c6b18b52
c6b0da20
c6b0299e
c6af79cc
c6aecaaa
c6ae1c37
c6ad6e71
c6acc15a
c6ac14ee
c6ab692f
c6aabe1c
c6aa13b3
c6a969f4
c6a8c0df
c6a81872
c6a770ae
c6a6c991
c6a6231a
c6a57d4a
c6a4d820
c6a4339a
c6a38fb8
c6a2ec7a
c6a249df
c6a1a7e6
c6a1068f
c6a065d9
c69fc5c3
c69f264d
c69e8776
c69de93e
c69d4ba4
c69caea7
c69c1246
c69b7682
c69adb59
c69a40cb
c699a6d7
c6990d7d
c69874bc
c697dc93
c6974503
c696ae09
c69617a6
c69581da
c694eca2
c6945800
c693c3f2
c6933078
c6929d91
c6920b3d
c691797a
c690e84a
c69057aa
c68fc79a
c68f381a
c68ea92a
c68e1ac8
c68d8cf4
c68cffae
c68c72f4
c68be6c8
c68b5b27
c68ad011
c68a4586
c689bb86
c689320f
c688a922
c68820bd
c68798e0
c687118b
c6868abd
c6860475
c6857eb4
c684f978
c68474c1
c683f08e
c6836cdf
c682e9b4
c682670c
c681e4e6
c6816342
c680e21f
c680617d
c67fc2b8
c67ec375
c67dc531
c67cc7ea
c67bcba0
c67ad052
c679d5ff
c678dca6
c677e446
c676ecdd
c675f66c
c67500f0
c6740c6a
c67318d7
c6722638
c671348a
c67043ce
c66f5402
c66e6526
c66d7738
c66c8a37
c66b9e23
c66ab2fb
c669c8bd
c668df69
c667f6fe
c6670f7a
c66628de
c6654328
c6645e58
c6637a6b
c6629763
c661b53c
c660d3f8
c65ff394
c65f1410
c65e356c
c65d57a5
c65c7abc
c65b9eaf
c65ac37e
c659e928
c6590fac
c6583709
c6575f3e
c656884a
c655b22d
c654dce5
c6540873
c65334d4
c6526209
c6519010
c650bee8
c64fee92
c64f1f0b
c64e5053
c64d826a
c64cb54e
c64be8ff
c64b1d7c
c64a52c4
c64988d6
c648bfb2
c647f756
c6472fc3
c64668f7
c645a2f1
c644ddb1
c6441935
c643557e
c642928a
c641d059
c6410ee9
c6404e3a
c63f8e4c
c63ecf1e
c63e10ae
c63d52fc
c63c9608
c63bd9d0
c63b1e54
c63a6393
c639a98c
c638f03f
c63837ac
c6377fd0
c636c8ac
c636123e
c6355c87
c634a785
c633f338
c6333f9e
c6328cb8
c631da85
c6312903
c6307832
c62fc812
c62f18a2
c62e69e1
c62dbbce
c62d0e69
c62c61b1
c62bb5a5
c62b0a46
c62a5f91
c629b586
c6290c25
c628636e
c627bb5e
c62713f7
c6266d36
c625c71c
c62521a8
c6247cd9
c623d8ae
c6233527
c6229243
c621f002
c6214e63
c620ad65
c6200d08
c61f6d4b
c61ece2d
c61e2fae
c61d91ce
c61cf48b
c61c57e4
c61bbbdb
c61b206d
c61a859a
c619eb61
c61951c3
c618b8bd
c6182051
c617887d
c616f140
c6165a9a
c615c48a
c6152f11
c6149a2c
c61405dc
c6137220
c612def8
c6124c62
c611ba5f
c61128ed
c610980d
c61007bd
c60f77fd
c60ee8cd
c60e5a2b
c60dcc18
c60d3e93
c60cb19b
c60c252f
c60b9950
c60b0dfd
c60a8334
c609f8f6
c6096f42
c608e617
c6085d76
c607d55c
c6074dcb
c606c6c0
c606403d
c605ba40
c60534c8
c604afd6
c6042b68
c603a77f
c6032419
c602a137
c6021ed7
c6019cf9
c6011b9d
c6009ac1
c6001a67
c5ff3519
c5fe3663
c5fd38ac
c5fc3bf2
c5fb4034
c5fa4571
c5f94ba8
c5f852d9
c5f75b02
c5f66423
c5f56e3a
c5f47946
c5f38547
c5f2923b
c5f1a022
c5f0aefb
c5efbec4
c5eecf7d
c5ede125
c5ecf3ba
c5ec073d
c5eb1bab
c5ea3105
c5e94749
c5e85e76
c5e7768c
c5e68f89
c5e5a96d
c5e4c436
c5e3dfe4
c5e2fc76
c5e219eb
c5e13842
c5e0577a
c5df7792
c5de988a
c5ddba61
c5dcdd15
c5dc00a7
c5db2514
c5da4a5c
c5d9707f
c5d8977b
c5d7bf50
c5d6e7fc
c5d6117f
c5d53bd9
c5d46707
c5d3930a
c5d2bfe1
c5d1ed8a
c5d11c06
c5d04b52
c5cf7b6f
c5ceac5b
c5cdde16
c5cd109e
c5cc43f4
c5cb7816
c5caad04
c5c9e2bc
c5c9193e
c5c85089
c5c7889d
c5c6c178
c5c5fb19
c5c53581
c5c470ae
c5c3aca0
c5c2e955
c5c226cd
c5c16507
c5c0a402
c5bfe3bf
c5bf243b
c5be6576
c5bda76f
c5bcea27
c5bc2d9b
c5bb71cb
c5bab6b7
c5b9fc5e
c5b942be
c5b889d8
c5b7d1aa
c5b71a34
c5b66376
c5b5ad6d
c5b4f81a
c5b4437d
c5b38f93
c5b2dc5d
c5b229da
c5b17809
c5b0c6ea
c5b0167b
c5af66bd
c5aeb7ae
c5ae094d
c5ad5b9b
c5acae96
c5ac023d
c5ab5691
c5aaab90
c5aa013a
c5a9578d
c5a8ae8a
c5a80630
c5a75e7e
c5a6b773
c5a6110f
c5a56b51
c5a4c638
c5a421c4
c5a37df4
c5a2dac8
c5a2383e
c5a19657
c5a0f511
c5a0546d
c59fb468
c59f1504
c59e763e
c59dd817
c59d3a8e
c59c9da2
c59c0152
c59b659f
c59aca87
c59a300a
c5999627
c598fcdd
c598642d
c597cc15
c5973494
c5969dab
c5960759
c595719c
c594dc75
c59447e3
c593b3e5
c593207b
c5928da4
c591fb60
c59169ad
c590d88c
c59047fc
c58fb7fc
c58f288c
c58e99ab
c58e0b58
c58d7d94
c58cf05d
c58c63b3
c58bd795
c58b4c04
c58ac0fd
c58a3681
c589ac90
c5892328
c5889a4a
c58811f3
c5878a25
c58702df
c5867c20
c585f5e7
c5857034
c584eb06
c584665d
c583e239
c5835e99
c582db7c
c58258e2
c581d6ca
c5815534
c580d41f
c580538b
c57fa6f0
c57ea7c9
c57da9a0
c57cac75
c57bb047
c57ab514
c579badc
c578c19e
c577c959
c576d20b
c575dbb4
c574e653
c573f1e7
c572fe6f
c5720bea
c5711a57
c57029b5
c56f3a03
c56e4b41
c56d5d6d
c56c7086
c56b848b
c56a997c
c569af58
c568c61d
c567ddcb
c566f661
c5660fde
c5652a41
c564458a
c56361b6
c5627ec6
c5619cb8
c560bb8c
c55fdb41
c55efbd5
c55e1d49
c55d3f9a
c55c62c9
c55b86d5
c55aabbb
c559d17d
c558f818
c5581f8c
c55747d9
c55670fc
c5559af6
c554c5c6
c553f16b
c5531de3
c5524b2f
c551794c
c550a83c
c54fd7fc
c54f088b
c54e39ea
c54d6c17
c54c9f12
c54bd2d9
c54b076c
c54a3cca
c54972f2
c548a9e4
c547e19e
c5471a20
c546536a
c5458d79
c544c84e
c54403e8
c5434046
c5427d67
c541bb4b
c540f9f1
c5403957
c53f797e
c53eba64
c53dfc09
c53d3e6b
c53c818c
c53bc568
c53b0a01
c53a4f54
c5399562
c538dc29
c53823a9
c5376be1
c536b4d1
c535fe77
c53548d4
c53493e6
c533dfac
c5332c26
c5327953
c531c733
c53115c5
c5306507
c52fb4fa
c52f059d
c52e56ef
c52da8ef
c52cfb9d
c52c4ef8
c52ba2ff
c52af7b1
c52a4d0f
c529a317
c528f9c9
c5285123
c527a926
c52701d1
c5265b22
c525b51a
c5250fb8
c5246afb
c523c6e2
c523236d
c522809b
c521de6b
c5213cde
c5209bf1
c51ffba6
c51f5bfa
c51ebced
c51e1e80
c51d80b0
c51ce37e
c51c46e9
c51baaf0
c51b0f93
c51a74d1
c519daa9
c519411b
c518a827
c5180fcb
c5177807
c516e0db
c5164a45
c515b446
c5151edc
c5148a08
c513f5c8
c513621c
c512cf04
c5123c7e
c511aa8a
c5111929
c5108858
c50ff818
c50f6868
c50ed947
c50e4ab5
c50dbcb1
c50d2f3b
c50ca252
c50c15f6
c50b8a26
c50afee2
c50a7428
c509e9f9
c5096054
c508d739
c5084ea6
c507c69b
c5073f18
c506b81d
c50631a8
c505abb9
c5052650
c504a16c
c5041d0d
c5039932
c50315db
c5029306
c50210b4
c5018ee5
c5010d97
c5008cc9
c5000c7d
c4ff1960
c4fe1ac6
c4fd1d2b
c4fc208c
c4fb24e9
c4fa2a42
c4f93094
c4f837e0
c4f74024
c4f64960
c4f55391
c4f45eb8
c4f36ad3
c4f277e2
c4f185e3
c4f094d6
c4efa4b9
c4eeb58c
c4edc74e
c4ecd9fd
c4ebed9a
c4eb0222
c4ea1795
c4e92df2
c4e84539
c4e75d68
c4e6767e
c4e5907a
c4e4ab5d
c4e3c723
c4e2e3ce
c4e2015b
c4e19077
c4e11fcb
c4e0af57
c4e03f1c
c4dfcf18
c4df5f4c
c4deefb9
c4de805d
c4de1138
c4dda24b
c4dd3396
c4dcc518
c4dc56d1
c4dbe8c1
c4db7ae8
c4db0d46
c4da9fdb
c4da32a6
c4d9c5a8
c4d958e0
c4d8ec4f
c4d87ff4
c4d813cf
c4d7a7e0
c4d73c27
c4d6d0a4
c4d66557
c4d5fa3f
c4d58f5c
c4d524af
c4d4ba38
c4d44ff5
c4d3e5e8
c4d37c0f
c4d3126b
c4d2a8fd
c4d23fc2
c4d1d6bd
c4d16dec
c4d1054f
c4d09ce6
c4d034b2
c4cfccb2
c4cf64e5
c4cefd4d
c4ce95e8
c4ce2eb7
c4cdc7b9
c4cd60ef
c4ccfa58
c4cc93f5
c4cc2dc4
c4cbc7c7
c4cb61fc
c4cafc65
c4ca9700
c4ca31ce
c4c9ccce
c4c96801
c4c90366
c4c89efe
c4c83ac7
c4c7d6c3
c4c772f0
c4c70f50
c4c6abe1
c4c648a4
c4c5e598
c4c582be
c4c52015
c4c4bd9e
c4c45b58
c4c3f943
c4c3975f
c4c335ab
c4c2d429
c4c272d7
c4c211b6
c4c1b0c5
c4c15005
c4c0ef75
c4c08f16
c4c02ee6
c4bfcee7
c4bf6f17
c4bf0f78
c4beb008
c4be50c8
c4bdf1b7
c4bd92d6
c4bd3424
c4bcd5a2
c4bc774e
c4bc192a
c4bbbb35
c4bb5d6f
c4baffd8
c4baa26f
c4ba4535
c4b9e82a
c4b98b4d
c4b92e9f
c4b8d21e
c4b875cc
c4b819a9
c4b7bdb3
c4b761eb
c4b70651
c4b6aae5
c4b64fa6
c4b5f495
c4b599b1
c4b53efb
c4b4e472
c4b48a17
c4b42fe8
c4b3d5e7
c4b37c12
c4b3226b
c4b2c8f0
c4b26fa2
c4b21680
c4b1bd8b
c4b164c3
c4b10c26
c4b0b3b6
c4b05b73
c4b0035b
c4afab6f
c4af53af
c4aefc1c
c4aea4b3
c4ae4d77
c4adf666
c4ad9f80
c4ad48c6
c4acf238
c4ac9bd4
c4ac459c
c4abef8e
c4ab99ac
c4ab43f5
c4aaee68
c4aa9906
c4aa43cf
c4a9eec2
c4a999e0
c4a94529
c4a8f09b
c4a89c38
c4a847ff
c4a7f3f0
c4a7a00b
c4a74c50
c4a6f8bf
c4a6a557
c4a65219
c4a5ff05
c4a5ac1a
c4a55959
c4a506c1
c4a4b452
c4a4620c
c4a40ff0
c4a3bdfc
c4a36c32
c4a31a90
c4a2c917
c4a277c7
c4a226a0
c4a1d5a0
c4a184ca
c4a1341c
c4a0e396
c4a09338
c4a04302
c49ff2f5
c49fa310
c49f5352
c49f03bc
c49eb44e
c49e6508
c49e15e9
c49dc6f2
c49d7822
c49d297a
c49cdaf9
c49c8c9f
c49c3e6c
c49bf060
c49ba27c
c49b54be
c49b0727
c49ab9b7
c49a6c6d
c49a1f4a
c499d24e
c4998578
c49938c8
c498ec3f
c4989fdc
c498539f
c4980788
c497bb98
c4976fcd
c4972428
c496d8a9
c4968d4f
c496421b
c495f70d
c495ac24
c4956161
c49516c3
c494cc4a
c49481f6
c49437c8
c493edbf
c493a3da
c4935a1b
c4931080
c492c70a
c4927db9
c492348c
c491eb84
c491a2a1
c49159e2
c4911147
c490c8d1
c490807e
c4903850
c48ff046
c48fa860
c48f609d
c48f18ff
c48ed184
c48e8a2e
c48e42fa
c48dfbeb
c48db4fe
c48d6e36
c48d2790
c48ce10e
c48c9aaf
c48c5473
c48c0e5b
c48bc865
c48b8292
c48b3ce2
c48af755
c48ab1eb
c48a6ca3
c48a277e
c489e27c
c4899d9c
c48958de
c4891443
c488cfca
c4888b73
c488473e
c488032c
c487bf3b
c4877b6d
c48737c0
c486f435
c486b0cb
c4866d84
c4862a5e
c485e75a
c485a477
c48561b5
c4851f15
c484dc96
c4849a38
c48457fc
c48415e0
c483d3e6
c483920c
c4835054
c4830ebc
c482cd45
c4828bef
c4824ab9
c48209a4
c481c8af
c48187db
c4814727
c4810694
c480c621
c48085ce
c480459b
c4800588
c47f8b2b
c47f0b85
c47e8c1f
c47e0cf9
c47d8e12
c47d0f6b
c47c9103
c47c12da
c47b94f0
c47b1745
c47a99d9
c47a1cab
c4799fbc
c479230b
c478a699
c4782a65
c477ae6f
c47732b6
c476b73c
c4763bff
c475c100
c475463e
c474cbb9
c4745172
c473d768
c4735d9b
c472e40a
c4726ab7
c471f1a0
c47178c5
c4710027
c47087c5
c4700f9f
c46f97b5
c46f2007
c46ea895
c46e315f
c46dba64
c46d43a4
c46ccd20
c46c56d7
c46be0c9
c46b6af6
c46af55e
c46a8001
c46a0ade
c46995f6
c4692148
c468acd5
c468389b
c467c49c
c46750d7
c466dd4b
c46669f9
c465f6e1
c4658402
c465115d
c4649ef1
c4642cbe
c463bac4
c4634903
c462d77b
c462662c
c461f515
c4618437
c4611391
c460a323
c46032ed
c45fc2f0
c45f532a
c45ee39d
c45e7447
c45e0528
c45d9642
c45d2792
c45cb91a
c45c4ad9
c45bdccf
c45b6efc
c45b0160
c45a93fb
c45a26cc
c459b9d4
c4594d12
c458e087
c4587432
c4580813
c4579c2a
c4573076
c456c4f9
c45659b1
c455ee9f
c45583c3
c455191c
c454aeaa
c454446d
c453da65
c4537092
c45306f5
c4529d8b
c4523457
c451cb57
c451628c
c450f9f4
c4509192
c4502963
c44fc168
c44f59a1
c44ef20f
c44e8aaf
c44e2384
c44dbc8c
c44d55c7
c44cef36
c44c88d8
c44c22ad
c44bbcb5
c44b56f0
c44af15e
c44a8bff
c44a26d2
c449c1d8
c4495d10
c448f87b
c4489418
c4482fe7
c447cbe8
c447681b
c4470480
c446a116
c4463ddf
c445dad9
c4457804
c4451560
c444b2ee
c44450ae
c443ee9e
c4438cbf
c4432b11
c442c994
c4426847
c442072b
c441a640
c4414585
c440e4fb
c44084a0
c4402476
c43fc47c
c43f64b1
c43f0517
c43ea5ac
c43e4671
c43de766
c43d888a
c43d29dd
c43ccb60
c43c6d12
c43c0ef3
c43bb103
c43b5342
c43af5b0
c43a984c
c43a3b17
c439de11
c4398139
c4392490
c438c815
c4386bc8
c4380fa9
c437b3b8
c43757f5
c436fc60
c436a0f9
c43645bf
c435eab3
c4358fd4
c4353523
c434da9f
c4348048
c434261f
c433cc22
c4337253
c43318b0
c432bf3a
c43265f1
c4320cd4
c431b3e4
c4315b20
c4310289
c430aa1d
c43051de
c42ff9cb
c42fa1e5
c42f4a2a
c42ef29a
c42e9b37
c42e43ff
c42decf3
c42d9612
c42d3f5d
c42ce8d3
c42c9274
c42c3c40
c42be638
c42b905a
c42b3aa7
c42ae51f
c42a8fc2
c42a3a90
c429e588
c42990aa
c4293bf7
c428e76e
c428930f
c4283edb
c427ead1
c42796f0
c427433a
c426efad
c4269c4a
c4264911
c425f601
c425a31a
c425505e
c424fdca
c424ab60
c424591f
c4240707
c423b518
c4236352
c42311b4
c422c040
c4226ef4
c4221dd1
c421ccd6
c4217c04
c4212b5a
c420dad9
c4208a7f
c4203a4e
c41fea45
c41f9a64
c41f4aab
c41efb19
c41eabaf
c41e5c6d
c41e0d53
c41dbe60
c41d6f95
c41d20f0
c41cd274
c41c841e
c41c35ef
c41be7e8
c41b9a07
c41b4c4e
c41afebb
c41ab14f
c41a640a
c41a16eb
c419c9f3
c4197d21
c4193076
c418e3f1
c4189792
c4184b59
c417ff46
c417b35a
c4176793
c4171bf2
c416d077
c4168522
c41639f2
c415eee8
c415a403
c4155944
c4150eaa
c414c435
c41479e5
c4142fbb
c413e5b6
c4139bd5
c413521a
c4130883
c412bf11
c41275c4
c4122c9c
c411e397
c4119ab8
c41151fd
c4110966
c410c0f3
c41078a5
c410307b
c40fe874
c40fa092
c40f58d4
c40f1139
c40ec9c3
c40e8270
c40e3b40
c40df434
c40dad4c
c40d6687
c40d1fe5
c40cd967
c40c930c
c40c4cd4
c40c06bf
c40bc0cd
c40b7afe
c40b3552
c40aefc9
c40aaa62
c40a651e
c40a1ffd
c409dafe
c4099622
c4095168
c4090cd1
c408c85b
c4088408
c4083fd7
c407fbc9
c407b7dc
c4077411
c4073068
c406ece0
c406a97b
c4066637
c4062314
c405e014
c4059d34
c4055a76
c40517da
c404d55f
c4049304
c40450cb
c4040eb4
c403ccbd
c4038ae7
c4034932
c403079e
c402c62a
c40284d7
c40243a5
c4020294
c401c1a3
c40180d2
c4014022
c400ff92
c400bf22
c4007ed3
c4003ea3
c3fffd28
c3ff7d4a
c3fefdab
c3fe7e4c
c3fdff2d
c3fd804d
c3fd01ac
c3fc834b
c3fc0529
c3fb8746
c3fb09a2
c3fa8c3c
c3fa0f15
c3f9922d
c3f91583
c3f89918
c3f81cea
c3f7a0fb
c3f72549
c3f6a9d5
c3f62e9f
c3f5b3a7
c3f538eb
c3f4be6e
c3f4442d
c3f3ca29
c3f35063
c3f2d6d9
c3f25d8c
c3f1e47b
c3f16ba7
c3f0f310
c3f07ab4
c3f00295
c3ef8ab2
c3ef130a
c3ee9b9f
c3ee246f
c3edad7a
c3ed36c1
c3ecc043
c3ec4a01
c3ebd3f9
c3eb5e2d
c3eae89b
c3ea7344
c3e9fe28
c3e98946
c3e9149e
c3e8a031
c3e82bfe
c3e7b805
c3e74446
c3e6d0c1
c3e65d75
c3e5ea63
c3e5778b
c3e504ec
c3e49286
c3e42059
c3e3ae66
c3e33cab
c3e2cb29
c3e259e0
c3e1e8cf
c3e177f7
c3e10757
c3e096ef
c3e026c0
c3dfb6c9
c3df4709
c3ded782
c3de6832
c3ddf919
c3dd8a38
c3dd1b8f
c3dcad1d
c3dc3ee2
c3dbd0de
c3db6311
c3daf57b
c3da881b
c3da1af3
c3d9ae01
c3d94145
c3d8d4bf
c3d86870
c3d7fc57
c3d79074
c3d724c6
c3d6b94f
c3d64e0d
c3d5e301
c3d5782a
c3d50d88
c3d4a31c
c3d438e5
c3d3cee3
c3d36516
c3d2fb7e
c3d2921b
c3d228ec
c3d1bff2
c3d1572c
c3d0ee9b
c3d0863d
c3d01e14
c3cfb61f
c3cf4e5e
c3cee6d1
c3ce7f77
c3ce1851
c3cdb15f
c3cd4aa0
c3cce414
c3cc7dbc
c3cc1797
c3cbb1a4
c3cb4be5
c3cae658
c3ca80ff
c3ca1bd7
c3c9b6e3
c3c95220
c3c8ed91
c3c88933
c3c82507
c3c7c10e
c3c75d46
c3c6f9b0
c3c6964d
c3c6331a
c3c5d019
c3c56d4a
c3c50aac
c3c4a83f
c3c44604
c3c3e3f9
c3c38220
c3c32077
c3c2beff
c3c25db8
c3c1fca2
c3c19bbb
c3c13b06
c3c0da80
c3c07a2b
c3c01a06
c3bfba11
c3bf5a4c
c3befab7
c3be9b51
c3be3c1b
c3bddd15
c3bd7e3e
c3bd1f97
c3bcc11f
c3bc62d6
c3bc04bc
c3bba6d1
c3bb4915
c3baeb88
c3ba8e29
c3ba30fa
c3b9d3f8
c3b97726
c3b91a81
c3b8be0b
c3b861c3
c3b805a9
c3b7a9be
c3b74e00
c3b6f270
c3b6970d
c3b63bd8
c3b5e0d1
c3b585f8
c3b52b4b
c3b4d0cc
c3b4767a
c3b41c56
c3b3c25e
c3b36893
c3b30ef5
c3b2b584
c3b25c40
c3b20328
c3b1aa3d
c3b1517e
c3b0f8eb
c3b0a085
c3b0484b
c3aff03d
c3af985a
c3af40a4
c3aee91a
c3ae91bb
c3ae3a88
c3ade380
c3ad8ca4
c3ad35f4
c3acdf6e
c3ac8914
c3ac32e5
c3abdce1
c3ab8708
c3ab315a
c3aadbd7
c3aa867e
c3aa3151
c3a9dc4d
c3a98774
c3a932c6
c3a8de41
c3a889e7
c3a835b7
c3a7e1b2
c3a78dd6
c3a73a24
c3a6e69c
c3a6933d
c3a64008
c3a5ecfd
c3a59a1b
c3a54763
c3a4f4d4
c3a4a26e
c3a45031
c3a3fe1e
c3a3ac33
c3a35a72
c3a308d9
c3a2b769
c3a26621
c3a21503
c3a1c40c
c3a1733f
c3a12299
c3a0d21c
c3a081c7
c3a0319a
c39fe195
c39f91b9
c39f4204
c39ef276
c39ea311
c39e53d3
c39e04bd
c39db5cf
c39d6707
c39d1868
c39cc9ef
c39c7b9e
c39c2d73
c39bdf70
c39b9194
c39b43df
c39af650
c39aa8e8
c39a5ba7
c39a0e8d
c399c198
c39974cb
c3992824
c398dba3
c3988f48
c3984313
c397f705
c397ab1c
c3975f5a
c39713bd
c396c846
c3967cf5
c39631c9
c395e6c3
c3959be2
c3955127
c3950691
c394bc20
c39471d5
c39427af
c393ddad
c39393d1
c3934a19
c3930087
c392b719
c3926dd0
c39224ab
c391dbab
c39192cf
c3914a18
c3910185
c390b917
c39070cc
c39028a6
c38fe0a3
c38f98c5
c38f510b
c38f0974
c38ec201
c38e7ab2
c38e3386
c38dec7e
c38da59a
c38d5ed9
c38d183b
c38cd1c1
c38c8b69
c38c4535
c38bff24
c38bb936
c38b736b
c38b2dc2
c38ae83d
c38aa2da
c38a5d9a
c38a187d
c389d382
c3898ea9
c38949f3
c389055f
c388c0ee
c3887c9e
c3883871
c387f466
c387b07c
c3876cb5
c3872910
c386e58c
c386a22a
c3865eea
c3861bcb
c385d8ce
c38595f2
c3855338
c385109f
c384ce27
c3848bd1
c384499c
c3840787
c383c594
c38383c2
c3834210
c3830080
c382bf10
c3827dc1
c3823c92
c381fb84
c381ba96
c38179c9
c381391d
c380f890
c380b824
c38077d8
c38037ac
c37fef41
c37f6f69
c37eefd1
c37e7079
c37df161
c37d7288
c37cf3ee
c37c7594
c37bf779
c37b799c
c37afbff
c37a7ea0
c37a0180
c379849f
c37907fc
c3788b97
c3780f70
c3779387
c37717dc
c3769c6f
c3762140
c375a64e
c3752b9a
c374b122
c37436e8
c373bcec
c373432c
c372c9a8
c3725062
c371d758
c3715e8a
c370e5f9
c3706da4
c36ff58c
c36f7daf
c36f060e
c36e8ea9
c36e177f
c36da091
c36d29df
c36cb367
c36c3d2b
c36bc72a
c36b5164
c36adbd9
c36a6688
c369f172
c3697c97
c36907f5
c368938f
c3681f62
c367ab6f
c36737b6
c366c437
c36650f2
c365dde6
c3656b14
c364f87b
c364861c
c36413f5
c363a208
c3633053
c362bed7
c3624d94
c361dc8a
c3616bb8
c360fb1e
c3608abd
c3601a93
c35faaa2
c35f3ae9
c35ecb67
c35e5c1d
c35ded0b
c35d7e30
c35d0f8d
c35ca120
c35c32eb
c35bc4ed
c35b5726
c35ae996
c35a7c3d
c35a0f1a
c359a22e
c3593578
c358c8f8
c3585caf
c357f09b
c35784be
c3571917
c356ada5
c3564269
c355d763
c3556c92
c35501f6
c3549790
c3542d5e
c353c362
c353599b
c352f009
c35286ab
c3521d82
c351b48d
c3514bcd
c350e342
c3507aea
c35012c7
c34faad7
c34f431c
c34edb94
c34e7440
c34e0d20
c34da633
c34d3f7a
c34cd8f3
c34c72a1
c34c0c81
c34ba694
c34b40da
c34adb53
c34a75ff
c34a10dd
c349abee
c3494731
c348e2a7
c3487e4e
c3481a28
c347b634
c3475272
c346eee2
c3468b83
c3462856
c345c55b
c3456291
c344fff8
c3449d91
c3443b5b
c343d955
c3437781
c34315de
c342b46b
c3425329
c341f218
c3419137
c3413087
c340d007
c3406fb7
c3400f97
c33fafa7
c33f4fe7
c33ef057
c33e90f7
c33e31c6
c33dd2c5
c33d73f3
c33d1551
c33cb6de
c33c589a
c33bfa86
c33b9ca0
c33b3ee9
c33ae161
c33a8407
c33a26dd
c339c9e1
c3396d13
c3391073
c338b402
c33857bf
c337fbab
c3379fc4
c337440b
c336e880
c3368d22
c33631f2
c335d6f0
c3357c1c
c3352174
c334c6fa
c3346cad
c334128d
c333b89b
c3335ed5
c333053c
c332abcf
c3325290
c331f97d
c331a096
c33147dc
c330ef4e
c33096ed
c3303eb7
c32fe6ae
c32f8ed1
c32f371f
c32edf9a
c32e8840
c32e3111
c32dda0f
c32d8337
c32d2c8b
c32cd60b
c32c7fb5
c32c298b
c32bd38c
c32b7db7
c32b280e
c32ad28f
c32a7d3b
c32a2812
c329d313
c3297e3f
c3292995
c328d515
c32880c0
c3282c95
c327d893
c32784bc
c327310f
c326dd8b
c3268a31
c3263701
c325e3fa
c325911d
c3253e69
c324ebde
c324997d
c3244745
c323f536
c323a34f
c3235192
c322fffe
c322ae92
c3225d4f
c3220c35
c321bb43
c3216a7a
c32119d9
c320c960
c320790f
c32028e7
c31fd8e6
c31f890e
c31f395d
c31ee9d4
c31e9a73
c31e4b3a
c31dfc28
c31dad3e
c31d5e7b
c31d0fdf
c31cc16b
c31c731e
c31c24f8
c31bd6f9
c31b8921
c31b3b70
c31aede5
c31aa082
c31a5345
c31a062e
c319b93f
c3196c75
c3191fd2
c318d355
c31886ff
c3183ace
c317eec4
c317a2df
c3175721
c3170b88
c316c015
c31674c8
c31629a1
c315de9f
c31593c2
c315490b
c314fe79
c314b40c
c31469c5
c3141fa2
c313d5a5
c3138bcd
c3134219
c312f88b
c312af21
c31265dc
c3121cbb
c311d3bf
c3118ae7
c3114234
c310f9a5
c310b13a
c31068f4
c31020d1
c30fd8d3
c30f90f8
c30f4942
c30f01af
c30eba40
c30e72f5
c30e2bcd
c30de4c9
c30d9de8
c30d572b
c30d1091
c30cca1a
c30c83c7
c30c3d97
c30bf789
c30bb19f
c30b6bd8
c30b2633
c30ae0b1
c30a9b52
c30a5616
c30a10fc
c309cc05
c3098730
c309427e
c308fdee
c308b980
c3087534
c308310b
c307ed03
c307a91e
c307655a
c30721b8
c306de38
c3069ada
c306579d
c3061482
c305d189
c3058eb1
c3054bfa
c3050965
c304c6f1
c304849e
c304426c
c304005c
c303be6c
c3037c9d
c3033aef
c302f962
c302b7f6
c30276aa
c302357f
c301f475
c301b38b
c30172c1
c3013218
c300f18f
c300b126
c30070de
c30030b5
c2ffe15a
c2ff6189
c2fee1f8
c2fe62a7
c2fde396
c2fd64c4
c2fce631
c2fc67dd
c2fbe9c9
c2fb6bf4
c2faee5d
c2fa7105
c2f9f3ec
c2f97711
c2f8fa75
c2f87e17
c2f801f7
c2f78615
c2f70a71
c2f68f0a
c2f613e2
c2f598f6
c2f51e49
c2f4a3d8
c2f429a5
c2f3afae
c2f335f5
c2f2bc78
c2f24338
c2f1ca35
c2f1516e
c2f0d8e4
c2f06095
c2efe883
c2ef70ad
c2eef912
c2ee81b4
c2ee0a91
c2ed93a9
c2ed1cfd
c2eca68c
c2ec3056
c2ebba5c
c2eb449c
c2eacf17
c2ea59cd
c2e9e4bd
c2e96fe8
c2e8fb4d
c2e886ed
c2e812c6
c2e79eda
c2e72b27
c2e6b7af
c2e64470
c2e5d16a
c2e55e9e
c2e4ec0c
c2e479b2
c2e40792
c2e395aa
c2e323fc
c2e2b286
c2e2414a
c2e1d045
c2e15f79
c2e0eee6
c2e07e8a
c2e00e67
c2df9e7c
c2df2ec9
c2debf4d
c2de5009
c2dde0fd
c2dd7228
c2dd038b
c2dc9525
c2dc26f6
c2dbb8fe
c2db4b3d
c2daddb2
c2da705f
c2da0342
c2d9965c
c2d929ac
c2d8bd32
c2d850ee
c2d7e4e1
c2d77909
c2d70d68
c2d6a1fc
c2d636c6
c2d5cbc5
c2d560fa
c2d4f664
c2d48c04
c2d421d8
c2d3b7e2
c2d34e20
c2d2e493
c2d27b3c
c2d21218
c2d1a929
c2d1406f
c2d0d7e9
c2d06f97
c2d00779
c2cf9f90
c2cf37da
c2ced058
c2ce6909
c2ce01ef
c2cd9b07
c2cd3454
c2cccdd3
c2cc6786
c2cc016b
c2cb9b84
c2cb35d0
c2cad04e
c2ca6b00
c2ca05e3
c2c9a0fa
c2c93c42
c2c8d7bd
c2c8736b
c2c80f4a
c2c7ab5b
c2c7479f
c2c6e414
c2c680ba
c2c61d93
c2c5ba9d
c2c557d8
c2c4f545
c2c492e3
c2c430b2
c2c3ceb2
c2c36ce3
c2c30b45
c2c2a9d8
c2c2489b
c2c1e78f
c2c186b4
c2c12609
c2c0c58e
c2c06543
c2c00528
c2bfa53e
c2bf4583
c2bee5f8
c2be869d
c2be2772
c2bdc876
c2bd69a9
c2bd0b0c
c2bcac9e
c2bc4e5f
c2bbf050
c2bb926f
c2bb34bd
c2bad73a
c2ba79e6
c2ba1cc0
c2b9bfc9
c2b96300
c2b90666
c2b8a9fa
c2b84dbc
c2b7f1ac
c2b795ca
c2b73a16
c2b6de90
c2b68338
c2b6280d
c2b5cd10
c2b57240
c2b5179e
c2b4bd28
c2b462e0
c2b408c5
c2b3aed8
c2b35517
c2b2fb82
c2b2a21b
c2b248e0
c2b1efd2
c2b196f0
c2b13e3b
c2b0e5b2
c2b08d55
c2b03525
c2afdd20
c2af8548
c2af2d9b
c2aed61a
c2ae7ec5
c2ae279b
c2add09d
c2ad79cb
c2ad2323
c2accca7
c2ac7657
c2ac2031
c2abca36
c2ab7467
c2ab1ec2
c2aac948
c2aa73f9
c2aa1ed4
c2a9c9da
c2a9750a
c2a92065
c2a8cbea
c2a87799
c2a82372
c2a7cf75
c2a77ba3
c2a727fa
c2a6d47b
c2a68125
c2a62df9
c2a5daf7
c2a5881e
c2a5356f
c2a4e2e9
c2a4908c
c2a43e58
c2a3ec4e
c2a39a6c
c2a348b3
c2a2f723
c2a2a5bc
c2a2547e
c2a20368
c2a1b27a
c2a161b5
c2a11118
c2a0c0a4
c2a07058
c2a02034
c29fd038
c29f8063
c29f30b7
c29ee133
c29e91d6
c29e42a1
c29df393
c29da4ad
c29d55ef
c29d0757
c29cb8e7
c29c6a9e
c29c1c7d
c29bce82
c29b80ae
c29b3301
c29ae57b
c29a981c
c29a4ae3
c299fdd1
c299b0e5
c2996420
c2991781
c298cb08
c2987eb6
c2983289
c297e683
c2979aa3
c2974ee9
c2970354
c296b7e5
c2966c9c
c2962179
c295d67b
c2958ba2
c29540ef
c294f661
c294abf9
c29461b5
c2941797
c293cd9e
c29383c9
c2933a1a
c292f08f
c292a729
c2925de8
c29214cb
c291cbd3
c29182ff
c2913a50
c290f1c5
c290a95e
c290611c
c29018fd
c28fd103
c28f892c
c28f4179
c28ef9eb
c28eb27f
c28e6b38
c28e2414
c28ddd14
c28d9637
c28d4f7e
c28d08e8
c28cc275
c28c7c25
c28c35f9
c28befef
c28baa09
c28b6445
c28b1ea4
c28ad926
c28a93cb
c28a4e93
c28a097d
c289c489
c2897fb8
c2893b09
c288f67d
c288b213
c2886dcb
c28829a5
c287e5a1
c287a1bf
c2875dff
c2871a61
c286d6e5
c286938a
c2865051
c2860d3a
c285ca44
c2858770
c28544bd
c285022b
c284bfbb
c2847d6b
c2843b3d
c283f930
c283b744
c2837579
c28333ce
c282f245
c282b0dc
c2826f94
c2822e6d
c281ed66
c281ac7f
c2816bb9
c2812b13
c280ea8e
c280aa29
c28069e4
c28029bf
c27fd374
c27f53aa
c27ed420
c27e54d6
c27dd5cb
c27d5700
c27cd874
c27c5a28
c27bdc1a
c27b5e4c
c27ae0bc
c27a636b
c279e658
c2796984
c278ecef
c2787098
c277f47e
c27778a3
c276fd06
c27681a6
c2760684
c2758b9f
c27510f8
c274968e
c2741c62
c273a272
c27328bf
c272af49
c2723610
c271bd13
c2714453
c270cbcf
c2705387
c26fdb7b
c26f63ab
c26eec17
c26e74bf
c26dfda3
c26d86c2
c26d101c
c26c99b1
c26c2382
c26bad8e
c26b37d5
c26ac256
c26a4d12
c269d809
c269633a
c268eea6
c2687a4b
c268062b
c2679245
c2671e99
c266ab27
c26637ee
c265c4ef
c2655229
c264df9c
c2646d49
c263fb2f
c263894e
c26317a6
c262a636
c26234ff
c261c401
c261533b
c260e2ae
c2607259
c260023c
c25f9256
c25f22a9
c25eb334
c25e43f6
c25dd4f0
c25d6621
c25cf78a
c25c8929
c25c1b00
c25bad0e
c25b3f53
c25ad1cf
c25a6481
c259f76a
c2598a8a
c2591de0
c258b16c
c258452e
c257d927
c2576d55
c25701b9
c2569653
c2562b23
c255c028
c2555563
c254ead3
c2548078
c2541652
c253ac62
c25342a6
c252d91f
c2526fcd
c25206af
c2519dc6
c2513511
c250cc91
c2506445
c24ffc2d
c24f9449
c24f2c98
c24ec51c
c24e5dd3
c24df6be
c24d8fdc
c24d292e
c24cc2b3
c24c5c6b
c24bf657
c24b9075
c24b2ac6
c24ac54a
c24a6001
c249faea
c2499606
c2493154
c248ccd5
c2486887
c248046c
c247a083
c2473ccc
c246d946
c24675f2
c24612d0
c245afdf
c2454d20
c244ea92
c2448836
c244260a
c243c410
c2436246
c24300ad
c2429f45
c2423e0e
c241dd07
c2417c31
c2411b8b
c240bb15
c2405ad0
c23ffaba
c23f9ad5
c23f3b20
c23edb9a
c23e7c44
c23e1d1e
c23dbe27
c23d5f5f
c23d00c7
c23ca25f
c23c4425
c23be61a
c23b883f
c23b2a92
c23acd14
c23a6fc5
c23a12a4
c239b5b2
c23958ef
c238fc59
c2389ff2
c23843b9
c237e7af
c2378bd2
c2373023
c236d4a2
c236794e
c2361e28
c235c330
c2356865
c2350dc7
c234b357
c2345914
c233fefe
c233a515
c2334b59
c232f1ca
c2329867
c2323f31
c231e628
c2318d4b
c231349b
c230dc16
c23083be
c2302b93
c22fd393
c22f7bbf
c22f2417
c22ecc9b
c22e754a
c22e1e26
c22dc72c
c22d705e
c22d19bc
c22cc345
c22c6cf9
c22c16d8
c22bc0e2
c22b6b17
c22b1577
c22ac001
c22a6ab7
c22a1597
c229c0a1
c2296bd6
c2291735
c228c2bf
c2286e72
c2281a50
c227c658
c227728a
c2271ee5
c226cb6b
c226781a
c22624f3
c225d1f5
c2257f21
c2252c76
c224d9f4
c224879c
c224356d
c223e366
c2239189
c2233fd5
c222ee49
c2229ce7
c2224bac
c221fa9b
c221a9b2
c22158f1
c2210859
c220b7e9
c22067a1
c2201781
c21fc789
c21f77ba
c21f2812
c21ed891
c21e8939
c21e3a08
c21deaff
c21d9c1d
c21d4d63
c21cfed0
c21cb064
c21c621f
c21c1402
c21bc60b
c21b783c
c21b2a93
c21add11
c21a8fb6
c21a4281
c219f573
c219a88c
c2195bcb
c2190f30
c218c2bc
c218766d
c2182a45
c217de43
c2179267
c21746b1
c216fb20
c216afb5
c2166470
c2161951
c215ce57
c2158383
c21538d4
c214ee4a
c214a3e5
c21459a6
c2140f8c
c213c596
c2137bc6
c213321b
c212e894
c2129f32
c21255f5
c2120cdc
c211c3e8
c2117b18
c211326d
c210e9e6
c210a183
c2105944
c2101129
c20fc933
c20f8160
c20f39b1
c20ef226
c20eaabf
c20e637c
c20e1c5c
c20dd55f
c20d8e86
c20d47d1
c20d013f
c20cbad0
c20c7484
c20c2e5b
c20be855
c20ba273
c20b5cb3
c20b1716
c20ad19c
c20a8c44
c20a470f
c20a01fd
c209bd0d
c2097840
c2093395
c208ef0d
c208aaa6
c2086662
c2082240
c207de40
c2079a61
c20756a5
c207130b
c206cf92
c2068c3b
c2064906
c20605f2
c205c300
c205802f
c2053d80
c204faf2
c204b885
c2047639
c2045520
c204340e
c2041306
c203f205
c203d10d
c203b01c
c2038f35
c2036e55
c2034d7d
c2032cae
c2030be7
c202eb28
c202ca71
c202a9c3
c202891d
c202687e
c20247e8
c202275a
c20206d5
c201e657
c201c5e1
c201a574
c201850f
c20164b1
c201445c
c201240f
c20103ca
c200e38d
c200c359
c200a32c
c2008307
c20062ea
c20042d6
c20022c9
c20002c4
c1ffc58f
c1ff85a5
c1ff45cc
c1ff0603
c1fec649
c1fe869f
c1fe4706
c1fe077c
c1fdc802
c1fd8898
c1fd493e
c1fd09f3
c1fccab9
c1fc8b8e
c1fc4c73
c1fc0d68
c1fbce6c
c1fb8f80
c1fb50a4
c1fb11d8
c1fad31b
c1fa946f
c1fa55d1
c1fa1744
c1f9d8c6
c1f99a57
c1f95bf8
c1f91da9
c1f8df6a
c1f8a13a
c1f86319
c1f82508
c1f7e706
c1f7a914
c1f76b32
c1f72d5f
c1f6ef9b
c1f6b1e7
c1f67442
c1f636ad
c1f5f927
c1f5bbb0
c1f57e49
c1f540f1
c1f503a9
c1f4c66f
c1f48945
c1f44c2b
c1f40f1f
c1f3d223
c1f39536
c1f35859
c1f31b8a
c1f2decb
c1f2a21b
c1f2657a
c1f228e8
c1f1ec65
c1f1aff2
c1f1738d
c1f13738
c1f0faf2
c1f0beba
c1f08292
c1f04679
c1f00a6f
c1efce74
c1ef9288
c1ef56ab
c1ef1adc
c1eedf1d
c1eea36d
c1ee67cc
c1ee2c39
c1edf0b5
c1edb541
c1ed79db
c1ed3e84
c1ed033b
c1ecc802
c1ec8cd7
c1ec51bc
c1ec16af
c1ebdbb0
c1eba0c1
c1eb65e0
c1eb2b0e
c1eaf04a
c1eab596
c1ea7af0
c1ea4058
c1ea05cf
c1e9cb55
c1e990ea
c1e9568d
c1e91c3e
c1e8e1ff
c1e8a7cd
c1e86dab
c1e83397
c1e7f991
c1e7bf9a
c1e785b1
c1e74bd7
c1e7120b
c1e6d84e
c1e69e9f
c1e664ff
c1e62b6d
c1e5f1e9
c1e5b874
c1e57f0d
c1e545b4
c1e50c6a
c1e4d32e
c1e49a00
c1e460e1
c1e427d0
c1e3eecd
c1e3b5d8
c1e37cf2
c1e3441a
c1e30b50
c1e2d294
c1e299e7
c1e26147
c1e228b6
c1e1f033
c1e1b7be
c1e17f57
c1e146fe
c1e10eb4
c1e0d677
c1e09e48
c1e06628
c1e02e15
c1dff611
c1dfbe1a
c1df8632
c1df4e57
c1df168b
c1dedecc
c1dea71b
c1de6f78
c1de37e3
c1de005c
c1ddc8e3
c1dd9178
c1dd5a1a
c1dd22cb
c1dceb89
c1dcb455
c1dc7d2f
c1dc4616
c1dc0f0c
c1dbd80f
c1dba120
c1db6a3e
c1db336b
c1dafca5
c1dac5ec
c1da8f42
c1da58a5
c1da2215
c1d9eb94
c1d9b520
c1d97eb9
c1d94860
c1d91215
c1d8dbd7
c1d8a5a7
c1d86f84
c1d8396f
c1d80368
c1d7cd6e
c1d79781
c1d761a2
c1d72bd0
c1d6f60c
c1d6c055
c1d68aac
c1d65510
c1d61f81
c1d5ea00
c1d5b48c
c1d57f26
c1d549cd
c1d51481
c1d4df42
c1d4aa11
c1d474ed
c1d43fd7
c1d40acd
c1d3d5d1
c1d3a0e2
c1d36c01
c1d3372c
c1d30265
c1d2cdab
c1d298fe
c1d2645f
c1d22fcc
c1d1fb47
c1d1c6cf
c1d19263
c1d15e05
c1d129b4
c1d0f571
c1d0c13a
c1d08d10
c1d058f3
c1d024e3
c1cff0e1
c1cfbceb
c1cf8902
c1cf5526
c1cf2158
c1ceed96
c1ceb9e1
c1ce8639
c1ce529e
c1ce1f10
c1cdeb8e
c1cdb81a
c1cd84b2
c1cd5157
c1cd1e09
c1cceac8
c1ccb794
c1cc846d
c1cc5152
c1cc1e44
c1cbeb43
c1cbb84e
c1cb8567
c1cb528c
c1cb1fbd
c1caecfc
c1caba47
c1ca879f
c1ca5503
c1ca2274
c1c9eff2
c1c9bd7c
c1c98b13
c1c958b7
c1c92667
c1c8f423
c1c8c1ed
c1c88fc2
c1c85da5
c1c82b94
c1c7f98f
c1c7c797
c1c795ab
c1c763cc
c1c731f9
c1c70033
c1c6ce79
c1c69ccc
c1c66b2b
c1c63996
c1c6080e
c1c5d692
c1c5a523
c1c573bf
c1c54269
c1c5111e
c1c4dfe0
c1c4aeae
c1c47d89
c1c44c70
c1c41b63
c1c3ea62
c1c3b96d
c1c38885
c1c357a9
c1c326d9
c1c2f616
c1c2c55e
c1c294b3
c1c26414
c1c23381
c1c202fa
c1c1d27f
c1c1a211
c1c171ae
c1c14158
c1c1110e
c1c0e0d0
c1c0b09d
c1c08077
c1c0505d
c1c0204f
c1bff04d
c1bfc057
c1bf906d
c1bf608f
c1bf30bd
c1bf00f6
c1bed13c
c1bea18e
c1be71eb
c1be4255
c1be12ca
c1bde34b
c1bdb3d8
c1bd8471
c1bd5516
c1bd25c7
c1bcf683
c1bcc74c
c1bc9820
c1bc6900
c1bc39eb
c1bc0ae3
c1bbdbe6
c1bbacf5
c1bb7e0f
c1bb4f36
c1bb2068
c1baf1a5
c1bac2ef
c1ba9444
c1ba65a5
c1ba3711
c1ba0889
c1b9da0d
c1b9ab9c
c1b97d37
c1b94edd
c1b92090
c1b8f24d
c1b8c416
c1b895eb
c1b867cb
c1b839b7
c1b80baf
c1b7ddb1
c1b7afc0
c1b781da
c1b753ff
c1b72630
c1b6f86c
c1b6cab3
c1b69d06
c1b66f65
c1b641cf
c1b61444
c1b5e6c5
c1b5b950
c1b58be8
c1b55e8b
c1b53139
c1b503f2
c1b4d6b7
c1b4a987
c1b47c62
c1b44f48
c1b4223a
c1b3f537
c1b3c840
c1b39b53
c1b36e72
c1b3419c
c1b314d1
c1b2e811
c1b2bb5d
c1b28eb4
c1b26216
c1b23583
c1b208fb
c1b1dc7e
c1b1b00d
c1b183a6
c1b1574b
c1b12afb
c1b0feb5
c1b0d27b
c1b0a64c
c1b07a28
c1b04e0f
c1b02201
c1aff5fe
c1afca06
c1af9e19
c1af7237
c1af4660
c1af1a94
c1aeeed3
c1aec31c
c1ae9771
c1ae6bd1
c1ae403b
c1ae14b1
c1ade931
c1adbdbc
c1ad9252
c1ad66f3
c1ad3b9e
c1ad1055
c1ace516
c1acb9e2
c1ac8eb9
c1ac639b
c1ac3888
c1ac0d7f
c1abe281
c1abb78e
c1ab8ca5
c1ab61c7
c1ab36f4
c1ab0c2c
c1aae16e
c1aab6bb
c1aa8c13
c1aa6175
c1aa36e2
c1aa0c5a
c1a9e1dc
c1a9b769
c1a98d00
c1a962a2
c1a9384f
c1a90e06
c1a8e3c8
c1a8b994
c1a88f6b
c1a8654c
c1a83b38
c1a8112f
c1a7e730
c1a7bd3b
c1a79351
c1a76971
c1a73f9c
c1a715d2
c1a6ec11
c1a6c25c
c1a698b0
c1a66f0f
c1a64579
c1a61bed
c1a5f26b
c1a5c8f3
c1a59f86
c1a57624
c1a54ccb
c1a5237d
c1a4fa39
c1a4d100
c1a4a7d1
c1a47eac
c1a45592
c1a42c81
c1a4037b
c1a3da80
c1a3b18e
c1a388a7
c1a35fca
c1a336f7
c1a30e2e
c1a2e570
c1a2bcbc
c1a29411
c1a26b71
c1a242dc
c1a21a50
c1a1f1cf
c1a1c957
c1a1a0ea
c1a17887
c1a1502e
c1a127df
c1a0ff9a
c1a0d75f
c1a0af2e
c1a08707
c1a05eea
c1a036d8
c1a00ecf
c19fe6d0
c19fbedc
c19f96f1
c19f6f10
c19f4739
c19f1f6d
c19ef7aa
c19ecff1
c19ea842
c19e809d
c19e5901
c19e3170
c19e09e9
c19de26b
c19dbaf7
c19d938e
c19d6c2e
c19d44d8
c19d1d8b
c19cf649
c19ccf10
c19ca7e1
c19c80bc
c19c59a1
c19c328f
c19c0b88
c19be48a
c19bbd95
c19b96ab
c19b6fca
c19b48f3
c19b2225
c19afb62
c19ad4a8
c19aadf7
c19a8751
c19a60b4
c19a3a20
c19a1397
c199ed17
c199c6a0
c199a033
c19979d0
c1995376
c1992d26
c19906e0
c198e0a3
c198ba70
c1989446
c1986e25
c198480f
c1982201
c197fbfe
c197d603
c197b013
c1978a2b
c197644e
c1973e79
c19718ae
c196f2ed
c196cd35
c196a786
c19681e1
c1965c45
c19636b3
c196112a
c195ebaa
c195c634
c195a0c7
c1957b64
c195560a
c19530b9
c1950b71
c194e633
c194c0fe
c1949bd2
c19476b0
c1945197
c1942c87
c1940781
c193e284
c193bd90
c19398a5
c19373c3
c1934eeb
c1932a1c
c1930556
c192e099
c192bbe6
c192973b
c192729a
c1924e02
c1922973
c19204ed
c191e070
c191bbfd
c1919792
c1917331
c1914ed9
c1912a8a
c1910644
c190e207
c190bdd3
c19099a8
c1907586
c190516d
c1902d5d
c1900956
c18fe558
c18fc164
c18f9d78
c18f7995
c18f55bb
c18f31ea
c18f0e22
c18eea63
c18ec6ad
c18ea300
c18e7f5b
c18e5bc0
c18e382d
c18e14a4
c18df123
c18dcdab
c18daa3c
c18d86d6
c18d6379
c18d4024
c18d1cd9
c18cf996
c18cd65c
c18cb32b
c18c9002
c18c6ce3
c18c49cc
c18c26be
c18c03b8
c18be0bc
c18bbdc8
c18b9add
c18b77fb
c18b5521
c18b3250
c18b0f88
c18aecc8
c18aca11
c18aa763
c18a84be
c18a6221
c18a3f8d
c18a1d01
c189fa7e
c189d804
c189b592
c1899329
c18970c9
c1894e71
c1892c21
c18909db
c188e79c
c188c567
c188a33a
c1888115
c1885ef9
c1883ce6
c1881adb
c187f8d8
c187d6de
c187b4ed
c1879304
c1877123
c1874f4b
c1872d7c
c1870bb5
c186e9f6
c186c840
c186a692
c18684ec
c186634f
c18641bb
c186202e
c185feab
c185dd2f
c185bbbc
c1859a51
c18578ef
c1855795
c1853643
c18514fa
c184f3b9
c184d280
c184b14f
c1849027
c1846f07
c1844df0
c1842ce0
c1840bd9
c183eada
c183c9e4
c183a8f5
c183880f
c1836731
c183465c
c183258e
c18304c9
c182e40c
c182c357
c182a2aa
c1828205
c1826169
c18240d5
c1822049
c181ffc5
c181df49
c181bed5
c1819e69
c1817e06
c1815daa
c1813d57
c1811d0c
c180fcc8
c180dc8d
c180bc5a
c1809c2f
c1807c0c
c1805bf1
c1803bde
c1801bd3
c17ff7a0
c17fb7aa
c17f77c4
c17f37ee
c17ef828
c17eb872
c17e78cc
c17e3936
c17df9b0
c17dba39
c17d7ad2
c17d3b7c
c17cfc35
c17cbcfe
c17c7dd6
c17c3ebf
c17bffb7
c17bc0bf
c17b81d6
c17b42fe
c17b0435
c17ac57c
c17a86d2
c17a4838
c17a09ae
c179cb34
c1798cc9
c1794e6d
c1791021
c178d1e5
c17893b8
c178559b
c178178e
c177d98f
c1779ba1
c1775dc2
c1771ff2
c176e232
c176a481
c17666df
c176294d
c175ebcb
c175ae57
c17570f4
c175339f
c174f65a
c174b924
c1747bfd
c1743ee6
c17401de
c173c4e5
c17387fb
c1734b21
c1730e56
c172d19a
c17294ed
c172584f
c1721bc1
c171df41
c171a2d1
c1716670
c1712a1e
c170eddb
c170b1a7
c1707582
c170396c
c16ffd65
c16fc16d
c16f8585
c16f49ab
c16f0de0
c16ed224
c16e9677
c16e5ad9
c16e1f49
c16de3c9
c16da857
c16d6cf5
c16d31a1
c16cf65c
c16cbb26
c16c7ffe
c16c44e6
c16c09dc
c16bcee1
c16b93f4
c16b5917
c16b1e48
c16ae388
c16aa8d6
c16a6e33
c16a339f
c169f919
c169bea2
c169843a
c16949e0
c1690f95
c168d558
c1689b2a
c168610b
c16826fa
c167ecf7
c167b303
c167791e
c1673f47
c167057e
c166cbc4
c1669218
c166587b
c1661eec
c165e56c
c165abf9
c1657296
c1653940
c164fff9
c164c6c0
c1648d96
c1645479
c1641b6b
c163e26c
c163a97a
c1637097
c16337c2
c162fefb
c162c642
c1628d98
c16254fc
c1621c6d
c161e3ed
c161ab7b
c1617318
c1613ac2
c161027a
c160ca41
c1609215
c16059f8
c16021e8
c15fe9e7
c15fb1f3
c15f7a0e
c15f4236
c15f0a6d
c15ed2b1
c15e9b03
c15e6363
c15e2bd1
c15df44d
c15dbcd7
c15d856f
c15d4e15
c15d16c8
c15cdf89
c15ca858
c15c7135
c15c3a20
c15c0318
c15bcc1e
c15b9532
c15b5e53
c15b2783
c15af0c0
c15aba0a
c15a8363
c15a4cc9
c15a163c
c159dfbe
c159a94c
c15972e9
c1593c93
c159064b
c158d010
c15899e3
c15863c3
c1582db1
c157f7ac
c157c1b5
c1578bcb
c15755ef
c1572020
c156ea5f
c156b4ab
c1567f04
c156496b
c15613e0
c155de62
c155a8f1
c155738d
c1553e37
c15508ee
c154d3b2
c1549e84
c1546963
c154344f
c153ff49
c153ca50
c1539564
c1536085
c1532bb3
c152f6ef
c152c238
c1528d8e
c15258f1
c1522462
c151efdf
c151bb6a
c1518701
c15152a6
c1511e58
c150ea17
c150b5e3
c15081bc
c1504da2
c1501995
c14fe595
c14fb1a2
c14f7dbc
c14f49e4
c14f1618
c14ee258
c14eaea6
c14e7b01
c14e4769
c14e13dd
c14de05f
c14daced
c14d7988
c14d4630
c14d12e5
c14cdfa7
c14cac76
c14c7951
c14c4639
c14c132e
c14be02f
c14bad3e
c14b7a59
c14b4780
c14b14b5
c14ae1f6
c14aaf44
c14a7c9e
c14a4a06
c14a1779
c149e4fa
c149b287
c1498021
c1494dc7
c1491b7a
c148e939
c148b705
c14884de
c14852c3
c14820b4
c147eeb2
c147bcbd
c1478ad4
c14758f7
c1472727
c146f564
c146c3ad
c1469202
c1466064
c1462ed2
c145fd4c
c145cbd3
c1459a66
c1456906
c14537b2
c145066a
c144d52f
c144a3ff
c14472dd
c14441c6
c14410bc
c143dfbe
c143aecc
c1437de6
c1434d0d
c1431c40
c142eb7f
c142baca
c1428a21
c1425985
c14228f5
c141f870
c141c7f8
c141978c
c141672d
c14136d9
c1410691
c140d656
c140a626
c1407603
c14045eb
c14015e0
c13fe5e0
c13fb5ed
c13f8605
c13f562a
c13f265a
c13ef696
c13ec6df
c13e9733
c13e6793
c13e37ff
c13e0877
c13dd8fb
c13da98b
c13d7a26
c13d4ace
c13d1b81
c13cec40
c13cbd0b
c13c8de1
c13c5ec4
c13c2fb2
c13c00ac
c13bd1b2
c13ba2c3
c13b73e0
c13b4509
c13b163e
c13ae77e
c13ab8ca
c13a8a22
c13a5b85
c13a2cf4
c139fe6e
c139cff5
c139a186
c1397324
c13944cd
c1391681
c138e842
c138ba0d
c1388be4
c1385dc7
c1382fb6
c13801af
c137d3b5
c137a5c6
c13777e2
c1374a0a
c1371c3d
c136ee7c
c136c0c6
c136931b
c136657c
c13637e8
c1360a60
c135dce3
c135af72
c135820b
c13554b1
c1352761
c134fa1d
c134cce4
c1349fb6
c1347294
c134457d
c1341871
c133eb71
c133be7c
c1339192
c13364b3
c13337df
c1330b17
c132de5a
c132b1a8
c1328501
c1325865
c1322bd5
c131ff4f
c131d2d5
c131a666
c1317a02
c1314da9
c131215b
c130f518
c130c8e1
c1309cb4
c1307092
c130447c
c1301870
c12fec6f
c12fc07a
c12f948f
c12f68af
c12f3cdb
c12f1111
c12ee552
c12eb99e
c12e8df5
c12e6257
c12e36c4
c12e0b3c
c12ddfbf
c12db44c
c12d88e4
c12d5d88
c12d3236
c12d06ef
c12cdbb2
c12cb081
c12c855a
c12c5a3e
c12c2f2d
c12c0426
c12bd92b
c12bae3a
c12b8354
c12b5878
c12b2da7
c12b02e1
c12ad826
c12aad75
c12a82cf
c12a5834
c12a2da3
c12a031d
c129d8a2
c129ae31
c12983ca
c129596f
c1292f1e
c12904d7
c128da9b
c128b06a
c1288643
c1285c27
c1283215
c128080e
c127de11
c127b41f
c1278a37
c127605a
c1273687
c1270cbe
c126e300
c126b94d
c1268fa4
c1266605
c1263c71
c12612e7
c125e967
c125bff2
c1259687
c1256d27
c12543d1
c1251a85
c124f143
c124c80c
c1249edf
c12475bd
c1244ca5
c1242396
c123fa93
c123d199
c123a8aa
c1237fc5
c12356ea
c1232e19
c1230553
c122dc97
c122b3e5
c1228b3d
c122629f
c1223a0b
c1221182
c121e903
c121c08e
c1219822
c1216fc1
c121476b
c1211f1e
c120f6db
c120cea2
c120a674
c1207e4f
c1205635
c1202e24
c120061d
c11fde21
c11fb62e
c11f8e46
c11f6667
c11f3e93
c11f16c8
c11eef07
c11ec750
c11e9fa4
c11e7801
c11e5068
c11e28d8
c11e0153
c11dd9d8
c11db266
c11d8aff
c11d63a1
c11d3c4d
c11d1503
c11cedc2
c11cc68c
c11c9f5f
c11c783c
c11c5123
c11c2a13
c11c030e
c11bdc12
c11bb520
c11b8e37
c11b6759
c11b4084
c11b19b8
c11af2f7
c11acc3f
c11aa591
c11a7eec
c11a5851
c11a31c0
c11a0b38
c119e4ba
c119be46
c11997db
c119717a
c1194b22
c11924d4
c118fe90
c118d855
c118b224
c1188bfc
c11865de
c1183fc9
c11819be
c117f3bc
c117cdc4
c117a7d5
c11781f0
c1175c14
c1173642
c1171079
c116eaba
c116c504
c1169f57
c11679b4
c116541b
c1162e8a
c1160903
c115e386
c115be11
c11598a7
c1157345
c1154ded
c115289e
c1150359
c114de1d
c114b8ea
c11493c0
c1146ea0
c1144989
c114247b
c113ff76
c113da7b
c113b589
c11390a0
c1136bc1
c11346eb
c113221d
c112fd5a
c112d89f
c112b3ed
c1128f45
c1126aa6
c1124610
c1122183
c111fcff
c111d884
c111b412
c1118faa
c1116b4b
c11146f4
c11122a7
c110fe63
c110da28
c110b5f6
c11091cd
c1106dad
c1104996
c1102588
c1100183
c10fdd88
c10fb995
c10f95ab
c10f71ca
c10f4df2
c10f2a23
c10f065d
c10ee2a0
c10ebeeb
c10e9b40
c10e779e
c10e5404
c10e3074
c10e0cec
c10de96d
c10dc5f7
c10da28a
c10d7f26
c10d5bcb
c10d3878
c10d152f
c10cf1ee
c10cceb6
c10cab86
c10c8860
c10c6542
c10c422d
c10c1f21
c10bfc1e
c10bd923
c10bb631
c10b9348
c10b7067
c10b4d90
c10b2ac1
c10b07fa
c10ae53d
c10ac288
c10a9fdb
c10a7d38
c10a5a9d
c10a380a
c10a1581
c109f300
c109d087
c109ae17
c1098bb0
c1096952
c10946fb
c10924ae
c1090269
c108e02d
c108bdf9
c1089bce
c10879ab
c1085791
c108357f
c1081376
c107f176
c107cf7e
c107ad8e
c1078ba7
c10769c8
c10747f2
c1072624
c107045f
c106e2a2
c106c0ed
c1069f41
c1067d9e
c1065c03
c1063a70
c10618e5
c105f763
c105d5ea
c105b478
c105930f
c10571af
c1055057
c1052f07
c1050dbf
c104ec80
c104cb49
c104aa1a
c10488f4
c10467d6
c10446c0
c10425b2
c10404ad
c103e3b0
c103c2bb
c103a1cf
c10380ea
c103600e
c1033f3a
c1031e6f
c102fdab
c102dcf0
c102bc3d
c1029b92
c1027aef
c1025a54
c10239c2
c1021937
c101f8b5
c101d83b
c101b7c9
c101975f
c10176fd
c10156a3
c1013652
c1011608
c100f5c7
c100d58d
c100b55c
c1009533
c1007511
c10054f8
c10034e7
c10014de
c0ffe9b9
c0ffa9c7
c0ff69e4
c0ff2a12
c0feea4f
c0feaa9d
c0fe6afa
c0fe2b67
c0fdebe4
c0fdac71
c0fd6d0e
c0fd2dbb
c0fcee77
c0fcaf43
c0fc701f
c0fc310b
c0fbf207
c0fbb312
c0fb742d
c0fb3558
c0faf693
c0fab7dd
c0fa7937
c0fa3aa0
c0f9fc19
c0f9bda2
c0f97f3b
c0f940e3
c0f9029a
c0f8c461
c0f88638
c0f8481e
c0f80a14
c0f7cc19
c0f78e2e
c0f75052
c0f71286
c0f6d4c9
c0f6971b
c0f6597d
c0f61bee
c0f5de6f
c0f5a0ff
c0f5639f
c0f5264d
c0f4e90c
c0f4abd9
c0f46eb6
c0f431a2
c0f3f49d
c0f3b7a7
c0f37ac1
c0f33dea
c0f30122
c0f2c469
c0f287c0
c0f24b25
c0f20e9a
c0f1d21e
c0f195b1
c0f15953
c0f11d04
c0f0e0c5
c0f0a494
c0f06872
c0f02c60
c0eff05c
c0efb468
c0ef7882
c0ef3cab
c0ef00e4
c0eec52b
c0ee8981
c0ee4de6
c0ee125a
c0edd6dd
c0ed9b6f
c0ed600f
c0ed24bf
c0ece97d
c0ecae4a
c0ec7326
c0ec3810
c0ebfd0a
c0ebc212
c0eb8729
c0eb4c4e
c0eb1183
c0ead6c6
c0ea9c17
c0ea6177
c0ea26e6
c0e9ec64
c0e9b1f0
c0e9778b
c0e93d34
c0e902ec
c0e8c8b3
c0e88e88
c0e8546c
c0e81a5e
c0e7e05f
c0e7a66e
c0e76c8b
c0e732b7
c0e6f8f2
c0e6bf3b
c0e68592
c0e64bf8
c0e6126c
c0e5d8ef
c0e59f80
c0e5661f
c0e52ccd
c0e4f389
c0e4ba53
c0e4812c
c0e44812
c0e40f08
c0e3d60b
c0e39d1d
c0e3643c
c0e32b6a
c0e2f2a7
c0e2b9f1
c0e2814a
c0e248b0
c0e21025
c0e1d7a8
c0e19f39
c0e166d9
c0e12e86
c0e0f641
c0e0be0b
c0e085e2
c0e04dc8
c0e015bc
c0dfddbd
c0dfa5cd
c0df6dea
c0df3616
c0defe4f
c0dec697
c0de8eec
c0de574f
c0de1fc0
c0dde83f
c0ddb0cc
c0dd7967
c0dd420f
c0dd0ac6
c0dcd38a
c0dc9c5c
c0dc653c
c0dc2e29
c0dbf725
c0dbc02e
c0db8945
c0db5269
c0db1b9b
c0dae4db
c0daae29
c0da7784
c0da40ed
c0da0a64
c0d9d3e8
c0d99d7a
c0d96719
c0d930c6
c0d8fa81
c0d8c449
c0d88e1f
c0d85802
c0d821f3
c0d7ebf1
c0d7b5fd
c0d78016
c0d74a3d
c0d71471
c0d6deb2
c0d6a901
c0d6735e
c0d63dc8
c0d6083f
c0d5d2c4
c0d59d56
c0d567f5
c0d532a2
c0d4fd5c
c0d4c823
c0d492f8
c0d45dda
c0d428c9
c0d3f3c5
c0d3becf
c0d389e6
c0d3550a
c0d3203b
c0d2eb7a
c0d2b6c5
c0d2821e
c0d24d84
c0d218f8
c0d1e478
c0d1b005
c0d17ba0
c0d14748
c0d112fc
c0d0debe
c0d0aa8d
c0d07669
c0d04252
c0d00e48
c0cfda4b
c0cfa65a
c0cf7277
c0cf3ea1
c0cf0ad8
c0ced71c
c0cea36c
c0ce6fca
c0ce3c35
c0ce08ac
c0cdd530
c0cda1c1
c0cd6e5f
c0cd3b0a
c0cd07c2
c0ccd486
c0cca158
c0cc6e36
c0cc3b20
c0cc0818
c0cbd51c
c0cba22d
c0cb6f4b
c0cb3c76
c0cb09ad
c0cad6f1
c0caa442
c0ca719f
c0ca3f09
c0ca0c7f
c0c9da03
c0c9a792
c0c9752f
c0c942d8
c0c9108d
c0c8de4f
c0c8ac1e
c0c879f9
c0c847e1
c0c815d5
c0c7e3d6
c0c7b1e4
c0c77ffd
c0c74e24
c0c71c56
c0c6ea95
c0c6b8e1
c0c68739
c0c6559d
c0c6240e
c0c5f28b
c0c5c115
c0c58fab
c0c55e4d
c0c52cfc
c0c4fbb6
c0c4ca7e
c0c49951
c0c46831
c0c4371d
c0c40615
c0c3d51a
c0c3a42b
c0c37348
c0c34271
c0c311a7
c0c2e0e8
c0c2b036
c0c27f90
c0c24ef7
c0c21e69
c0c1ede7
c0c1bd72
c0c18d09
c0c15cab
c0c12c5a
c0c0fc15
c0c0cbdc
c0c09baf
c0c06b8e
c0c03b79
c0c00b71
c0bfdb74
c0bfab83
c0bf7b9e
c0bf4bc5
c0bf1bf8
c0beec37
c0bebc82
c0be8cd9
c0be5d3c
c0be2daa
c0bdfe25
c0bdceab
c0bd9f3d
c0bd6fdc
c0bd4085
c0bd113b
c0bce1fd
c0bcb2ca
c0bc83a3
c0bc5488
c0bc2579
c0bbf676
c0bbc77e
c0bb9892
c0bb69b2
c0bb3add
c0bb0c14
c0badd57
c0baaea6
c0ba8000
c0ba5166
c0ba22d7
c0b9f454
c0b9c5dd
c0b99771
c0b96911
c0b93abd
c0b90c74
c0b8de36
c0b8b005
c0b881de
c0b853c4
c0b825b5
c0b7f7b1
c0b7c9b9
c0b79bcc
c0b76deb
c0b74015
c0b7124b
c0b6e48c
c0b6b6d8
c0b68930
c0b65b94
c0b62e03
c0b6007d
c0b5d302
c0b5a593
c0b57830
c0b54ad7
c0b51d8a
c0b4f048
c0b4c312
c0b495e7
c0b468c7
c0b43bb3
c0b40ea9
c0b3e1ab
c0b3b4b8
c0b387d1
c0b35af4
c0b32e23
c0b3015d
c0b2d4a3
c0b2a7f3
c0b27b4f
c0b24eb5
c0b22227
c0b1f5a4
c0b1c92c
c0b19cc0
c0b1705e
c0b14408
c0b117bc
c0b0eb7c
c0b0bf46
c0b0931c
c0b066fd
c0b03ae9
c0b00edf
c0afe2e1
c0afb6ee
c0af8b06
c0af5f28
c0af3356
c0af078f
c0aedbd2
c0aeb021
c0ae847a
c0ae58df
c0ae2d4e
c0ae01c8
c0add64d
c0adaadd
c0ad7f77
c0ad541d
c0ad28cd
c0acfd89
c0acd24f
c0aca71f
c0ac7bfb
c0ac50e1
c0ac25d3
c0abfacf
c0abcfd5
c0aba4e7
c0ab7a03
c0ab4f2a
c0ab245b
c0aaf997
c0aacede
c0aaa430
c0aa798c
c0aa4ef3
c0aa2465
c0a9f9e1
c0a9cf68
c0a9a4f9
c0a97a95
c0a9503c
c0a925ed
c0a8fba9
c0a8d16f
c0a8a740
c0a87d1c
c0a85302
c0a828f2
c0a7feed
c0a7d4f3
c0a7ab03
c0a7811d
c0a75742
c0a72d72
c0a703ac
c0a6d9f0
c0a6b03f
c0a68698
c0a65cfb
c0a63369
c0a609e2
c0a5e064
c0a5b6f1
c0a58d89
c0a5642b
c0a53ad7
c0a5118d
c0a4e84e
c0a4bf19
c0a495ee
c0a46cce
c0a443b8
c0a41aac
c0a3f1ab
c0a3c8b3
c0a39fc6
c0a376e3
c0a34e0b
c0a3253c
c0a2fc78
c0a2d3be
c0a2ab0e
c0a28269
c0a259cd
c0a2313c
c0a208b4
c0a1e037
c0a1b7c4
c0a18f5b
c0a166fd
c0a13ea8
c0a1165d
c0a0ee1d
c0a0c5e6
c0a09dba
c0a07597
c0a04d7f
c0a02571
c09ffd6c
c09fd572
c09fad82
c09f859b
c09f5dbf
c09f35ec
c09f0e24
c09ee665
c09ebeb1
c09e9706
c09e6f65
c09e47ce
c09e2041
c09df8be
c09dd145
c09da9d5
c09d8270
c09d5b14
c09d33c2
c09d0c7a
c09ce53c
c09cbe08
c09c96dd
c09c6fbc
c09c48a5
c09c2198
c09bfa94
c09bd39b
c09bacab
c09b85c4
c09b5ee8
c09b3815
c09b114c
c09aea8c
c09ac3d6
c09a9d2a
c09a7688
c09a4fef
c09a2960
c09a02da
c099dc5e
c099b5ec
c0998f83
c0996924
c09942cf
c0991c83
c098f641
c098d008
c098a9d9
c09883b3
c0985d97
c0983784
c098117b
c097eb7b
c097c585
c0979f99
c09779b5
c09753dc
c0972e0c
c0970845
c096e287
c096bcd3
c0969729
c0967188
c0964bf0
c0962662
c09600dd
c095db61
c095b5ef
c0959087
c0956b27
c09545d1
c0952084
c094fb41
c094d607
c094b0d6
c0948bae
c0946690
c094417b
c0941c6f
c093f76d
c093d273
c093ad83
c093889d
c09363bf
c0933eeb
c0931a20
c092f55e
c092d0a5
c092abf5
c092874f
c09262b2
c0923e1e
c0921993
c091f511
c091d098
c091ac28
c09187c2
c0916365
c0913f10
c0911ac5
c090f683
c090d24a
c090ae1a
c09089f3
c09065d5
c09041c0
c0901db4
c08ff9b1
c08fd5b7
c08fb1c6
c08f8dde
c08f69ff
c08f5813
c08f4629
c08f3442
c08f225c
c08f1079
c08efe98
c08eecb9
c08edadd
c08ec903
c08eb72b
c08ea555
c08e9381
c08e81b0
c08e6fe1
c08e5e14
c08e4c49
c08e3a81
c08e28bb
c08e16f7
c08e0535
c08df375
c08de1b8
c08dcffd
c08dbe44
c08dac8d
c08d9ad9
c08d8927
c08d7777
c08d65c9
c08d541d
c08d4274
c08d30cd
c08d1f28
c08d0d85
c08cfbe4
c08cea46
c08cd8aa
c08cc710
c08cb578
c08ca3e2
c08c924f
c08c80be
c08c6f2f
c08c5da2
c08c4c17
c08c3a8f
c08c2909
c08c1785
c08c0603
c08bf483
c08be306
c08bd18a
c08bc011
c08bae9a
c08b9d26
c08b8bb3
c08b7a43
c08b68d4
c08b5768
c08b45ff
c08b3497
c08b2331
c08b11ce
c08b006d
c08aef0e
c08addb1
c08acc57
c08abafe
c08aa9a8
c08a9854
c08a8702
c08a75b2
c08a6464
c08a5319
c08a41d0
c08a3088
c08a1f43
c08a0e01
c089fcc0
c089eb81
c089da45
c089c90b
c089b7d3
c089a69d
c0899569
c0898438
c0897308
c08961db
c08950b0
c0893f87
c0892e60
c0891d3b
c0890c18
c088faf8
c088e9da
c088d8be
c088c7a4
c088b68c
c088a576
c0889462
c0888351
c0887241
c0886134
c0885029
c0883f20
c0882e19
c0881d15
c0880c12
c087fb12
c087ea13
c087d917
c087c81d
c087b725
c087a62f
c087953c
c087844a
c087735b
c087626d
c0875182
c0874099
c0872fb2
c0871ecd
c0870dea
c086fd09
c086ec2b
c086db4e
c086ca74
c086b99c
c086a8c6
c08697f2
c0868720
c0867650
c0866582
c08654b6
c08643ed
c0863325
c0862260
c086119d
c08600dc
c085f01d
c085df60
c085cea5
c085bdec
c085ad35
c0859c81
c0858bce
c0857b1e
c0856a6f
c08559c3
c0854919
c0853871
c08527cb
c0851727
c0850685
c084f5e5
c084e548
c084d4ac
c084c412
c084b37b
c084a2e5
c0849252
c08481c1
c0847132
c08460a5
c084501a
c0843f91
c0842f0a
c0841e85
c0840e02
c083fd81
c083ed03
c083dc86
c083cc0c
c083bb93
c083ab1d
c0839aa8
c0838a36
c08379c6
c0836958
c08358eb
c0834881
c0833819
c08327b3
c083174f
c08306ed
c082f68e
c082e630
c082d5d4
c082c57a
c082b523
c082a4cd
c0829479
c0828428
c08273d8
c082638b
c0825340
c08242f6
c08232af
c082226a
c0821226
c08201e5
c081f1a6
c081e169
c081d12d
c081c0f4
c081b0bd
c081a088
c0819055
c0818024
c0816ff5
c0815fc8
c0814f9d
c0813f74
c0812f4d
c0811f28
c0810f05
c080fee5
c080eec6
c080dea9
c080ce8e
c080be75
c080ae5e
c0809e4a
c0808e37
c0807e26
c0806e17
c0805e0b
c0804e00
c0803df7
c0802df0
c0801dec
c0800de9
c07ffbd0
c07fdbd3
c07fbbd9
c07f9be4
c07f7bf2
c07f5c05
c07f3c1b
c07f1c36
c07efc54
c07edc77
c07ebc9d
c07e9cc7
c07e7cf6
c07e5d28
c07e3d5f
c07e1d99
c07dfdd7
c07dde19
c07dbe60
c07d9eaa
c07d7ef8
c07d5f4a
c07d3fa0
c07d1ffa
c07d0058
c07ce0ba
c07cc120
c07ca18a
c07c81f8
c07c6269
c07c42df
c07c2359
c07c03d6
c07be458
c07bc4dd
c07ba566
c07b85f4
c07b6685
c07b471a
c07b27b3
c07b0850
c07ae8f1
c07ac996
c07aaa3f
c07a8aeb
c07a6b9c
c07a4c50
c07a2d09
c07a0dc5
c079ee85
c079cf4a
c079b012
c07990dd
c07971ad
c0795281
c0793359
c0791434
c078f514
c078d5f7
c078b6de
c07897c9
c07878b8
c07859ab
c0783aa2
c0781b9c
c077fc9b
c077dd9d
c077bea3
c0779fae
c07780bc
c07761cd
c07742e3
c07723fd
c077051a
c076e63b
c076c761
c076a88a
c07689b6
c0766ae7
c0764c1c
c0762d54
c0760e90
c075efd0
c075d114
c075b25c
c07593a8
c07574f7
c075564b
c07537a2
c07518fd
c074fa5b
c074dbbe
c074bd25
c0749e8f
c0747ffd
c074616f
c07442e5
c074245e
c07405db
c073e75d
c073c8e2
c073aa6a
c0738bf7
c0736d87
c0734f1c
c07330b4
c073124f
c072f3ef
c072d592
c072b73a
c07298e5
c0727a93
c0725c46
c0723dfc
c0721fb6
c0720174
c071e336
c071c4fc
c071a6c5
c0718892
c0716a63
c0714c37
c0712e10
c0710fec
c070f1cc
c070d3af
c070b597
c0709782
c0707971
c0705b64
c0703d5a
c0701f54
c0700152
c06fe354
c06fc559
c06fa763
c06f8970
c06f6b80
c06f4d95
c06f2fad
c06f11c9
c06ef3e8
c06ed60c
c06eb833
c06e9a5e
c06e7c8c
c06e5ebf
c06e40f5
c06e232e
c06e056c
c06de7ad
c06dc9f2
c06dac3b
c06d8e87
c06d70d7
c06d532b
c06d3582
c06d17dd
c06cfa3c
c06cdc9f
c06cbf05
c06ca16f
c06c83dd
c06c664e
c06c48c3
c06c2b3c
c06c0db8
c06bf038
c06bd2bc
c06bb544
c06b97cf
c06b7a5e
c06b5cf0
c06b3f86
c06b2220
c06b04be
c06ae75f
c06aca04
c06aacad
c06a8f59
c06a7209
c06a54bc
c06a3774
c06a1a2f
c069fced
c069dfaf
c069c275
c069a53f
c069880c
c0696add
c0694db1
c0693089
c0691365
c068f644
c068d927
c068bc0e
c0689ef8
c06881e6
c06864d8
c06847cd
c0682ac6
c0680dc2
c067f0c3
c067d3c6
c067b6ce
c06799d9
c0677ce7
c0675ff9
c067430f
c0672629
c0670946
c066ec66
c066cf8b
c066b2b2
c06695de
c066790d
c0665c40
c0663f76
c06622b0
c06605ed
c065e92e
c065cc73
c065afbb
c0659307
c0657656
c06559a9
c0653d00
c065205a
c06503b8
c064e719
c064ca7e
c064ade7
c0649153
c06474c2
c0645835
c0643bac
c0641f27
c06402a4
c063e626
c063c9ab
c063ad33
c06390c0
c063744f
c06357e2
c0633b79
c0631f14
c06302b2
c062e653
c062c9f8
c062ada0
c062914d
c06274fc
c06258af
c0623c66
c0622020
c06203de
c061e79f
c061cb64
c061af2c
c06192f8
c06176c8
c0615a9b
c0613e71
c061224b
c0610628
c060ea09
c060cdee
c060b1d6
c06095c1
c06079b0
c0605da3
c0604199
c0602593
c0600990
c05fed90
c05fd194
c05fb59c
c05f99a7
c05f7db5
c05f61c7
c05f45dd
c05f29f6
c05f0e12
c05ef232
c05ed656
c05eba7d
c05e9ea7
c05e82d5
c05e6707
c05e4b3b
c05e2f74
c05e13b0
c05df7ef
c05ddc32
c05dc078
c05da4c1
c05d890f
c05d6d5f
c05d51b3
c05d360b
c05d1a66
c05cfec4
c05ce326
c05cc78b
c05cabf4
c05c9060
c05c74d0
c05c5943
c05c3dba
c05c2234
c05c06b1
c05beb32
c05bcfb6
c05bb43e
c05b98c9
c05b7d58
c05b61ea
c05b467f
c05b2b18
c05b0fb5
c05af454
c05ad8f8
c05abd9e
c05aa248
c05a86f6
c05a6ba6
c05a505b
c05a3512
c05a19cd
c059fe8c
c059e34e
c059c813
c059acdc
c05991a8
c0597677
c0595b4a
c0594021
c05924fa
c05909d7
c058eeb8
c058d39c
c058b883
c0589d6e
c058825c
c058674d
c0584c42
c058313a
c0581635
c057fb34
c057e037
c057c53c
c057aa45
c0578f52
c0577461
c0575975
c0573e8b
c05723a5
c05708c2
c056ede3
c056d307
c056b82e
c0569d59
c0568287
c05667b8
c0564ced
c0563225
c0561760
c055fc9f
c055e1e1
c055c726
c055ac6f
c05591bb
c055770b
c0555c5e
c05541b4
c055270d
c0550c6a
c054f1ca
c054d72e
c054bc94
c054a1fe
c054876c
c0546cdd
c0545251
c05437c8
c0541d43
c05402c1
c053e842
c053cdc7
c053b34f
c05398da
c0537e68
c05363fa
c053498f
c0532f28
c05314c4
c052fa63
c052e005
c052c5ab
c052ab53
c0529100
c05276af
c0525c62
c0524218
c05227d2
c0520d8e
c051f34e
c051d911
c051bed8
c051a4a2
c0518a6f
c051703f
c0515613
c0513bea
c05121c4
c05107a1
c050ed82
c050d366
c050b94d
c0509f37
c0508525
c0506b16
c050510a
c0503702
c0501cfd
c05002fb
c04fe8fc
c04fcf00
c04fb508
c04f9b13
c04f8121
c04f6733
c04f4d48
c04f335f
c04f197b
c04eff99
c04ee5bb
c04ecbe0
c04eb208
c04e9833
c04e7e62
c04e6494
c04e4ac9
c04e3101
c04e173c
c04dfd7b
c04de3bd
c04dca02
c04db04a
c04d9696
c04d7ce5
c04d6337
c04d498c
c04d2fe4
c04d1640
c04cfc9f
c04ce301
c04cc966
c04cafcf
c04c963a
c04c7ca9
c04c631b
c04c4990
c04c3009
c04c1684
c04bfd03
c04be385
c04bca0a
c04bb092
c04b971e
c04b7dad
c04b643f
c04b4ad4
c04b316c
c04b1807
c04afea6
c04ae548
c04acbed
c04ab295
c04a9940
c04a7fee
c04a66a0
c04a4d55
c04a340d
c04a1ac8
c04a0186
c049e847
c049cf0c
c049b5d3
c0499c9e
c049836c
c0496a3d
c0495112
c04937e9
c0491ec4
c04905a2
c048ec82
c048d366
c048ba4e
c048a138
c0488825
c0486f16
c0485609
c0483d00
c04823fa
c0480af7
c047f1f7
c047d8fb
c047c001
c047a70b
c0478e17
c0477527
c0475c3a
c0474350
c0472a69
c0471186
c046f8a5
c046dfc7
c046c6ed
c046ae16
c0469541
c0467c70
c04663a2
c0464ad7
c0463210
c046194b
c0460089
c045e7cb
c045cf0f
c045b657
c0459da2
c04584f0
c0456c41
c0455395
c0453aec
c0452246
c04509a3
c044f103
c044d867
c044bfcd
c044a737
c0448ea4
c0447613
c0445d86
c04444fc
c0442c75
c04413f1
c043fb70
c043e2f2
c043ca77
c043b1ff
c043998b
c0438119
c04368aa
c043503f
c04337d6
c0431f71
c043070e
c042eeaf
c042d653
c042bdf9
c042a5a3
c0428d50
c0427500
c0425cb3
c0424469
c0422c22
c04213de
c041fb9d
c041e35f
c041cb24
c041b2ec
c0419ab7
c0418285
c0416a56
c041522b
c0413a02
c04121dc
c04109b9
c040f19a
c040d97d
c040c163
c040a94d
c0409139
c0407928
c040611b
c0404910
c0403109
c0401904
c0400102
c03fe904
c03fd108
c03fb90f
c03fa11a
c03f8927
c03f7137
c03f594b
c03f4161
c03f297a
c03f1197
c03ef9b6
c03ee1d8
c03ec9fe
c03eb226
c03e9a51
c03e827f
c03e6ab0
c03e52e5
c03e3b1c
c03e2356
c03e0b93
c03df3d3
c03ddc16
c03dc45c
c03daca5
c03d94f1
c03d7d40
c03d6591
c03d4de6
c03d363e
c03d1e99
c03d06f6
c03cef57
c03cd7ba
c03cc021
c03ca88a
c03c90f7
c03c7966
c03c61d8
c03c4a4e
c03c32c6
c03c1b41
c03c03bf
c03bec40
c03bd4c4
c03bbd4b
c03ba5d5
c03b8e61
c03b76f1
c03b5f84
c03b4819
c03b30b2
c03b194d
c03b01eb
c03aea8d
c03ad331
c03abbd8
c03aa482
c03a8d2f
c03a75de
c03a5e91
c03a4747
c03a2fff
c03a18bb
c03a0179
c039ea3a
c039d2ff
c039bbc6
c039a490
c0398d5d
c039762c
c0395eff
c03947d5
c03930ad
c0391988
c0390267
c038eb48
c038d42c
c038bd13
c038a5fd
c0388ee9
c03877d9
c03860cb
c03849c1
c03832b9
c0381bb4
c03804b2
c037edb3
c037d6b7
c037bfbd
c037a8c7
c03791d3
c0377ae2
c03763f4
c0374d09
c0373621
c0371f3c
c0370859
c036f17a
c036da9d
c036c3c3
c036acec
c0369618
c0367f46
c0366878
c03651ac
c0363ae3
c036241d
c0360d5a
c035f69a
c035dfdd
c035c922
c035b26a
c0359bb6
c0358503
c0356e54
c03557a8
c03540fe
c0352a58
c03513b4
c034fd13
c034e675
c034cfd9
c034b941
c034a2ab
c0348c18
c0347588
c0345efb
c0344870
c03431e8
c0341b64
c03404e2
c033ee62
c033d7e6
c033c16c
c033aaf6
c0339482
c0337e10
c03367a2
c0335137
c0333ace
c0332468
c0330e05
c032f7a4
c032e147
c032caec
c032b494
c0329e3f
c03287ed
c032719d
c0325b50
c0324506
c0322ebf
c032187a
c0320239
c031ebfa
c031d5be
c031bf84
c031a94e
c031931a
c0317ce9
c03166bb
c031508f
c0313a67
c0312441
c0310e1e
c030f7fd
c030e1e0
c030cbc5
c030b5ad
c0309f97
c0308985
c0307375
c0305d68
c030475e
c0303156
c0301b51
c030054f
c02fef50
c02fd953
c02fc35a
c02fad63
c02f976e
c02f817d
c02f6b8e
c02f55a2
c02f3fb9
c02f29d2
c02f13ee
c02efe0d
c02ee82f
c02ed253
c02ebc7a
c02ea6a4
c02e90d0
c02e7b00
c02e6532
c02e4f66
c02e399e
c02e23d8
c02e0e15
c02df854
c02de297
c02dccdc
c02db723
c02da16e
c02d8bbb
c02d760b
c02d605e
c02d4ab3
c02d350b
c02d1f66
c02d09c3
c02cf423
c02cde86
c02cc8ec
c02cb354
c02c9dbf
c02c882c
c02c729d
c02c5d10
c02c4785
c02c31fe
c02c1c79
c02c06f7
c02bf177
c02bdbfa
c02bc680
c02bb109
c02b9b94
c02b8622
c02b70b2
c02b5b46
c02b45dc
c02b3074
c02b1b0f
c02b05ad
c02af04e
c02adaf1
c02ac597
c02ab040
c02a9aeb
c02a8599
c02a704a
c02a5afd
c02a45b3
c02a306c
c02a1b27
c02a05e5
c029f0a6
c029db69
c029c62f
c029b0f7
c0299bc2
c0298690
c0297161
c0295c34
c029470a
c02931e2
c0291cbd
c029079b
c028f27b
c028dd5e
c028c844
c028b32c
c0289e17
c0288905
c02873f5
c0285ee8
c02849dd
c02834d5
c0281fd0
c0280acd
c027f5cd
c027e0d0
c027cbd5
c027b6dd
c027a1e7
c0278cf4
c0277804
c0276316
c0274e2b
c0273943
c027245d
c0270f7a
c026fa99
c026e5bb
c026d0e0
c026bc07
c026a731
c026925d
c0267d8c
c02668be
c02653f2
c0263f29
c0262a62
c026159e
c02600dd
c025ec1e
c025d762
c025c2a8
c025adf1
c025993d
c025848b
c0256fdc
c0255b2f
c0254685
c02531dd
c0251d38
c0250896
c024f3f6
c024df59
c024cabe
c024b626
c024a191
c0248cfe
c024786d
c02463e0
c0244f55
c0243acc
c0242646
c02411c2
c023fd41
c023e8c3
c023d447
c023bfce
c023ab57
c02396e3
c0238272
c0236e02
c0235996
c023452c
c02330c5
c0231c60
c02307fe
c022f39e
c022df41
c022cae6
c022b68e
c022a238
c0228de5
c0227995
c0226547
c02250fc
c0223cb3
c022286c
c0221429
c021ffe7
c021eba9
c021d76d
c021c333
c021aefc
c0219ac7
c0218695
c0217265
c0215e38
c0214a0e
c02135e6
c02121c0
c0210d9d
c020f97d
c020e55f
c020d144
c020bd2b
c020a914
c0209501
c02080ef
c0206ce0
c02058d4
c02044ca
c02030c3
c0201cbe
c02008bc
c01ff4bc
c01fe0be
c01fccc4
c01fb8cb
c01fa4d5
c01f90e2
c01f7cf1
c01f6903
c01f5517
c01f412d
c01f2d47
c01f1962
c01f0580
c01ef1a1
c01eddc4
c01ec9e9
c01eb611
c01ea23c
c01e8e69
c01e7a98
c01e66ca
c01e52fe
c01e3f35
c01e2b6f
c01e17aa
c01e03e9
c01df02a
c01ddc6d
c01dc8b2
c01db4fb
c01da145
c01d8d92
c01d79e2
c01d6634
c01d5288
c01d3edf
c01d2b38
c01d1794
c01d03f3
c01cf053
c01cdcb7
c01cc91c
c01cb584
c01ca1ef
c01c8e5c
c01c7acb
c01c673d
c01c53b1
c01c4028
c01c2ca1
c01c191d
c01c059b
c01bf21c
c01bde9f
c01bcb24
c01bb7ac
c01ba436
c01b90c3
c01b7d52
c01b69e3
c01b5677
c01b430e
c01b2fa7
c01b1c42
c01b08e0
c01af580
c01ae222
c01acec7
c01abb6e
c01aa818
c01a94c4
c01a8173
c01a6e24
c01a5ad7
c01a478d
c01a3446
c01a2100
c01a0dbd
c019fa7d
c019e73f
c019d403
c019c0ca
c019ad93
c0199a5e
c019872c
c01973fd
c01960cf
c0194da4
c0193a7c
c0192756
c0191432
c0190111
c018edf2
c018dad5
c018c7bb
c018b4a3
c018a18e
c0188e7b
c0187b6a
c018685c
c0185550
c0184247
c0182f40
c0181c3b
c0180939
c017f639
c017e33b
c017d040
c017bd47
c017aa50
c017975c
c017846b
c017717b
c0175e8e
c0174ba4
c01738bb
c01725d5
c01712f2
c0170011
c016ed32
c016da55
c016c77b
c016b4a3
c016a1ce
c0168efb
c0167c2a
c016695c
c0165690
c01643c6
c01630ff
c0161e3a
c0160b78
c015f8b7
c015e5f9
c015d33e
c015c085
c015adce
c0159b19
c0158867
c01575b7
c0156309
c015505e
c0153db5
c0152b0f
c015186b
c01505c9
c014f329
c014e08c
c014cdf1
c014bb58
c014a8c2
c014962e
c014839d
c014710d
c0145e80
c0144bf6
c014396d
c01426e7
c0141464
c01401e2
c013ef63
c013dce6
c013ca6c
c013b7f4
c013a57e
c013930a
c0138099
c0136e2a
c0135bbe
c0134953
c01336eb
c0132486
c0131222
c012ffc1
c012ed62
c012db06
c012c8ab
c012b654
c012a3fe
c01291ab
c0127f59
c0126d0b
c0125abe
c0124874
c012362c
c01223e6
c01211a3
c011ff62
c011ed23
c011dae7
c011c8ad
c011b675
c011a43f
c011920c
c0117fda
c0116dac
c0115b7f
c0114955
c011372d
c0112507
c01112e3
c01100c2
c010eea3
c010dc87
c010ca6c
c010b854
c010a63e
c010942a
c0108219
c010700a
c0105dfd
c0104bf2
c01039ea
c01027e4
c01015e0
c01003de
c00ff1df
c00fdfe2
c00fcde7
c00fbbee
c00fa9f8
c00f9804
c00f8612
c00f7422
c00f6235
c00f504a
c00f3e61
c00f2c7a
c00f1a96
c00f08b4
c00ef6d4
c00ee4f6
c00ed31a
c00ec141
c00eaf6a
c00e9d95
c00e8bc3
c00e79f2
c00e6824
c00e5658
c00e448f
c00e32c7
c00e2102
c00e0f3f
c00dfd7e
c00debc0
c00dda03
c00dc849
c00db691
c00da4db
c00d9328
c00d8177
c00d6fc8
c00d5e1b
c00d4c70
c00d3ac8
c00d2921
c00d177d
c00d05db
c00cf43c
c00ce29e
c00cd103
c00cbf6a
c00cadd3
c00c9c3f
c00c8aac
c00c791c
c00c678e
c00c5602
c00c4478
c00c32f1
c00c216c
c00c0fe9
c00bfe68
c00bece9
c00bdb6d
c00bc9f2
c00bb87a
c00ba704
c00b9590
c00b841f
c00b72af
c00b6142
c00b4fd7
c00b3e6e
c00b2d07
c00b1ba3
c00b0a40
c00af8e0
c00ae782
c00ad626
c00ac4cd
c00ab375
c00aa220
c00a90cd
c00a7f7c
c00a6e2d
c00a5ce0
c00a4b96
c00a3a4d
c00a2907
c00a17c3
c00a0681
c009f541
c009e404
c009d2c8
c009c18f
c009b058
c0099f23
c0098df0
c0097cbf
c0096b91
c0095a65
c009493a
c0093812
c00926ec
c00915c9
c00904a7
c008f387
c008e26a
c008d14f
c008c036
c008af1f
c0089e0a
c0088cf7
c0087be7
c0086ad8
c00859cc
c00848c2
c00837ba
c00826b4
c00815b0
c00804ae
c007f3af
c007e2b1
c007d1b6
c007c0bd
c007afc6
c0079ed1
c0078dde
c0077cee
c0076bff
c0075b13
c0074a28
c0073940
c007285a
c0071776
c0070694
c006f5b4
c006e4d7
c006d3fb
c006c322
c006b24a
c006a175
c00690a2
c0067fd1
c0066f02
c0065e35
c0064d6b
c0063ca2
c0062bdb
c0061b17
c0060a55
c005f994
c005e8d6
c005d81a
c005c760
c005b6a8
c005a5f2
c005953f
c005848d
c00573de
c0056330
c0055285
c00541dc
c0053134
c005208f
c0050fec
c004ff4b
c004eeac
c004de10
c004cd75
c004bcdc
c004ac46
c0049bb1
c0048b1f
c0047a8e
c0046a00
c0045974
c00448ea
c0043862
c00427dc
c0041758
c00406d6
c003f656
c003e5d8
c003d55d
c003c4e3
c003b46b
c003a3f6
c0039382
c0038311
c00372a2
c0036234
c00351c9
c0034160
c00330f9
c0032094
c0031031
c002ffd0
c002ef71
c002df14
c002ceb9
c002be60
c002ae09
c0029db4
c0028d62
c0027d11
c0026cc3
c0025c76
c0024c2b
c0023be3
c0022b9c
c0021b58
c0020b16
c001fad5
c001ea97
c001da5b
c001ca20
c001b9e8
c001a9b2
c001997e
c001894b
c001791b
c00168ed
c00158c1
c0014897
c001386f
c0012849
c0011825
c0010803
c000f7e3
c000e7c5
c000d7a9
c000c78f
c000b777
c000a761
c000974d
c000873b
c000772b
c000671d
c0005712
c0004708
c0003700
c00026fa
c00016f6
c00006f4
bfffede9
bfffcded
bfffadf5
bfff8e01
bfff6e12
bfff4e26
bfff2e3e
bfff0e5a
bffeee7b
bffece9f
bffeaec7
bffe8ef3
bffe6f23
bffe4f57
bffe2f8f
bffe0fcb
bffdf00b
bffdd04f
bffdb097
bffd90e3
bffd7133
bffd5187
bffd31df
bffd123a
bffcf29a
bffcd2fe
bffcb365
bffc93d1
bffc7440
bffc54b4
bffc352b
bffc15a7
bffbf626
bffbd6a9
bffbb730
bffb97bb
bffb784a
bffb58dd
bffb3974
bffb1a0f
bffafaae
bffadb50
bffabbf7
bffa9ca1
bffa7d50
bffa5e02
bffa3eb8
bffa1f72
bffa0030
bff9e0f2
bff9c1b8
bff9a282
bff9834f
bff96421
bff944f6
bff925d0
bff906ad
bff8e78e
bff8c873
bff8a95c
bff88a49
bff86b39
bff84c2e
bff82d26
bff80e22
bff7ef23
bff7d027
bff7b12f
bff7923a
bff7734a
bff7545e
bff73575
bff71690
bff6f7af
bff6d8d2
bff6b9f9
bff69b24
bff67c52
bff65d85
bff63ebb
bff61ff5
bff60133
bff5e275
bff5c3ba
bff5a504
bff58651
bff567a2
bff548f7
bff52a50
bff50bad
bff4ed0d
bff4ce71
bff4afd9
bff49145
bff472b5
bff45429
bff435a0
bff4171b
bff3f89a
bff3da1d
bff3bba4
bff39d2e
bff37ebc
bff3604f
bff341e4
bff3237e
bff3051c
bff2e6bd
bff2c862
bff2aa0b
bff28bb7
bff26d68
bff24f1c
bff230d4
bff21290
bff1f44f
bff1d613
bff1b7da
bff199a5
bff17b73
bff15d46
bff13f1c
bff120f6
bff102d4
bff0e4b5
bff0c69b
bff0a884
bff08a71
bff06c61
bff04e55
bff0304e
bff01249
bfeff449
bfefd64c
bfefb853
bfef9a5e
bfef7c6d
bfef5e7f
bfef4095
bfef22af
bfef04cd
bfeee6ee
bfeec913
bfeeab3c
bfee8d68
bfee6f98
bfee51cc
bfee3404
bfee163f
bfedf87e
bfeddac1
bfedbd07
bfed9f52
bfed81a0
bfed63f1
bfed4647
bfed28a0
bfed0afc
bfeced5d
bfeccfc1
bfecb229
bfec9495
bfec7704
bfec5977
bfec3bee
bfec1e68
bfec00e6
bfebe368
bfebc5ed
bfeba876
bfeb8b03
bfeb6d93
bfeb5028
bfeb32bf
bfeb155b
bfeaf7fa
bfeada9d
bfeabd43
bfea9fee
bfea829b
bfea654d
bfea4802
bfea2abb
bfea0d77
bfe9f038
bfe9d2fb
bfe9b5c3
bfe9988e
bfe97b5d
bfe95e2f
bfe94105
bfe923df
bfe906bc
bfe8e99d
bfe8cc82
bfe8af6a
bfe89256
bfe87545
bfe85839
bfe83b2f
bfe81e2a
bfe80128
bfe7e429
bfe7c72f
bfe7aa38
bfe78d44
bfe77054
bfe75368
bfe73680
bfe7199a
bfe6fcb9
bfe6dfdb
bfe6c301
bfe6a62b
bfe68958
bfe66c88
bfe64fbc
bfe632f4
bfe61630
bfe5f96f
bfe5dcb1
bfe5bff8
bfe5a341
bfe5868f
bfe569e0
bfe54d34
bfe5308c
bfe513e8
bfe4f747
bfe4daaa
bfe4be11
bfe4a17b
bfe484e8
bfe4685a
bfe44bce
bfe42f47
bfe412c3
bfe3f642
bfe3d9c5
bfe3bd4b
bfe3a0d6
bfe38463
bfe367f5
bfe34b89
bfe32f22
bfe312be
bfe2f65d
bfe2da00
bfe2bda6
bfe2a151
bfe284fe
bfe268af
bfe24c64
bfe2301c
bfe213d8
bfe1f797
bfe1db5a
bfe1bf20
bfe1a2ea
bfe186b8
bfe16a89
bfe14e5d
bfe13235
bfe11610
bfe0f9ef
bfe0ddd2
bfe0c1b8
bfe0a5a2
bfe0898f
bfe06d7f
bfe05173
bfe0356b
bfe01966
bfdffd64
bfdfe167
bfdfc56c
bfdfa975
bfdf8d82
bfdf7192
bfdf55a5
bfdf39bc
bfdf1dd7
bfdf01f5
bfdee616
bfdeca3b
bfdeae64
bfde9290
bfde76bf
bfde5af2
bfde3f28
bfde2362
bfde07a0
bfddebe0
bfddd025
bfddb46c
bfdd98b8
bfdd7d06
bfdd6158
bfdd45ae
bfdd2a07
bfdd0e63
bfdcf2c3
bfdcd727
bfdcbb8d
bfdc9ff8
bfdc8465
bfdc68d7
bfdc4d4b
bfdc31c3
bfdc163f
bfdbfabe
bfdbdf40
bfdbc3c6
bfdba84f
bfdb8cdc
bfdb716c
bfdb5600
bfdb3a96
bfdb1f31
bfdb03cf
bfdae870
bfdacd15
bfdab1bd
bfda9668
bfda7b17
bfda5fc9
bfda447f
bfda2938
bfda0df5
bfd9f2b5
bfd9d778
bfd9bc3f
bfd9a109
bfd985d7
bfd96aa8
bfd94f7c
bfd93454
bfd9192f
bfd8fe0d
bfd8e2ef
bfd8c7d5
bfd8acbd
bfd891aa
bfd87699
bfd85b8c
bfd84082
bfd8257c
bfd80a79
bfd7ef79
bfd7d47d
bfd7b984
bfd79e8e
bfd7839c
bfd768ae
bfd74dc2
bfd732da
bfd717f5
bfd6fd14
bfd6e236
bfd6c75c
bfd6ac84
bfd691b0
bfd676e0
bfd65c13
bfd64149
bfd62682
bfd60bbf
bfd5f0ff
bfd5d643
bfd5bb8a
bfd5a0d4
bfd58622
bfd56b73
bfd550c7
bfd5361e
bfd51b79
bfd500d8
bfd4e639
bfd4cb9e
bfd4b106
bfd49672
bfd47be1
bfd46153
bfd446c8
bfd42c41
bfd411bd
bfd3f73d
bfd3dcbf
bfd3c245
bfd3a7cf
bfd38d5c
bfd372eb
bfd3587f
bfd33e15
bfd323af
bfd3094c
bfd2fc1c
bfd2eeed
bfd2e1be
bfd2d491
bfd2c764
bfd2ba38
bfd2ad0d
bfd29fe2
bfd292b9
bfd28590
bfd27868
bfd26b41
bfd25e1a
bfd250f5
bfd243d0
bfd236ad
bfd2298a
bfd21c67
bfd20f46
bfd20225
bfd1f506
bfd1e7e7
bfd1dac9
bfd1cdab
bfd1c08f
bfd1b373
bfd1a659
bfd1993f
bfd18c25
bfd17f0d
bfd171f6
bfd164df
bfd157c9
bfd14ab4
bfd13da0
bfd1308c
bfd1237a
bfd11668
bfd10957
bfd0fc47
bfd0ef37
bfd0e229
bfd0d51b
bfd0c80e
bfd0bb02
bfd0adf7
bfd0a0ec
bfd093e3
bfd086da
bfd079d2
bfd06cca
bfd05fc4
bfd052be
bfd045ba
bfd038b6
bfd02bb3
bfd01eb0
bfd011af
bfd004ae
bfcff7ae
bfcfeaaf
bfcfddb1
bfcfd0b3
bfcfc3b7
bfcfb6bb
bfcfa9c0
bfcf9cc6
bfcf8fcc
bfcf82d4
bfcf75dc
bfcf68e5
bfcf5bef
bfcf4efa
bfcf4205
bfcf3511
bfcf281e
bfcf1b2c
bfcf0e3b
bfcf014a
bfcef45b
bfcee76c
bfceda7e
bfcecd91
bfcec0a4
bfceb3b9
bfcea6ce
bfce99e4
bfce8cfa
bfce8012
bfce732a
bfce6644
bfce595e
bfce4c79
bfce3f94
bfce32b1
bfce25ce
bfce18ec
bfce0c0b
bfcdff2a
bfcdf24b
bfcde56c
bfcdd88e
bfcdcbb1
bfcdbed5
bfcdb1f9
bfcda51e
bfcd9844
bfcd8b6b
bfcd7e93
bfcd71bc
bfcd64e5
bfcd580f
bfcd4b3a
bfcd3e66
bfcd3192
bfcd24bf
bfcd17ed
bfcd0b1c
bfccfe4c
bfccf17d
bfcce4ae
bfccd7e0
bfcccb13
bfccbe47
bfccb17b
bfcca4b0
bfcc97e7
bfcc8b1d
bfcc7e55
bfcc718e
bfcc64c7
bfcc5801
bfcc4b3c
bfcc3e78
bfcc31b4
bfcc24f1
bfcc182f
bfcc0b6e
bfcbfeae
bfcbf1ef
bfcbe530
bfcbd872
bfcbcbb5
bfcbbef8
bfcbb23d
bfcba582
bfcb98c8
bfcb8c0f
bfcb7f57
bfcb729f
bfcb65e8
bfcb5932
bfcb4c7d
bfcb3fc9
bfcb3315
bfcb2662
bfcb19b0
bfcb0cff
bfcb004f
bfcaf39f
bfcae6f0
bfcada42
bfcacd95
bfcac0e9
bfcab43d
bfcaa792
bfca9ae8
bfca8e3f
bfca8196
bfca74ef
bfca6848
bfca5ba2
bfca4efc
bfca4258
bfca35b4
bfca2911
bfca1c6f
bfca0fcd
bfca032d
bfc9f68d
bfc9e9ee
bfc9dd50
bfc9d0b2
bfc9c416
bfc9b77a
bfc9aadf
bfc99e44
bfc991ab
bfc98512
bfc9787a
bfc96be3
bfc95f4d
bfc952b7
bfc94622
bfc9398e
bfc92cfb
bfc92069
bfc913d7
bfc90746
bfc8fab6
bfc8ee27
bfc8e199
bfc8d50b
bfc8c87e
bfc8bbf2
bfc8af66
bfc8a2dc
bfc89652
bfc889c9
bfc87d41
bfc870b9
bfc86433
bfc857ad
bfc84b28
bfc83ea3
bfc83220
bfc8259d
bfc8191b
bfc80c9a
bfc8001a
bfc7f39a
bfc7e71b
bfc7da9d
bfc7ce20
bfc7c1a3
bfc7b528
bfc7a8ad
bfc79c33
bfc78fb9
bfc78341
bfc776c9
bfc76a52
bfc75ddc
bfc75166
bfc744f1
bfc7387d
bfc72c0a
bfc71f98
bfc71326
bfc706b6
bfc6fa46
bfc6edd6
bfc6e168
bfc6d4fa
bfc6c88d
bfc6bc21
bfc6afb6
bfc6a34b
bfc696e1
bfc68a78
bfc67e10
bfc671a8
bfc66542
bfc658dc
bfc64c77
bfc64012
bfc633af
bfc6274c
bfc61aea
bfc60e88
bfc60228
bfc5f5c8
bfc5e969
bfc5dd0b
bfc5d0ae
bfc5c451
bfc5b7f5
bfc5ab9a
bfc59f40
bfc592e6
bfc5868d
bfc57a35
bfc56dde
bfc56187
bfc55532
bfc548dd
bfc53c89
bfc53035
bfc523e3
bfc51791
bfc50b40
bfc4feef
bfc4f2a0
bfc4e651
bfc4da03
bfc4cdb6
bfc4c169
bfc4b51e
bfc4a8d3
bfc49c88
bfc4903f
bfc483f6
bfc477af
bfc46b67
bfc45f21
bfc452dc
bfc44697
bfc43a53
bfc42e0f
bfc421cd
bfc4158b
bfc4094a
bfc3fd0a
bfc3f0cb
bfc3e48c
bfc3d84e
bfc3cc11
bfc3bfd5
bfc3b399
bfc3a75e
bfc39b24
bfc38eeb
bfc382b2
bfc3767a
bfc36a43
bfc35e0d
bfc351d8
bfc345a3
bfc3396f
bfc32d3c
bfc32109
bfc314d8
bfc308a7
bfc2fc77
bfc2f047
bfc2e418
bfc2d7eb
bfc2cbbd
bfc2bf91
bfc2b366
bfc2a73b
bfc29b11
bfc28ee7
bfc282bf
bfc27697
bfc26a70
bfc25e4a
bfc25224
bfc245ff
bfc239db
bfc22db8
bfc22196
bfc21574
bfc20953
bfc1fd33
bfc1f113
bfc1e4f5
bfc1d8d7
bfc1ccba
bfc1c09d
bfc1b481
bfc1a867
bfc19c4c
bfc19033
bfc1841a
bfc17803
bfc16beb
bfc15fd5
bfc153bf
bfc147ab
bfc13b96
bfc12f83
bfc12371
bfc1175f
bfc10b4e
bfc0ff3d
bfc0f32e
bfc0e71f
bfc0db11
bfc0cf04
bfc0c2f7
bfc0b6eb
bfc0aae0
bfc09ed6
bfc092cc
bfc086c3
bfc07abb
bfc06eb4
bfc062ae
bfc056a8
bfc04aa3
bfc03e9e
bfc0329b
bfc02698
bfc01a96
bfc00e95
bfc00294
bfbff694
bfbfea95
bfbfde97
bfbfd29a
bfbfc69d
bfbfbaa1
bfbfaea5
bfbfa2ab
bfbf96b1
bfbf8ab8
bfbf7ec0
bfbf72c8
bfbf66d1
bfbf5adb
bfbf4ee6
bfbf42f2
bfbf36fe
bfbf2b0b
bfbf1f18
bfbf1327
bfbf0736
bfbefb46
bfbeef57
bfbee368
bfbed77a
bfbecb8d
bfbebfa1
bfbeb3b5
bfbea7ca
bfbe9be0
bfbe8ff7
bfbe840e
bfbe7826
bfbe6c3f
bfbe6059
bfbe5473
bfbe488e
bfbe3caa
bfbe30c7
bfbe24e4
bfbe1902
bfbe0d21
bfbe0140
bfbdf561
bfbde982
bfbddda3
bfbdd1c6
bfbdc5e9
bfbdba0d
bfbdae32
bfbda257
bfbd967e
bfbd8aa5
bfbd7ecc
bfbd72f5
bfbd671e
bfbd5b48
bfbd4f73
bfbd439e
bfbd37ca
bfbd2bf7
bfbd2025
bfbd1453
bfbd0882
bfbcfcb2
bfbcf0e2
bfbce514
bfbcd946
bfbccd79
bfbcc1ac
bfbcb5e0
bfbcaa15
bfbc9e4b
bfbc9282
bfbc86b9
bfbc7af1
bfbc6f29
bfbc6363
bfbc579d
bfbc4bd8
bfbc4014
bfbc3450
bfbc288d
bfbc1ccb
bfbc1109
bfbc0549
bfbbf989
bfbbedca
bfbbe20b
bfbbd64d
bfbbca90
bfbbbed4
bfbbb318
bfbba75e
bfbb9ba3
bfbb8fea
bfbb8431
bfbb787a
bfbb6cc2
bfbb610c
bfbb5556
bfbb49a1
bfbb3ded
bfbb323a
bfbb2687
bfbb1ad5
bfbb0f23
bfbb0373
bfbaf7c3
bfbaec14
bfbae066
bfbad4b8
bfbac90b
bfbabd5f
bfbab1b3
bfbaa609
bfba9a5e
bfba8eb5
bfba830d
bfba7765
bfba6bbe
bfba6017
bfba5472
bfba48cd
bfba3d29
bfba3185
bfba25e2
bfba1a40
bfba0e9f
bfba02ff
bfb9f75f
bfb9ebc0
bfb9e021
bfb9d484
bfb9c8e7
bfb9bd4b
bfb9b1af
bfb9a614
bfb99a7a
bfb98ee1
bfb98348
bfb977b1
bfb96c19
bfb96083
bfb954ed
bfb94958
bfb93dc4
bfb93231
bfb9269e
bfb91b0c
bfb90f7b
bfb903ea
bfb8f85a
bfb8eccb
bfb8e13d
bfb8d5af
bfb8ca22
bfb8be96
bfb8b30a
bfb8a77f
bfb89bf5
bfb8906c
bfb884e3
bfb8795b
bfb86dd4
bfb8624d
bfb856c8
bfb84b42
bfb83fbe
bfb8343b
bfb828b8
bfb81d35
bfb811b4
bfb80633
bfb7fab3
bfb7ef34
bfb7e3b5
bfb7d837
bfb7ccba
bfb7c13e
bfb7b5c2
bfb7aa47
bfb79ecd
bfb79353
bfb787da
bfb77c62
bfb770eb
bfb76574
bfb759fe
bfb74e89
bfb74314
bfb737a1
bfb72c2d
bfb720bb
bfb71549
bfb709d8
bfb6fe68
bfb6f2f9
bfb6e78a
bfb6dc1c
bfb6d0ae
bfb6c542
bfb6b9d6
bfb6ae6a
bfb6a300
bfb69796
bfb68c2d
bfb680c4
bfb6755d
bfb669f6
bfb65e8f
bfb6532a
bfb647c5
bfb63c61
bfb630fd
bfb6259b
bfb61a39
bfb60ed8
bfb60377
bfb5f817
bfb5ecb8
bfb5e159
bfb5d5fc
bfb5ca9f
bfb5bf42
bfb5b3e7
bfb5a88c
bfb59d32
bfb591d8
bfb58680
bfb57b27
bfb56fd0
bfb5647a
bfb55924
bfb54dce
bfb5427a
bfb53726
bfb52bd3
bfb52081
bfb5152f
bfb509de
bfb4fe8e
bfb4f33e
bfb4e7ef
bfb4dca1
bfb4d154
bfb4c607
bfb4babb
bfb4af70
bfb4a425
bfb498db
bfb48d92
bfb48249
bfb47702
bfb46bbb
bfb46074
bfb4552e
bfb449e9
bfb43ea5
bfb43362
bfb4281f
bfb41cdd
bfb4119b
bfb4065a
bfb3fb1a
bfb3efdb
bfb3e49c
bfb3d95e
bfb3ce21
bfb3c2e5
bfb3b7a9
bfb3ac6e
bfb3a133
bfb395fa
bfb38ac1
bfb37f88
bfb37451
bfb3691a
bfb35de4
bfb352ae
bfb34779
bfb33c45
bfb33112
bfb325df
bfb31aad
bfb30f7c
bfb3044b
bfb2f91b
bfb2edec
bfb2e2bd
bfb2d78f
bfb2cc62
bfb2c136
bfb2b60a
bfb2aadf
bfb29fb5
bfb2948b
bfb28962
bfb27e3a
bfb27313
bfb267ec
bfb25cc6
bfb251a0
bfb2467b
bfb23b57
bfb23034
bfb22511
bfb219ef
bfb20ece
bfb203ad
bfb1f88e
bfb1ed6e
bfb1e250
bfb1d732
bfb1cc15
bfb1c0f9
bfb1b5dd
bfb1aac2
bfb19fa7
bfb1948e
bfb18975
bfb17e5d
bfb17345
bfb1682e
bfb15d18
bfb15203
bfb146ee
bfb13bda
bfb130c6
bfb125b4
bfb11aa2
bfb10f90
bfb10480
bfb0f970
bfb0ee61
bfb0e352
bfb0d844
bfb0cd37
bfb0c22a
bfb0b71f
bfb0ac14
bfb0a109
bfb095ff
bfb08af6
bfb07fee
bfb074e6
bfb069df
bfb05ed9
bfb053d4
bfb048cf
bfb03dcb
bfb032c7
bfb027c4
bfb01cc2
bfb011c1
bfb006c0
bfaffbc0
bfaff0c0
bfafe5c2
bfafdac4
bfafcfc6
bfafc4ca
bfafb9ce
bfafaed2
bfafa3d8
bfaf98de
bfaf8de5
bfaf82ec
bfaf77f4
bfaf6cfd
bfaf6207
bfaf5711
bfaf4c1c
bfaf4127
bfaf3634
bfaf2b41
bfaf204e
bfaf155d
bfaf0a6c
bfaeff7b
bfaef48c
bfaee99d
bfaedeae
bfaed3c1
bfaec8d4
bfaebde8
bfaeb2fc
bfaea811
bfae9d27
bfae923e
bfae8755
bfae7c6d
bfae7185
bfae669f
bfae5bb9
bfae50d3
bfae45ef
bfae3b0a
bfae3027
bfae2544
bfae1a62
bfae0f81
bfae04a1
bfadf9c1
bfadeee1
bfade403
bfadd925
bfadce48
bfadc36b
bfadb88f
bfadadb4
bfada2d9
bfad9800
bfad8d26
bfad824e
bfad7776
bfad6c9f
bfad61c9
bfad56f3
bfad4c1e
bfad4149
bfad3676
bfad2ba2
bfad20d0
bfad15fe
bfad0b2d
bfad005d
bfacf58d
bfaceabe
bfacdff0
bfacd522
bfacca55
bfacbf89
bfacb4bd
bfaca9f2
bfac9f28
bfac945f
bfac8996
bfac7ecd
bfac7406
bfac693f
bfac5e79
bfac53b3
bfac48ee
bfac3e2a
bfac3366
bfac28a3
bfac1de1
bfac1320
bfac085f
bfabfd9f
bfabf2df
bfabe820
bfabdd62
bfabd2a5
bfabc7e8
bfabbd2c
bfabb270
bfaba7b5
bfab9cfb
bfab9242
bfab8789
bfab7cd1
bfab7219
bfab6763
bfab5cac
bfab51f7
bfab4742
bfab3c8e
bfab31db
bfab2728
bfab1c76
bfab11c4
bfab0713
bfaafc63
bfaaf1b4
bfaae705
bfaadc57
bfaad1aa
bfaac6fd
bfaabc51
bfaab1a5
bfaaa6fb
bfaa9c50
bfaa91a7
bfaa86fe
bfaa7c56
bfaa71af
bfaa6708
bfaa5c62
bfaa51bc
bfaa4718
bfaa3c73
bfaa31d0
bfaa272d
bfaa1c8b
bfaa11ea
bfaa0749
bfa9fca9
bfa9f209
bfa9e76b
bfa9dccc
bfa9d22f
bfa9c792
bfa9bcf6
bfa9b25a
bfa9a7c0
bfa99d26
bfa9928c
bfa987f3
bfa97d5b
bfa972c4
bfa9682d
bfa95d97
bfa95301
bfa9486c
bfa93dd8
bfa93344
bfa928b2
bfa91e1f
bfa9138e
bfa908fd
bfa8fe6d
bfa8f3dd
bfa8e94e
bfa8dec0
bfa8d432
bfa8c9a5
bfa8bf19
bfa8b48d
bfa8aa03
bfa89f78
bfa894ef
bfa88a66
bfa87fdd
bfa87556
bfa86acf
bfa86048
bfa855c3
bfa84b3e
bfa840b9
bfa83635
bfa82bb2
bfa82130
bfa816ae
bfa80c2d
bfa801ad
bfa7f72d
bfa7ecae
bfa7e22f
bfa7d7b2
bfa7cd34
bfa7c2b8
bfa7b83c
bfa7adc1
bfa7a346
bfa798cc
bfa78e53
bfa783db
bfa77963
bfa76eec
bfa76475
bfa759ff
bfa74f8a
bfa74515
bfa73aa1
bfa7302e
bfa725bb
bfa71b49
bfa710d8
bfa70667
bfa6fbf7
bfa6f187
bfa6e719
bfa6dcaa
bfa6d23d
bfa6c7d0
bfa6bd64
bfa6b2f9
bfa6a88e
bfa69e23
bfa693ba
bfa68951
bfa67ee9
bfa67481
bfa66a1a
bfa65fb4
bfa6554e
bfa64ae9
bfa64085
bfa63621
bfa62bbe
bfa6215c
bfa616fa
bfa60c99
bfa60238
bfa5f7d9
bfa5ed79
bfa5e31b
bfa5d8bd
bfa5ce60
bfa5c403
bfa5b9a7
bfa5af4c
bfa5a4f1
bfa59a97
bfa5903e
bfa585e5
bfa57b8d
bfa57136
bfa566df
bfa55c89
bfa55234
bfa547df
bfa53d8b
bfa53337
bfa528e4
bfa51e92
bfa51440
bfa509ef
bfa4ff9f
bfa4f54f
bfa4eb00
bfa4e0b2
bfa4d664
bfa4cc17
bfa4c1cb
bfa4b77f
bfa4ad34
bfa4a2e9
bfa498a0
bfa48e56
bfa4840e
bfa479c6
bfa46f7f
bfa46538
bfa45af2
bfa450ad
bfa44668
bfa43c24
bfa431e0
bfa4279d
bfa41d5b
bfa4131a
bfa408d9
bfa3fe99
bfa3f459
bfa3ea1a
bfa3dfdc
bfa3d59e
bfa3cb61
bfa3c125
bfa3b6e9
bfa3acae
bfa3a273
bfa3983a
bfa38e00
bfa383c8
bfa37990
bfa36f59
bfa36522
bfa35aec
bfa350b7
bfa34682
bfa33c4e
bfa3321a
bfa327e8
bfa31db5
bfa31384
bfa30953
bfa2ff23
bfa2f4f3
bfa2eac4
bfa2e096
bfa2d668
bfa2cc3b
bfa2c20e
bfa2b7e3
bfa2adb7
bfa2a38d
bfa29963
bfa28f3a
bfa28511
bfa27ae9
bfa270c2
bfa2669b
bfa25c75
bfa2524f
bfa2482b
bfa23e06
bfa233e3
bfa229c0
bfa21f9e
bfa2157c
bfa20b5b
bfa2013b
bfa1f71b
bfa1ecfc
bfa1e2dd
bfa1d8bf
bfa1cea2
bfa1c486
bfa1ba6a
bfa1b04e
bfa1a634
bfa19c19
bfa19200
bfa187e7
bfa17dcf
bfa173b7
bfa169a1
bfa15f8a
bfa15575
bfa14b60
bfa1414b
bfa13737
bfa12d24
bfa12312
bfa11900
bfa10eef
bfa104de
bfa0face
bfa0f0bf
bfa0e6b0
bfa0dca2
bfa0d294
bfa0c888
bfa0be7b
bfa0b470
bfa0aa65
bfa0a05a
bfa09651
bfa08c48
bfa0823f
bfa07837
bfa06e30
bfa0642a
bfa05a24
bfa0501e
bfa0461a
bfa03c16
bfa03212
bfa0280f
bfa01e0d
bfa0140c
bfa00a0b
bfa0000a
bf9ff60b
bf9fec0c
bf9fe20d
bf9fd80f
bf9fce12
bf9fc416
bf9fba1a
bf9fb01e
bf9fa624
bf9f9c29
bf9f9230
bf9f8837
bf9f7e3f
bf9f7447
bf9f6a50
bf9f605a
bf9f5664
bf9f4c6f
bf9f427b
bf9f3887
bf9f2e94
bf9f24a1
bf9f1aaf
bf9f10be
bf9f06cd
bf9efcdd
bf9ef2ee
bf9ee8ff
bf9edf10
bf9ed523
bf9ecb36
bf9ec149
bf9eb75e
bf9ead72
bf9ea388
bf9e999e
bf9e8fb5
bf9e85cc
bf9e7be4
bf9e71fd
bf9e6816
bf9e5e30
bf9e544a
bf9e4a65
bf9e4081
bf9e369d
bf9e2cba
bf9e22d7
bf9e18f5
bf9e0f14
bf9e0534
bf9dfb54
bf9df174
bf9de795
bf9dddb7
bf9dd3da
bf9dc9fd
bf9dc020
bf9db645
bf9dac6a
bf9da28f
bf9d98b5
bf9d8edc
bf9d8503
bf9d7b2b
bf9d7154
bf9d677d
bf9d5da7
bf9d53d2
bf9d49fd
bf9d4028
bf9d3655
bf9d2c82
bf9d22af
bf9d18dd
bf9d0f0c
bf9d053b
bf9cfb6b
bf9cf19c
bf9ce7cd
bf9cddff
bf9cd431
bf9cca64
bf9cc098
bf9cb6cc
bf9cad01
bf9ca337
bf9c996d
bf9c8fa4
bf9c85db
bf9c7c13
bf9c724b
bf9c6885
bf9c5ebe
bf9c54f9
bf9c4b34
bf9c416f
bf9c37ab
bf9c2de8
bf9c2426
bf9c1a64
bf9c10a2
bf9c06e2
bf9bfd22
bf9bf362
bf9be9a3
bf9bdfe5
bf9bd627
bf9bcc6a
bf9bc2ae
bf9bb8f2
bf9baf37
bf9ba57c
bf9b9bc2
bf9b9208
bf9b8850
bf9b7e97
bf9b74e0
bf9b6b29
bf9b6172
bf9b57bd
bf9b4e07
bf9b4453
bf9b3a9f
bf9b30eb
bf9b2739
bf9b1d87
bf9b13d5
bf9b0a24
bf9b0074
bf9af6c4
bf9aed15
bf9ae366
bf9ad9b9
bf9ad00b
bf9ac65e
bf9abcb2
bf9ab307
bf9aa95c
bf9a9fb2
bf9a9608
bf9a8c5f
bf9a82b7
bf9a790f
bf9a6f67
bf9a65c1
bf9a5c1b
bf9a5275
bf9a48d0
bf9a3f2c
bf9a3588
bf9a2be5
bf9a2243
bf9a18a1
bf9a0f00
bf9a055f
bf99fbbf
bf99f220
bf99e881
bf99dee3
bf99d545
bf99cba8
bf99c20c
bf99b870
bf99aed5
bf99a53a
bf999ba0
bf999207
bf99886e
bf997ed5
bf99753e
bf996ba7
bf996210
bf99587b
bf994ee5
bf994551
bf993bbd
bf993229
bf992896
bf991f04
bf991572
bf990be1
bf990251
bf98f8c1
bf98ef32
bf98e5a3
bf98dc15
bf98d288
bf98c8fb
bf98bf6f
bf98b5e3
bf98ac58
bf98a2cd
bf989944
bf988fba
bf988632
bf987ca9
bf987322
bf98699b
bf986015
bf98568f
bf984d0a
bf984385
bf983a02
bf98307e
bf9826fb
bf981d79
bf9813f8
bf980a77
bf9800f6
bf97f777
bf97edf8
bf97e479
bf97dafb
bf97d17e
bf97c801
bf97be85
bf97b509
bf97ab8e
bf97a214
bf97989a
bf978f20
bf9785a8
bf977c30
bf9772b8
bf976941
bf975fcb
bf975655
bf974ce0
bf97436c
bf9739f8
bf973085
bf972712
bf971da0
bf97142e
bf970abd
bf97014d
bf96f7dd
bf96ee6e
bf96e4ff
bf96db91
bf96d224
bf96c8b7
bf96bf4b
bf96b5df
bf96ac74
bf96a309
bf9699a0
bf969036
bf9686ce
bf967d65
bf9673fe
bf966a97
bf966131
bf9657cb
bf964e66
bf964501
bf963b9d
bf96323a
bf9628d7
bf961f74
bf961613
bf960cb2
bf960351
bf95f9f1
bf95f092
bf95e733
bf95ddd5
bf95d477
bf95cb1a
bf95c1be
bf95b862
bf95af07
bf95a5ac
bf959c52
bf9592f9
bf9589a0
bf958048
bf9576f0
bf956d99
bf956442
bf955aec
bf955197
bf954842
bf953eee
bf95359a
bf952c47
bf9522f5
bf9519a3
bf951051
bf950701
bf94fdb1
bf94f461
bf94eb12
bf94e1c4
bf94d876
bf94cf29
bf94c5dc
bf94bc90
bf94b344
bf94a9f9
bf94a0af
bf949765
bf948e1c
bf9484d4
bf947b8c
bf947244
bf9468fd
bf945fb7
bf945671
bf944d2c
bf9443e8
bf943aa4
bf943160
bf94281d
bf941edb
bf94159a
bf940c59
bf940318
bf93f9d8
bf93f099
bf93e75a
bf93de1c
bf93d4de
bf93cba1
bf93c265
bf93b929
bf93afee
bf93a6b3
bf939d79
bf93943f
bf938b06
bf9381ce
bf937896
bf936f5f
bf936628
bf935cf2
bf9353bd
bf934a88
bf934153
bf933820
bf932eec
bf9325ba
bf931c88
bf931356
bf930a25
bf9300f5
bf92f7c5
bf92ee96
bf92e567
bf92dc39
bf92d30c
bf92c9df
bf92c0b2
bf92b787
bf92ae5c
bf92a531
bf929c07
bf9292dd
bf9289b5
bf92808c
bf927764
bf926e3d
bf926517
bf925bf1
bf9252cb
bf9249a6
bf924082
bf92375e
bf922e3b
bf922518
bf921bf6
bf9212d5
bf9209b4
bf920094
bf91f774
bf91ee55
bf91e536
bf91dc18
bf91d2fb
bf91c9de
bf91c0c1
bf91b7a6
bf91ae8a
bf91a570
bf919c56
bf91933c
bf918a23
bf91810b
bf9177f3
bf916edc
bf9165c5
bf915caf
bf91539a
bf914a85
bf914171
bf91385d
bf912f49
bf912637
bf911d25
bf911413
bf910b02
bf9101f2
bf90f8e2
bf90efd3
bf90e6c4
bf90ddb6
bf90d4a8
bf90cb9b
bf90c28f
bf90b983
bf90b078
bf90a76d
bf909e63
bf909559
bf908c50
bf908348
bf907a40
bf907138
bf906831
bf905f2b
bf905626
bf904d20
bf90441c
bf903b18
bf903215
bf902912
bf90200f
bf90170e
bf900e0d
bf90050c
bf8ffc0c
bf8ff30c
bf8fea0d
bf8fe10f
bf8fd811
bf8fcf14
bf8fc617
bf8fbd1b
bf8fb420
bf8fab25
bf8fa22a
bf8f9931
bf8f9037
bf8f873f
bf8f7e46
bf8f754f
bf8f6c58
bf8f6361
bf8f5a6b
bf8f5176
bf8f4881
bf8f3f8d
bf8f3699
bf8f2da6
bf8f24b3
bf8f1bc1
bf8f12d0
bf8f09df
bf8f00ef
bf8ef7ff
bf8eef10
bf8ee621
bf8edd33
bf8ed445
bf8ecb58
bf8ec26c
bf8eb980
bf8eb095
bf8ea7aa
bf8e9ec0
bf8e95d6
bf8e8ced
bf8e8405
bf8e7b1d
bf8e7235
bf8e694e
bf8e6068
bf8e5782
bf8e4e9d
bf8e45b9
bf8e3cd4
bf8e33f1
bf8e2b0e
bf8e222c
bf8e194a
bf8e1068
bf8e0788
bf8dfea7
bf8df5c8
bf8dece9
bf8de40a
bf8ddb2c
bf8dd24f
bf8dc972
bf8dc096
bf8db7ba
bf8daedf
bf8da604
bf8d9d2a
bf8d9450
bf8d8b77
bf8d829f
bf8d79c7
bf8d70f0
bf8d6819
bf8d5f43
bf8d566d
bf8d4d98
bf8d44c3
bf8d3bef
bf8d331c
bf8d2a49
bf8d2177
bf8d18a5
bf8d0fd3
bf8d0703
bf8cfe33
bf8cf563
bf8cec94
bf8ce3c5
bf8cdaf7
bf8cd22a
bf8cc95d
bf8cc091
bf8cb7c5
bf8caefa
bf8ca62f
bf8c9d65
bf8c949c
bf8c8bd3
bf8c830a
bf8c7a42
bf8c717b
bf8c68b4
bf8c5fee
bf8c5728
bf8c4e63
bf8c459e
bf8c3cda
bf8c3417
bf8c2b54
bf8c2291
bf8c19cf
bf8c110e
bf8c084d
bf8bff8d
bf8bf6cd
bf8bee0e
bf8be54f
bf8bdc91
bf8bd3d4
bf8bcb17
bf8bc25a
bf8bb99f
bf8bb0e3
bf8ba828
bf8b9f6e
bf8b96b5
bf8b8dfb
bf8b8543
bf8b7c8b
bf8b73d3
bf8b6b1c
bf8b6266
bf8b59b0
bf8b50fb
bf8b4846
bf8b3f92
bf8b36de
bf8b2e2b
bf8b2578
bf8b1cc6
bf8b1415
bf8b0b64
bf8b02b3
bf8afa03
bf8af154
bf8ae8a5
bf8adff7
bf8ad749
bf8ace9c
bf8ac5ef
bf8abd43
bf8ab498
bf8aabed
bf8aa342
bf8a9a98
bf8a91ef
bf8a8946
bf8a809e
bf8a77f6
bf8a6f4f
bf8a66a8
bf8a5e02
bf8a555c
bf8a4cb7
bf8a4413
bf8a3b6f
bf8a32cb
bf8a2a28
bf8a2186
bf8a18e4
bf8a1043
bf8a07a2
bf89ff02
bf89f662
bf89edc3
bf89e524
bf89dc86
bf89d3e9
bf89cb4c
bf89c2af
bf89ba14
bf89b178
bf89a8dd
bf89a043
bf8997a9
bf898f10
bf898677
bf897ddf
bf897548
bf896cb1
bf89641a
bf895b84
bf8952ef
bf894a5a
bf8941c5
bf893932
bf89309e
bf89280b
bf891f79
bf8916e8
bf890e56
bf8905c6
bf88fd36
bf88f4a6
bf88ec17
bf88e389
bf88dafb
bf88d26d
bf88c9e0
bf88c154
bf88b8c8
bf88b03d
bf88a7b2
bf889f28
bf88969e
bf888e15
bf88858c
bf887d04
bf88747d
bf886bf6
bf88636f
bf885ae9
bf885264
bf8849df
bf88415b
bf8838d7
bf883054
bf8827d1
bf881f4f
bf8816cd
bf880e4c
bf8805cb
bf87fd4b
bf87f4cc
bf87ec4c
bf87e3ce
bf87db50
bf87d2d3
bf87ca56
bf87c1d9
bf87b95d
bf87b0e2
bf87a867
bf879fed
bf879773
bf878efa
bf878681
bf877e09
bf877592
bf876d1b
bf8764a4
bf875c2e
bf8753b9
bf874b44
bf8742cf
bf873a5b
bf8731e8
bf872975
bf872103
bf871891
bf871020
bf8707af
bf86ff3f
bf86f6cf
bf86ee60
bf86e5f1
bf86dd83
bf86d515
bf86cca8
bf86c43c
bf86bbd0
bf86b364
bf86aaf9
bf86a28f
bf869a25
bf8691bc
bf868953
bf8680eb
bf867883
bf86701c
bf8667b5
bf865f4f
bf8656e9
bf864e84
bf86461f
bf863dbb
bf863557
bf862cf4
bf862492
bf861c30
bf8613ce
bf860b6d
bf86030d
bf85faad
bf85f24d
bf85e9ef
bf85e190
bf85d932
bf85d0d5
bf85c878
bf85c01c
bf85b7c0
bf85af65
bf85a70a
bf859eb0
bf859656
bf858dfd
bf8585a5
bf857d4d
bf8574f5
bf856c9e
bf856447
bf855bf1
bf85539c
bf854b47
bf8542f3
bf853a9f
bf85324b
bf8529f8
bf8521a6
bf851954
bf851103
bf8508b2
bf850062
bf84f812
bf84efc3
bf84e774
bf84df26
bf84d6d8
bf84ce8b
bf84c63e
bf84bdf2
bf84b5a7
bf84ad5b
bf84a511
bf849cc7
bf84947d
bf848c34
bf8483ec
bf847ba4
bf84735c
bf846b15
bf8462cf
bf845a89
bf845244
bf8449ff
bf8441ba
bf843977
bf843133
bf8428f0
bf8420ae
bf84186c
bf84102b
bf8407ea
bf83ffaa
bf83f76a
bf83ef2b
bf83e6ec
bf83deae
bf83d671
bf83ce33
bf83c5f7
bf83bdbb
bf83b57f
bf83ad44
bf83a509
bf839ccf
bf839496
bf838c5d
bf838424
bf837bec
bf8373b5
bf836b7e
bf836347
bf835b11
bf8352dc
bf834aa7
bf834273
bf833a3f
bf83320b
bf8329d8
bf8321a6
bf831974
bf831143
bf830912
bf8300e2
bf82f8b2
bf82f083
bf82e854
bf82e026
bf82d7f8
bf82cfcb
bf82c79e
bf82bf72
bf82b746
bf82af1b
bf82a6f0
bf829ec6
bf82969c
bf828e73
bf82864a
bf827e22
bf8275fb
bf826dd4
bf8265ad
bf825d87
bf825561
bf824d3c
bf824518
bf823cf4
bf8234d0
bf822cad
bf82248a
bf821c68
bf821447
bf820c26
bf820405
bf81fbe5
bf81f3c6
bf81eba7
bf81e388
bf81db6a
bf81d34d
bf81cb30
bf81c314
bf81baf8
bf81b2dc
bf81aac1
bf81a2a7
bf819a8d
bf819274
bf818a5b
bf818242
bf817a2a
bf817213
bf8169fc
bf8161e6
bf8159d0
bf8151bb
bf8149a6
bf814191
bf81397d
bf81316a
bf812957
bf812145
bf811933
bf811122
bf810911
bf810101
bf80f8f1
bf80f0e2
bf80e8d3
bf80e0c4
bf80d8b7
bf80d0a9
bf80c89d
bf80c090
bf80b884
bf80b079
bf80a86e
bf80a064
bf80985a
bf809051
bf808848
bf808040
bf807838
bf807031
bf80682a
bf806024
bf80581e
bf805019
bf804814
bf804010
bf80380c
bf803009
bf802806
bf802004
bf801802
bf801001
bf800800
bf800000
bf7ff000
bf7fe002
bf7fd004
bf7fc008
bf7fb00c
bf7fa012
bf7f9018
bf7f8020
bf7f7028
bf7f6032
bf7f503c
bf7f4048
bf7f3054
bf7f2062
bf7f1070
bf7f0080
bf7ef090
bf7ee0a2
bf7ed0b4
bf7ec0c8
bf7eb0dc
bf7ea0f2
bf7e9108
bf7e811f
bf7e7138
bf7e6151
bf7e516c
bf7e4187
bf7e31a4
bf7e21c1
bf7e11df
bf7e01ff
bf7df21f
bf7de240
bf7dd263
bf7dc286
bf7db2aa
bf7da2d0
bf7d92f6
bf7d831d
bf7d7346
bf7d636f
bf7d5399
bf7d43c5
bf7d33f1
bf7d241e
bf7d144c
bf7d047c
bf7cf4ac
bf7ce4dd
bf7cd50f
bf7cc542
bf7cb576
bf7ca5ac
bf7c95e2
bf7c8619
bf7c7651
bf7c668a
bf7c56c4
bf7c46ff
bf7c373b
bf7c2778
bf7c17b6
bf7c07f5
bf7bf835
bf7be876
bf7bd8b8
bf7bc8fb
bf7bb93f
bf7ba984
bf7b99ca
bf7b8a11
bf7b7a59
bf7b6aa2
bf7b5aeb
bf7b4b36
bf7b3b82
bf7b2bcf
bf7b1c1d
bf7b0c6b
bf7afcbb
bf7aed0c
bf7add5d
bf7acdb0
bf7abe04
bf7aae58
bf7a9eae
bf7a8f04
bf7a7f5c
bf7a6fb4
bf7a600e
bf7a5068
bf7a40c4
bf7a3120
bf7a217e
bf7a11dc
bf7a023c
bf79f29c
bf79e2fd
bf79d360
bf79c3c3
bf79b427
bf79a48c
bf7994f3
bf79855a
bf7975c2
bf79662b
bf795695
bf794700
bf79376c
bf7927d9
bf791847
bf7908b6
bf78f926
bf78e997
bf78da09
bf78ca7c
bf78baf0
bf78ab64
bf789bda
bf788c51
bf787cc9
bf786d41
bf785dbb
bf784e36
bf783eb1
bf782f2e
bf781fab
bf78102a
bf7800a9
bf77f12a
bf77e1ab
bf77d22e
bf77c2b1
bf77b335
bf77a3ba
bf779441
bf7784c8
bf777550
bf7765d9
bf775663
bf7746ee
bf77377b
bf772808
bf771896
bf770924
bf76f9b4
bf76ea45
bf76dad7
bf76cb6a
bf76bbfe
bf76ac92
bf769d28
bf768dbf
bf767e56
bf766eef
bf765f89
bf765023
bf7640bf
bf76315b
bf7621f8
bf761297
bf760336
bf75f3d6
bf75e478
bf75d51a
bf75c5bd
bf75b661
bf75a706
bf7597ac
bf758853
bf7578fb
bf7569a4
bf755a4e
bf754af9
bf753ba5
bf752c51
bf751cff
bf750dae
bf74fe5d
bf74ef0e
bf74dfbf
bf74d072
bf74c125
bf74b1da
bf74a28f
bf749345
bf7483fd
bf7474b5
bf74656e
bf745628
bf7446e3
bf74379f
bf74285c
bf74191a
bf7409d9
bf73fa99
bf73eb5a
bf73dc1c
bf73ccde
bf73bda2
bf73ae67
bf739f2c
bf738ff3
bf7380ba
bf737183
bf73624c
bf735316
bf7343e2
bf7334ae
bf73257b
bf731649
bf730718
bf72f7e8
bf72e8b9
bf72d98b
bf72ca5e
bf72bb32
bf72ac07
bf729cdc
bf728db3
bf727e8b
bf726f63
bf72603d
bf725117
bf7241f3
bf7232cf
bf7223ac
bf72148b
bf72056a
bf71f64a
bf71e72b
bf71d80d
bf71c8f0
bf71b9d4
bf71aab9
bf719b9f
bf718c85
bf717d6d
bf716e56
bf715f3f
bf71502a
bf714115
bf713202
bf7122ef
bf7113dd
bf7104cc
bf70f5bd
bf70e6ae
bf70d7a0
bf70c893
bf70b987
bf70aa7c
bf709b71
bf708c68
bf707d60
bf706e59
bf705f52
bf70504d
bf704148
bf703244
bf702342
bf701440
bf70053f
bf6ff63f
bf6fe740
bf6fd842
bf6fc945
bf6fba49
bf6fab4e
bf6f9c54
bf6f8d5b
bf6f7e62
bf6f6f6b
bf6f6074
bf6f517f
bf6f428a
bf6f3396
bf6f24a4
bf6f15b2
bf6f06c1
bf6ef7d1
bf6ee8e2
bf6ed9f4
bf6ecb07
bf6ebc1a
bf6ead2f
bf6e9e45
bf6e8f5b
bf6e8073
bf6e718b
bf6e62a5
bf6e53bf
bf6e44da
bf6e35f6
bf6e2714
bf6e1832
bf6e0950
bf6dfa70
bf6deb91
bf6ddcb3
bf6dcdd6
bf6dbef9
bf6db01e
bf6da143
bf6d926a
bf6d8391
bf6d74b9
bf6d65e2
bf6d570c
bf6d4837
bf6d3963
bf6d2a90
bf6d1bbe
bf6d0ced
bf6cfe1c
bf6cef4d
bf6ce07f
bf6cd1b1
bf6cc2e4
bf6cb419
bf6ca54e
bf6c9684
bf6c87bb
bf6c78f3
bf6c6a2c
bf6c5b66
bf6c4ca0
bf6c3ddc
bf6c2f19
bf6c2056
bf6c1195
bf6c02d4
bf6bf414
bf6be556
bf6bd698
bf6bc7db
bf6bb91f
bf6baa64
bf6b9ba9
bf6b8cf0
bf6b7e38
bf6b6f80
bf6b60ca
bf6b5214
bf6b4360
bf6b34ac
bf6b25f9
bf6b1747
bf6b0896
bf6af9e6
bf6aeb37
bf6adc89
bf6acddb
bf6abf2f
bf6ab083
bf6aa1d9
bf6a932f
bf6a8486
bf6a75df
bf6a6738
bf6a5892
bf6a49ed
bf6a3b48
bf6a2ca5
bf6a1e03
bf6a0f61
bf6a00c1
bf69f221
bf69e383
bf69d4e5
bf69c648
bf69b7ac
bf69a911
bf699a77
bf698bde
bf697d45
bf696eae
bf696018
bf695182
bf6942ed
bf69345a
bf6925c7
bf691735
bf6908a4
bf68fa14
bf68eb85
bf68dcf6
bf68ce69
bf68bfdd
bf68b151
bf68a2c7
bf68943d
bf6885b4
bf68772c
bf6868a5
bf685a1f
bf684b9a
bf683d16
bf682e92
bf682010
bf68118e
bf68030e
bf67f48e
bf67e60f
bf67d791
bf67c914
bf67ba98
bf67ac1d
bf679da2
bf678f29
bf6780b0
bf677239
bf6763c2
bf67554c
bf6746d8
bf673864
bf6729f1
bf671b7e
bf670d0d
bf66fe9d
bf66f02d
bf66e1bf
bf66d351
bf66c4e4
bf66b678
bf66a80d
bf6699a3
bf668b3a
bf667cd2
bf666e6b
bf666004
bf66519f
bf66433a
bf6634d6
bf662673
bf661811
bf6609b0
bf65fb50
bf65ecf1
bf65de93
bf65d035
bf65c1d9
bf65b37d
bf65a522
bf6596c8
bf65886f
bf657a17
bf656bc0
bf655d6a
bf654f14
bf6540c0
bf65326c
bf65241a
bf6515c8
bf650777
bf64f927
bf64ead8
bf64dc89
bf64ce3c
bf64bff0
bf64b1a4
bf64a359
bf649510
bf6486c7
bf64787f
bf646a38
bf645bf2
bf644dac
bf643f68
bf643124
bf6422e2
bf6414a0
bf64065f
bf63f81f
bf63e9e0
bf63dba2
bf63cd65
bf63bf28
bf63b0ed
bf63a2b2
bf639478
bf638640
bf637808
bf6369d1
bf635b9a
bf634d65
bf633f31
bf6330fd
bf6322cb
bf631499
bf630668
bf62f838
bf62ea09
bf62dbdb
bf62cdae
bf62bf81
bf62b156
bf62a32b
bf629501
bf6286d8
bf6278b0
bf626a89
bf625c63
bf624e3e
bf624019
bf6231f6
bf6223d3
bf6215b1
bf620790
bf61f970
bf61eb51
bf61dd33
bf61cf16
bf61c0f9
bf61b2dd
bf61a4c3
bf6196a9
bf618890
bf617a78
bf616c61
bf615e4a
bf615035
bf614220
bf61340c
bf6125fa
bf6117e8
bf6109d7
bf60fbc6
bf60edb7
bf60dfa9
bf60d19b
bf60c38f
bf60b583
bf60a778
bf60996e
bf608b65
bf607d5c
bf606f55
bf60614f
bf605349
bf604544
bf603740
bf60293d
bf601b3b
bf600d3a
bf5fff39
bf5ff13a
bf5fe33b
bf5fd53d
bf5fc741
bf5fb945
bf5fab49
bf5f9d4f
bf5f8f56
bf5f815d
bf5f7366
bf5f656f
bf5f5779
bf5f4984
bf5f3b90
bf5f2d9c
bf5f1faa
bf5f11b8
bf5f03c8
bf5ef5d8
bf5ee7e9
bf5ed9fb
bf5ecc0e
bf5ebe22
bf5eb036
bf5ea24b
bf5e9462
bf5e8679
bf5e7891
bf5e6aaa
bf5e5cc4
bf5e4ede
bf5e40fa
bf5e3316
bf5e2533
bf5e1751
bf5e0970
bf5dfb90
bf5dedb1
bf5ddfd3
bf5dd1f5
bf5dc418
bf5db63d
bf5da862
bf5d9a87
bf5d8cae
bf5d7ed6
bf5d70fe
bf5d6328
bf5d5552
bf5d477d
bf5d39a9
bf5d2bd6
bf5d1e04
bf5d1032
bf5d0262
bf5cf492
bf5ce6c3
bf5cd8f5
bf5ccb28
bf5cbd5c
bf5caf90
bf5ca1c6
bf5c93fc
bf5c8633
bf5c786b
bf5c6aa4
bf5c5cde
bf5c4f19
bf5c4154
bf5c3390
bf5c25ce
bf5c180c
bf5c0a4b
bf5bfc8a
bf5beecb
bf5be10c
bf5bd34f
bf5bc592
bf5bb7d6
bf5baa1b
bf5b9c61
bf5b8ea8
bf5b80ef
bf5b7337
bf5b6581
bf5b57cb
bf5b4a16
bf5b3c61
bf5b2eae
bf5b20fc
bf5b134a
bf5b0599
bf5af7e9
bf5aea3a
bf5adc8c
bf5acedf
bf5ac132
bf5ab387
bf5aa5dc
bf5a9832
bf5a8a89
bf5a7ce0
bf5a6f39
bf5a6193
bf5a53ed
bf5a4648
bf5a38a4
bf5a2b01
bf5a1d5f
bf5a0fbd
bf5a021d
bf59f47d
bf59e6de
bf59d940
bf59cba3
bf59be07
bf59b06b
bf59a2d1
bf599537
bf59879e
bf597a06
bf596c6f
bf595ed8
bf595143
bf5943ae
bf59361a
bf592888
bf591af5
bf590d64
bf58ffd4
bf58f244
bf58e4b5
bf58d728
bf58c99b
bf58bc0e
bf58ae83
bf58a0f9
bf58936f
bf5885e6
bf58785e
bf586ad7
bf585d51
bf584fcb
bf584247
bf5834c3
bf582740
bf5819be
bf580c3d
bf57febd
bf57f13d
bf57e3bf
bf57d641
bf57c8c4
bf57bb48
bf57adcc
bf57a052
bf5792d8
bf578560
bf5777e8
bf576a71
bf575cfa
bf574f85
bf574210
bf57349d
bf57272a
bf5719b8
bf570c47
bf56fed6
bf56f167
bf56e3f8
bf56d68a
bf56c91d
bf56bbb1
bf56ae46
bf56a0db
bf569372
bf568609
bf5678a1
bf566b3a
bf565dd4
bf56506e
bf564309
bf5635a6
bf562843
bf561ae1
bf560d7f
bf56001f
bf55f2bf
bf55e561
bf55d803
bf55caa6
bf55bd49
bf55afee
bf55a293
bf55953a
bf5587e1
bf557a89
bf556d31
bf555fdb
bf555285
bf554531
bf5537dd
bf552a8a
bf551d38
bf550fe6
bf550296
bf54f546
bf54e7f7
bf54daa9
bf54cd5c
bf54c00f
bf54b2c4
bf54a579
bf54982f
bf548ae6
bf547d9d
bf547056
bf54630f
bf5455ca
bf544885
bf543b41
bf542dfd
bf5420bb
bf541379
bf540638
bf53f8f8
bf53ebb9
bf53de7b
bf53d13d
bf53c401
bf53b6c5
bf53a98a
bf539c50
bf538f16
bf5381de
bf5374a6
bf53676f
bf535a39
bf534d04
bf533fd0
bf53329c
bf532569
bf531837
bf530b06
bf52fdd6
bf52f0a7
bf52e378
bf52d64a
bf52c91d
bf52bbf1
bf52aec6
bf52a19b
bf529471
bf528749
bf527a21
bf526cf9
bf525fd3
bf5252ad
bf524589
bf523865
bf522b42
bf521e1f
bf5210fe
bf5203dd
bf51f6bd
bf51e99e
bf51dc80
bf51cf63
bf51c246
bf51b52a
bf51a810
bf519af5
bf518ddc
bf5180c4
bf5173ac
bf516695
bf51597f
bf514c6a
bf513f56
bf513242
bf51252f
bf51181d
bf510b0c
bf50fdfc
bf50f0ed
bf50e3de
bf50d6d0
bf50c9c3
bf50bcb7
bf50afac
bf50a2a1
bf509597
bf50888e
bf507b86
bf506e7f
bf506178
bf505473
bf50476e
bf503a6a
bf502d66
bf502064
bf501362
bf500662
bf4ff962
bf4fec62
bf4fdf64
bf4fd267
bf4fc56a
bf4fb86e
bf4fab73
bf4f9e78
bf4f917f
bf4f8486
bf4f778e
bf4f6a97
bf4f5da1
bf4f50ac
bf4f43b7
bf4f36c3
bf4f29d0
bf4f1cde
bf4f0fec
bf4f02fc
bf4ef60c
bf4ee91d
bf4edc2f
bf4ecf42
bf4ec255
bf4eb569
bf4ea87e
bf4e9b94
bf4e8eab
bf4e81c2
bf4e74db
bf4e67f4
bf4e5b0e
bf4e4e28
bf4e4144
bf4e3460
bf4e277d
bf4e1a9b
bf4e0dba
bf4e00da
bf4df3fa
bf4de71b
bf4dda3d
bf4dcd60
bf4dc083
bf4db3a8
bf4da6cd
bf4d99f3
bf4d8d1a
bf4d8041
bf4d736a
bf4d6693
bf4d59bd
bf4d4ce8
bf4d4013
bf4d3340
bf4d266d
bf4d199b
bf4d0cca
bf4cfff9
bf4cf32a
bf4ce65b
bf4cd98d
bf4cccc0
bf4cbff3
bf4cb328
bf4ca65d
bf4c9993
bf4c8cca
bf4c8001
bf4c733a
bf4c6673
bf4c59ad
bf4c4ce8
bf4c4023
bf4c3360
bf4c269d
bf4c19db
bf4c0d1a
bf4c0059
bf4bf39a
bf4be6db
bf4bda1d
bf4bcd5f
bf4bc0a3
bf4bb3e7
bf4ba72d
bf4b9a72
bf4b8db9
bf4b8101
bf4b7449
bf4b6792
bf4b5adc
bf4b4e27
bf4b4172
bf4b34bf
bf4b280c
bf4b1b5a
bf4b0ea8
bf4b01f8
bf4af548
bf4ae899
bf4adbeb
bf4acf3e
bf4ac291
bf4ab5e5
bf4aa93a
bf4a9c90
bf4a8fe7
bf4a833e
bf4a7696
bf4a69ef
bf4a5d49
bf4a50a4
bf4a43ff
bf4a375b
bf4a2ab8
bf4a1e16
bf4a1174
bf4a04d4
bf49f834
bf49eb95
bf49def6
bf49d259
bf49c5bc
bf49b920
bf49ac85
bf499feb
bf499351
bf4986b8
bf497a20
bf496d89
bf4960f2
bf49545d
bf4947c8
bf493b34
bf492ea0
bf49220e
bf49157c
bf4908eb
bf48fc5b
bf48efcc
bf48e33d
bf48d6af
bf48ca22
bf48bd96
bf48b10b
bf48a480
bf4897f6
bf488b6d
bf487ee5
bf48725d
bf4865d6
bf485950
bf484ccb
bf484047
bf4833c3
bf482740
bf481abe
bf480e3d
bf4801bc
bf47f53d
bf47e8be
bf47dc40
bf47cfc2
bf47c346
bf47b6ca
bf47aa4f
bf479dd5
bf47915b
bf4784e2
bf47786a
bf476bf3
bf475f7d
bf475307
bf474693
bf473a1f
bf472dab
bf472139
bf4714c7
bf470856
bf46fbe6
bf46ef77
bf46e308
bf46d69a
bf46ca2d
bf46bdc1
bf46b156
bf46a4eb
bf469881
bf468c18
bf467fb0
bf467348
bf4666e1
bf465a7b
bf464e16
bf4641b1
bf46354e
bf4628eb
bf461c88
bf461027
bf4603c6
bf45f767
bf45eb08
bf45dea9
bf45d24c
bf45c5ef
bf45b993
bf45ad38
bf45a0dd
bf459484
bf45882b
bf457bd3
bf456f7b
bf456325
bf4556cf
bf454a7a
bf453e26
bf4531d2
bf45257f
bf45192d
bf450cdc
bf45008c
bf44f43c
bf44e7ed
bf44db9f
bf44cf52
bf44c305
bf44b6b9
bf44aa6e
bf449e24
bf4491db
bf448592
bf44794a
bf446d03
bf4460bc
bf445477
bf444832
bf443bee
bf442faa
bf442368
bf441726
bf440ae5
bf43fea4
bf43f265
bf43e626
bf43d9e8
bf43cdab
bf43c16e
bf43b533
bf43a8f8
bf439cbe
bf439084
bf43844c
bf437814
bf436bdd
bf435fa6
bf435371
bf43473c
bf433b08
bf432ed4
bf4322a2
bf431670
bf430a3f
bf42fe0f
bf42f1df
bf42e5b1
bf42d983
bf42cd55
bf42c129
bf42b4fd
bf42a8d2
bf429ca8
bf42907f
bf428456
bf42782e
bf426c07
bf425fe1
bf4253bb
bf424796
bf423b72
bf422f4f
bf42232c
bf42170a
bf420ae9
bf41fec9
bf41f2a9
bf41e68b
bf41da6d
bf41ce4f
bf41c233
bf41b617
bf41a9fc
bf419de2
bf4191c8
bf4185b0
bf417998
bf416d80
bf41616a
bf415554
bf41493f
bf413d2b
bf413118
bf412505
bf4118f3
bf410ce2
bf4100d1
bf40f4c2
bf40e8b3
bf40dca5
bf40d097
bf40c48b
bf40b87f
bf40ac73
bf40a069
bf40945f
bf408857
bf407c4e
bf407047
bf406440
bf40583a
bf404c35
bf404031
bf40342d
bf40282a
bf401c28
bf401027
bf400426
bf3ff826
bf3fec27
bf3fe029
bf3fd42b
bf3fc82e
bf3fbc32
bf3fb037
bf3fa43c
bf3f9842
bf3f8c49
bf3f8051
bf3f7459
bf3f6862
bf3f5c6c
bf3f5077
bf3f4482
bf3f388e
bf3f2c9b
bf3f20a8
bf3f14b7
bf3f08c6
bf3efcd6
bf3ef0e6
bf3ee4f8
bf3ed90a
bf3ecd1c
bf3ec130
bf3eb544
bf3ea959
bf3e9d6f
bf3e9186
bf3e859d
bf3e79b5
bf3e6dce
bf3e61e7
bf3e5602
bf3e4a1d
bf3e3e38
bf3e3255
bf3e2672
bf3e1a90
bf3e0eaf
bf3e02ce
bf3df6ee
bf3deb0f
bf3ddf31
bf3dd353
bf3dc777
bf3dbb9a
bf3dafbf
bf3da3e4
bf3d980b
bf3d8c31
bf3d8059
bf3d7481
bf3d68aa
bf3d5cd4
bf3d50ff
bf3d452a
bf3d3956
bf3d2d83
bf3d21b1
bf3d15df
bf3d0a0e
bf3cfe3e
bf3cf26e
bf3ce69f
bf3cdad1
bf3ccf04
bf3cc337
bf3cb76b
bf3caba0
bf3c9fd6
bf3c940c
bf3c8844
bf3c7c7b
bf3c70b4
bf3c64ed
bf3c5927
bf3c4d62
bf3c419e
bf3c35da
bf3c2a17
bf3c1e55
bf3c1293
bf3c06d2
bf3bfb12
bf3bef53
bf3be394
bf3bd7d7
bf3bcc19
bf3bc05d
bf3bb4a1
bf3ba8e6
bf3b9d2c
bf3b9173
bf3b85ba
bf3b7a02
bf3b6e4b
bf3b6294
bf3b56de
bf3b4b29
bf3b3f75
bf3b33c2
bf3b280f
bf3b1c5c
bf3b10ab
bf3b04fa
bf3af94a
bf3aed9b
bf3ae1ed
bf3ad63f
bf3aca92
bf3abee6
bf3ab33a
bf3aa78f
bf3a9be5
bf3a903c
bf3a8493
bf3a78eb
bf3a6d44
bf3a619e
bf3a55f8
bf3a4a53
bf3a3eaf
bf3a330b
bf3a2768
bf3a1bc6
bf3a1025
bf3a0484
bf39f8e4
bf39ed45
bf39e1a6
bf39d609
bf39ca6c
bf39becf
bf39b334
bf39a799
bf399bff
bf399066
bf3984cd
bf397935
bf396d9e
bf396207
bf395671
bf394adc
bf393f48
bf3933b5
bf392822
bf391c8f
bf3910fe
bf39056d
bf38f9dd
bf38ee4e
bf38e2c0
bf38d732
bf38cba5
bf38c018
bf38b48d
bf38a902
bf389d78
bf3891ee
bf388665
bf387add
bf386f56
bf3863cf
bf385849
bf384cc4
bf384140
bf3835bc
bf382a39
bf381eb7
bf381335
bf3807b4
bf37fc34
bf37f0b5
bf37e536
bf37d9b8
bf37ce3b
bf37c2bf
bf37b743
bf37abc8
bf37a04d
bf3794d4
bf37895b
bf377de2
bf37726b
bf3766f4
bf375b7e
bf375009
bf374494
bf373920
bf372dad
bf37223a
bf3716c9
bf370b58
bf36ffe7
bf36f478
bf36e909
bf36dd9a
bf36d22d
bf36c6c0
bf36bb54
bf36afe9
bf36a47e
bf369914
bf368dab
bf368242
bf3676db
bf366b74
bf36600d
bf3654a8
bf364943
bf363dde
bf36327b
bf362718
bf361bb6
bf361055
bf3604f4
bf35f994
bf35ee35
bf35e2d6
bf35d778
bf35cc1b
bf35c0bf
bf35b563
bf35aa08
bf359eae
bf359354
bf3587fc
bf357ca3
bf35714c
bf3565f5
bf355a9f
bf354f4a
bf3543f5
bf3538a1
bf352d4e
bf3521fc
bf3516aa
bf350b59
bf350009
bf34f4b9
bf34e96a
bf34de1c
bf34d2ce
bf34c781
bf34bc35
bf34b0ea
bf34a59f
bf349a55
bf348f0c
bf3483c3
bf34787b
bf346d34
bf3461ee
bf3456a8
bf344b63
bf34401f
bf3434db
bf342998
bf341e56
bf341314
bf3407d3
bf33fc93
bf33f154
bf33e615
bf33dad7
bf33cf9a
bf33c45d
bf33b921
bf33ade6
bf33a2ab
bf339772
bf338c38
bf338100
bf3375c8
bf336a91
bf335f5b
bf335425
bf3348f1
bf333dbc
bf333289
bf332756
bf331c24
bf3310f2
bf3305c2
bf32fa92
bf32ef62
bf32e434
bf32d906
bf32cdd9
bf32c2ac
bf32b780
bf32ac55
bf32a12b
bf329601
bf328ad8
bf327fb0
bf327488
bf326961
bf325e3b
bf325315
bf3247f1
bf323ccc
bf3231a9
bf322686
bf321b64
bf321043
bf320522
bf31fa02
bf31eee3
bf31e3c4
bf31d8a6
bf31cd89
bf31c26d
bf31b751
bf31ac36
bf31a11b
bf319602
bf318ae9
bf317fd0
bf3174b9
bf3169a2
bf315e8b
bf315376
bf314861
bf313d4d
bf313239
bf312727
bf311c14
bf311103
bf3105f2
bf30fae2
bf30efd3
bf30e4c4
bf30d9b6
bf30cea9
bf30c39d
bf30b891
bf30ad85
bf30a27b
bf309771
bf308c68
bf308160
bf307658
bf306b51
bf30604a
bf305545
bf304a40
bf303f3b
bf303438
bf302935
bf301e33
bf301331
bf300830
bf2ffd30
bf2ff231
bf2fe732
bf2fdc34
bf2fd136
bf2fc63a
bf2fbb3e
bf2fb042
bf2fa548
bf2f9a4e
bf2f8f54
bf2f845c
bf2f7964
bf2f6e6c
bf2f6376
bf2f5880
bf2f4d8b
bf2f4296
bf2f37a3
bf2f2caf
bf2f21bd
bf2f16cb
bf2f0bda
bf2f00ea
bf2ef5fa
bf2eeb0b
bf2ee01d
bf2ed52f
bf2eca42
bf2ebf56
bf2eb46a
bf2ea97f
bf2e9e95
bf2e93ab
bf2e88c2
bf2e7dda
bf2e72f3
bf2e680c
bf2e5d26
bf2e5240
bf2e475b
bf2e3c77
bf2e3194
bf2e26b1
bf2e1bcf
bf2e10ee
bf2e060d
bf2dfb2d
bf2df04d
bf2de56f
bf2dda91
bf2dcfb3
bf2dc4d7
bf2db9fb
bf2daf20
bf2da445
bf2d996b
bf2d8e92
bf2d83b9
bf2d78e1
bf2d6e0a
bf2d6334
bf2d585e
bf2d4d89
bf2d42b4
bf2d37e0
bf2d2d0d
bf2d223b
bf2d1769
bf2d0c98
bf2d01c7
bf2cf6f7
bf2cec28
bf2ce15a
bf2cd68c
bf2ccbbf
bf2cc0f3
bf2cb627
bf2cab5c
bf2ca092
bf2c95c8
bf2c8aff
bf2c8036
bf2c756f
bf2c6aa8
bf2c5fe1
bf2c551c
bf2c4a57
bf2c3f93
bf2c34cf
bf2c2a0c
bf2c1f4a
bf2c1488
bf2c09c7
bf2bff07
bf2bf447
bf2be988
bf2bdeca
bf2bd40c
bf2bc94f
bf2bbe93
bf2bb3d8
bf2ba91d
bf2b9e63
bf2b93a9
bf2b88f0
bf2b7e38
bf2b7380
bf2b68c9
bf2b5e13
bf2b535e
bf2b48a9
bf2b3df5
bf2b3341
bf2b288e
bf2b1ddc
bf2b132a
bf2b087a
bf2afdc9
bf2af31a
bf2ae86b
bf2addbd
bf2ad30f
bf2ac862
bf2abdb6
bf2ab30b
bf2aa860
bf2a9db6
bf2a930c
bf2a8863
bf2a7dbb
bf2a7314
bf2a686d
bf2a5dc6
bf2a5321
bf2a487c
bf2a3dd8
bf2a3334
bf2a2891
bf2a1def
bf2a134e
bf2a08ad
bf29fe0d
bf29f36d
bf29e8ce
bf29de30
bf29d392
bf29c8f6
bf29be59
bf29b3be
bf29a923
bf299e89
bf2993ef
bf298956
bf297ebe
bf297426
bf29698f
bf295ef9
bf295463
bf2949cf
bf293f3a
bf2934a7
bf292a14
bf291f81
bf2914f0
bf290a5f
bf28ffce
bf28f53f
bf28eab0
bf28e021
bf28d594
bf28cb07
bf28c07a
bf28b5ef
bf28ab64
bf28a0d9
bf289650
bf288bc6
bf28813e
bf2876b6
bf286c2f
bf2861a9
bf285723
bf284c9e
bf284219
bf283796
bf282d13
bf282290
bf28180e
bf280d8d
bf28030c
bf27f88d
bf27ee0d
bf27e38f
bf27d911
bf27ce94
bf27c417
bf27b99b
bf27af20
bf27a4a5
bf279a2b
bf278fb2
bf278539
bf277ac1
bf27704a
bf2765d3
bf275b5d
bf2750e8
bf274673
bf273bff
bf27318c
bf272719
bf271ca7
bf271235
bf2707c5
bf26fd54
bf26f2e5
bf26e876
bf26de08
bf26d39a
bf26c92d
bf26bec1
bf26b456
bf26a9eb
bf269f80
bf269517
bf268aae
bf268045
bf2675de
bf266b77
bf266110
bf2656aa
bf264c45
bf2641e1
bf26377d
bf262d1a
bf2622b8
bf261856
bf260df4
bf260394
bf25f934
bf25eed5
bf25e476
bf25da18
bf25cfbb
bf25c55e
bf25bb02
bf25b0a7
bf25a64c
bf259bf2
bf259199
bf258740
bf257ce8
bf257290
bf256839
bf255de3
bf25538e
bf254939
bf253ee5
bf253491
bf252a3e
bf251fec
bf25159a
bf250b49
bf2500f9
bf24f6a9
bf24ec5a
bf24e20b
bf24d7bd
bf24cd70
bf24c324
bf24b8d8
bf24ae8d
bf24a442
bf2499f8
bf248faf
bf248566
bf247b1e
bf2470d7
bf246690
bf245c4a
bf245205
bf2447c0
bf243d7c
bf243338
bf2428f5
bf241eb3
bf241471
bf240a30
bf23fff0
bf23f5b0
bf23eb71
bf23e133
bf23d6f5
bf23ccb8
bf23c27c
bf23b840
bf23ae05
bf23a3ca
bf239990
bf238f57
bf23851e
bf237ae6
bf2370af
bf236678
bf235c42
bf23520d
bf2347d8
bf233da4
bf233370
bf23293d
bf231f0b
bf2314d9
bf230aa8
bf230078
bf22f648
bf22ec19
bf22e1eb
bf22d7bd
bf22cd90
bf22c363
bf22b937
bf22af0c
bf22a4e1
bf229ab7
bf22908e
bf228665
bf227c3d
bf227216
bf2267ef
bf225dc9
bf2253a3
bf22497e
bf223f5a
bf223536
bf222b13
bf2220f1
bf2216cf
bf220cae
bf22028e
bf21f86e
bf21ee4f
bf21e430
bf21da12
bf21cff5
bf21c5d8
bf21bbbc
bf21b1a1
bf21a786
bf219d6c
bf219352
bf218939
bf217f21
bf217509
bf216af2
bf2160dc
bf2156c6
bf214cb1
bf21429d
bf213889
bf212e76
bf212463
bf211a51
bf211040
bf21062f
bf20fc1f
bf20f210
bf20e801
bf20ddf3
bf20d3e5
bf20c9d8
bf20bfcc
bf20b5c0
bf20abb5
bf20a1ab
bf2097a1
bf208d98
bf20838f
bf207987
bf206f80
bf206579
bf205b73
bf20516e
bf204769
bf203d65
bf203361
bf20295f
bf201f5c
bf20155b
bf200b5a
bf200159
bf1ff759
bf1fed5a
bf1fe35c
bf1fd95e
bf1fcf61
bf1fc564
bf1fbb68
bf1fb16d
bf1fa772
bf1f9d78
bf1f937e
bf1f8985
bf1f7f8d
bf1f7595
bf1f6b9e
bf1f61a8
bf1f57b2
bf1f4dbd
bf1f43c8
bf1f39d4
bf1f2fe1
bf1f25ee
bf1f1bfc
bf1f120b
bf1f081a
bf1efe2a
bf1ef43a
bf1eea4b
bf1ee05d
bf1ed66f
bf1ecc82
bf1ec296
bf1eb8aa
bf1eaebf
bf1ea4d4
bf1e9aea
bf1e9101
bf1e8718
bf1e7d30
bf1e7348
bf1e6961
bf1e5f7b
bf1e5595
bf1e4bb0
bf1e41cc
bf1e37e8
bf1e2e05
bf1e2422
bf1e1a40
bf1e105f
bf1e067e
bf1dfc9e
bf1df2bf
bf1de8e0
bf1ddf02
bf1dd524
bf1dcb47
bf1dc16b
bf1db78f
bf1dadb4
bf1da3d9
bf1d99ff
bf1d9026
bf1d864d
bf1d7c75
bf1d729e
bf1d68c7
bf1d5ef1
bf1d551b
bf1d4b46
bf1d4172
bf1d379e
bf1d2dcb
bf1d23f8
bf1d1a26
bf1d1055
bf1d0684
bf1cfcb4
bf1cf2e4
bf1ce916
bf1cdf47
bf1cd57a
bf1ccbad
bf1cc1e0
bf1cb814
bf1cae49
bf1ca47f
bf1c9ab5
bf1c90eb
bf1c8723
bf1c7d5a
bf1c7393
bf1c69cc
bf1c6006
bf1c5640
bf1c4c7b
bf1c42b6
bf1c38f3
bf1c2f2f
bf1c256d
bf1c1bab
bf1c11e9
bf1c0828
bf1bfe68
bf1bf4a9
bf1beaea
bf1be12b
bf1bd76d
bf1bcdb0
bf1bc3f4
bf1bba38
bf1bb07c
bf1ba6c2
bf1b9d08
bf1b934e
bf1b8995
bf1b7fdd
bf1b7625
bf1b6c6e
bf1b62b8
bf1b5902
bf1b4f4d
bf1b4598
bf1b3230
bf1b1ecb
bf1b0b69
bf1af808
bf1ae4ab
bf1ad14f
bf1abdf6
bf1aaaa0
bf1a974c
bf1a83fa
bf1a70ab
bf1a5d5e
bf1a4a13
bf1a36cb
bf1a2386
bf1a1042
bf19fd02
bf19e9c3
bf19d687
bf19c34e
bf19b016
bf199ce2
bf1989af
bf19767f
bf196351
bf195026
bf193cfd
bf1929d7
bf1916b3
bf190391
bf18f072
bf18dd55
bf18ca3b
bf18b723
bf18a40d
bf1890fa
bf187de9
bf186ada
bf1857ce
bf1844c4
bf1831bd
bf181eb8
bf180bb5
bf17f8b5
bf17e5b7
bf17d2bb
bf17bfc2
bf17accc
bf1799d7
bf1786e5
bf1773f5
bf176108
bf174e1d
bf173b35
bf17284e
bf17156a
bf170289
bf16efaa
bf16dccd
bf16c9f3
bf16b71b
bf16a445
bf169171
bf167ea0
bf166bd2
bf165906
bf16463c
bf163374
bf1620af
bf160dec
bf15fb2b
bf15e86d
bf15d5b1
bf15c2f8
bf15b040
bf159d8c
bf158ad9
bf157829
bf15657b
bf1552cf
bf154026
bf152d7f
bf151adb
bf150839
bf14f599
bf14e2fb
bf14d060
bf14bdc7
bf14ab31
bf14989c
bf14860a
bf14737b
bf1460ee
bf144e63
bf143bda
bf142954
bf1416d0
bf14044e
bf13f1cf
bf13df52
bf13ccd7
bf13ba5e
bf13a7e8
bf139574
bf138303
bf137094
bf135e27
bf134bbc
bf133954
bf1326ee
bf13148a
bf130229
bf12efc9
bf12dd6d
bf12cb12
bf12b8ba
bf12a664
bf129410
bf1281bf
bf126f70
bf125d23
bf124ad9
bf123890
bf12264a
bf121407
bf1201c5
bf11ef86
bf11dd4a
bf11cb0f
bf11b8d7
bf11a6a1
bf11946d
bf11823c
bf11700d
bf115de0
bf114bb5
bf11398d
bf112767
bf111543
bf110321
bf10f102
bf10dee5
bf10ccca
bf10bab2
bf10a89c
bf109688
bf108476
bf107267
bf106059
bf104e4f
bf103c46
bf102a3f
bf10183b
bf100639
bf0ff43a
bf0fe23c
bf0fd041
bf0fbe48
bf0fac52
bf0f9a5d
bf0f886b
bf0f767b
bf0f648d
bf0f52a2
bf0f40b9
bf0f2ed2
bf0f1ced
bf0f0b0b
bf0ef92a
bf0ee74c
bf0ed570
bf0ec397
bf0eb1c0
bf0e9fea
bf0e8e18
bf0e7c47
bf0e6a79
bf0e58ac
bf0e46e2
bf0e351b
bf0e2355
bf0e1192
bf0dffd1
bf0dee12
bf0ddc55
bf0dca9b
bf0db8e3
bf0da72d
bf0d9579
bf0d83c7
bf0d7218
bf0d606b
bf0d4ec0
bf0d3d17
bf0d2b70
bf0d19cc
bf0d082a
bf0cf68a
bf0ce4ec
bf0cd351
bf0cc1b8
bf0cb020
bf0c9e8b
bf0c8cf9
bf0c7b68
bf0c69da
bf0c584e
bf0c46c4
bf0c353c
bf0c23b7
bf0c1233
bf0c00b2
bf0bef33
bf0bddb6
bf0bcc3c
bf0bbac3
bf0ba94d
bf0b97d9
bf0b8667
bf0b74f7
bf0b638a
bf0b521e
bf0b40b5
bf0b2f4e
bf0b1de9
bf0b0c87
bf0afb26
bf0ae9c8
bf0ad86c
bf0ac712
bf0ab5ba
bf0aa464
bf0a9311
bf0a81c0
bf0a7070
bf0a5f23
bf0a4dd9
bf0a3c90
bf0a2b49
bf0a1a05
bf0a08c3
bf09f783
bf09e645
bf09d509
bf09c3d0
bf09b298
bf09a163
bf099030
bf097eff
bf096dd0
bf095ca4
bf094b79
bf093a51
bf09292b
bf091807
bf0906e5
bf08f5c5
bf08e4a7
bf08d38c
bf08c272
bf08b15b
bf08a046
bf088f33
bf087e22
bf086d13
bf085c07
bf084afc
bf0839f4
bf0828ee
bf0817ea
bf0806e8
bf07f5e8
bf07e4ea
bf07d3ef
bf07c2f5
bf07b1fe
bf07a109
bf079016
bf077f25
bf076e36
bf075d49
bf074c5f
bf073b76
bf072a90
bf0719ac
bf0708ca
bf06f7e9
bf06e70c
bf06d630
bf06c556
bf06b47e
bf06a3a9
bf0692d5
bf068204
bf067135
bf066068
bf064f9d
bf063ed4
bf062e0d
bf061d48
bf060c86
bf05fbc5
bf05eb07
bf05da4b
bf05c990
bf05b8d8
bf05a822
bf05976e
bf0586bc
bf05760c
bf05655f
bf0554b3
bf05440a
bf053362
bf0522bd
bf051219
bf050178
bf04f0d9
bf04e03c
bf04cfa1
bf04bf08
bf04ae71
bf049ddc
bf048d4a
bf047cb9
bf046c2b
bf045b9e
bf044b14
bf043a8b
bf042a05
bf041981
bf0408ff
bf03f87f
bf03e801
bf03d785
bf03c70b
bf03b693
bf03a61d
bf0395a9
bf038538
bf0374c8
bf03645a
bf0353ef
bf034385
bf03331e
bf0322b9
bf031255
bf0301f4
bf02f195
bf02e138
bf02d0dd
bf02c083
bf02b02c
bf029fd7
bf028f84
bf027f34
bf026ee5
bf025e98
bf024e4d
bf023e04
bf022dbe
bf021d79
bf020d36
bf01fcf5
bf01ecb7
bf01dc7a
bf01cc40
bf01bc07
bf01abd1
bf019b9c
bf018b6a
bf017b39
bf016b0b
bf015adf
bf014ab4
bf013a8c
bf012a66
bf011a41
bf010a1f
bf00f9ff
bf00e9e1
bf00d9c4
bf00c9aa
bf00b992
bf00a97c
bf009968
bf008955
bf007945
bf006937
bf00592b
bf004921
bf003919
bf002913
bf00190e
bf00090c
befff218
beffd21c
beffb224
beff9230
beff723f
beff5253
beff326b
beff1286
befef2a6
befed2ca
befeb2f1
befe931d
befe734d
befe5380
befe33b8
befe13f3
befdf433
befdd476
befdb4be
befd9509
befd7558
befd55ac
befd3603
befd165e
befcf6bd
befcd720
befcb788
befc97f3
befc7862
befc58d4
befc394b
befc19c6
befbfa45
befbdac8
befbbb4e
befb9bd9
befb7c67
befb5cfa
befb3d90
befb1e2a
befafec8
befadf6b
befac011
befaa0bb
befa8168
befa621a
befa42d0
befa238a
befa0447
bef9e508
bef9c5ce
bef9a697
bef98764
bef96835
bef9490a
bef929e3
bef90ac0
bef8eba0
bef8cc85
bef8ad6d
bef88e59
bef86f49
bef8503d
bef83135
bef81231
bef7f331
bef7d434
bef7b53c
bef79647
bef77756
bef75869
bef73980
bef71a9b
bef6fbb9
bef6dcdc
bef6be02
bef69f2c
bef6805a
bef6618c
bef642c2
bef623fc
bef60539
bef5e67a
bef5c7bf
bef5a908
bef58a55
bef56ba6
bef54cfa
bef52e53
bef50faf
bef4f10f
bef4d272
bef4b3da
bef49545
bef476b5
bef45828
bef4399f
bef41b19
bef3fc98
bef3de1a
bef3bfa0
bef3a12a
bef382b8
bef3644a
bef345df
bef32778
bef30915
bef2eab6
bef2cc5a
bef2ae03
bef28faf
bef2715f
bef25313
bef234ca
bef21685
bef1f845
bef1da07
bef1bbce
bef19d98
bef17f67
bef16139
bef1430e
bef124e8
bef106c5
bef0e8a6
bef0ca8b
bef0ac73
bef08e60
bef07050
bef05244
bef0343b
bef01637
beeff836
beefda39
beefbc3f
beef9e4a
beef8058
beef6269
beef447f
beef2698
beef08b5
beeeead6
beeeccfb
beeeaf23
beee914f
beee737f
beee55b2
beee37e9
beee1a24
beedfc63
beeddea5
beedc0eb
beeda335
beed8582
beed67d3
beed4a28
beed2c81
beed0edd
beecf13d
beecd3a1
beecb608
beec9873
beec7ae2
beec5d55
beec3fcb
beec2245
beec04c2
beebe743
beebc9c8
beebac51
beeb8edd
beeb716d
beeb5401
beeb3698
beeb1933
beeafbd2
beeade74
beeac11a
beeaa3c4
beea8671
beea6922
beea4bd7
beea2e8f
beea114b
bee9f40b
bee9d6ce
bee9b995
bee99c60
bee97f2e
bee96200
bee944d6
bee927af
bee90a8c
bee8ed6c
bee8d051
bee8b338
bee89624
bee87913
bee85c05
bee83efc
bee821f6
bee804f3
bee7e7f4
bee7caf9
bee7ae02
bee7910e
bee7741d
bee75731
bee73a48
bee71d62
bee70080
bee6e3a2
bee6c6c7
bee6a9f0
bee68d1d
bee6704d
bee65381
bee636b8
bee619f3
bee5fd32
bee5e074
bee5c3ba
bee5a703
bee58a50
bee56da0
bee550f4
bee5344c
bee517a7
bee4fb06
bee4de69
bee4c1cf
bee4a538
bee488a5
bee46c16
bee44f8a
bee43302
bee4167e
bee3f9fd
bee3dd7f
bee3c105
bee3a48f
bee3881c
bee36bad
bee34f41
bee332d9
bee31674
bee2fa13
bee2ddb6
bee2c15c
bee2a506
bee288b3
bee26c63
bee25018
bee233cf
bee2178b
bee1fb49
bee1df0c
bee1c2d2
bee1a69b
bee18a68
bee16e38
bee1520c
bee135e4
bee119bf
bee0fd9e
bee0e180
bee0c565
bee0a94e
bee08d3b
bee0712b
bee0551f
bee03916
bee01d10
bee0010e
bedfe510
bedfc915
bedfad1e
bedf912a
bedf7539
bedf594d
bedf3d63
bedf217d
bedf059b
bedee9bc
bedecde0
bedeb208
bede9634
bede7a63
bede5e95
bede42cb
bede2704
bede0b41
beddef82
beddd3c5
beddb80d
bedd9c57
bedd80a6
bedd64f7
bedd494c
bedd2da5
bedd1201
bedcf660
bedcdac3
bedcbf2a
bedca394
bedc8801
bedc6c72
bedc50e6
bedc355d
bedc19d8
bedbfe57
bedbe2d9
bedbc75e
bedbabe7
bedb9073
bedb7503
bedb5996
bedb3e2c
bedb22c6
bedb0764
bedaec05
bedad0a9
bedab550
beda99fb
beda7eaa
beda635c
beda4811
beda2cca
beda1186
bed9f645
bed9db08
bed9bfcf
bed9a498
bed98965
bed96e36
bed9530a
bed937e1
bed91cbc
bed9019a
bed8e67c
bed8cb60
bed8b049
bed89534
bed87a23
bed85f16
bed8440c
bed82905
bed80e01
bed7f301
bed7d805
bed7bd0b
bed7a215
bed78723
bed76c34
bed75148
bed7365f
bed71b7a
bed70098
bed6e5ba
bed6cadf
bed6b007
bed69533
bed67a62
bed65f94
bed644ca
bed62a03
bed60f40
bed5f47f
bed5d9c2
bed5bf09
bed5a453
bed589a0
bed56ef0
bed55444
bed5399b
bed51ef6
bed50453
bed4e9b5
bed4cf19
bed4b481
bed499ec
bed47f5a
bed464cc
bed44a41
bed42fba
bed41535
bed3fab4
bed3e037
bed3c5bc
bed3ab45
bed390d1
bed37661
bed35bf4
bed3418a
bed32723
bed30cc0
bed2f260
bed2d804
bed2bdaa
bed2a354
bed28901
bed26eb2
bed25466
bed23a1d
bed21fd7
bed20595
bed1eb56
bed1d11a
bed1b6e1
bed19cac
bed1827a
bed1684c
bed14e20
bed133f8
bed119d3
bed0ffb2
bed0e593
bed0cb78
bed0b160
bed0974c
bed07d3b
bed0632d
bed04922
bed02f1a
bed01516
becffb15
becfe117
becfc71d
becfad26
becf9331
becf7941
becf5f53
becf4569
becf2b82
becf119e
becef7bd
becedde0
becec406
beceaa2f
bece905b
bece768b
bece5cbe
bece42f4
bece292d
bece0f69
becdf5a9
becddbec
becdc232
becda87c
becd8ec8
becd7518
becd5b6b
becd41c1
becd281a
becd0e77
beccf4d7
beccdb3a
beccc1a0
becca809
becc8e76
becc74e6
becc5b59
becc41cf
becc2848
becc0ec5
becbf545
becbdbc7
becbc24e
becba8d7
becb8f63
becb75f3
becb5c86
becb431c
becb29b5
becb1051
becaf6f1
becadd94
becac43a
becaaae3
beca918f
beca783e
beca5ef1
beca45a7
beca2c5f
beca131b
bec9f9db
bec9e09d
bec9c763
bec9ae2b
bec994f7
bec97bc6
bec96298
bec9496d
bec93046
bec91721
bec8fe00
bec8e4e2
bec8cbc7
bec8b2af
bec8999a
bec88088
bec8677a
bec84e6f
bec83566
bec81c61
bec8035f
bec7ea60
bec7d165
bec7b86c
bec79f76
bec78684
bec76d95
bec754a9
bec73bc0
bec722da
bec709f7
bec6f117
bec6d83b
bec6bf61
bec6a68b
bec68db8
bec674e7
bec65c1a
bec64350
bec62a8a
bec611c6
bec5f905
bec5e047
bec5c78d
bec5aed6
bec59621
bec57d70
bec564c2
bec54c17
bec5336f
bec51aca
bec50228
bec4e989
bec4d0ee
bec4b855
bec49fc0
bec4872d
bec46e9e
bec45612
bec43d88
bec42502
bec40c7f
bec3f3ff
bec3db82
bec3c308
bec3aa91
bec3921e
bec379ad
bec3613f
bec348d5
bec3306d
bec31808
bec2ffa7
bec2e749
bec2ceed
bec2b695
bec29e40
bec285ed
bec26d9e
bec25552
bec23d09
bec224c3
bec20c80
bec1f43f
bec1dc02
bec1c3c8
bec1ab92
bec1935e
bec17b2d
bec162ff
bec14ad4
bec132ac
bec11a87
bec10265
bec0ea47
bec0d22b
bec0ba12
bec0a1fc
bec089ea
bec071da
bec059cd
bec041c3
bec029bd
bec011b9
bebff9b8
bebfe1bb
bebfc9c0
bebfb1c8
bebf99d3
bebf81e2
bebf69f3
bebf5207
bebf3a1e
bebf2239
bebf0a56
bebef276
bebeda99
bebec2bf
bebeaae9
bebe9315
bebe7b44
bebe6376
bebe4bab
bebe33e3
bebe1c1e
bebe045c
bebdec9d
bebdd4e1
bebdbd28
bebda571
bebd8dbe
bebd760e
bebd5e61
bebd46b6
bebd2f0f
bebd176b
bebcffc9
bebce82b
bebcd08f
bebcb8f7
bebca161
bebc89ce
bebc723f
bebc5ab2
bebc4328
bebc2ba1
bebc141d
bebbfc9c
bebbe51e
bebbcda3
bebbb62a
bebb9eb5
bebb8743
bebb6fd3
bebb5867
bebb40fd
bebb2996
bebb1233
bebafad2
bebae374
bebacc19
bebab4c1
beba9d6c
beba861a
beba6eca
beba577e
beba4034
beba28ee
beba11aa
beb9fa69
beb9e32c
beb9cbf1
beb9b4b9
beb99d84
beb98651
beb96f22
beb957f5
beb940cc
beb929a5
beb91282
beb8fb61
beb8e443
beb8cd28
beb8b60f
beb89efa
beb887e8
beb870d8
beb859cb
beb842c2
beb82bbb
beb814b7
beb7fdb6
beb7e6b7
beb7cfbc
beb7b8c3
beb7a1ce
beb78adb
beb773eb
beb75cfe
beb74614
beb72f2c
beb71848
beb70166
beb6ea88
beb6d3ac
beb6bcd3
beb6a5fd
beb68f29
beb67859
beb6618b
beb64ac0
beb633f8
beb61d33
beb60671
beb5efb2
beb5d8f5
beb5c23b
beb5ab85
beb594d1
beb57e1f
beb56771
beb550c6
beb53a1d
beb52377
beb50cd4
beb4f634
beb4df96
beb4c8fc
beb4b264
beb49bcf
beb4853d
beb46eae
beb45822
beb44198
beb42b11
beb4148d
beb3fe0c
beb3e78e
beb3d112
beb3ba99
beb3a424
beb38db0
beb37740
beb360d3
beb34a68
beb33400
beb31d9b
beb30739
beb2f0d9
beb2da7c
beb2c422
beb2adcb
beb29777
beb28125
beb26ad7
beb2548b
beb23e42
beb227fb
beb211b8
beb1fb77
beb1e539
beb1cefd
beb1b8c5
beb1a28f
beb18c5c
beb1762c
beb15fff
beb149d4
beb133ac
beb11d87
beb10765
beb0f145
beb0db29
beb0c50f
beb0aef7
beb098e3
beb082d1
beb06cc2
beb056b6
beb040ac
beb02aa6
beb014a2
beaffea1
beafe8a2
beafd2a6
beafbcae
beafa6b7
beaf90c4
beaf7ad3
beaf64e5
beaf4efa
beaf3911
beaf232c
beaf0d49
beaef768
beaee18b
beaecbb0
beaeb5d8
beaea002
beae8a30
beae7460
beae5e93
beae48c8
beae3301
beae1d3c
beae0779
beadf1ba
beaddbfd
beadc643
beadb08b
bead9ad7
bead8525
bead6f75
bead59c9
bead441f
bead2e78
bead18d3
bead0331
beaced92
beacd7f6
beacc25c
beacacc5
beac9731
beac81a0
beac6c11
beac5685
beac40fb
beac2b74
beac15f0
beac006f
beabeaf0
beabd574
beabbffb
beabaa84
beab9510
beab7f9f
beab6a30
beab54c4
beab3f5b
beab29f4
beab1491
beaaff2f
beaae9d1
beaad475
beaabf1c
beaaa9c5
beaa9471
beaa7f20
beaa69d1
beaa5486
beaa3f3c
beaa29f6
beaa14b2
bea9ff71
bea9ea32
bea9d4f6
bea9bfbd
bea9aa86
bea99552
bea98021
bea96af2
bea955c6
bea9409d
bea92b76
bea91652
bea90130
bea8ec11
bea8d6f5
bea8c1dc
bea8acc5
bea897b1
bea8829f
bea86d90
bea85883
bea8437a
bea82e73
bea8196e
bea8046c
bea7ef6d
bea7da70
bea7c576
bea7b07f
bea79b8a
bea78698
bea771a9
bea75cbc
bea747d1
bea732ea
bea71e05
bea70922
bea6f442
bea6df65
bea6ca8b
bea6b5b3
bea6a0dd
bea68c0a
bea6773a
bea6626d
bea64da2
bea638d9
bea62413
bea60f50
bea5fa90
bea5e5d1
bea5d116
bea5bc5d
bea5a7a7
bea592f3
bea57e42
bea56994
bea554e8
bea5403f
bea52b98
bea516f4
bea50252
bea4edb3
bea4d917
bea4c47d
bea4afe5
bea49b51
bea486bf
bea4722f
bea45da2
bea44918
bea43490
bea4200b
bea40b88
bea3f708
bea3e28a
bea3ce0f
bea3b997
bea3a521
bea390ad
bea37c3c
bea367ce
bea35363
bea33ef9
bea32a93
bea3162f
bea301cd
bea2ed6e
bea2d912
bea2c4b8
bea2b061
bea29c0c
bea287ba
bea2736a
bea25f1d
bea24ad2
bea2368a
bea22245
bea20e02
bea1f9c1
bea1e583
bea1d148
bea1bd0f
bea1a8d8
bea194a5
bea18073
bea16c44
bea15818
bea143ee
bea12fc7
bea11ba2
bea10780
bea0f361
bea0df43
bea0cb29
bea0b711
bea0a2fb
bea08ee8
bea07ad7
bea066c9
bea052be
bea03eb5
bea02aae
bea016aa
bea002a8
be9feea9
be9fdaad
be9fc6b3
be9fb2bb
be9f9ec6
be9f8ad3
be9f76e3
be9f62f6
be9f4f0a
be9f3b22
be9f273c
be9f1358
be9eff77
be9eeb98
be9ed7bc
be9ec3e2
be9eb00b
be9e9c36
be9e8864
be9e7494
be9e60c7
be9e4cfc
be9e3933
be9e256e
be9e11aa
be9dfde9
be9dea2b
be9dd66f
be9dc2b5
be9daefe
be9d9b49
be9d8797
be9d73e7
be9d603a
be9d4c8f
be9d38e7
be9d2541
be9d119e
be9cfdfd
be9cea5e
be9cd6c2
be9cc328
be9caf91
be9c9bfd
be9c886a
be9c74da
be9c614d
be9c4dc2
be9c3a3a
be9c26b4
be9c1330
be9bffaf
be9bec30
be9bd8b4
be9bc53a
be9bb1c2
be9b9e4d
be9b8adb
be9b776b
be9b63fd
be9b5092
be9b3d29
be9b29c2
be9b165e
be9b02fd
be9aef9e
be9adc41
be9ac8e7
be9ab58f
be9aa239
be9a8ee6
be9a7b95
be9a6847
be9a54fb
be9a41b2
be9a2e6b
be9a1b26
be9a07e4
be99f4a4
be99e167
be99ce2c
be99baf3
be99a7bd
be99948a
be998158
be996e29
be995afd
be9947d2
be9934ab
be992185
be990e62
be98fb42
be98e824
be98d508
be98c1ee
be98aed7
be989bc3
be9888b0
be9875a0
be986293
be984f88
be983c7f
be982979
be981675
be980373
be97f074
be97dd77
be97ca7c
be97b784
be97a48e
be97919b
be977eaa
be976bbb
be9758cf
be9745e5
be9732fe
be972018
be970d36
be96fa55
be96e777
be96d49b
be96c1c2
be96aeeb
be969c16
be968944
be967674
be9663a6
be9650db
be963e12
be962b4b
be961887
be9605c5
be95f306
be95e049
be95cd8e
be95bad5
be95a81f
be95956b
be9582ba
be95700a
be955d5e
be954ab3
be95380b
be952565
be9512c2
be950020
be94ed82
be94dae5
be94c84b
be94b5b3
be94a31d
be94908a
be947df9
be946b6b
be9458de
be944654
be9433cd
be942148
be940ec5
be93fc44
be93e9c5
be93d749
be93c4d0
be93b258
be939fe3
be938d70
be937b00
be936891
be935626
be9343bc
be933155
be931ef0
be930c8d
be92fa2c
be92e7ce
be92d572
be92c319
be92b0c2
be929e6d
be928c1a
be9279ca
be92677c
be925530
be9242e6
be92309f
be921e5a
be920c18
be91f9d7
be91e799
be91d55d
be91c324
be91b0ed
be919eb8
be918c85
be917a54
be916826
be9155fa
be9143d1
be9131a9
be911f84
be910d62
be90fb41
be90e923
be90d707
be90c4ed
be90b2d5
be90a0c0
be908ead
be907c9d
be906a8e
be905882
be904678
be903470
be90226b
be901068
be8ffe67
be8fec68
be8fda6c
be8fc872
be8fb67a
be8fa484
be8f9290
be8f809f
be8f6eb0
be8f5cc4
be8f4ad9
be8f38f1
be8f270b
be8f1527
be8f0346
be8ef166
be8edf89
be8ecdae
be8ebbd6
be8ea9ff
be8e982b
be8e8659
be8e748a
be8e62bc
be8e50f1
be8e3f28
be8e2d61
be8e1b9d
be8e09da
be8df81a
be8de65c
be8dd4a1
be8dc2e7
be8db130
be8d9f7b
be8d8dc8
be8d7c17
be8d6a69
be8d58bd
be8d4713
be8d356b
be8d23c5
be8d1222
be8d0081
be8ceee2
be8cdd45
be8ccbab
be8cba12
be8ca87c
be8c96e8
be8c8556
be8c73c7
be8c6239
be8c50ae
be8c3f25
be8c2d9f
be8c1c1a
be8c0a97
be8bf917
be8be799
be8bd61d
be8bc4a4
be8bb32c
be8ba1b7
be8b9044
be8b7ed3
be8b6d64
be8b5bf7
be8b4a8d
be8b3925
be8b27bf
be8b165b
be8b04f9
be8af39a
be8ae23c
be8ad0e1
be8abf88
be8aae31
be8a9cdd
be8a8b8a
be8a7a3a
be8a68eb
be8a579f
be8a4656
be8a350e
be8a23c8
be8a1285
be8a0144
be89f005
be89dec8
be89cd8d
be89bc54
be89ab1e
be8999e9
be8988b7
be897787
be896659
be89552e
be894404
be8932dd
be8921b7
be891094
be88ff73
be88ee54
be88dd38
be88cc1d
be88bb05
be88a9ee
be8898da
be8887c8
be8876b8
be8865aa
be88549f
be884395
be88328e
be882189
be881086
be87ff85
be87ee86
be87dd89
be87cc8e
be87bb96
be87aa9f
be8799ab
be8788b9
be8777c9
be8766db
be8755ef
be874506
be87341e
be872338
be871255
be870174
be86f095
be86dfb8
be86cedd
be86be04
be86ad2d
be869c59
be868b86
be867ab6
be8669e8
be86591b
be864851
be863789
be8626c3
be861600
be86053e
be85f47e
be85e3c1
be85d305
be85c24c
be85b195
be85a0e0
be85902d
be857f7c
be856ecd
be855e20
be854d75
be853ccd
be852c26
be851b81
be850adf
be84fa3f
be84e9a1
be84d904
be84c86a
be84b7d2
be84a73c
be8496a8
be848617
be847587
be8464f9
be84546e
be8443e4
be84335d
be8422d7
be841254
be8401d3
be83f154
be83e0d6
be83d05b
be83bfe2
be83af6b
be839ef6
be838e84
be837e13
be836da4
be835d37
be834ccd
be833c64
be832bfe
be831b99
be830b37
be82fad6
be82ea78
be82da1c
be82c9c2
be82b969
be82a913
be8298bf
be82886d
be82781d
be8267cf
be825783
be824739
be8236f1
be8226ab
be821668
be820626
be81f5e6
be81e5a8
be81d56d
be81c533
be81b4fb
be81a4c6
be819492
be818461
be817431
be816404
be8153d8
be8143af
be813387
be812362
be81133e
be81031d
be80f2fd
be80e2e0
be80d2c5
be80c2ab
be80b294
be80a27f
be80926b
be80825a
be80724b
be80623e
be805232
be804229
be803222
be80221d
be801219
be800218
be7fe431
be7fc437
be7fa440
be7f844e
be7f645f
be7f4475
be7f248e
be7f04ac
be7ee4cd
be7ec4f2
be7ea51c
be7e8549
be7e657a
be7e45b0
be7e25e9
be7e0626
be7de668
be7dc6ad
be7da6f6
be7d8743
be7d6794
be7d47e9
be7d2842
be7d089f
be7ce900
be7cc965
be7ca9ce
be7c8a3a
be7c6aab
be7c4b20
be7c2b98
be7c0c15
be7bec95
be7bcd1a
be7bada2
be7b8e2e
be7b6ebe
be7b4f52
be7b2feb
be7b1087
be7af126
be7ad1ca
be7ab272
be7a931e
be7a73cd
be7a5481
be7a3538
be7a15f3
be79f6b3
be79d776
be79b83d
be799908
be7979d6
be795aa9
be793b80
be791c5a
be78fd39
be78de1b
be78bf01
be789feb
be7880d9
be7861cb
be7842c1
be7823ba
be7804b8
be77e5b9
be77c6be
be77a7c7
be7788d4
be7769e5
be774afa
be772c12
be770d2f
be76ee4f
be76cf73
be76b09b
be7691c7
be7672f7
be76542a
be763562
be76169d
be75f7dc
be75d91f
be75ba66
be759bb1
be757cff
be755e51
be753fa7
be752101
be75025f
be74e3c1
be74c526
be74a68f
be7487fd
be74696d
be744ae2
be742c5b
be740dd7
be73ef57
be73d0db
be73b263
be7393ef
be73757e
be735711
be7338a8
be731a43
be72fbe2
be72dd84
be72bf2a
be72a0d4
be728282
be726434
be7245e9
be7227a2
be72095f
be71eb20
be71cce4
be71aead
be719079
be717249
be71541c
be7135f4
be7117cf
be70f9ae
be70db90
be70bd77
be709f61
be70814f
be706341
be704536
be70272f
be70092c
be6feb2d
be6fcd31
be6faf3a
be6f9146
be6f7355
be6f5569
be6f3780
be6f199b
be6efbba
be6edddc
be6ec002
be6ea22c
be6e845a
be6e668b
be6e48c0
be6e2af9
be6e0d35
be6def75
be6dd1b9
be6db401
be6d964c
be6d789b
be6d5aee
be6d3d45
be6d1f9f
be6d01fd
be6ce45e
be6cc6c4
be6ca92d
be6c8b99
be6c6e0a
be6c507e
be6c32f6
be6c1571
be6bf7f0
be6bda73
be6bbcfa
be6b9f84
be6b8212
be6b64a3
be6b4739
be6b29d2
be6b0c6e
be6aef0f
be6ad1b2
be6ab45a
be6a9705
be6a79b4
be6a5c67
be6a3f1d
be6a21d7
be6a0495
be69e756
be69ca1b
be69ace3
be698fb0
be697280
be695553
be69382a
be691b05
be68fde3
be68e0c6
be68c3ab
be68a695
be688982
be686c72
be684f67
be68325e
be68155a
be67f859
be67db5c
be67be62
be67a16c
be67847a
be67678b
be674aa0
be672db8
be6710d5
be66f3f4
be66d718
be66ba3e
be669d69
be668097
be6663c9
be6646fe
be662a37
be660d74
be65f0b4
be65d3f7
be65b73f
be659a8a
be657dd8
be65612a
be654480
be6527d9
be650b36
be64ee96
be64d1fa
be64b562
be6498cd
be647c3c
be644324
be640a1a
be63d11f
be639831
be635f52
be632682
be62edbf
be62b50b
be627c65
be6243cd
be620b43
be61d2c7
be619a59
be6161fa
be6129a8
be60f165
be60b930
be608108
be6048ef
be6010e4
be5fd8e7
be5fa0f8
be5f6916
be5f3143
be5ef97e
be5ec1c6
be5e8a1d
be5e5281
be5e1af3
be5de374
be5dac02
be5d749e
be5d3d47
be5d05ff
be5ccec4
be5c9798
be5c6079
be5c2967
be5bf264
be5bbb6e
be5b8486
be5b4dac
be5b16df
be5ae020
be5aa96f
be5a72cc
be5a3c36
be5a05ae
be59cf33
be5998c6
be596267
be592c15
be58f5d1
be58bf9a
be588971
be585355
be581d47
be57e747
be57b153
be577b6e
be574596
be570fcb
be56da0e
be56a45e
be566ebc
be563927
be56039f
be55ce25
be5598b8
be556359
be552e06
be54f8c2
be54c38a
be548e60
be545943
be542433
be53ef31
be53ba3b
be538554
be535079
be531bab
be52e6eb
be52b238
be527d92
be5248f9
be52146d
be51dfef
be51ab7d
be517719
be5142c2
be510e78
be50da3b
be50a60b
be5071e8
be503dd2
be5009c9
be4fd5cd
be4fa1de
be4f6dfc
be4f3a27
be4f065f
be4ed2a4
be4e9ef5
be4e6b54
be4e37c0
be4e0438
be4dd0be
be4d9d50
be4d69ef
be4d369b
be4d0354
be4cd019
be4c9cec
be4c69cb
be4c36b7
be4c03af
be4bd0b5
be4b9dc7
be4b6ae6
be4b3812
be4b054a
be4ad28f
be4a9fe1
be4a6d3f
be4a3aaa
be4a0822
be49d5a6
be49a337
be4970d4
be493e7e
be490c35
be48d9f8
be48a7c8
be4875a4
be48438d
be481183
be47df85
be47ad93
be477bae
be4749d5
be471809
be46e649
be46b496
be4682ef
be465154
be461fc6
be45ee44
be45bccf
be458b66
be455a09
be4528b9
be44f775
be44c63d
be449512
be4463f3
be4432e0
be4401d9
be43d0df
be439ff1
be436f0f
be433e39
be430d70
be42dcb2
be42ac01
be427b5c
be424ac4
be421a37
be41e9b7
be41b942
be4188da
be41587e
be41282e
be40f7ea
be40c7b2
be409786
be406766
be403752
be40074a
be3fd74e
be3fa75f
be3f777b
be3f47a3
be3f17d7
be3ee817
be3eb863
be3e88bb
be3e591f
be3e298e
be3dfa0a
be3dca91
be3d9b24
be3d6bc4
be3d3c6f
be3d0d25
be3cdde8
be3caeb6
be3c7f91
be3c5077
be3c2168
be3bf266
be3bc36f
be3b9484
be3b65a5
be3b36d1
be3b080a
be3ad94d
be3aaa9d
be3a7bf8
be3a4d5f
be3a1ed1
be39f04f
be39c1d9
be39936f
be39650f
be3936bc
be390874
be38da38
be38ac07
be387de2
be384fc8
be3821ba
be37f3b7
be37c5c0
be3797d4
be3769f4
be373c1f
be370e56
be36e098
be36b2e6
be36853f
be3657a3
be362a13
be35fc8e
be35cf15
be35a1a7
be357444
be3546ec
be3519a0
be34ec60
be34bf2a
be349200
be3464e1
be3437ce
be340ac5
be33ddc8
be33b0d6
be3383f0
be335714
be332a44
be32fd7f
be32d0c5
be32a417
be327773
be324adb
be321e4e
be31f1cc
be31c555
be3198e9
be316c89
be314033
be3113e8
be30e7a9
be30bb75
be308f4b
be30632d
be30371a
be300b11
be2fdf14
be2fb322
be2f873b
be2f5b5e
be2f2f8d
be2f03c7
be2ed80b
be2eac5a
be2e80b5
be2e551a
be2e298a
be2dfe05
be2dd28b
be2da71c
be2d7bb8
be2d505e
be2d2510
be2cf9cc
be2cce93
be2ca364
be2c7841
be2c4d28
be2c221a
be2bf717
be2bcc1f
be2ba131
be2b764e
be2b4b76
be2b20a8
be2af5e6
be2acb2e
be2aa080
be2a75dd
be2a4b45
be2a20b8
be29f635
be29cbbd
be29a14f
be2976ec
be294c93
be292246
be28f802
be28cdca
be28a39b
be287978
be284f5f
be282550
be27fb4c
be27d152
be27a763
be277d7f
be2753a5
be2729d5
be270010
be26d655
be26aca4
be2682ff
be265963
be262fd2
be26064b
be25dccf
be25b35d
be2589f5
be256098
be253745
be250dfc
be24e4be
be24bb8a
be249260
be246940
be24402b
be241720
be23ee20
be23c529
be239c3d
be23735b
be234a83
be2321b6
be22f8f3
be22d039
be22a78b
be227ee6
be22564b
be222dbb
be220534
be21dcb8
be21b446
be218bde
be216380
be213b2c
be2112e2
be20eaa3
be20c26d
be209a41
be207220
be204a08
be2021fb
be1ff9f7
be1fd1fe
be1faa0e
be1f8229
be1f5a4d
be1f327c
be1f0ab4
be1ee2f6
be1ebb43
be1e9399
be1e6bf9
be1e4463
be1e1cd7
be1df554
be1dcddc
be1da66d
be1d7f09
be1d57ae
be1d305d
be1d0916
be1ce1d8
be1cbaa5
be1c937b
be1c6c5b
be1c4545
be1c1e38
be1bf736
be1bd03d
be1ba94e
be1b8268
be1b5b8c
be1b34ba
be1b0df2
be1ae733
be1ac07e
be1a99d3
be1a7331
be1a4c99
be1a260b
be19ff86
be19d90b
be19b29a
be198c32
be1965d4
be193f7f
be191934
be18f2f3
be18ccbb
be18a68c
be188067
be185a4c
be18343a
be180e32
be17e833
be17c23e
be179c52
be177670
be175097
be172ac7
be170501
be16df45
be16b992
be1693e8
be166e48
be1648b1
be162323
be15fd9f
be15d825
be15b2b3
be158d4b
be1567ed
be154297
be151d4b
be14f809
be14d2cf
be14ad9f
be148878
be14635b
be143e47
be14193c
be13f43a
be13cf42
be13aa52
be13856d
be136090
be133bbc
be1316f2
be12f231
be12cd79
be12a8ca
be128424
be125f88
be123af5
be12166a
be11f1e9
be11cd71
be11a903
be11849d
be116040
be113bed
be1117a2
be10f361
be10cf29
be10aaf9
be1086d3
be1062b6
be103ea2
be101a97
be0ff695
be0fd29b
be0faeab
be0f8ac4
be0f66e6
be0f4311
be0f1f44
be0efb81
be0ed7c7
be0eb415
be0e906d
be0e6ccd
be0e4936
be0e25a8
be0e0223
be0ddea7
be0dbb34
be0d97ca
be0d7468
be0d510f
be0d2dc0
be0d0a79
be0ce73a
be0cc405
be0ca0d8
be0c7db4
be0c5a99
be0c3787
be0c147e
be0bf17d
be0bce85
be0bab96
be0b88af
be0b65d1
be0b42fc
be0b2030
be0afd6c
be0adab1
be0ab7ff
be0a9555
be0a72b4
be0a501c
be0a2d8c
be0a0b05
be09e887
be09c611
be09a3a4
be09813f
be095ee3
be093c8f
be091a45
be08f802
be08d5c9
be08b397
be08916f
be086f4f
be084d37
be082b28
be080922
be07e724
be07c52e
be07a341
be07815c
be075f80
be073dad
be071be1
be06fa1f
be06d864
be06b6b2
be069509
be067368
be0651cf
be06303f
be060eb7
be05ed38
be05cbc1
be05aa52
be0588eb
be05678d
be054638
be0524ea
be0503a5
be04e268
be04c134
be04a008
be047ee4
be045dc8
be043cb5
be041baa
be03faa7
be03d9ad
be03b8ba
be0397d0
be0376ee
be035615
be033543
be03147a
be02f3b9
be02d300
be02b250
be0291a7
be027107
be02506f
be022fdf
be020f57
be01eed7
be01ce5f
be01adf0
be018d88
be016d29
be014cd2
be012c83
be010c3b
be00ebfc
be00cbc5
be00ab97
be008b70
be006b51
be004b3a
be002b2b
be000b24
bdffd64b
bdff965e
bdff5680
bdff16b2
bdfed6f5
bdfe9747
bdfe57a9
bdfe181b
bdfdd89d
bdfd992f
bdfd59d0
bdfd1a82
bdfcdb43
bdfc9c14
bdfc5cf5
bdfc1de6
bdfbdee6
bdfb9ff6
bdfb6116
bdfb2246
bdfae385
bdfaa4d4
bdfa6633
bdfa27a1
bdf9e91f
bdf9aaac
bdf96c49
bdf92df6
bdf8efb3
bdf8b17e
bdf8735a
bdf83545
bdf7f73f
bdf7b949
bdf77b62
bdf73d8b
bdf6ffc4
bdf6c20b
bdf68463
bdf646c9
bdf6093f
bdf5cbc5
bdf58e59
bdf550fd
bdf513b1
bdf4d674
bdf49946
bdf45c27
bdf41f18
bdf3e217
bdf3a527
bdf36845
bdf32b72
bdf2eeaf
bdf2b1fb
bdf27556
bdf238c0
bdf1fc3a
bdf1bfc2
bdf1835a
bdf14701
bdf10ab6
bdf0ce7b
bdf0924f
bdf05632
bdf01a24
bdefde25
bdefa235
bdef6654
bdef2a82
bdeeeebf
bdeeb30a
bdee7765
bdee3bcf
bdee0047
bdedc4cf
bded8965
bded4e0a
bded12be
bdecd780
bdec9c52
bdec6132
bdec2621
bdebeb1f
bdebb02c
bdeb7547
bdeb3a71
bdeaffaa
bdeac4f1
bdea8a47
bdea4fac
bdea1520
bde9daa2
bde9a032
bde965d2
bde92b7f
bde8f13c
bde8b707
bde87ce0
bde842c8
bde808bf
bde7cec4
bde794d7
bde75af9
bde7212a
bde6e769
bde6adb6
bde67412
bde63a7c
bde600f5
bde5c77c
bde58e11
bde554b5
bde51b67
bde4e227
bde4a8f6
bde46fd3
bde436be
bde3fdb7
bde3c4bf
bde38bd5
bde352f9
bde31a2b
bde2e16c
bde2a8bb
bde27017
bde23782
bde1fefc
bde1c683
bde18e18
bde155bc
bde11d6e
bde0e52d
bde0acfb
bde074d7
bde03cc1
bde004b8
bddfccbe
bddf94d2
bddf5cf4
bddf2523
bddeed61
bddeb5ad
bdde7e06
bdde466e
bdde0ee3
bdddd766
bddd9ff7
bddd6896
bddd3143
bddcf9fe
bddcc2c6
bddc8b9c
bddc5480
bddc1d72
bddbe672
bddbaf7f
bddb789a
bddb41c3
bddb0af9
bddad43d
bdda9d8f
bdda66ee
bdda305b
bdd9f9d6
bdd9c35e
bdd98cf4
bdd95698
bdd92049
bdd8ea08
bdd8b3d4
bdd87dae
bdd84795
bdd8118a
bdd7db8c
bdd7a59c
bdd76fba
bdd739e4
bdd7041d
bdd6ce62
bdd698b5
bdd66316
bdd62d84
bdd5f7ff
bdd5c288
bdd58d1e
bdd557c1
bdd52272
bdd4ed30
bdd4b7fc
bdd482d4
bdd44dba
bdd418ad
bdd3e3ae
bdd3aebb
bdd379d6
bdd344ff
bdd31034
bdd2db76
bdd2a6c6
bdd27223
bdd23d8d
bdd20904
bdd1d489
bdd1a01a
bdd16bb9
bdd13764
bdd1031d
bdd0cee3
bdd09ab5
bdd06695
bdd03282
bdcffe7c
bdcfca83
bdcf9697
bdcf62b8
bdcf2ee5
bdcefb20
bdcec768
bdce93bc
bdce601e
bdce2c8c
bdcdf908
bdcdc590
bdcd9225
bdcd5ec7
bdcd2b75
bdccf831
bdccc4f9
bdcc91ce
bdcc5eb0
bdcc2b9f
bdcbf89b
bdcbc5a3
bdcb92b8
bdcb5fd9
bdcb2d08
bdcafa43
bdcac78b
bdca94df
bdca6240
bdca2fae
bdc9fd28
bdc9caaf
bdc99843
bdc965e3
bdc93390
bdc9014a
bdc8cf0f
bdc89ce2
bdc86ac1
bdc838ad
bdc806a5
bdc7d4a9
bdc7a2ba
bdc770d8
bdc73f02
bdc70d38
bdc6db7b
bdc6a9cb
bdc67826
bdc6468f
bdc61503
bdc5e384
bdc5b211
bdc580ab
bdc54f51
bdc51e03
bdc4ecc2
bdc4bb8d
bdc48a64
bdc45948
bdc42838
bdc3f734
bdc3c63c
bdc39551
bdc36471
bdc3339e
bdc302d8
bdc2d21d
bdc2a16e
bdc270cc
bdc24036
bdc20fac
bdc1df2e
bdc1aebc
bdc17e57
bdc14dfd
bdc11db0
bdc0ed6e
bdc0bd39
bdc08d10
bdc05cf3
bdc02ce1
bdbffcdc
bdbfcce3
bdbf9cf6
bdbf6d14
bdbf3d3f
bdbf0d76
bdbeddb8
bdbeae07
bdbe7e61
bdbe4ec8
bdbe1f3a
bdbdefb8
bdbdc042
bdbd90d8
bdbd617a
bdbd3227
bdbd02e1
bdbcd3a6
bdbca477
bdbc7554
bdbc463c
bdbc1730
bdbbe831
bdbbb93c
bdbb8a54
bdbb5b77
bdbb2ca6
bdbafde1
bdbacf27
bdbaa079
bdba71d7
bdba4340
bdba14b5
bdb9e636
bdb9b7c2
bdb9895a
bdb95afe
bdb92cad
bdb8fe67
bdb8d02d
bdb8a1ff
bdb873dc
bdb845c5
bdb817ba
bdb7e9b9
bdb7bbc5
bdb78ddb
bdb75ffe
bdb7322b
bdb70465
bdb6d6a9
bdb6a8f9
bdb67b55
bdb64dbc
bdb6202e
bdb5f2ac
bdb5c535
bdb597c9
bdb56a69
bdb53d14
bdb50fca
bdb4e28c
bdb4b559
bdb48831
bdb45b15
bdb42e04
bdb400fe
bdb3d403
bdb3a714
bdb37a30
bdb34d57
bdb32089
bdb2f3c6
bdb2c70f
bdb29a63
bdb26dc2
bdb2412c
bdb214a1
bdb1e822
bdb1bbad
bdb18f44
bdb162e6
bdb13692
bdb10a4a
bdb0de0d
bdb0b1db
bdb085b4
bdb05998
bdb02d87
bdb00182
bdafd587
bdafa997
bdaf7db2
bdaf51d8
bdaf2609
bdaefa45
bdaece8c
bdaea2de
bdae773a
bdae4ba2
bdae2015
bdadf492
bdadc91a
bdad9dad
bdad724b
bdad46f4
bdad1ba8
bdacf066
bdacc530
bdac9a04
bdac6ee3
bdac43cc
bdac18c1
bdabedc0
bdabc2ca
bdab97df
bdab6cfe
bdab4228
bdab175d
bdaaec9c
bdaac1e7
bdaa973c
bdaa6c9b
bdaa4205
bdaa177a
bda9ecf9
bda9c284
bda99818
bda96db7
bda94361
bda91916
bda8eed5
bda8c49e
bda89a72
bda87051
bda8463a
bda81c2e
bda7f22c
bda7c835
bda79e48
bda77466
bda74a8e
bda720c1
bda6f6fe
bda6cd45
bda6a397
bda679f3
bda6505a
bda626cb
bda5fd47
bda5d3cc
bda5aa5d
bda580f7
bda5579c
bda52e4b
bda50505
bda4dbc9
bda4b297
bda48970
bda46052
bda4373f
bda40e37
bda3e538
bda3bc44
bda3935a
bda36a7a
bda341a5
bda318da
bda2f019
bda2c762
bda29eb5
bda27612
bda24d7a
bda224eb
bda1fc67
bda1d3ed
bda1ab7d
bda18318
bda15abc
bda1326a
bda10a23
bda0e1e5
bda0b9b2
bda09188
bda06969
bda04154
bda01948
bd9ff147
bd9fc950
bd9fa162
bd9f797f
bd9f51a5
bd9f29d6
bd9f0211
bd9eda55
bd9eb2a3
bd9e8afc
bd9e635e
bd9e3bca
bd9e1440
bd9decc0
bd9dc54a
bd9d9ddd
bd9d767b
bd9d4f22
bd9d27d3
bd9d008e
bd9cd953
bd9cb221
bd9c8afa
bd9c63dc
bd9c3cc8
bd9c15be
bd9beebd
bd9bc7c6
bd9ba0d9
bd9b79f6
bd9b531c
bd9b2c4c
bd9b0586
bd9adec9
bd9ab817
bd9a916d
bd9a6ace
bd9a4438
bd9a1dac
bd99f729
bd99d0b0
bd99aa41
bd9983db
bd995d7f
bd99372c
bd9910e3
bd98eaa4
bd98c46e
bd989e42
bd98781f
bd985206
bd982bf6
bd9805f0
bd97dff3
bd97ba00
bd979416
bd976e35
bd97485f
bd972291
bd96fccd
bd96d713
bd96b162
bd968bba
bd96661c
bd964087
bd961afc
bd95f57a
bd95d001
bd95aa92
bd95852c
bd955fcf
bd953a7c
bd951532
bd94eff1
bd94caba
bd94a58c
bd948067
bd945b4c
bd943639
bd941130
bd93ec31
bd93c73a
bd93a24d
bd937d69
bd93588e
bd9333bd
bd930ef5
bd92ea35
bd92c580
bd92a0d3
bd927c2f
bd925795
bd923303
bd920e7b
bd91e9fc
bd91c586
bd91a119
bd917cb6
bd91585b
bd913409
bd910fc1
bd90eb82
bd90c74b
bd90a31e
bd907efa
bd905ade
bd9036cc
bd9012c3
bd8feec3
bd8fcacc
bd8fa6dd
bd8f82f8
bd8f5f1c
bd8f3b49
bd8f177e
bd8ef3bd
bd8ed004
bd8eac55
bd8e88ae
bd8e6510
bd8e417c
bd8e1df0
bd8dfa6d
bd8dd6f3
bd8db381
bd8d9019
bd8d6cb9
bd8d4962
bd8d2614
bd8d02cf
bd8cdf93
bd8cbc60
bd8c9935
bd8c7613
bd8c52fa
bd8c2fe9
bd8c0ce2
bd8be9e3
bd8bc6ed
bd8ba400
bd8b811b
bd8b5e3f
bd8b3b6c
bd8b18a1
bd8af5df
bd8ad326
bd8ab076
bd8a8dce
bd8a6b2f
bd8a4899
bd8a260b
bd8a0386
bd89e109
bd89be95
bd899c2a
bd8979c7
bd89576d
bd89351b
bd8912d2
bd88f092
bd88ce5a
bd88ac2b
bd888a04
bd8867e6
bd8845d0
bd8823c3
bd8801be
bd87dfc2
bd87bdce
bd879be3
bd877a00
bd875826
bd873654
bd87148b
bd86f2ca
bd86d111
bd86af61
bd868dba
bd866c1a
bd864a84
bd8628f5
bd86076f
bd85e5f1
bd85c47c
bd85a30f
bd8581ab
bd85604e
bd853efa
bd851daf
bd84fc6c
bd84db31
bd84b9fe
bd8498d4
bd8477b2
bd845698
bd843586
bd84147d
bd83f37c
bd83d283
bd83b193
bd8390ab
bd836fca
bd834ef3
bd832e23
bd830d5c
bd82ec9c
bd82cbe5
bd82ab36
bd828a90
bd8269f1
bd82495b
bd8228cc
bd820846
bd81e7c8
bd81c752
bd81a6e5
bd81867f
bd816621
bd8145cc
bd81257e
bd810539
bd80e4fc
bd80c4c7
bd80a499
bd808474
bd806457
bd804442
bd802435
bd800430
bd7fc866
bd7f887c
bd7f48a2
bd7f08d7
bd7ec91d
bd7e8973
bd7e49d9
bd7e0a4e
bd7dcad3
bd7d8b69
bd7d4c0e
bd7d0cc3
bd7ccd87
bd7c8e5c
bd7c4f40
bd7c1034
bd7bd138
bd7b924c
bd7b536f
bd7b14a2
bd7ad5e4
bd7a9737
bd7a5899
bd7a1a0b
bd79db8c
bd799d1d
bd795ebd
bd79206d
bd78e22d
bd78a3fc
bd7865db
bd7827c9
bd77e9c7
bd77abd4
bd776df1
bd77301e
bd76f259
bd76b4a4
bd7676ff
bd763969
bd75fbe2
bd75be6b
bd758103
bd7543aa
bd750661
bd74c927
bd748bfd
bd744ee1
bd7411d5
bd73d4d8
bd7397eb
bd735b0c
bd731e3d
bd72e17d
bd72a4cc
bd72682b
bd722b98
bd71ef15
bd71b2a1
bd71763c
bd7139e6
bd70fd9f
bd70c167
bd70853e
bd704924
bd700d19
bd6fd11e
bd6f9531
bd6f5953
bd6f1d84
bd6ee1c4
bd6ea613
bd6e6a71
bd6e2ede
bd6df35a
bd6db7e4
bd6d7c7e
bd6d4126
bd6d05dd
bd6ccaa3
bd6c8f78
bd6c545b
bd6c194e
bd6bde4f
bd6ba35f
bd6b687d
bd6b2daa
bd6af2e6
bd6ab831
bd6a7d8a
bd6a42f2
bd6a0869
bd69cdee
bd699382
bd695924
bd691ed5
bd68e495
bd68aa63
bd687040
bd68362b
bd67fc24
bd67c22d
bd678843
bd674e69
bd67149c
bd66dade
bd66a12f
bd66678e
bd662dfb
bd65f477
bd65bb01
bd658199
bd654840
bd650ef5
bd64d5b8
bd649c8a
bd64636a
bd642a58
bd63f155
bd63b860
bd637f79
bd6346a0
bd630dd5
bd62d519
bd629c6b
bd6263cb
bd622b39
bd61f2b5
bd61ba40
bd6181d8
bd61497f
bd611133
bd60d8f6
bd60a0c7
bd6068a6
bd603093
bd5ff88d
bd5fc096
bd5f88ad
bd5f50d2
bd5f1905
bd5ee145
bd5ea994
bd5e71f1
bd5e3a5b
bd5e02d3
bd5dcb5a
bd5d93ee
bd5d5c90
bd5d253f
bd5cedfd
bd5cb6c8
bd5c7fa2
bd5c4889
bd5c117d
bd5bda80
bd5ba390
bd5b6cae
bd5b35da
bd5aff13
bd5ac85a
bd5a91af
bd5a5b11
bd5a2481
bd59edff
bd59b78a
bd598123
bd594aca
bd59147e
bd58de40
bd58a80f
bd5871ec
bd583bd6
bd5805ce
bd57cfd3
bd5799e6
bd576406
bd572e34
bd56f86f
bd56c2b8
bd568d0e
bd565771
bd5621e2
bd55ec60
bd55b6ec
bd558185
bd554c2b
bd5516de
bd54e19f
bd54ac6e
bd547749
bd544232
bd540d28
bd53d82b
bd53a33c
bd536e5a
bd533985
bd5304bd
bd52d002
bd529b55
bd5266b5
bd523222
bd51fd9c
bd51c923
bd5194b7
bd516059
bd512c07
bd50f7c3
bd50c38b
bd508f61
bd505b43
bd502733
bd4ff330
bd4fbf39
bd4f8b50
bd4f5774
bd4f23a4
bd4eefe2
bd4ebc2d
bd4e8884
bd4e54e8
bd4e2159
bd4dedd8
bd4dba63
bd4d86fa
bd4d539f
bd4d2051
bd4ced0f
bd4cb9da
bd4c86b2
bd4c5397
bd4c2088
bd4bed86
bd4bba91
bd4b87a9
bd4b54ce
bd4b21ff
bd4aef3d
bd4abc87
bd4a89de
bd4a5742
bd4a24b3
bd49f230
bd49bfba
bd498d50
bd495af3
bd4928a2
bd48f65f
bd48c427
bd4891fc
bd485fde
bd482dcd
bd47fbc7
bd47c9cf
bd4797e2
bd476603
bd47342f
bd470269
bd46d0ae
bd469f00
bd466d5f
bd463bca
bd460a41
bd45d8c4
bd45a754
bd4575f1
bd454499
bd45134e
bd44e210
bd44b0dd
bd447fb7
bd444e9e
bd441d90
bd43ec8f
bd43bb9a
bd438ab1
bd4359d4
bd432904
bd42f840
bd42c788
bd4296dc
bd42663d
bd4235a9
bd420522
bd41d4a6
bd41a437
bd4173d4
bd41437d
bd411333
bd40e2f4
bd40b2c1
bd40829a
bd405280
bd402271
bd3ff26f
bd3fc278
bd3f928d
bd3f62af
bd3f32dc
bd3f0315
bd3ed35a
bd3ea3ac
bd3e7409
bd3e4472
bd3e14e6
bd3de567
bd3db5f4
bd3d868c
bd3d5730
bd3d27e1
bd3cf89c
bd3cc964
bd3c9a38
bd3c6b17
bd3c3c02
bd3c0cf9
bd3bddfc
bd3baf0a
bd3b8024
bd3b514a
bd3b227c
bd3af3b9
bd3ac502
bd3a9656
bd3a67b7
bd3a3922
bd3a0a9a
bd39dc1d
bd39adac
bd397f46
bd3950ec
bd39229e
bd38f45b
bd38c624
bd3897f8
bd3869d8
bd383bc3
bd380dba
bd37dfbc
bd37b1ca
bd3783e3
bd375608
bd372838
bd36fa74
bd36ccbb
bd369f0d
bd36716b
bd3643d5
bd361649
bd35e8ca
bd35bb55
bd358dec
bd35608e
bd35333c
bd3505f4
bd34d8b9
bd34ab88
bd347e63
bd345149
bd34243a
bd33f737
bd33ca3f
bd339d52
bd337070
bd334399
bd3316ce
bd32ea0e
bd32bd59
bd3290af
bd326411
bd32377d
bd320af5
bd31de78
bd31b206
bd31859f
bd315943
bd312cf2
bd3100ad
bd30d472
bd30a842
bd307c1e
bd305004
bd3023f6
bd2ff7f2
bd2fcbfa
bd2fa00c
bd2f742a
bd2f4852
bd2f1c86
bd2ef0c4
bd2ec50d
bd2e9961
bd2e6dc0
bd2e422a
bd2e169f
bd2deb1f
bd2dbfaa
bd2d943f
bd2d68e0
bd2d3d8b
bd2d1241
bd2ce702
bd2cbbcd
bd2c90a4
bd2c6585
bd2c3a71
bd2c0f68
bd2be469
bd2bb976
bd2b8e8d
bd2b63ae
bd2b38db
bd2b0e12
bd2ae354
bd2ab8a0
bd2a8df7
bd2a6359
bd2a38c6
bd2a0e3d
bd29e3bf
bd29b94b
bd298ee2
bd296484
bd293a30
bd290fe6
bd28e5a8
bd28bb74
bd28914a
bd28672b
bd283d16
bd28130c
bd27e90d
bd27bf18
bd27952d
bd276b4d
bd274178
bd2717ad
bd26edec
bd26c436
bd269a8a
bd2670e8
bd264751
bd261dc5
bd25f442
bd25cacb
bd25a15d
bd2577fa
bd254ea1
bd252553
bd24fc0e
bd24d2d5
bd24a9a5
bd248080
bd245765
bd242e54
bd24054e
bd23dc51
bd23b35f
bd238a78
bd23619a
bd2338c7
bd230ffe
bd22e73f
bd22be8a
bd2295e0
bd226d3f
bd2244a9
bd221c1d
bd21f39b
bd21cb23
bd21a2b5
bd217a52
bd2151f8
bd2129a9
bd210163
bd20d928
bd20b0f7
bd2088d0
bd2060b2
bd20389f
bd201096
bd1fe897
bd1fc0a2
bd1f98b7
bd1f70d5
bd1f48fe
bd1f2131
bd1ef96e
bd1ed1b4
bd1eaa05
bd1e825f
bd1e5ac4
bd1e3332
bd1e0baa
bd1de42c
bd1dbcb8
bd1d954e
bd1d6ded
bd1d4697
bd1d1f4a
bd1cf807
bd1cd0ce
bd1ca99f
bd1c8279
bd1c5b5d
bd1c344b
bd1c0d43
bd1be645
bd1bbf50
bd1b9865
bd1b7184
bd1b4aac
bd1b23de
bd1afd1a
bd1ad660
bd1aafaf
bd1a8908
bd1a626b
bd1a3bd7
bd1a154d
bd19eecc
bd19c855
bd19a1e8
bd197b84
bd19552a
bd192eda
bd190893
bd18e255
bd18bc22
bd1895f7
bd186fd7
bd1849c0
bd1823b2
bd17fdae
bd17d7b3
bd17b1c2
bd178bda
bd1765fc
bd174027
bd171a5c
bd16f49a
bd16cee1
bd16a932
bd16838d
bd165df1
bd16385e
bd1612d5
bd15ed54
bd15c7de
bd15a271
bd157d0d
bd1557b2
bd153261
bd150d19
bd14e7da
bd14c2a5
bd149d79
bd147856
bd14533d
bd142e2d
bd140926
bd13e428
bd13bf34
bd139a48
bd137566
bd13508e
bd132bbe
bd1306f8
bd12e23b
bd12bd87
bd1298dc
bd12743a
bd124fa2
bd122b12
bd12068c
bd11e20f
bd11bd9b
bd119930
bd1174cf
bd115076
bd112c26
bd1107e0
bd10e3a2
bd10bf6e
bd109b43
bd107720
bd105307
bd102ef7
bd100af0
bd0fe6f1
bd0fc2fc
bd0f9f10
bd0f7b2d
bd0f5752
bd0f3381
bd0f0fb9
bd0eebf9
bd0ec843
bd0ea495
bd0e80f0
bd0e5d55
bd0e39c2
bd0e1638
bd0df2b7
bd0dcf3e
bd0dabcf
bd0d8868
bd0d650b
bd0d41b6
bd0d1e6a
bd0cfb27
bd0cd7ec
bd0cb4bb
bd0c9192
bd0c6e72
bd0c4b5b
bd0c284c
bd0c0546
bd0be24a
bd0bbf55
bd0b9c6a
bd0b7987
bd0b56ad
bd0b33dc
bd0b1113
bd0aee53
bd0acb9c
bd0aa8ed
bd0a8648
bd0a63aa
bd0a4116
bd0a1e8a
bd09fc06
bd09d98c
bd09b71a
bd0994b0
bd09724f
bd094ff7
bd092da7
bd090b60
bd08e922
bd08c6ec
bd08a4be
bd088299
bd08607d
bd083e69
bd081c5e
bd07fa5b
bd07d860
bd07b66f
bd079485
bd0772a4
bd0750cc
bd072efc
bd070d34
bd06eb75
bd06c9bf
bd06a810
bd06866b
bd0664cd
bd064338
bd0621ac
bd060027
bd05deac
bd05bd38
bd059bcd
bd057a6a
bd055910
bd0537be
bd051674
bd04f532
bd04d3f9
bd04b2c8
bd0491a0
bd047080
bd044f68
bd042e58
bd040d50
bd03ec51
bd03cb5a
bd03aa6c
bd038985
bd0368a7
bd0347d1
bd032703
bd03063d
bd02e580
bd02c4cb
bd02a41d
bd028378
bd0262dc
bd024247
bd0221bb
bd020136
bd01e0ba
bd01c046
bd019fda
bd017f76
bd015f1a
bd013ec6
bd011e7b
bd00fe37
bd00ddfc
bd00bdc8
bd009d9d
bd007d79
bd005d5e
bd003d4b
bd001d3f
bcfffa78
bcffba81
bcff7a9b
bcff3ac4
bcfefafd
bcfebb46
bcfe7ba0
bcfe3c09
bcfdfc82
bcfdbd0a
bcfd7da3
bcfd3e4c
bcfcff04
bcfcbfcc
bcfc80a4
bcfc418c
bcfc0283
bcfbc38a
bcfb84a1
bcfb45c8
bcfb06ff
bcfac845
bcfa899a
bcfa4b00
bcfa0c75
bcf9cdfa
bcf98f8e
bcf95132
bcf912e5
bcf8d4a8
bcf8967b
bcf8585d
bcf81a4f
bcf7dc50
bcf79e61
bcf76081
bcf6e4ef
bcf6699c
bcf5ee86
bcf573ad
bcf4f912
bcf47eb4
bcf40493
bcf38ab0
bcf31109
bcf2979e
bcf21e71
bcf1a580
bcf12ccb
bcf0b453
bcf03c17
bcefc417
bcef4c53
bceed4cb
bcee5d7e
bcede66d
bced6f98
bcecf8fd
bcec829f
bcec0c7b
bceb9692
bceb20e4
bceaab71
bcea3639
bce9c13b
bce94c77
bce8d7ee
bce8639f
bce7ef8b
bce77bb0
bce7080f
bce694a8
bce6217a
bce5ae86
bce53bcc
bce4c94a
bce45702
bce3e4f3
bce3731d
bce30180
bce2901c
bce21ef0
bce1adfd
bce13d42
bce0ccc0
bce05c75
bcdfec63
bcdf7c89
bcdf0ce7
bcde9d7c
bcde2e49
bcddbf4e
bcdd508a
bcdce1fd
bcdc73a8
bcdc0589
bcdb97a2
bcdb29f2
bcdabc78
bcda4f35
bcd9e229
bcd97553
bcd908b3
bcd89c4a
bcd83017
bcd7c41a
bcd75853
bcd6ecc2
bcd68166
bcd61640
bcd5ab50
bcd54095
bcd4d60f
bcd46bbf
bcd401a4
bcd397bd
bcd32e0c
bcd2c48f
bcd25b47
bcd1f234
bcd18955
bcd120aa
bcd0b834
bcd04ff2
bccfe7e4
bccf800a
bccf1864
bcceb0f2
bcce49b3
bccde2a8
bccd7bd1
bccd152c
bcccaebb
bccc487e
bccbe273
bccb7c9b
bccb16f6
bccab184
bcca4c45
bcc9e738
bcc9825d
bcc91db5
bcc8b940
bcc854fc
bcc7f0eb
bcc78d0b
bcc7295e
bcc6c5e2
bcc66298
bcc5ff7f
bcc59c98
bcc539e2
bcc4d75e
bcc4750b
bcc412e9
bcc3b0f8
bcc34f38
bcc2eda9
bcc28c4a
bcc22b1d
bcc1ca1f
bcc16952
bcc108b6
bcc0a84a
bcc0480e
bcbfe802
bcbf8826
bcbf2879
bcbec8fd
bcbe69b0
bcbe0a93
bcbdaba6
bcbd4ce8
bcbcee59
bcbc8ff9
bcbc31c9
bcbbd3c7
bcbb75f5
bcbb1851
bcbabadd
bcba5d97
bcba007f
bcb9a396
bcb946db
bcb8ea4f
bcb88df1
bcb831c1
bcb7d5bf
bcb779eb
bcb71e45
bcb6c2cd
bcb66783
bcb60c66
bcb5b176
bcb556b4
bcb4fc1f
bcb4a1b8
bcb4477e
bcb3ed70
bcb39390
bcb339dd
bcb2e056
bcb286fc
bcb22dcf
bcb1d4cf
bcb17bfa
bcb12353
bcb0cad7
bcb07288
bcb01a65
bcafc26d
bcaf6aa2
bcaf1303
bcaebb8f
bcae6447
bcae0d2b
bcadb63a
bcad5f74
bcad08da
bcacb26c
bcac5c28
bcac060f
bcabb022
bcab5a5f
bcab04c7
bcaaaf5a
bcaa5a18
bcaa0500
bca9b013
bca95b50
bca906b8
bca8b249
bca85e05
bca809eb
bca7b5fb
bca76235
bca70e99
bca6bb27
bca667de
bca614bf
bca5c1c9
bca56efd
bca51c5a
bca4c9e1
bca47790
bca42569
bca3d36b
bca38196
bca32fe9
bca2de66
bca28d0b
bca23bd9
bca1eacf
bca199ee
bca14935
bca0f8a5
bca0a83c
bca057fc
bca007e4
bc9fb7f4
bc9f682c
bc9f188c
bc9ec914
bc9e79c3
bc9e2a9a
bc9ddb98
bc9d8cbe
bc9d3e0c
bc9cef80
bc9ca11c
bc9c52df
bc9c04c9
bc9bb6da
bc9b6912
bc9b1b71
bc9acdf7
bc9a80a3
bc9a3376
bc99e670
bc999990
bc994cd6
bc990043
bc98b3d6
bc98678f
bc981b6e
bc97cf74
bc97839f
bc9737f0
bc96ec67
bc96a104
bc9655c6
bc960aae
bc95bfbb
bc9574ee
bc952a46
bc94dfc4
bc949566
bc944b2e
bc94011b
bc93b72d
bc936d64
bc9323c0
bc92da40
bc9290e5
bc9247af
bc91fe9e
bc91b5b1
bc916ce8
bc912444
bc90dbc4
bc909368
bc904b30
bc90031d
bc8fbb2d
bc8f7362
bc8f2bba
bc8ee436
bc8e9cd6
bc8e5599
bc8e0e80
bc8dc78a
bc8d80b8
bc8d3a0a
bc8cf37e
bc8cad16
bc8c66d1
bc8c20af
bc8bdab0
bc8b94d5
bc8b4f1c
bc8b0985
bc8ac412
bc8a7ec1
bc8a3993
bc89f488
bc89af9f
bc896ad8
bc892634
bc88e1b2
bc889d52
bc885915
bc8814f9
bc87d100
bc878d28
bc874972
bc8705df
bc86c26d
bc867f1c
bc863bed
bc85f8e0
bc85b5f4
bc85732a
bc853081
bc84edfa
bc84ab93
bc84694e
bc84272a
bc83e527
bc83a345
bc836184
bc831fe3
bc82de64
bc829d05
bc825bc7
bc821aa9
bc81d9ac
bc8198cf
bc815813
bc811777
bc80d6fc
bc8096a0
bc805665
bc80164a
bc7fac9d
bc7f2ce7
bc7ead70
bc7e2e3a
bc7daf42
bc7d308a
bc7cb212
bc7c33d8
bc7bb5de
bc7b3822
bc7abaa6
bc7a3d68
bc79c068
bc7943a7
bc78c724
bc784ae0
bc77ced9
bc775311
bc76d786
bc765c39
bc75e12a
bc756658
bc74ebc4
bc74716c
bc73f752
bc737d75
bc7303d5
bc728a71
bc72114a
bc719860
bc711fb2
bc70a740
bc702f0b
bc6fb711
bc6f3f53
bc6ec7d2
bc6e508c
bc6dd981
bc6d62b2
bc6cec1e
bc6c75c6
bc6bffa9
bc6b89c6
bc6b141f
bc6a9eb2
bc6a2980
bc69b489
bc693fcb
bc68cb49
bc685700
bc67e2f2
bc676f1d
bc66fb83
bc668822
bc6614fa
bc65a20d
bc652f58
bc64bcdd
bc644a9b
bc63d893
bc6366c3
bc62f52c
bc6283ce
bc6212a8
bc61a1bb
bc613106
bc60c08a
bc605046
bc5fe039
bc5f7065
bc5f00c9
bc5e9165
bc5e2238
bc5db342
bc5d4484
bc5cd5fe
bc5c67ae
bc5bf996
bc5b8bb5
bc5b1e0a
bc5ab097
bc5a435a
bc59d653
bc596983
bc58fcea
bc589086
bc582459
bc57b862
bc574ca1
bc56e115
bc5675c0
bc560a9f
bc559fb5
bc553500
bc54ca80
bc546035
bc53f620
bc538c3f
bc532293
bc52b91c
bc524fda
bc51e6cd
bc517df3
bc51154f
bc50acde
bc5044a2
bc4fdc99
bc4f74c5
bc4f0d25
bc4ea5b8
bc4e3e7f
bc4dd779
bc4d70a7
bc4d0a09
bc4ca39d
bc4c3d65
bc4bd760
bc4b718e
bc4b0bee
bc4aa682
bc4a4148
bc49dc40
bc49776b
bc4912c9
bc48ae59
bc484a1a
bc47e60e
bc478234
bc471e8c
bc46bb16
bc4657d1
bc45f4be
bc4591dc
bc452f2c
bc44ccad
bc446a5f
bc440843
bc43a657
bc43449c
bc42e312
bc4281b9
bc422091
bc41bf99
bc415ed1
bc40fe3a
bc409dd3
bc403d9c
bc3fdd95
bc3f7dbe
bc3f1e17
bc3ebea0
bc3e5f59
bc3e0041
bc3da158
bc3d429f
bc3ce416
bc3c85bb
bc3c2790
bc3bc994
bc3b6bc6
bc3b0e28
bc3ab0b8
bc3a5377
bc39f665
bc399981
bc393ccb
bc38e044
bc3883eb
bc3827c0
bc37cbc3
bc376ff4
bc371453
bc36b8e0
bc365d9a
bc360282
bc35a798
bc354cdb
bc34f24b
bc3497e8
bc343db3
bc33e3ab
bc3389cf
bc333021
bc32d69f
bc327d4a
bc322422
bc31cb26
bc317257
bc3119b4
bc30c13d
bc3068f2
bc3010d4
bc2fb8e1
bc2f611b
bc2f0980
bc2eb211
bc2e5ace
bc2e03b7
bc2dacca
bc2d560a
bc2cff74
bc2ca90a
bc2c52cb
bc2bfcb7
bc2ba6cf
bc2b5111
bc2afb7d
bc2aa615
bc2a50d7
bc29fbc4
bc29a6dc
bc29521d
bc28fd89
bc28a920
bc2854e0
bc2800cb
bc27acdf
bc27591e
bc270586
bc26b218
bc265ed4
bc260bba
bc25b8c8
bc256601
bc251362
bc24c0ed
bc246ea1
bc241c7f
bc23ca85
bc2378b4
bc23270c
bc22d58d
bc228437
bc223309
bc21e204
bc219127
bc214072
bc20efe6
bc209f82
bc204f47
bc1fff33
bc1faf48
bc1f5f84
bc1f0fe8
bc1ec074
bc1e7128
bc1e2203
bc1dd305
bc1d8430
bc1d3581
bc1ce6fa
bc1c989a
bc1c4a62
bc1bfc50
bc1bae65
bc1b60a1
bc1b1305
bc1ac58e
bc1a783f
bc1a2b16
bc19de14
bc199138
bc194483
bc18f7f3
bc18ab8b
bc185f48
bc18132b
bc17c735
bc177b64
bc172fb9
bc16e434
bc1698d5
bc164d9b
bc160287
bc15b799
bc156cd0
bc15222c
bc14d7ae
bc148d54
bc144320
bc13f911
bc13af27
bc136562
bc131bc2
bc12d246
bc1288ef
bc123fbd
bc11f6b0
bc11adc7
bc116502
bc111c62
bc10d3e6
bc108b8e
bc10435a
bc0ffb4a
bc0fb35f
bc0f6b97
bc0f23f3
bc0edc73
bc0e9517
bc0e4dde
bc0e06c9
bc0dbfd7
bc0d7909
bc0d325e
bc0cebd6
bc0ca572
bc0c5f31
bc0c1913
bc0bd318
bc0b8d40
bc0b478b
bc0b01f8
bc0abc89
bc0a773c
bc0a3211
bc09ed0a
bc09a824
bc096361
bc091ec1
bc08da43
bc0895e7
bc0851ad
bc080d95
bc07c99f
bc0785cb
bc074219
bc06fe89
bc06bb1b
bc0677ce
bc0634a3
bc05f199
bc05aeb1
bc056beb
bc052945
bc04e6c1
bc04a45f
bc04621d
bc041ffc
bc03ddfd
bc039c1e
bc035a61
bc0318c4
bc02d748
bc0295ed
bc0254b2
bc021398
bc01d29e
bc0191c5
bc01510d
bc011074
bc00cffc
bc008fa4
bc004f6c
bc000f55
bbff9eba
bbff1f0b
bbfe9f9b
bbfe206b
bbfda17b
bbfd22ca
bbfca458
bbfc2625
bbfba832
bbfb2a7d
bbfaad07
bbfa2fd0
bbf9b2d7
bbf9361d
bbf8b9a1
bbf83d63
bbf7c164
bbf745a2
bbf6ca1e
bbf64ed8
bbf5d3cf
bbf55904
bbf4de76
bbf46425
bbf3ea12
bbf3703b
bbf2f6a2
bbf27d45
bbf20424
bbf18b41
bbf11299
bbf09a2e
bbf021ff
bbefaa0c
bbef3255
bbeebad9
bbee439a
bbedcc96
bbed55cd
bbecdf40
bbec68ee
bbebf2d7
bbeb7cfb
bbeb075a
bbea91f4
bbea1cc8
bbe9a7d7
bbe93320
bbe8bea4
bbe84a61
bbe7d659
bbe7628b
bbe6eef7
bbe67b9c
bbe6087b
bbe59594
bbe522e5
bbe4b071
bbe43e35
bbe3cc32
bbe35a69
bbe2e8d8
bbe27780
bbe20660
bbe19579
bbe124cb
bbe0b455
bbe04417
bbdfd411
bbdf6442
bbdef4ac
bbde854e
bbde1627
bbdda738
bbdd3880
bbdcc9ff
bbdc5bb6
bbdbeda3
bbdb7fc8
bbdb1223
bbdaa4b6
bbda377f
bbd9ca7e
bbd95db4
bbd8f120
bbd884c3
bbd8189c
bbd7acaa
bbd740ef
bbd6d569
bbd66a1a
bbd5feff
bbd5941a
bbd5296b
bbd4bef1
bbd454ac
bbd3ea9c
bbd380c1
bbd3171c
bbd2adaa
bbd2446e
bbd1db66
bbd17292
bbd109f3
bbd0a188
bbd03952
bbcfd14f
bbcf6980
bbcf01e6
bbce9a7e
bbce334b
bbcdcc4b
bbcd657f
bbccfee6
bbcc9880
bbcc324d
bbcbcc4d
bbcb6681
bbcb00e7
bbca9b80
bbca364b
bbc9d149
bbc96c7a
bbc907dd
bbc8a372
bbc83f39
bbc7db33
bbc7775e
bbc713bb
bbc6b04a
bbc64d0b
bbc5e9fd
bbc58721
bbc52476
bbc4c1fd
bbc45fb4
bbc3fd9d
bbc39bb7
bbc33a01
bbc2d87d
bbc27729
bbc21605
bbc1b513
bbc15450
bbc0f3be
bbc0935c
bbc0332b
bbbfd329
bbbf7358
bbbf13b6
bbbeb444
bbbe5502
bbbdf5ef
bbbd970c
bbbd3858
bbbcd9d3
bbbc7b7e
bbbc1d58
bbbbbf61
bbbb6198
bbbb03ff
bbbaa694
bbba4958
bbb9ec4b
bbb98f6c
bbb932bb
bbb8d639
bbb879e5
bbb81dbf
bbb7c1c7
bbb765fe
bbb70a61
bbb6aef3
bbb653b2
bbb5f89f
bbb59dba
bbb54302
bbb4e877
bbb48e19
bbb433e9
bbb3d9e5
bbb3800f
bbb32665
bbb2cce8
bbb27398
bbb21a75
bbb1c17e
bbb168b3
bbb11015
bbb0b7a3
bbb05f5d
bbb00744
bbafaf56
bbaf5794
bbaefffe
bbaea894
bbae5156
bbadfa43
bbada35b
bbad4ca0
bbacf60f
bbac9fa9
bbac496f
bbabf360
bbab9d7c
bbab47c2
bbaaf234
bbaa9cd0
bbaa4797
bba9f289
bba99da5
bba948eb
bba8f45c
bba89ff7
bba84bbc
bba7f7ab
bba7a3c4
bba75007
bba6fc74
bba6a90b
bba655cb
bba602b5
bba5afc8
bba55d05
bba50a6b
bba4b7fa
bba465b3
bba41395
bba3c19f
bba36fd3
bba31e30
bba2ccb5
bba27b63
bba22a39
bba1d939
bba18860
bba137b0
bba0e728
bba096c9
bba04692
bb9ff682
bb9fa69b
bb9f56dc
bb9f0744
bb9eb7d4
bb9e688c
bb9e196c
bb9dca73
bb9d7ba1
bb9d2cf7
bb9cde74
bb9c9019
bb9c41e4
bb9bf3d7
bb9ba5f0
bb9b5831
bb9b0a98
bb9abd26
bb9a6fdb
bb9a22b6
bb99d5b8
bb9988e1
bb993c2f
bb98efa4
bb98a340
bb985701
bb980ae9
bb97bef6
bb97732a
bb972783
bb96dc02
bb9690a7
bb964572
bb95fa62
bb95af77
bb9564b2
bb951a12
bb94cf98
bb948543
bb943b13
bb93f108
bb93a722
bb935d61
bb9313c4
bb92ca4d
bb9280fa
bb9237cc
bb91eec2
bb91a5dd
bb915d1c
bb911480
bb90cc08
bb9083b4
bb903b84
bb8ff378
bb8fab90
bb8f63cd
bb8f1c2d
bb8ed4b0
bb8e8d58
bb8e4623
bb8dff12
bb8db824
bb8d715a
bb8d2ab3
bb8ce42f
bb8c9dce
bb8c5791
bb8c1177
bb8bcb80
bb8b85ab
bb8b3ffa
bb8afa6b
bb8ab4ff
bb8a6fb6
bb8a2a90
bb89e58c
bb89a0aa
bb895beb
bb89174e
bb88d2d4
bb888e7b
bb884a45
bb880631
bb87c23f
bb877e6f
bb873ac0
bb86f734
bb86b3c9
bb867080
bb862d59
bb85ea53
bb85a76e
bb8564ab
bb85220a
bb84df89
bb849d2a
bb845aec
bb8418cf
bb83d6d3
bb8394f8
bb83533e
bb8311a5
bb82d02d
bb828ed5
bb824d9e
bb820c87
bb81cb91
bb818abc
bb814a06
bb810972
bb80c8fd
bb8088a9
bb804874
bb800860
bb7f90d8
bb7f112f
bb7e91c7
bb7e129e
bb7d93b4
bb7d150a
bb7c969f
bb7c1873
bb7b9a86
bb7b1cd9
bb7a9f6a
bb7a2239
bb79a547
bb792894
bb78ac1f
bb782fe8
bb77b3ef
bb773834
bb76bcb6
bb764177
bb75c675
bb754bb0
bb74d129
bb7456df
bb73dcd2
bb736302
bb72e96f
bb727019
bb71f6ff
bb717e22
bb710581
bb708d1c
bb7014f4
bb6f9d07
bb6f2557
bb6eade2
bb6e36a9
bb6dbfab
bb6d48e9
bb6cd262
bb6c5c17
bb6be606
bb6b7031
bb6afa96
bb6a8536
bb6a1011
bb699b26
bb692676
bb68b1ff
bb683dc4
bb67c9c2
bb6755fa
bb66e26c
bb666f17
bb65fbfc
bb65891b
bb651673
bb64a405
bb6431cf
bb63bfd3
bb634e0f
bb62dc85
bb626b33
bb61fa1a
bb618939
bb611890
bb60a820
bb6037e8
bb5fc7e8
bb5f5820
bb5ee890
bb5e7938
bb5e0a17
bb5d9b2d
bb5d2c7c
bb5cbe01
bb5c4fbe
bb5be1b1
bb5b73dc
bb5b063d
bb5a98d6
bb5a2ba4
bb59beaa
bb5951e6
bb58e558
bb587900
bb580cdf
bb57a0f3
bb57353e
bb56c9be
bb565e74
bb55f360
bb558881
bb551dd7
bb54b363
bb544924
bb53df1a
bb537545
bb530ba4
bb52a239
bb523902
bb51d000
bb516732
bb50fe99
bb509633
bb502e02
bb4fc605
bb4f5e3c
bb4ef6a7
bb4e8f46
bb4e2818
bb4dc11e
bb4d5a57
bb4cf3c3
bb4c8d63
bb4c2736
bb4bc13c
bb4b5b74
bb4af5e0
bb4a907f
bb4a2b50
bb49c653
bb496189
bb48fcf2
bb48988c
bb483459
bb47d058
bb476c89
bb4708eb
bb46a580
bb464246
bb45df3d
bb457c67
bb4519c1
bb44b74d
bb44550a
bb43f2f8
bb439117
bb432f67
bb42cde7
bb426c99
bb420b7b
bb41aa8d
bb4149d0
bb40e943
bb4088e7
bb4028ba
bb3fc8be
bb3f68f2
bb3f0955
bb3ea9e8
bb3e4aab
bb3deb9d
bb3d8cbf
bb3d2e11
bb3ccf91
bb3c7141
bb3c1320
bb3bb52e
bb3b576b
bb3af9d7
bb3a9c71
bb3a3f3a
bb39e232
bb398558
bb3928ac
bb38cc2f
bb386fe0
bb3813bf
bb37b7cc
bb375c07
bb370070
bb36a507
bb3649cb
bb35eebd
bb3593dc
bb353929
bb34dea3
bb34844b
bb342a1f
bb33d020
bb33764f
bb331caa
bb32c332
bb3269e7
bb3210c8
bb31b7d6
bb315f10
bb310677
bb30ae0a
bb3055c9
bb2ffdb4
bb2fa5cb
bb2f4e0e
bb2ef67d
bb2e9f18
bb2e47de
bb2df0d0
bb2d99ed
bb2d4336
bb2cecaa
bb2c9649
bb2c4014
bb2bea09
bb2b9429
bb2b3e75
bb2ae8eb
bb2a938c
bb2a3e57
bb29e94d
bb29946e
bb293fb9
bb28eb2e
bb2896ce
bb284297
bb27ee8b
bb279aa9
bb2746f1
bb26f362
bb269ffd
bb264cc2
bb25f9b0
bb25a6c8
bb25540a
bb250174
bb24af08
bb245cc5
bb240aab
bb23b8ba
bb2366f2
bb231553
bb22c3dd
bb227290
bb22216b
bb21d06e
bb217f9a
bb212eee
bb20de6b
bb208e10
bb203ddd
bb1fedd2
bb1f9def
bb1f4e34
bb1efea1
bb1eaf36
bb1e5ff2
bb1e10d6
bb1dc1e1
bb1d7314
bb1d246e
bb1cd5ef
bb1c8798
bb1c3968
bb1beb5e
bb1b9d7c
bb1b4fc1
bb1b022c
bb1ab4bf
bb1a6778
bb1a1a57
bb19cd5d
bb19808a
bb1933dd
bb18e756
bb189af5
bb184ebb
bb1802a7
bb17b6b8
bb176af0
bb171f4d
bb16d3d1
bb168879
bb163d48
bb15f23c
bb15a756
bb155c95
bb1511f9
bb14c783
bb147d32
bb143306
bb13e8ff
bb139f1d
bb13555f
bb130bc7
bb12c254
bb127905
bb122fdb
bb11e6d5
bb119df4
bb115537
bb110c9e
bb10c42a
bb107bda
bb1033ae
bb0feba7
bb0fa3c3
bb0f5c03
bb0f1467
bb0eccee
bb0e859a
bb0e3e69
bb0df75b
bb0db071
bb0d69ab
bb0d2308
bb0cdc88
bb0c962b
bb0c4ff2
bb0c09db
bb0bc3e8
bb0b7e17
bb0b386a
bb0af2df
bb0aad77
bb0a6831
bb0a230f
bb09de0e
bb099930
bb095475
bb090fdc
bb08cb65
bb088711
bb0842de
bb07fece
bb07badf
bb077713
bb073368
bb06efdf
bb06ac78
bb066933
bb06260f
bb05e30d
bb05a02c
bb055d6d
bb051acf
bb04d852
bb0495f6
bb0453bc
bb0411a2
bb03cfaa
bb038dd3
bb034c1c
bb030a87
bb02c912
bb0287be
bb02468a
bb020577
bb01c484
bb0183b2
bb014301
bb01026f
bb00c1fe
bb0081ad
bb00417d
bb00016c
baff82f6
baff0355
bafe83f3
bafe04d1
bafd85ee
bafd074b
bafc88e7
bafc0ac2
bafb8cdc
bafb0f35
bafa91cd
bafa14a3
baf997b8
baf91b0b
baf89e9d
baf8226d
baf7a67a
baf72ac6
baf6af50
baf63417
baf5b91c
baf53e5e
baf4c3dd
baf4499a
baf3cf93
baf355ca
baf2dc3e
baf262ee
baf1e9db
baf17104
baf0f86a
baf0800c
baf007ea
baef9004
baef1859
baeea0eb
baee29b9
baedb2c1
baed3c06
baecc585
baec4f40
baebd936
baeb6367
baeaedd3
baea7879
baea035a
bae98e76
bae919cc
bae8a55c
bae83126
bae7bd2b
bae74969
bae6d5e1
bae66293
bae5ef7f
bae57ca4
bae50a02
bae4979a
bae4256a
bae3b374
bae341b7
bae2d032
bae25ee7
bae1edd3
bae17cf9
bae10c56
bae09bec
bae02bba
badfbbc1
badf4bff
badedc75
bade6d22
baddfe07
badd8f24
badd2078
badcb204
badc43c6
badbd5c0
badb67f0
badafa58
bada8cf6
bada1fcb
bad9b2d6
bad94618
bad8d990
bad86d3e
bad80123
bad7953d
bad7298d
bad6be14
bad652cf
bad5e7c1
bad57ce8
bad51244
bad4a7d5
bad43d9c
bad3d398
bad369c8
bad3002e
bad296c8
bad22d97
bad1c49a
bad15bd2
bad0f33f
bad08adf
bad022b4
bacfbabc
bacf52f9
baceeb69
bace840d
bace1ce5
bacdb5f1
bacd4f2f
bacce8a1
bacc8247
bacc1c1f
bacbb62a
bacb5069
bacaeada
baca857e
baca2054
bac9bb5e
bac95699
bac8f207
bac88da7
bac82979
bac7c57e
bac761b4
bac6fe1c
bac69ab6
bac63781
bac5d47e
bac571ad
bac50f0c
bac4ac9d
bac44a60
bac3e853
bac38677
bac324cd
bac2c352
bac26209
bac200f0
bac1a008
bac13f50
bac0dec9
bac07e72
bac01e4a
babfbe53
babf5e8c
babefef5
babe9f8d
babe4055
babde14d
babd8274
babd23ca
babcc550
babc6705
babc08e9
babbaafc
babb4d3e
babaefaf
baba924e
baba351c
bab9d819
bab97b44
bab91e9e
bab8c226
bab865dc
bab809c0
bab7add2
bab75212
bab6f680
bab69b1b
bab63fe5
bab5e4db
bab58a00
bab52f51
bab4d4d0
bab47a7c
bab42056
bab3c65c
bab36c8f
bab312f0
bab2b97c
bab26036
bab2071c
bab1ae2f
bab1556e
bab0fcd9
bab0a471
bab04c35
baaff425
baaf9c41
baaf4489
baaeecfc
baae959c
baae3e67
baade75d
baad907f
baad39cd
baace345
baac8ce9
baac36b8
baabe0b3
baab8ad8
baab3528
baaadfa2
baaa8a48
baaa3518
baa9e013
baa98b38
baa93688
baa8e202
baa88da6
baa83974
baa7e56c
baa7918e
baa73ddb
baa6ea51
baa696f0
baa643ba
baa5f0ac
baa59dc9
baa54b0f
baa4f87e
baa4a616
baa453d8
baa401c2
baa3afd6
baa35e12
baa30c78
baa2bb06
baa269bd
baa2189c
baa1c7a4
baa176d4
baa1262d
baa0d5ae
baa08558
baa03529
ba9fe522
ba9f9544
ba9f458d
ba9ef5fe
ba9ea697
ba9e5758
ba9e0840
ba9db94f
ba9d6a86
ba9d1be5
ba9ccd6a
ba9c7f17
ba9c30eb
ba9be2e6
ba9b9508
ba9b4751
ba9af9c1
ba9aac57
ba9a5f15
ba9a11f8
ba99c503
ba997833
ba992b8a
ba98df08
ba9892ab
ba984675
ba97fa65
ba97ae7b
ba9762b6
ba971718
ba96cb9f
ba96804c
ba96351f
ba95ea17
ba959f35
ba955478
ba9509e0
ba94bf6e
ba947521
ba942af9
ba93e0f6
ba939718
ba934d5f
ba9303ca
ba92ba5b
ba927110
ba9227ea
ba91dee8
ba91960b
ba914d52
ba9104be
ba90bc4d
ba907401
ba902bd9
ba8fe3d5
ba8f9bf5
ba8f5439
ba8f0ca1
ba8ec52d
ba8e7ddc
ba8e36af
ba8defa5
ba8da8bf
ba8d61fd
ba8d1b5d
ba8cd4e1
ba8c8e88
ba8c4853
ba8c0240
ba8bbc50
ba8b7684
ba8b30da
ba8aeb53
ba8aa5ee
ba8a60ad
ba8a1b8e
ba89d691
ba8991b7
ba894cff
ba89086a
ba88c3f7
ba887fa6
ba883b77
ba87f76b
ba87b380
ba876fb7
ba872c10
ba86e88b
ba86a528
ba8661e6
ba861ec6
ba85dbc7
ba8598ea
ba85562e
ba851394
ba84d11b
ba848ec3
ba844c8c
ba840a76
ba83c881
ba8386ad
ba8344fb
ba830368
ba82c1f7
ba8280a6
ba823f76
ba81fe67
ba81bd78
ba817caa
ba813bfb
ba80fb6e
ba80bb00
ba807ab3
ba803a85
ba7ff4f0
ba7f7515
ba7ef57b
ba7e7620
ba7df705
ba7d7829
ba7cf98c
ba7c7b2f
ba7bfd11
ba7b7f32
ba7b0192
ba7a8431
ba7a070e
ba798a29
ba790d84
ba78911c
ba7814f2
ba779907
ba771d59
ba76a1ea
ba7626b7
ba75abc3
ba75310c
ba74b692
ba743c55
ba73c255
ba734893
ba72cf0d
ba7255c3
ba71dcb7
ba7163e7
ba70eb53
ba7072fb
ba6ffae0
ba6f8300
ba6f0b5d
ba6e93f5
ba6e1cc9
ba6da5d8
ba6d2f23
ba6cb8a9
ba6c426a
ba6bcc67
ba6b569e
ba6ae110
ba6a6bbd
ba69f6a4
ba6981c6
ba690d22
ba6898b9
ba68248a
ba67b094
ba673cd9
ba66c957
ba665610
ba65e301
ba65702d
ba64fd91
ba648b2f
ba641906
ba63a716
ba63355f
ba62c3e0
ba62529b
ba61e18e
ba6170b9
ba61001d
ba608fb9
ba601f8d
ba5faf9a
ba5f3fde
ba5ed05a
ba5e610d
ba5df1f9
ba5d831b
ba5d1475
ba5ca607
ba5c37cf
ba5bc9cf
ba5b5c06
ba5aee73
ba5a8117
ba5a13f2
ba59a703
ba593a4b
ba58cdc9
ba58617d
ba57f567
ba578987
ba571dde
ba56b26a
ba56472b
ba55dc22
ba55714f
ba5506b1
ba549c48
ba543215
ba53c816
ba535e4d
ba52f4b8
ba528b58
ba52222c
ba51b936
ba515073
ba50e7e5
ba507f8b
ba501766
ba4faf74
ba4f47b6
ba4ee02c
ba4e78d6
ba4e11b3
ba4daac4
ba4d4408
ba4cdd80
ba4c772b
ba4c1109
ba4bab1a
ba4b455e
ba4adfd4
ba4a7a7e
ba4a155a
ba49b068
ba494ba9
ba48e71d
ba4882c2
ba481e9a
ba47baa4
ba4756df
ba46f34d
ba468fec
ba462cbd
ba45c9bf
ba4566f3
ba450458
ba44a1ef
ba443fb6
ba43ddaf
ba437bd9
ba431a33
ba42b8be
ba42577a
ba41f667
ba419584
ba4134d1
ba40d44f
ba4073fd
ba4013db
ba3fb3e9
ba3f5427
ba3ef495
ba3e9532
ba3e3600
ba3dd6fc
ba3d7829
ba3d1984
ba3cbb0f
ba3c5cc9
ba3bfeb2
ba3ba0ca
ba3b4311
ba3ae587
ba3a882c
ba3a2aff
ba39ce01
ba397131
ba391490
ba38b81c
ba385bd7
ba37ffc1
ba37a3d8
ba37481d
ba36ec90
ba369130
ba3635fe
ba35dafa
ba358023
ba35257a
ba34cafe
ba3470af
ba34168d
ba33bc98
ba3362d1
ba330936
ba32afc7
ba325686
ba31fd71
ba31a488
ba314bcc
ba30f33c
ba309ad9
ba3042a2
ba2fea96
ba2f92b7
ba2f3b03
ba2ee37c
ba2e8c20
ba2e34f0
ba2dddeb
ba2d8712
ba2d3064
ba2cd9e1
ba2c838a
ba2c2d5e
ba2bd75d
ba2b8186
ba2b2bdb
ba2ad65b
ba2a8105
ba2a2bd9
ba29d6d9
ba298203
ba292d57
ba28d8d5
ba28847e
ba283051
ba27dc4e
ba278874
ba2734c5
ba26e140
ba268de4
ba263ab2
ba25e7a9
ba2594ca
ba254214
ba24ef88
ba249d25
ba244aeb
ba23f8da
ba23a6f2
ba235533
ba23039d
ba22b22f
ba2260ea
ba220fce
ba21bedb
ba216e0f
ba211d6c
ba20ccf2
ba207c9f
ba202c75
ba1fdc73
ba1f8c99
ba1f3ce6
ba1eed5c
ba1e9df9
ba1e4ebe
ba1dffaa
ba1db0be
ba1d61f9
ba1d135c
ba1cc4e6
ba1c7697
ba1c286f
ba1bda6f
ba1b8c95
ba1b3ee2
ba1af156
ba1aa3f1
ba1a56b2
ba1a099a
ba19bca9
ba196fdd
ba192339
ba18d6ba
ba188a62
ba183e30
ba17f224
ba17a63e
ba175a7d
ba170ee3
ba16c36e
ba167820
ba162cf6
ba15e1f3
ba159714
ba154c5c
ba1501c8
ba14b75a
ba146d11
ba1422ed
ba13d8ee
ba138f14
ba13455f
ba12fbce
ba12b263
ba12691c
ba121ffa
ba11d6fc
ba118e23
ba11456e
ba10fcdd
ba106c29
ba0fdc05
ba0f4c70
ba0ebd6c
ba0e2ef5
ba0da10d
ba0d13b3
ba0c86e6
ba0bfaa5
ba0b6ef0
ba0ae3c7
ba0a5929
ba09cf15
ba09458a
ba08bc89
ba083411
ba07ac21
ba0724b9
ba069dd7
ba06177d
ba0591a8
ba050c59
ba04878f
ba04034a
ba037f89
ba02fc4b
ba027990
ba01f757
ba0175a1
ba00f46c
ba0073b8
b9ffe709
b9fee7a2
b9fde939
b9fcebcf
b9fbef61
b9faf3f0
b9f9f979
b9f8fffc
b9f80779
b9f70fed
b9f61959
b9f523ba
b9f42f11
b9f33b5c
b9f2489a
b9f156ca
b9f065ec
b9ef75fe
b9ee8700
b9ed98f0
b9ecabcd
b9ebbf98
b9ead44e
b9e9e9ef
b9e9007a
b9e817ee
b9e7304a
b9e6498d
b9e563b6
b9e47ec5
b9e39ab8
b9e2b78f
b9e1d549
b9e0f3e4
b9e01361
b9df33bd
b9de54f9
b9dd7713
b9dc9a0b
b9dbbddf
b9dae28f
b9da0819
b9d92e7e
b9d855bc
b9d77dd2
b9d6a6c0
b9d5d085
b9d4fb1f
b9d4268e
b9d352d2
b9d27fe8
b9d1add1
b9d0dc8c
b9d00c18
b9cf3c74
b9ce6d9f
b9cd9f98
b9ccd25f
b9cc05f3
b9cb3a53
b9ca6f7e
b9c9a574
b9c8dc33
b9c813bb
b9c74c0c
b9c68523
b9c5bf01
b9c4f9a5
b9c4350d
b9c3713a
b9c2ae2b
b9c1ebde
b9c12a53
b9c06989
b9bfa97f
b9beea36
b9be2bab
b9bd6dde
b9bcb0cf
b9bbf47c
b9bb38e6
b9ba7e0a
b9b9c3e9
b9b90a82
b9b851d4
b9b799de
b9b6e2a0
b9b62c19
b9b57648
b9b4c12c
b9b40cc5
b9b35912
b9b2a613
b9b1f3c6
b9b1422b
b9b09141
b9afe108
b9af317f
b9ae82a5
b9add479
b9ad26fc
b9ac7a2b
b9abce07
b9ab228f
b9aa77c2
b9a9cd9f
b9a92426
b9a87b57
b9a7d32f
b9a72bb0
b9a684d8
b9a5dea6
b9a5391a
b9a49434
b9a3eff2
b9a34c54
b9a2a959
b9a20701
b9a1654b
b9a0c436
b9a023c2
b99f83ee
b99ee4ba
b99e4625
b99da82d
b99d0ad4
b99c6e18
b99bd1f8
b99b3673
b99a9b8b
b99a013c
b9996788
b998ce6d
b99835eb
b9979e01
b99706af
b9966ff3
b995d9cf
b9954440
b994af46
b9941ae1
b9938710
b992f3d2
b9926128
b991cf10
b9913d8a
b990ac95
b9901c30
b98f8c5c
b98efd17
b98e6e62
b98de03b
b98d52a1
b98cc595
b98c3916
b98bad23
b98b21bb
b98a96df
b98a0c8d
b98982c6
b988f988
b98870d3
b987e8a6
b9876101
b986d9e4
b986534d
b985cd3d
b98547b2
b984c2ad
b9843e2d
b983ba31
b98336b8
b982b3c3
b9823151
b981af60
b9812df2
b980ad04
b9802c98
b97f5956
b97e5a7c
b97d5ca1
b97c5fc3
b97b63e1
b97a68fa
b9796f0f
b978761c
b9777e22
b976871f
b9759113
b9749bfd
b973a7db
b972b4ad
b971c271
b970d128
b96fe0cf
b96ef166
b96e02ec
b96d1560
b96c28c1
b96b3d0e
b96a5246
b9696869
b9687f75
b967976a
b966b046
b965ca09
b964e4b2
b964003f
b9631cb1
b9623a06
b961583d
b9607755
b95f974e
b95eb826
b95dd9dd
b95cfc72
b95c1fe4
b95b4432
b95a695b
b9598f5f
b958b63c
b957ddf2
b9570680
b9562fe5
b9555a20
b9548530
b953b115
b952ddce
b9520b59
b95139b7
b95068e6
b94f98e5
b94ec9b4
b94dfb51
b94d2dbd
b94c60f5
b94b94fa
b94ac9cb
b949ff67
b94935cc
b9486cfb
b947a4f2
b946ddb1
b9461736
b9455182
b9448c93
b943c869
b9430502
b942425e
b941807d
b940bf5d
b93ffefe
b93f3f5f
b93e807f
b93dc25e
b93d04fa
b93c4853
b93b8c69
b93ad13a
b93a16c6
b9395d0d
b938a40c
b937ebc4
b9373434
b9367d5c
b935c739
b93511cd
b9345d15
b933a912
b932f5c3
b9324327
b931913d
b930e004
b9302f7c
b92f7fa5
b92ed07d
b92e2204
b92d7439
b92cc71b
b92c1aaa
b92b6ee5
b92ac3cc
b92a195e
b9296f99
b928c67e
b9281e0c
b9277642
b926cf1f
b92628a3
b92582ce
b924dd9e
b9243912
b923952b
b922f1e8
b9224f47
b921ad49
b9210bec
b9206b31
b91fcb16
b91f2b9a
b91e8cbe
b91dee81
b91d50e1
b91cb3df
b91c1779
b91b7bb0
b91ae082
b91a45ee
b919abf6
b9191296
b91879d0
b917e1a3
b9174a0d
b916b30e
b9161ca6
b91586d5
b914f199
b9145cf1
b913c8de
b913355f
b912a274
b912101a
b9117e53
b910ed1d
b9105c79
b90fcc64
b90f3ce0
b90eadea
b90e1f84
b90d91ab
b90d0460
b90c77a2
b90beb71
b90b5fcb
b90ad4b1
b90a4a22
b909c01d
b90936a1
b908adaf
b9082546
b9079d64
b907160b
b9068f38
b90608ec
b9058326
b904fde6
b904792a
b903f4f3
b9037140
b902ee10
b9026b64
b901e93a
b9016791
b900e66a
b90065c4
b8ffcb3d
b8fecbf2
b8fdcda5
b8fcd056
b8fbd404
b8fad8ae
b8f9de52
b8f8e4f1
b8f7ec88
b8f6f517
b8f5fe9d
b8f5091a
b8f4148b
b8f320f0
b8f22e49
b8f13c93
b8f04bcf
b8ef5bfb
b8ee6d17
b8ed7f21
b8ec9218
b8eba5fc
b8eabacc
b8e9d087
b8e8e72b
b8e7feb8
b8e7172d
b8e63089
b8e54acc
b8e465f3
b8e381ff
b8e29eef
b8e1bcc1
b8e0db75
b8dffb0a
b8df1b7f
b8de3cd3
b8dd5f05
b8dc8214
b8dba601
b8dacac8
b8d9f06b
b8d916e7
b8d83e3d
b8d7666a
b8d68f6f
b8d5b94b
b8d4e3fd
b8d40f83
b8d33bdd
b8d2690b
b8d1970b
b8d0c5dd
b8cff57f
b8cf25f1
b8ce5733
b8cd8943
b8ccbc20
b8cbefca
b8cb2440
b8ca5981
b8c98f8d
b8c8c662
b8c7fe00
b8c73666
b8c66f93
b8c5a986
b8c4e43f
b8c41fbe
b8c35c00
b8c29905
b8c1d6cd
b8c11557
b8c054a3
b8bf94ae
b8bed579
b8be1703
b8bd594b
b8bc9c50
b8bbe012
b8bb2490
b8ba69c8
b8b9afbc
b8b8f669
b8b83dcf
b8b785ed
b8b6cec3
b8b6184f
b8b56292
b8b4ad8a
b8b3f936
b8b34597
b8b292ab
b8b1e071
b8b12eea
b8b07e13
b8afcded
b8af1e77
b8ae6fb0
b8adc198
b8ad142d
b8ac676f
b8abbb5e
b8ab0ff8
b8aa653e
b8a9bb2e
b8a911c7
b8a8690a
b8a7c0f5
b8a71988
b8a672c2
b8a5cca2
b8a52728
b8a48253
b8a3de23
b8a33a97
b8a297ae
b8a1f567
b8a153c3
b8a0b2c0
b8a0125d
b89f729b
b89ed378
b89e34f3
b89d970e
b89cf9c5
b89c5d1a
b89bc10b
b89b2597
b89a8abf
b899f082
b89956de
b898bdd4
b8982562
b8978d89
b896f647
b8965f9c
b895c988
b8953409
b8949f1f
b8940aca
b893770a
b892e3dc
b8925142
b891bf39
b8912dc3
b8909cde
b8900c89
b88f7cc5
b88eed8f
b88e5ee9
b88dd0d1
b88d4347
b88cb64b
b88c29db
b88b9df7
b88b129f
b88a87d1
b889fd8f
b88973d6
b888eaa7
b8886201
b887d9e3
b887524d
b886cb3e
b88644b6
b885beb4
b8853938
b884b442
b8842fd0
b883abe2
b8832878
b882a591
b882232c
b881a14a
b8811fea
b8809f0a
b8801eab
b87f3d9a
b87e3edb
b87d411b
b87c4459
b87b4892
b87a4dc7
b87953f7
b8785b1f
b8776340
b8766c58
b8757667
b874816b
b8738d64
b8729a50
b871a82f
b870b6ff
b86fc6c1
b86ed772
b86de911
b86cfb9f
b86c0f1a
b86b2381
b86a38d3
b8694f0f
b8686634
b8677e42
b8669737
b865b113
b864cbd5
b863e77b
b8630406
b8622173
b8613fc2
b8605ef3
b85f7f04
b85e9ff5
b85dc1c4
b85ce471
b85c07fb
b85b2c61
b85a51a2
b85977bd
b8589eb2
b857c67f
b856ef25
b85618a1
b85542f3
b8546e1b
b8539a17
b852c6e6
b851f489
b85122fd
b8505242
b84f8258
b84eb33d
b84de4f1
b84d1773
b84c4ac2
b84b7edd
b84ab3c4
b849e976
b8491ff1
b8485736
b8478f42
b846c817
b84601b2
b8453c13
b844773a
b843b324
b842efd3
b8422d45
b8416b78
b840aa6d
b83fea23
b83f2a99
b83e6bce
b83dadc1
b83cf072
b83c33e0
b83b780a
b83abcef
b83a0290
b83948ea
b8388ffe
b837d7ca
b837204e
b8366989
b835b37b
b834fe22
b834497e
b833958f
b832e253
b8322fca
b8317df3
b830ccce
b8301c59
b82f6c95
b82ebd80
b82e0f19
b82d6161
b82cb456
b82c07f8
b82b5c46
b82ab140
b82a06e4
b8295d32
b828b429
b8280bc9
b8276411
b826bd01
b8261697
b82570d3
b824cbb5
b824273c
b8238366
b822e035
b8223da6
b8219bb9
b820fa6e
b82059c4
b81fb9ba
b81f1a50
b81e7b86
b81ddd59
b81d3fcb
b81ca2d9
b81c0685
b81b6acc
b81acfaf
b81a352d
b8199b44
b81901f6
b8186940
b817d123
b817399e
b816a2b0
b8160c58
b8157697
b814e16b
b8144cd4
b813b8d1
b8132562
b8129286
b812003d
b8116e85
b810dd60
b8104cca
b80fbcc6
b80f2d51
b80e9e6b
b80e1014
b80d824b
b80cf50f
b80c6860
b80bdc3e
b80b50a8
b80ac59d
b80a3b1c
b809b126
b80927ba
b8089ed7
b808167c
b8078ea9
b807075e
b806809a
b805fa5d
b80574a6
b804ef74
b8046ac6
b803e69e
b80362f9
b802dfd8
b8025d39
b801db1d
b8015983
b800d86a
b80057d2
b7ffaf74
b7feb044
b7fdb213
b7fcb4e0
b7fbb8a9
b7fabd6e
b7f9c32e
b7f8c9e8
b7f7d19a
b7f6da44
b7f5e3e5
b7f4ee7c
b7f3fa08
b7f30688
b7f213fa
b7f1225f
b7f031b5
b7ef41fc
b7ee5331
b7ed6555
b7ec7866
b7eb8c64
b7eaa14d
b7e9b721
b7e8cdde
b7e7e585
b7e6fe13
b7e61788
b7e531e4
b7e44d24
b7e36949
b7e28651
b7e1a43c
b7e0c309
b7dfe2b6
b7df0343
b7de24af
b7dd46f9
b7dc6a21
b7db8e25
b7dab304
b7d9d8be
b7d8ff52
b7d826c0
b7d74f05
b7d67821
b7d5a214
b7d4ccdd
b7d3f87a
b7d324ec
b7d25230
b7d18047
b7d0af2f
b7cfdee8
b7cf0f71
b7ce40c9
b7cd72ef
b7cca5e3
b7cbd9a3
b7cb0e2f
b7ca4387
b7c979a8
b7c8b093
b7c7e847
b7c720c2
b7c65a05
b7c5940e
b7c4cedd
b7c40a70
b7c346c7
b7c283e2
b7c1c1bf
b7c1005e
b7c03fbe
b7bf7fdf
b7bec0be
b7be025d
b7bd44b9
b7bc87d3
b7bbcbaa
b7bb103c
b7ba5589
b7b99b90
b7b8e251
b7b829cb
b7b771fe
b7b6bae7
b7b60488
b7b54ede
b7b499ea
b7b3e5aa
b7b3321e
b7b27f45
b7b1cd1f
b7b11bab
b7b06ae8
b7afbad5
b7af0b72
b7ae5cbe
b7adaeb8
b7ad0160
b7ac54b5
b7aba8b6
b7aafd64
b7aa52bb
b7a9a8be
b7a8ff6a
b7a856bf
b7a7aebc
b7a70761
b7a660ad
b7a5baa0
b7a51538
b7a47075
b7a3cc57
b7a328dc
b7a28605
b7a1e3d0
b7a1423d
b7a0a14b
b7a000fa
b79f6149
b79ec237
b79e23c4
b79d85ef
b79ce8b8
b79c4c1e
b79bb020
b79b14bd
b79a79f6
b799dfc9
b7994636
b798ad3d
b79814dc
b7977d13
b796e5e1
b7964f47
b795b943
b79523d4
b7948efb
b793fab6
b7936705
b792d3e8
b792415d
b791af65
b7911dfe
b7908d29
b78ffce4
b78f6d2f
b78ede09
b78e4f72
b78dc16a
b78d33ef
b78ca702
b78c1aa1
b78b8ecc
b78b0383
b78a78c5
b789ee92
b78964e8
b788dbc8
b7885330
b787cb21
b787439a
b786bc9a
b7863620
b785b02d
b7852ac0
b784a5d8
b7842174
b7839d95
b7831a39
b7829760
b782150a
b7819336
b78111e3
b7809112
b78010c1
b77f21e0
b77e233e
b77d2599
b77c28f2
b77b2d47
b77a3297
b77938e2
b7784025
b7774861
b7765194
b7755bbd
b77466dc
b77372ef
b7727ff6
b7718def
b7709cda
b76facb5
b76ebd80
b76dcf3a
b76ce1e1
b76bf576
b76b09f6
b76a1f62
b76935b7
b7684cf6
b767651d
b7667e2b
b7659820
b764b2fb
b763ceba
b762eb5d
b76208e3
b761274b
b7604694
b75f66bd
b75e87c6
b75da9ae
b75ccc73
b75bf014
b75b1492
b75a39eb
b759601e
b758872a
b757af0f
b756d7cc
b7560160
b7552bc9
b7545708
b753831b
b752b001
b751ddba
b7510c46
b7503ba2
b74f6bce
b74e9cca
b74dce94
b74d012c
b74c3492
b74b68c3
b74a9dc0
b749d387
b7490a18
b7484173
b7477995
b746b27f
b745ec30
b74526a7
b74461e2
b7439de3
b742daa6
b742182d
b7415676
b7409580
b73fd54b
b73f15d5
b73e571f
b73d9927
b73cdbec
b73c1f6e
b73b63ad
b73aa8a7
b739ee5b
b73934ca
b7387bf2
b737c3d2
b7370c6a
b73655b9
b7359fbe
b734ea79
b73435e9
b733820d
b732cee5
b7321c6f
b7316aab
b730b999
b7300938
b72f5987
b72eaa85
b72dfc31
b72d4e8c
b72ca194
b72bf549
b72b49a9
b72a9eb5
b729f46c
b7294acc
b728a1d6
b727f988
b72751e3
b726aae4
b726048d
b7255edb
b724b9cf
b7241567
b72371a4
b722ce84
b7222c06
b7218a2b
b720e8f2
b7204859
b71fa861
b71f0908
b71e6a4f
b71dcc33
b71d2eb6
b71c91d6
b71bf592
b71b59eb
b71abede
b71a246d
b7198a95
b718f157
b71858b2
b717c0a6
b7172931
b7169253
b715fc0c
b715665b
b714d13f
b7143cb8
b713a8c5
b7131566
b712829a
b711f061
b7115eb9
b710cda3
b7103d1e
b70fad29
b70f1dc3
b70e8eed
b70e00a5
b70d72ec
b70ce5bf
b70c5920
b70bcd0d
b70b4186
b70ab68a
b70a2c18
b709a231
b70918d4
b7089000
b70807b4
b7077ff0
b706f8b4
b70671fe
b705ebd0
b7056627
b704e103
b7045c64
b703d84a
b70354b4
b702d1a1
b7024f10
b701cd02
b7014b76
b700ca6b
b70049e1
b6ff93ae
b6fe949a
b6fd9685
b6fc996d
b6fb9d52
b6faa232
b6f9a80d
b6f8aee2
b6f7b6af
b6f6bf74
b6f5c930
b6f4d3e1
b6f3df88
b6f2ec22
b6f1f9af
b6f1082e
b6f0179e
b6ef27ff
b6ee394e
b6ed4b8c
b6ec5eb7
b6eb72ce
b6ea87d1
b6e99dbe
b6e8b495
b6e7cc55
b6e6e4fc
b6e5fe8a
b6e518ff
b6e43458
b6e35096
b6e26db7
b6e18bba
b6e0aa9f
b6dfca64
b6deeb0a
b6de0c8e
b6dd2ef0
b6dc5230
b6db764c
b6da9b43
b6d9c115
b6d8e7c0
b6d80f45
b6d737a2
b6d660d5
b6d58ae0
b6d4b5bf
b6d3e174
b6d30dfc
b6d23b58
b6d16985
b6d09884
b6cfc854
b6cef8f3
b6ce2a62
b6cd5c9e
b6cc8fa8
b6cbc37f
b6caf821
b6ca2d8e
b6c963c6
b6c89ac7
b6c7d290
b6c70b21
b6c64479
b6c57e98
b6c4b97c
b6c3f525
b6c33191
b6c26ec1
b6c1acb4
b6c0eb68
b6c02add
b6bf6b12
b6beac06
b6bdedb9
b6bd302a
b6bc7359
b6bbb744
b6bafbea
b6ba414b
b6b98767
b6b8ce3c
b6b815ca
b6b75e11
b6b6a70e
b6b5f0c2
b6b53b2c
b6b4864c
b6b3d220
b6b31ea7
b6b26be2
b6b1b9cf
b6b1086e
b6b057be
b6afa7be
b6aef86e
b6ae49cd
b6ad9bdb
b6acee95
b6ac41fd
b6ab9611
b6aaead1
b6aa403b
b6a99650
b6a8ed0e
b6a84476
b6a79c85
b6a6f53d
b6a64e9b
b6a5a89f
b6a50349
b6a45e98
b6a3ba8c
b6a31723
b6a2745d
b6a1d23a
b6a130b9
b6a08fd8
b69fef99
b69f4ff9
b69eb0f9
b69e1297
b69d74d3
b69cd7ad
b69c3b24
b69b9f37
b69b03e5
b69a692f
b699cf12
b6993590
b6989ca7
b6980457
b6976c9e
b696d57d
b6963ef3
b695a8ff
b69513a1
b6947ed8
b693eaa3
b6935702
b692c3f5
b692317a
b6919f92
b6910e3b
b6907d75
b68fed40
b68f5d9a
b68ece84
b68e3ffd
b68db204
b68d2499
b68c97bb
b68c0b69
b68b7fa4
b68af46a
b68a69bb
b689df96
b68955fb
b688ccea
b6884461
b687bc61
b68734e8
b686adf7
b686278c
b685a1a8
b6851c49
b684976f
b684131a
b6838f49
b6830bfb
b6828931
b68206e9
b6818523
b68103de
b680831b
b68002d8
b67f062a
b67e07a3
b67d0a1a
b67c0d8e
b67b11ff
b67a176a
b6791dcf
b678252e
b6772d85
b67636d3
b6754117
b6744c50
b673587e
b672659f
b67173b2
b67082b7
b66f92ad
b66ea392
b66db565
b66cc826
b66bdbd4
b66af06e
b66a05f3
b6691c62
b66833ba
b6674bfa
b6666522
b6657f30
b6649a23
b663b5fb
b662d2b7
b661f056
b6610ed6
b6602e38
b65f4e79
b65e6f9a
b65d919a
b65cb477
b65bd831
b65afcc6
b65a2237
b6594882
b6586fa6
b65797a2
b656c076
b655ea21
b65514a1
b6543ff7
b6536c21
b652991f
b651c6ef
b650f591
b6502503
b64f5546
b64e8659
b64db839
b64ceae8
b64c1e63
b64b52ab
b64a87be
b649bd9b
b648f442
b6482bb2
b64763ea
b6469cea
b645d6b0
b645113d
b6444c8e
b64388a3
b642c57c
b6420318
b6414176
b6408095
b63fc074
b63f0114
b63e4272
b63d848e
b63cc769
b63c0aff
b63b4f52
b63a9461
b639da29
b63920ac
b63867e8
b637afdc
b636f888
b63641eb
b6358c04
b634d6d2
b6342256
b6336e8d
b632bb78
b6320916
b6315766
b630a667
b62ff619
b62f467b
b62e978c
b62de94b
b62d3bb9
b62c8ed4
b62be29b
b62b370e
b62a8c2d
b629e1f6
b6293869
b6288f85
b627e749
b6273fb6
b62698ca
b625f284
b6254ce5
b624a7ea
b6240394
b6235fe3
b622bcd4
b6221a69
b621789f
b620d777
b62036f0
b61f9709
b61ef7c2
b61e591a
b61dbb10
b61d1da3
b61c80d4
b61be4a1
b61b490b
b61aae0f
b61a13ae
b61979e8
b618e0ba
b6184826
b617b02a
b61718c5
b61681f8
b615ebc1
b6155620
b614c115
b6142c9e
b61398bb
b613056c
b61272b0
b611e087
b6114eef
b610bde9
b6102d73
b60f9d8e
b60f0e38
b60e7f71
b60df139
b60d638e
b60cd671
b60c49e1
b60bbdde
b60b3265
b60aa779
b60a1d16
b609933e
b60909f0
b608812a
b607f8ed
b6077138
b606ea0b
b6066364
b605dd44
b60557a9
b604d294
b6044e04
b603c9f8
b6034670
b602c36b
b60240e9
b601bee9
b6013d6b
b600bc6e
b6003bf2
b5ff77ec
b5fe78f3
b5fd7af9
b5fc7dfd
b5fb81fd
b5fa86f9
b5f98cef
b5f893de
b5f79bc7
b5f6a4a7
b5f5ae7d
b5f4b949
b5f3c50a
b5f2d1bf
b5f1df66
b5f0ee00
b5effd8a
b5ef0e04
b5ee1f6e
b5ed31c5
b5ec450a
b5eb593b
b5ea6e57
b5e9845e
b5e89b4e
b5e7b327
b5e6cbe8
b5e5e58f
b5e5001c
b5e41b8e
b5e337e5
b5e2551e
b5e1733a
b5e09237
b5dfb215
b5ded2d3
b5ddf46f
b5dd16ea
b5dc3a41
b5db5e75
b5da8384
b5d9a96e
b5d8d031
b5d7f7cd
b5d72041
b5d6498c
b5d573ae
b5d49ea5
b5d3ca70
b5d2f710
b5d22482
b5d152c6
b5d081dc
b5cfb1c2
b5cee278
b5ce13fd
b5cd4650
b5cc7970
b5cbad5d
b5cae215
b5ca1798
b5c94de6
b5c884fc
b5c7bcdb
b5c6f582
b5c62ef0
b5c56924
b5c4a41e
b5c3dfdc
b5c31c5e
b5c259a3
b5c197aa
b5c0d673
b5c015fd
b5bf5647
b5be9750
b5bdd918
b5bd1b9e
b5bc5ee1
b5bba2e0
b5bae79b
b5ba2d10
b5b97340
b5b8ba2a
b5b801cc
b5b74a26
b5b69337
b5b5dcff
b5b5277d
b5b472b0
b5b3be97
b5b30b32
b5b25881
b5b1a681
b5b0f533
b5b04497
b5af94aa
b5aee56d
b5ae36df
b5ad88ff
b5acdbcd
b5ac2f47
b5ab836e
b5aad840
b5aa2dbd
b5a983e4
b5a8dab5
b5a8322f
b5a78a51
b5a6e31a
b5a63c8a
b5a596a1
b5a4f15d
b5a44cbe
b5a3a8c3
b5a3056c
b5a262b8
b5a1c0a6
b5a11f36
b5a07e68
b59fde39
b59f3eab
b59e9fbc
b59e016b
b59d63b9
b59cc6a4
b59c2a2b
b59b8e4f
b59af30f
b59a5869
b599be5e
b59924ec
b5988c13
b597f3d4
b5975c2c
b596c51b
b5962ea1
b59598be
b5950370
b5946eb7
b593da92
b5934701
b592b404
b5922199
b5918fc0
b590fe79
b5906dc3
b58fdd9e
b58f4e08
b58ebf01
b58e308a
b58da2a0
b58d1544
b58c8875
b58bfc33
b58b707d
b58ae552
b58a5ab2
b589d09c
b5894711
b588be0e
b5883594
b587ada3
b5872639
b5869f56
b58618fa
b5859324
b5850dd4
b5848908
b58404c1
b58380fe
b582fdbf
b5827b03
b581f8c9
b5817711
b580f5db
b5807525
b57fe9e0
b57eea76
b57dec0b
b57cee9e
b57bf22d
b57af6b9
b579fc40
b57902c0
b5780a3a
b57712ac
b5761c14
b5752673
b57431c7
b5733e0f
b5724b4b
b5715978
b5706897
b56f78a7
b56e89a6
b56d9b93
b56cae6e
b56bc236
b56ad6ea
b569ec88
b5690310
b5681a81
b56732db
b5664c1b
b5656642
b564814f
b5639d3f
b562ba14
b561d7cb
b560f664
b56015de
b55f3638
b55e5771
b55d7989
b55c9c7e
b55bc04f
b55ae4fd
b55a0a85
b55930e8
b5585823
b5578037
b556a922
b555d2e4
b554fd7c
b55428e9
b553552a
b552823f
b551b025
b550dede
b5500e67
b54f3ec1
b54e6fea
b54da1e1
b54cd4a6
b54c0837
b54b3c95
b54a71be
b549a7b1
b548de6e
b54815f4
b5474e42
b5468757
b545c133
b544fbd5
b544373b
b5437366
b542b054
b541ee05
b5412c78
b5406bac
b53faba0
b53eec54
b53e2dc7
b53d6ff9
b53cb2e7
b53bf693
b53b3afa
b53a801c
b539c5f9
b5390c90
b53853e0
b5379be8
b536e4a8
b5362e1f
b535784b
b534c32e
b5340ec5
b5335b10
b532a80e
b531f5c0
b5314423
b5309337
b52fe2fc
b52f3371
b52e8495
b52dd668
b52d28e8
b52c7c16
b52bcff0
b52b2475
b52a79a6
b529cf82
b5292607
b5287d36
b527d50d
b5272d8b
b52686b1
b525e07e
b5253af0
b5249608
b523f1c4
b5234e24
b522ab27
b52208cd
b5216715
b520c5ff
b5202589
b51f85b4
b51ee67e
b51e47e7
b51da9ee
b51d0c92
b51c6fd4
b51bd3b3
b51b382d
b51a9d42
b51a02f2
b519693c
b518d01f
b518379b
b5179fb0
b517085c
b516719f
b515db78
b51545e8
b514b0ec
b5141c86
b51388b3
b512f574
b51262c8
b511d0ae
b5113f27
b510ae30
b5101dca
b50f8df4
b50efeae
b50e6ff7
b50de1ce
b50d5433
b50cc725
b50c3aa4
b50baeb0
b50b2347
b50a9869
b50a0e16
b509844d
b508fb0d
b5087256
b507ea28
b5076282
b506db63
b50654cb
b505ceb9
b505492d
b504c427
b5043fa5
b503bba7
b503382d
b502b537
b50232c3
b501b0d1
b5012f61
b500ae72
b5002e04
b4ff5c2c
b4fe5d4f
b4fd5f71
b4fc6290
b4fb66ab
b4fa6bc2
b4f971d4
b4f878de
b4f780e2
b4f689dc
b4f593cd
b4f49eb4
b4f3aa90
b4f2b75f
b4f1c521
b4f0d3d4
b4efe379
b4eef40d
b4ee0590
b4ed1802
b4ec2b60
b4eb3fab
b4ea54e0
b4e96b00
b4e8820a
b4e799fc
b4e6b2d6
b4e5cc96
b4e4e73c
b4e402c7
b4e31f36
b4e23c89
b4e15abd
b4e079d3
b4df99c9
b4deba9f
b4dddc54
b4dcfee6
b4dc2256
b4db46a1
b4da6bc8
b4d991c9
b4d8b8a4
b4d7e058
b4d708e3
b4d63246
b4d55c7e
b4d4878c
b4d3b36f
b4d2e025
b4d20dae
b4d13c0a
b4d06b36
b4cf9b33
b4cecbff
b4cdfd9b
b4cd3004
b4cc633a
b4cb973d
b4cacc0c
b4ca01a5
b4c93808
b4c86f35
b4c7a729
b4c6dfe6
b4c61969
b4c553b3
b4c48ec2
b4c3ca95
b4c3072c
b4c24486
b4c182a3
b4c0c181
b4c00120
b4bf417e
b4be829c
b4bdc479
b4bd0713
b4bc4a6b
b4bb8e7e
b4bad34d
b4ba18d7
b4b95f1b
b4b8a619
b4b7edcf
b4b7363d
b4b67f62
b4b5c93e
b4b513d0
b4b45f16
b4b3ab11
b4b2f7c0
b4b24521
b4b19335
b4b0e1fb
b4b03171
b4af8198
b4aed26e
b4ae23f3
b4ad7626
b4acc906
b4ac1c93
b4ab70cd
b4aac5b1
b4aa1b41
b4a9717b
b4a8c85e
b4a81fea
b4a7781e
b4a6d0f9
b4a62a7c
b4a584a4
b4a4df72
b4a43ae5
b4a396fc
b4a2f3b7
b4a25115
b4a1af15
b4a10db6
b4a06cf9
b49fccdc
b49f2d5f
b49e8e81
b49df042
b49d52a0
b49cb59c
b49c1935
b49b7d6a
b49ae23a
b49a47a5
b499adaa
b4991449
b4987b82
b497e352
b4974bbb
b496b4bb
b4961e51
b495887e
b494f340
b4945e97
b493ca83
b4933702
b492a414
b49211ba
b4917ff1
b490eeb9
b4905e13
b48fcdfd
b48f3e77
b48eaf80
b48e2118
b48d933e
b48d05f1
b48c7932
b48becff
b48b6157
b48ad63c
b48a4bab
b489c1a4
b4893827
b488af34
b48826c9
b4879ee6
b487178b
b48690b7
b4860a69
b48584a2
b484ff60
b4847aa3
b483f66a
b48372b6
b482ef85
b4826cd7
b481eaab
b4816901
b480e7d9
b4806731
b47fce14
b47ecec6
b47dd076
b47cd325
b47bd6d0
b47adb77
b479e118
b478e7b4
b477ef49
b476f7d5
b4760159
b4750bd2
b4741741
b47323a3
b47230f9
b4713f41
b4704e7a
b46f5ea4
b46e6fbd
b46d81c4
b46c94b9
b46ba89a
b46abd67
b469d31f
b468e9c1
b468014b
b46719be
b4663318
b4654d57
b464687d
b4638486
b462a173
b461bf43
b460ddf4
b45ffd87
b45f1df9
b45e3f4b
b45d617a
b45c8487
b45ba871
b45acd36
b459f2d6
b4591950
b45840a3
b45768cf
b45691d1
b455bbab
b454e65a
b45411de
b4533e36
b4526b61
b451995f
b450c82e
b44ff7ce
b44f283e
b44e597d
b44d8b8b
b44cbe66
b44bf20e
b44b2682
b44a5bc1
b44991ca
b448c89d
b4480038
b447389c
b445abb8
b44421eb
b4429b2e
b441177c
b43f96cf
b43e191f
b43c9e68
b43b26a4
b439b1cc
b4383fda
b436d0ca
b4356495
b433fb36
b43294a7
b43130e2
b42fcfe1
b42e71a0
b42d1619
b42bbd46
b42a6722
b42913a8
b427c2d2
b426749b
b42528fe
b423dff5
b422997c
b421558d
b4201424
b41ed53b
b41d98ce
b41c5ed6
b41b2751
b419f237
b418bf86
b4178f38
b4166148
b41535b1
b4140c6f
b412e57e
b411c0d8
b4109e79
b40f7e5c
b40e607e
b40d44d9
b40c2b69
b40b142a
b409ff17
b408ec2c
b407db65
b406ccbd
b405c030
b404b5bb
b403ad58
b402a704
b401a2bb
b400a078
b3ff406f
b3fd43eb
b3fb4b5d
b3f956bb
b3f765ff
b3f57921
b3f39018
b3f1aade
b3efc96a
b3edebb6
b3ec11b9
b3ea3b6c
b3e868c9
b3e699c7
b3e4ce5f
b3e3068b
b3e14243
b3df8180
b3ddc43a
b3dc0a6c
b3da540e
b3d8a11a
b3d6f188
b3d54551
b3d39c70
b3d1f6dd
b3d05493
b3ceb589
b3cd19ba
b3cb8120
b3c9ebb4
b3c8596f
b3c6ca4c
b3c53e44
b3c3b551
b3c22f6d
b3c0ac91
b3bf2cb8
b3bdafdc
b3bc35f7
b3babf02
b3b94af9
b3b7d9d5
b3b66b90
b3b50024
b3b3978d
b3b231c4
b3b0cec4
b3af6e87
b3ae1108
b3acb641
b3ab5e2d
b3aa08c7
b3a8b609
b3a765ed
b3a6186f
b3a4cd8a
b3a38537
b3a23f73
b3a0fc38
b39fbb80
b39e7d48
b39d418a
b39c0840
b39ad167
b3999cf9
b3986af2
b3973b4c
b3960e03
b394e312
b393ba75
b3929427
b3917023
b3904e65
b38f2ee8
b38e11a8
b38cf6a0
b38bddcc
b38ac727
b389b2ae
b388a05b
b387902b
b3868219
b3857621
b3846c3f
b383646f
b3825eac
b3815af3
b380593f
b37eb318
b37cb7ae
b37ac037
b378ccab
b376dd02
b374f134
b373093a
b371250d
b36f44a4
b36d67f8
b36b8f01
b369b9b9
b367e818
b3661a16
b3644fad
b36288d5
b360c588
b35f05bd
b35d496e
b35b9095
b359db2a
b3582926
b3567a83
b354cf3a
b3532744
b351829a
b34fe137
b34e4313
b34ca829
b34b1071
b3497be5
b347ea7f
b3465c39
b344d10c
b34348f3
b341c3e6
b34041e1
b33ec2dd
b33d46d3
b33bcdbf
b33a579b
b338e45f
b3377407
b336068d
b3349beb
b333341b
b331cf19
b3306cdd
b32f0d63
b32db0a6
b32c569f
b32aff4a
b329aaa0
b328589d
b327093c
b325bc77
b3247248
b3232aac
b321e59c
b320a314
b31f630e
b31e2586
b31cea76
b31bb1da
b31a7bad
b31947ea
b318168c
b316e78e
b315baec
b31490a1
b31368a8
b31242fd
b3111f9b
b30ffe7d
b30edf9f
b30dc2fd
b30ca892
b30b9059
b30a7a4f
b309666e
b30854b4
b307451a
b306379e
b3052c3a
b30422ec
b3031bad
b302167c
b3011352
b300122d
b2fe2610
b2fc2bbf
b2fa355e
b2f842e7
b2f65450
b2f46993
b2f282a7
b2f09f86
b2eec027
b2ece483
b2eb0c92
b2e9384e
b2e767af
b2e59aad
b2e3d142
b2e20b65
b2e04912
b2de8a3f
b2dccee6
b2db1701
b2d96288
b2d7b175
b2d603c0
b2d45963
b2d2b258
b2d10e98
b2cf6e1c
b2cdd0dd
b2cc36d6
b2caa000
b2c90c54
b2c77bcc
b2c5ee63
b2c46411
b2c2dcd0
b2c1589b
b2bfd76c
b2be593c
b2bcde05
b2bb65c2
b2b9f06c
b2b87dfe
b2b70e72
b2b5a1c2
b2b437e9
b2b2d0e1
b2b16ca4
b2b00b2c
b2aeac75
b2ad5079
b2abf732
b2aaa09a
b2a94cad
b2a7fb66
b2a6acbe
b2a560b1
b2a4173a
b2a2d052
b2a18bf7
b2a04a21
b29f0acc
b29dcdf4
b29c9393
b29b5ba4
b29a2623
b298f30a
b297c255
b29693ff
b2956803
b2943e5d
b2931708
b291f200
b290cf3f
b28faec1
b28e9082
b28d747e
b28c5aaf
b28b4312
b28a2da1
b2891a5a
b2880936
b286fa33
b285ed4c
b284e27d
b283d9c1
b282d314
b281ce73
b280cbd9
b27f9685
b27d9956
b27ba01d
b279aad3
b277b96f
b275cbea
b273e23d
b271fc5f
b2701a49
b26e3bf3
b26c6157
b26a8a6b
b268b72a
b266e78c
b2651b8a
b263531c
b2618e3b
b25fcce1
b25e0f05
b25c54a2
b25a9db0
b258ea29
b2573a05
b2558d3f
b253e3ce
b2523dad
b2509ad5
b24efb40
b24d5ee6
b24bc5c2
b24a2fcd
b2489d01
b2470d57
b24580c9
b243f752
b24270ea
b240ed8c
b23f6d32
b23defd5
b23c7571
b23afdfe
b2398977
b23817d6
b236a915
b2353d30
b233d41f
b2326ddd
b2310a65
b22fa9b2
b22e4bbd
b22cf081
b22b97f9
b22a421f
b228eeef
b2279e62
b2265073
b225051e
b223bc5d
b222762b
b2213283
b21ff15f
b21eb2bc
b21d7693
b21c3ce0
b21b059e
b219d0c8
b2189e59
b2176e4d
b216409e
b2151549
b213ec48
b212c596
b211a130
b2107f10
b20f5f32
b20e4191
b20d262a
b20c0cf7
b20af5f5
b209e11e
b208ce6f
b207bde3
b206af76
b205a324
b20498e8
b20390bf
b2028aa4
b2018693
b2008488
b1ff08ff
b1fd0ce9
b1fb14c8
b1f92094
b1f73043
b1f543d0
b1f35b32
b1f17661
b1ef9556
b1edb809
b1ebde73
b1ea088d
b1e8364e
b1e667b1
b1e49cad
b1e2d53c
b1e11156
b1df50f4
b1dd9410
b1dbdaa2
b1da24a3
b1d8720d
b1d6c2d8
b1d516ff
b1d36e7a
b1d1c943
b1d02753
b1ce88a4
b1cced2e
b1cb54ed
b1c9bfd8
b1c82deb
b1c69f1f
b1c5136d
b1c38acf
b1c2053f
b1c082b8
b1bf0333
b1bd86a9
b1bc0d16
b1ba9673
b1b922ba
b1b7b1e6
b1b643f1
b1b4d8d4
b1b3708b
b1b20b10
b1b0a85d
b1af486d
b1adeb3a
b1ac90be
b1ab38f5
b1a9e3d9
b1a89164
b1a74191
b1a5f45c
b1a4a9be
b1a361b3
b1a21c36
b1a0d941
b19f98cf
b19e5adc
b19d1f62
b19be65d
b19aafc7
b1997b9c
b19849d7
b1971a73
b195ed6b
b194c2bc
b1939a5f
b1927451
b191508c
b1902f0d
b18f0fcf
b18df2cc
b18cd802
b18bbf6b
b18aa903
b18994c5
b18882ae
b18772b9
b18664e2
b1855924
b1844f7c
b18347e5
b182425b
b1813eda
b1803d5e
b17e7bc7
b17c80cb
b17a89c1
b17896a1
b176a764
b174bc01
b172d471
b170f0ad
b16f10ac
b16d3468
b16b5bd8
b16986f6
b167b5ba
b165e81c
b1641e17
b16257a2
b16094b6
b15ed54c
b15d195e
b15b60e5
b159abd9
b157fa33
b1564bed
b154a101
b152f967
b1515519
b14fb411
b14e1647
b14c7bb5
b14ae456
b1495022
b147bf13
b1463124
b144a64d
b1431e88
b14199d0
b140181f
b13e996e
b13d1db7
b13ba4f5
b13a2f22
b138bc37
b1374c2f
b135df04
b13474b1
b1330d2f
b131a87a
b130468c
b12ee75e
b12d8aec
b12c3131
b12ada26
b12985c6
b128340d
b126e4f4
b1259877
b1244e91
b123073b
b121c272
b1208030
b11f4070
b11e032d
b11cc861
b11b9009
b11a5a20
b119269f
b117f584
b116c6c8
b1159a67
b114705c
b11348a4
b1122338
b1110015
b10fdf37
b10ec097
b10da433
b10c8a05
b10b7209
b10a5c3b
b1094897
b1083717
b10727b9
b1061a77
b1050f4e
b1040639
b102ff33
b101fa3a
b100f749
b0ffecb8
b0fdeedd
b0fbf4fa
b0f9ff06
b0f80cfb
b0f61ed0
b0f4347d
b0f24dfb
b0f06b43
b0ee8c4c
b0ecb10f
b0ead985
b0e905a7
b0e7356c
b0e568ce
b0e39fc6
b0e1da4d
b0e0185b
b0de59e9
b0dc9ef1
b0dae76b
b0d93351
b0d7829c
b0d5d544
b0d42b44
b0d28495
b0d0e130
b0cf410e
b0cda429
b0cc0a7b
b0ca73fd
b0c8e0a9
b0c75079
b0c5c365
b0c43969
b0c2b27e
b0c12e9d
b0bfadc1
b0be2fe4
b0bcb500
b0bb3d0e
b0b9c809
b0b855ec
b0b6e6b0
b0b57a4f
b0b410c5
b0b2aa0a
b0b1461b
b0afe4f0
b0ae8685
b0ad2ad4
b0abd1d8
b0aa7b8b
b0a927e8
b0a7d6ea
b0a6888b
b0a53cc6
b0a3f396
b0a2acf6
b0a168e0
b0a02751
b09ee841
b09dabae
b09c7191
b09b39e6
b09a04a8
b098d1d2
b097a15f
b096734b
b0954790
b0941e2b
b092f716
b091d24d
b090afcb
b08f8f8c
b08e718c
b08d55c5
b08c3c33
b08b24d2
b08a0f9e
b088fc92
b087ebab
b086dce2
b085d036
b084c5a0
b083bd1e
b082b6aa
b081b242
b080afe0
b07f5f02
b07d6241
b07b6976
b0797499
b07783a1
b0759688
b073ad44
b071c7d0
b06fe623
b06e0835
b06c2dff
b06a577a
b068849f
b066b566
b064e9c7
b06321bc
b0615d3e
b05f9c45
b05ddeca
b05c24c7
b05a6e35
b058bb0c
b0570b46
b0555edd
b053b5c9
b0521004
b0506d87
b04ece4b
b04d324b
b04b9980
b04a03e3
b048716e
b046e21b
b04555e4
b043ccc2
b04246af
b040c3a5
b03f439e
b03dc694
b03c4c82
b03ad560
b039612a
b037efda
b0368169
b03515d2
b033ad10
b032471c
b030e3f2
b02f838b
b02e25e2
b02ccaf1
b02b72b4
b02a1d25
b028ca3e
b02779fa
b0262c54
b024e147
b02398cd
b02252e2
b0210f80
b01fcea2
b01e9044
b01d5460
b01c1af1
b01ae3f2
b019af5f
b0187d33
b0174d69
b0161ffc
b014f4e7
b013cc27
b012a5b5
b011818e
b0105fad
b00f400e
b00e22ac
b00d0782
b00bee8c
b00ad7c6
b009c32c
b008b0b8
b007a067
b0069235
b005861d
b0047c1b
b003742b
b0026e49
b0016a71
b000689e
affed19a
affcd5f3
affade40
aff8ea78
aff6fa93
aff50e8b
aff32657
aff141ef
afef614c
afed8467
afebab38
afe9d5b8
afe803df
afe635a6
afe46b06
afe2a3f8
afe0e074
afdf2073
afdd63f0
afdbaae1
afd9f542
afd8430a
afd69433
afd4e8b7
afd3408e
afd19bb3
afcffa1d
afce5bc8
afccc0ac
afcb28c3
afc99407
afc80271
afc673fb
afc4e89f
afc36056
afc1db1c
afc058e8
afbed9b6
afbd5d7f
afbbe43e
afba6dec
afb8fa84
afb78a00
afb61c5a
afb4b18d
afb34992
afb1e465
afb081ff
afaf225b
afadc574
afac6b43
afab13c5
afa9bef3
afa86cc7
afa71d3e
afa5d051
afa485fb
afa33e37
afa1f900
afa0b651
af9f7625
af9e3877
af9cfd42
af9bc480
af9a8e2e
af995a46
af9828c3
af96f9a1
af95ccdb
af94a26c
af937a50
af925482
af9130fc
af900fbc
af8ef0bc
af8dd3f8
af8cb96b
af8ba111
af8a8ae5
af8976e4
af886508
af87554e
af8647b1
af853c2e
af8432bf
af832b61
af822610
af8122c8
af802184
af7e4481
af7c49f3
af7a5356
af7860a3
af7671d1
af7486d9
af729fb3
af70bc58
af6edcbf
af6d00e2
af6b28b9
af69543d
af678366
af65b62d
af63ec8b
af622679
af6063ef
af5ea4e7
af5ce959
af5b313f
af597c92
af57cb4a
af561d62
af5472d3
af52cb95
af5127a2
af4f86f4
af4de984
af4c4f4c
af4ab845
af492469
af4793b1
af460618
af447b97
af42f427
af416fc4
af3fee66
af3e7008
af3cf4a4
af3b7c34
af3a06b1
af389417
af37245f
af35b784
af344d7f
af32e64c
af3181e4
af302042
af2ec161
af2d653b
af2c0bca
af2ab50a
af2960f5
af280f85
af26c0b5
af257480
af242ae1
af22e3d3
af219f50
af205d54
af1f1dd9
af1de0db
af1ca654
af1b6e40
af1a3899
af19055c
af17d482
af16a608
af1579e9
af14501f
af1328a7
af12037b
af10e097
af0fbff7
af0ea196
af0d856f
af0c6b7f
af0b53c0
af0a3e2e
af092ac6
af081982
af070a5e
af05fd57
af04f267
af03e98c
af02e2c0
af01ddff
af00db46
aeffb522
aefdb7b6
aefbbe40
aef9c8ba
aef7d71b
aef5e95b
aef3ff73
aef2195b
aef0370b
aeee587c
aeec7da7
aeeaa683
aee8d30a
aee70334
aee536fb
aee36e56
aee1a93f
aedfe7af
aede299e
aedc6f06
aedab7e0
aed90424
aed753cd
aed5a6d3
aed3fd2f
aed256dc
aed0b3d2
aecf140a
aecd777f
aecbde2a
aeca4805
aec8b508
aec7252e
aec59871
aec40ecb
aec28834
aec104a8
aebf841f
aebe0695
aebc8c03
aebb1463
aeb99fb0
aeb82de3
aeb6bef6
aeb552e5
aeb3e9a9
aeb2833c
aeb11f9a
aeafbebc
aeae609d
aead0538
aeabac86
aeaa5684
aea9032b
aea7b275
aea6645f
aea518e2
aea3cffa
aea289a1
aea145d2
aea00488
ae9ec5be
ae9d896f
ae9c4f96
ae9b182f
ae99e334
ae98b0a1
ae978070
ae96529d
ae952724
ae93fdff
ae92d72a
ae91b2a1
ae90905e
ae8f705e
ae8e529b
ae8d3712
ae8c1dbe
ae8b069a
ae89f1a2
ae88ded2
ae87ce25
ae86bf98
ae85b325
ae84a8ca
ae83a081
ae829a46
ae819616
ae8093ed
ae7f278b
ae7d2b39
ae7b32db
ae793e6a
ae774ddf
ae756130
ae737858
ae71934d
ae6fb208
ae6dd482
ae6bfab3
ae6a2495
ae68521f
ae66834a
ae64b80f
ae62f067
ae612c4b
ae5f6bb4
ae5dae9a
ae5bf4f7
ae5a3ec4
ae588bfa
ae56dc92
ae553085
ae5387cd
ae51e264
ae504042
ae4ea160
ae4d05ba
ae4b6d47
ae49d803
ae4845e5
ae46b6e9
ae452b08
ae43a23b
ae421c7d
ae4099c7
ae3f1a13
ae3d9d5d
ae3c239c
ae3aaccc
ae3938e7
ae37c7e7
ae3659c5
ae34ee7e
ae33860a
ae322064
ae30bd86
ae2f5d6c
ae2e000f
ae2ca56a
ae2b4d77
ae29f832
ae28a595
ae27559a
ae26083c
ae24bd77
ae237545
ae222fa0
ae20ec85
ae1fabed
ae1e6dd3
ae1d3234
ae1bf909
ae1ac24e
ae198dfe
ae185c14
ae172c8c
ae15ff61
ae14d48d
ae13ac0d
ae1285db
ae1161f4
ae104052
ae0f20f1
ae0e03cd
ae0ce8e0
ae0bd028
ae0ab99e
ae09a540
ae089308
ae0782f2
ae0674fb
ae05691d
ae045f55
ae03579e
ae0251f5
ae014e55
ae004cba
adfe9a42
adfc9f09
adfaa7c3
adf8b467
adf6c4ef
adf4d951
adf2f187
adf10d89
adef2d4e
aded50d1
adeb7809
ade9a2ee
ade7d17a
ade603a6
ade43969
ade272be
ade0af9c
addeeffd
addd33da
addb7b2b
add9c5eb
add81411
add66598
add4ba79
add312ac
add16e2c
adcfccf1
adce2ef6
adcc9433
adcafca3
adc9683f
adc7d700
adc648e1
adc4bdda
adc335e7
adc1b101
adc02f21
adbeb042
adbd345e
adbbbb6f
adba456e
adb8d257
adb76223
adb5f4cd
adb48a4e
adb322a2
adb1bdc2
adb05ba9
adaefc51
adad9fb6
adac45d1
adaaee9d
ada99a14
ada84832
ada6f8f2
ada5ac4d
ada4623f
ada31ac2
ada1d5d2
ada09369
ad9f5383
ad9e161a
ad9cdb29
ad9ba2ab
ad9a6c9c
ad9938f7
ad9807b7
ad96d8d7
ad95ac52
ad948224
ad935a48
ad9234b9
ad911174
ad8ff072
ad8ed1b0
ad8db52a
ad8c9ada
ad8b82bd
ad8a6cce
ad895908
ad884768
ad8737e9
ad862a87
ad851f3e
ad841609
ad830ee4
ad8209cc
ad8106bc
ad8005b0
ad7e0d47
ad7c1327
ad7a1cf8
ad782ab1
ad763c4b
ad7451bd
ad726b01
ad70880f
ad6ea8de
ad6ccd69
ad6af5a6
ad692190
ad67511e
ad658449
ad63bb0a
ad61f55a
ad603332
ad5e748b
ad5cb95e
ad5b01a3
ad594d55
ad579c6c
ad55eee1
ad5444ae
ad529dcc
ad50fa35
ad4f59e1
ad4dbccb
ad4c22ec
ad4a8c3d
ad48f8b9
ad476858
ad45db15
ad4450ea
ad42c9d0
ad4145c0
ad3fc4b6
ad3e46ac
ad3ccb9a
ad3b537b
ad39de4a
ad386c00
ad36fc98
ad35900c
ad342656
ad32bf71
ad315b56
ad2ffa01
ad2e9b6c
ad2d3f92
ad2be66c
ad2a8ff6
ad293c2b
ad27eb04
ad269c7d
ad255090
ad240739
ad22c072
ad217c36
ad203a7f
ad1efb4a
ad1dbe90
ad1c844e
ad1b4c7e
ad1a171a
ad18e420
ad17b388
ad168550
ad155971
ad142fe9
ad1308b0
ad11e3c4
ad10c120
ad0fa0be
ad0e829b
ad0d66b2
ad0c4cff
ad0b357d
ad0a2028
ad090cfb
ad07fbf2
ad06ed0a
ad05e03d
ad04d587
ad03cce5
ad02c652
ad01c1cb
ad00bf4a
acff7d98
acfd809b
acfb8793
acf9927a
acf7a147
acf5b3f2
acf3ca74
acf1e4c6
acf002df
acee24b8
acec4a49
acea738c
ace8a079
ace6d108
ace50532
ace33cf1
ace1783c
acdfb70d
acddf95d
acdc3f25
acda885f
acd8d502
acd72508
acd5786b
acd3cf24
acd2292d
acd0867d
accee710
accd4adf
accbb1e3
acca1c15
acc88970
acc6f9ee
acc56d87
acc3e435
acc25df4
acc0dabc
acbf5a87
acbddd4f
acbc6310
acbaebc1
acb9775f
acb805e2
acb69745
acb52b83
acb3c295
acb25c77
acb0f922
acaf9890
acae3abd
acacdfa3
acab873d
acaa3185
aca8de75
aca78e09
aca6403b
aca4f507
aca3ac66
aca26653
aca122cb
ac9fe1c6
ac9ea342
ac9d6738
ac9c2da3
ac9af680
ac99c1c8
ac988f77
ac975f88
ac9631f7
ac9506bf
ac93dddb
ac92b746
ac9192fc
ac9070f8
ac8f5137
ac8e33b2
ac8d1866
ac8bff4f
ac8ae868
ac89d3ac
ac88c117
ac87b0a6
ac86a253
ac85961b
ac848bfa
ac8383ea
ac827de9
ac8179f1
ac807800
ac7ef020
ac7cf43c
ac7afc4c
ac790848
ac771828
ac752be5
ac734376
ac715ed4
ac6f7df8
ac6da0da
ac6bc772
ac69f1ba
ac681fa9
ac665139
ac648662
ac62bf1d
ac60fb63
ac5f3b2d
ac5d7e74
ac5bc531
ac5a0f5d
ac585cf1
ac56ade7
ac550237
ac5359dc
ac51b4ce
ac501306
ac4e747f
ac4cd932
ac4b4118
ac49ac2c
ac481a66
ac468bc0
ac450035
ac4377bd
ac41f254
ac406ff2
ac3ef092
ac3d742e
ac3bfabf
ac3a8441
ac3910ac
ac379ffc
ac36322a
ac34c731
ac335f0c
ac31f9b3
ac309723
ac2f3755
ac2dda44
ac2c7fea
ac2b2842
ac29d347
ac2880f4
ac273142
ac25e42d
ac2499af
ac2351c4
ac220c67
ac20c991
ac1f893f
ac1e4b6a
ac1d100f
ac1bd729
ac1aa0b1
ac196ca4
ac183afd
ac170bb7
ac15decc
ac14b43a
ac138bfa
ac126608
ac114260
ac1020fd
ac0f01db
ac0de4f4
ac0cca46
ac0bb1ca
ac0a9b7d
ac09875b
ac08755e
ac076584
ac0657c7
ac054c23
ac044295
ac033b17
ac0235a7
ac01323f
ac0030dd
abfe62f5
abfc682b
abfa7152
abf87e63
abf68f56
abf4a423
abf2bcc3
abf0d92e
abeef95c
abed1d46
abeb44e4
abe97030
abe79f21
abe5d1b1
abe407d8
abe2418f
abe07ecf
abdebf91
abdd03cf
abdb4b80
abd9969e
abd7e523
abd63707
abd48c45
abd2e4d4
abd140af
abcf9fcf
abce022e
abcc67c4
abcad08d
abc93c80
abc7ab99
abc61dd0
abc4931f
abc30b81
abc186ef
abc00563
abbe86d8
abbd0b46
abbb92a9
abba1cf9
abb8aa33
abb73a4f
abb5cd48
abb46318
abb2fbb9
abb19727
abb0355b
abaed650
abad7a00
abac2066
abaac97c
aba9753e
aba823a6
aba6d4ae
aba58851
aba43e8b
aba2f755
aba1b2ac
aba07089
ab9f30e8
ab9df3c4
ab9cb917
ab9b80de
ab9a4b12
ab9917b0
ab97e6b2
ab96b813
ab958bd0
ab9461e3
ab933a47
ab9214f8
ab90f1f1
ab8fd12f
ab8eb2ab
ab8d9663
ab8c7c50
ab8b6470
ab8a4ebd
ab893b33
ab8829cf
ab871a8b
ab860d63
ab850254
ab83f959
ab82f26d
ab81ed8d
ab80eab6
ab7fd3c3
ab7dd619
ab7bdc68
ab79e6a5
ab77f4ca
ab7606cf
ab741cad
ab72365a
ab7053d1
ab6e7508
ab6c99fa
ab6ac29e
ab68eeed
ab671ee0
ab65526f
ab638994
ab61c446
ab600280
ab5e443a
ab5c896d
ab5ad212
ab591e22
ab576d97
ab55c06a
ab541693
ab52700d
ab50ccd1
ab4f2cd8
ab4d901c
ab4bf695
ab4a603f
ab48cd12
ab473d09
ab45b01c
ab442646
ab429f81
ab411bc6
ab3f9b10
ab3e1d58
ab3ca298
ab3b2acc
ab39b5eb
ab3843f2
ab36d4da
ab35689d
ab33ff35
ab32989e
ab3134d1
ab2fd3c9
ab2e7580
ab2d19f1
ab2bc116
ab2a6aeb
ab291769
ab27c68b
ab26784d
ab252ca9
ab23e399
ab229d18
ab215923
ab2017b2
ab1ed8c2
ab1d9c4e
ab1c624f
ab1b2ac3
ab19f5a3
ab18c2eb
ab179295
ab16649f
ab153901
ab140fb9
ab12e8c1
ab11c414
ab10a1af
ab0f818c
ab0e63a7
ab0d47fc
ab0c2e86
ab0b1741
ab0a0228
ab08ef37
ab07de69
ab06cfbb
ab05c329
ab04b8ad
ab03b045
ab02a9eb
ab01a59c
ab00a353
aaff461a
aafd498b
aafb50f1
aaf95c45
aaf76b7e
aaf57e94
aaf39581
aaf1b03c
aaefcebd
aaedf0fe
aaec16f7
aaea40a0
aae86df2
aae69ee6
aae4d374
aae30b96
aae14743
aadf8676
aaddc927
aadc0f4f
aada58e8
aad8a5e9
aad6f64e
aad54a0e
aad3a123
aad1fb87
aad05933
aaceba20
aacd1e48
aacb85a5
aac9f030
aac85de2
aac6ceb6
aac542a5
aac3b9a9
aac233bd
aac0b0d8
aabf30f7
aabdb413
aabc3a25
aabac328
aab94f16
aab7ddea
aab66f9d
aab50429
aab39b8a
aab235b9
aab0d2b1
aaaf726d
aaae14e6
aaacba17
aaab61fc
aaaa0c8e
aaa8b9c8
aaa769a5
aaa61c1f
aaa4d133
aaa388d9
aaa2430d
aaa0ffcb
aa9fbf0d
aa9e80cd
aa9d4508
aa9c0bb7
aa9ad4d7
aa99a062
aa986e54
aa973ea8
aa961158
aa94e661
aa93bdbd
aa929768
aa91735e
aa905199
aa8f3216
aa8e14cf
aa8cf9c1
aa8be0e7
aa8aca3c
aa89b5bc
aa88a364
aa87932d
aa868516
aa857918
aa846f30
aa83675a
aa826191
aa815dd2
aa805c18
aa7eb8c1
aa7cbd4b
aa7ac5c9
aa78d231
aa76e27d
aa74f6a5
aa730ea0
aa712a68
aa6f49f4
aa6d6d3e
aa6b943d
aa69beea
aa67ed3f
aa661f33
aa6454bf
aa628ddd
aa60ca86
aa5f0ab1
aa5d4e58
aa5b9575
aa59e000
aa582df3
aa567f46
aa54d3f4
aa532bf4
aa518742
aa4fe5d5
aa4e47a8
aa4cacb4
aa4b14f3
aa49805e
aa47eef0
aa4660a1
aa44d56b
aa434d49
aa41c834
aa404626
aa3ec719
aa3d4b08
aa3bd1eb
aa3a5bbe
aa38e87a
aa37781a
aa360a98
aa349fee
aa333816
aa31d30c
aa3070c8
aa2f1147
aa2db481
aa2c5a73
aa2b0316
aa29ae65
aa285c5a
aa270cf2
aa25c025
aa2475ef
aa232e4b
aa21e934
aa20a6a5
aa1f6698
aa1e2909
aa1cedf2
aa1bb550
aa1a7f1b
aa194b51
aa1819ed
aa16eae8
aa15be3f
aa1493ee
aa136bee
aa12463c
aa1122d4
aa1001b0
aa0ee2cb
aa0dc623
aa0cabb1
aa0b9373
aa0a7d62
aa09697c
aa0857bb
aa07481b
aa063a99
aa052f30
aa0425db
aa031e97
aa02195f
aa011630
aa001505
a9fe2bb5
a9fc3159
a9fa3aed
a9f8486a
a9f659c9
a9f46f01
a9f2880a
a9f0a4de
a9eec574
a9ece9c6
a9eb11cb
a9e93d7c
a9e76cd2
a9e59fc6
a9e3d651
a9e2106b
a9e04e0d
a9de8f30
a9dcd3ce
a9db1bdf
a9d9675c
a9d7b63f
a9d60881
a9d45e1b
a9d2b706
a9d1133c
a9cf72b7
a9cdd56f
a9cc3b5f
a9caa480
a9c910cb
a9c7803a
a9c5f2c8
a9c4686d
a9c2e124
a9c15ce7
a9bfdbaf
a9be5d76
a9bce237
a9bb69eb
a9b9f48d
a9b88217
a9b71283
a9b5a5cb
a9b43bea
a9b2d4da
a9b17095
a9b00f15
a9aeb056
a9ad5452
a9abfb03
a9aaa464
a9a95070
a9a7ff21
a9a6b072
a9a5645d
a9a41adf
a9a2d3f0
a9a18f8d
a9a04db0
a99f0e55
a99dd175
a99c970d
a99b5f17
a99a298f
a998f670
a997c5b4
a9969757
a9956b55
a99441a8
a9931a4d
a991f53e
a990d276
a98fb1f2
a98e93ad
a98d77a2
a98c5dcd
a98b4629
a98a30b3
a9891d65
a9880c3c
a986fd33
a985f046
a984e570
a983dcaf
a982d5fc
a981d155
a980ceb6
a97f9c32
a97d9ef8
a97ba5b4
a979b05e
a977beef
a975d160
a973e7a7
a97201bf
a9701f9e
a96e413e
a96c6696
a96a8fa1
a968bc56
a966ecad
a96520a0
a9635828
a961933d
a95fd1d9
a95e13f4
a95c5987
a95aa28b
a958eefa
a9573ecd
a95591fd
a953e883
a9524259
a9509f77
a94effd9
a94d6376
a94bca49
a94a344b
a948a175
a94711c3
a945852c
a943fbac
a942753c
a940f1d5
a93f7172
a93df40d
a93c79a0
a93b0225
a9398d95
a9381bec
a936ad24
a9354136
a933d81d
a93271d4
a9310e54
a92fad98
a92e4f9c
a92cf458
a92b9bc9
a92a45e7
a928f2af
a927a21b
a9265425
a92508c9
a923c000
a92279c7
a9213617
a91ff4ed
a91eb642
a91d7a12
a91c4058
a91b090f
a919d432
a918a1bd
a91771aa
a91643f4
a9151898
a913ef91
a912c8d8
a911a46c
a9108245
a90f6261
a90e44ba
a90d294d
a90c1014
a90af90b
a909e42e
a908d179
a907c0e7
a906b274
a905a61b
a9049bda
a90393ab
a9028d8a
a9018973
a9008763
a8ff0ea9
a8fd1288
a8fb1a5c
a8f9261c
a8f735c1
a8f54942
a8f36099
a8f17bbe
a8ef9aa8
a8edbd50
a8ebe3b0
a8ea0dbf
a8e83b77
a8e66ccf
a8e4a1c1
a8e2da46
a8e11655
a8df55ea
a8dd98fc
a8dbdf84
a8da297b
a8d876db
a8d6c79d
a8d51bbb
a8d3732c
a8d1cdec
a8d02bf2
a8ce8d3a
a8ccf1bb
a8cb5971
a8c9c454
a8c8325d
a8c6a388
a8c517cd
a8c38f27
a8c2098f
a8c086fe
a8bf0771
a8bd8adf
a8bc1143
a8b926d7
a8b647fd
a8b37488
a8b0ac4a
a8adef17
a8ab3cc3
a8a89522
a8a5f80b
a8a36554
a8a0dcd3
a89e5e60
a89be9d3
a8997f05
a8971dce
a894c60a
a8927791
a8903241
a88df5f3
a88bc285
a88997d4
a88775bb
a8855c1a
a8834acf
a88141b9
a87e816e
a87a8f51
a876acde
a872d9d6
a86f15fb
a86b6112
a867badf
a8642328
a86099b3
a85d1e47
a859b0ae
a85650b0
a852fe17
a84fb8ae
a84c8040
a849549b
a846358a
a84322de
a8401c63
a83d21eb
a83a3344
a8375041
a83478b3
a831ac6c
a82eeb41
a82c3504
a829898a
a826e8a9
a8245237
a821c60a
a81f43f9
a81ccbdd
a81a5d8d
a817f8e4
a8159db9
a8134be9
a811034e
a80ec3c3
a80c8d24
a80a5f4e
a8083a1e
a8061d72
a8040927
a801fd1d
a7fff267
a7fbfa92
a7f8127d
a7f439ea
a7f0709a
a7ecb651
a7e90ad3
a7e56de7
a7e1df51
a7de5ed9
a7daec48
a7d78765
a7d42ffb
a7d0e5d3
a7cda8bb
a7ca787c
a7c754e6
a7c43dc5
a7c132e7
a7be341d
a7bb4137
a7b85a04
a7b57e57
a7b2ae02
a7afe8d8
a7ad2ead
a7aa7f54
a7a7daa4
a7a54071
a7a2b093
a7a02adf
a79daf2e
a79b3d58
a798d537
a79676a2
a7942175
a791d58a
a78f92bc
a78d58e8
a78b27e9
a788ff9d
a786dfe1
a784c893
a782b991
a780b2bc
a77d67e2
a7797a23
a7759bfc
a771cd2f
a76e0d7e
a76a5caf
a766ba85
a76326c7
a75fa13c
a75c29ab
a758bfdc
a755639a
a75214ae
a74ed2e3
a74b9e06
a74875e2
a7455a46
a7424aff
a73f47de
a73c50b0
a7396548
a7368577
a733b10d
a730e7df
a72e29c0
a72b7683
a728cdfd
a7263005
a7239c6f
a7211314
a71e93c9
a71c1e68
a719b2c9
a71750c5
a714f836
a712a8f7
a71062e2
a70e25d4
a70bf1a8
a709c63b
a707a36b
a7058914
a7037717
a7016d51
a6fed743
a6fae3d2
a6f7000f
a6f32bbd
a6ef669d
a6ebb074
a6e80906
a6e47019
a6e0e572
a6dd68da
a6d9fa19
a6d698f7
a6d3453f
a6cffebc
a6ccc538
a6c99881
a6c67863
a6c364ad
a6c05d2e
a6bd61b4
a6ba7210
a6b78e14
a6b4b590
a6b1e858
a6af263f
a6ac6f18
a6a9c2b8
a6a720f4
a6a489a2
a6a1fc99
a69f79b0
a69d00be
a69a919d
a6982c24
a695d02f
a6937d96
a6913436
a68ef3e9
a68cbc8b
a68a8df9
a688680f
a6864aad
a68435af
a68228f4
a680245c
a67c4f8d
a6786627
a6748c48
a670c1b1
a66d0626
a669596c
a665bb47
a6622b7e
a65ea9d8
a65b361d
a657d015
a654778a
a6512c47
a64dee17
a64abcc5
a6479820
a6447ff4
a6417410
a63e7443
a63b805e
a6389830
a635bb8d
a632ea45
a630242c
a62d6915
a62ab8d5
a6281340
a625782d
a622e771
a62060e4
a61de45c
a61b71b4
a61908c2
a616a961
a614536a
a61206b9
a60fc328
a60d8894
a60b56d8
a6092dd1
a6070d5e
a604f55b
a602e5a8
a600de23
a5fdbd58
a5f9ce46
a5f5eed1
a5f21ebb
a5ee5dc7
a5eaabb9
a5e70856
a5e37363
a5dfeca8
a5dc73eb
a5d908f6
a5d5ab92
a5d25b88
a5cf18a4
a5cbe2b1
a5c8b97d
a5c59cd5
a5c28c86
a5bf8860
a5bc9033
a5b9a3cf
a5b6c305
a5b3eda8
a5b12389
a5ae647d
a5abb057
a5a906ec
a5a66811
a5a3d39d
a5a14967
a59ec945
a59c530f
a599e69f
a59783cd
a5952a74
a592da6d
a5909394
a58e55c5
a58c20da
a589f4b2
a587d129
a585b61d
a583a36d
a58198f7
a57f2d35
a57b386f
a577535d
a5737dc0
a56fb75b
a56bfff1
a5685747
a564bd23
a561314b
a55db386
a55a439d
a556e157
a5538c80
a55044e2
a54d0a48
a549dc7e
a546bb53
a543a693
a5409e0e
a53da193
a53ab0f1
a537cbfb
a534f282
a5322458
a52f6151
a52ca93f
a529fbf8
a5275951
a524c120
a522333b
a51faf79
a51d35b1
a51ac5be
a5185f77
a51602b5
a513af54
a511652f
a50f241f
a50cec02
a50abcb3
a5089610
a50677f7
a5046246
a50254da
a5004f94
a4fca4a5
a4f8b9ed
a4f4dec1
a4f112e3
a4ed5616
a4e9a81f
a4e608c2
a4e277c5
a4def4f1
a4db800b
a4d818de
a4d4bf32
a4d172d3
a4ce338a
a4cb0125
a4c7db70
a4c4c239
a4c1b54e
a4beb47e
a4bbbf9a
a4b8d672
a4b5f8d7
a4b3269c
a4b05f93
a4ada391
a4aaf268
a4a84bef
a4a5affb
a4a31e62
a4a096fa
a49e199c
a49ba620
a4993c5e
a496dc30
a4948570
a49237f9
a48ff3a4
a48db84f
a48b85d6
a4895c15
a4873aea
a4852233
a48311cd
a4810999
a47e12ec
a47a2286
a47641c2
a4727063
a46eae2b
a46afade
a4675641
a463c019
a460382d
a45cbe45
a4595228
a455f3a1
a452a27a
a44f5e7c
a44c2774
a448fd2f
a445df7a
a442ce23
a43fc8f9
a43ccfcb
a439e26b
a43700a8
a4342a56
a4315f47
a42e9f4d
a42bea3e
a4293fed
a426a030
a4240ade
a4217fcc
a41efed2
a41c87c8
a41a1a86
a417b6e7
a4155cc3
a4130bf4
a410c457
a40e85c5
a40c501d
a40a2339
a407fef7
a405e336
a403cfd3
a401c4ac
a3ff8345
a3fb8d29
a3f7a6c6
a3f3cfde
a3f00833
a3ec4f89
a3e8a5a3
a3e50a48
a3e17d3e
a3ddfe4b
a3da8d39
a3d729cf
a3d3d3d9
a3d08b1f
a3cd4f6e
a3ca2092
a3c6fe59
a3c3e88f
a3c0df04
a3bde187
a3baefe8
a3b809f8
a3b52f89
a3b2606d
a3af9c77
a3ace37a
a3aa354c
a3a791c2
a3a4f8b0
a3a269ef
a39fe553
a39d6ab7
a39af9f1
a39892da
a396354d
a393e123
a3919638
a38f5465
a38d1b88
a38aeb7d
a388c421
a386a551
a3848eeb
a38280cf
a3807ada
a37cf9da
a3790dd0
a3753157
a3716431
a36da621
a369f6ec
a3665656
a362c426
a35f4022
a35bca12
a35861bf
a35506f2
a351b976
a34e7915
a34b459c
a3481ed7
a3450495
a341f6a2
a33ef4cf
a33bfeec
a33914c8
a3363636
a3336308
a3309b0f
a32dde20
a32b2c10
a32884b2
a325e7dc
a3235565
a320cd23
a31e4eee
a31bda9f
a319700c
a3170f11
a314b787
a3126949
a3102431
a30de81b
a30bb4e4
a3098a68
a3076885
a3054f19
a3033e02
a301351e
a2fe689c
a2fa76e2
a2f694d0
a2f2c227
a2eefeaa
a2eb4a1e
a2e7a446
a2e40ce8
a2e083cc
a2dd08b7
a2d99b73
a2d63bc9
a2d2e983
a2cfa46c
a2cc6c4f
a2c940f8
a2c62236
a2c30fd6
a2c009a7
a2bd0f79
a2ba211c
a2b73e60
a2b46719
a2b19b19
a2aeda32
a2ac2438
a2a97902
a2a6d862
a2a44231
a2a1b643
a29f3471
a29cbc92
a29a4e7f
a297ea11
a2958f22
a2933d8c
a290f52a
a28eb5d7
a28c7f6f
a28a51cf
a2882cd5
a286105d
a283fc47
a281f070
a27fd971
a27be1ff
a277fa4c
a2742218
a2705927
a26c9f3b
a268f419
a2655787
a261c94a
a25e492a
a25ad6ee
a2577260
a2541b49
a250d174
a24d94ac
a24a64be
a2474175
a2442aa1
a2412010
a23e2191
a23b2ef4
a238480a
a2356ca4
a2329c95
a22fd7b0
a22d1dc9
a22a6eb4
a227ca45
a2253054
a222a0b5
a2201b40
a21d9fce
a21b2e35
a218c64f
a21667f6
a2141303
a211c751
a20f84bc
a20d4b1f
a20b1a57
a208f241
a206d2ba
a204bba0
a202acd2
a200a62f
a1fd4f2b
a1f961cf
a1f58408
a1f1b59a
a1edf647
a1ea45d4
a1e6a405
a1e310a1
a1df8b6d
a1dc1432
a1d8aab9
a1d54ecb
a1d20031
a1cebeb8
a1cb8a2a
a1c86255
a1c54707
a1c2380d
a1bf3536
a1bc3e53
a1b95334
a1b673aa
a1b39f87
a1b0d69f
a1ae18c4
a1ab65ca
a1a8bd87
a1a61fd0
a1a38c7b
a1a1035e
a19e8452
a19c0f2f
a199a3cc
a1974203
a194e9af
a1929aaa
a19054ce
a18e17f7
a18be402
a189b8cb
a1879630
a1857c0f
a1836a45
a18160b1
a17ebe69
a17acb5a
a176e7f9
a1731406
a16f4f45
a16b9978
a167f265
a16459d2
a160cf84
a15d5343
a159e4d7
a156840a
a15330a5
a14fea73
a14cb140
a14984d8
a1466508
a143519f
a1404a6b
a13d4f3c
a13a5fe2
a1377c2d
a134a3f1
a131d6ff
a12f152a
a12c5e47
a129b229
a12710a7
a1247996
a121eccd
a11f6a22
a11cf16f
a11a828a
a1181d4d
a115c193
a1136f34
a111260d
a10ee5f8
a10caed1
a10a8076
a1085ac2
a1063d94
a10428ca
a1021c43
a10017dd
a0fc36f2
a0f84dee
a0f4746e
a0f0aa36
a0ecef09
a0e942aa
a0e5a4e0
a0e21570
a0de9421
a0db20bc
a0d7bb09
a0d462d2
a0d117e1
a0cdda02
a0caa900
a0c784a9
a0c46cca
a0c16132
a0be61b0
a0bb6e15
a0b88630
a0b5a9d4
a0b2d8d2
a0b012fe
a0ad582c
a0aaa82f
a0a802dc
a0a5680a
a0a2d78e
a0a05140
a09dd4f7
a09b628b
a098f9d5
a0969aaf
a09444f3
a091f87b
a08fb523
a08d7ac6
a08b4941
a0892071
a0870032
a084e864
a082d8e4
a080d192
a07da49a
a079b5ea
a075d6d5
a072071f
a06e4688
a06a94d6
a066f1ce
a0635d35
a05fd6d1
a05c5e6c
a058f3cc
a05596bb
a0524704
a04f0471
a04bcecf
a048a5ea
a045898f
a042798d
a03f75b3
a03c7dd0
a03991b4
a036b132
a033dc1c
a0311243
a02e537b
a02b9f98
a028f670
a02657d7
a023c3a3
a02139ac
a01eb9c8
a01c43d0
a019d79d
a0177507
a0151be8
a012cc1b
a010857b
a00e47e3
a00c1330
a009e73e
a007c3eb
a005a913
a0039697
a0018c54
9fff1453
9ffb1fef
9ff73b3e
9ff36601
9fef9ffa
9febe8ed
9fe8409f
9fe4a6d5
9fe11b55
9fdd9de7
9fda2e54
9fd6cc63
9fd377df
9fd03092
9fccf649
9fc9c8cf
9fc6a7f1
9fc3937f
9fc08b45
9fbd8f14
9fba9ebd
9fb7ba0f
9fb4e0dd
9fb212f9
9faf5036
9fac9869
9fa9eb65
9fa748ff
9fa4b10f
9fa22369
9f9f9fe6
9f9d265d
9f9ab6a6
9f98509b
9f95f414
9f93a0ed
9f915701
9f8f1629
9f8cde43
9f8aaf2b
9f8888bf
9f866ada
9f84555d
9f824824
9f804311
9f7c8c02
9f78a1ac
9f74c6e0
9f70fb61
9f6d3ef1
9f699155
9f65f253
9f6261af
9f5edf32
9f5b6aa3
9f5803cb
9f54aa73
9f515e66
9f4e1f6e
9f4aed59
9f47c7f3
9f44af09
9f41a26a
9f3ea1e5
9f3bad4b
9f38c46b
9f35e718
9f331523
9f304e60
9f2d92a2
9f2ae1bd
9f283b86
9f259fd2
9f230e79
9f208751
9f1e0a31
9f1b96f2
9f192d6d
9f16cd7a
9f1476f4
9f1229b6
9f0fe59b
9f0daa7d
9f0b783b
9f094eb0
9f072dba
9f051537
9f030505
9f00fd04
9efdfa24
9efa0a21
9ef629bf
9ef258bf
9eee96e4
9eeae3f4
9ee73fb1
9ee3a9e3
9ee0224f
9edca8be
9ed93cf7
9ed5dec4
9ed28def
9ecf4a43
9ecc138c
9ec8e996
9ec5cc2e
9ec2bb24
9ebfb645
9ebcbd61
9eb9d04a
9eb6eed0
9eb418c4
9eb14dfb
9eae8e46
9eabd97a
9ea92f6c
9ea68ff0
9ea3fade
9ea1700c
9e9eef50
9e9c7884
9e9a0b7f
9e97a81b
9e954e32
9e92fd9d
9e90b639
9e8e77df
9e8c426e
9e8a15c0
9e87f1b4
9e85d627
9e83c2f8
9e81b805
9e7f6a5a
9e7b74a1
9e778ea0
9e73b817
9e6ff0cb
9e6c387d
9e688ef3
9e64f3f2
9e616740
9e5de8a5
9e5a77e9
9e5714d4
9e53bf30
9e5076c9
9e4d3b69
9e4a0cdc
9e46eaf1
9e43d574
9e40cc35
9e3dcf02
9e3addad
9e37f805
9e351dde
9e324f07
9e2f8b56
9e2cd29e
9e2a24b3
9e27816a
9e24e89a
9e225a18
9e1fd5bc
9e1d5b5d
9e1aead4
9e1883f9
9e1626a7
9e13d2b7
9e118805
9e0f466b
9e0d0dc6
9e0addf1
9e08b6cb
9e06982f
9e0481fe
9e027414
9e006e52
9dfce12e
9df8f586
9df5196d
9df14ca6
9ded8ef4
9de9e01b
9de63fe0
9de2ae09
9ddf2a5d
9ddbb4a3
9dd84ca5
9dd4f22c
9dd1a502
9dce64f3
9dcb31c9
9dc80b53
9dc4f15e
9dc1e3b8
9dbee230
9dbbec97
9db902bc
9db62471
9db35189
9db089d6
9dadcd2c
9dab1b5e
9da87442
9da5d7ae
9da34577
9da0bd75
9d9e3f7e
9d9bcb6c
9d996116
9d970056
9d94a907
9d925b02
9d901622
9d8dda44
9d8ba744
9d897cff
9d875b51
9d854219
9d833135
9d812884
9d7e4fcc
9d7a5e75
9d767cc4
9d72aa7a
9d6ee75c
9d6b332c
9d678daf
9d63f6ab
9d606de6
9d5cf329
9d59863b
9d5626e5
9d52d4f2
9d4f902c
9d4c585f
9d492d58
9d460ee4
9d42fcd0
9d3ff6ed
9d3cfd09
9d3a0ef5
9d372c82
9d345581
9d3189c7
9d2ec924
9d2c136f
9d29687b
9d26c81d
9d24322c
9d21a67e
9d1f24ea
9d1cad49
9d1a3f73
9d17db41
9d15808c
9d132f30
9d10e707
9d0ea7ec
9d0c71bb
9d0a4452
9d081f8d
9d06034a
9d03ef68
9d01e3c4
9cffc07e
9cfbc96f
9cf7e21d
9cf40a4a
9cf041b7
9cec8828
9ce8dd62
9ce54129
9ce1b345
9cde337c
9cdac197
9cd75d5d
9cd4069a
9cd0bd17
9ccd80a0
9cca5101
9cc72e07
9cc41780
9cc10d3b
9cbe0f06
9cbb1cb3
9cb83611
9cb55af3
9cb28b2a
9cafc68b
9cad0ce7
9caa5e15
9ca7b9e8
9ca52038
9ca290d9
9ca00ba3
9c9d906e
9c9b1f13
9c98b769
9c96594b
9c940492
9c91b91a
9c8f76bd
9c8d3d58
9c8b0cc7
9c88e4e6
9c86c594
9c84aeae
9c82a014
9c8099a3
9c7d3677
9c79497d
9c756c17
9c719e08
9c6ddf12
9c6a2efb
9c668d87
9c62fa7c
9c5f75a0
9c5bfebc
9c589598
9c5539fd
9c51ebb6
9c4eaa8e
9c4b7651
9c484ecb
9c4533ca
9c42251c
9c3f2291
9c3c2bf7
9c394121
9c3661df
9c338e03
9c30c560
9c2e07c9
9c2b5513
9c28ad12
9c260f9d
9c237c88
9c20f3ab
9c1e74dd
9c1bfff7
9c1994d0
9c173343
9c14db2a
9c128c5e
9c1046ba
9c0e0a1c
9c0bd65e
9c09ab5d
9c0788f7
9c056f0a
9c035d74
9c015414
9bfea591
9bfab2e5
9bf6cfe5
9bf2fc52
9bef37ee
9beb827e
9be7dbc7
9be4438d
9be0b997
9bdd3dad
9bd9cf97
9bd66f1e
9bd31c0c
9bcfd62c
9bcc9d4a
9bc97131
9bc651af
9bc33e93
9bc037ab
9bbd3cc6
9bba4db5
9bb76a48
9bb49253
9bb1c5a7
9baf0417
9bac4d78
9ba9a19d
9ba7005d
9ba4698c
9ba1dd02
9b9f5a97
9b9ce220
9b9a7378
9b980e78
9b95b2f8
9b9360d4
9b9117e5
9b8ed808
9b8ca119
9b8a72f4
9b884d76
9b86307d
9b841be7
9b820f93
9b800b5f
9b7c1e5a
9b7835b7
9b745c97
9b7092be
9b6cd7ed
9b692beb
9b658e7b
9b61ff64
9b5e7e6d
9b5b0b5e
9b57a600
9b544e1c
9b51037d
9b4dc5ee
9b4a953c
9b477134
9b4459a2
9b414e56
9b3e4f1f
9b3b5bcd
9b387431
9b35981d
9b32c761
9b3001d3
9b2d4744
9b2a978a
9b27f27a
9b2557e8
9b22c7ac
9b20419d
9b1dc592
9b1b5364
9b18eaea
9b168bff
9b14367e
9b11ea3f
9b0fa71f
9b0d6cfa
9b0b3bac
9b091311
9b06f308
9b04db6e
9b02cc21
9b00c502
9afd8bdd
9af99d90
9af5bedc
9af1ef84
9aee2f4c
9aea7df6
9ae6db48
9ae34709
9adfc0fd
9adc48ee
9ad8dea3
9ad581e7
9ad23282
9acef041
9acbbaef
9ac89259
9ac5764c
9ac26696
9abf6307
9abc6b6e
9ab97f9c
9ab69f61
9ab3ca91
9ab100fe
9aae427b
9aab8edc
9aa8e5f6
9aa6479e
9aa3b3ab
9aa129f3
9a9eaa4e
9a9c3493
9a99c89c
9a976642
9a950d5d
9a92bdca
9a907763
9a8e3a03
9a8c0587
9a89d9cb
9a87b6ad
9a859c0a
9a8389c2
9a817fb1
9a7efb73
9a7b0772
9a772322
9a734e44
9a6f889c
9a6bd1ec
9a6829f9
9a649088
9a610561
9a5d884b
9a5a190d
9a56b770
9a53633f
9a501c45
9a4ce24c
9a49b521
9a469492
9a43806c
9a40787e
9a3d7c98
9a3a8c8a
9a37a824
9a34cf39
9a32019b
9a2f3f1e
9a2c8794
9a29dad3
9a2738af
9a24a0ff
9a221399
9a1f9055
9a1d1709
9a1aa78f
9a1841c0
9a15e575
9a139288
9a1148d4
9a0f0835
9a0cd087
9a0aa1a5
9a087b6e
9a065dbe
9a044875
9a023b70
9a00368e
99fc7361
99f8896d
99f4af01
99f0e3e0
99ed27ce
99e97a8e
99e5dbe6
99e24b9c
99dec976
99db553e
99d7eeba
99d495b6
99d149fb
99ce0b54
99cad98f
99c7b477
99c49bdb
99c18f88
99be8f4e
99bb9afe
99b8b267
99b5d55b
99b303ad
99b03d2f
99ad81b4
99aad113
99a82b1e
99a58fac
99a2fe93
99a077a9
999dfac8
999b87c6
99991e7d
9996bec5
9994687a
99921b75
998fd792
998d9cad
998b6aa1
9989414c
9987208b
9985083c
9982f83e
9980f070
997de160
9979f1bf
997611bd
9972411c
996e7fa0
996acd0c
99672924
996393af
99600c74
995c9339
995927c7
9955c9e9
99527966
994f360c
994bffa5
9948d5fe
9945b8e4
9942a826
993fa393
993caafa
9939be2b
9936dcf9
99340734
99313cb0
992e7d40
992bc8b8
99291eec
99267fb2
9923eae0
9921604d
991edfd0
991c6942
9919fc79
99179951
99153fa2
9912ef48
9910a81c
990e69fb
990c34c0
990a0849
9907e472
9905c91a
9903b61e
9901ab5e
98ff5171
98fb5c1b
98f7767b
98f3a053
98efd964
98ec2174
98e87845
98e4dd9e
98e15145
98ddd301
98da629b
98d6ffda
98d3aa8a
98d06274
98cd2765
98c9f928
98c6d78b
98c3c25b
98c0b968
98bdbc80
98bacb74
98b7e615
98b50c34
98b23da4
98af7a38
98acc1c4
98aa141b
98a77115
98a4d885
98a24a43
989fc625
989d4c04
989adbb8
9898751a
98961802
9893c44d
989179d4
988f3872
988d0004
988ad066
9888a975
98868b0f
98847512
9882675c
988061cc
987cc885
9878dd3f
98750186
9871351e
986d77c9
9869c94c
9866296c
986297ee
985f1499
985b9f36
9858378d
9854dd68
98519090
984e50d2
984b1df9
9847f7d1
9844de29
9841d0cf
983ecf93
983bda43
9838f0b1
983612ae
9833400c
9830789f
982dbc39
982b0aae
982863d5
9825c782
9823358b
9820adc8
981e300f
981bbc3a
98195221
9816f19c
98149a87
98124cbc
98100815
980dcc6f
980b99a6
98096f96
98074e1e
9805351a
9803246a
98011bec
97fe36ff
97fa460a
97f664ba
97f292d0
97eed00f
97eb1c3c
97e7771a
97e3e070
97e05803
97dcdd9d
97d97104
97d61203
97d2c062
97cf7bee
97cc4472
97c919b9
97c5fb93
97c2e9cc
97bfe434
97bcea9b
97b9fcd0
97b71aa5
97b443eb
97b17876
97aeb819
97ac02a7
97a957f5
97a6b7d9
97a42229
97a196ba
979f1565
979c9e02
979a3068
9797cc72
979571f8
979320d6
9790d8e5
978e9a02
978c6409
978a36d6
97881247
9785f639
9783e28a
9781d719
977fa78d
977bb0e1
9777c9f1
9773f27d
97702a48
976c7117
9768c6ac
97652ace
97619d43
975e1dd1
975aac42
9757485d
9753f1ed
9750a8bc
974d6c95
974a3d46
97471a9a
97440461
9740fa67
973dfc7d
973b0a73
9738241a
97354943
973279c1
972fb566
972cfc07
972a4d78
9727a98d
9725101d
972280fe
971ffc08
971d8111
971b0ff2
9718a884
97164aa1
9713f623
9711aae4
970f68c0
970d2f92
970aff37
9708d78d
9706b86f
9704a1be
97029356
97008d18
96fd1dc6
96f9312d
96f55428
96f18678
96edc7e0
96ea1825
96e6770b
96e2e459
96df5fd5
96dbe948
96d88079
96d52532
96d1d73e
96ce9667
96cb6279
96c83b42
96c5208e
96c2122d
96bf0fed
96bc199e
96b92f10
96b65016
96b37c80
96b0b423
96adf6d1
96ab445e
96a89c9f
96a5ff6b
96a36c96
96a0e3f8
969e6569
969bf0c0
969985d6
96972484
9694cca5
96927e13
969038a8
968dfc42
968bc8bb
96899df0
96877bc0
96856207
968350a4
96814777
967e8cbc
967a9a73
9676b7d3
9672e49f
966f209a
966b6b87
9667c52a
96642d4a
9660a3ad
965d281a
9659ba5a
96565a35
96530776
964fc1e8
964c8955
96495d8c
96463e58
96432b89
964024ec
963d2a51
963a3b89
96375865
963480b7
9631b451
962ef306
962c3caa
96299112
9626f013
96245984
9621cd39
961f4b0c
961cd2d4
961a6469
9617ffa4
9615a45f
96135274
961109bf
960eca1a
960c9362
960a6573
9608402b
96062367
96040f05
960202e4
95fffdc5
95fc05c4
95f81d82
95f444c3
95f07b48
95ecc0d5
95e9152d
95e57818
95e1e95a
95de68ba
95daf601
95d790f8
95d43968
95d0ef1b
95cdb1dd
95ca817b
95c75dc1
95c4467c
95c13b7c
95be3c90
95bb4988
95b86234
95b58667
95b2b5f2
95aff0a8
95ad365e
95aa86e7
95a7e219
95a547c8
95a2b7cd
95a031fc
959db62f
959b443e
9598dc00
95967d51
95942809
9591dc04
958f991d
958d5f30
958b2e18
958905b3
9586e5df
9584ce79
9582bf60
9580b873
957d7323
95798538
9575a6e5
9571d7ec
956e1811
956a6718
9566c4c5
956330de
955fab2b
955c3373
9558c97d
95556d15
95521e03
954edc13
954ba711
95487ec9
9545630a
954253a1
953f505d
953c590e
95396d85
95368d92
9533b909
9530efbb
952e317c
952b7e21
9528d57d
95263767
9523a3b4
95211a3b
951e9ad5
951c2558
9519b99d
9517577e
9514fed4
9512af7b
9510694c
950e2c24
950bf7df
9509cc5a
9507a971
95058f03
95037cee
95017310
94fee295
94faeef7
94f70b08
94f3368a
94ef7140
94ebbaec
94e81355
94e47a3e
94e0ef70
94dd72b0
94da03c8
94d6a280
94d34ea2
94d007f9
94ccce51
94c9a175
94c68134
94c36d5b
94c065b9
94bd6a1d
94ba7a58
94b7963b
94b4bd97
94b1f03f
94af2e06
94ac76c0
94a9ca42
94a72860
94a490f1
94a203cb
949f80c5
949d07b8
949a987a
949832e7
9495d6d7
94938424
94913aa9
948efa42
948cc2cb
948a9420
94886e1f
948650a4
94843b8e
94822ebc
94802a0e
947c5ac3
94787130
94749724
9470cc62
946d10ad
946963c9
9465c57c
9462358a
945eb3bc
945b3fda
9457d9ab
945480fa
94513592
944df73c
944ac5c7
9447a0fd
944488ae
94417ca8
943e7cb9
943b88b2
9438a064
9435c39f
9432f237
94302bff
942d70c9
942ac06a
94281ab7
94257f86
9422eead
94206803
941deb60
941b789b
94190f8e
9416b012
94145a01
94120d36
940fc98b
940d8edd
940b5d08
940933e9
9407135e
9404fb43
9402eb78
9400e3dc
93fdc89e
93f9d95f
93f5f9be
93f2297c
93ee685e
93eab626
93e71299
93e37d7e
93dff69a
93dc7db6
93d9129a
93d5b50f
93d264e0
93cf21d7
93cbebc0
93c8c268
93c5a59c
93c2952a
93bf90e2
93bc9893
93b9ac0e
93b6cb23
93b3f5a6
93b12b67
93ae6c3c
93abb7f7
93a90e6e
93a66f75
93a3dae4
93a15091
939ed052
939c5a01
9399ed75
93978a88
93953114
9392e0f3
93909a00
938e5c17
938c2714
9389fad3
9387d732
9385bc0e
9383a946
93819eb9
937f388b
937b4398
93775e59
93738891
936fc201
936c0a6d
93686199
9364c74c
93613b4c
935dbd5f
935a4d4f
9356eae3
935395e6
93504e22
934d1363
9349e576
9346c427
9343af44
9340a69c
933da9ff
933ab93c
9337d426
9334fa8c
93322c42
932f691b
932cb0eb
932a0385
932760c0
9324c871
93223a6f
931fb690
931d3cad
931acc9e
9318663b
9316095f
9313b5e4
93116ba4
930f2a7b
930cf244
930ac2dd
93089c22
93067df0
93046827
93025aa4
93005547
92fcafde
92f8c4fa
92f4e9a2
92f11d98
92ed60a1
92e9b280
92e612f9
92e281d5
92defed8
92db89cb
92d82277
92d4c8a6
92d17c20
92ce3cb3
92cb0a2a
92c7e451
92c4caf6
92c1bde9
92bebcf7
92bbc7f1
92b8dea8
92b600ec
92b32e91
92b06769
92adab47
92aafa00
92a85369
92a5b757
92a325a1
92a09e1c
929e20a2
929bad0a
9299432d
9296e2e4
92948c09
92923e77
928ffa09
928dbe9b
928b8c09
9289622f
928740ec
9285281c
928317a0
92810f55
927e1e35
927a2da2
92764cb3
92727b28
926eb8c5
926b054e
92676087
9263ca37
92604223
925cc813
92595bd0
9255fd22
9252abd5
924f67b2
924c3086
9249061d
9245e844
9242d6ca
923fd17e
923cd82e
9239eaac
923708c9
92343257
92316728
922ea70f
922bf1e1
92294772
9226a797
92241227
922186f8
921f05e2
921c8ebc
921a215f
9217bda4
92156365
9213127c
9210cac5
920e8c1a
920c5658
920a295c
92080502
9205e928
9203d5ad
9201ca70
91ff8e9e
91fb9856
91f7b1c7
91f3dab3
91f012dd
91ec5a08
91e8aff9
91e51475
91e18742
91de0828
91da96ee
91d7335e
91d3dd41
91d09462
91cd588d
91ca298d
91c70730
91c3f143
91c0e795
91bde9f6
91baf836
91b81225
91b53795
91b26859
91afa444
91aceb28
91aa3cdc
91a79933
91a27125
919d71b5
919899a1
9193e7b5
918f5ac3
918af1a9
9186ab4c
9182869b
917d0517
91753c3b
916db0b0
91666092
915f4a0d
91586b5c
9151c2c7
914b4ea4
91450d55
913efd4b
91391d01
91336aff
912de5d9
91288c2e
91235ca6
911e55f7
911976dd
9114be22
91102a98
910bbb19
91076e89
910343d6
90fe73e9
90f69fc4
90ef0948
90e7ae90
90e08dc5
90d9a51e
90d2f2e2
90cc7563
90c62b03
90c0122f
90ba2960
90b46f1d
90aee1f6
90a98089
90a4497c
909f3b83
909a555a
909595c7
9090fb9a
908c85ad
908832e1
90840224
907fe4ce
90780550
907063d4
9068fe72
9061d352
905ae0a7
905424b5
904d9dce
90474a4f
904128a4
903b3744
903574b3
902fdf80
902a7646
902537aa
9020225d
901b3519
90166ea4
9011cdcb
900d5166
9008f856
9004c185
9000abe6
8ff96ce3
8ff1c057
8fea503c
8fe31ab7
8fdc1df9
8fd55844
8fcec7e7
8fc86b3c
8fc240ad
8fbc46b0
8fb67bc5
8fb0de7a
8fab6d67
8fa62731
8fa10a85
8f9c161d
8f9748bb
8f92a12d
8f8e1e47
8f89beea
8f8581fd
8f816671
8f7ad67e
8f731ed2
8f6ba3ef
8f6463f6
8f5d5d17
8f568d91
8f4ff3af
8f498dcc
8f435a4c
8f3d57a5
8f378454
8f31dee5
8f2c65ef
8f271813
8f21f3fe
8f1cf867
8f18240f
8f1375c1
8f0eec51
8f0a869d
8f06438b
8f02220a
8efc4226
8ef47f4a
8eecf98f
8ee5af13
8ede9e05
8ed7c49f
8ed1212b
8ecab200
8ec47584
8ebe6a25
8eb88e62
8eb2e0c4
8ead5fdf
8ea80a53
8ea2deca
8e9ddbf9
8e9900a1
8e944b89
8e8fbb85
8e8b4f71
8e870631
8e82deb4
8e7dafde
8e75e1c1
8e6e511e
8e66fc10
8e5fe0c3
8e58fd6f
8e52505b
8e4bd7dd
8e459256
8e3f7e34
8e3999f3
8e33e419
8e2e5b39
8e28fdf1
8e23cae9
8e1ec0d5
8e19de72
8e152288
8e108be6
8e0c1969
8e07c9f2
8e039c6f
8dff1fa7
8df7463a
8defaa9f
8de84af0
8de12555
8dda3805
8dd38143
8dccff63
8dc6b0c4
8dc093d3
8dbaa707
8db4e8e6
8daf5800
8da9f2f1
8da4b85f
8d9fa6fd
8d9abd85
8d95fabe
8d915d75
8d8ce485
8d888ecf
8d845b3d
8d8048c3
8d78acb7
8d710615
8d699bb5
8d626bbe
8d5b7462
8d54b3e5
8d4e2896
8d47d0d2
8d41ab04
8d3bb5a1
8d35ef2d
8d305635
8d2ae954
8d25a72e
8d208e73
8d1b9ddc
8d16d42d
8d123034
8d0db0c8
8d0954c9
8d051b20
8d0102bf
8cfa153d
8cf26383
8ceaee63
8ce3b400
8cdcb28b
8cd5e844
8ccf5378
8cc8f282
8cc2c3ca
8cbcc5c4
8cb6f6f0
8cb155db
8cabe11c
8ca69756
8ca17738
8c9c7f77
8c97aed8
8c930425
8c8e7e33
8c8a1be2
8c85dc19
8c81bdc8
8c7b7fcc
8c73c2eb
8c6c42fb
8c64fe1e
8c5df281
8c571e62
8c50800b
8c4a15d6
8c43de27
8c3dd771
8c380031
8c3256f3
8c2cda4b
8c2788db
8c22614e
8c1d625a
8c188abf
8c13d948
8c0f4cc8
8c0ae41c
8c069e2a
8c0279e0
8bfcec6a
8bf52451
8bed9982
8be64a1a
8bdf3446
8bd85641
8bd1ae52
8bcb3ad0
8bc4fa1e
8bbeeaab
8bb90af4
8bb35980
8badd4e4
8ba87bbe
8ba34cb8
8b9e4686
8b9967e6
8b94afa1
8b901c89
8b8bad78
8b876154
8b833709
8b7e5b18
8b7687b7
8b6ef1f8
8b6797f8
8b6077df
8b598fe4
8b52de4f
8b4c6173
8b4617b0
8b3fff74
8b3a1739
8b345d84
8b2ed0e8
8b297001
8b243977
8b1f2bfc
8b1a464d
8b158730
8b10ed76
8b0c77f8
8b082599
8b03f544
8affcbda
8af7ed20
8af04c63
8ae8e7ba
8ae1bd4c
8adacb4e
8ad41005
8acd89c1
8ac736e0
8ac115ce
8abb2502
8ab56301
8aafce59
8aaa65a6
8aa5278d
8aa012bf
8a9b25f7
8a965ff8
8a91bf93
8a8d439e
8a88eafb
8a84b493
8a809f59
8a795490
8a71a8c3
8a6a3962
8a630491
8a5c0882
8a554376
8a4eb3bc
8a4857b0
8a422dbc
8a3c3453
8a3669f9
8a30cd3a
8a2b5caf
8a2616fd
8a20fad1
8a1c06e5
8a1739fb
8a1292e0
8a0e106b
8a09b17b
8a0574f7
8a0159d2
89fabe08
89f3071d
89eb8cf4
89e44db0
89dd4781
89d678a5
89cfdf68
89c97a24
89c3473f
89bd452e
89b7726e
89b1cd8c
89ac551f
89a707c8
89a1e433
899ce918
89981539
8993675f
898ede61
898a791a
89863673
8982155a
897c298d
89746772
896ce273
896598ad
895e884f
8957af94
89510cc6
894a9e3c
8944625b
893e5793
89387c63
8932cf52
892d4ef6
8927f9ef
8922cee8
891dcc94
8918f1b5
89143d13
890fad81
890b41db
8906f906
8902d1f1
88fd9720
88f5c9c6
88ee39e0
88e6e58a
88dfcaee
88d8e846
88d23bd9
88cbc3fc
88c57f11
88bf6b87
88b987d9
88b3d28e
88ae4a38
88a8ed76
88a3baf0
889eb15a
8899cf71
889513fc
88907dce
888c0bbf
8887bcb4
88838f99
887f06c6
88772e1c
886f9340
88683449
88610f60
885a22bd
88536ca3
884ceb66
88469d64
8840810b
883a94d3
8834d741
882f46e6
8829e25e
8824a84f
881f976b
881aae6e
8815ec1d
88114f48
880cd6c8
8808817e
88044e55
88003c40
87f89477
87f0ee94
87e984ed
87e255a9
87db5efc
87d49f27
87ce147b
87c7bd56
87c19821
87bba353
87b5dd6f
87b04503
87aad8a9
87a59706
87a07eca
879b8eaf
8796c578
879221f3
878da2f7
87894765
87850e25
8780f62a
8779fcd9
87724bdf
876ad77a
87639dcb
875c9d05
8755d368
874f3f40
8748dee9
8742b0cc
873cb35b
8736e518
87314490
872bd059
87268717
87216778
871c7034
8717a00d
8712f5ce
870e704e
870a0e6b
8705cf0b
8701b121
86fb6746
86f3ab25
86ec2bf1
86e4e7c9
86dddcdc
86d70967
86d06bb6
86ca0221
86c3cb0d
86bdc4ed
86b7ee40
86b2458f
86acc970
86a77885
86a25178
869d5301
86987bdf
8693cadd
868f3ecf
868ad691
86869109
86826d27
867cd3c0
86750c69
866d8256
866633a5
865f1e82
86584128
865199df
864b26fe
8644e6e8
863ed80c
8638f8e8
86334803
862dc3f0
86286b50
86233ccb
861e3716
861958f0
8614a121
86100e7b
860b9fd9
86075420
86032a3d
85fe424a
85f66fac
85eedaab
85e78162
85e061fb
85d97aad
85d2c9bf
85cc4d84
85c6045e
85bfecba
85ba0513
85b44bed
85aebfdc
85a95f7b
85a42973
859f1c76
859a3742
8595789b
8590df54
858c6a46
85881852
8583e866
857fb2e8
8577d4f2
857034f4
8568d103
8561a748
855ab5f8
8553fb57
854d75b5
85472372
854102f9
853b12c2
85355151
852fbd34
852a5508
85251772
85200323
851b16d5
8516514e
8511b15c
850d35d7
8508dda1
8504a7a2
850092ce
84f93c3f
84f19132
84ea228b
84e2ee6d
84dbf30d
84d52eaa
84ce9f94
84c84427
84c21acc
84bc21f9
84b6582f
84b0bbfc
84ab4bf9
84a606ca
84a0eb1e
849bf7ad
84972b3b
84928495
848e0290
8489a40d
848567f4
84814d35
847aa594
8472ef69
846b75fc
8464376d
845d31ed
845663ba
844fcb22
8449667e
84433434
843d32b8
8437608a
8431bc35
842c4451
8426f77e
8421d469
841cd9cb
84180664
841358ff
840ed072
840a6b99
8406295c
840208aa
83fc10f5
83f44f9d
83eccb59
83e58249
83de729b
83d79a8b
83d0f863
83ca8a7a
83c44f34
83be4503
83b86a65
83b2bde2
83ad3e10
83a7e98e
83a2bf07
839dbd31
8398e2cb
83942e9e
838f9f7e
838b3447
8386ebdd
8382c52f
837d7e65
8375b1ce
836e22a5
8366cf05
835fb51b
8358d31e
83522758
834bb01d
83456bcf
833f58dc
833975c1
8333c105
832e3939
8328dcfd
8323aaf9
831ea1e0
8319c071
83150573
83106fb6
830bfe17
8307af78
830382c5
82feede7
82f71601
82ef7be2
82e81da4
82e0f96d
82da0d77
82d35805
82ccd76a
82c68a06
82c06e45
82ba82a1
82b4c59f
82af35ce
82a9d1cd
82a49840
829f87db
829a9f58
8295dd7e
8291411d
828cc90c
8288742e
8284416e
82802fbf
82787c39
8270d715
82696e27
82623f97
825b4997
82548a6b
824e0063
8247a9db
82418540
823b9106
8235cbb2
823033d2
822ac800
822586e0
82206f23
821b7f83
8216b6c3
821213b2
820d9527
82093a02
8205012b
8200e996
81f9e478
81f2343e
81eac093
81e38799
81dc8781
81d5be8d
81cf2b0a
81c8cb53
81c29dcf
81bca0f4
81b6d342
81b13346
81abbf98
81a676da
81a157bb
819c60f3
81979144
8192e779
818e626a
818a00f4
8185c1ff
8181a47b
817b4ec1
81739362
816c14e9
8164d176
815dc739
8156f46f
81505763
8149ee6e
8143b7f5
813db26c
8137dc50
8132342c
812cb896
81276830
812241a4
811d43a9
81186d00
8113bc74
810f30d7
810ac907
810683ea
8102606e
80fcbb18
80f4f483
80ed6b2c
80e61d32
80df08c0
80d82c11
80d1856f
80cb132e
80c4d3b4
80bec570
80b8e6de
80b33687
80adb2fe
80a85ae3
80a32ce0
809e27a8
809949fc
809492a2
8090006f
808b923c
808746ee
80831d72
807f14bf
807b2bd2
807761b0
8073b567
8070260c
806cb2bc
80695a98
80661ccc
8062f887
805fed01
805cf977
805a1d2c
80575768
8054a77b
80520cb8
804f8679
804d141c
804ab504
8048689a
80462e4a
80440586
8041edc4
803fe67e
803def32
803c0762
803a2e94
80386452
8036a829
8034f9ab
8033586b
8031c402
80303c0a
802ec021
802d4fe8
802beb04
802a911b
802941d6
8027fce2
8026c1ed
802590a9
802468ca
80234a04
80223412
802126ad
80202191
801f247e
801e2f34
801d4177
801c5b09
801b7bb3
801aa33c
8019d16e
80190614
801840fc
801781f4
8016c8cd
80161558
80156769
8014bed3
80141b6e
80137d0f
8012e390
80124ec9
8011be97
801132d4
8010ab5e
80102813
800fa8d2
800f2d7c
800eb5f0
800e4213
800dd1c6
800d64ed
800cfb6e
800c952e
800c3213
800bd204
800b74eb
800b1aae
800ac338
800a6e73
800a1c4a
8009cca8
80097f79
800934aa
8008ec28
8008a5e2
800861c4
80081fc0
8007dfc3
8007a1be
800765a2
80072b5f
8006f2e7
8006bc2c
80068720
800653b6
800621e0
8005f194
8005c2c3
80059564
80056969
80053ec9
80051579
8004ed6e
8004c69f
8004a101
80047c8c
80045936
800436f6
800415c3
8003f597
8003d667
8003b82e
80039ae2
80037e7d
800362f8
8003484b
80032e71
80031562
8002fd19
8002e58f
8002cebe
8002b8a1
8002a332
80028e6c
80027a4a
800266c6
800253dc
80024187
80022fc2
80021e89
80020dd8
8001fdaa
8001edfc
8001dec9
8001d00e
8001c1c7
8001b3f0
8001a687
80019987
80018ced
800180b7
800174e1
80016968
80015e49
80015382
80014910
80013ef1
80013521
80012b9e
80012266
80011977
800110ce
80010869
80010046
8000f864
8000f0c0
8000e957
8000e22a
8000db34
8000d476
8000cdec
8000c796
8000c172
8000bb7f
8000b5ba
8000b023
8000aab7
8000a577
8000a05f
80009b70
800096a8
80009205
80008d87
8000892d
800084f4
800080dd
80007ce6
8000790e
80007555
800071b9
80006e39
80006ad5
8000678b
8000645c
80006145
80005e47
80005b61
80005891
800055d7
80005333
800050a4
80004e29
80004bc1
8000496d
8000472a
800044fa
800042da
800040cc
80003ece
80003cdf
80003aff
8000392f
8000376c
800035b8
80003411
80003277
800030e9
80002f68
80002df3
80002c89
80002b2a
800029d6
8000288c
8000274d
80002618
800024ec
800023c9
800022af
8000219e
80002095
80001f94
80001e9c
80001dab
80001cc1
80001bde
80001b03
80001a2e
80001960
80001898
800017d6
8000171b
80001665
800015b4
80001509
80001464
800013c3
80001327
80001291
800011fe
80001171
800010e7
80001062
80000fe1
80000f64
80000eeb
80000e75
80000e03
80000d95
80000d2a
80000cc2
80000c5e
80000bfc
80000b9e
80000b43
80000aea
80000a94
80000a41
800009f0
800009a2
80000956
8000090c
800008c5
80000880
8000083d
800007fc
800007bd
80000780
80000745
8000070c
800006d4
8000069f
8000066a
80000638
80000607
800005d7
800005a9
8000057d
80000552
80000528
800004ff
800004d8
800004b2
8000048d
80000469
80000446
80000424
80000404
800003e4
800003c6
800003a8
8000038b
8000036f
80000354
8000033a
80000320
80000308
800002f0
800002d9
800002c2
800002ad
80000298
80000283
8000026f
8000025c
8000024a
80000238
80000226
80000215
80000205
800001f5
800001e6
800001d7
800001c8
800001ba
800001ac
8000019f
80000192
80000186
8000017a
8000016e
80000163
80000158
8000014e
80000143
80000139
80000130
80000126
8000011d
80000115
8000010c
80000104
800000fc
800000f4
800000ed
800000e5
800000de
800000d7
800000d1
800000ca
800000c4
800000be
800000b8
800000b3
800000ad
800000a8
800000a3
8000009e
80000099
80000094
80000090
8000008b
80000087
80000083
8000007f
8000007b
80000077
80000073
80000070
8000006c
80000069
80000066
80000063
80000060
8000005d
8000005a
80000057
80000054
80000052
8000004f
8000004d
8000004a
80000048
80000046
80000044
80000042
80000040
8000003e
8000003c
8000003a
80000038
80000036
80000035
80000033
80000032
80000030
8000002f
8000002d
8000002c
8000002a
80000029
80000028
80000027
80000025
80000024
80000023
80000022
80000021
80000020
8000001f
8000001e
8000001d
8000001c
8000001b
8000001b
8000001a
80000019
80000018
80000017
80000017
80000016
80000015
80000015
80000014
80000013
80000013
80000012
80000012
80000011
80000011
80000010
80000010
8000000f
8000000f
8000000e
8000000e
8000000d
8000000d
8000000d
8000000c
8000000c
8000000b
8000000b
8000000b
8000000a
8000000a
8000000a
80000009
80000009
80000009
80000009
80000008
80000008
80000008
80000008
80000007
80000007
80000007
80000007
80000007
80000006
80000006
80000006
80000006
80000006
80000005
80000005
80000005
80000005
80000005
80000005
80000004
80000004
80000004
80000004
80000004
80000004
80000004
80000004
80000003
80000003
80000003
80000003
80000003
80000003
80000003
80000003
80000003
80000003
80000003
80000002
80000002
80000002
80000002
80000002
80000002
80000002
80000002
80000002
80000002
80000002
80000002
80000002
80000002
80000002
80000002
80000001
80000001
80000001
80000001
80000001
80000001
80000001
80000001
80000001
80000001
80000001
80000001
80000001
80000001
80000001
80000001
80000001
80000001
80000001
80000001
80000001
80000001
80000001
80000001
80000001
80000001
80000001
80000001
80000001
80000001
80000001
80000001
80000001
80000001
80000001
80000001
80000000
80000000
80000000
80000000
80000000
80000000
80000000
80000000
80000000
80000000
80000000
80000000
80000000
80000000
80000000
80000000
80000000
80000000
80000000
80000000
80000000
80000000
80000000
80000000
80000000
80000000
80000000
80000000
80000000
80000000
80000000
80000000
80000000
80000000
80000000
80000000
80000000
80000000
80000000
80000000
80000000
80000000
80000000
80000000
80000000
80000000
80000000
80000000
80000000
80000000
80000000
80000000
80000000
80000000
80000000
80000000
80000000
80000000
80000000
80000000
80000000
80000000
80000000
80000000
80000000
80000000
80000000
80000000
80000000
80000000
80000000
80000000
80000000
80000000
80000000
80000000
80000000
80000000
80000000
80000000
80000000
80000000
80000000
80000000
80000000
80000000
80000000
80000000
80000000
80000000
80000000
80000000
80000000
80000000
80000000
80000000
80000000
80000000
80000000
80000000
80000000
80000000
80000000
80000000
80000000
80000000
80000000
80000000
80000000
80000000
80000000
80000000
80000000
80000000
80000000
80000000
80000000
80000000
80000000
80000000
80000000
80000000
80000000
80000000
80000000
80000000
80000000
80000000
80000000
80000000
80000000
80000000
80000000
80000000
80000000
80000000
80000000
80000000
80000000
80000000
80000000
80000000
80000000
80000000
80000000
80000000
80000000
80000000
80000000
80000000
80000000
80000000
80000000
80000000
80000000
80000000
80000000
80000000
80000000
80000000
80000000
80000000
80000000
80000000
80000000
80000000
80000000
80000000
80000000
80000000
80000000
80000000
80000000
80000000
80000000
80000000
80000000
80000000
80000000
80000000
80000000
80000000
80000000
80000000
80000000
80000000
80000000
80000000
80000000
80000000
80000000
80000000
80000000
80000000
80000000
80000000
80000000
80000000
80000000
80000000
80000000
80000000
80000000
80000000
80000000
80000000
80000000
80000000
80000000
80000000
80000000
80000000
80000000
80000000
80000000
80000000
80000000
80000000
80000000
80000000
80000000
80000000
80000000
80000000
80000000
80000000
80000000
80000000
80000000
80000000
80000000
80000000
80000000
80000000
80000000
80000000
80000000
80000000
80000000
80000000
80000000
80000000
80000000
80000000
80000000
80000000
80000000
80000000
80000000
80000000
80000000
80000000
80000000
80000000
80000000
80000000
80000000
80000000
80000000
80000000
80000000
80000000
80000000
80000000
80000000
80000000
80000000
80000000
80000000
80000000
80000000
80000000
80000000
80000000
80000000
80000000
80000000
80000000
80000000
80000000
80000000
80000000
80000000
80000000
80000000
80000000
80000000
80000000
80000000
80000000
80000000
80000000
80000000
80000000
80000000
80000000
80000000
80000000
80000000
80000000
80000000
80000000
80000000
80000000
80000000
80000000
80000000
80000000
80000000
80000000
80000000
80000000
80000000
80000000
80000000
80000000
80000000
80000000
80000000
80000000
80000000
80000000
80000000
80000000
80000000
80000000
80000000
80000000
80000000
80000000
80000000
80000000
80000000
80000000
80000000
80000000
80000000
80000000
80000000
80000000
80000000
80000000
80000000
80000000
80000000
80000000
80000000
80000000
80000000
80000000
80000000
80000000
80000000
80000000
80000000
80000000
80000000
80000000
80000000
80000000
80000000
80000000
80000000
80000000
80000000
80000000
80000000
80000000
80000000
80000000
80000000
80000000
80000000
80000000
80000000
80000000
80000000
80000000
80000000
80000000
80000000
80000000
80000000
80000000
80000000
80000000
80000000
80000000
80000000
80000000
80000000
80000000
80000000
80000000
80000000
80000000
80000000
80000000
80000000
80000000
80000000
80000000
80000000
80000000
80000000
80000000
80000000
80000000
80000000
80000000
80000000
80000000
80000000
80000000
80000000
80000000
80000000
80000000
80000000
80000000
80000000
80000000
80000000
80000000
80000000
80000000
80000000
80000000
80000000
80000000
80000000
80000000
80000000
80000000
80000000
80000000
80000000
80000000
80000000
80000000
80000000
80000000
80000000
80000000
80000000
80000000
80000000
80000000
80000000
80000000
80000000
80000000
80000000
80000000
80000000
80000000
80000000
80000000
80000000
80000000
80000000
80000000
80000000
80000000
80000000
80000000
80000000
80000000
80000000
80000000
80000000
80000000
80000000
80000000
80000000
80000000
80000000
80000000
80000000
80000000
80000000
80000000
80000000
80000000
80000000
80000000
80000000
80000000
80000000
80000000
80000000
80000000
80000000
80000000
80000000
80000000
80000000
80000000
80000000
80000000
80000000
80000000
80000000
80000000
80000000
80000000
80000000
80000000
80000000
80000000
80000000
80000000
80000000
80000000
80000000
80000000
80000000
80000000
80000000
80000000
80000000
80000000
80000000
80000000
80000000
80000000
80000000
80000000
80000000
80000000
80000000
80000000
80000000
80000000
80000000
80000000
80000000
80000000
80000000
80000000
80000000
80000000
80000000
80000000
80000000
80000000
80000000
80000000
80000000
80000000
80000000
80000000
80000000
80000000
80000000
80000000
80000000
80000000
80000000
80000000
80000000
80000000
80000000
80000000
80000000
80000000
80000000
80000000
80000000
80000000
80000000
80000000
80000000
80000000
80000000
80000000
80000000
80000000
80000000
80000000
80000000
80000000
80000000
80000000
80000000
80000000
80000000
80000000
80000000
80000000
80000000
80000000
80000000
80000000
80000000
80000000
80000000
80000000
80000000
80000000
80000000
80000000
80000000
80000000
80000000
80000000
80000000
80000000
80000000
80000000
80000000
80000000
80000000
80000000
80000000
80000000
80000000
80000000
80000000
80000000
80000000
80000000
80000000
80000000
80000000
80000000
80000000
80000000
80000000
80000000
80000000
80000000
80000000
80000000
80000000
80000000
80000000
80000000
80000000
80000000
80000000
80000000
80000000
80000000
80000000
80000000
80000000
80000000
80000000
80000000
80000000
80000000
80000000
80000000
80000000
80000000
80000000
80000000
80000000
80000000
80000000
80000000
80000000
80000000
80000000
80000000
80000000
80000000
80000000
80000000
80000000
80000000
80000000
80000000
80000000
80000000
80000000
80000000
80000000
80000000
80000000
80000000
80000000
80000000
80000000
80000000
80000000
80000000
80000000
80000000
80000000
80000000
80000000
80000000
80000000
80000000
80000000
80000000
80000000
80000000
80000000
80000000
80000000
80000000
80000000
80000000
80000000
80000000
80000000
80000000
80000000
80000000
80000000
80000000
80000000
80000000
80000000
80000000
80000000
80000000
80000000
80000000
80000000
80000000
80000000
80000000
80000000
80000000
80000000
80000000
80000000
80000000
80000000
80000000
80000000
80000000
80000000
80000000
80000000
80000000
80000000
80000000
80000000
80000000
80000000
80000000
80000000
80000000
80000000
80000000
80000000
80000000
